{"type":"FeatureCollection","features":[{"type":"Feature","id":"DESNATP1DF000092","properties":{"id":"DESNATP1DF000092","height_m":3.141,"ground_m":259.324,"height_source":"LoD1 solid top minus bottom","production":"2024","laser":"2016","footprints":"2022"},"geometry":{"type":"Polygon","coordinates":[[[13.60659483565383,51.069057902365095],[13.60654377403308,51.06900060204376],[13.606465928310461,51.069028145595446],[13.606516990134045,51.06908543696029],[13.60659483565383,51.069057902365095]]]}},{"type":"Feature","id":"DESNATP1DF0000C4","properties":{"id":"DESNATP1DF0000C4","height_m":2.565,"ground_m":194.549,"height_source":"LoD1 solid top minus bottom","production":"2024","laser":"2016","footprints":"2022"},"geometry":{"type":"Polygon","coordinates":[[[13.62856250964558,51.08017111394599],[13.628553965642729,51.080135608587256],[13.628497799659705,51.08014097483504],[13.628506243452573,51.08017648801513],[13.62856250964558,51.08017111394599]]]}},{"type":"Feature","id":"DESNATPU1000Fj4s","properties":{"id":"DESNATPU1000Fj4s","height_m":2.466,"ground_m":199.005,"height_source":"LoD1 solid top minus bottom","production":"2024","laser":"2016","footprints":"2022"},"geometry":{"type":"Polygon","coordinates":[[[13.628777572474137,51.079859199724005],[13.628789859483984,51.07992166477649],[13.628860690108738,51.07991620062414],[13.628848403004653,51.07985373557832],[13.628777572474137,51.079859199724005]]]}},{"type":"Feature","id":"DESNATPU1000IJwD","properties":{"id":"DESNATPU1000IJwD","height_m":2.267,"ground_m":147.139,"height_source":"LoD1 solid top minus bottom","production":"2024","laser":"2016","footprints":"2022"},"geometry":{"type":"Polygon","coordinates":[[[13.62254905591163,51.08320741267253],[13.622567227148771,51.08326859877839],[13.622621671396413,51.083262225856714],[13.622619458660528,51.08325500544963],[13.622602355611056,51.083201116201785],[13.62254905591163,51.08320741267253]]]}},{"type":"Feature","id":"DESNATPU1000E0gi","properties":{"id":"DESNATPU1000E0gi","height_m":8.875,"ground_m":251.442,"height_source":"LoD1 solid top minus bottom","production":"2024","laser":"2016","footprints":"2022"},"geometry":{"type":"Polygon","coordinates":[[[13.608279056111863,51.06855624338141],[13.608358329625323,51.068616181054836],[13.608395163613038,51.06859683513685],[13.608528589543203,51.0686977058606],[13.60853134361096,51.06869629977692],[13.60861864726293,51.06865030600133],[13.608605106502454,51.068640162629414],[13.608429246796046,51.068507401379016],[13.608339191862328,51.068554711196725],[13.60831574470755,51.06853698568657],[13.608284130811745,51.068553605923555],[13.608279056111863,51.06855624338141]]]}},{"type":"Feature","id":"DESNATP1DF0000AB","properties":{"id":"DESNATP1DF0000AB","height_m":2.596,"ground_m":238.753,"height_source":"LoD1 solid top minus bottom","production":"2024","laser":"2016","footprints":"2022"},"geometry":{"type":"Polygon","coordinates":[[[13.601285770235927,51.080592618250456],[13.6012809955778,51.08052749721091],[13.601141860314627,51.08053154270445],[13.601146634777576,51.08059666374811],[13.601285770235927,51.080592618250456]]]}},{"type":"Feature","id":"DESNATPU1000EboD","properties":{"id":"DESNATPU1000EboD","height_m":6.644,"ground_m":160.175,"height_source":"LoD1 solid top minus bottom","production":"2024","laser":"2016","footprints":"2022"},"geometry":{"type":"Polygon","coordinates":[[[13.61290580200034,51.07895474263517],[13.612991785680267,51.07897248982168],[13.61302496185181,51.07890858403926],[13.612938509813015,51.07889218025828],[13.61290580200034,51.07895474263517]]]}},{"type":"Feature","id":"DESNATP1iE00009o","properties":{"id":"DESNATP1iE00009o","height_m":2.928,"ground_m":259.727,"height_source":"LoD1 solid top minus bottom","production":"2024","laser":"2016","footprints":"2022"},"geometry":{"type":"Polygon","coordinates":[[[13.606464780144567,51.06758509594312],[13.606427599538666,51.067536621267934],[13.6063741009123,51.06755291709622],[13.606411295742404,51.067601391958085],[13.606464780144567,51.06758509594312]]]}},{"type":"Feature","id":"DESNATP1DF00009O","properties":{"id":"DESNATP1DF00009O","height_m":5.866,"ground_m":260.695,"height_source":"LoD1 solid top minus bottom","production":"2024","laser":"2016","footprints":"2022"},"geometry":{"type":"Polygon","coordinates":[[[13.6069285623196,51.067059743801885],[13.60687521853309,51.0669753566022],[13.606726518974659,51.06701267642234],[13.606779876528593,51.0670970728474],[13.6069285623196,51.067059743801885]]]}},{"type":"Feature","id":"UUID_ef781e82-b65f-4d48-84f2-fbad2e027dd3","properties":{"id":"UUID_ef781e82-b65f-4d48-84f2-fbad2e027dd3","height_m":7.876,"ground_m":238.5,"height_source":"LoD1 solid top minus bottom","production":"2024","laser":"2016","footprints":"2022"},"geometry":{"type":"Polygon","coordinates":[[[13.602635160581642,51.08060249856738],[13.602683570200162,51.08060117977206],[13.602684762768865,51.08061846046656],[13.602696293565199,51.08061814866191],[13.602719926837597,51.080617504904225],[13.602718734255802,51.08060022421001],[13.602767815722762,51.08059887743936],[13.602760026525242,51.08048589599735],[13.602687311971687,51.08048788652206],[13.602627357164527,51.08048952593819],[13.602630042560296,51.08052833558474],[13.602635160581642,51.08060249856738]]]}},{"type":"Feature","id":"UUID_d0e6fc4d-7ac9-4776-8306-525bdc98bc91","properties":{"id":"UUID_d0e6fc4d-7ac9-4776-8306-525bdc98bc91","height_m":5.356,"ground_m":238.5,"height_source":"LoD1 solid top minus bottom","production":"2024","laser":"2016","footprints":"2022"},"geometry":{"type":"Polygon","coordinates":[[[13.602627357164527,51.08048952593819],[13.602596665364478,51.080490364072894],[13.602599350734584,51.080529173719924],[13.602630042560296,51.08052833558474],[13.602627357164527,51.08048952593819]]]}},{"type":"Feature","id":"DESNATPU1000HcN8","properties":{"id":"DESNATPU1000HcN8","height_m":2.524,"ground_m":251.242,"height_source":"LoD1 solid top minus bottom","production":"2024","laser":"2016","footprints":"2022"},"geometry":{"type":"Polygon","coordinates":[[[13.622123749380373,51.07015914902807],[13.62213224496141,51.07020951969463],[13.622201610553203,51.070204851720554],[13.622201658607695,51.07020323355852],[13.622196407351874,51.07015416015335],[13.622123749380373,51.07015914902807]]]}},{"type":"Feature","id":"DESNATP1DF0000Bz","properties":{"id":"DESNATP1DF0000Bz","height_m":3.151,"ground_m":203.818,"height_source":"LoD1 solid top minus bottom","production":"2024","laser":"2016","footprints":"2022"},"geometry":{"type":"Polygon","coordinates":[[[13.625379479844938,51.080284967398306],[13.625259786381367,51.080275735889245],[13.625256879572806,51.080278435549225],[13.625250711729452,51.080276519459666],[13.625241493283415,51.08029804800239],[13.625346286814182,51.08030615105244],[13.625345546030113,51.08031043196285],[13.62537540294326,51.08031221296229],[13.625376629629692,51.080304061817934],[13.625379479844938,51.080284967398306]]]}},{"type":"Feature","id":"DESNATP1iE0000Af","properties":{"id":"DESNATP1iE0000Af","height_m":8.218,"ground_m":249.099,"height_source":"LoD1 solid top minus bottom","production":"2024","laser":"2016","footprints":"2022"},"geometry":{"type":"Polygon","coordinates":[[[13.601779435948663,51.076710768630235],[13.601779286928696,51.07670860854129],[13.601791046439452,51.07670825460102],[13.601788549570532,51.076675058759044],[13.601776504387765,51.076675418274625],[13.601775789451167,51.07666598511797],[13.601701459895287,51.07666823446765],[13.601704875012347,51.076713114136844],[13.601779435948663,51.076710768630235]]]}},{"type":"Feature","id":"UUID_c2beb0f6-1828-4d05-af70-229f0bc83c1e","properties":{"id":"UUID_c2beb0f6-1828-4d05-af70-229f0bc83c1e","height_m":4.059,"ground_m":120.938,"height_source":"LoD1 solid top minus bottom","production":"2024","laser":"2016","footprints":"2022"},"geometry":{"type":"Polygon","coordinates":[[[13.625958648054127,51.08334132889389],[13.625970581225454,51.08336503959377],[13.626044627822345,51.083350972741286],[13.626027620602779,51.08332407287326],[13.625958648054127,51.08334132889389]]]}},{"type":"Feature","id":"UUID_9dda48fb-cc47-47be-a52d-0eb609ff4695","properties":{"id":"UUID_9dda48fb-cc47-47be-a52d-0eb609ff4695","height_m":3.336,"ground_m":120.938,"height_source":"LoD1 solid top minus bottom","production":"2024","laser":"2016","footprints":"2022"},"geometry":{"type":"Polygon","coordinates":[[[13.625982491554513,51.08325266924895],[13.626027620602779,51.08332407287326],[13.626044627822345,51.083350972741286],[13.626106484170048,51.08333921762869],[13.626081259822424,51.08328654641792],[13.626091397040366,51.083284615184276],[13.626068283299949,51.083236366312555],[13.625982491554513,51.08325266924895]]]}},{"type":"Feature","id":"DESNATPU1000GhNc","properties":{"id":"DESNATPU1000GhNc","height_m":8.49,"ground_m":244.979,"height_source":"LoD1 solid top minus bottom","production":"2024","laser":"2016","footprints":"2022"},"geometry":{"type":"Polygon","coordinates":[[[13.60228349931535,51.07755812304669],[13.602316083115628,51.07737362679775],[13.60219450276796,51.07736487063675],[13.602160052458094,51.077549704249975],[13.60228349931535,51.07755812304669]]]}},{"type":"Feature","id":"DESNATP1DF0000Aq","properties":{"id":"DESNATP1DF0000Aq","height_m":3.033,"ground_m":172.537,"height_source":"LoD1 solid top minus bottom","production":"2024","laser":"2016","footprints":"2022"},"geometry":{"type":"Polygon","coordinates":[[[13.609092384656316,51.078353060762645],[13.6090698566241,51.078389726666856],[13.609173601552115,51.07841971158343],[13.609196170238468,51.07838121158476],[13.609092384656316,51.078353060762645]]]}},{"type":"Feature","id":"DESNATPU1000FxIc","properties":{"id":"DESNATPU1000FxIc","height_m":7.196,"ground_m":261.569,"height_source":"LoD1 solid top minus bottom","production":"2024","laser":"2016","footprints":"2022"},"geometry":{"type":"Polygon","coordinates":[[[13.608206053657991,51.06719761839087],[13.60826411434501,51.06726045107437],[13.608325450052595,51.06723788968572],[13.608462838695257,51.0671874563374],[13.608430210556742,51.067152265137324],[13.608404632454718,51.06712471194912],[13.608297408330897,51.06716399343878],[13.608206053657991,51.06719761839087]]]}},{"type":"Feature","id":"UUID_c30ad1cd-fcbb-4ddf-a0fa-47ec55c94cf4","properties":{"id":"UUID_c30ad1cd-fcbb-4ddf-a0fa-47ec55c94cf4","height_m":3.0,"ground_m":241.663,"height_source":"LoD1 solid top minus bottom","production":"2024","laser":"2016","footprints":"2022"},"geometry":{"type":"Polygon","coordinates":[[[13.60386581320744,51.08177944210704],[13.603778621783544,51.0817780409342],[13.603776254806837,51.08180971275312],[13.603864278869757,51.081811438625294],[13.60386581320744,51.08177944210704]]]}},{"type":"Feature","id":"UUID_caa83f27-a40c-4b45-b64a-6956e96ae9b8","properties":{"id":"UUID_caa83f27-a40c-4b45-b64a-6956e96ae9b8","height_m":7.244,"ground_m":241.663,"height_source":"LoD1 solid top minus bottom","production":"2024","laser":"2016","footprints":"2022"},"geometry":{"type":"Polygon","coordinates":[[[13.603910937695622,51.08181235563142],[13.603864278869757,51.081811438625294],[13.603776254806837,51.08180971275312],[13.603776228355484,51.08181011711919],[13.60377683297407,51.08181848776981],[13.603760955070085,51.081824233445815],[13.603760348804853,51.08184437037589],[13.60377368434966,51.08184956571111],[13.603775589427736,51.081850307901725],[13.603773997462886,51.08188895850136],[13.60390772422315,51.08189064570349],[13.603907977900743,51.08188696163053],[13.603907877996127,51.0818869604373],[13.603909323383554,51.08185175237924],[13.603910443903422,51.08182449019431],[13.603910286910667,51.08182448831924],[13.603910937695622,51.08181235563142]]]}},{"type":"Feature","id":"UUID_934d4c0d-e1c2-441b-9ccf-8367bdb99bc6","properties":{"id":"UUID_934d4c0d-e1c2-441b-9ccf-8367bdb99bc6","height_m":5.94,"ground_m":241.663,"height_source":"LoD1 solid top minus bottom","production":"2024","laser":"2016","footprints":"2022"},"geometry":{"type":"Polygon","coordinates":[[[13.603907977900743,51.08188696163053],[13.603970198792407,51.08188788462201],[13.603972375822432,51.08182505001624],[13.603910443903422,51.08182449019431],[13.603907877996127,51.0818869604373],[13.603907977900743,51.08188696163053]]]}},{"type":"Feature","id":"DESNATP1iE0000CH","properties":{"id":"DESNATP1iE0000CH","height_m":3.452,"ground_m":236.691,"height_source":"LoD1 solid top minus bottom","production":"2024","laser":"2016","footprints":"2022"},"geometry":{"type":"Polygon","coordinates":[[[13.605344348044628,51.07822428027013],[13.605333569407048,51.078129806749416],[13.605244137398676,51.07813382962712],[13.605248863176932,51.07819790674387],[13.605253641695663,51.078226048709126],[13.605344348044628,51.07822428027013]]]}},{"type":"Feature","id":"DESNATPU1000IV84","properties":{"id":"DESNATPU1000IV84","height_m":2.38,"ground_m":218.897,"height_source":"LoD1 solid top minus bottom","production":"2024","laser":"2016","footprints":"2022"},"geometry":{"type":"Polygon","coordinates":[[[13.616459397840343,51.082498254532595],[13.616461787586847,51.08255215042534],[13.616547354167123,51.082550645161064],[13.616545107044697,51.0824967509585],[13.616459397840343,51.082498254532595]]]}},{"type":"Feature","id":"UUID_1699f324-c750-40a6-87af-34c10a025d67","properties":{"id":"UUID_1699f324-c750-40a6-87af-34c10a025d67","height_m":5.207,"ground_m":155.496,"height_source":"LoD1 solid top minus bottom","production":"2024","laser":"2016","footprints":"2022"},"geometry":{"type":"Polygon","coordinates":[[[13.614670066382264,51.07923965324846],[13.614709083801795,51.07926689661318],[13.614753742008581,51.07924150825149],[13.614741952651862,51.07923328389047],[13.614670066382264,51.07923965324846]]]}},{"type":"Feature","id":"UUID_6e076f54-c652-47b0-a152-039c7fe04e2e","properties":{"id":"UUID_6e076f54-c652-47b0-a152-039c7fe04e2e","height_m":5.244,"ground_m":155.496,"height_source":"LoD1 solid top minus bottom","production":"2024","laser":"2016","footprints":"2022"},"geometry":{"type":"Polygon","coordinates":[[[13.614737423760323,51.07920136827021],[13.614670066382264,51.07923965324846],[13.614741952651862,51.07923328389047],[13.61476465209903,51.079220378264175],[13.614737423760323,51.07920136827021]]]}},{"type":"Feature","id":"DESNATP1DF0000CN","properties":{"id":"DESNATP1DF0000CN","height_m":3.016,"ground_m":242.157,"height_source":"LoD1 solid top minus bottom","production":"2024","laser":"2016","footprints":"2022"},"geometry":{"type":"Polygon","coordinates":[[[13.602467127756714,51.07942638072106],[13.602474375096575,51.079499040384746],[13.602568540982015,51.07949531002773],[13.602561279223655,51.079422650198076],[13.602467127756714,51.07942638072106]]]}},{"type":"Feature","id":"DESNATPU1000DLa1","properties":{"id":"DESNATPU1000DLa1","height_m":3.82,"ground_m":195.363,"height_source":"LoD1 solid top minus bottom","production":"2024","laser":"2016","footprints":"2022"},"geometry":{"type":"Polygon","coordinates":[[[13.619958434114434,51.082953390833005],[13.620013846545618,51.08298165329579],[13.620076695006576,51.08293275434036],[13.620021139869378,51.08290449022233],[13.619958434114434,51.082953390833005]]]}},{"type":"Feature","id":"DESNATPU1000CAGm","properties":{"id":"DESNATPU1000CAGm","height_m":5.3,"ground_m":197.882,"height_source":"LoD1 solid top minus bottom","production":"2024","laser":"2016","footprints":"2022"},"geometry":{"type":"Polygon","coordinates":[[[13.617433090430687,51.08156524867813],[13.617422608887418,51.08148438623547],[13.617351550854497,51.08148777240644],[13.61736189491399,51.081568453371204],[13.617433090430687,51.08156524867813]]]}},{"type":"Feature","id":"DESNATPU1000GmSw","properties":{"id":"DESNATPU1000GmSw","height_m":3.333,"ground_m":239.545,"height_source":"LoD1 solid top minus bottom","production":"2024","laser":"2016","footprints":"2022"},"geometry":{"type":"Polygon","coordinates":[[[13.604904323778054,51.08130523393821],[13.604971591371621,51.081318716811104],[13.605014428674306,51.08123307574783],[13.604947013064285,51.081219770991055],[13.604904323778054,51.08130523393821]]]}},{"type":"Feature","id":"DESNATP1DF00009z","properties":{"id":"DESNATP1DF00009z","height_m":7.725,"ground_m":238.288,"height_source":"LoD1 solid top minus bottom","production":"2024","laser":"2016","footprints":"2022"},"geometry":{"type":"Polygon","coordinates":[[[13.601357982805418,51.080876175332286],[13.601394654377035,51.08087589469054],[13.60139444513949,51.08086531649281],[13.601408208536405,51.080865301316905],[13.601407295915084,51.080820289739314],[13.601406388445575,51.08077510735723],[13.601312923580183,51.08077585952136],[13.601313831229739,51.080821032913754],[13.601314743760332,51.08086604449133],[13.601357770322915,51.08086570501087],[13.601357982805418,51.080876175332286]]]}},{"type":"Feature","id":"DESNATPU1000BTWm","properties":{"id":"DESNATPU1000BTWm","height_m":9.944,"ground_m":256.022,"height_source":"LoD1 solid top minus bottom","production":"2024","laser":"2016","footprints":"2022"},"geometry":{"type":"Polygon","coordinates":[[[13.619823459367094,51.070843889468904],[13.619973268648042,51.071114816994715],[13.620167517988078,51.07107223562201],[13.620017850388312,51.07080131002024],[13.619823459367094,51.070843889468904]]]}},{"type":"Feature","id":"UUID_41b37ebe-4061-45f4-8106-baad6886427d","properties":{"id":"UUID_41b37ebe-4061-45f4-8106-baad6886427d","height_m":3.657,"ground_m":164.54,"height_source":"LoD1 solid top minus bottom","production":"2024","laser":"2016","footprints":"2022"},"geometry":{"type":"Polygon","coordinates":[[[13.611609835568311,51.07843844990934],[13.61160983503011,51.07843846788881],[13.61168263509226,51.07844351430792],[13.611684567369212,51.078431423778454],[13.611669466942097,51.07843034512914],[13.611611763289282,51.07842651220674],[13.611609835568311,51.07843844990934]]]}},{"type":"Feature","id":"UUID_7f3d97ec-6455-4370-b73b-2e857cb076ec","properties":{"id":"UUID_7f3d97ec-6455-4370-b73b-2e857cb076ec","height_m":3.794,"ground_m":164.54,"height_source":"LoD1 solid top minus bottom","production":"2024","laser":"2016","footprints":"2022"},"geometry":{"type":"Polygon","coordinates":[[[13.611573506226112,51.07843595000476],[13.61155998509194,51.07851564663493],[13.61164558376298,51.07852141165946],[13.611740073093769,51.07852776783426],[13.611753440449156,51.078448429075536],[13.611682634285001,51.07844354127713],[13.61168263509226,51.07844351430792],[13.61165902828403,51.07844188497577],[13.61160983503011,51.07843846788881],[13.611609835568311,51.07843844990934],[13.611573506226112,51.07843595000476]]]}},{"type":"Feature","id":"DESNATPU1000FFVM","properties":{"id":"DESNATPU1000FFVM","height_m":2.997,"ground_m":252.4,"height_source":"LoD1 solid top minus bottom","production":"2024","laser":"2016","footprints":"2022"},"geometry":{"type":"Polygon","coordinates":[[[13.623342912829777,51.069079704428454],[13.623250862416944,51.06909372830622],[13.623297213616294,51.06921522928312],[13.62337337309429,51.06920281678881],[13.623342912829777,51.069079704428454]]]}},{"type":"Feature","id":"UUID_9c48a8fd-a20a-4723-b3aa-396d1501ecd7","properties":{"id":"UUID_9c48a8fd-a20a-4723-b3aa-396d1501ecd7","height_m":6.983,"ground_m":144.245,"height_source":"LoD1 solid top minus bottom","production":"2024","laser":"2016","footprints":"2022"},"geometry":{"type":"Polygon","coordinates":[[[13.61922912064612,51.08053043941451],[13.619195343543169,51.08055004067176],[13.619182631987618,51.08055740859329],[13.619207820673516,51.08057452291431],[13.619259415659045,51.080609575285784],[13.619272723065658,51.08060185467741],[13.6193071102944,51.080581900887864],[13.619271011721773,51.08055719359102],[13.61922912064612,51.08053043941451]]]}},{"type":"Feature","id":"UUID_961104ff-619f-4e3f-8ba9-368847d23280","properties":{"id":"UUID_961104ff-619f-4e3f-8ba9-368847d23280","height_m":5.963,"ground_m":144.245,"height_source":"LoD1 solid top minus bottom","production":"2024","laser":"2016","footprints":"2022"},"geometry":{"type":"Polygon","coordinates":[[[13.619259415659045,51.080609575285784],[13.619207820673516,51.08057452291431],[13.61919823268149,51.08058007519363],[13.619173189390471,51.08056287265891],[13.619160693510459,51.080570189168355],[13.619185879518492,51.08058739339166],[13.619176439592094,51.08059276755986],[13.619193931372926,51.08060466499229],[13.619203085864092,51.08059928745088],[13.619237086486581,51.080622531118486],[13.619259415659045,51.080609575285784]]]}},{"type":"Feature","id":"UUID_28f7a236-3a5a-4646-88c6-28ac623953a5","properties":{"id":"UUID_28f7a236-3a5a-4646-88c6-28ac623953a5","height_m":9.953,"ground_m":243.103,"height_source":"LoD1 solid top minus bottom","production":"2024","laser":"2016","footprints":"2022"},"geometry":{"type":"Polygon","coordinates":[[[13.609695155008138,51.08158048396643],[13.609664041986218,51.08158011389697],[13.60966335474149,51.081603037692794],[13.609694220572639,51.081603557702024],[13.609700313923373,51.081603657156386],[13.609701363432482,51.081576744808565],[13.609702278494057,51.08155288845752],[13.609696270512606,51.08155279901156],[13.609695155008138,51.08158048396643]]]}},{"type":"Feature","id":"UUID_9c8b0515-5c58-42fb-abbe-2adfa2f30293","properties":{"id":"UUID_9c8b0515-5c58-42fb-abbe-2adfa2f30293","height_m":11.945,"ground_m":243.103,"height_source":"LoD1 solid top minus bottom","production":"2024","laser":"2016","footprints":"2022"},"geometry":{"type":"Polygon","coordinates":[[[13.60973636524641,51.081620273224694],[13.609795448802705,51.08162106587117],[13.609794912637673,51.08163418917121],[13.609796068673374,51.081634202920355],[13.609824886628681,51.08163445572976],[13.609825280064822,51.081621330732126],[13.609830846161175,51.08162139693019],[13.609846685433117,51.081621675235816],[13.609852460306712,51.08148855863125],[13.609827170320763,51.08148825785753],[13.609793588302846,51.08148785845826],[13.609787180174568,51.0814877822437],[13.60973636524641,51.081620273224694]]]}},{"type":"Feature","id":"UUID_e2fa688a-8a50-46c7-b322-e119ad31903e","properties":{"id":"UUID_e2fa688a-8a50-46c7-b322-e119ad31903e","height_m":6.604,"ground_m":243.103,"height_source":"LoD1 solid top minus bottom","production":"2024","laser":"2016","footprints":"2022"},"geometry":{"type":"Polygon","coordinates":[[[13.609794067979816,51.0814718567486],[13.609793588302846,51.08148785845826],[13.609852460306712,51.08148855863125],[13.609851127524339,51.08151920867015],[13.609851755492807,51.08151921613851],[13.60985267169203,51.081488651074515],[13.60985315404333,51.081472559467215],[13.609794067979816,51.0814718567486]]]}},{"type":"Feature","id":"UUID_0b90f15a-9c46-4bcd-b3ef-eea28b926544","properties":{"id":"UUID_0b90f15a-9c46-4bcd-b3ef-eea28b926544","height_m":16.109,"ground_m":243.103,"height_source":"LoD1 solid top minus bottom","production":"2024","laser":"2016","footprints":"2022"},"geometry":{"type":"Polygon","coordinates":[[[13.609702278494057,51.08155288845752],[13.609700313923373,51.081603657156386],[13.609699686101377,51.08161983696196],[13.609708248868696,51.08163900381914],[13.609729086056937,51.081639251657066],[13.60973636524641,51.081620273224694],[13.609761872791978,51.0815537861184],[13.60972466913781,51.08155322671687],[13.609702278494057,51.08155288845752]]]}},{"type":"Feature","id":"UUID_3bb8c7f7-ef1b-4b3b-a8c0-641a76df1a16","properties":{"id":"UUID_3bb8c7f7-ef1b-4b3b-a8c0-641a76df1a16","height_m":7.492,"ground_m":243.103,"height_source":"LoD1 solid top minus bottom","production":"2024","laser":"2016","footprints":"2022"},"geometry":{"type":"Polygon","coordinates":[[[13.609851127524339,51.08151920867015],[13.609849838384196,51.08154887899863],[13.609846685433117,51.081621675235816],[13.609845157521463,51.08167264697351],[13.609914091562349,51.08167346678116],[13.609915619398297,51.08162249504199],[13.609916546337159,51.08159157038872],[13.60991925802349,51.081591602636955],[13.609920260407065,51.0815581608605],[13.609920512080489,51.081549764457456],[13.609921400211864,51.08152013432413],[13.609851755492807,51.08151921613851],[13.609851127524339,51.08151920867015]]]}},{"type":"Feature","id":"UUID_5d7892bc-d2ee-49f1-a5bd-0c7183397442","properties":{"id":"UUID_5d7892bc-d2ee-49f1-a5bd-0c7183397442","height_m":11.659,"ground_m":243.103,"height_source":"LoD1 solid top minus bottom","production":"2024","laser":"2016","footprints":"2022"},"geometry":{"type":"Polygon","coordinates":[[[13.609940237912637,51.08159185213435],[13.609941094866327,51.0815584985576],[13.609920260407065,51.0815581608605],[13.60991925802349,51.081591602636955],[13.609940237912637,51.08159185213435]]]}},{"type":"Feature","id":"UUID_c9682e6a-04f2-4101-a6ee-9fda15e05a78","properties":{"id":"UUID_c9682e6a-04f2-4101-a6ee-9fda15e05a78","height_m":11.615,"ground_m":243.103,"height_source":"LoD1 solid top minus bottom","production":"2024","laser":"2016","footprints":"2022"},"geometry":{"type":"Polygon","coordinates":[[[13.609761872791978,51.0815537861184],[13.609787180174568,51.0814877822437],[13.609726652621319,51.081487062346774],[13.60972466913781,51.08155322671687],[13.609761872791978,51.0815537861184]]]}},{"type":"Feature","id":"DESNATP1DF0000Ac","properties":{"id":"DESNATP1DF0000Ac","height_m":7.288,"ground_m":223.365,"height_source":"LoD1 solid top minus bottom","production":"2024","laser":"2016","footprints":"2022"},"geometry":{"type":"Polygon","coordinates":[[[13.613850014162956,51.082945970493846],[13.613712631208264,51.08291985351845],[13.613679362044628,51.08298919008586],[13.613757756574596,51.083004112808695],[13.613751572017362,51.083017088196826],[13.613810717639621,51.08302828435466],[13.613826207936807,51.082995832729466],[13.613850014162956,51.082945970493846]]]}},{"type":"Feature","id":"DESNATP1DF0000AZ","properties":{"id":"DESNATP1DF0000AZ","height_m":3.077,"ground_m":243.625,"height_source":"LoD1 solid top minus bottom","production":"2024","laser":"2016","footprints":"2022"},"geometry":{"type":"Polygon","coordinates":[[[13.610360801986939,51.082396027343705],[13.61023436386356,51.082392140995445],[13.61022995432855,51.08244923862451],[13.610356378604132,51.082453115819305],[13.610360801986939,51.082396027343705]]]}},{"type":"Feature","id":"DESNATPU1000CpYE","properties":{"id":"DESNATPU1000CpYE","height_m":3.018,"ground_m":218.463,"height_source":"LoD1 solid top minus bottom","production":"2024","laser":"2016","footprints":"2022"},"geometry":{"type":"Polygon","coordinates":[[[13.616170144540552,51.081876027436934],[13.616253441418197,51.08188834462496],[13.616272856129552,51.08183578599308],[13.616189559340613,51.081823468819486],[13.616170144540552,51.081876027436934]]]}},{"type":"Feature","id":"UUID_78fdd36c-fa09-482a-98df-661e0219cddd","properties":{"id":"UUID_78fdd36c-fa09-482a-98df-661e0219cddd","height_m":8.629,"ground_m":238.709,"height_source":"LoD1 solid top minus bottom","production":"2024","laser":"2016","footprints":"2022"},"geometry":{"type":"Polygon","coordinates":[[[13.60705164105778,51.08098506473585],[13.607036929498115,51.080994781644414],[13.607038847355701,51.08101411232557],[13.607039232655463,51.08101792092761],[13.607053003051561,51.08102527937466],[13.607053563123452,51.08105891961615],[13.607188952081355,51.081057475354896],[13.607187565847413,51.081012359281424],[13.607186682183682,51.080983310573345],[13.607109342448972,51.0809843134744],[13.60705164105778,51.08098506473585]]]}},{"type":"Feature","id":"UUID_f1933d81-3c05-499f-a284-5438e356aba6","properties":{"id":"UUID_f1933d81-3c05-499f-a284-5438e356aba6","height_m":7.034,"ground_m":238.709,"height_source":"LoD1 solid top minus bottom","production":"2024","laser":"2016","footprints":"2022"},"geometry":{"type":"Polygon","coordinates":[[[13.607186682183682,51.080983310573345],[13.607186209704416,51.080968142859376],[13.607108220742964,51.08096937183982],[13.607109342448972,51.0809843134744],[13.607186682183682,51.080983310573345]]]}},{"type":"Feature","id":"DESNATPU1000B7AE","properties":{"id":"DESNATPU1000B7AE","height_m":3.0,"ground_m":241.665,"height_source":"LoD1 solid top minus bottom","production":"2024","laser":"2016","footprints":"2022"},"geometry":{"type":"Polygon","coordinates":[[[13.603678588765346,51.082174693401456],[13.603689641603884,51.08220117472938],[13.60370042525112,51.082227113264466],[13.603736583614364,51.082221151212025],[13.603785799488044,51.08221302494097],[13.603763965618338,51.08216051519608],[13.603678588765346,51.082174693401456]]]}},{"type":"Feature","id":"DESNATP1iE0000A8","properties":{"id":"DESNATP1iE0000A8","height_m":5.409,"ground_m":252.219,"height_source":"LoD1 solid top minus bottom","production":"2024","laser":"2016","footprints":"2022"},"geometry":{"type":"Polygon","coordinates":[[[13.625363226887604,51.070021302222464],[13.62526332822035,51.07003761851119],[13.625302947070672,51.07013363442449],[13.625400503637083,51.07011784811821],[13.625394584989026,51.07010467580531],[13.625363226887604,51.070021302222464]]]}},{"type":"Feature","id":"DESNATPU1000IrK3","properties":{"id":"DESNATPU1000IrK3","height_m":3.748,"ground_m":158.916,"height_source":"LoD1 solid top minus bottom","production":"2024","laser":"2016","footprints":"2022"},"geometry":{"type":"Polygon","coordinates":[[[13.621805222825579,51.08293785031037],[13.621697253115501,51.08293891540656],[13.621698963846246,51.08301105878006],[13.621806931052642,51.083010083581264],[13.621805222825579,51.08293785031037]]]}},{"type":"Feature","id":"DESNATPU1000BbqQ","properties":{"id":"DESNATPU1000BbqQ","height_m":5.594,"ground_m":242.005,"height_source":"LoD1 solid top minus bottom","production":"2024","laser":"2016","footprints":"2022"},"geometry":{"type":"Polygon","coordinates":[[[13.604042311668685,51.08182579532252],[13.603972375822432,51.08182505001624],[13.603970198792407,51.08188788462201],[13.604039695746645,51.08188898440503],[13.604042311668685,51.08182579532252]]]}},{"type":"Feature","id":"DESNATPU1000Gxhq","properties":{"id":"DESNATPU1000Gxhq","height_m":5.428,"ground_m":238.144,"height_source":"LoD1 solid top minus bottom","production":"2024","laser":"2016","footprints":"2022"},"geometry":{"type":"Polygon","coordinates":[[[13.605220194968817,51.076774225212866],[13.605149241308085,51.07676960146907],[13.605139220150186,51.076832252602394],[13.605210176608768,51.07683678645583],[13.605220194968817,51.076774225212866]]]}},{"type":"Feature","id":"DESNATPU1000DGlK","properties":{"id":"DESNATPU1000DGlK","height_m":2.403,"ground_m":247.229,"height_source":"LoD1 solid top minus bottom","production":"2024","laser":"2016","footprints":"2022"},"geometry":{"type":"Polygon","coordinates":[[[13.602315632068994,51.07690347040262],[13.602244422051532,51.076902618865],[13.602242385749088,51.07696545518027],[13.602313735859706,51.07696639832335],[13.602315632068994,51.07690347040262]]]}},{"type":"Feature","id":"UUID_2b8257e5-1a3d-46ec-b51f-1b976389477a","properties":{"id":"UUID_2b8257e5-1a3d-46ec-b51f-1b976389477a","height_m":3.575,"ground_m":216.266,"height_source":"LoD1 solid top minus bottom","production":"2024","laser":"2016","footprints":"2022"},"geometry":{"type":"Polygon","coordinates":[[[13.61743617435424,51.082293181320615],[13.617491054087699,51.08229804810081],[13.617503941845458,51.08223929688843],[13.6174491222171,51.082234331902704],[13.61743617435424,51.082293181320615]]]}},{"type":"Feature","id":"UUID_c1a7a7de-a182-42d9-8912-f942d90c42da","properties":{"id":"UUID_c1a7a7de-a182-42d9-8912-f942d90c42da","height_m":6.367,"ground_m":216.266,"height_source":"LoD1 solid top minus bottom","production":"2024","laser":"2016","footprints":"2022"},"geometry":{"type":"Polygon","coordinates":[[[13.61743617435424,51.082293181320615],[13.6174491222171,51.082234331902704],[13.617454902765166,51.08220805101119],[13.617391892439022,51.08220245853812],[13.617325179916934,51.08219653446474],[13.617306223184723,51.082281653060754],[13.61743617435424,51.082293181320615]]]}},{"type":"Feature","id":"DESNATPU1000GNNl","properties":{"id":"DESNATPU1000GNNl","height_m":7.158,"ground_m":159.561,"height_source":"LoD1 solid top minus bottom","production":"2024","laser":"2016","footprints":"2022"},"geometry":{"type":"Polygon","coordinates":[[[13.613168349365246,51.07900228306272],[13.613262203678124,51.079014637744514],[13.613263937475827,51.079009172626634],[13.613284490102982,51.07894727531021],[13.613190490519441,51.07893500885138],[13.613168349365246,51.07900228306272]]]}},{"type":"Feature","id":"DESNATPU1000FZrO","properties":{"id":"DESNATPU1000FZrO","height_m":4.373,"ground_m":241.414,"height_source":"LoD1 solid top minus bottom","production":"2024","laser":"2016","footprints":"2022"},"geometry":{"type":"Polygon","coordinates":[[[13.60914722333868,51.080870358579176],[13.6091480642929,51.080923247019555],[13.609254448686029,51.080922534390844],[13.609253610306267,51.08086955605304],[13.60914722333868,51.080870358579176]]]}},{"type":"Feature","id":"DESNATPU1000H2hi","properties":{"id":"DESNATPU1000H2hi","height_m":7.341,"ground_m":203.669,"height_source":"LoD1 solid top minus bottom","production":"2024","laser":"2016","footprints":"2022"},"geometry":{"type":"Polygon","coordinates":[[[13.623832289129608,51.07831068466703],[13.623852008609663,51.07831487371935],[13.624022280495321,51.07834997222335],[13.62405013682298,51.07829643253413],[13.623932081350466,51.07827211081142],[13.623860140316737,51.07825732481992],[13.623832289129608,51.07831068466703]]]}},{"type":"Feature","id":"UUID_669dd6e2-bb66-4b76-a050-68752b0f6a66","properties":{"id":"UUID_669dd6e2-bb66-4b76-a050-68752b0f6a66","height_m":6.058,"ground_m":140.942,"height_source":"LoD1 solid top minus bottom","production":"2024","laser":"2016","footprints":"2022"},"geometry":{"type":"Polygon","coordinates":[[[13.62805035191295,51.08316851245734],[13.627988845842713,51.08316797040315],[13.627987930038024,51.08318927285683],[13.627988144127528,51.08318927536971],[13.627986426585023,51.083241054386484],[13.627986112586736,51.08324105070092],[13.627986100150641,51.083251122616986],[13.628047816431476,51.08325180203312],[13.628107991268148,51.083252463325486],[13.628110316541418,51.08316903638808],[13.62805035191295,51.08316851245734]]]}},{"type":"Feature","id":"UUID_961e60e2-b9a8-42ee-b897-dacc8a23892a","properties":{"id":"UUID_961e60e2-b9a8-42ee-b897-dacc8a23892a","height_m":3.524,"ground_m":140.942,"height_source":"LoD1 solid top minus bottom","production":"2024","laser":"2016","footprints":"2022"},"geometry":{"type":"Polygon","coordinates":[[[13.627987930038024,51.08318927285683],[13.62794826275643,51.08318844753791],[13.627946564049198,51.083241036137494],[13.627986112586736,51.08324105070092],[13.627986426585023,51.083241054386484],[13.627988144127528,51.08318927536971],[13.627987930038024,51.08318927285683]]]}},{"type":"Feature","id":"DESNATPU1000CtzF","properties":{"id":"DESNATPU1000CtzF","height_m":8.383,"ground_m":143.417,"height_source":"LoD1 solid top minus bottom","production":"2024","laser":"2016","footprints":"2022"},"geometry":{"type":"Polygon","coordinates":[[[13.618211448566731,51.080004108142205],[13.618358925811153,51.08000890904317],[13.618365719310287,51.07992463570768],[13.61821838237016,51.079919926402],[13.618211448566731,51.080004108142205]]]}},{"type":"Feature","id":"DESNATP1iE0000Bs","properties":{"id":"DESNATP1iE0000Bs","height_m":2.796,"ground_m":233.423,"height_source":"LoD1 solid top minus bottom","production":"2024","laser":"2016","footprints":"2022"},"geometry":{"type":"Polygon","coordinates":[[[13.606361455881794,51.08052072523804],[13.606293248951093,51.080518572049726],[13.606287768386295,51.08058740156768],[13.606355975417845,51.08058955475997],[13.606361455881794,51.08052072523804]]]}},{"type":"Feature","id":"UUID_382e02ad-6aae-48b4-bba0-e4c8fb54de1b","properties":{"id":"UUID_382e02ad-6aae-48b4-bba0-e4c8fb54de1b","height_m":7.229,"ground_m":238.304,"height_source":"LoD1 solid top minus bottom","production":"2024","laser":"2016","footprints":"2022"},"geometry":{"type":"Polygon","coordinates":[[[13.603156569698784,51.08135126841425],[13.603163336889136,51.08141573869815],[13.60326440465121,51.08141146073842],[13.603256604598476,51.081347148984655],[13.603156569698784,51.08135126841425]]]}},{"type":"Feature","id":"UUID_f72bf91f-555a-4ce8-8b7d-7aae9c32d279","properties":{"id":"UUID_f72bf91f-555a-4ce8-8b7d-7aae9c32d279","height_m":3.935,"ground_m":238.304,"height_source":"LoD1 solid top minus bottom","production":"2024","laser":"2016","footprints":"2022"},"geometry":{"type":"Polygon","coordinates":[[[13.603256604598476,51.081347148984655],[13.60326440465121,51.08141146073842],[13.603351889690785,51.08140782976272],[13.603345226288333,51.08134938599726],[13.603283035145488,51.081352240058045],[13.603281701554334,51.08133963401381],[13.60325582606787,51.08134076369079],[13.60325649015239,51.08134715661003],[13.603256604598476,51.081347148984655]]]}},{"type":"Feature","id":"DESNATPU1000FOHx","properties":{"id":"DESNATPU1000FOHx","height_m":4.044,"ground_m":218.627,"height_source":"LoD1 solid top minus bottom","production":"2024","laser":"2016","footprints":"2022"},"geometry":{"type":"Polygon","coordinates":[[[13.618784332533322,51.08214337090349],[13.618917627200577,51.082159604350416],[13.61894133794288,51.082082545372664],[13.618807561772753,51.08206810484648],[13.618784332533322,51.08214337090349]]]}},{"type":"Feature","id":"DESNATPU1000Hb73","properties":{"id":"DESNATPU1000Hb73","height_m":3.289,"ground_m":217.006,"height_source":"LoD1 solid top minus bottom","production":"2024","laser":"2016","footprints":"2022"},"geometry":{"type":"Polygon","coordinates":[[[13.618693902092202,51.082187887426464],[13.618630473317785,51.08218004244647],[13.618611213474452,51.08224186599602],[13.618675183070128,51.08224977133463],[13.618693902092202,51.082187887426464]]]}},{"type":"Feature","id":"DESNATPU1000Htm3","properties":{"id":"DESNATPU1000Htm3","height_m":3.884,"ground_m":239.477,"height_source":"LoD1 solid top minus bottom","production":"2024","laser":"2016","footprints":"2022"},"geometry":{"type":"Polygon","coordinates":[[[13.603147840264917,51.08263175791838],[13.603145830422408,51.08255628319023],[13.603122592078048,51.08255658103304],[13.60307670109414,51.08255716571856],[13.603077579870922,51.08263226721392],[13.603147840264917,51.08263175791838]]]}},{"type":"Feature","id":"DESNATPU1000HXn8","properties":{"id":"DESNATPU1000HXn8","height_m":2.474,"ground_m":208.526,"height_source":"LoD1 solid top minus bottom","production":"2024","laser":"2016","footprints":"2022"},"geometry":{"type":"Polygon","coordinates":[[[13.62585148832831,51.079435722364074],[13.625810329366054,51.07936778259416],[13.625743207581415,51.07938300085487],[13.62577700413287,51.079442121965435],[13.62585148832831,51.079435722364074]]]}},{"type":"Feature","id":"DESNATPU1000FtMZ","properties":{"id":"DESNATPU1000FtMZ","height_m":3.635,"ground_m":217.702,"height_source":"LoD1 solid top minus bottom","production":"2024","laser":"2016","footprints":"2022"},"geometry":{"type":"Polygon","coordinates":[[[13.628018722726857,51.07849991850905],[13.627973522930317,51.07851251762192],[13.628031190116383,51.07859485021667],[13.628052427668338,51.078624955983805],[13.62807531037975,51.07861874966286],[13.628096612613959,51.078612884504146],[13.628018722726857,51.07849991850905]]]}},{"type":"Feature","id":"DESNATPU1000Fi0A","properties":{"id":"DESNATPU1000Fi0A","height_m":6.813,"ground_m":259.062,"height_source":"LoD1 solid top minus bottom","production":"2024","laser":"2016","footprints":"2022"},"geometry":{"type":"Polygon","coordinates":[[[13.606213634174916,51.0678897141544],[13.60634236977719,51.06789466661184],[13.606349807169346,51.067813369079204],[13.606220918312108,51.067808774519456],[13.606213634174916,51.0678897141544]]]}},{"type":"Feature","id":"DESNATP1iE0000Cl","properties":{"id":"DESNATP1iE0000Cl","height_m":2.374,"ground_m":216.465,"height_source":"LoD1 solid top minus bottom","production":"2024","laser":"2016","footprints":"2022"},"geometry":{"type":"Polygon","coordinates":[[[13.618660416803957,51.082287277176604],[13.618675183070128,51.08224977133463],[13.618611213474452,51.08224186599602],[13.618599420161527,51.08227973970253],[13.618660416803957,51.082287277176604]]]}},{"type":"Feature","id":"DESNATPU1000JD1I","properties":{"id":"DESNATPU1000JD1I","height_m":5.385,"ground_m":236.845,"height_source":"LoD1 solid top minus bottom","production":"2024","laser":"2016","footprints":"2022"},"geometry":{"type":"Polygon","coordinates":[[[13.609402291954218,51.08278261024904],[13.609236048747139,51.08284151452102],[13.609275142926089,51.08288523564215],[13.609441388938052,51.0828262414186],[13.609402291954218,51.08278261024904]]]}},{"type":"Feature","id":"DESNATPU1000FRlp","properties":{"id":"DESNATPU1000FRlp","height_m":2.978,"ground_m":240.988,"height_source":"LoD1 solid top minus bottom","production":"2024","laser":"2016","footprints":"2022"},"geometry":{"type":"Polygon","coordinates":[[[13.603849944865695,51.07716083971548],[13.603949912357622,51.07715960565599],[13.60394827109317,51.07711453142078],[13.60384858369896,51.07711594868294],[13.603849944865695,51.07716083971548]]]}},{"type":"Feature","id":"DESNATPU1000DOUP","properties":{"id":"DESNATPU1000DOUP","height_m":3.757,"ground_m":229.643,"height_source":"LoD1 solid top minus bottom","production":"2024","laser":"2016","footprints":"2022"},"geometry":{"type":"Polygon","coordinates":[[[13.615190589874638,51.08223448543531],[13.61495618945285,51.08218557452477],[13.614922124944044,51.0822505494449],[13.615156385617333,51.08229936883713],[13.615190589874638,51.08223448543531]]]}},{"type":"Feature","id":"UUID_810a0225-7b7c-4595-831f-b72df3e7cdc9","properties":{"id":"UUID_810a0225-7b7c-4595-831f-b72df3e7cdc9","height_m":8.3,"ground_m":181.414,"height_source":"LoD1 solid top minus bottom","production":"2024","laser":"2016","footprints":"2022"},"geometry":{"type":"Polygon","coordinates":[[[13.607636844696785,51.07628684333986],[13.607614435407353,51.07635807025464],[13.60766151125422,51.076363936870436],[13.607681368751631,51.076301150898566],[13.607681240857785,51.07630113138923],[13.60768406587685,51.07629262174879],[13.607636844696785,51.07628684333986]]]}},{"type":"Feature","id":"UUID_b3393546-941b-4eb1-9408-54c062086e02","properties":{"id":"UUID_b3393546-941b-4eb1-9408-54c062086e02","height_m":8.465,"ground_m":181.414,"height_source":"LoD1 solid top minus bottom","production":"2024","laser":"2016","footprints":"2022"},"geometry":{"type":"Polygon","coordinates":[[[13.607753631613424,51.076310177255536],[13.607681368751631,51.076301150898566],[13.60766151125422,51.076363936870436],[13.607733631775169,51.07637295255078],[13.607753631613424,51.076310177255536]]]}},{"type":"Feature","id":"UUID_0024b238-78d1-438d-8c6a-76b7fecf0f08","properties":{"id":"UUID_0024b238-78d1-438d-8c6a-76b7fecf0f08","height_m":7.741,"ground_m":181.414,"height_source":"LoD1 solid top minus bottom","production":"2024","laser":"2016","footprints":"2022"},"geometry":{"type":"Polygon","coordinates":[[[13.607870306435007,51.07627541533522],[13.607768761260791,51.07626269489329],[13.607753631613424,51.076310177255536],[13.607733631775169,51.07637295255078],[13.607733902103552,51.07637298274962],[13.607835304804276,51.07638570152371],[13.607870306435007,51.07627541533522]]]}},{"type":"Feature","id":"DESNATPU1000BtCW","properties":{"id":"DESNATPU1000BtCW","height_m":2.654,"ground_m":140.902,"height_source":"LoD1 solid top minus bottom","production":"2024","laser":"2016","footprints":"2022"},"geometry":{"type":"Polygon","coordinates":[[[13.61911394570935,51.08018869666308],[13.619065995618834,51.08018804025402],[13.619064566247744,51.080236045581515],[13.619112521741119,51.08023652219628],[13.61911394570935,51.08018869666308]]]}},{"type":"Feature","id":"DESNATPU1000I3gM","properties":{"id":"DESNATPU1000I3gM","height_m":7.756,"ground_m":238.253,"height_source":"LoD1 solid top minus bottom","production":"2024","laser":"2016","footprints":"2022"},"geometry":{"type":"Polygon","coordinates":[[[13.601422603733388,51.080875581619004],[13.601459274220181,51.08087533691576],[13.601459102361353,51.08086493902417],[13.601501659852445,51.08086453092784],[13.60150074497175,51.08081959126783],[13.601499824765943,51.08077435477684],[13.601406388445575,51.08077510735723],[13.601407308289124,51.08082035283793],[13.601408208536405,51.080865301316905],[13.60142257161829,51.08086528432169],[13.601422603733388,51.080875581619004]]]}},{"type":"Feature","id":"DESNATPU1000C2HN","properties":{"id":"DESNATPU1000C2HN","height_m":3.492,"ground_m":252.388,"height_source":"LoD1 solid top minus bottom","production":"2024","laser":"2016","footprints":"2022"},"geometry":{"type":"Polygon","coordinates":[[[13.624045467904873,51.0697430228385],[13.623969413066211,51.06975669601555],[13.623969946478157,51.06975796130642],[13.624142997150647,51.07014111910815],[13.624218185794023,51.07012779533804],[13.62429524530551,51.07011395396433],[13.62412206677911,51.06973025530992],[13.624121668050218,51.06972926139327],[13.624045467904873,51.0697430228385]]]}},{"type":"Feature","id":"DESNATPU1000JCjW","properties":{"id":"DESNATPU1000JCjW","height_m":4.356,"ground_m":245.976,"height_source":"LoD1 solid top minus bottom","production":"2024","laser":"2016","footprints":"2022"},"geometry":{"type":"Polygon","coordinates":[[[13.609959542309761,51.06950053688182],[13.609911429236409,51.069540468893074],[13.610039275357888,51.06960862709195],[13.610087385700965,51.06956878492566],[13.610024729255008,51.06953530547478],[13.609959542309761,51.06950053688182]]]}},{"type":"Feature","id":"DESNATPU1000FGXe","properties":{"id":"DESNATPU1000FGXe","height_m":6.344,"ground_m":148.043,"height_source":"LoD1 solid top minus bottom","production":"2024","laser":"2016","footprints":"2022"},"geometry":{"type":"Polygon","coordinates":[[[13.61757576435684,51.080342369660066],[13.617423009579113,51.0803086380616],[13.61738694922387,51.080373680022106],[13.617539709547163,51.080407231873664],[13.61757576435684,51.080342369660066]]]}},{"type":"Feature","id":"DESNATPU1000FzhP","properties":{"id":"DESNATPU1000FzhP","height_m":9.707,"ground_m":158.581,"height_source":"LoD1 solid top minus bottom","production":"2024","laser":"2016","footprints":"2022"},"geometry":{"type":"Polygon","coordinates":[[[13.61343035601878,51.07881483121293],[13.613568046523197,51.0788221300328],[13.613577649575808,51.07874922134195],[13.613557982218802,51.07874808876772],[13.613440101997664,51.078741924227884],[13.61343035601878,51.07881483121293]]]}},{"type":"Feature","id":"DESNATPU1000I3FX","properties":{"id":"DESNATPU1000I3FX","height_m":3.595,"ground_m":230.044,"height_source":"LoD1 solid top minus bottom","production":"2024","laser":"2016","footprints":"2022"},"geometry":{"type":"Polygon","coordinates":[[[13.615014263318363,51.082148492353504],[13.615051084113531,51.08207248876662],[13.614964062618787,51.0820558099849],[13.614927241695305,51.08213181354359],[13.615014263318363,51.082148492353504]]]}},{"type":"Feature","id":"DESNATPU1000F1Kq","properties":{"id":"DESNATPU1000F1Kq","height_m":5.0,"ground_m":187.154,"height_source":"LoD1 solid top minus bottom","production":"2024","laser":"2016","footprints":"2022"},"geometry":{"type":"Polygon","coordinates":[[[13.627560463357497,51.08092649353155],[13.627656617351978,51.08090963664074],[13.627637485377218,51.08086624602097],[13.627541186086779,51.080883191118986],[13.627560463357497,51.08092649353155]]]}},{"type":"Feature","id":"DESNATPU1000IQpv","properties":{"id":"DESNATPU1000IQpv","height_m":3.617,"ground_m":243.249,"height_source":"LoD1 solid top minus bottom","production":"2024","laser":"2016","footprints":"2022"},"geometry":{"type":"Polygon","coordinates":[[[13.609877246186384,51.08230586099424],[13.609873878322373,51.082261036158414],[13.609774139520463,51.082263806847244],[13.609777361870703,51.08230871988493],[13.609877246186384,51.08230586099424]]]}},{"type":"Feature","id":"DESNATPU1000FU2Y","properties":{"id":"DESNATPU1000FU2Y","height_m":4.873,"ground_m":252.987,"height_source":"LoD1 solid top minus bottom","production":"2024","laser":"2016","footprints":"2022"},"geometry":{"type":"Polygon","coordinates":[[[13.623079175061491,51.07024253186575],[13.623093794069806,51.07027417936067],[13.62311189350157,51.07031360177874],[13.623112836279914,51.07031550140145],[13.623278602141994,51.07028498957686],[13.623244792661652,51.070212198201816],[13.623241634892938,51.07021279051097],[13.623079175061491,51.07024253186575]]]}},{"type":"Feature","id":"DESNATPU1000FrQO","properties":{"id":"DESNATPU1000FrQO","height_m":7.449,"ground_m":187.559,"height_source":"LoD1 solid top minus bottom","production":"2024","laser":"2016","footprints":"2022"},"geometry":{"type":"Polygon","coordinates":[[[13.617466531119545,51.07790992986635],[13.617608516464614,51.07793112384422],[13.617633628794103,51.07786451345245],[13.617491789029094,51.07784323129668],[13.617466531119545,51.07790992986635]]]}},{"type":"Feature","id":"DESNATPU1000F5e4","properties":{"id":"DESNATPU1000F5e4","height_m":3.448,"ground_m":240.254,"height_source":"LoD1 solid top minus bottom","production":"2024","laser":"2016","footprints":"2022"},"geometry":{"type":"Polygon","coordinates":[[[13.602875453825881,51.08246024475088],[13.602991720989184,51.082449134200004],[13.602973069762136,51.08237157205838],[13.60285680278956,51.082382682592325],[13.602875453825881,51.08246024475088]]]}},{"type":"Feature","id":"DESNATPU1000G8aN","properties":{"id":"DESNATPU1000G8aN","height_m":5.966,"ground_m":153.641,"height_source":"LoD1 solid top minus bottom","production":"2024","laser":"2016","footprints":"2022"},"geometry":{"type":"Polygon","coordinates":[[[13.61518237649059,51.07966465951399],[13.615150611049684,51.079643149789916],[13.615141162803548,51.07964879332334],[13.615096525347825,51.07961849786779],[13.615014595427315,51.07966572921343],[13.615091563798305,51.07971772100727],[13.61518237649059,51.07966465951399]]]}},{"type":"Feature","id":"DESNATPU1000G48k","properties":{"id":"DESNATPU1000G48k","height_m":3.283,"ground_m":247.207,"height_source":"LoD1 solid top minus bottom","production":"2024","laser":"2016","footprints":"2022"},"geometry":{"type":"Polygon","coordinates":[[[13.603207823896547,51.07621736251068],[13.60320747006943,51.076290740692784],[13.603288978200318,51.07629090534074],[13.6032894746019,51.076217528862635],[13.603207823896547,51.07621736251068]]]}},{"type":"Feature","id":"DESNATP1iE00006S","properties":{"id":"DESNATP1iE00006S","height_m":1.401,"ground_m":250.852,"height_source":"LoD1 solid top minus bottom","production":"2024","laser":"2016","footprints":"2022"},"geometry":{"type":"Polygon","coordinates":[[[13.62271511906595,51.06938451604284],[13.622678535477233,51.06928886772288],[13.622504028275673,51.06931536373803],[13.622540611523394,51.06941101210957],[13.62271511906595,51.06938451604284]]]}},{"type":"Feature","id":"DESNATPU1000F11D","properties":{"id":"DESNATPU1000F11D","height_m":6.576,"ground_m":166.309,"height_source":"LoD1 solid top minus bottom","production":"2024","laser":"2016","footprints":"2022"},"geometry":{"type":"Polygon","coordinates":[[[13.615179365188968,51.07925868305831],[13.61527297005134,51.079269864084225],[13.615294526242094,51.079198176024306],[13.615200924202654,51.07918690511912],[13.615179365188968,51.07925868305831]]]}},{"type":"Feature","id":"DESNATPU1000BLiS","properties":{"id":"DESNATPU1000BLiS","height_m":3.459,"ground_m":250.779,"height_source":"LoD1 solid top minus bottom","production":"2024","laser":"2016","footprints":"2022"},"geometry":{"type":"Polygon","coordinates":[[[13.608266032659593,51.06951383736282],[13.608257271029185,51.069434774947005],[13.60817049534547,51.06943931724955],[13.608171577231063,51.069446074844336],[13.608173113143733,51.06947100360155],[13.608174085426267,51.06951472090866],[13.608266032659593,51.06951383736282]]]}},{"type":"Feature","id":"DESNATPU1000BAU8","properties":{"id":"DESNATPU1000BAU8","height_m":6.317,"ground_m":133.347,"height_source":"LoD1 solid top minus bottom","production":"2024","laser":"2016","footprints":"2022"},"geometry":{"type":"Polygon","coordinates":[[[13.622958615460286,51.08074296270843],[13.622923809226979,51.080684278535294],[13.622862420042402,51.080698663393804],[13.622791108502838,51.08071544933089],[13.622779691445045,51.08069606996242],[13.622745188094717,51.080704116772914],[13.622756747858379,51.08072349782619],[13.622707149587285,51.080735053865745],[13.622741958251698,51.08079364820333],[13.622897080820218,51.080757435800884],[13.622958615460286,51.08074296270843]]]}},{"type":"Feature","id":"DESNATP1iE0000DS","properties":{"id":"DESNATP1iE0000DS","height_m":3.0,"ground_m":146.197,"height_source":"LoD1 solid top minus bottom","production":"2024","laser":"2016","footprints":"2022"},"geometry":{"type":"Polygon","coordinates":[[[13.628872031924095,51.0826178412229],[13.628910326338668,51.082677158016885],[13.628991882598731,51.08265627083227],[13.628953573823598,51.08259695389672],[13.628872031924095,51.0826178412229]]]}},{"type":"Feature","id":"DESNATPU1000IWN9","properties":{"id":"DESNATPU1000IWN9","height_m":7.32,"ground_m":214.216,"height_source":"LoD1 solid top minus bottom","production":"2024","laser":"2016","footprints":"2022"},"geometry":{"type":"Polygon","coordinates":[[[13.617769173058893,51.0820121877771],[13.61782414782935,51.08201529291335],[13.61783606993429,51.08193143999149],[13.61778261622339,51.08192855968412],[13.617783883213502,51.0819195817437],[13.617782358233558,51.081919491767465],[13.61772658674916,51.08191629625322],[13.617713400124412,51.082009037204514],[13.617769173058893,51.0820121877771]]]}},{"type":"Feature","id":"DESNATP1iE0000C0","properties":{"id":"DESNATP1iE0000C0","height_m":4.714,"ground_m":204.574,"height_source":"LoD1 solid top minus bottom","production":"2024","laser":"2016","footprints":"2022"},"geometry":{"type":"Polygon","coordinates":[[[13.607543919227242,51.07982925902709],[13.607516428002807,51.07980292396189],[13.607396816454477,51.07985245292761],[13.607424307639246,51.079878788020416],[13.607543919227242,51.07982925902709]]]}},{"type":"Feature","id":"DESNATPU1000GfO4","properties":{"id":"DESNATPU1000GfO4","height_m":7.588,"ground_m":125.902,"height_source":"LoD1 solid top minus bottom","production":"2024","laser":"2016","footprints":"2022"},"geometry":{"type":"Polygon","coordinates":[[[13.624439664907564,51.08250089053994],[13.624410788832105,51.082463589837324],[13.624294493266923,51.082499901509976],[13.624364232991924,51.08258912263811],[13.624493269772836,51.08254684564562],[13.624461274762613,51.08250879781356],[13.624451345544726,51.08249698118415],[13.624439664907564,51.08250089053994]]]}},{"type":"Feature","id":"DESNATPU1000IKzv","properties":{"id":"DESNATPU1000IKzv","height_m":3.29,"ground_m":173.712,"height_source":"LoD1 solid top minus bottom","production":"2024","laser":"2016","footprints":"2022"},"geometry":{"type":"Polygon","coordinates":[[[13.609146759330734,51.078465516946466],[13.609125072873695,51.07849839785642],[13.609211209684771,51.07852096087755],[13.609232910362994,51.078488080121126],[13.609146759330734,51.078465516946466]]]}},{"type":"Feature","id":"DESNATPU1000FvoL","properties":{"id":"DESNATPU1000FvoL","height_m":6.981,"ground_m":256.65,"height_source":"LoD1 solid top minus bottom","production":"2024","laser":"2016","footprints":"2022"},"geometry":{"type":"Polygon","coordinates":[[[13.607346657962214,51.06815466318534],[13.607482350029175,51.06825124551153],[13.607558217955097,51.06820583571002],[13.607418216140813,51.068105425081654],[13.607346657962214,51.06815466318534]]]}},{"type":"Feature","id":"DESNATP1iE0000CZ","properties":{"id":"DESNATP1iE0000CZ","height_m":2.521,"ground_m":229.491,"height_source":"LoD1 solid top minus bottom","production":"2024","laser":"2016","footprints":"2022"},"geometry":{"type":"Polygon","coordinates":[[[13.613912887622982,51.0814309135497],[13.613908883801399,51.08140484953576],[13.613801323786836,51.08141142484516],[13.6138053418204,51.08143748903156],[13.613912887622982,51.0814309135497]]]}},{"type":"Feature","id":"DESNATP1iE0000EM","properties":{"id":"DESNATP1iE0000EM","height_m":4.764,"ground_m":126.272,"height_source":"LoD1 solid top minus bottom","production":"2024","laser":"2016","footprints":"2022"},"geometry":{"type":"Polygon","coordinates":[[[13.624634832964192,51.082808154874556],[13.624614477290253,51.08278298699996],[13.62456575581134,51.08279861894631],[13.62458611146537,51.082823786829174],[13.624634832964192,51.082808154874556]]]}},{"type":"Feature","id":"DESNATPU1000C1c3","properties":{"id":"DESNATPU1000C1c3","height_m":2.201,"ground_m":259.164,"height_source":"LoD1 solid top minus bottom","production":"2024","laser":"2016","footprints":"2022"},"geometry":{"type":"Polygon","coordinates":[[[13.607138397017003,51.06757995995178],[13.607155902684063,51.06762441389546],[13.607206222551183,51.06761700983078],[13.607188450373993,51.06757192321215],[13.607138397017003,51.06757995995178]]]}},{"type":"Feature","id":"DESNATP1iE00009S","properties":{"id":"DESNATP1iE00009S","height_m":4.098,"ground_m":248.598,"height_source":"LoD1 solid top minus bottom","production":"2024","laser":"2016","footprints":"2022"},"geometry":{"type":"Polygon","coordinates":[[[13.608725391602803,51.0697718912217],[13.608752748267946,51.06979635393216],[13.60878267878409,51.06978305890793],[13.608810299846812,51.06980774957555],[13.608853567764557,51.069788543046386],[13.608798604272978,51.06973938986503],[13.60876592532665,51.06975390219776],[13.608725391602803,51.0697718912217]]]}},{"type":"Feature","id":"DESNATP1iE0000Cv","properties":{"id":"DESNATP1iE0000Cv","height_m":2.842,"ground_m":233.295,"height_source":"LoD1 solid top minus bottom","production":"2024","laser":"2016","footprints":"2022"},"geometry":{"type":"Polygon","coordinates":[[[13.613115622233968,51.082310011824184],[13.613038247391518,51.08229207014639],[13.61300475655257,51.08234875085429],[13.613082443315353,51.08236676819815],[13.613115622233968,51.082310011824184]]]}},{"type":"Feature","id":"DESNATPU1000I8LZ","properties":{"id":"DESNATPU1000I8LZ","height_m":4.245,"ground_m":237.707,"height_source":"LoD1 solid top minus bottom","production":"2024","laser":"2016","footprints":"2022"},"geometry":{"type":"Polygon","coordinates":[[[13.609659362180833,51.08305534814603],[13.609706244587588,51.08311076263119],[13.609771007255457,51.08308887072329],[13.609723836647804,51.0830335427656],[13.609659362180833,51.08305534814603]]]}},{"type":"Feature","id":"DESNATPU1000JamY","properties":{"id":"DESNATPU1000JamY","height_m":7.427,"ground_m":133.344,"height_source":"LoD1 solid top minus bottom","production":"2024","laser":"2016","footprints":"2022"},"geometry":{"type":"Polygon","coordinates":[[[13.621942686323603,51.08084349128719],[13.622006373704139,51.08091034007778],[13.622145419908618,51.08085784181779],[13.622081729725876,51.08079108299912],[13.621942686323603,51.08084349128719]]]}},{"type":"Feature","id":"DESNATPU1000FH27","properties":{"id":"DESNATPU1000FH27","height_m":10.521,"ground_m":150.629,"height_source":"LoD1 solid top minus bottom","production":"2024","laser":"2016","footprints":"2022"},"geometry":{"type":"Polygon","coordinates":[[[13.616586583684661,51.08005818088094],[13.616568884217001,51.080058061328884],[13.616569092495071,51.0800223618767],[13.616486287387517,51.08002142676911],[13.616404538382039,51.08002050410386],[13.616399194931054,51.08019004744366],[13.616561649122373,51.08019053142881],[13.6165625272319,51.08008451522274],[13.6165863661834,51.08008461750977],[13.616586583684661,51.08005818088094]]]}},{"type":"Feature","id":"DESNATP1iE0000Eq","properties":{"id":"DESNATP1iE0000Eq","height_m":2.917,"ground_m":197.774,"height_source":"LoD1 solid top minus bottom","production":"2024","laser":"2016","footprints":"2022"},"geometry":{"type":"Polygon","coordinates":[[[13.627345034860467,51.08027978328026],[13.627179801769403,51.08029744734386],[13.62719326956386,51.080347444266685],[13.627358502828661,51.08032978018554],[13.627345034860467,51.08027978328026]]]}},{"type":"Feature","id":"DESNATPU1000BUYi","properties":{"id":"DESNATPU1000BUYi","height_m":6.243,"ground_m":258.971,"height_source":"LoD1 solid top minus bottom","production":"2024","laser":"2016","footprints":"2022"},"geometry":{"type":"Polygon","coordinates":[[[13.606833240502867,51.06807920875236],[13.606819486710805,51.068180755087255],[13.606902848602349,51.06818525598692],[13.60690800693579,51.0681465578508],[13.606915700794495,51.068147009274014],[13.60692164779284,51.06814384269508],[13.606924654009909,51.068119777417216],[13.606920048177972,51.068116305197954],[13.606912208946486,51.06811594197178],[13.606916602213682,51.06808370964087],[13.606833240502867,51.06807920875236]]]}},{"type":"Feature","id":"DESNATPU1000DOGn","properties":{"id":"DESNATPU1000DOGn","height_m":6.485,"ground_m":239.885,"height_source":"LoD1 solid top minus bottom","production":"2024","laser":"2016","footprints":"2022"},"geometry":{"type":"Polygon","coordinates":[[[13.60287010289961,51.08181799536546],[13.602870239386219,51.081822943110886],[13.602829243361079,51.08182362217549],[13.60283189586715,51.08190144276501],[13.602962445643602,51.081899585830094],[13.60296035785993,51.08184092694448],[13.602959790210349,51.0818218551388],[13.602921799444369,51.081822300366206],[13.602921805672862,51.08181735432662],[13.60287010289961,51.08181799536546]]]}},{"type":"Feature","id":"DESNATP1iE0000B9","properties":{"id":"DESNATP1iE0000B9","height_m":3.026,"ground_m":173.208,"height_source":"LoD1 solid top minus bottom","production":"2024","laser":"2016","footprints":"2022"},"geometry":{"type":"Polygon","coordinates":[[[13.609015097827175,51.07841052318079],[13.609029790076967,51.07838712754079],[13.608898063423583,51.078354309443114],[13.60888337111839,51.07837770506625],[13.609015097827175,51.07841052318079]]]}},{"type":"Feature","id":"DESNATP1iE0000D4","properties":{"id":"DESNATP1iE0000D4","height_m":4.416,"ground_m":204.214,"height_source":"LoD1 solid top minus bottom","production":"2024","laser":"2016","footprints":"2022"},"geometry":{"type":"Polygon","coordinates":[[[13.618772769914116,51.08173344481656],[13.618589933220658,51.08170911662647],[13.618573777727569,51.081757316612666],[13.618799533183036,51.08178734988433],[13.618821486137046,51.08172185303924],[13.61877858215308,51.08171613917147],[13.618772769914116,51.08173344481656]]]}},{"type":"Feature","id":"DESNATP1iE0000Ci","properties":{"id":"DESNATP1iE0000Ci","height_m":4.515,"ground_m":154.769,"height_source":"LoD1 solid top minus bottom","production":"2024","laser":"2016","footprints":"2022"},"geometry":{"type":"Polygon","coordinates":[[[13.614639569879218,51.07936208125504],[13.614444635762993,51.07923652261938],[13.614381616621621,51.079275335482045],[13.614576564997657,51.079400894391085],[13.614639569879218,51.07936208125504]]]}},{"type":"Feature","id":"DESNATPU1000CRLF","properties":{"id":"DESNATPU1000CRLF","height_m":5.877,"ground_m":172.548,"height_source":"LoD1 solid top minus bottom","production":"2024","laser":"2016","footprints":"2022"},"geometry":{"type":"Polygon","coordinates":[[[13.609069214680064,51.07832354002139],[13.608937487908014,51.0782907309587],[13.608898063423583,51.078354309443114],[13.609029790076967,51.07838712754079],[13.609069214680064,51.07832354002139]]]}},{"type":"Feature","id":"DESNATPU1000GF4Q","properties":{"id":"DESNATPU1000GF4Q","height_m":6.342,"ground_m":244.961,"height_source":"LoD1 solid top minus bottom","production":"2024","laser":"2016","footprints":"2022"},"geometry":{"type":"Polygon","coordinates":[[[13.62030417071371,51.069812949065394],[13.620317244661505,51.06967569129882],[13.620202973248956,51.069673712832945],[13.620201176523922,51.06977252401513],[13.620199980756588,51.06982233077687],[13.62030417071371,51.069812949065394]]]}},{"type":"Feature","id":"DESNATPU1000Ekhc","properties":{"id":"DESNATPU1000Ekhc","height_m":3.402,"ground_m":250.938,"height_source":"LoD1 solid top minus bottom","production":"2024","laser":"2016","footprints":"2022"},"geometry":{"type":"Polygon","coordinates":[[[13.60869772637174,51.07000665553157],[13.60866152678759,51.069985774650924],[13.60865264287161,51.06998691891501],[13.608656877089656,51.069993750002105],[13.608605412885527,51.07000639295664],[13.608641938491678,51.07006542581747],[13.60869939880561,51.07005131642941],[13.60872046468012,51.070046144444284],[13.608688059745978,51.07001010166854],[13.60869772637174,51.07000665553157]]]}},{"type":"Feature","id":"DESNATP1iE00006d","properties":{"id":"DESNATP1iE00006d","height_m":3.523,"ground_m":127.953,"height_source":"LoD1 solid top minus bottom","production":"2024","laser":"2016","footprints":"2022"},"geometry":{"type":"Polygon","coordinates":[[[13.623849511899586,51.08228140555451],[13.623966508906616,51.082218078865445],[13.62387692578884,51.082152410145056],[13.623759928828633,51.08221573674549],[13.623849511899586,51.08228140555451]]]}},{"type":"Feature","id":"DESNATP1DF0000Ai","properties":{"id":"DESNATP1DF0000Ai","height_m":6.183,"ground_m":229.832,"height_source":"LoD1 solid top minus bottom","production":"2024","laser":"2016","footprints":"2022"},"geometry":{"type":"Polygon","coordinates":[[[13.613836897210353,51.08243713016661],[13.613708828713683,51.08241326395158],[13.613673469256305,51.08248853804033],[13.61380153794115,51.08251240429529],[13.613836897210353,51.08243713016661]]]}},{"type":"Feature","id":"DESNATPU1000Hk5N","properties":{"id":"DESNATPU1000Hk5N","height_m":2.369,"ground_m":236.816,"height_source":"LoD1 solid top minus bottom","production":"2024","laser":"2016","footprints":"2022"},"geometry":{"type":"Polygon","coordinates":[[[13.611904989037992,51.082731690540975],[13.611844602833264,51.082707591818654],[13.61177247089756,51.08278254554456],[13.611832717127722,51.082806552712036],[13.611904989037992,51.082731690540975]]]}},{"type":"Feature","id":"UUID_3f21440e-dcfa-4706-b200-6b75fb986b4b","properties":{"id":"UUID_3f21440e-dcfa-4706-b200-6b75fb986b4b","height_m":6.265,"ground_m":253.047,"height_source":"LoD1 solid top minus bottom","production":"2024","laser":"2016","footprints":"2022"},"geometry":{"type":"Polygon","coordinates":[[[13.60828812472532,51.07006496344048],[13.608268113375946,51.07004211688749],[13.608194265943059,51.070067676792355],[13.60821475322605,51.070090834785596],[13.60828812472532,51.07006496344048]]]}},{"type":"Feature","id":"UUID_f257fe97-6085-49da-85c8-e370480f1692","properties":{"id":"UUID_f257fe97-6085-49da-85c8-e370480f1692","height_m":8.22,"ground_m":253.047,"height_source":"LoD1 solid top minus bottom","production":"2024","laser":"2016","footprints":"2022"},"geometry":{"type":"Polygon","coordinates":[[[13.607959936246024,51.07010003956405],[13.60796432176879,51.070105154825576],[13.607961753926226,51.070106059508895],[13.607991069050302,51.07013802785498],[13.60819376899811,51.07006711331193],[13.608194265943059,51.070067676792355],[13.608268113375946,51.07004211688749],[13.608267961546442,51.07004194421359],[13.60831285470477,51.07002662420345],[13.608281335333881,51.0699896206196],[13.608250615536923,51.06995356181441],[13.607928449395592,51.070063386996786],[13.607959936246024,51.07010003956405]]]}},{"type":"Feature","id":"DESNATP1iE0000Ba","properties":{"id":"DESNATP1iE0000Ba","height_m":2.387,"ground_m":233.061,"height_source":"LoD1 solid top minus bottom","production":"2024","laser":"2016","footprints":"2022"},"geometry":{"type":"Polygon","coordinates":[[[13.626469465446208,51.07529821081765],[13.626377020178644,51.075313131842876],[13.62639687407638,51.075361917968415],[13.626489319701584,51.075346987938495],[13.626469465446208,51.07529821081765]]]}},{"type":"Feature","id":"DESNATP1iE0000D7","properties":{"id":"DESNATP1iE0000D7","height_m":3.017,"ground_m":220.174,"height_source":"LoD1 solid top minus bottom","production":"2024","laser":"2016","footprints":"2022"},"geometry":{"type":"Polygon","coordinates":[[[13.616168771128974,51.081891910666855],[13.616160927697749,51.081927492738785],[13.616252110396989,51.08193486724881],[13.616257890540215,51.08192728269633],[13.616276335972605,51.08190338203089],[13.616276782209127,51.08190134591968],[13.616168771128974,51.081891910666855]]]}},{"type":"Feature","id":"DESNATPU1000JT4d","properties":{"id":"DESNATPU1000JT4d","height_m":8.731,"ground_m":224.453,"height_source":"LoD1 solid top minus bottom","production":"2024","laser":"2016","footprints":"2022"},"geometry":{"type":"Polygon","coordinates":[[[13.612842207421359,51.082847116392365],[13.612984657058488,51.08290573199576],[13.613059050783608,51.082833861961774],[13.612916598580785,51.08277533634668],[13.612842207421359,51.082847116392365]]]}},{"type":"Feature","id":"DESNATPU1000CBBK","properties":{"id":"DESNATPU1000CBBK","height_m":3.996,"ground_m":167.59,"height_source":"LoD1 solid top minus bottom","production":"2024","laser":"2016","footprints":"2022"},"geometry":{"type":"Polygon","coordinates":[[[13.619065772178578,51.07865159634704],[13.619141058656723,51.078693043876456],[13.61918803695112,51.078659155944635],[13.6191128878436,51.07861788992662],[13.619065772178578,51.07865159634704]]]}},{"type":"Feature","id":"DESNATPU1000JJjP","properties":{"id":"DESNATPU1000JJjP","height_m":6.79,"ground_m":246.829,"height_source":"LoD1 solid top minus bottom","production":"2024","laser":"2016","footprints":"2022"},"geometry":{"type":"Polygon","coordinates":[[[13.608820105137244,51.06954786218711],[13.60880603213132,51.069579259924446],[13.608841161699706,51.069583455101814],[13.60885446196633,51.06955402661132],[13.609063726000015,51.069591589687036],[13.609072091355133,51.069572983909744],[13.609086972684425,51.06953985112874],[13.609097525537475,51.06951636123253],[13.608767302411144,51.06945712433719],[13.60873350238514,51.069532352693116],[13.608820105137244,51.06954786218711]]]}},{"type":"Feature","id":"DESNATPU1000HD05","properties":{"id":"DESNATPU1000HD05","height_m":5.299,"ground_m":204.305,"height_source":"LoD1 solid top minus bottom","production":"2024","laser":"2016","footprints":"2022"},"geometry":{"type":"Polygon","coordinates":[[[13.625757043408539,51.08007723704443],[13.625601446899319,51.08009105528789],[13.625618043537553,51.080162114635165],[13.625773080068566,51.08014793006852],[13.625757043408539,51.08007723704443]]]}},{"type":"Feature","id":"DESNATPU1000Hrir","properties":{"id":"DESNATPU1000Hrir","height_m":3.696,"ground_m":252.261,"height_source":"LoD1 solid top minus bottom","production":"2024","laser":"2016","footprints":"2022"},"geometry":{"type":"Polygon","coordinates":[[[13.623746142239403,51.06979633400433],[13.623670974008578,51.06980994548406],[13.623669653840212,51.06981018174038],[13.623593738803056,51.069823946249265],[13.623594676257722,51.06982602566422],[13.623767893415886,51.07020828669594],[13.623843515662912,51.070194788413104],[13.623845223227136,51.070194484772564],[13.623920432706974,51.070180945608385],[13.623746947682147,51.06979805214619],[13.623746142239403,51.06979633400433]]]}},{"type":"Feature","id":"UUID_fedb4a9c-79f0-4a51-acde-b01d3652ed57","properties":{"id":"UUID_fedb4a9c-79f0-4a51-acde-b01d3652ed57","height_m":3.578,"ground_m":247.114,"height_source":"LoD1 solid top minus bottom","production":"2024","laser":"2016","footprints":"2022"},"geometry":{"type":"Polygon","coordinates":[[[13.601217927968792,51.077731062324304],[13.601068932954385,51.0777622023472],[13.601095351081526,51.07781212359461],[13.60124455741751,51.07778060836302],[13.601217927968792,51.077731062324304]]]}},{"type":"Feature","id":"UUID_62ea1a9d-8fa2-46c3-8a79-9748d753f3f9","properties":{"id":"UUID_62ea1a9d-8fa2-46c3-8a79-9748d753f3f9","height_m":8.102,"ground_m":247.114,"height_source":"LoD1 solid top minus bottom","production":"2024","laser":"2016","footprints":"2022"},"geometry":{"type":"Polygon","coordinates":[[[13.601301289442812,51.07764286789443],[13.601183877096,51.07766772222016],[13.601217927968792,51.077731062324304],[13.60124455741751,51.07778060836302],[13.60127326914151,51.07783401030605],[13.601390486139568,51.07780901865804],[13.601301289442812,51.07764286789443]]]}},{"type":"Feature","id":"DESNATPU1000GtGX","properties":{"id":"DESNATPU1000GtGX","height_m":3.953,"ground_m":235.693,"height_source":"LoD1 solid top minus bottom","production":"2024","laser":"2016","footprints":"2022"},"geometry":{"type":"Polygon","coordinates":[[[13.603530059322994,51.08057361550944],[13.603609827197198,51.080574928192966],[13.603613700733188,51.08047946948837],[13.603534363879369,51.08047807202685],[13.603530059322994,51.08057361550944]]]}},{"type":"Feature","id":"DESNATP1iE0000CL","properties":{"id":"DESNATP1iE0000CL","height_m":2.546,"ground_m":224.322,"height_source":"LoD1 solid top minus bottom","production":"2024","laser":"2016","footprints":"2022"},"geometry":{"type":"Polygon","coordinates":[[[13.614719058198736,51.082677384308326],[13.614636193112974,51.082665394895116],[13.61461718897308,51.082717517469874],[13.614722643586708,51.082732769252544],[13.61474164761499,51.08268064665989],[13.614719058198736,51.082677384308326]]]}},{"type":"Feature","id":"DESNATPU1000EYYU","properties":{"id":"DESNATPU1000EYYU","height_m":3.879,"ground_m":238.729,"height_source":"LoD1 solid top minus bottom","production":"2024","laser":"2016","footprints":"2022"},"geometry":{"type":"Polygon","coordinates":[[[13.603836578883621,51.077595398797364],[13.603948675370644,51.077608608386534],[13.603964879351587,51.07755403491796],[13.603853068406242,51.07754082875436],[13.603836578883621,51.077595398797364]]]}},{"type":"Feature","id":"UUID_7a9a9f5b-d6e4-47ef-8c4e-55477d96b484","properties":{"id":"UUID_7a9a9f5b-d6e4-47ef-8c4e-55477d96b484","height_m":6.15,"ground_m":243.613,"height_source":"LoD1 solid top minus bottom","production":"2024","laser":"2016","footprints":"2022"},"geometry":{"type":"Polygon","coordinates":[[[13.602558232898472,51.07877369230433],[13.602653033963394,51.078767784194646],[13.60264578474296,51.078721716633225],[13.602550977626159,51.078727354876186],[13.602558232898472,51.07877369230433]]]}},{"type":"Feature","id":"UUID_a0a9a4a9-8b6b-47d6-b1a2-c89a84f89f05","properties":{"id":"UUID_a0a9a4a9-8b6b-47d6-b1a2-c89a84f89f05","height_m":3.428,"ground_m":243.613,"height_source":"LoD1 solid top minus bottom","production":"2024","laser":"2016","footprints":"2022"},"geometry":{"type":"Polygon","coordinates":[[[13.602550942938594,51.07872708467329],[13.602550977626159,51.078727354876186],[13.602609629653648,51.07872386537367],[13.60264578474296,51.078721716633225],[13.602638884395855,51.07867781154717],[13.602602740361448,51.07868006833279],[13.60256739740097,51.0786822717339],[13.602574228576353,51.07872562742815],[13.602550942938594,51.07872708467329]]]}},{"type":"Feature","id":"UUID_2515ec29-c1eb-4afa-a901-f71c69f4aa35","properties":{"id":"UUID_2515ec29-c1eb-4afa-a901-f71c69f4aa35","height_m":6.191,"ground_m":243.613,"height_source":"LoD1 solid top minus bottom","production":"2024","laser":"2016","footprints":"2022"},"geometry":{"type":"Polygon","coordinates":[[[13.602566732945453,51.07882799437182],[13.602558232898472,51.07877369230433],[13.602550977626159,51.078727354876186],[13.602550942938594,51.07872708467329],[13.602462348879639,51.07873262625943],[13.602478054693558,51.07883348100636],[13.60252308046183,51.07883069194926],[13.602566732945453,51.07882799437182]]]}},{"type":"Feature","id":"DESNATPU1000HlMZ","properties":{"id":"DESNATPU1000HlMZ","height_m":2.887,"ground_m":217.466,"height_source":"LoD1 solid top minus bottom","production":"2024","laser":"2016","footprints":"2022"},"geometry":{"type":"Polygon","coordinates":[[[13.628031190116383,51.07859485021667],[13.627864924051217,51.078641370374925],[13.62789575778452,51.078684898340214],[13.627929299665475,51.07867548979207],[13.62793875323549,51.07868891028223],[13.628071474918643,51.07865188851712],[13.628052427668338,51.078624955983805],[13.628031190116383,51.07859485021667]]]}},{"type":"Feature","id":"UUID_6a57d0f5-3258-4092-85be-770acfb3aba5","properties":{"id":"UUID_6a57d0f5-3258-4092-85be-770acfb3aba5","height_m":5.815,"ground_m":238.1,"height_source":"LoD1 solid top minus bottom","production":"2024","laser":"2016","footprints":"2022"},"geometry":{"type":"Polygon","coordinates":[[[13.605904616745063,51.08280364608106],[13.605878608579797,51.08280441504203],[13.605878451313341,51.08280442215928],[13.605881538221096,51.08284944161566],[13.605881832587357,51.08284914835978],[13.605906270649118,51.08282461933504],[13.605904616745063,51.08280364608106]]]}},{"type":"Feature","id":"UUID_e63486ad-7922-4920-a3b5-d15a4ce78ca5","properties":{"id":"UUID_e63486ad-7922-4920-a3b5-d15a4ce78ca5","height_m":10.92,"ground_m":238.1,"height_source":"LoD1 solid top minus bottom","production":"2024","laser":"2016","footprints":"2022"},"geometry":{"type":"Polygon","coordinates":[[[13.60572897906464,51.08286144411593],[13.605744847406914,51.08287026660685],[13.605746785640603,51.082900775761196],[13.605782219058163,51.08289993939171],[13.605782207218207,51.082899858314114],[13.605809641327948,51.0828991513468],[13.605875383281555,51.0828974534074],[13.60588481388271,51.08289720616666],[13.605881832587357,51.08284914835978],[13.605881538221096,51.08284944161566],[13.605878451313341,51.08280442215928],[13.605878608579797,51.08280441504203],[13.605877471022872,51.08279001278537],[13.605813164245488,51.08279194367353],[13.605812556547228,51.08278366292891],[13.605752679618591,51.08278546676139],[13.605753292711716,51.0827935677121],[13.605739144138044,51.08279402845431],[13.605741709495636,51.08282742282734],[13.605726564547185,51.082827781754055],[13.60572897906464,51.08286144411593]]]}},{"type":"Feature","id":"UUID_76b445c3-e203-4f4c-b160-36d5865c9742","properties":{"id":"UUID_76b445c3-e203-4f4c-b160-36d5865c9742","height_m":9.027,"ground_m":238.1,"height_source":"LoD1 solid top minus bottom","production":"2024","laser":"2016","footprints":"2022"},"geometry":{"type":"Polygon","coordinates":[[[13.605783969167023,51.08292720884628],[13.60581468730068,51.08292649608348],[13.605833962415335,51.082926006547794],[13.605877128040072,51.082924902655165],[13.605875383281555,51.0828974534074],[13.60583221741209,51.082898566289295],[13.605782207218207,51.082899858314114],[13.605782219058163,51.08289993939171],[13.605783969167023,51.08292720884628]]]}},{"type":"Feature","id":"DESNATPU1000DiCa","properties":{"id":"DESNATPU1000DiCa","height_m":6.236,"ground_m":240.847,"height_source":"LoD1 solid top minus bottom","production":"2024","laser":"2016","footprints":"2022"},"geometry":{"type":"Polygon","coordinates":[[[13.603391696535581,51.08183537984829],[13.603383350517138,51.08175695167123],[13.60332079587816,51.08175953162301],[13.603256697144465,51.0817621830198],[13.60326510715243,51.081843219922284],[13.603329315842593,51.08184071372122],[13.603409905224828,51.08183757585255],[13.603409849135216,51.081834697443455],[13.603391696535581,51.08183537984829]]]}},{"type":"Feature","id":"UUID_35858510-c25c-41a4-a52e-ab111cd59de4","properties":{"id":"UUID_35858510-c25c-41a4-a52e-ab111cd59de4","height_m":8.313,"ground_m":126.591,"height_source":"LoD1 solid top minus bottom","production":"2024","laser":"2016","footprints":"2022"},"geometry":{"type":"Polygon","coordinates":[[[13.624341903093969,51.08286539201697],[13.62441412303298,51.08284214091887],[13.624364671431042,51.08278130641753],[13.624364729054326,51.08278128910985],[13.624340431881274,51.082751344526976],[13.624268500165046,51.082774509042494],[13.624341903093969,51.08286539201697]]]}},{"type":"Feature","id":"UUID_c98550b3-e476-4a35-8b08-4dfba4239f4a","properties":{"id":"UUID_c98550b3-e476-4a35-8b08-4dfba4239f4a","height_m":8.565,"ground_m":126.591,"height_source":"LoD1 solid top minus bottom","production":"2024","laser":"2016","footprints":"2022"},"geometry":{"type":"Polygon","coordinates":[[[13.62456575581134,51.08279861894631],[13.624614477290253,51.08278298699996],[13.624567786658794,51.08272533259217],[13.62449614587645,51.082748320812314],[13.62444354696614,51.08276519306729],[13.624490367267075,51.08282280408612],[13.62456575581134,51.08279861894631]]]}},{"type":"Feature","id":"UUID_d815a421-592b-42fb-87c8-cc17f9ed4a00","properties":{"id":"UUID_d815a421-592b-42fb-87c8-cc17f9ed4a00","height_m":8.007,"ground_m":126.591,"height_source":"LoD1 solid top minus bottom","production":"2024","laser":"2016","footprints":"2022"},"geometry":{"type":"Polygon","coordinates":[[[13.624364729054326,51.08278128910985],[13.624423743263256,51.08276233408618],[13.62439938763835,51.08273243379232],[13.624340431881274,51.082751344526976],[13.624364729054326,51.08278128910985]]]}},{"type":"Feature","id":"UUID_3cfe70e9-18a2-4e30-8f5f-9060a465038d","properties":{"id":"UUID_3cfe70e9-18a2-4e30-8f5f-9060a465038d","height_m":6.855,"ground_m":126.591,"height_source":"LoD1 solid top minus bottom","production":"2024","laser":"2016","footprints":"2022"},"geometry":{"type":"Polygon","coordinates":[[[13.62439938763835,51.08273243379232],[13.624423743263256,51.08276233408618],[13.624437610184229,51.08275788390629],[13.62444354696614,51.08276519306729],[13.62449614587645,51.082748320812314],[13.624454964422023,51.08269747587433],[13.624388366991763,51.08271890465272],[13.62439938763835,51.08273243379232]]]}},{"type":"Feature","id":"DESNATPU1000IJnj","properties":{"id":"DESNATPU1000IJnj","height_m":8.906,"ground_m":175.151,"height_source":"LoD1 solid top minus bottom","production":"2024","laser":"2016","footprints":"2022"},"geometry":{"type":"Polygon","coordinates":[[[13.619058877033737,51.077123436658326],[13.618880975616026,51.07712430237498],[13.61888196922721,51.07720120365517],[13.619059733585445,51.07720015645796],[13.619058877033737,51.077123436658326]]]}},{"type":"Feature","id":"DESNATPU1000E749","properties":{"id":"DESNATPU1000E749","height_m":2.847,"ground_m":243.79,"height_source":"LoD1 solid top minus bottom","production":"2024","laser":"2016","footprints":"2022"},"geometry":{"type":"Polygon","coordinates":[[[13.610967950606769,51.0700299796839],[13.610936689064756,51.07001575901983],[13.610931977810036,51.070020559218634],[13.610962361713078,51.07003548888933],[13.610967950606769,51.0700299796839]]]}},{"type":"Feature","id":"DESNATPU1000FfoT","properties":{"id":"DESNATPU1000FfoT","height_m":8.63,"ground_m":203.942,"height_source":"LoD1 solid top minus bottom","production":"2024","laser":"2016","footprints":"2022"},"geometry":{"type":"Polygon","coordinates":[[[13.623894972314062,51.0782188854744],[13.623948454237349,51.078230306612504],[13.62397612282959,51.07823602809268],[13.624037974539517,51.07811930863838],[13.623956536115749,51.07810225260182],[13.623894972314062,51.0782188854744]]]}},{"type":"Feature","id":"UUID_b14bb534-c426-4b73-96fc-451c928e9d1b","properties":{"id":"UUID_b14bb534-c426-4b73-96fc-451c928e9d1b","height_m":5.895,"ground_m":138.528,"height_source":"LoD1 solid top minus bottom","production":"2024","laser":"2016","footprints":"2022"},"geometry":{"type":"Polygon","coordinates":[[[13.628059715852153,51.08342195270403],[13.628084981200805,51.08342215930878],[13.62808589608496,51.08339123442841],[13.628060633412739,51.08339093792608],[13.628059715852153,51.08342195270403]]]}},{"type":"Feature","id":"UUID_353fad11-bf5a-41f0-8ab9-a0703e1067dd","properties":{"id":"UUID_353fad11-bf5a-41f0-8ab9-a0703e1067dd","height_m":8.839,"ground_m":138.528,"height_source":"LoD1 solid top minus bottom","production":"2024","laser":"2016","footprints":"2022"},"geometry":{"type":"Polygon","coordinates":[[[13.62792002404149,51.08345763365931],[13.628058606798492,51.08345944013106],[13.628060633412739,51.08339093792608],[13.627922045540558,51.083389311254095],[13.62792002404149,51.08345763365931]]]}},{"type":"Feature","id":"DESNATP1DF0000Bx","properties":{"id":"DESNATP1DF0000Bx","height_m":8.95,"ground_m":199.836,"height_source":"LoD1 solid top minus bottom","production":"2024","laser":"2016","footprints":"2022"},"geometry":{"type":"Polygon","coordinates":[[[13.626090130718566,51.08037461855004],[13.62610988222679,51.0804529452092],[13.626255765900458,51.08043835565158],[13.626236014417394,51.08036002002525],[13.626090130718566,51.08037461855004]]]}},{"type":"Feature","id":"DESNATPU1000C7g2","properties":{"id":"DESNATPU1000C7g2","height_m":4.461,"ground_m":124.859,"height_source":"LoD1 solid top minus bottom","production":"2024","laser":"2016","footprints":"2022"},"geometry":{"type":"Polygon","coordinates":[[[13.624633943589615,51.083224228625426],[13.624871380853394,51.08326272399712],[13.624886905161864,51.08322549610065],[13.624648135548055,51.083188603807706],[13.624633943589615,51.083224228625426]]]}},{"type":"Feature","id":"DESNATPU1000CJrD","properties":{"id":"DESNATPU1000CJrD","height_m":4.437,"ground_m":169.14,"height_source":"LoD1 solid top minus bottom","production":"2024","laser":"2016","footprints":"2022"},"geometry":{"type":"Polygon","coordinates":[[[13.629426777840765,51.081335806498466],[13.629330612947243,51.0813530244344],[13.629349894738246,51.081396236664766],[13.629446059714832,51.081379018713726],[13.629426777840765,51.081335806498466]]]}},{"type":"Feature","id":"DESNATP1iE00006W","properties":{"id":"DESNATP1iE00006W","height_m":1.836,"ground_m":252.845,"height_source":"LoD1 solid top minus bottom","production":"2024","laser":"2016","footprints":"2022"},"geometry":{"type":"Polygon","coordinates":[[[13.622615207063932,51.068997910348884],[13.622582833453624,51.068929704092795],[13.62243802091539,51.068956990609266],[13.622470394330293,51.06902519690367],[13.622615207063932,51.068997910348884]]]}},{"type":"Feature","id":"DESNATPU1000JGXy","properties":{"id":"DESNATPU1000JGXy","height_m":8.498,"ground_m":239.122,"height_source":"LoD1 solid top minus bottom","production":"2024","laser":"2016","footprints":"2022"},"geometry":{"type":"Polygon","coordinates":[[[13.606281281275892,51.08110304196478],[13.606416483977796,51.08110780150071],[13.606425541439759,51.08100592962754],[13.606290484453368,51.08100108190888],[13.606281281275892,51.08110304196478]]]}},{"type":"Feature","id":"DESNATPU1000Gwyj","properties":{"id":"DESNATPU1000Gwyj","height_m":2.502,"ground_m":249.153,"height_source":"LoD1 solid top minus bottom","production":"2024","laser":"2016","footprints":"2022"},"geometry":{"type":"Polygon","coordinates":[[[13.608705314625775,51.06889207895395],[13.608691507477513,51.068876536652475],[13.608653596834031,51.06888894527599],[13.608614078934517,51.06890259376633],[13.608602029616387,51.068890309842104],[13.60850140554069,51.06892355489021],[13.60855839448601,51.06898889266531],[13.608650355339538,51.068958961759144],[13.60864911434019,51.0689575081141],[13.608618086485023,51.068926023141564],[13.608705314625775,51.06889207895395]]]}},{"type":"Feature","id":"DESNATPU1000E6pd","properties":{"id":"DESNATPU1000E6pd","height_m":4.695,"ground_m":234.01,"height_source":"LoD1 solid top minus bottom","production":"2024","laser":"2016","footprints":"2022"},"geometry":{"type":"Polygon","coordinates":[[[13.605042612952813,51.079398943280125],[13.604971798688148,51.07947498775023],[13.605059068244254,51.07950687503741],[13.605136816472474,51.07942812545117],[13.605086281466324,51.07941376319145],[13.605042612952813,51.079398943280125]]]}},{"type":"Feature","id":"DESNATP1DF0000AG","properties":{"id":"DESNATP1DF0000AG","height_m":3.748,"ground_m":240.206,"height_source":"LoD1 solid top minus bottom","production":"2024","laser":"2016","footprints":"2022"},"geometry":{"type":"Polygon","coordinates":[[[13.60312022654892,51.08251993353932],[13.603122592078048,51.08255658103304],[13.603145830693187,51.08255627420055],[13.60321477475062,51.08255538042449],[13.603213541339999,51.082518116955974],[13.60312022654892,51.08251993353932]]]}},{"type":"Feature","id":"UUID_fbdea829-0490-4a63-8c07-9afa1d1015b2","properties":{"id":"UUID_fbdea829-0490-4a63-8c07-9afa1d1015b2","height_m":9.554,"ground_m":237.386,"height_source":"LoD1 solid top minus bottom","production":"2024","laser":"2016","footprints":"2022"},"geometry":{"type":"Polygon","coordinates":[[[13.601282346748363,51.081083888429035],[13.60126776583551,51.0810939658971],[13.601264823727163,51.08110157468705],[13.601272684829771,51.081110751622354],[13.601285720021721,51.08111405513326],[13.601286432937636,51.08115669018506],[13.601285518997166,51.081156697234505],[13.6012853391345,51.08119201034519],[13.601328207382407,51.08119172293757],[13.601397065323301,51.081191251879574],[13.601483373234249,51.0811906658175],[13.601482123116513,51.08111091948351],[13.601409866971695,51.081111403888684],[13.601396629661851,51.081111488310455],[13.601285717702002,51.08111223853224],[13.601285773884179,51.08108386648848],[13.601282346748363,51.081083888429035]]]}},{"type":"Feature","id":"UUID_049dfba0-3a45-4150-8ae8-4adda077cba6","properties":{"id":"UUID_049dfba0-3a45-4150-8ae8-4adda077cba6","height_m":11.853,"ground_m":237.386,"height_source":"LoD1 solid top minus bottom","production":"2024","laser":"2016","footprints":"2022"},"geometry":{"type":"Polygon","coordinates":[[[13.601396394003745,51.08119126183292],[13.601328207382407,51.08119172293757],[13.601328466469532,51.08120206791505],[13.601345458118105,51.08120200144552],[13.60139358140256,51.08120167797177],[13.601396608392756,51.081201669225926],[13.601483537507786,51.08120131541994],[13.601483373234249,51.0811906658175],[13.601396394003745,51.08119126183292]]]}},{"type":"Feature","id":"UUID_e2f17d58-7fa8-4595-a65c-75d8d098289f","properties":{"id":"UUID_e2f17d58-7fa8-4595-a65c-75d8d098289f","height_m":5.323,"ground_m":237.386,"height_source":"LoD1 solid top minus bottom","production":"2024","laser":"2016","footprints":"2022"},"geometry":{"type":"Polygon","coordinates":[[[13.601285518997166,51.081156697234505],[13.601242876691018,51.08115706826652],[13.601243531645503,51.0812063573981],[13.601285227173769,51.08120613690917],[13.60128508196993,51.08119201626083],[13.6012853391345,51.08119201034519],[13.601285518997166,51.081156697234505]]]}},{"type":"Feature","id":"UUID_0eb4baec-0dec-4339-bd7d-1aa86e5d2c77","properties":{"id":"UUID_0eb4baec-0dec-4339-bd7d-1aa86e5d2c77","height_m":7.942,"ground_m":237.386,"height_source":"LoD1 solid top minus bottom","production":"2024","laser":"2016","footprints":"2022"},"geometry":{"type":"Polygon","coordinates":[[[13.601361742015936,51.0810833816117],[13.601361317203049,51.081064329488164],[13.601314481236091,51.08106457842272],[13.601314618966512,51.0810836810689],[13.601361742015936,51.0810833816117]]]}},{"type":"Feature","id":"UUID_447bb657-0948-45a7-b4a8-bc3b54f64f88","properties":{"id":"UUID_447bb657-0948-45a7-b4a8-bc3b54f64f88","height_m":11.839,"ground_m":237.386,"height_source":"LoD1 solid top minus bottom","production":"2024","laser":"2016","footprints":"2022"},"geometry":{"type":"Polygon","coordinates":[[[13.601361741473712,51.08108339959109],[13.601361742015936,51.0810833816117],[13.601314618966512,51.0810836810689],[13.601314620050996,51.08108364511013],[13.601285773884179,51.08108386648848],[13.601285717702002,51.08111223853224],[13.601409866971695,51.081111403888684],[13.601409436480338,51.0810830709867],[13.601361741473712,51.08108339959109]]]}},{"type":"Feature","id":"UUID_4cb84a57-109e-4046-bd92-c4dc7b8b72a9","properties":{"id":"UUID_4cb84a57-109e-4046-bd92-c4dc7b8b72a9","height_m":6.24,"ground_m":135.142,"height_source":"LoD1 solid top minus bottom","production":"2024","laser":"2016","footprints":"2022"},"geometry":{"type":"Polygon","coordinates":[[[13.628744397152529,51.08351672335884],[13.62871927526183,51.08348221062209],[13.628689090141588,51.083440758902995],[13.628627489133532,51.0834583817544],[13.628577350195295,51.083472721745785],[13.628567858414593,51.08347503846969],[13.628612454745006,51.083540940156986],[13.628616426353778,51.08354665228675],[13.628596567789911,51.08355190497822],[13.6285995694658,51.08355710212595],[13.628676143919218,51.08353575202883],[13.628680951955252,51.08353442352632],[13.628740057196383,51.08351815627704],[13.628739920051396,51.08351796581703],[13.628744397152529,51.08351672335884]]]}},{"type":"Feature","id":"UUID_3ac2f7bf-1ae2-4b41-b178-b78d54f1ac7c","properties":{"id":"UUID_3ac2f7bf-1ae2-4b41-b178-b78d54f1ac7c","height_m":2.392,"ground_m":135.142,"height_source":"LoD1 solid top minus bottom","production":"2024","laser":"2016","footprints":"2022"},"geometry":{"type":"Polygon","coordinates":[[[13.62870756422064,51.083588063691984],[13.628676143919218,51.08353575202883],[13.6285995694658,51.08355710212595],[13.62862808803675,51.0836066279358],[13.62870756422064,51.083588063691984]]]}},{"type":"Feature","id":"UUID_81de9737-6a46-4d0b-82cc-917e7ed6fc1e","properties":{"id":"UUID_81de9737-6a46-4d0b-82cc-917e7ed6fc1e","height_m":3.999,"ground_m":135.142,"height_source":"LoD1 solid top minus bottom","production":"2024","laser":"2016","footprints":"2022"},"geometry":{"type":"Polygon","coordinates":[[[13.628744397152529,51.08351672335884],[13.628739920051396,51.08351796581703],[13.628740057196383,51.08351815627704],[13.628795921872692,51.083502354587374],[13.628773030074955,51.08347016121496],[13.62871927526183,51.08348221062209],[13.628744397152529,51.08351672335884]]]}},{"type":"Feature","id":"UUID_d19f8878-af18-4101-adfd-6ca6d4513da1","properties":{"id":"UUID_d19f8878-af18-4101-adfd-6ca6d4513da1","height_m":9.033,"ground_m":155.695,"height_source":"LoD1 solid top minus bottom","production":"2024","laser":"2016","footprints":"2022"},"geometry":{"type":"Polygon","coordinates":[[[13.614622949089949,51.079829615464476],[13.614537828433459,51.079779559135034],[13.61452539864587,51.079787991058375],[13.614610420477543,51.07983801025377],[13.614622949089949,51.079829615464476]]]}},{"type":"Feature","id":"UUID_4083cf03-98ac-4020-98e1-bbcfb2f4bf38","properties":{"id":"UUID_4083cf03-98ac-4020-98e1-bbcfb2f4bf38","height_m":10.997,"ground_m":155.695,"height_source":"LoD1 solid top minus bottom","production":"2024","laser":"2016","footprints":"2022"},"geometry":{"type":"Polygon","coordinates":[[[13.614721466117903,51.079829802838304],[13.614763704102062,51.079801337187334],[13.614638141084932,51.07972727614095],[13.614578112652717,51.07976775227469],[13.614565908594226,51.079760503210906],[13.614537828433459,51.079779559135034],[13.614549992363376,51.07978671779681],[13.614622949089949,51.079829615464476],[13.614675702408583,51.0798606367928],[13.614721466117903,51.079829802838304]]]}},{"type":"Feature","id":"DESNATP1iE0000CI","properties":{"id":"DESNATP1iE0000CI","height_m":2.696,"ground_m":244.816,"height_source":"LoD1 solid top minus bottom","production":"2024","laser":"2016","footprints":"2022"},"geometry":{"type":"Polygon","coordinates":[[[13.606914977463228,51.08160880454989],[13.606860859002287,51.081608600206245],[13.606860331846768,51.08166417024117],[13.60691445037255,51.08166437458558],[13.606914977463228,51.08160880454989]]]}},{"type":"Feature","id":"DESNATPU1000GOwj","properties":{"id":"DESNATPU1000GOwj","height_m":6.646,"ground_m":256.432,"height_source":"LoD1 solid top minus bottom","production":"2024","laser":"2016","footprints":"2022"},"geometry":{"type":"Polygon","coordinates":[[[13.6074271710844,51.06904349649042],[13.607379269109359,51.069066352372964],[13.60732291034781,51.06909324422488],[13.607394632168427,51.0691527328466],[13.607450918272022,51.069125885059286],[13.607498747584458,51.06910307324651],[13.607448477923725,51.06906119667679],[13.6074271710844,51.06904349649042]]]}},{"type":"Feature","id":"DESNATPU1000Ii7f","properties":{"id":"DESNATPU1000Ii7f","height_m":9.03,"ground_m":195.078,"height_source":"LoD1 solid top minus bottom","production":"2024","laser":"2016","footprints":"2022"},"geometry":{"type":"Polygon","coordinates":[[[13.609320884356709,51.07455021136996],[13.609023086322527,51.07453191934714],[13.609010690193552,51.07461207878135],[13.60930848873623,51.074630370839486],[13.609320884356709,51.07455021136996]]]}},{"type":"Feature","id":"DESNATPU1000CaC4","properties":{"id":"DESNATPU1000CaC4","height_m":7.981,"ground_m":193.693,"height_source":"LoD1 solid top minus bottom","production":"2024","laser":"2016","footprints":"2022"},"geometry":{"type":"Polygon","coordinates":[[[13.626833099720255,51.08056336028885],[13.626856901131736,51.080656356874044],[13.62697847365901,51.080644115741684],[13.626954534613853,51.08055093770696],[13.626833099720255,51.08056336028885]]]}},{"type":"Feature","id":"DESNATPU1000EGR4","properties":{"id":"DESNATPU1000EGR4","height_m":4.254,"ground_m":250.707,"height_source":"LoD1 solid top minus bottom","production":"2024","laser":"2016","footprints":"2022"},"geometry":{"type":"Polygon","coordinates":[[[13.608220127423316,51.06875068867576],[13.60825296374153,51.06884082932028],[13.608352878887857,51.06882646123778],[13.608320187761736,51.068736232421216],[13.608220127423316,51.06875068867576]]]}},{"type":"Feature","id":"DESNATP1DF0000C1","properties":{"id":"DESNATP1DF0000C1","height_m":9.025,"ground_m":195.583,"height_source":"LoD1 solid top minus bottom","production":"2024","laser":"2016","footprints":"2022"},"geometry":{"type":"Polygon","coordinates":[[[13.626659345663562,51.08063201228303],[13.626641645101932,51.080553817735286],[13.626589252926783,51.08055851696733],[13.626587674736287,51.080551546898725],[13.626521640519812,51.08055747071848],[13.626523206558574,51.0805643687019],[13.6264880778235,51.0805675261119],[13.626505790006266,51.08064580175659],[13.626659345663562,51.08063201228303]]]}},{"type":"Feature","id":"DESNATPU1000BHVq","properties":{"id":"DESNATPU1000BHVq","height_m":3.577,"ground_m":251.265,"height_source":"LoD1 solid top minus bottom","production":"2024","laser":"2016","footprints":"2022"},"geometry":{"type":"Polygon","coordinates":[[[13.622441874321362,51.07002566672803],[13.622430655518567,51.06997085744834],[13.622308603234117,51.069980929801474],[13.622319539193075,51.070035645830075],[13.622441874321362,51.07002566672803]]]}},{"type":"Feature","id":"DESNATPU1000IzNH","properties":{"id":"DESNATPU1000IzNH","height_m":4.86,"ground_m":249.72,"height_source":"LoD1 solid top minus bottom","production":"2024","laser":"2016","footprints":"2022"},"geometry":{"type":"Polygon","coordinates":[[[13.621706222425281,51.069857279331536],[13.621719730167746,51.06994071321683],[13.621856584336674,51.069932075022585],[13.621958543172157,51.06992572312736],[13.621943651214082,51.06983121163832],[13.621942672614773,51.0698257144087],[13.62194116065855,51.06981895187935],[13.621932931495882,51.06982209231059],[13.62192788946254,51.06982365159078],[13.621857046121807,51.069849255519095],[13.62184448833348,51.06985396363303],[13.62183577422977,51.06984459815703],[13.621706222425281,51.069857279331536]]]}},{"type":"Feature","id":"DESNATPU1000Bk3X","properties":{"id":"DESNATPU1000Bk3X","height_m":9.26,"ground_m":136.856,"height_source":"LoD1 solid top minus bottom","production":"2024","laser":"2016","footprints":"2022"},"geometry":{"type":"Polygon","coordinates":[[[13.628218121688672,51.08345348839825],[13.628220212764067,51.08337797247642],[13.628086334909632,51.083376401273526],[13.62808589608496,51.08339123442841],[13.628084981200805,51.08342215930878],[13.628084098229683,51.08345200541408],[13.628218121688672,51.08345348839825]]]}},{"type":"Feature","id":"UUID_2f303ecd-3d5d-4302-b0d5-427074b7debb","properties":{"id":"UUID_2f303ecd-3d5d-4302-b0d5-427074b7debb","height_m":9.017,"ground_m":248.982,"height_source":"LoD1 solid top minus bottom","production":"2024","laser":"2016","footprints":"2022"},"geometry":{"type":"Polygon","coordinates":[[[13.60876592532665,51.06975390219776],[13.60873117388283,51.06972281359339],[13.608706305801926,51.06970056578717],[13.608646820647335,51.06972699839046],[13.608646848644906,51.06972701670964],[13.608611072552442,51.06974294898746],[13.608576310050774,51.06975839870893],[13.60860115118007,51.06978059226419],[13.608635875389687,51.06981163561818],[13.608725391602803,51.0697718912217],[13.60876592532665,51.06975390219776]]]}},{"type":"Feature","id":"UUID_72dc2c14-42ad-4716-890c-56c1dd2c4223","properties":{"id":"UUID_72dc2c14-42ad-4716-890c-56c1dd2c4223","height_m":7.23,"ground_m":248.982,"height_source":"LoD1 solid top minus bottom","production":"2024","laser":"2016","footprints":"2022"},"geometry":{"type":"Polygon","coordinates":[[[13.608646848644906,51.06972701670964],[13.608646820647335,51.06972699839046],[13.608632835464666,51.06971452955381],[13.608597087644341,51.069730471156866],[13.60861105855366,51.069742939827854],[13.608646848644906,51.06972701670964]]]}},{"type":"Feature","id":"DESNATPU1000DEd9","properties":{"id":"DESNATPU1000DEd9","height_m":10.0,"ground_m":255.616,"height_source":"LoD1 solid top minus bottom","production":"2024","laser":"2016","footprints":"2022"},"geometry":{"type":"Polygon","coordinates":[[[13.620382492844168,51.07085588524619],[13.620395029687893,51.070890296315355],[13.620476596096978,51.07087857902487],[13.620463052360838,51.07084442586832],[13.620382492844168,51.07085588524619]]]}},{"type":"Feature","id":"DESNATP1iE0000EN","properties":{"id":"DESNATP1iE0000EN","height_m":3.514,"ground_m":223.462,"height_source":"LoD1 solid top minus bottom","production":"2024","laser":"2016","footprints":"2022"},"geometry":{"type":"Polygon","coordinates":[[[13.615884879096665,51.08223790648877],[13.615876904967374,51.08228264178934],[13.615937726289125,51.08228695015083],[13.615938428646636,51.082282551934746],[13.615944263101593,51.082241577315855],[13.615884879096665,51.08223790648877]]]}},{"type":"Feature","id":"DESNATPU1000EDbu","properties":{"id":"DESNATPU1000EDbu","height_m":2.401,"ground_m":142.086,"height_source":"LoD1 solid top minus bottom","production":"2024","laser":"2016","footprints":"2022"},"geometry":{"type":"Polygon","coordinates":[[[13.628101852241969,51.08301596760214],[13.62800244503428,51.08302199519098],[13.628008975763372,51.08306667669225],[13.62810852313269,51.08306074067164],[13.628101852241969,51.08301596760214]]]}},{"type":"Feature","id":"UUID_a10c4b95-ff2a-42db-aee2-d34370b06ce0","properties":{"id":"UUID_a10c4b95-ff2a-42db-aee2-d34370b06ce0","height_m":8.903,"ground_m":196.133,"height_source":"LoD1 solid top minus bottom","production":"2024","laser":"2016","footprints":"2022"},"geometry":{"type":"Polygon","coordinates":[[[13.623390348470481,51.078732374688286],[13.62336093011635,51.07871633556634],[13.623279662203993,51.07877527126914],[13.623309077898245,51.07879140030926],[13.623390348470481,51.078732374688286]]]}},{"type":"Feature","id":"UUID_7c57c7b3-8b25-478b-ba07-ad36e3a07239","properties":{"id":"UUID_7c57c7b3-8b25-478b-ba07-ad36e3a07239","height_m":8.709,"ground_m":196.133,"height_source":"LoD1 solid top minus bottom","production":"2024","laser":"2016","footprints":"2022"},"geometry":{"type":"Polygon","coordinates":[[[13.623062967835436,51.07882945514574],[13.623134332718013,51.07886847975711],[13.623143927616585,51.07887372773825],[13.623248497022992,51.07879788111248],[13.62327957791072,51.0787752253117],[13.623279662203993,51.07877527126914],[13.62336093011635,51.07871633556634],[13.623360845823102,51.078716289608955],[13.623390023314519,51.078695230087746],[13.623308821793373,51.07865092783817],[13.623062967835436,51.07882945514574]]]}},{"type":"Feature","id":"UUID_2436656f-57fc-4eb3-8a79-6db85adfc9e1","properties":{"id":"UUID_2436656f-57fc-4eb3-8a79-6db85adfc9e1","height_m":3.804,"ground_m":196.133,"height_source":"LoD1 solid top minus bottom","production":"2024","laser":"2016","footprints":"2022"},"geometry":{"type":"Polygon","coordinates":[[[13.623040352032453,51.07884587959276],[13.623111713184478,51.0788850300748],[13.623134332718013,51.07886847975711],[13.623062967835436,51.07882945514574],[13.623040352032453,51.07884587959276]]]}},{"type":"Feature","id":"UUID_5ba3efc4-89b1-4f73-8ca7-5967e18ed4db","properties":{"id":"UUID_5ba3efc4-89b1-4f73-8ca7-5967e18ed4db","height_m":4.663,"ground_m":196.133,"height_source":"LoD1 solid top minus bottom","production":"2024","laser":"2016","footprints":"2022"},"geometry":{"type":"Polygon","coordinates":[[[13.623312414585211,51.07883289698224],[13.623248497022992,51.07879788111248],[13.623143927616585,51.07887372773825],[13.623207945368037,51.078908735851854],[13.623312414585211,51.07883289698224]]]}},{"type":"Feature","id":"UUID_2d7cb959-5a36-4d6b-9b6f-76c7e5d073ef","properties":{"id":"UUID_2d7cb959-5a36-4d6b-9b6f-76c7e5d073ef","height_m":5.142,"ground_m":252.878,"height_source":"LoD1 solid top minus bottom","production":"2024","laser":"2016","footprints":"2022"},"geometry":{"type":"Polygon","coordinates":[[[13.624768011700523,51.069395586363164],[13.624687537105723,51.06940911807152],[13.624695398094953,51.06942753817373],[13.6247757437713,51.06941402292887],[13.624768011700523,51.069395586363164]]]}},{"type":"Feature","id":"UUID_cb74565f-23b6-4bff-809d-ab324c9abfb9","properties":{"id":"UUID_cb74565f-23b6-4bff-809d-ab324c9abfb9","height_m":5.189,"ground_m":252.878,"height_source":"LoD1 solid top minus bottom","production":"2024","laser":"2016","footprints":"2022"},"geometry":{"type":"Polygon","coordinates":[[[13.624672650817352,51.06955498817167],[13.624744335429856,51.06954282788712],[13.624714755282717,51.06947319825582],[13.624646041917481,51.06948479995198],[13.624643174913372,51.06948521586167],[13.624672650817352,51.06955498817167]]]}},{"type":"Feature","id":"UUID_647464b7-18b7-4499-8d0d-f4fb5592f623","properties":{"id":"UUID_647464b7-18b7-4499-8d0d-f4fb5592f623","height_m":10.485,"ground_m":252.878,"height_source":"LoD1 solid top minus bottom","production":"2024","laser":"2016","footprints":"2022"},"geometry":{"type":"Polygon","coordinates":[[[13.624873145621946,51.06939763271939],[13.6247757437713,51.06941402292887],[13.624722251600533,51.069423024947945],[13.624771199802208,51.06953843168595],[13.624779057648109,51.069556959660154],[13.6247914782127,51.06958624291189],[13.62494238673253,51.0695608597561],[13.624873145621946,51.06939763271939]]]}},{"type":"Feature","id":"UUID_136d57ab-3b44-48a4-9534-e5c6e02cca29","properties":{"id":"UUID_136d57ab-3b44-48a4-9534-e5c6e02cca29","height_m":5.558,"ground_m":252.878,"height_source":"LoD1 solid top minus bottom","production":"2024","laser":"2016","footprints":"2022"},"geometry":{"type":"Polygon","coordinates":[[[13.624722251600533,51.069423024947945],[13.624695398094953,51.06942753817373],[13.624707556655666,51.06945602697408],[13.624714755282717,51.06947319825582],[13.624744335429856,51.06954282788712],[13.624751981532155,51.0695415329428],[13.624771199802208,51.06953843168595],[13.624722251600533,51.069423024947945]]]}},{"type":"Feature","id":"UUID_2b5729fd-6a54-45e1-aef7-4b5cb2b8d8b7","properties":{"id":"UUID_2b5729fd-6a54-45e1-aef7-4b5cb2b8d8b7","height_m":7.363,"ground_m":243.589,"height_source":"LoD1 solid top minus bottom","production":"2024","laser":"2016","footprints":"2022"},"geometry":{"type":"Polygon","coordinates":[[[13.602526779353251,51.07908698097829],[13.602523778254584,51.07906481347508],[13.602395811908398,51.079071691858836],[13.602398798674995,51.07909385919418],[13.602526779353251,51.07908698097829]]]}},{"type":"Feature","id":"UUID_591d7ff5-33b7-42b7-954e-3fd8a61cb5cb","properties":{"id":"UUID_591d7ff5-33b7-42b7-954e-3fd8a61cb5cb","height_m":4.146,"ground_m":243.589,"height_source":"LoD1 solid top minus bottom","production":"2024","laser":"2016","footprints":"2022"},"geometry":{"type":"Polygon","coordinates":[[[13.602580659066923,51.079129127553756],[13.602574332249466,51.07908229762544],[13.602526500226844,51.079084873293404],[13.602526779353251,51.07908698097829],[13.602532826996256,51.0791317032239],[13.602580659066923,51.079129127553756]]]}},{"type":"Feature","id":"UUID_9230b28a-069b-4d10-a43f-73f93281d76d","properties":{"id":"UUID_9230b28a-069b-4d10-a43f-73f93281d76d","height_m":4.762,"ground_m":243.589,"height_source":"LoD1 solid top minus bottom","production":"2024","laser":"2016","footprints":"2022"},"geometry":{"type":"Polygon","coordinates":[[[13.602533996522029,51.07923882310671],[13.602532828615283,51.07923020290122],[13.602381838756363,51.07923834379854],[13.60238299344751,51.07924692787584],[13.602533996522029,51.07923882310671]]]}},{"type":"Feature","id":"UUID_a5a5e113-dc22-4b85-a32d-2519c7a0e3a1","properties":{"id":"UUID_a5a5e113-dc22-4b85-a32d-2519c7a0e3a1","height_m":7.086,"ground_m":243.589,"height_source":"LoD1 solid top minus bottom","production":"2024","laser":"2016","footprints":"2022"},"geometry":{"type":"Polygon","coordinates":[[[13.60254076648039,51.07919039613506],[13.602532826996256,51.0791317032239],[13.602526779353251,51.07908698097829],[13.602398798674995,51.07909385919418],[13.602299102514674,51.079099213954336],[13.602305359141287,51.07914552146878],[13.602317149072608,51.07923276805474],[13.602380624628752,51.0792293633212],[13.602544840292973,51.079220553198894],[13.60254076648039,51.07919039613506]]]}},{"type":"Feature","id":"UUID_bca1dea9-35f5-44b8-8e40-9471779bf37f","properties":{"id":"UUID_bca1dea9-35f5-44b8-8e40-9471779bf37f","height_m":7.38,"ground_m":243.589,"height_source":"LoD1 solid top minus bottom","production":"2024","laser":"2016","footprints":"2022"},"geometry":{"type":"Polygon","coordinates":[[[13.602121810518517,51.07915537704473],[13.60213360037727,51.079242614656664],[13.602317149072608,51.07923276805474],[13.602305359141287,51.07914552146878],[13.602121810518517,51.07915537704473]]]}},{"type":"Feature","id":"UUID_d318fb89-f2ea-4fe3-98f1-ca8f06a2caf8","properties":{"id":"UUID_d318fb89-f2ea-4fe3-98f1-ca8f06a2caf8","height_m":5.133,"ground_m":243.589,"height_source":"LoD1 solid top minus bottom","production":"2024","laser":"2016","footprints":"2022"},"geometry":{"type":"Polygon","coordinates":[[[13.602381838756363,51.07923834379854],[13.602532828615283,51.07923020290122],[13.602559583235637,51.07922876015347],[13.602554293898145,51.079189667562765],[13.60254076648039,51.07919039613506],[13.602544840292973,51.079220553198894],[13.602380624628752,51.0792293633212],[13.602381838756363,51.07923834379854]]]}},{"type":"Feature","id":"DESNATPU1000FBx7","properties":{"id":"DESNATPU1000FBx7","height_m":3.496,"ground_m":243.088,"height_source":"LoD1 solid top minus bottom","production":"2024","laser":"2016","footprints":"2022"},"geometry":{"type":"Polygon","coordinates":[[[13.611236689123741,51.070107364962055],[13.611194125665143,51.07008923303993],[13.61114530098341,51.07013244851581],[13.611185993407869,51.07015109779965],[13.611236689123741,51.070107364962055]]]}},{"type":"Feature","id":"DESNATPU1000GQzM","properties":{"id":"DESNATPU1000GQzM","height_m":3.97,"ground_m":250.049,"height_source":"LoD1 solid top minus bottom","production":"2024","laser":"2016","footprints":"2022"},"geometry":{"type":"Polygon","coordinates":[[[13.621579600740711,51.0700451773317],[13.621585854345705,51.07008931647416],[13.621879671548614,51.07007263705823],[13.621874132252108,51.070033272611376],[13.62187341232509,51.07002867772501],[13.621579600740711,51.0700451773317]]]}},{"type":"Feature","id":"DESNATPU1000F6TW","properties":{"id":"DESNATPU1000F6TW","height_m":4.913,"ground_m":220.286,"height_source":"LoD1 solid top minus bottom","production":"2024","laser":"2016","footprints":"2022"},"geometry":{"type":"Polygon","coordinates":[[[13.624577947718187,51.07655720799098],[13.62443959591673,51.07660126394072],[13.624504444049295,51.076682333906476],[13.624643078780341,51.076638371138245],[13.624577947718187,51.07655720799098]]]}},{"type":"Feature","id":"UUID_a14ce53b-506e-4980-bc12-a8a37462ab1c","properties":{"id":"UUID_a14ce53b-506e-4980-bc12-a8a37462ab1c","height_m":9.762,"ground_m":241.027,"height_source":"LoD1 solid top minus bottom","production":"2024","laser":"2016","footprints":"2022"},"geometry":{"type":"Polygon","coordinates":[[[13.608250239312909,51.08200151437386],[13.608206207436853,51.081970144347395],[13.608176299606532,51.081986694941676],[13.60822040121965,51.08201811976726],[13.608250239312909,51.08200151437386]]]}},{"type":"Feature","id":"UUID_1dbe5607-921b-4682-8daa-3f771b864ec9","properties":{"id":"UUID_1dbe5607-921b-4682-8daa-3f771b864ec9","height_m":8.474,"ground_m":241.027,"height_source":"LoD1 solid top minus bottom","production":"2024","laser":"2016","footprints":"2022"},"geometry":{"type":"Polygon","coordinates":[[[13.60822040121965,51.08201811976726],[13.608213705689632,51.0820133457352],[13.608176299606532,51.081986694941676],[13.608109797275185,51.08202376330289],[13.608098336941575,51.08201553319839],[13.608055352053494,51.0820396619614],[13.608066745071785,51.082047756374564],[13.608148453945313,51.082105789486015],[13.608257933104987,51.08204486197349],[13.608220328779714,51.08201815487646],[13.60822040121965,51.08201811976726]]]}},{"type":"Feature","id":"DESNATP1iE0000Ad","properties":{"id":"DESNATP1iE0000Ad","height_m":3.158,"ground_m":241.515,"height_source":"LoD1 solid top minus bottom","production":"2024","laser":"2016","footprints":"2022"},"geometry":{"type":"Polygon","coordinates":[[[13.601322068580792,51.07997556149939],[13.60132107938208,51.079928831346635],[13.601227386794438,51.07992961668219],[13.601228361898375,51.07997633767452],[13.601322068580792,51.07997556149939]]]}},{"type":"Feature","id":"DESNATPU1000IfhI","properties":{"id":"DESNATPU1000IfhI","height_m":8.655,"ground_m":126.211,"height_source":"LoD1 solid top minus bottom","production":"2024","laser":"2016","footprints":"2022"},"geometry":{"type":"Polygon","coordinates":[[[13.624271870491642,51.08246357366038],[13.624387296306688,51.082427701420585],[13.624336532604419,51.08236298450578],[13.624221241635988,51.08239912806992],[13.624271870491642,51.08246357366038]]]}},{"type":"Feature","id":"UUID_b7148b63-aa81-4489-9d26-39bc4e7e41de","properties":{"id":"UUID_b7148b63-aa81-4489-9d26-39bc4e7e41de","height_m":8.55,"ground_m":240.454,"height_source":"LoD1 solid top minus bottom","production":"2024","laser":"2016","footprints":"2022"},"geometry":{"type":"Polygon","coordinates":[[[13.603737842062262,51.0778924252567],[13.603666996340303,51.07788321551032],[13.603612134248806,51.077876085189736],[13.60356089916966,51.078032040172296],[13.603612391141429,51.078038734565226],[13.603612375787943,51.07803877035356],[13.603615746083324,51.07803920630646],[13.603686607385596,51.0780483802971],[13.603692730538016,51.07802992798865],[13.603737842062262,51.0778924252567]]]}},{"type":"Feature","id":"UUID_ce13fec2-6e2f-4119-b8a8-bdc08ffbbeef","properties":{"id":"UUID_ce13fec2-6e2f-4119-b8a8-bdc08ffbbeef","height_m":5.167,"ground_m":240.454,"height_source":"LoD1 solid top minus bottom","production":"2024","laser":"2016","footprints":"2022"},"geometry":{"type":"Polygon","coordinates":[[[13.603547063267982,51.078074321548],[13.603598542637437,51.0780809618386],[13.603612375787943,51.07803877035356],[13.603612391141429,51.078038734565226],[13.60356089916966,51.078032040172296],[13.603547063267982,51.078074321548]]]}},{"type":"Feature","id":"DESNATPU1000Ctuu","properties":{"id":"DESNATPU1000Ctuu","height_m":3.462,"ground_m":137.52,"height_source":"LoD1 solid top minus bottom","production":"2024","laser":"2016","footprints":"2022"},"geometry":{"type":"Polygon","coordinates":[[[13.621484692291903,51.08057423856793],[13.621503166873612,51.08054828704309],[13.621406169424102,51.08052142333054],[13.621387982907285,51.08054728830864],[13.621484692291903,51.08057423856793]]]}},{"type":"Feature","id":"DESNATPU1000D4h8","properties":{"id":"DESNATPU1000D4h8","height_m":7.429,"ground_m":195.328,"height_source":"LoD1 solid top minus bottom","production":"2024","laser":"2016","footprints":"2022"},"geometry":{"type":"Polygon","coordinates":[[[13.628825696224467,51.08007127765684],[13.628848666365537,51.08016354464392],[13.629017479897643,51.08014690944052],[13.628994369368396,51.08005455091191],[13.628825696224467,51.08007127765684]]]}},{"type":"Feature","id":"DESNATPU1000GQdk","properties":{"id":"DESNATPU1000GQdk","height_m":7.916,"ground_m":140.322,"height_source":"LoD1 solid top minus bottom","production":"2024","laser":"2016","footprints":"2022"},"geometry":{"type":"Polygon","coordinates":[[[13.61948750375048,51.08032989155215],[13.619493601361745,51.08039363346618],[13.619651822115717,51.08038767817779],[13.619649591177406,51.080363820585546],[13.619646730477301,51.08033330079289],[13.619645864328861,51.080324027853294],[13.61948750375048,51.08032989155215]]]}},{"type":"Feature","id":"DESNATPU1000Hj2t","properties":{"id":"DESNATPU1000Hj2t","height_m":4.02,"ground_m":184.252,"height_source":"LoD1 solid top minus bottom","production":"2024","laser":"2016","footprints":"2022"},"geometry":{"type":"Polygon","coordinates":[[[13.626657586103052,51.081191881628826],[13.626754411973145,51.08117647223808],[13.62673699870322,51.081132921803224],[13.626640032860989,51.081148239605575],[13.626657586103052,51.081191881628826]]]}},{"type":"Feature","id":"UUID_f7f2bfe7-4528-45ed-9485-d3e3a819d598","properties":{"id":"UUID_f7f2bfe7-4528-45ed-9485-d3e3a819d598","height_m":3.049,"ground_m":193.347,"height_source":"LoD1 solid top minus bottom","production":"2024","laser":"2016","footprints":"2022"},"geometry":{"type":"Polygon","coordinates":[[[13.618318857160151,51.083334926438894],[13.618323429042757,51.08336213909819],[13.618411325501945,51.083356280451035],[13.618409653170144,51.083346278543786],[13.618388251239208,51.08334770725809],[13.618385365649928,51.08333050566705],[13.618318857160151,51.083334926438894]]]}},{"type":"Feature","id":"UUID_1512afa6-b990-45cd-b185-1c9a12ff93d3","properties":{"id":"UUID_1512afa6-b990-45cd-b185-1c9a12ff93d3","height_m":3.037,"ground_m":193.347,"height_source":"LoD1 solid top minus bottom","production":"2024","laser":"2016","footprints":"2022"},"geometry":{"type":"Polygon","coordinates":[[[13.618411325501945,51.083356280451035],[13.618372069812253,51.083358892041694],[13.61837604495035,51.08338265335694],[13.61837962087509,51.08340399985081],[13.618397489186963,51.08340280815267],[13.618393913254073,51.08338146165927],[13.61839209429429,51.083370630670075],[13.618413496235712,51.08336920195516],[13.618411325501945,51.083356280451035]]]}},{"type":"Feature","id":"UUID_811119f9-577c-4d33-9aa8-5f9282a82ffe","properties":{"id":"UUID_811119f9-577c-4d33-9aa8-5f9282a82ffe","height_m":3.007,"ground_m":193.347,"height_source":"LoD1 solid top minus bottom","production":"2024","laser":"2016","footprints":"2022"},"geometry":{"type":"Polygon","coordinates":[[[13.618314781385989,51.08344536527712],[13.618317980724976,51.08346449506311],[13.618340341122765,51.08346300574726],[13.618337127234136,51.08344388478286],[13.618385753280318,51.083440655532165],[13.61837962087509,51.08340399985081],[13.618372069812253,51.083358892041694],[13.618323429042757,51.08336213909819],[13.618301082965816,51.08336362857992],[13.618314781385989,51.08344536527712]]]}},{"type":"Feature","id":"DESNATPU1000FJEz","properties":{"id":"DESNATPU1000FJEz","height_m":3.858,"ground_m":219.219,"height_source":"LoD1 solid top minus bottom","production":"2024","laser":"2016","footprints":"2022"},"geometry":{"type":"Polygon","coordinates":[[[13.616458198486018,51.08235660180151],[13.616470598268961,51.082481750196024],[13.616565226024113,51.082478014008416],[13.616559162310637,51.082418049376514],[13.616553448015956,51.08241816160383],[13.616547254422827,51.08235297953818],[13.616458198486018,51.08235660180151]]]}},{"type":"Feature","id":"DESNATPU1000ByyQ","properties":{"id":"DESNATPU1000ByyQ","height_m":2.714,"ground_m":152.68,"height_source":"LoD1 solid top minus bottom","production":"2024","laser":"2016","footprints":"2022"},"geometry":{"type":"Polygon","coordinates":[[[13.616132809375666,51.08017511320709],[13.616133294278864,51.08013015431576],[13.61595959577659,51.080133313622945],[13.615959099442897,51.08017386584487],[13.616132809375666,51.08017511320709]]]}},{"type":"Feature","id":"DESNATPU1000Ea6a","properties":{"id":"DESNATPU1000Ea6a","height_m":9.195,"ground_m":239.308,"height_source":"LoD1 solid top minus bottom","production":"2024","laser":"2016","footprints":"2022"},"geometry":{"type":"Polygon","coordinates":[[[13.603344818524931,51.08159048170575],[13.603367276992609,51.08158904139269],[13.603361687266794,51.081551833784516],[13.60333909151185,51.081553092597325],[13.603335618642198,51.08153092848202],[13.603213166248425,51.08153890785748],[13.603226876887604,51.08162882118289],[13.603349480359,51.08162057380932],[13.603344818524931,51.08159048170575]]]}},{"type":"Feature","id":"UUID_7676e976-8f3a-4c9a-82b6-d9ee928145db","properties":{"id":"UUID_7676e976-8f3a-4c9a-82b6-d9ee928145db","height_m":2.827,"ground_m":125.412,"height_source":"LoD1 solid top minus bottom","production":"2024","laser":"2016","footprints":"2022"},"geometry":{"type":"Polygon","coordinates":[[[13.624284012640107,51.08205378344123],[13.624400366482735,51.08203087191331],[13.62438147861671,51.08199281643049],[13.624336241047976,51.08200172660665],[13.62426511032203,51.08201573676222],[13.624284012640107,51.08205378344123]]]}},{"type":"Feature","id":"UUID_c4477b30-37ff-4586-ba25-0deb97c4bffe","properties":{"id":"UUID_c4477b30-37ff-4586-ba25-0deb97c4bffe","height_m":3.408,"ground_m":125.412,"height_source":"LoD1 solid top minus bottom","production":"2024","laser":"2016","footprints":"2022"},"geometry":{"type":"Polygon","coordinates":[[[13.62426511032203,51.08201573676222],[13.624336241047976,51.08200172660665],[13.624326308542908,51.08198184327959],[13.624255235200353,51.081995845111514],[13.62426511032203,51.08201573676222]]]}},{"type":"Feature","id":"DESNATPU1000J4pL","properties":{"id":"DESNATPU1000J4pL","height_m":2.796,"ground_m":243.651,"height_source":"LoD1 solid top minus bottom","production":"2024","laser":"2016","footprints":"2022"},"geometry":{"type":"Polygon","coordinates":[[[13.607900644579507,51.08117304134738],[13.60789224905024,51.08111979313389],[13.607780183409808,51.081129492739386],[13.6077887242294,51.08118265276255],[13.607900644579507,51.08117304134738]]]}},{"type":"Feature","id":"DESNATPU1000IgFw","properties":{"id":"DESNATPU1000IgFw","height_m":6.02,"ground_m":126.677,"height_source":"LoD1 solid top minus bottom","production":"2024","laser":"2016","footprints":"2022"},"geometry":{"type":"Polygon","coordinates":[[[13.623950417602506,51.08199917269325],[13.624051323979216,51.08205323889274],[13.624099203851726,51.08201783082258],[13.623998297494637,51.081963764664266],[13.623950417602506,51.08199917269325]]]}},{"type":"Feature","id":"DESNATP1DF0000CZ","properties":{"id":"DESNATP1DF0000CZ","height_m":3.15,"ground_m":159.021,"height_source":"LoD1 solid top minus bottom","production":"2024","laser":"2016","footprints":"2022"},"geometry":{"type":"Polygon","coordinates":[[[13.61334633608822,51.07870275381559],[13.613263902563187,51.078700930522466],[13.61325982117221,51.07877393167784],[13.613342269097911,51.07877575514414],[13.61334633608822,51.07870275381559]]]}},{"type":"Feature","id":"DESNATPU1000HFZT","properties":{"id":"DESNATPU1000HFZT","height_m":2.702,"ground_m":238.769,"height_source":"LoD1 solid top minus bottom","production":"2024","laser":"2016","footprints":"2022"},"geometry":{"type":"Polygon","coordinates":[[[13.604722047636953,51.078271449597146],[13.604382285217142,51.07822845390431],[13.604356720897965,51.07830944482842],[13.604696198464348,51.078352437192294],[13.604722047636953,51.078271449597146]]]}},{"type":"Feature","id":"UUID_1ee46557-d957-406b-ba2f-efd9a7220685","properties":{"id":"UUID_1ee46557-d957-406b-ba2f-efd9a7220685","height_m":2.42,"ground_m":262.395,"height_source":"LoD1 solid top minus bottom","production":"2024","laser":"2016","footprints":"2022"},"geometry":{"type":"Polygon","coordinates":[[[13.60777190595834,51.06689226288823],[13.607831352330134,51.06696881755943],[13.607928113799284,51.066937649423835],[13.60786819461797,51.06686067549442],[13.60777190595834,51.06689226288823]]]}},{"type":"Feature","id":"UUID_fa915768-5567-4eb4-add2-f4e7c27c5832","properties":{"id":"UUID_fa915768-5567-4eb4-add2-f4e7c27c5832","height_m":2.298,"ground_m":262.395,"height_source":"LoD1 solid top minus bottom","production":"2024","laser":"2016","footprints":"2022"},"geometry":{"type":"Polygon","coordinates":[[[13.607832374896804,51.06700323677502],[13.607861198561926,51.06699395764551],[13.607951699456105,51.06696499912878],[13.607928113799284,51.066937649423835],[13.607831352330134,51.06696881755943],[13.607831545062682,51.06696905367193],[13.607809648040586,51.0669758073462],[13.607832374896804,51.06700323677502]]]}},{"type":"Feature","id":"DESNATP1iE0000Cf","properties":{"id":"DESNATP1iE0000Cf","height_m":4.097,"ground_m":187.009,"height_source":"LoD1 solid top minus bottom","production":"2024","laser":"2016","footprints":"2022"},"geometry":{"type":"Polygon","coordinates":[[[13.608220281556523,51.07892359638177],[13.608149930391825,51.07896204881408],[13.608196149252784,51.07899561222728],[13.608266500431162,51.07895715976744],[13.608220281556523,51.07892359638177]]]}},{"type":"Feature","id":"DESNATP1DF00009T","properties":{"id":"DESNATP1DF00009T","height_m":5.09,"ground_m":251.694,"height_source":"LoD1 solid top minus bottom","production":"2024","laser":"2016","footprints":"2022"},"geometry":{"type":"Polygon","coordinates":[[[13.625302947070672,51.07013363442449],[13.625358672487067,51.070252097266284],[13.625366473568691,51.07027303463598],[13.625618107353437,51.070235309829314],[13.625559434649512,51.07007995941297],[13.625394584989026,51.07010467580531],[13.625400503637083,51.07011784811821],[13.625302947070672,51.07013363442449]]]}},{"type":"Feature","id":"DESNATPU1000H4I4","properties":{"id":"DESNATPU1000H4I4","height_m":6.069,"ground_m":239.229,"height_source":"LoD1 solid top minus bottom","production":"2024","laser":"2016","footprints":"2022"},"geometry":{"type":"Polygon","coordinates":[[[13.602443147421834,51.080365748084255],[13.602444384767505,51.08044786839347],[13.602524063839885,51.08044738217009],[13.602522680928193,51.080365350051316],[13.602443147421834,51.080365748084255]]]}},{"type":"Feature","id":"UUID_5bc0afb6-8a13-4606-b20e-a91d1bd2561a","properties":{"id":"UUID_5bc0afb6-8a13-4606-b20e-a91d1bd2561a","height_m":2.601,"ground_m":256.461,"height_source":"LoD1 solid top minus bottom","production":"2024","laser":"2016","footprints":"2022"},"geometry":{"type":"Polygon","coordinates":[[[13.623517706229332,51.06836466629342],[13.623533198388666,51.06840055070813],[13.623551217487721,51.06844267000679],[13.623857073913342,51.068390245622346],[13.624608843782386,51.06826138585374],[13.624593573935357,51.068226160684596],[13.6245755513023,51.06818413143649],[13.623517706229332,51.06836466629342]]]}},{"type":"Feature","id":"UUID_4c20836f-f51d-4922-8386-8a550d400a81","properties":{"id":"UUID_4c20836f-f51d-4922-8386-8a550d400a81","height_m":3.291,"ground_m":256.461,"height_source":"LoD1 solid top minus bottom","production":"2024","laser":"2016","footprints":"2022"},"geometry":{"type":"Polygon","coordinates":[[[13.624610139041208,51.068264395744094],[13.624608843782386,51.06826138585374],[13.623857073913342,51.068390245622346],[13.62385835512524,51.06839324636284],[13.623917374393328,51.06838313174155],[13.624610139041208,51.068264395744094]]]}},{"type":"Feature","id":"UUID_8bae5905-faa5-4199-8980-3c68e1534e43","properties":{"id":"UUID_8bae5905-faa5-4199-8980-3c68e1534e43","height_m":2.83,"ground_m":256.461,"height_source":"LoD1 solid top minus bottom","production":"2024","laser":"2016","footprints":"2022"},"geometry":{"type":"Polygon","coordinates":[[[13.62385835512524,51.06839324636284],[13.623866685672832,51.068412661277655],[13.623925790039094,51.0684025656399],[13.623917374393328,51.06838313174155],[13.62385835512524,51.06839324636284]]]}},{"type":"Feature","id":"DESNATPU1000HRlU","properties":{"id":"DESNATPU1000HRlU","height_m":4.273,"ground_m":144.902,"height_source":"LoD1 solid top minus bottom","production":"2024","laser":"2016","footprints":"2022"},"geometry":{"type":"Polygon","coordinates":[[[13.619271011721773,51.08055719359102],[13.6193071102944,51.080581900887864],[13.619371323578576,51.08054461929546],[13.61933877153029,51.080520673343045],[13.619316569088024,51.08053273139542],[13.619271011721773,51.08055719359102]]]}},{"type":"Feature","id":"UUID_2bc51adf-76c1-4dc9-a34e-2098262f689d","properties":{"id":"UUID_2bc51adf-76c1-4dc9-a34e-2098262f689d","height_m":7.881,"ground_m":217.124,"height_source":"LoD1 solid top minus bottom","production":"2024","laser":"2016","footprints":"2022"},"geometry":{"type":"Polygon","coordinates":[[[13.616002385601021,51.0817851911646],[13.615980618997042,51.08178259528074],[13.615963476790464,51.08183554049049],[13.615986065032121,51.08183835294316],[13.616002385601021,51.0817851911646]]]}},{"type":"Feature","id":"UUID_00d24bfe-a62d-40b9-b4a4-fc4896109dd7","properties":{"id":"UUID_00d24bfe-a62d-40b9-b4a4-fc4896109dd7","height_m":6.806,"ground_m":217.124,"height_source":"LoD1 solid top minus bottom","production":"2024","laser":"2016","footprints":"2022"},"geometry":{"type":"Polygon","coordinates":[[[13.616168168162057,51.081833170742286],[13.616186478336225,51.08177361154563],[13.616180217377542,51.08177290791946],[13.61603043624672,51.08175422791114],[13.616012507031064,51.081752217043196],[13.616002385601021,51.0817851911646],[13.615994257487488,51.08181165103065],[13.615986065032121,51.08183835294316],[13.616159915226666,51.08185998885852],[13.616168168162057,51.081833170742286]]]}},{"type":"Feature","id":"DESNATPU1000GYpR","properties":{"id":"DESNATPU1000GYpR","height_m":9.059,"ground_m":166.909,"height_source":"LoD1 solid top minus bottom","production":"2024","laser":"2016","footprints":"2022"},"geometry":{"type":"Polygon","coordinates":[[[13.612467445383398,51.07914285188534],[13.612593764172644,51.07918670801568],[13.61265451402558,51.079117374148545],[13.61252805265242,51.07907351639034],[13.612467445383398,51.07914285188534]]]}},{"type":"Feature","id":"DESNATPU1000EOo5","properties":{"id":"DESNATPU1000EOo5","height_m":4.22,"ground_m":126.667,"height_source":"LoD1 solid top minus bottom","production":"2024","laser":"2016","footprints":"2022"},"geometry":{"type":"Polygon","coordinates":[[[13.624260342947588,51.08229868775283],[13.624183702623483,51.08223033883159],[13.62410469771301,51.08226479603243],[13.624182474429396,51.08233333823924],[13.624260342947588,51.08229868775283]]]}},{"type":"Feature","id":"DESNATP1iE0000CX","properties":{"id":"DESNATP1iE0000CX","height_m":2.795,"ground_m":242.438,"height_source":"LoD1 solid top minus bottom","production":"2024","laser":"2016","footprints":"2022"},"geometry":{"type":"Polygon","coordinates":[[[13.608264701275525,51.08104861576683],[13.608264078410057,51.08098516321919],[13.60817365197416,51.08098551639542],[13.608174274715891,51.081048968942596],[13.608264701275525,51.08104861576683]]]}},{"type":"Feature","id":"DESNATPU1000D9Yv","properties":{"id":"DESNATPU1000D9Yv","height_m":3.232,"ground_m":253.581,"height_source":"LoD1 solid top minus bottom","production":"2024","laser":"2016","footprints":"2022"},"geometry":{"type":"Polygon","coordinates":[[[13.624296608444373,51.070563796581524],[13.624281624440359,51.07052998664198],[13.62384905212509,51.070604841486],[13.623842451173976,51.07060602277651],[13.623857836277512,51.07064073678912],[13.6238736281344,51.07067617502321],[13.623889142638932,51.07071134020137],[13.623904541143155,51.07074560471804],[13.624343591609588,51.07066893739619],[13.624327918091787,51.070634309983916],[13.624312263256423,51.070599053283786],[13.624296608444373,51.070563796581524]]]}},{"type":"Feature","id":"DESNATPU1000Ecb6","properties":{"id":"DESNATPU1000Ecb6","height_m":8.975,"ground_m":244.157,"height_source":"LoD1 solid top minus bottom","production":"2024","laser":"2016","footprints":"2022"},"geometry":{"type":"Polygon","coordinates":[[[13.608437839766184,51.08111659530083],[13.60843473969284,51.08118184707437],[13.608538337494627,51.08118361994126],[13.608541292006423,51.0811184563621],[13.608437839766184,51.08111659530083]]]}},{"type":"Feature","id":"DESNATPU1000H6Mq","properties":{"id":"DESNATPU1000H6Mq","height_m":2.204,"ground_m":254.762,"height_source":"LoD1 solid top minus bottom","production":"2024","laser":"2016","footprints":"2022"},"geometry":{"type":"Polygon","coordinates":[[[13.625345256422237,51.06863339107888],[13.625296135579488,51.068638928532806],[13.625303905394507,51.06866572893984],[13.625360288183826,51.06865596028361],[13.625356010027689,51.06864619759601],[13.625349137347273,51.06864692612801],[13.625345256422237,51.06863339107888]]]}},{"type":"Feature","id":"DESNATPU1000CCzN","properties":{"id":"DESNATPU1000CCzN","height_m":7.659,"ground_m":237.587,"height_source":"LoD1 solid top minus bottom","production":"2024","laser":"2016","footprints":"2022"},"geometry":{"type":"Polygon","coordinates":[[[13.60503296625216,51.07809204643969],[13.605049346974196,51.07798171872068],[13.604947410853997,51.07797572688805],[13.604931100976387,51.078086064432355],[13.60503296625216,51.07809204643969]]]}},{"type":"Feature","id":"DESNATPU1000Aywe","properties":{"id":"DESNATPU1000Aywe","height_m":2.828,"ground_m":134.234,"height_source":"LoD1 solid top minus bottom","production":"2024","laser":"2016","footprints":"2022"},"geometry":{"type":"Polygon","coordinates":[[[13.621651088246576,51.080600661572504],[13.621694872339305,51.08056376731287],[13.621573683102472,51.08051503546533],[13.621539356849347,51.08055554845569],[13.621651088246576,51.080600661572504]]]}},{"type":"Feature","id":"UUID_36a0237a-0833-4e6a-bfad-3465d25c040e","properties":{"id":"UUID_36a0237a-0833-4e6a-bfad-3465d25c040e","height_m":4.393,"ground_m":122.958,"height_source":"LoD1 solid top minus bottom","production":"2024","laser":"2016","footprints":"2022"},"geometry":{"type":"Polygon","coordinates":[[[13.62524187444298,51.08302708804803],[13.625242012638115,51.083027242552895],[13.625260202761998,51.083046971111784],[13.625284755752231,51.08307360911482],[13.625318386616037,51.08306132462141],[13.625331249726553,51.083075324984755],[13.625358816811596,51.0830653073258],[13.625345538842279,51.08305085244095],[13.62539100375443,51.08303430056805],[13.625366571714787,51.08300791581134],[13.625348392635107,51.082988295313875],[13.625289793152255,51.083009638803325],[13.62524187444298,51.08302708804803]]]}},{"type":"Feature","id":"UUID_e2199119-5371-4215-ac21-581eb538eb76","properties":{"id":"UUID_e2199119-5371-4215-ac21-581eb538eb76","height_m":5.834,"ground_m":122.958,"height_source":"LoD1 solid top minus bottom","production":"2024","laser":"2016","footprints":"2022"},"geometry":{"type":"Polygon","coordinates":[[[13.625225152121613,51.08296699856046],[13.625196228256208,51.08297751282642],[13.62524187444298,51.08302708804803],[13.625270813134952,51.08301655595931],[13.625289793152255,51.083009638803325],[13.625244146131205,51.08296009056937],[13.625225152121613,51.08296699856046]]]}},{"type":"Feature","id":"DESNATPU1000AwwG","properties":{"id":"DESNATPU1000AwwG","height_m":3.204,"ground_m":255.753,"height_source":"LoD1 solid top minus bottom","production":"2024","laser":"2016","footprints":"2022"},"geometry":{"type":"Polygon","coordinates":[[[13.621150650258283,51.07073778972316],[13.62115925542505,51.07076522976531],[13.62118146018712,51.07076252404573],[13.621203384914649,51.070759635159746],[13.621194637035078,51.070732193437394],[13.621150650258283,51.07073778972316]]]}},{"type":"Feature","id":"DESNATP1iE0000Cz","properties":{"id":"DESNATP1iE0000Cz","height_m":2.752,"ground_m":200.161,"height_source":"LoD1 solid top minus bottom","production":"2024","laser":"2016","footprints":"2022"},"geometry":{"type":"Polygon","coordinates":[[[13.619208871712111,51.08290661575312],[13.619167460942098,51.0829552459024],[13.619257220136806,51.08298557815042],[13.619298631108668,51.082936938979316],[13.619208871712111,51.08290661575312]]]}},{"type":"Feature","id":"DESNATPU1000HEvU","properties":{"id":"DESNATPU1000HEvU","height_m":6.65,"ground_m":259.616,"height_source":"LoD1 solid top minus bottom","production":"2024","laser":"2016","footprints":"2022"},"geometry":{"type":"Polygon","coordinates":[[[13.606342713476641,51.06914720895322],[13.606431871008551,51.06911562762862],[13.606348055299724,51.06902164113253],[13.606259043275903,51.06905313419879],[13.606342713476641,51.06914720895322]]]}},{"type":"Feature","id":"DESNATPU1000C0N1","properties":{"id":"DESNATPU1000C0N1","height_m":3.074,"ground_m":239.59,"height_source":"LoD1 solid top minus bottom","production":"2024","laser":"2016","footprints":"2022"},"geometry":{"type":"Polygon","coordinates":[[[13.602666640861546,51.08179469967581],[13.602666715865626,51.08179694880614],[13.602669175395363,51.08185273440384],[13.602777167041953,51.081850877794906],[13.602774629664552,51.08179293296513],[13.602666640861546,51.08179469967581]]]}},{"type":"Feature","id":"DESNATPU1000EiqZ","properties":{"id":"DESNATPU1000EiqZ","height_m":5.715,"ground_m":215.745,"height_source":"LoD1 solid top minus bottom","production":"2024","laser":"2016","footprints":"2022"},"geometry":{"type":"Polygon","coordinates":[[[13.625165662676267,51.0780895919297],[13.62515216795653,51.07800543930735],[13.625102966385306,51.07800854767356],[13.625098393475357,51.077979806461066],[13.624991266400615,51.077986550007076],[13.62499583657966,51.07801538112108],[13.625009331017942,51.0780995337592],[13.62508571164146,51.07809458683614],[13.625087527186707,51.078105579557295],[13.625159758549195,51.07810094349571],[13.62515794032225,51.078090040673416],[13.625165662676267,51.0780895919297]]]}},{"type":"Feature","id":"DESNATPU1000GWI6","properties":{"id":"DESNATPU1000GWI6","height_m":6.093,"ground_m":225.95,"height_source":"LoD1 solid top minus bottom","production":"2024","laser":"2016","footprints":"2022"},"geometry":{"type":"Polygon","coordinates":[[[13.614416082863112,51.08264419760204],[13.614582331217056,51.08267089868723],[13.614621004316657,51.08257594212188],[13.614454761650498,51.08254906129892],[13.614416082863112,51.08264419760204]]]}},{"type":"Feature","id":"DESNATP1DF0000BJ","properties":{"id":"DESNATP1DF0000BJ","height_m":3.075,"ground_m":170.958,"height_source":"LoD1 solid top minus bottom","production":"2024","laser":"2016","footprints":"2022"},"geometry":{"type":"Polygon","coordinates":[[[13.616206546207934,51.078971293641416],[13.616068041306994,51.07895441981616],[13.616048906365652,51.07901677504582],[13.61618741171318,51.07903363990523],[13.616206546207934,51.078971293641416]]]}},{"type":"Feature","id":"DESNATPU1000HK3I","properties":{"id":"DESNATPU1000HK3I","height_m":2.942,"ground_m":253.287,"height_source":"LoD1 solid top minus bottom","production":"2024","laser":"2016","footprints":"2022"},"geometry":{"type":"Polygon","coordinates":[[[13.624391223387995,51.06927910036528],[13.62442036668757,51.06934563137191],[13.62449870632402,51.06933189486334],[13.624469557589551,51.06926554367127],[13.624391223387995,51.06927910036528]]]}},{"type":"Feature","id":"UUID_d822f412-f90d-440c-afa1-5bae86700828","properties":{"id":"UUID_d822f412-f90d-440c-afa1-5bae86700828","height_m":6.779,"ground_m":262.29,"height_source":"LoD1 solid top minus bottom","production":"2024","laser":"2016","footprints":"2022"},"geometry":{"type":"Polygon","coordinates":[[[13.608142418789567,51.066988979517156],[13.608095334971429,51.066929928633684],[13.608036187968835,51.06685575180271],[13.608033304805847,51.06685670668964],[13.607949149297903,51.06688349260786],[13.60797170924541,51.06691172938756],[13.608054632918623,51.06701640574238],[13.608142418789567,51.066988979517156]]]}},{"type":"Feature","id":"UUID_817d3e99-2e7f-4c7d-9c20-2257adbd138c","properties":{"id":"UUID_817d3e99-2e7f-4c7d-9c20-2257adbd138c","height_m":6.491,"ground_m":262.29,"height_source":"LoD1 solid top minus bottom","production":"2024","laser":"2016","footprints":"2022"},"geometry":{"type":"Polygon","coordinates":[[[13.608168885497877,51.06698071542577],[13.608159259570337,51.06696855023824],[13.608160702502369,51.06696802784455],[13.608123289005524,51.06692108873076],[13.608109311989796,51.06692550868307],[13.608095334971429,51.066929928633684],[13.608142418789567,51.066988979517156],[13.608168885497877,51.06698071542577]]]}},{"type":"Feature","id":"DESNATPU1000CzCc","properties":{"id":"DESNATPU1000CzCc","height_m":4.945,"ground_m":174.831,"height_source":"LoD1 solid top minus bottom","production":"2024","laser":"2016","footprints":"2022"},"geometry":{"type":"Polygon","coordinates":[[[13.608234917851593,51.07818749208328],[13.608224423117338,51.07819564062244],[13.608300531466872,51.07823456896033],[13.608332453755295,51.078209795797086],[13.608258623058196,51.07817203670223],[13.608234917851593,51.07818749208328]]]}},{"type":"Feature","id":"DESNATPU1000BRx1","properties":{"id":"DESNATPU1000BRx1","height_m":9.429,"ground_m":194.561,"height_source":"LoD1 solid top minus bottom","production":"2024","laser":"2016","footprints":"2022"},"geometry":{"type":"Polygon","coordinates":[[[13.629472974854494,51.08002859845189],[13.629338974912795,51.08004114609095],[13.629355048912135,51.08011075988965],[13.62943722347581,51.08010309024856],[13.629489619919001,51.08009821892721],[13.629472974854494,51.08002859845189]]]}},{"type":"Feature","id":"DESNATPU1000H0cm","properties":{"id":"DESNATPU1000H0cm","height_m":3.229,"ground_m":231.778,"height_source":"LoD1 solid top minus bottom","production":"2024","laser":"2016","footprints":"2022"},"geometry":{"type":"Polygon","coordinates":[[[13.610461205829134,51.080019517384684],[13.610541425399477,51.0800247875992],[13.610551571985692,51.079962497270486],[13.610471495237006,51.07995722876026],[13.610461205829134,51.080019517384684]]]}},{"type":"Feature","id":"DESNATPU1000GJSv","properties":{"id":"DESNATPU1000GJSv","height_m":3.887,"ground_m":243.552,"height_source":"LoD1 solid top minus bottom","production":"2024","laser":"2016","footprints":"2022"},"geometry":{"type":"Polygon","coordinates":[[[13.603698528310149,51.076668852758296],[13.603709521839079,51.076714335489974],[13.603760637105532,51.07670978414822],[13.603762777060808,51.07671931524994],[13.603805976731776,51.07671499307869],[13.603803937131328,51.07670592181655],[13.60381554567859,51.076704891398734],[13.603804783351768,51.07665931251676],[13.603698528310149,51.076668852758296]]]}},{"type":"Feature","id":"UUID_88f03cfb-9db2-4545-a049-f9be7991b66f","properties":{"id":"UUID_88f03cfb-9db2-4545-a049-f9be7991b66f","height_m":12.306,"ground_m":236.463,"height_source":"LoD1 solid top minus bottom","production":"2024","laser":"2016","footprints":"2022"},"geometry":{"type":"Polygon","coordinates":[[[13.606739420066566,51.082924419303275],[13.606788249150203,51.0829139669815],[13.606728882906722,51.082803725493584],[13.606679881847791,51.08281420271917],[13.606739420066566,51.082924419303275]]]}},{"type":"Feature","id":"UUID_73765491-1388-4ec8-9e16-ceb9831f4791","properties":{"id":"UUID_73765491-1388-4ec8-9e16-ceb9831f4791","height_m":12.115,"ground_m":236.463,"height_source":"LoD1 solid top minus bottom","production":"2024","laser":"2016","footprints":"2022"},"geometry":{"type":"Polygon","coordinates":[[[13.60662671657839,51.08277890123544],[13.606570877030213,51.082790789724186],[13.60655972629808,51.082793165824945],[13.60655577485964,51.08278592437578],[13.606553501355851,51.08278176052543],[13.606547120929687,51.082783132325936],[13.606504785729683,51.08279224108035],[13.606511005258628,51.08280382617655],[13.606494478559066,51.08280740618526],[13.60654728251355,51.08290509637129],[13.606576579368019,51.082959286288876],[13.606641574672087,51.082945375611615],[13.606722003588848,51.08292815061131],[13.606739420066566,51.082924419303275],[13.606689255110073,51.08283154490139],[13.606679881847791,51.08281420271917],[13.606657294828494,51.082772386144164],[13.60662671657839,51.08277890123544]]]}},{"type":"Feature","id":"DESNATP1DF00009H","properties":{"id":"DESNATP1DF00009H","height_m":7.603,"ground_m":259.742,"height_source":"LoD1 solid top minus bottom","production":"2024","laser":"2016","footprints":"2022"},"geometry":{"type":"Polygon","coordinates":[[[13.606501188156072,51.068066104401964],[13.606359294540667,51.06806250604208],[13.606354254875589,51.06814143104465],[13.606496149001728,51.068145020422754],[13.606501188156072,51.068066104401964]]]}},{"type":"Feature","id":"DESNATPU1000C4h8","properties":{"id":"DESNATPU1000C4h8","height_m":7.26,"ground_m":145.921,"height_source":"LoD1 solid top minus bottom","production":"2024","laser":"2016","footprints":"2022"},"geometry":{"type":"Polygon","coordinates":[[[13.617177592259624,51.079829829328105],[13.617172753339483,51.079829322435586],[13.61717702746846,51.07981525410614],[13.6170615855836,51.0798038162536],[13.617052572225168,51.07983797266195],[13.617155439154057,51.07984980133079],[13.617166110645474,51.079851006730856],[13.617171232318272,51.07985160689796],[13.617177592259624,51.079829829328105]]]}},{"type":"Feature","id":"UUID_25f5cedf-3d2a-4489-a9dd-a1da8972f7fd","properties":{"id":"UUID_25f5cedf-3d2a-4489-a9dd-a1da8972f7fd","height_m":5.676,"ground_m":255.261,"height_source":"LoD1 solid top minus bottom","production":"2024","laser":"2016","footprints":"2022"},"geometry":{"type":"Polygon","coordinates":[[[13.622317840422234,51.068535423992714],[13.622452527782166,51.068513090308535],[13.62252022811664,51.068501927611806],[13.622501571261653,51.06845728261161],[13.622430710659643,51.068469127484285],[13.622430671058327,51.06846901910226],[13.62237547710794,51.06847815286787],[13.62237549030834,51.0684781889952],[13.622299183749776,51.06849077896185],[13.622317840422234,51.068535423992714]]]}},{"type":"Feature","id":"UUID_473d9aab-35f8-4ef8-8a12-a38b9c116f1e","properties":{"id":"UUID_473d9aab-35f8-4ef8-8a12-a38b9c116f1e","height_m":5.279,"ground_m":255.261,"height_source":"LoD1 solid top minus bottom","production":"2024","laser":"2016","footprints":"2022"},"geometry":{"type":"Polygon","coordinates":[[[13.622430671058327,51.06846901910226],[13.622424719751525,51.068454578241855],[13.62239488495704,51.06845952343219],[13.622369496747273,51.06846372964803],[13.62237547710794,51.06847815286787],[13.622430671058327,51.06846901910226]]]}},{"type":"Feature","id":"DESNATP1iE00009k","properties":{"id":"DESNATP1iE00009k","height_m":2.052,"ground_m":262.135,"height_source":"LoD1 solid top minus bottom","production":"2024","laser":"2016","footprints":"2022"},"geometry":{"type":"Polygon","coordinates":[[[13.60703679288802,51.067083480186234],[13.606961804177084,51.06710440332799],[13.607010889821337,51.06717422510896],[13.60708586462651,51.06715329277689],[13.60703679288802,51.067083480186234]]]}},{"type":"Feature","id":"DESNATP1iE0000A1","properties":{"id":"DESNATP1iE0000A1","height_m":5.534,"ground_m":242.523,"height_source":"LoD1 solid top minus bottom","production":"2024","laser":"2016","footprints":"2022"},"geometry":{"type":"Polygon","coordinates":[[[13.609660546621106,51.06980525874548],[13.609673543510434,51.06981975710036],[13.609706250168257,51.06980812258748],[13.609693123509253,51.069793667657336],[13.609660546621106,51.06980525874548]]]}},{"type":"Feature","id":"DESNATPU1000EmIU","properties":{"id":"DESNATPU1000EmIU","height_m":3.423,"ground_m":253.228,"height_source":"LoD1 solid top minus bottom","production":"2024","laser":"2016","footprints":"2022"},"geometry":{"type":"Polygon","coordinates":[[[13.622974964076837,51.070295891259065],[13.622968360480318,51.070297162398354],[13.622986481159195,51.07033586565159],[13.62311189350157,51.07031360177874],[13.623093794069806,51.07027417936067],[13.622974964076837,51.070295891259065]]]}},{"type":"Feature","id":"DESNATP1iE0000Bm","properties":{"id":"DESNATP1iE0000Bm","height_m":4.542,"ground_m":203.827,"height_source":"LoD1 solid top minus bottom","production":"2024","laser":"2016","footprints":"2022"},"geometry":{"type":"Polygon","coordinates":[[[13.623968961294235,51.078610714847294],[13.623942088374902,51.078523311025215],[13.623860519044854,51.07853325913136],[13.623887391815504,51.078620662970906],[13.623968961294235,51.078610714847294]]]}},{"type":"Feature","id":"DESNATPU1000GZYt","properties":{"id":"DESNATPU1000GZYt","height_m":2.744,"ground_m":255.957,"height_source":"LoD1 solid top minus bottom","production":"2024","laser":"2016","footprints":"2022"},"geometry":{"type":"Polygon","coordinates":[[[13.623094452998119,51.06839547271869],[13.623077638421632,51.06835606541928],[13.623060551851768,51.06831620526582],[13.623043069284705,51.06827526129158],[13.623026106777726,51.06823603209961],[13.622616262926115,51.06830557447607],[13.622611097081762,51.06830650282059],[13.62262777923795,51.068345548911054],[13.622632708813812,51.068357387754105],[13.622645116113459,51.06838658116082],[13.622662334356058,51.06842680264514],[13.622679291283843,51.06846621168271],[13.623094452998119,51.06839547271869]]]}},{"type":"Feature","id":"DESNATP1iE0000DU","properties":{"id":"DESNATP1iE0000DU","height_m":2.555,"ground_m":145.822,"height_source":"LoD1 solid top minus bottom","production":"2024","laser":"2016","footprints":"2022"},"geometry":{"type":"Polygon","coordinates":[[[13.628192096722598,51.08276946082851],[13.628217594351339,51.08277676554043],[13.62826806291373,51.08270685336984],[13.628242565315052,51.082699548669076],[13.628192096722598,51.08276946082851]]]}},{"type":"Feature","id":"DESNATP1iE0000Cg","properties":{"id":"DESNATP1iE0000Cg","height_m":4.475,"ground_m":184.057,"height_source":"LoD1 solid top minus bottom","production":"2024","laser":"2016","footprints":"2022"},"geometry":{"type":"Polygon","coordinates":[[[13.610530783067142,51.07887176721755],[13.610523694366771,51.07881102561977],[13.610441992090998,51.0788148116262],[13.610449080684749,51.07887555322809],[13.610530783067142,51.07887176721755]]]}},{"type":"Feature","id":"UUID_3de50fc8-1420-4090-851f-a4fba848cec7","properties":{"id":"UUID_3de50fc8-1420-4090-851f-a4fba848cec7","height_m":9.569,"ground_m":133.512,"height_source":"LoD1 solid top minus bottom","production":"2024","laser":"2016","footprints":"2022"},"geometry":{"type":"Polygon","coordinates":[[[13.623765924461035,51.083108210435256],[13.62376588030934,51.08310825488],[13.623815546227766,51.08312817438879],[13.623862470999416,51.08308169388519],[13.62382818880575,51.08306780090723],[13.623731253717326,51.08302851168658],[13.623684049153393,51.083075276617166],[13.623723558802702,51.08309102976911],[13.623723455959887,51.08309112748031],[13.623765924461035,51.083108210435256]]]}},{"type":"Feature","id":"UUID_3f58d40f-2881-4b49-a2b6-65360afe6d39","properties":{"id":"UUID_3f58d40f-2881-4b49-a2b6-65360afe6d39","height_m":11.805,"ground_m":133.512,"height_source":"LoD1 solid top minus bottom","production":"2024","laser":"2016","footprints":"2022"},"geometry":{"type":"Polygon","coordinates":[[[13.623731253717326,51.08302851168658],[13.62382818880575,51.08306780090723],[13.623828771712637,51.0830529694583],[13.623781360131604,51.083034065716916],[13.623776036594252,51.083039290874645],[13.62377312472152,51.083042152310426],[13.6237334890445,51.08302631675493],[13.623731253717326,51.08302851168658]]]}},{"type":"Feature","id":"UUID_cfcced30-6a40-4828-bdca-da3e27ac519c","properties":{"id":"UUID_cfcced30-6a40-4828-bdca-da3e27ac519c","height_m":7.663,"ground_m":133.512,"height_source":"LoD1 solid top minus bottom","production":"2024","laser":"2016","footprints":"2022"},"geometry":{"type":"Polygon","coordinates":[[[13.623723455959887,51.08309112748031],[13.623709726371898,51.08310489585403],[13.623752053221693,51.08312194117445],[13.62376588030934,51.08310825488],[13.623765924461035,51.083108210435256],[13.623723455959887,51.08309112748031]]]}},{"type":"Feature","id":"DESNATP1iE0000Cw","properties":{"id":"DESNATP1iE0000Cw","height_m":2.99,"ground_m":212.913,"height_source":"LoD1 solid top minus bottom","production":"2024","laser":"2016","footprints":"2022"},"geometry":{"type":"Polygon","coordinates":[[[13.617028419732907,51.08316384565761],[13.616940332854213,51.08314737158707],[13.61691087066507,51.0832098565264],[13.616998971923707,51.083226330788676],[13.617028419732907,51.08316384565761]]]}},{"type":"Feature","id":"DESNATP1iE0000DB","properties":{"id":"DESNATP1iE0000DB","height_m":6.81,"ground_m":150.778,"height_source":"LoD1 solid top minus bottom","production":"2024","laser":"2016","footprints":"2022"},"geometry":{"type":"Polygon","coordinates":[[[13.621713037359306,51.081263540823485],[13.621663542209646,51.081212992529764],[13.621595608569057,51.08123857667705],[13.621645103403694,51.081289133988754],[13.621713037359306,51.081263540823485]]]}},{"type":"Feature","id":"DESNATPU1000CQkV","properties":{"id":"DESNATPU1000CQkV","height_m":9.545,"ground_m":239.253,"height_source":"LoD1 solid top minus bottom","production":"2024","laser":"2016","footprints":"2022"},"geometry":{"type":"Polygon","coordinates":[[[13.602631419341222,51.080201180005304],[13.60277847495145,51.08019151690412],[13.602759976115994,51.08008050279007],[13.60261320628538,51.08009016928318],[13.602622959600238,51.08015026877515],[13.602596204094308,51.080152197147434],[13.602600168831712,51.08017697512369],[13.602627061650189,51.08017522825074],[13.602631419341222,51.080201180005304]]]}},{"type":"Feature","id":"DESNATPU1000G7An","properties":{"id":"DESNATPU1000G7An","height_m":2.499,"ground_m":261.487,"height_source":"LoD1 solid top minus bottom","production":"2024","laser":"2016","footprints":"2022"},"geometry":{"type":"Polygon","coordinates":[[[13.608325450052595,51.06723788968572],[13.608353927303469,51.06726871487343],[13.60849420457609,51.06721714679944],[13.608465727262328,51.06718632164519],[13.608462838695257,51.0671874563374],[13.608325450052595,51.06723788968572]]]}},{"type":"Feature","id":"DESNATP1iE0000Bt","properties":{"id":"DESNATP1iE0000Bt","height_m":2.627,"ground_m":224.429,"height_source":"LoD1 solid top minus bottom","production":"2024","laser":"2016","footprints":"2022"},"geometry":{"type":"Polygon","coordinates":[[[13.605594817954568,51.08021120920336],[13.605594475815913,51.08017178009565],[13.605432932671965,51.08017233491314],[13.605433288944845,51.08021176419053],[13.605594817954568,51.08021120920336]]]}},{"type":"Feature","id":"DESNATPU1000Ddpd","properties":{"id":"DESNATPU1000Ddpd","height_m":7.589,"ground_m":239.8,"height_source":"LoD1 solid top minus bottom","production":"2024","laser":"2016","footprints":"2022"},"geometry":{"type":"Polygon","coordinates":[[[13.610377698308147,51.08121035769398],[13.610387524071038,51.08118642741285],[13.610402184602426,51.08115075588414],[13.610301309363578,51.081134358563055],[13.610273432599486,51.08120228346664],[13.610413237957001,51.08122498902731],[13.610416628283378,51.081216665907476],[13.610377698308147,51.08121035769398]]]}},{"type":"Feature","id":"DESNATP1DF00009N","properties":{"id":"DESNATP1DF00009N","height_m":6.898,"ground_m":252.754,"height_source":"LoD1 solid top minus bottom","production":"2024","laser":"2016","footprints":"2022"},"geometry":{"type":"Polygon","coordinates":[[[13.62238000164244,51.06888820324377],[13.622346161702817,51.0688069039039],[13.622238656863875,51.06882466574102],[13.622272496626865,51.06890596511043],[13.62238000164244,51.06888820324377]]]}},{"type":"Feature","id":"DESNATPU1000JBv5","properties":{"id":"DESNATPU1000JBv5","height_m":10.254,"ground_m":237.472,"height_source":"LoD1 solid top minus bottom","production":"2024","laser":"2016","footprints":"2022"},"geometry":{"type":"Polygon","coordinates":[[[13.603254560683052,51.08114101548042],[13.603313617150686,51.08113794412132],[13.603302722160336,51.081054089709944],[13.60315115107503,51.08106190093217],[13.603130605396533,51.08107568438315],[13.603141497371979,51.08115962870487],[13.603256176991884,51.08115371483308],[13.603254560683052,51.08114101548042]]]}},{"type":"Feature","id":"DESNATPU1000J0Lf","properties":{"id":"DESNATPU1000J0Lf","height_m":3.853,"ground_m":251.836,"height_source":"LoD1 solid top minus bottom","production":"2024","laser":"2016","footprints":"2022"},"geometry":{"type":"Polygon","coordinates":[[[13.62321966235355,51.06989022487745],[13.623303308105816,51.070077723638946],[13.623311198392067,51.07009562258887],[13.6233872459718,51.07008221954052],[13.623408195453633,51.070078509391685],[13.623463872253012,51.070068553470364],[13.623373275700192,51.06986514539149],[13.623372335587334,51.06986315587279],[13.62329528156542,51.06987681684379],[13.623248359440566,51.06988516715061],[13.62321966235355,51.06989022487745]]]}},{"type":"Feature","id":"DESNATPU1000GbHB","properties":{"id":"DESNATPU1000GbHB","height_m":7.388,"ground_m":129.504,"height_source":"LoD1 solid top minus bottom","production":"2024","laser":"2016","footprints":"2022"},"geometry":{"type":"Polygon","coordinates":[[[13.624101416044772,51.082270018260864],[13.624023361240216,51.08230228332591],[13.624094731338936,51.082370210600054],[13.624172786210009,51.082337945488206],[13.624101416044772,51.082270018260864]]]}},{"type":"Feature","id":"DESNATPU1000GfRm","properties":{"id":"DESNATPU1000GfRm","height_m":3.237,"ground_m":164.724,"height_source":"LoD1 solid top minus bottom","production":"2024","laser":"2016","footprints":"2022"},"geometry":{"type":"Polygon","coordinates":[[[13.611669466942097,51.07843034512914],[13.611671750031624,51.078416073484064],[13.611614331817641,51.078412243953174],[13.611611763289282,51.07842651220674],[13.611669466942097,51.07843034512914]]]}},{"type":"Feature","id":"DESNATPU1000FvAR","properties":{"id":"DESNATPU1000FvAR","height_m":4.056,"ground_m":240.477,"height_source":"LoD1 solid top minus bottom","production":"2024","laser":"2016","footprints":"2022"},"geometry":{"type":"Polygon","coordinates":[[[13.602398610402846,51.08231740205468],[13.602416785331524,51.08237283597986],[13.60250651416409,51.08236113881687],[13.60248819911916,51.082305613301415],[13.602398610402846,51.08231740205468]]]}},{"type":"Feature","id":"DESNATP1DF00009b","properties":{"id":"DESNATP1DF00009b","height_m":6.342,"ground_m":248.154,"height_source":"LoD1 solid top minus bottom","production":"2024","laser":"2016","footprints":"2022"},"geometry":{"type":"Polygon","coordinates":[[[13.602226940078323,51.0769436424472],[13.602071829887192,51.076943325241885],[13.60207160698891,51.077010877558706],[13.60222697915261,51.07701103602324],[13.602226940078323,51.0769436424472]]]}},{"type":"Feature","id":"DESNATPU1000Dzhu","properties":{"id":"DESNATPU1000Dzhu","height_m":2.89,"ground_m":240.02,"height_source":"LoD1 solid top minus bottom","production":"2024","laser":"2016","footprints":"2022"},"geometry":{"type":"Polygon","coordinates":[[[13.60259244767659,51.08246117838191],[13.602603415477336,51.08252363053238],[13.602674233892822,51.082518811585096],[13.602663414137593,51.08245618135273],[13.60259244767659,51.08246117838191]]]}},{"type":"Feature","id":"DESNATPU1000Ib4n","properties":{"id":"DESNATPU1000Ib4n","height_m":3.402,"ground_m":175.794,"height_source":"LoD1 solid top minus bottom","production":"2024","laser":"2016","footprints":"2022"},"geometry":{"type":"Polygon","coordinates":[[[13.618768143125774,51.07717022693097],[13.618640357596034,51.077174652155904],[13.618644502945482,51.07721953089569],[13.618772145623536,51.07721511297059],[13.618768143125774,51.07717022693097]]]}},{"type":"Feature","id":"DESNATPU1000BsPH","properties":{"id":"DESNATPU1000BsPH","height_m":2.746,"ground_m":226.372,"height_source":"LoD1 solid top minus bottom","production":"2024","laser":"2016","footprints":"2022"},"geometry":{"type":"Polygon","coordinates":[[[13.61541785393791,51.08213987420394],[13.615397719145651,51.08219260402454],[13.615485990193058,51.082205700112134],[13.615505257821592,51.08215331972272],[13.61541785393791,51.08213987420394]]]}},{"type":"Feature","id":"DESNATPU1000CB4t","properties":{"id":"DESNATPU1000CB4t","height_m":9.67,"ground_m":251.326,"height_source":"LoD1 solid top minus bottom","production":"2024","laser":"2016","footprints":"2022"},"geometry":{"type":"Polygon","coordinates":[[[13.619730098536373,51.07033422736908],[13.619785502493984,51.070558985648226],[13.619971793425323,51.07053915268688],[13.619926561337294,51.07032269817887],[13.619730098536373,51.07033422736908]]]}},{"type":"Feature","id":"DESNATPU1000BPAw","properties":{"id":"DESNATPU1000BPAw","height_m":3.048,"ground_m":249.986,"height_source":"LoD1 solid top minus bottom","production":"2024","laser":"2016","footprints":"2022"},"geometry":{"type":"Polygon","coordinates":[[[13.62126151136679,51.069384851121626],[13.621268308612171,51.06942989599416],[13.621312798083387,51.069426553832244],[13.621305691386096,51.06938231467658],[13.62126151136679,51.069384851121626]]]}},{"type":"Feature","id":"UUID_d37bbf3c-3ffc-413e-b6a9-4a450c2bb384","properties":{"id":"UUID_d37bbf3c-3ffc-413e-b6a9-4a450c2bb384","height_m":5.114,"ground_m":213.586,"height_source":"LoD1 solid top minus bottom","production":"2024","laser":"2016","footprints":"2022"},"geometry":{"type":"Polygon","coordinates":[[[13.625941621583465,51.07881050599562],[13.625892924073169,51.07883175035076],[13.625937368460184,51.07887214743343],[13.625986107209206,51.07885095750212],[13.625941621583465,51.07881050599562]]]}},{"type":"Feature","id":"UUID_fce9bfd5-15f1-413c-95d2-4d66c54a51b7","properties":{"id":"UUID_fce9bfd5-15f1-413c-95d2-4d66c54a51b7","height_m":6.802,"ground_m":213.586,"height_source":"LoD1 solid top minus bottom","production":"2024","laser":"2016","footprints":"2022"},"geometry":{"type":"Polygon","coordinates":[[[13.625985123178143,51.07899501251999],[13.62612527110553,51.078933889297275],[13.626058405008212,51.07887303063598],[13.625918257712375,51.0789341358003],[13.625985123178143,51.07899501251999]]]}},{"type":"Feature","id":"UUID_70f97995-e8cd-400d-934c-44cceeaefbef","properties":{"id":"UUID_70f97995-e8cd-400d-934c-44cceeaefbef","height_m":3.014,"ground_m":213.586,"height_source":"LoD1 solid top minus bottom","production":"2024","laser":"2016","footprints":"2022"},"geometry":{"type":"Polygon","coordinates":[[[13.625834015685477,51.07885744304723],[13.625918257712375,51.0789341358003],[13.625977267116866,51.07890840827724],[13.625937368460184,51.07887214743343],[13.625892924073169,51.07883175035076],[13.625834015685477,51.07885744304723]]]}},{"type":"Feature","id":"DESNATPU1000GfPE","properties":{"id":"DESNATPU1000GfPE","height_m":3.014,"ground_m":241.032,"height_source":"LoD1 solid top minus bottom","production":"2024","laser":"2016","footprints":"2022"},"geometry":{"type":"Polygon","coordinates":[[[13.60976205035888,51.06981176299388],[13.609802014564556,51.06985945131939],[13.60987770222438,51.069834361937076],[13.609838026023148,51.06978658713358],[13.60976205035888,51.06981176299388]]]}},{"type":"Feature","id":"DESNATP1iE0000Cp","properties":{"id":"DESNATP1iE0000Cp","height_m":3.0,"ground_m":215.18,"height_source":"LoD1 solid top minus bottom","production":"2024","laser":"2016","footprints":"2022"},"geometry":{"type":"Polygon","coordinates":[[[13.618144785967147,51.08195732050647],[13.618049820672736,51.081952780489445],[13.618046957011709,51.08197653291267],[13.618141922354388,51.081981072932365],[13.618144785967147,51.08195732050647]]]}},{"type":"Feature","id":"DESNATP1iE0000D2","properties":{"id":"DESNATP1iE0000D2","height_m":3.0,"ground_m":164.084,"height_source":"LoD1 solid top minus bottom","production":"2024","laser":"2016","footprints":"2022"},"geometry":{"type":"Polygon","coordinates":[[[13.621410919165632,51.082969594963146],[13.621486449378247,51.082970485729376],[13.621488464552389,51.082902693899044],[13.6214129344501,51.08290180313496],[13.621410919165632,51.082969594963146]]]}},{"type":"Feature","id":"DESNATP1DF0000AH","properties":{"id":"DESNATP1DF0000AH","height_m":5.576,"ground_m":240.505,"height_source":"LoD1 solid top minus bottom","production":"2024","laser":"2016","footprints":"2022"},"geometry":{"type":"Polygon","coordinates":[[[13.60813384215196,51.08210171256479],[13.608018176425906,51.08217942803274],[13.608090592184494,51.08222219742834],[13.608206272170866,51.082144482059114],[13.60813384215196,51.08210171256479]]]}},{"type":"Feature","id":"DESNATP1do0000in","properties":{"id":"DESNATP1do0000in","height_m":2.716,"ground_m":238.068,"height_source":"LoD1 solid top minus bottom","production":"2024","laser":"2016","footprints":"2022"},"geometry":{"type":"Polygon","coordinates":[[[13.60359289333205,51.083144906425744],[13.603583441062463,51.08314729354076],[13.603610446669666,51.08319116892715],[13.603693735803217,51.08317289202914],[13.603666726411376,51.08312866589259],[13.60359289333205,51.083144906425744]]]}},{"type":"Feature","id":"DESNATPU1000F3qE","properties":{"id":"DESNATPU1000F3qE","height_m":6.839,"ground_m":159.905,"height_source":"LoD1 solid top minus bottom","production":"2024","laser":"2016","footprints":"2022"},"geometry":{"type":"Polygon","coordinates":[[[13.612991785680267,51.07897248982168],[13.613079899362088,51.07899062193539],[13.613106305878958,51.078923937925786],[13.61302496185181,51.07890858403926],[13.612991785680267,51.07897248982168]]]}},{"type":"Feature","id":"DESNATPU1000FsWy","properties":{"id":"DESNATPU1000FsWy","height_m":2.979,"ground_m":195.296,"height_source":"LoD1 solid top minus bottom","production":"2024","laser":"2016","footprints":"2022"},"geometry":{"type":"Polygon","coordinates":[[[13.629684581637356,51.07999384869865],[13.629668935122456,51.07994357472687],[13.629501409652297,51.07996013604114],[13.629514048315016,51.0800107344863],[13.629684581637356,51.07999384869865]]]}},{"type":"Feature","id":"DESNATPU1000CSGd","properties":{"id":"DESNATPU1000CSGd","height_m":8.121,"ground_m":139.985,"height_source":"LoD1 solid top minus bottom","production":"2024","laser":"2016","footprints":"2022"},"geometry":{"type":"Polygon","coordinates":[[[13.619986958308575,51.08029542007631],[13.61984335737927,51.080289857641134],[13.619835534850015,51.08037665490077],[13.619978993329536,51.080382215662574],[13.619986958308575,51.08029542007631]]]}},{"type":"Feature","id":"DESNATPU1000CIUZ","properties":{"id":"DESNATPU1000CIUZ","height_m":3.784,"ground_m":252.158,"height_source":"LoD1 solid top minus bottom","production":"2024","laser":"2016","footprints":"2022"},"geometry":{"type":"Polygon","coordinates":[[[13.623410629882805,51.069856952132895],[13.623411168615199,51.069858037630304],[13.623577063366188,51.070227262879705],[13.623583348228502,51.07024154573011],[13.623659115934387,51.070227959349886],[13.623736315791918,51.07021420992568],[13.6235641163377,51.06983133132614],[13.623563596271152,51.06982961654378],[13.623486397006822,51.06984336585931],[13.623410629882805,51.069856952132895]]]}},{"type":"Feature","id":"UUID_99a92306-4987-4764-947c-ec1fb9e4132e","properties":{"id":"UUID_99a92306-4987-4764-947c-ec1fb9e4132e","height_m":8.615,"ground_m":252.183,"height_source":"LoD1 solid top minus bottom","production":"2024","laser":"2016","footprints":"2022"},"geometry":{"type":"Polygon","coordinates":[[[13.607754613784117,51.0695472255401],[13.607855268014122,51.069536823579085],[13.607891921671511,51.06953303347173],[13.607833038336109,51.06932153739471],[13.607696151013638,51.06933600419029],[13.607754613784117,51.0695472255401]]]}},{"type":"Feature","id":"UUID_8c7bdbbd-2638-45cb-8e9d-572eb0aab638","properties":{"id":"UUID_8c7bdbbd-2638-45cb-8e9d-572eb0aab638","height_m":3.319,"ground_m":252.183,"height_source":"LoD1 solid top minus bottom","production":"2024","laser":"2016","footprints":"2022"},"geometry":{"type":"Polygon","coordinates":[[[13.607754613784117,51.0695472255401],[13.60776889780152,51.06959919507292],[13.607868992197984,51.069588426713146],[13.607855268014122,51.069536823579085],[13.607754613784117,51.0695472255401]]]}},{"type":"Feature","id":"DESNATPU1000FYDv","properties":{"id":"DESNATPU1000FYDv","height_m":2.805,"ground_m":143.823,"height_source":"LoD1 solid top minus bottom","production":"2024","laser":"2016","footprints":"2022"},"geometry":{"type":"Polygon","coordinates":[[[13.623005464067873,51.083016654614205],[13.623046317455449,51.083064078892775],[13.623121470256516,51.08303825519313],[13.623080756870033,51.08299092251915],[13.623005464067873,51.083016654614205]]]}},{"type":"Feature","id":"DESNATPU1000DROh","properties":{"id":"DESNATPU1000DROh","height_m":3.383,"ground_m":233.592,"height_source":"LoD1 solid top minus bottom","production":"2024","laser":"2016","footprints":"2022"},"geometry":{"type":"Polygon","coordinates":[[[13.60621362854745,51.080518054334476],[13.606211041077527,51.0805423943318],[13.606106096022735,51.080537995378336],[13.606102532828052,51.0805710468837],[13.6062525387019,51.08057724215477],[13.606258401101538,51.08051993713926],[13.60621362854745,51.080518054334476]]]}},{"type":"Feature","id":"DESNATPU1000I2Js","properties":{"id":"DESNATPU1000I2Js","height_m":3.577,"ground_m":239.041,"height_source":"LoD1 solid top minus bottom","production":"2024","laser":"2016","footprints":"2022"},"geometry":{"type":"Polygon","coordinates":[[[13.603416053180581,51.08144852503482],[13.603428896614263,51.081524578855706],[13.603520873842905,51.081518753191055],[13.603517543608167,51.08149659078544],[13.603583340819917,51.08149252066845],[13.603574963737628,51.081438822700925],[13.603416053180581,51.08144852503482]]]}},{"type":"Feature","id":"DESNATPU1000Iom6","properties":{"id":"DESNATPU1000Iom6","height_m":10.112,"ground_m":242.655,"height_source":"LoD1 solid top minus bottom","production":"2024","laser":"2016","footprints":"2022"},"geometry":{"type":"Polygon","coordinates":[[[13.611276151634184,51.0701527985764],[13.611368930040383,51.07019571810086],[13.61144018801851,51.07012785859259],[13.611346327472482,51.07008771407985],[13.611276151634184,51.0701527985764]]]}},{"type":"Feature","id":"UUID_86179cc0-5660-40db-bca7-ecc3a99dd432","properties":{"id":"UUID_86179cc0-5660-40db-bca7-ecc3a99dd432","height_m":3.719,"ground_m":249.247,"height_source":"LoD1 solid top minus bottom","production":"2024","laser":"2016","footprints":"2022"},"geometry":{"type":"Polygon","coordinates":[[[13.620645839309843,51.06922371764541],[13.620567907079405,51.069233319631465],[13.620583155302315,51.06928214240025],[13.620660944661653,51.069272547710625],[13.620660987733839,51.069272539226006],[13.620645839309843,51.06922371764541]]]}},{"type":"Feature","id":"UUID_f968b6f1-9e80-4a1b-ba1a-93c2541ca354","properties":{"id":"UUID_f968b6f1-9e80-4a1b-ba1a-93c2541ca354","height_m":8.223,"ground_m":249.247,"height_source":"LoD1 solid top minus bottom","production":"2024","laser":"2016","footprints":"2022"},"geometry":{"type":"Polygon","coordinates":[[[13.620706448470555,51.06907711958453],[13.620617195299863,51.06908776607741],[13.620604160409687,51.06908932089896],[13.620607864343718,51.06910108241221],[13.620710086967849,51.06908868247757],[13.620706448470555,51.06907711958453]]]}},{"type":"Feature","id":"UUID_edb40cab-d755-4565-ab41-f42eec1a273c","properties":{"id":"UUID_edb40cab-d755-4565-ab41-f42eec1a273c","height_m":3.709,"ground_m":249.247,"height_source":"LoD1 solid top minus bottom","production":"2024","laser":"2016","footprints":"2022"},"geometry":{"type":"Polygon","coordinates":[[[13.620592147570793,51.06931094499549],[13.620627962695753,51.0693065114957],[13.620660944661653,51.069272547710625],[13.620583155302315,51.06928214240025],[13.620592147570793,51.06931094499549]]]}},{"type":"Feature","id":"UUID_3aee71f5-87a4-42d7-8c2e-0f9b4442c80a","properties":{"id":"UUID_3aee71f5-87a4-42d7-8c2e-0f9b4442c80a","height_m":3.769,"ground_m":249.247,"height_source":"LoD1 solid top minus bottom","production":"2024","laser":"2016","footprints":"2022"},"geometry":{"type":"Polygon","coordinates":[[[13.620706448470555,51.06907711958453],[13.620690132646653,51.06902531656154],[13.620601163436467,51.06903649697639],[13.620617195299863,51.06908776607741],[13.620706448470555,51.06907711958453]]]}},{"type":"Feature","id":"UUID_6c6886cf-59d8-4531-a509-863378098c58","properties":{"id":"UUID_6c6886cf-59d8-4531-a509-863378098c58","height_m":6.368,"ground_m":249.247,"height_source":"LoD1 solid top minus bottom","production":"2024","laser":"2016","footprints":"2022"},"geometry":{"type":"Polygon","coordinates":[[[13.620645839309843,51.06922371764541],[13.620660987733839,51.069272539226006],[13.620714736763583,51.06926596119513],[13.620763371950527,51.069259997263636],[13.620825262226166,51.06925227422787],[13.620796228470992,51.069158225202386],[13.62077225704303,51.06908114263129],[13.620710086967849,51.06908868247757],[13.620661611577873,51.06909455834281],[13.620607864343718,51.06910108241221],[13.620607942737028,51.06910132614676],[13.620645839309843,51.06922371764541]]]}},{"type":"Feature","id":"DESNATP1DF0000AF","properties":{"id":"DESNATP1DF0000AF","height_m":3.428,"ground_m":238.476,"height_source":"LoD1 solid top minus bottom","production":"2024","laser":"2016","footprints":"2022"},"geometry":{"type":"Polygon","coordinates":[[[13.602449152178403,51.08177494101532],[13.602444459349755,51.08171983915115],[13.6022780749293,51.081725466712],[13.602282767560556,51.081780568581266],[13.602449152178403,51.08177494101532]]]}},{"type":"Feature","id":"UUID_ba51f89a-4a0b-4d3c-8104-54e6f24f2d4e","properties":{"id":"UUID_ba51f89a-4a0b-4d3c-8104-54e6f24f2d4e","height_m":8.969,"ground_m":251.139,"height_source":"LoD1 solid top minus bottom","production":"2024","laser":"2016","footprints":"2022"},"geometry":{"type":"Polygon","coordinates":[[[13.622569403583448,51.069624385112306],[13.622575634945003,51.06964045698381],[13.622624813198165,51.06963303282867],[13.622618880389897,51.06961700044996],[13.622569403583448,51.069624385112306]]]}},{"type":"Feature","id":"UUID_3f98d49d-22c4-4a2e-b4a3-aa1c8ccc43c5","properties":{"id":"UUID_3f98d49d-22c4-4a2e-b4a3-aa1c8ccc43c5","height_m":9.274,"ground_m":251.139,"height_source":"LoD1 solid top minus bottom","production":"2024","laser":"2016","footprints":"2022"},"geometry":{"type":"Polygon","coordinates":[[[13.622618880389897,51.06961700044996],[13.622618867455884,51.06961695533284],[13.622693991617131,51.06960579008896],[13.622678599571161,51.06956461890198],[13.622664370832721,51.069526572977495],[13.622621072100214,51.06953307721431],[13.622619606660114,51.069529552699215],[13.622552512945537,51.06953946359571],[13.622553833027835,51.06954307632797],[13.622510682287299,51.06954940240937],[13.622524980913566,51.069587494141274],[13.622540442837671,51.06962871113708],[13.622569403583448,51.069624385112306],[13.622618880389897,51.06961700044996]]]}},{"type":"Feature","id":"DESNATPU1000FhjH","properties":{"id":"DESNATPU1000FhjH","height_m":3.871,"ground_m":181.177,"height_source":"LoD1 solid top minus bottom","production":"2024","laser":"2016","footprints":"2022"},"geometry":{"type":"Polygon","coordinates":[[[13.62067585628513,51.08233783105026],[13.62074592870499,51.08232921533084],[13.620726919924264,51.08226747946311],[13.62065685026844,51.08227600527428],[13.62067585628513,51.08233783105026]]]}},{"type":"Feature","id":"UUID_c74e9eff-087d-47bf-a9f4-fbd18add2728","properties":{"id":"UUID_c74e9eff-087d-47bf-a9f4-fbd18add2728","height_m":2.831,"ground_m":142.885,"height_source":"LoD1 solid top minus bottom","production":"2024","laser":"2016","footprints":"2022"},"geometry":{"type":"Polygon","coordinates":[[[13.628573605177165,51.08299587360829],[13.628554907814463,51.08296669706125],[13.628505416693455,51.08297942589722],[13.628524229805688,51.083008549852835],[13.628573605177165,51.08299587360829]]]}},{"type":"Feature","id":"UUID_fedee339-db31-4e8d-8003-ffbbc6d1b298","properties":{"id":"UUID_fedee339-db31-4e8d-8003-ffbbc6d1b298","height_m":4.417,"ground_m":142.885,"height_source":"LoD1 solid top minus bottom","production":"2024","laser":"2016","footprints":"2022"},"geometry":{"type":"Polygon","coordinates":[[[13.628616477744115,51.08298486567618],[13.628573605177165,51.08299587360829],[13.628524229805688,51.083008549852835],[13.628555249116085,51.08305654026084],[13.62864761291085,51.0830328034613],[13.628616477744115,51.08298486567618]]]}},{"type":"Feature","id":"DESNATPU1000GMAY","properties":{"id":"DESNATPU1000GMAY","height_m":2.664,"ground_m":216.838,"height_source":"LoD1 solid top minus bottom","production":"2024","laser":"2016","footprints":"2022"},"geometry":{"type":"Polygon","coordinates":[[[13.627742346205874,51.07870225230263],[13.627774273614248,51.078761890465096],[13.627841798053918,51.078747485132155],[13.627810013280394,51.078687848662774],[13.627742346205874,51.07870225230263]]]}},{"type":"Feature","id":"DESNATPU1000Flqo","properties":{"id":"DESNATPU1000Flqo","height_m":4.067,"ground_m":181.239,"height_source":"LoD1 solid top minus bottom","production":"2024","laser":"2016","footprints":"2022"},"geometry":{"type":"Polygon","coordinates":[[[13.617799622441579,51.0776261854255],[13.617932952652872,51.07759286944525],[13.6178986134208,51.077537966261666],[13.617765140635761,51.077571280516494],[13.617799622441579,51.0776261854255]]]}},{"type":"Feature","id":"UUID_c5fc9320-ca38-4ed0-92ac-56437a03d1fe","properties":{"id":"UUID_c5fc9320-ca38-4ed0-92ac-56437a03d1fe","height_m":6.586,"ground_m":210.097,"height_source":"LoD1 solid top minus bottom","production":"2024","laser":"2016","footprints":"2022"},"geometry":{"type":"Polygon","coordinates":[[[13.617669587352935,51.0826109819144],[13.617649923478076,51.08261063246206],[13.617646500558127,51.08268235549679],[13.617666907432877,51.08268268675746],[13.617669587352935,51.0826109819144]]]}},{"type":"Feature","id":"UUID_67599da3-9950-4dac-b7d9-7173ff8380d3","properties":{"id":"UUID_67599da3-9950-4dac-b7d9-7173ff8380d3","height_m":8.878,"ground_m":210.097,"height_source":"LoD1 solid top minus bottom","production":"2024","laser":"2016","footprints":"2022"},"geometry":{"type":"Polygon","coordinates":[[[13.617860129368957,51.08270502583571],[13.617860929242394,51.0826877688846],[13.617864327088903,51.08261448078019],[13.617669587352935,51.0826109819144],[13.617666907432877,51.08268268675746],[13.617666204657139,51.08270147365248],[13.617860129368957,51.08270502583571]]]}},{"type":"Feature","id":"UUID_d49fe442-e3bc-4cca-9c57-ba6157b85dbf","properties":{"id":"UUID_d49fe442-e3bc-4cca-9c57-ba6157b85dbf","height_m":7.447,"ground_m":210.097,"height_source":"LoD1 solid top minus bottom","production":"2024","laser":"2016","footprints":"2022"},"geometry":{"type":"Polygon","coordinates":[[[13.617860929242394,51.0826877688846],[13.617881618890904,51.08268819338055],[13.617884946950333,51.08261485049299],[13.617864327088903,51.08261448078019],[13.617860929242394,51.0826877688846]]]}},{"type":"Feature","id":"DESNATPU1000BNtG","properties":{"id":"DESNATPU1000BNtG","height_m":4.152,"ground_m":188.819,"height_source":"LoD1 solid top minus bottom","production":"2024","laser":"2016","footprints":"2022"},"geometry":{"type":"Polygon","coordinates":[[[13.624271522530062,51.079852754453114],[13.624359579358206,51.07983931221445],[13.624320459344986,51.079738310958284],[13.624232690796148,51.07975166663077],[13.624271522530062,51.079852754453114]]]}},{"type":"Feature","id":"DESNATPU1000DMKF","properties":{"id":"DESNATPU1000DMKF","height_m":9.194,"ground_m":159.274,"height_source":"LoD1 solid top minus bottom","production":"2024","laser":"2016","footprints":"2022"},"geometry":{"type":"Polygon","coordinates":[[[13.613577649575808,51.07874922134195],[13.613568046523197,51.0788221300328],[13.613705737074097,51.07882942869079],[13.613714486328126,51.07875641993418],[13.613599597635691,51.078750470893766],[13.613577649575808,51.07874922134195]]]}},{"type":"Feature","id":"DESNATPU1000IjHw","properties":{"id":"DESNATPU1000IjHw","height_m":7.412,"ground_m":190.227,"height_source":"LoD1 solid top minus bottom","production":"2024","laser":"2016","footprints":"2022"},"geometry":{"type":"Polygon","coordinates":[[[13.624316668157235,51.07992629031901],[13.624326433961029,51.079950335415454],[13.62443473391538,51.07993308454831],[13.6244715985901,51.079927223330216],[13.624532134048597,51.07991750390311],[13.624522370810523,51.07989336892511],[13.624512979992364,51.07987015560651],[13.624307274769473,51.079903166882545],[13.624316668157235,51.07992629031901]]]}},{"type":"Feature","id":"DESNATPU1000GVbC","properties":{"id":"DESNATPU1000GVbC","height_m":2.199,"ground_m":238.486,"height_source":"LoD1 solid top minus bottom","production":"2024","laser":"2016","footprints":"2022"},"geometry":{"type":"Polygon","coordinates":[[[13.602584581738755,51.08058057164683],[13.60251301562279,51.0805818743444],[13.602515769498176,51.08064683627182],[13.60258747843136,51.08064553527955],[13.602584581738755,51.08058057164683]]]}},{"type":"Feature","id":"DESNATPU1000BtC4","properties":{"id":"DESNATPU1000BtC4","height_m":3.032,"ground_m":244.935,"height_source":"LoD1 solid top minus bottom","production":"2024","laser":"2016","footprints":"2022"},"geometry":{"type":"Polygon","coordinates":[[[13.606813660266528,51.08163088869905],[13.606813991387023,51.08160085625358],[13.606771883535025,51.081600534226084],[13.606772243141652,51.08158381165914],[13.60671728779462,51.0815834264081],[13.606715983482674,51.081655354315714],[13.606770769187671,51.081656636838154],[13.60677155238727,51.08163056667123],[13.606813660266528,51.08163088869905]]]}},{"type":"Feature","id":"DESNATPU1000CBkU","properties":{"id":"DESNATPU1000CBkU","height_m":5.77,"ground_m":125.136,"height_source":"LoD1 solid top minus bottom","production":"2024","laser":"2016","footprints":"2022"},"geometry":{"type":"Polygon","coordinates":[[[13.624612316244272,51.08308692212145],[13.624722385629827,51.0831450524173],[13.624764577194762,51.08311371389351],[13.6246545131615,51.083055403841676],[13.624612316244272,51.08308692212145]]]}},{"type":"Feature","id":"DESNATPU1000HBEn","properties":{"id":"DESNATPU1000HBEn","height_m":6.134,"ground_m":243.035,"height_source":"LoD1 solid top minus bottom","production":"2024","laser":"2016","footprints":"2022"},"geometry":{"type":"Polygon","coordinates":[[[13.603096578519294,51.078887386070264],[13.603004603761258,51.07889330134095],[13.603010857741591,51.07893213565266],[13.602997835773412,51.07893314909964],[13.603005305668473,51.07897901243588],[13.603110299866552,51.0789721736051],[13.603096578519294,51.078887386070264]]]}},{"type":"Feature","id":"DESNATPU1000DoTR","properties":{"id":"DESNATPU1000DoTR","height_m":6.447,"ground_m":259.107,"height_source":"LoD1 solid top minus bottom","production":"2024","laser":"2016","footprints":"2022"},"geometry":{"type":"Polygon","coordinates":[[[13.606813529564617,51.06897190186979],[13.606744510256528,51.06889327213101],[13.60664563275338,51.06892772347618],[13.606714651942852,51.069006353271995],[13.606813529564617,51.06897190186979]]]}},{"type":"Feature","id":"UUID_565d9d9d-5c54-45fc-b42d-91c43f9068f8","properties":{"id":"UUID_565d9d9d-5c54-45fc-b42d-91c43f9068f8","height_m":5.78,"ground_m":261.609,"height_source":"LoD1 solid top minus bottom","production":"2024","laser":"2016","footprints":"2022"},"geometry":{"type":"Polygon","coordinates":[[[13.607849263421526,51.06738319231539],[13.60781680316441,51.06734622233902],[13.607789752989355,51.06731541401862],[13.607696569838117,51.06734811749858],[13.607723625364455,51.06737874604527],[13.607756425565242,51.06741580103356],[13.607784781061348,51.06744782097238],[13.607877417597095,51.06741526379144],[13.607849263421526,51.06738319231539]]]}},{"type":"Feature","id":"UUID_760e66a4-6ab1-45d0-9738-7e7e65a6060d","properties":{"id":"UUID_760e66a4-6ab1-45d0-9738-7e7e65a6060d","height_m":7.716,"ground_m":261.609,"height_source":"LoD1 solid top minus bottom","production":"2024","laser":"2016","footprints":"2022"},"geometry":{"type":"Polygon","coordinates":[[[13.60781680316441,51.06734622233902],[13.607877417597095,51.06741526379144],[13.607890948197165,51.06741050581007],[13.607847244621942,51.0673610456077],[13.607847187011918,51.06736106290739],[13.60783007234746,51.06734161413099],[13.60781680316441,51.06734622233902]]]}},{"type":"Feature","id":"UUID_2952e402-8055-44f2-a56f-8e52788f4a65","properties":{"id":"UUID_2952e402-8055-44f2-a56f-8e52788f4a65","height_m":5.426,"ground_m":261.609,"height_source":"LoD1 solid top minus bottom","production":"2024","laser":"2016","footprints":"2022"},"geometry":{"type":"Polygon","coordinates":[[[13.607894399134917,51.06741441388315],[13.608027109846903,51.06736770236558],[13.607980605604325,51.06731453973349],[13.607847244621942,51.0673610456077],[13.607894399134917,51.06741441388315]]]}},{"type":"Feature","id":"DESNATPU1000FQDF","properties":{"id":"DESNATPU1000FQDF","height_m":6.636,"ground_m":254.92,"height_source":"LoD1 solid top minus bottom","production":"2024","laser":"2016","footprints":"2022"},"geometry":{"type":"Polygon","coordinates":[[[13.622913632051423,51.07081855747458],[13.622926785479747,51.070856302915146],[13.622934239949126,51.070855221661574],[13.62294662266094,51.07089008028003],[13.623012840246407,51.070880896250564],[13.623080491091205,51.070871513237925],[13.6230660227124,51.07082997529167],[13.62304483491241,51.07076956294894],[13.622977399575783,51.07077890351484],[13.622911397495672,51.07078804509826],[13.622921519915655,51.07081730146943],[13.622913632051423,51.07081855747458]]]}},{"type":"Feature","id":"DESNATPU1000EifZ","properties":{"id":"DESNATPU1000EifZ","height_m":2.497,"ground_m":218.874,"height_source":"LoD1 solid top minus bottom","production":"2024","laser":"2016","footprints":"2022"},"geometry":{"type":"Polygon","coordinates":[[[13.61591548728188,51.0831373273985],[13.615887490309461,51.083199946342944],[13.615935067289701,51.08320842346772],[13.615963349654399,51.08314580789137],[13.61591548728188,51.0831373273985]]]}},{"type":"Feature","id":"DESNATPU1000H30E","properties":{"id":"DESNATPU1000H30E","height_m":7.08,"ground_m":159.862,"height_source":"LoD1 solid top minus bottom","production":"2024","laser":"2016","footprints":"2022"},"geometry":{"type":"Polygon","coordinates":[[[13.613079899362088,51.07899062193539],[13.613168349365246,51.07900228306272],[13.613190490519441,51.07893500885138],[13.613106305878958,51.078923937925786],[13.613079899362088,51.07899062193539]]]}},{"type":"Feature","id":"UUID_c92893a9-eeef-40a6-b2ff-c5cae33ad018","properties":{"id":"UUID_c92893a9-eeef-40a6-b2ff-c5cae33ad018","height_m":8.316,"ground_m":246.99,"height_source":"LoD1 solid top minus bottom","production":"2024","laser":"2016","footprints":"2022"},"geometry":{"type":"Polygon","coordinates":[[[13.621018605726588,51.06963943530441],[13.621020260547011,51.069645228294746],[13.621029838590564,51.06967834538162],[13.621030240031805,51.06967972603742],[13.621041989787736,51.06972093541068],[13.621097987824353,51.06971458158088],[13.621099262377468,51.06971972259217],[13.621155260405306,51.069713368734874],[13.621153727193985,51.069707325379],[13.621210155924762,51.069700886647176],[13.621198379198978,51.069660099641204],[13.621186861145558,51.069620214979],[13.621109808503547,51.069629018340194],[13.621018605726588,51.06963943530441]]]}},{"type":"Feature","id":"UUID_98fbc39e-8e22-4015-a4ec-d92bc0f56306","properties":{"id":"UUID_98fbc39e-8e22-4015-a4ec-d92bc0f56306","height_m":9.385,"ground_m":246.99,"height_source":"LoD1 solid top minus bottom","production":"2024","laser":"2016","footprints":"2022"},"geometry":{"type":"Polygon","coordinates":[[[13.621007592090804,51.069600833572274],[13.621018579327286,51.06963936304946],[13.621018605726588,51.06963943530441],[13.621064164047569,51.069634235316016],[13.621109808503547,51.069629018340194],[13.621079171853918,51.06954805319436],[13.621036881027392,51.069551852869004],[13.621022283175744,51.069553164473895],[13.620994467015636,51.06955499459046],[13.621007592090804,51.069600833572274]]]}},{"type":"Feature","id":"UUID_fe5bbaad-6f97-416e-bbb2-80d3c2e457df","properties":{"id":"UUID_fe5bbaad-6f97-416e-bbb2-80d3c2e457df","height_m":3.151,"ground_m":246.99,"height_source":"LoD1 solid top minus bottom","production":"2024","laser":"2016","footprints":"2022"},"geometry":{"type":"Polygon","coordinates":[[[13.620994467015636,51.06955499459046],[13.620887707589075,51.06956200843255],[13.62089528065014,51.0696083124995],[13.620952530446777,51.06960450052541],[13.621007592090804,51.069600833572274],[13.620994467015636,51.06955499459046]]]}},{"type":"Feature","id":"UUID_7508e08a-92e3-491e-b833-faf7751d9cd1","properties":{"id":"UUID_7508e08a-92e3-491e-b833-faf7751d9cd1","height_m":5.293,"ground_m":246.99,"height_source":"LoD1 solid top minus bottom","production":"2024","laser":"2016","footprints":"2022"},"geometry":{"type":"Polygon","coordinates":[[[13.620909934532374,51.06969779427315],[13.620967139228354,51.0696940626958],[13.620952530446777,51.06960450052541],[13.62089528065014,51.0696083124995],[13.620909934532374,51.06969779427315]]]}},{"type":"Feature","id":"DESNATPU1000Imj7","properties":{"id":"DESNATPU1000Imj7","height_m":6.564,"ground_m":242.387,"height_source":"LoD1 solid top minus bottom","production":"2024","laser":"2016","footprints":"2022"},"geometry":{"type":"Polygon","coordinates":[[[13.604175120389792,51.081824773375544],[13.604175390963425,51.081815783673],[13.604081058012246,51.08181447730447],[13.604042811580502,51.08181393062031],[13.604042311668685,51.08182579532252],[13.604041160176994,51.08185361470039],[13.604039695746645,51.08188898440503],[13.604039587506406,51.0818925802858],[13.60417286989551,51.08189480145349],[13.604174461528322,51.08185615084586],[13.604175660721944,51.081855679547566],[13.60418862133237,51.08185056445615],[13.604189658279681,51.08183034273823],[13.604175120389792,51.081824773375544]]]}},{"type":"Feature","id":"DESNATPU1000C24h","properties":{"id":"DESNATPU1000C24h","height_m":6.144,"ground_m":242.537,"height_source":"LoD1 solid top minus bottom","production":"2024","laser":"2016","footprints":"2022"},"geometry":{"type":"Polygon","coordinates":[[[13.604177317347071,51.076826848858325],[13.604038013820379,51.07682690288044],[13.60403817777513,51.076909208233616],[13.60417723813796,51.07690917828526],[13.604177317347071,51.076826848858325]]]}},{"type":"Feature","id":"DESNATPU1000JZFc","properties":{"id":"DESNATPU1000JZFc","height_m":5.2,"ground_m":257.48,"height_source":"LoD1 solid top minus bottom","production":"2024","laser":"2016","footprints":"2022"},"geometry":{"type":"Polygon","coordinates":[[[13.607113563882084,51.0687666256316],[13.606943423788975,51.068827602475494],[13.607010928711231,51.06890343522608],[13.607181623529451,51.068843004471454],[13.607113563882084,51.0687666256316]]]}},{"type":"Feature","id":"DESNATPU1000DxVw","properties":{"id":"DESNATPU1000DxVw","height_m":8.381,"ground_m":196.615,"height_source":"LoD1 solid top minus bottom","production":"2024","laser":"2016","footprints":"2022"},"geometry":{"type":"Polygon","coordinates":[[[13.62801555698615,51.08016096327653],[13.628036742030627,51.08025078138801],[13.628172032676162,51.080238070528395],[13.628150701998424,51.08014834066226],[13.62801555698615,51.08016096327653]]]}},{"type":"Feature","id":"DESNATPU1000EIGE","properties":{"id":"DESNATPU1000EIGE","height_m":2.892,"ground_m":236.904,"height_source":"LoD1 solid top minus bottom","production":"2024","laser":"2016","footprints":"2022"},"geometry":{"type":"Polygon","coordinates":[[[13.604592019626224,51.08296670946909],[13.60449643395854,51.08296567626499],[13.60449477294818,51.08302087303494],[13.604489814524884,51.083104987677146],[13.6045878132735,51.08310649933892],[13.604592019626224,51.08296670946909]]]}},{"type":"Feature","id":"DESNATPU1000DXLp","properties":{"id":"DESNATPU1000DXLp","height_m":3.15,"ground_m":216.069,"height_source":"LoD1 solid top minus bottom","production":"2024","laser":"2016","footprints":"2022"},"geometry":{"type":"Polygon","coordinates":[[[13.626364839808488,51.07865387756184],[13.626437640523882,51.078610757699025],[13.626388787114127,51.07857798894677],[13.626315986405926,51.07862110877944],[13.626364839808488,51.07865387756184]]]}},{"type":"Feature","id":"DESNATPU1000DK6q","properties":{"id":"DESNATPU1000DK6q","height_m":2.156,"ground_m":240.389,"height_source":"LoD1 solid top minus bottom","production":"2024","laser":"2016","footprints":"2022"},"geometry":{"type":"Polygon","coordinates":[[[13.602899504862418,51.08204577810406],[13.602816193778127,51.08205773213704],[13.60283531210821,51.08211029953537],[13.602918625990746,51.0820982555926],[13.602899504862418,51.08204577810406]]]}},{"type":"Feature","id":"UUID_bba3b23f-f128-4814-aee4-65ad091cbeac","properties":{"id":"UUID_bba3b23f-f128-4814-aee4-65ad091cbeac","height_m":7.642,"ground_m":197.579,"height_source":"LoD1 solid top minus bottom","production":"2024","laser":"2016","footprints":"2022"},"geometry":{"type":"Polygon","coordinates":[[[13.626324323788545,51.08057521521873],[13.626194958010966,51.08058883891456],[13.626224113513931,51.08069865236603],[13.626353451046809,51.08068502830503],[13.626342277999726,51.08064290007657],[13.626324323788545,51.08057521521873]]]}},{"type":"Feature","id":"UUID_e45c3c9c-ac04-4473-9cb4-dc930a0b4bc7","properties":{"id":"UUID_e45c3c9c-ac04-4473-9cb4-dc930a0b4bc7","height_m":3.879,"ground_m":197.579,"height_source":"LoD1 solid top minus bottom","production":"2024","laser":"2016","footprints":"2022"},"geometry":{"type":"Polygon","coordinates":[[[13.626391773215941,51.08063768129393],[13.626373818667991,51.080570005432904],[13.626324323788545,51.08057521521873],[13.626342277999726,51.08064290007657],[13.626391773215941,51.08063768129393]]]}},{"type":"Feature","id":"DESNATPU1000FYdO","properties":{"id":"DESNATPU1000FYdO","height_m":2.169,"ground_m":155.112,"height_source":"LoD1 solid top minus bottom","production":"2024","laser":"2016","footprints":"2022"},"geometry":{"type":"Polygon","coordinates":[[[13.621728139349585,51.08332597505315],[13.621837095687331,51.083325371203166],[13.621836356278948,51.083273383423276],[13.621727542789591,51.083273988956414],[13.621728139349585,51.08332597505315]]]}},{"type":"Feature","id":"DESNATPU1000CHn7","properties":{"id":"DESNATPU1000CHn7","height_m":9.059,"ground_m":249.566,"height_source":"LoD1 solid top minus bottom","production":"2024","laser":"2016","footprints":"2022"},"geometry":{"type":"Polygon","coordinates":[[[13.620296620878227,51.06897246981024],[13.620328114864547,51.06907014518448],[13.620601163436467,51.06903649697639],[13.620690132646653,51.06902531656154],[13.620657668548878,51.06892664061505],[13.620296620878227,51.06897246981024]]]}},{"type":"Feature","id":"DESNATPU1000DONa","properties":{"id":"DESNATPU1000DONa","height_m":2.869,"ground_m":219.196,"height_source":"LoD1 solid top minus bottom","production":"2024","laser":"2016","footprints":"2022"},"geometry":{"type":"Polygon","coordinates":[[[13.616859338873036,51.08229615043107],[13.616841286299074,51.08221688902478],[13.61675538991999,51.082224685645095],[13.616713801962893,51.0822270172743],[13.616723122741101,51.08225820711858],[13.61673436636729,51.08230726167566],[13.616859338873036,51.08229615043107]]]}},{"type":"Feature","id":"DESNATPU1000GWXl","properties":{"id":"DESNATPU1000GWXl","height_m":6.317,"ground_m":135.075,"height_source":"LoD1 solid top minus bottom","production":"2024","laser":"2016","footprints":"2022"},"geometry":{"type":"Polygon","coordinates":[[[13.621990714750686,51.080284158233674],[13.622140704835388,51.08032936219786],[13.622197616888647,51.08025422272565],[13.622047626988646,51.08020901883537],[13.621990714750686,51.080284158233674]]]}},{"type":"Feature","id":"DESNATPU1000HqWW","properties":{"id":"DESNATPU1000HqWW","height_m":4.028,"ground_m":239.957,"height_source":"LoD1 solid top minus bottom","production":"2024","laser":"2016","footprints":"2022"},"geometry":{"type":"Polygon","coordinates":[[[13.611389725463193,51.08274803487249],[13.611523512160769,51.08278118930199],[13.611545703869076,51.08274575098601],[13.61141191725688,51.08271259658239],[13.611389725463193,51.08274803487249]]]}},{"type":"Feature","id":"DESNATPU1000BYMf","properties":{"id":"DESNATPU1000BYMf","height_m":3.114,"ground_m":256.25,"height_source":"LoD1 solid top minus bottom","production":"2024","laser":"2016","footprints":"2022"},"geometry":{"type":"Polygon","coordinates":[[[13.621846509890396,51.0708190194555],[13.621857866253142,51.07085476538457],[13.621869227973685,51.07089033151672],[13.621941013801665,51.07088110583354],[13.621918147583509,51.07080997189872],[13.621846509890396,51.0708190194555]]]}},{"type":"Feature","id":"DESNATPU1000G6cG","properties":{"id":"DESNATPU1000G6cG","height_m":6.715,"ground_m":120.837,"height_source":"LoD1 solid top minus bottom","production":"2024","laser":"2016","footprints":"2022"},"geometry":{"type":"Polygon","coordinates":[[[13.626191270556184,51.08332311861509],[13.62612838049295,51.083335068459746],[13.626106483903712,51.08333922661848],[13.625970581225454,51.08336503959377],[13.625992627313916,51.08341125252854],[13.626150286928386,51.083381180800956],[13.626213462236219,51.083369243289674],[13.626191270556184,51.08332311861509]]]}},{"type":"Feature","id":"DESNATP1iE0000Bk","properties":{"id":"DESNATP1iE0000Bk","height_m":9.828,"ground_m":205.397,"height_source":"LoD1 solid top minus bottom","production":"2024","laser":"2016","footprints":"2022"},"geometry":{"type":"Polygon","coordinates":[[[13.626518689935944,51.07972185905087],[13.626508138569639,51.07966741783745],[13.626360483145447,51.07967876741553],[13.626371034340492,51.07973320864088],[13.626518689935944,51.07972185905087]]]}},{"type":"Feature","id":"DESNATP1iE0000D9","properties":{"id":"DESNATP1iE0000D9","height_m":4.083,"ground_m":208.733,"height_source":"LoD1 solid top minus bottom","production":"2024","laser":"2016","footprints":"2022"},"geometry":{"type":"Polygon","coordinates":[[[13.618423970137574,51.081783585988774],[13.618421627119218,51.08173283821376],[13.618333931785894,51.081734445582654],[13.618336274708296,51.081785193358684],[13.618423970137574,51.081783585988774]]]}},{"type":"Feature","id":"UUID_95c47921-9619-4a38-bdaf-a379e9eb50cb","properties":{"id":"UUID_95c47921-9619-4a38-bdaf-a379e9eb50cb","height_m":4.913,"ground_m":137.696,"height_source":"LoD1 solid top minus bottom","production":"2024","laser":"2016","footprints":"2022"},"geometry":{"type":"Polygon","coordinates":[[[13.62085000119333,51.079947292183746],[13.620900039212051,51.07994878185916],[13.620905666163898,51.07987189580632],[13.620855742400414,51.07987040748104],[13.62085000119333,51.079947292183746]]]}},{"type":"Feature","id":"UUID_05b613b7-109f-4754-8104-f2d85549e73d","properties":{"id":"UUID_05b613b7-109f-4754-8104-f2d85549e73d","height_m":4.811,"ground_m":137.696,"height_source":"LoD1 solid top minus bottom","production":"2024","laser":"2016","footprints":"2022"},"geometry":{"type":"Polygon","coordinates":[[[13.621021573927354,51.079829287885595],[13.62090903282042,51.07982589176131],[13.620905666163898,51.07987189580632],[13.620900039212051,51.07994878185916],[13.620952017369385,51.07995032138172],[13.62101235414171,51.07995211237203],[13.621021573927354,51.079829287885595]]]}},{"type":"Feature","id":"UUID_d97d7a90-ec0b-48c8-b613-655eecafc73c","properties":{"id":"UUID_d97d7a90-ec0b-48c8-b613-655eecafc73c","height_m":4.879,"ground_m":137.696,"height_source":"LoD1 solid top minus bottom","production":"2024","laser":"2016","footprints":"2022"},"geometry":{"type":"Polygon","coordinates":[[[13.62085000119333,51.079947292183746],[13.62084672636641,51.079991165987174],[13.620948857613433,51.07999416956644],[13.620952017369385,51.07995032138172],[13.62085000119333,51.079947292183746]]]}},{"type":"Feature","id":"UUID_9ce5314e-50be-4106-9c46-19d7fc751c7a","properties":{"id":"UUID_9ce5314e-50be-4106-9c46-19d7fc751c7a","height_m":2.445,"ground_m":250.904,"height_source":"LoD1 solid top minus bottom","production":"2024","laser":"2016","footprints":"2022"},"geometry":{"type":"Polygon","coordinates":[[[13.608713639728624,51.07027278438724],[13.608779464402808,51.070360071076486],[13.608825669281265,51.07034623233335],[13.608760077668865,51.070259263197535],[13.608713639728624,51.07027278438724]]]}},{"type":"Feature","id":"UUID_bc099607-ac4c-4a31-b3e3-6a62688a5221","properties":{"id":"UUID_bc099607-ac4c-4a31-b3e3-6a62688a5221","height_m":2.382,"ground_m":250.904,"height_source":"LoD1 solid top minus bottom","production":"2024","laser":"2016","footprints":"2022"},"geometry":{"type":"Polygon","coordinates":[[[13.608713639728624,51.07027278438724],[13.608760077668865,51.070259263197535],[13.608823204579712,51.07024087760575],[13.60876690654932,51.07016624050505],[13.608655969713181,51.07019630533304],[13.608713639728624,51.07027278438724]]]}},{"type":"Feature","id":"UUID_d5ba2e19-0861-421f-930f-29fa98fe17f5","properties":{"id":"UUID_d5ba2e19-0861-421f-930f-29fa98fe17f5","height_m":3.634,"ground_m":234.752,"height_source":"LoD1 solid top minus bottom","production":"2024","laser":"2016","footprints":"2022"},"geometry":{"type":"Polygon","coordinates":[[[13.605645017881333,51.08063326192182],[13.605642230508431,51.080653318886085],[13.605707596018888,51.08065691340116],[13.605710369362347,51.08063684727518],[13.605645017881333,51.08063326192182]]]}},{"type":"Feature","id":"UUID_72d1254a-ce8a-44c7-accb-ce73b54ec7ea","properties":{"id":"UUID_72d1254a-ce8a-44c7-accb-ce73b54ec7ea","height_m":3.308,"ground_m":234.752,"height_source":"LoD1 solid top minus bottom","production":"2024","laser":"2016","footprints":"2022"},"geometry":{"type":"Polygon","coordinates":[[[13.60561912691971,51.08058886071004],[13.605613218774026,51.08063151566071],[13.605710369362347,51.08063684727518],[13.605716277149286,51.08059420130864],[13.60561912691971,51.08058886071004]]]}},{"type":"Feature","id":"DESNATP1DF0000B7","properties":{"id":"DESNATP1DF0000B7","height_m":9.812,"ground_m":219.736,"height_source":"LoD1 solid top minus bottom","production":"2024","laser":"2016","footprints":"2022"},"geometry":{"type":"Polygon","coordinates":[[[13.614674114442643,51.08311082318015],[13.614548782624619,51.083087035295925],[13.61451433229769,51.083158669276024],[13.61463989560518,51.083182361017606],[13.614674114442643,51.08311082318015]]]}},{"type":"Feature","id":"DESNATPU1000HW7i","properties":{"id":"DESNATPU1000HW7i","height_m":4.289,"ground_m":246.122,"height_source":"LoD1 solid top minus bottom","production":"2024","laser":"2016","footprints":"2022"},"geometry":{"type":"Polygon","coordinates":[[[13.609204618445977,51.0695430407123],[13.60916323797361,51.0696188084913],[13.60922393461694,51.06963194102462],[13.609265454991322,51.06955626481883],[13.609204618445977,51.0695430407123]]]}},{"type":"Feature","id":"DESNATPU1000H3TW","properties":{"id":"DESNATPU1000H3TW","height_m":7.788,"ground_m":238.225,"height_source":"LoD1 solid top minus bottom","production":"2024","laser":"2016","footprints":"2022"},"geometry":{"type":"Polygon","coordinates":[[[13.601544628859143,51.08087462249698],[13.601581328702014,51.080874351127825],[13.601581116440144,51.08086387181673],[13.601597439089936,51.0808637343568],[13.60159658120339,51.08081879537978],[13.601595717177823,51.08077358654085],[13.601499824765943,51.08077435477684],[13.60150074524283,51.08081958227815],[13.601501659852445,51.08086453092784],[13.601544360060682,51.080864124523494],[13.601544628859143,51.08087462249698]]]}},{"type":"Feature","id":"UUID_4c88980a-85e2-4c29-9852-d7007652cc06","properties":{"id":"UUID_4c88980a-85e2-4c29-9852-d7007652cc06","height_m":3.485,"ground_m":255.326,"height_source":"LoD1 solid top minus bottom","production":"2024","laser":"2016","footprints":"2022"},"geometry":{"type":"Polygon","coordinates":[[[13.60760995136223,51.06907879516616],[13.60759038738854,51.06906009057676],[13.607545042777842,51.06908191582572],[13.607562400154768,51.06909852575582],[13.60760995136223,51.06907879516616]]]}},{"type":"Feature","id":"UUID_d77e7bdc-fde8-4816-ac84-956ae4fd73db","properties":{"id":"UUID_d77e7bdc-fde8-4816-ac84-956ae4fd73db","height_m":3.748,"ground_m":255.326,"height_source":"LoD1 solid top minus bottom","production":"2024","laser":"2016","footprints":"2022"},"geometry":{"type":"Polygon","coordinates":[[[13.607584545248727,51.068972249790015],[13.60748173222404,51.069020378195795],[13.607498714234945,51.069037604177005],[13.607545042777842,51.06908191582572],[13.60759038738854,51.06906009057676],[13.607652734476476,51.069030077437624],[13.607584545248727,51.068972249790015]]]}},{"type":"Feature","id":"DESNATPU1000HH0b","properties":{"id":"DESNATPU1000HH0b","height_m":6.263,"ground_m":257.273,"height_source":"LoD1 solid top minus bottom","production":"2024","laser":"2016","footprints":"2022"},"geometry":{"type":"Polygon","coordinates":[[[13.622246700103837,51.07087346842334],[13.622228902942286,51.070867143437276],[13.622209250554494,51.070870419019556],[13.622198925997662,51.0708816284106],[13.622204405115278,51.070894193179114],[13.622222056925812,51.070900606384804],[13.622248905858637,51.070962614410625],[13.622358811131113,51.0709434959315],[13.622322886606103,51.07086024755921],[13.622246700103837,51.07087346842334]]]}},{"type":"Feature","id":"DESNATPU1000IyNJ","properties":{"id":"DESNATPU1000IyNJ","height_m":9.488,"ground_m":245.55,"height_source":"LoD1 solid top minus bottom","production":"2024","laser":"2016","footprints":"2022"},"geometry":{"type":"Polygon","coordinates":[[[13.602910359629169,51.07653464857359],[13.602897812196796,51.07685975532487],[13.603089827708164,51.07686329132216],[13.603102418851943,51.07653763650896],[13.602910359629169,51.07653464857359]]]}},{"type":"Feature","id":"DESNATP1iE0000A7","properties":{"id":"DESNATP1iE0000A7","height_m":3.142,"ground_m":251.776,"height_source":"LoD1 solid top minus bottom","production":"2024","laser":"2016","footprints":"2022"},"geometry":{"type":"Polygon","coordinates":[[[13.623494112741891,51.06944859489866],[13.623514390595666,51.069495417122944],[13.623624471770931,51.06947648838839],[13.623604193813593,51.06942966618227],[13.623494112741891,51.06944859489866]]]}},{"type":"Feature","id":"DESNATP1iE0000ES","properties":{"id":"DESNATP1iE0000ES","height_m":18.085,"ground_m":139.278,"height_source":"LoD1 solid top minus bottom","production":"2024","laser":"2016","footprints":"2022"},"geometry":{"type":"Polygon","coordinates":[[[13.62117114528785,51.07975067360457],[13.621086941959472,51.079746361908484],[13.621071062728157,51.07986941359889],[13.621155266278025,51.079873725308055],[13.62117114528785,51.07975067360457]]]}},{"type":"Feature","id":"DESNATPU1000HFzE","properties":{"id":"DESNATPU1000HFzE","height_m":2.16,"ground_m":262.368,"height_source":"LoD1 solid top minus bottom","production":"2024","laser":"2016","footprints":"2022"},"geometry":{"type":"Polygon","coordinates":[[[13.60772237547899,51.0668591183816],[13.60780217232481,51.06683965492801],[13.607771139478416,51.06678937438126],[13.607691485381613,51.06680883951404],[13.60772237547899,51.0668591183816]]]}},{"type":"Feature","id":"DESNATP1iE0000Eb","properties":{"id":"DESNATP1iE0000Eb","height_m":2.455,"ground_m":145.799,"height_source":"LoD1 solid top minus bottom","production":"2024","laser":"2016","footprints":"2022"},"geometry":{"type":"Polygon","coordinates":[[[13.617813438962699,51.080277364723685],[13.617728508331155,51.08025911196951],[13.617700740915495,51.080310340039134],[13.617785671361219,51.08032860180372],[13.617813438962699,51.080277364723685]]]}},{"type":"Feature","id":"DESNATPU1000DJIX","properties":{"id":"DESNATPU1000DJIX","height_m":3.118,"ground_m":152.0,"height_source":"LoD1 solid top minus bottom","production":"2024","laser":"2016","footprints":"2022"},"geometry":{"type":"Polygon","coordinates":[[[13.616030170504109,51.08001688149546],[13.616026724418624,51.080070168748506],[13.616164383691684,51.08007386695026],[13.616167832301755,51.080020489794464],[13.616030170504109,51.08001688149546]]]}},{"type":"Feature","id":"DESNATP1iE0000CW","properties":{"id":"DESNATP1iE0000CW","height_m":3.603,"ground_m":243.817,"height_source":"LoD1 solid top minus bottom","production":"2024","laser":"2016","footprints":"2022"},"geometry":{"type":"Polygon","coordinates":[[[13.610593624012983,51.08168070070315],[13.61070867032297,51.081682571751614],[13.610710107038377,51.081647480434626],[13.610595060815333,51.08164560938824],[13.610593624012983,51.08168070070315]]]}},{"type":"Feature","id":"DESNATP1iE0000BN","properties":{"id":"DESNATP1iE0000BN","height_m":3.048,"ground_m":210.283,"height_source":"LoD1 solid top minus bottom","production":"2024","laser":"2016","footprints":"2022"},"geometry":{"type":"Polygon","coordinates":[[[13.624641419206135,51.07794995157002],[13.624510159790114,51.07794341594229],[13.62450386178567,51.0779935583107],[13.624635121342434,51.07800009394653],[13.624641419206135,51.07794995157002]]]}},{"type":"Feature","id":"DESNATP1iE0000CK","properties":{"id":"DESNATP1iE0000CK","height_m":3.13,"ground_m":241.164,"height_source":"LoD1 solid top minus bottom","production":"2024","laser":"2016","footprints":"2022"},"geometry":{"type":"Polygon","coordinates":[[[13.604702401566403,51.08148420225219],[13.604664000694287,51.08148262873223],[13.604659368463242,51.0815274481747],[13.604697769372255,51.08152902169647],[13.604702401566403,51.08148420225219]]]}},{"type":"Feature","id":"UUID_110cce01-ea52-4fa8-9e5e-774935dd08f1","properties":{"id":"UUID_110cce01-ea52-4fa8-9e5e-774935dd08f1","height_m":4.548,"ground_m":238.908,"height_source":"LoD1 solid top minus bottom","production":"2024","laser":"2016","footprints":"2022"},"geometry":{"type":"Polygon","coordinates":[[[13.606750604778963,51.08101618964759],[13.606823213324718,51.081018224162264],[13.606828041769973,51.080952543373954],[13.606755339095374,51.0809503188883],[13.606750604778963,51.08101618964759]]]}},{"type":"Feature","id":"UUID_4ff91fb0-a00e-451b-8cba-a95c77e99b36","properties":{"id":"UUID_4ff91fb0-a00e-451b-8cba-a95c77e99b36","height_m":6.42,"ground_m":238.908,"height_source":"LoD1 solid top minus bottom","production":"2024","laser":"2016","footprints":"2022"},"geometry":{"type":"Polygon","coordinates":[[[13.606682483520865,51.08109289673756],[13.606744961862,51.081094720617976],[13.606755339095374,51.0809503188883],[13.60669324871788,51.080948418700686],[13.606682483520865,51.08109289673756]]]}},{"type":"Feature","id":"DESNATP1DF0000Ao","properties":{"id":"DESNATP1DF0000Ao","height_m":4.749,"ground_m":172.257,"height_source":"LoD1 solid top minus bottom","production":"2024","laser":"2016","footprints":"2022"},"geometry":{"type":"Polygon","coordinates":[[[13.609146759330734,51.078465516946466],[13.609232910362994,51.078488080121126],[13.60929091331716,51.07838908357493],[13.609203467468573,51.07836876226196],[13.609196170238468,51.07838121158476],[13.609173601552115,51.07841971158343],[13.60915745680263,51.078447271672225],[13.609146759330734,51.078465516946466]]]}},{"type":"Feature","id":"DESNATPU1000G860","properties":{"id":"DESNATPU1000G860","height_m":2.544,"ground_m":173.066,"height_source":"LoD1 solid top minus bottom","production":"2024","laser":"2016","footprints":"2022"},"geometry":{"type":"Polygon","coordinates":[[[13.6090698566241,51.078389726666856],[13.609045512627715,51.078382692272974],[13.609015173354939,51.07842847397715],[13.609050186876013,51.078439142589886],[13.609060004989807,51.07844212817147],[13.609146759330734,51.078465516946466],[13.60915745680263,51.078447271672225],[13.609173601552115,51.07841971158343],[13.6090698566241,51.078389726666856]]]}},{"type":"Feature","id":"DESNATPU1000Idik","properties":{"id":"DESNATPU1000Idik","height_m":3.82,"ground_m":242.097,"height_source":"LoD1 solid top minus bottom","production":"2024","laser":"2016","footprints":"2022"},"geometry":{"type":"Polygon","coordinates":[[[13.61090305749681,51.08217434907354],[13.610719471536791,51.082172248160525],[13.610716810843122,51.08222770290148],[13.610900125041427,51.082229350941795],[13.61090305749681,51.08217434907354]]]}},{"type":"Feature","id":"UUID_625a0405-73aa-40b7-9af3-f48a010ad083","properties":{"id":"UUID_625a0405-73aa-40b7-9af3-f48a010ad083","height_m":6.981,"ground_m":242.419,"height_source":"LoD1 solid top minus bottom","production":"2024","laser":"2016","footprints":"2022"},"geometry":{"type":"Polygon","coordinates":[[[13.609632027573122,51.06972668984722],[13.60954588218016,51.06975733820231],[13.60960618464689,51.06982459439261],[13.609660546621106,51.06980525874548],[13.609693239003423,51.06979362406643],[13.60971831360669,51.06978470456366],[13.60965801129639,51.06971743944016],[13.609632027573122,51.06972668984722]]]}},{"type":"Feature","id":"UUID_a53ed4e2-8c2d-448c-9a21-30550047ac4d","properties":{"id":"UUID_a53ed4e2-8c2d-448c-9a21-30550047ac4d","height_m":5.667,"ground_m":242.419,"height_source":"LoD1 solid top minus bottom","production":"2024","laser":"2016","footprints":"2022"},"geometry":{"type":"Polygon","coordinates":[[[13.609673543510434,51.06981975710036],[13.609660546621106,51.06980525874548],[13.60960618464689,51.06982459439261],[13.609619195523422,51.069839101912876],[13.609673543510434,51.06981975710036]]]}},{"type":"Feature","id":"DESNATP1DF000090","properties":{"id":"DESNATP1DF000090","height_m":2.981,"ground_m":258.028,"height_source":"LoD1 solid top minus bottom","production":"2024","laser":"2016","footprints":"2022"},"geometry":{"type":"Polygon","coordinates":[[[13.607017062569506,51.069175014481985],[13.607059995635659,51.06921022995486],[13.607105967084532,51.06918798070189],[13.60706301973522,51.069152765075614],[13.607017062569506,51.069175014481985]]]}},{"type":"Feature","id":"DESNATPU1000IW1c","properties":{"id":"DESNATPU1000IW1c","height_m":3.009,"ground_m":246.492,"height_source":"LoD1 solid top minus bottom","production":"2024","laser":"2016","footprints":"2022"},"geometry":{"type":"Polygon","coordinates":[[[13.602679779791876,51.07658964495818],[13.602357555748277,51.07658428160034],[13.602354100425854,51.076666264912774],[13.602676338767072,51.07667164643454],[13.602679779791876,51.07658964495818]]]}},{"type":"Feature","id":"DESNATPU1000J4st","properties":{"id":"DESNATPU1000J4st","height_m":2.446,"ground_m":218.916,"height_source":"LoD1 solid top minus bottom","production":"2024","laser":"2016","footprints":"2022"},"geometry":{"type":"Polygon","coordinates":[[[13.615887490309461,51.083199946342944],[13.61591548728188,51.0831373273985],[13.615877998269031,51.08313049851593],[13.615849855841605,51.08319320565848],[13.615887490309461,51.083199946342944]]]}},{"type":"Feature","id":"UUID_d1dd2d09-d4cc-43a2-9db0-7642ce3f2e03","properties":{"id":"UUID_d1dd2d09-d4cc-43a2-9db0-7642ce3f2e03","height_m":6.962,"ground_m":185.058,"height_source":"LoD1 solid top minus bottom","production":"2024","laser":"2016","footprints":"2022"},"geometry":{"type":"Polygon","coordinates":[[[13.617559933096082,51.07822816121711],[13.617670936216419,51.078250931148744],[13.617701225146705,51.078192655459134],[13.617590151866471,51.078169848754065],[13.617559933096082,51.07822816121711]]]}},{"type":"Feature","id":"UUID_9ce2a446-8bff-4bc4-a476-d3dcec3fd295","properties":{"id":"UUID_9ce2a446-8bff-4bc4-a476-d3dcec3fd295","height_m":6.528,"ground_m":185.058,"height_source":"LoD1 solid top minus bottom","production":"2024","laser":"2016","footprints":"2022"},"geometry":{"type":"Polygon","coordinates":[[[13.617467177598733,51.07820913224194],[13.617559933096082,51.07822816121711],[13.617590151866471,51.078169848754065],[13.617667704566257,51.07802022432294],[13.617574594270485,51.07800113727734],[13.617467177598733,51.07820913224194]]]}},{"type":"Feature","id":"DESNATPU1000Iy1n","properties":{"id":"DESNATPU1000Iy1n","height_m":7.335,"ground_m":258.705,"height_source":"LoD1 solid top minus bottom","production":"2024","laser":"2016","footprints":"2022"},"geometry":{"type":"Polygon","coordinates":[[[13.621003411547584,51.07099486933303],[13.621050952507195,51.07108580923552],[13.621089010828152,51.071077984739865],[13.621175185101768,51.071060116197756],[13.621144154169741,51.07099958738388],[13.621153487697299,51.07099771904706],[13.621140669720628,51.07097274732834],[13.621099744367852,51.07098098766337],[13.621095434325746,51.07098192603819],[13.621071775298338,51.070971125180776],[13.621050378464307,51.07097545914025],[13.62104779351437,51.07098559066057],[13.621003411547584,51.07099486933303]]]}},{"type":"Feature","id":"DESNATPU1000C7od","properties":{"id":"DESNATPU1000C7od","height_m":4.157,"ground_m":217.172,"height_source":"LoD1 solid top minus bottom","production":"2024","laser":"2016","footprints":"2022"},"geometry":{"type":"Polygon","coordinates":[[[13.618584300025443,51.08194711967826],[13.618577719257527,51.0819667364047],[13.618558045749847,51.08201848298638],[13.618678775063628,51.08203474806412],[13.618705047097057,51.08195798918657],[13.618585707702705,51.08194299957027],[13.618584300025443,51.08194711967826]]]}},{"type":"Feature","id":"UUID_c6f362cb-e144-4b20-a240-40be240684dc","properties":{"id":"UUID_c6f362cb-e144-4b20-a240-40be240684dc","height_m":8.413,"ground_m":243.542,"height_source":"LoD1 solid top minus bottom","production":"2024","laser":"2016","footprints":"2022"},"geometry":{"type":"Polygon","coordinates":[[[13.609285110015492,51.08114220080332],[13.609308778996054,51.08114275219705],[13.609310454854153,51.08111400375112],[13.609286785618655,51.08111346134758],[13.609285110015492,51.08114220080332]]]}},{"type":"Feature","id":"UUID_f4499a09-ecd0-409a-83e2-3ac772f84b90","properties":{"id":"UUID_f4499a09-ecd0-409a-83e2-3ac772f84b90","height_m":8.898,"ground_m":243.542,"height_source":"LoD1 solid top minus bottom","production":"2024","laser":"2016","footprints":"2022"},"geometry":{"type":"Polygon","coordinates":[[[13.609283932321887,51.08116242987783],[13.609285110015492,51.08114220080332],[13.609286785618655,51.08111346134758],[13.609288276653894,51.081088020101234],[13.60920531374315,51.081086097734755],[13.609200940464941,51.08116051615736],[13.609283932321887,51.08116242987783]]]}},{"type":"Feature","id":"UUID_23fc7001-e62d-413f-9630-7e50e0f626cd","properties":{"id":"UUID_23fc7001-e62d-413f-9630-7e50e0f626cd","height_m":5.042,"ground_m":254.521,"height_source":"LoD1 solid top minus bottom","production":"2024","laser":"2016","footprints":"2022"},"geometry":{"type":"Polygon","coordinates":[[[13.62014551129529,51.070559558276216],[13.620073576526869,51.070574275782484],[13.62000505959321,51.07058829617807],[13.620056603396968,51.07068854648747],[13.620125162468367,51.07067455353762],[13.62019713938126,51.070659863475626],[13.620182484667371,51.07063139869091],[13.62014551129529,51.070559558276216]]]}},{"type":"Feature","id":"UUID_5744d6e9-8594-4d36-846f-9028ab6184e6","properties":{"id":"UUID_5744d6e9-8594-4d36-846f-9028ab6184e6","height_m":9.612,"ground_m":254.521,"height_source":"LoD1 solid top minus bottom","production":"2024","laser":"2016","footprints":"2022"},"geometry":{"type":"Polygon","coordinates":[[[13.620301069489576,51.070638643987806],[13.62019713938126,51.070659863475626],[13.620056603396968,51.07068854648747],[13.620076648600856,51.070727254934866],[13.62009709944045,51.07076672357415],[13.62041333199417,51.07070202039441],[13.620393022262645,51.07066259844131],[13.620373118171209,51.0706239366791],[13.620301029356813,51.07063855358469],[13.620301069489576,51.070638643987806]]]}},{"type":"Feature","id":"UUID_2d5290d0-d75a-49e9-aa67-0662ac7a4148","properties":{"id":"UUID_2d5290d0-d75a-49e9-aa67-0662ac7a4148","height_m":7.78,"ground_m":254.521,"height_source":"LoD1 solid top minus bottom","production":"2024","laser":"2016","footprints":"2022"},"geometry":{"type":"Polygon","coordinates":[[[13.620301069489576,51.070638643987806],[13.620301029356813,51.07063855358469],[13.620286455920208,51.07061023365958],[13.620182484667371,51.07063139869091],[13.62019713938126,51.070659863475626],[13.620301069489576,51.070638643987806]]]}},{"type":"Feature","id":"DESNATP1DF0000AV","properties":{"id":"DESNATP1DF0000AV","height_m":3.196,"ground_m":244.328,"height_source":"LoD1 solid top minus bottom","production":"2024","laser":"2016","footprints":"2022"},"geometry":{"type":"Polygon","coordinates":[[[13.610727725860434,51.081729426569694],[13.610545310105508,51.08172644898399],[13.610543311452439,51.08177504999092],[13.610725727398291,51.08177802758119],[13.610727725860434,51.081729426569694]]]}},{"type":"Feature","id":"DESNATPU1000HsNy","properties":{"id":"DESNATPU1000HsNy","height_m":4.619,"ground_m":242.36,"height_source":"LoD1 solid top minus bottom","production":"2024","laser":"2016","footprints":"2022"},"geometry":{"type":"Polygon","coordinates":[[[13.611181739821852,51.070154914222655],[13.611174831787094,51.07016157684618],[13.611132360518798,51.07020234978681],[13.611194240532509,51.07022844519249],[13.611237985175498,51.07018804707776],[13.611276151634184,51.0701527985764],[13.611346327472482,51.07008771407985],[13.611288997331343,51.07006221239039],[13.611236675124324,51.070107355802776],[13.611185993407869,51.07015109779965],[13.611181739821852,51.070154914222655]]]}},{"type":"Feature","id":"UUID_57eaa22a-5e0f-47db-bd6f-6427c56f802a","properties":{"id":"UUID_57eaa22a-5e0f-47db-bd6f-6427c56f802a","height_m":6.86,"ground_m":234.799,"height_source":"LoD1 solid top minus bottom","production":"2024","laser":"2016","footprints":"2022"},"geometry":{"type":"Polygon","coordinates":[[[13.605187243274685,51.07709146263335],[13.605207956134882,51.07701032369837],[13.605221282641752,51.07695216350895],[13.60512889968851,51.07694283253243],[13.60509681978543,51.07693958994026],[13.605075385617388,51.07693742763958],[13.605037512618143,51.077085988663825],[13.605060430302593,51.077087242403074],[13.605134571169959,51.07709128372086],[13.60518656161373,51.0770951416042],[13.605187243274685,51.07709146263335]]]}},{"type":"Feature","id":"UUID_830bf7e0-527f-4c3b-9362-77dea0d16080","properties":{"id":"UUID_830bf7e0-527f-4c3b-9362-77dea0d16080","height_m":5.588,"ground_m":234.799,"height_source":"LoD1 solid top minus bottom","production":"2024","laser":"2016","footprints":"2022"},"geometry":{"type":"Polygon","coordinates":[[[13.605221282641752,51.07695216350895],[13.605241970067885,51.0768618964291],[13.605151735383702,51.07685281592803],[13.60512889968851,51.07694283253243],[13.605221282641752,51.07695216350895]]]}},{"type":"Feature","id":"DESNATPU1000FMCo","properties":{"id":"DESNATPU1000FMCo","height_m":9.408,"ground_m":238.611,"height_source":"LoD1 solid top minus bottom","production":"2024","laser":"2016","footprints":"2022"},"geometry":{"type":"Polygon","coordinates":[[[13.604873648446377,51.07823575861899],[13.604900389831968,51.07797558834196],[13.604769723352302,51.07797030561066],[13.604742840421274,51.07823041122083],[13.604873648446377,51.07823575861899]]]}},{"type":"Feature","id":"DESNATPU1000EJIk","properties":{"id":"DESNATPU1000EJIk","height_m":3.583,"ground_m":250.5,"height_source":"LoD1 solid top minus bottom","production":"2024","laser":"2016","footprints":"2022"},"geometry":{"type":"Polygon","coordinates":[[[13.621874132252108,51.070033272611376],[13.621879671548614,51.07007263705823],[13.621881238420169,51.07007274546255],[13.621954869048556,51.07004942261641],[13.62195133462446,51.07002905690766],[13.62195097065189,51.0700268943115],[13.621887706066861,51.07003280315431],[13.621874132252108,51.070033272611376]]]}},{"type":"Feature","id":"DESNATPU1000IZni","properties":{"id":"DESNATPU1000IZni","height_m":6.672,"ground_m":248.571,"height_source":"LoD1 solid top minus bottom","production":"2024","laser":"2016","footprints":"2022"},"geometry":{"type":"Polygon","coordinates":[[[13.62020959207738,51.069239971602855],[13.62022067214058,51.06927535472756],[13.620270386341875,51.069269106972015],[13.620288241713661,51.069326243053894],[13.620404573640513,51.06931169875415],[13.620328114864547,51.06907014518448],[13.620212504955104,51.06908442814178],[13.620259303568703,51.06923381374954],[13.62020959207738,51.069239971602855]]]}},{"type":"Feature","id":"UUID_7f93432a-1fda-493e-8db2-46a11ea78347","properties":{"id":"UUID_7f93432a-1fda-493e-8db2-46a11ea78347","height_m":6.886,"ground_m":238.856,"height_source":"LoD1 solid top minus bottom","production":"2024","laser":"2016","footprints":"2022"},"geometry":{"type":"Polygon","coordinates":[[[13.602746991392221,51.08034611584257],[13.60275228423538,51.08040073925978],[13.602755757656587,51.08040060092142],[13.602753007673984,51.080373409379696],[13.602772589578201,51.08037265423221],[13.602769875171894,51.08034522929971],[13.602768759091308,51.080333938815706],[13.60274588931796,51.08033483451869],[13.602746991392221,51.08034611584257]]]}},{"type":"Feature","id":"UUID_92402a1c-6ac6-4d14-9e62-d7f611c1ca1e","properties":{"id":"UUID_92402a1c-6ac6-4d14-9e62-d7f611c1ca1e","height_m":8.857,"ground_m":238.856,"height_source":"LoD1 solid top minus bottom","production":"2024","laser":"2016","footprints":"2022"},"geometry":{"type":"Polygon","coordinates":[[[13.60275228423538,51.08040073925978],[13.60274588931796,51.08033483451869],[13.60274305621239,51.08030566353665],[13.602669187400016,51.08030853954483],[13.602584026683854,51.080311856057904],[13.602588058273957,51.08035147317917],[13.602593783888256,51.080407837414946],[13.6026631096108,51.080405069016294],[13.602668202388502,51.08041610128082],[13.602679868267053,51.08041604289506],[13.602699473504202,51.08041593553013],[13.602711876062413,51.080402324598886],[13.60275228423538,51.08040073925978]]]}},{"type":"Feature","id":"UUID_9045e14c-d07f-4d98-8743-9bb6fcde6a25","properties":{"id":"UUID_9045e14c-d07f-4d98-8743-9bb6fcde6a25","height_m":8.43,"ground_m":238.856,"height_source":"LoD1 solid top minus bottom","production":"2024","laser":"2016","footprints":"2022"},"geometry":{"type":"Polygon","coordinates":[[[13.602584026683854,51.080311856057904],[13.602523936800445,51.080314195254324],[13.602527882709692,51.0803538113535],[13.602588058273957,51.08035147317917],[13.602584026683854,51.080311856057904]]]}},{"type":"Feature","id":"DESNATP1iE0000BD","properties":{"id":"DESNATP1iE0000BD","height_m":3.389,"ground_m":166.33,"height_source":"LoD1 solid top minus bottom","production":"2024","laser":"2016","footprints":"2022"},"geometry":{"type":"Polygon","coordinates":[[[13.611076658599083,51.07834424560158],[13.610974006993892,51.07834111927682],[13.610970229704602,51.07839049954973],[13.61107286741685,51.07839361671931],[13.611076658599083,51.07834424560158]]]}},{"type":"Feature","id":"DESNATPU1000I44f","properties":{"id":"DESNATPU1000I44f","height_m":3.371,"ground_m":169.344,"height_source":"LoD1 solid top minus bottom","production":"2024","laser":"2016","footprints":"2022"},"geometry":{"type":"Polygon","coordinates":[[[13.627976531473232,51.08166834742283],[13.627882671951358,51.081689638042874],[13.627906836982126,51.08173182868619],[13.628000693919496,51.081710627945405],[13.627976531473232,51.08166834742283]]]}},{"type":"Feature","id":"DESNATP1iE0000Cy","properties":{"id":"DESNATP1iE0000Cy","height_m":3.121,"ground_m":211.098,"height_source":"LoD1 solid top minus bottom","production":"2024","laser":"2016","footprints":"2022"},"geometry":{"type":"Polygon","coordinates":[[[13.617189559907695,51.0832820035391],[13.617220149176433,51.0832382101617],[13.617072468194063,51.083197289885625],[13.617041878814353,51.083241083223804],[13.617189559907695,51.0832820035391]]]}},{"type":"Feature","id":"UUID_e890bbfe-ee47-4317-91d0-c024cff90cd3","properties":{"id":"UUID_e890bbfe-ee47-4317-91d0-c024cff90cd3","height_m":6.022,"ground_m":214.89,"height_source":"LoD1 solid top minus bottom","production":"2024","laser":"2016","footprints":"2022"},"geometry":{"type":"Polygon","coordinates":[[[13.61702243084949,51.08264174468759],[13.616978284237323,51.08264177093041],[13.616978336596086,51.082695549224105],[13.61702248299136,51.08269553197142],[13.61702243084949,51.08264174468759]]]}},{"type":"Feature","id":"UUID_7dc15948-b039-4009-856f-ca9983e646f5","properties":{"id":"UUID_7dc15948-b039-4009-856f-ca9983e646f5","height_m":4.679,"ground_m":214.89,"height_source":"LoD1 solid top minus bottom","production":"2024","laser":"2016","footprints":"2022"},"geometry":{"type":"Polygon","coordinates":[[[13.616839862390707,51.082641841724346],[13.616839880269383,51.08264890137987],[13.61697828679227,51.08264886637621],[13.616978284237323,51.08264177093041],[13.61690167039383,51.082641808682624],[13.616839862390707,51.082641841724346]]]}},{"type":"Feature","id":"UUID_12a4c5f3-ad3c-4139-9066-3f34967e1aad","properties":{"id":"UUID_12a4c5f3-ad3c-4139-9066-3f34967e1aad","height_m":8.27,"ground_m":214.89,"height_source":"LoD1 solid top minus bottom","production":"2024","laser":"2016","footprints":"2022"},"geometry":{"type":"Polygon","coordinates":[[[13.616808034146336,51.0827252611462],[13.616978366370716,51.08272519024744],[13.616978336596086,51.082695549224105],[13.61697828679227,51.08264886637621],[13.616839880269383,51.08264890137987],[13.616807955652638,51.08264891030775],[13.616808034146336,51.0827252611462]]]}},{"type":"Feature","id":"UUID_a0f66f74-f0a7-4894-bdbe-376a498c460c","properties":{"id":"UUID_a0f66f74-f0a7-4894-bdbe-376a498c460c","height_m":5.797,"ground_m":214.89,"height_source":"LoD1 solid top minus bottom","production":"2024","laser":"2016","footprints":"2022"},"geometry":{"type":"Polygon","coordinates":[[[13.616901654477006,51.08262510863773],[13.61690167039383,51.082641808682624],[13.61702243084949,51.08264174468759],[13.617022414621085,51.08262505363214],[13.616901654477006,51.08262510863773]]]}},{"type":"Feature","id":"DESNATP1iE0000D0","properties":{"id":"DESNATP1iE0000D0","height_m":2.271,"ground_m":150.803,"height_source":"LoD1 solid top minus bottom","production":"2024","laser":"2016","footprints":"2022"},"geometry":{"type":"Polygon","coordinates":[[[13.622095822405488,51.0832489149638],[13.622224310632182,51.08324685931725],[13.622221106986645,51.08316727021117],[13.62209260470788,51.08316932568767],[13.622095822405488,51.0832489149638]]]}},{"type":"Feature","id":"DESNATP1iE0000Bu","properties":{"id":"DESNATP1iE0000Bu","height_m":2.654,"ground_m":241.221,"height_source":"LoD1 solid top minus bottom","production":"2024","laser":"2016","footprints":"2022"},"geometry":{"type":"Polygon","coordinates":[[[13.606977858415176,51.08109151610081],[13.60690686994713,51.0810902024398],[13.606903578736164,51.08116127033113],[13.60697456758285,51.08116257500525],[13.606977858415176,51.08109151610081]]]}},{"type":"Feature","id":"DESNATPU1000IcZ8","properties":{"id":"DESNATPU1000IcZ8","height_m":2.558,"ground_m":252.634,"height_source":"LoD1 solid top minus bottom","production":"2024","laser":"2016","footprints":"2022"},"geometry":{"type":"Polygon","coordinates":[[[13.624965325782213,51.07032319088255],[13.625358672487067,51.070252097266284],[13.625302947070672,51.07013363442449],[13.624910390798062,51.070206985383734],[13.624965325782213,51.07032319088255]]]}},{"type":"Feature","id":"DESNATPU1000Ecfh","properties":{"id":"DESNATPU1000Ecfh","height_m":4.265,"ground_m":175.453,"height_source":"LoD1 solid top minus bottom","production":"2024","laser":"2016","footprints":"2022"},"geometry":{"type":"Polygon","coordinates":[[[13.628637364218918,51.08119704968473],[13.62854106990557,51.08121381580723],[13.628560202865717,51.08125720628416],[13.62865635720071,51.081240348574305],[13.628637364218918,51.08119704968473]]]}},{"type":"Feature","id":"DESNATPU1000BmFu","properties":{"id":"DESNATPU1000BmFu","height_m":5.927,"ground_m":203.18,"height_source":"LoD1 solid top minus bottom","production":"2024","laser":"2016","footprints":"2022"},"geometry":{"type":"Polygon","coordinates":[[[13.626030330891789,51.080076133136444],[13.626022165974415,51.08003368051388],[13.625854909544165,51.08004592316835],[13.62586306365599,51.08008873539286],[13.626030330891789,51.080076133136444]]]}},{"type":"Feature","id":"DESNATPU1000JAsP","properties":{"id":"DESNATPU1000JAsP","height_m":10.269,"ground_m":240.616,"height_source":"LoD1 solid top minus bottom","production":"2024","laser":"2016","footprints":"2022"},"geometry":{"type":"Polygon","coordinates":[[[13.606907976336712,51.081062400485784],[13.606758154303458,51.08105953563975],[13.606753893701455,51.08115858697241],[13.606903578736164,51.08116127033113],[13.60690686994713,51.0810902024398],[13.606907976336712,51.081062400485784]]]}},{"type":"Feature","id":"DESNATPU1000Dhrl","properties":{"id":"DESNATPU1000Dhrl","height_m":4.721,"ground_m":244.523,"height_source":"LoD1 solid top minus bottom","production":"2024","laser":"2016","footprints":"2022"},"geometry":{"type":"Polygon","coordinates":[[[13.606914977463228,51.08160880454989],[13.60691445037255,51.08166437458558],[13.607080590399157,51.08166590488054],[13.60708099617128,51.081609613964716],[13.606914977463228,51.08160880454989]]]}},{"type":"Feature","id":"DESNATPU1000FIre","properties":{"id":"DESNATPU1000FIre","height_m":5.829,"ground_m":243.229,"height_source":"LoD1 solid top minus bottom","production":"2024","laser":"2016","footprints":"2022"},"geometry":{"type":"Polygon","coordinates":[[[13.609648315705574,51.07014576606201],[13.609742709803696,51.07022998372598],[13.609814909167996,51.070197478674714],[13.609766714550949,51.070157696181916],[13.609715321861064,51.07011032155253],[13.609648315705574,51.07014576606201]]]}},{"type":"Feature","id":"DESNATPU1000IWml","properties":{"id":"DESNATPU1000IWml","height_m":2.911,"ground_m":188.489,"height_source":"LoD1 solid top minus bottom","production":"2024","laser":"2016","footprints":"2022"},"geometry":{"type":"Polygon","coordinates":[[[13.627774915399533,51.080740762583574],[13.627745147863662,51.08074511641706],[13.627763115943912,51.08079406896424],[13.627832233634638,51.08078381907523],[13.627870808546195,51.080778066790344],[13.627853405913367,51.080729300756104],[13.627813974727802,51.08073504298312],[13.627774915399533,51.080740762583574]]]}},{"type":"Feature","id":"DESNATPU1000CBdz","properties":{"id":"DESNATPU1000CBdz","height_m":5.078,"ground_m":161.722,"height_source":"LoD1 solid top minus bottom","production":"2024","laser":"2016","footprints":"2022"},"geometry":{"type":"Polygon","coordinates":[[[13.612483596123955,51.07878480120248],[13.612597853357943,51.07882617599414],[13.612678737740417,51.078737566439386],[13.612564626050236,51.078696103523896],[13.612483596123955,51.07878480120248]]]}},{"type":"Feature","id":"UUID_a5c51fee-9e43-48ca-8742-0930928fdfa3","properties":{"id":"UUID_a5c51fee-9e43-48ca-8742-0930928fdfa3","height_m":6.525,"ground_m":244.408,"height_source":"LoD1 solid top minus bottom","production":"2024","laser":"2016","footprints":"2022"},"geometry":{"type":"Polygon","coordinates":[[[13.607542128883669,51.08144570834035],[13.607540286422203,51.081495660111415],[13.607593518244569,51.08149638416206],[13.60765599777915,51.08149723633052],[13.607659105068688,51.08141371102578],[13.607543367535335,51.08141206255359],[13.607542128883669,51.08144570834035]]]}},{"type":"Feature","id":"UUID_0ac65a1c-fcab-4fb5-a6b6-1a46a4f5b10b","properties":{"id":"UUID_0ac65a1c-fcab-4fb5-a6b6-1a46a4f5b10b","height_m":3.701,"ground_m":244.408,"height_source":"LoD1 solid top minus bottom","production":"2024","laser":"2016","footprints":"2022"},"geometry":{"type":"Polygon","coordinates":[[[13.607655387534225,51.08151375806911],[13.60765599777915,51.08149723633052],[13.607593518244569,51.08149638416206],[13.607592881592685,51.08151283364238],[13.607655387534225,51.08151375806911]]]}},{"type":"Feature","id":"UUID_b8c53f39-cc8f-47c7-906d-2f43ed4f7c69","properties":{"id":"UUID_b8c53f39-cc8f-47c7-906d-2f43ed4f7c69","height_m":4.061,"ground_m":187.715,"height_source":"LoD1 solid top minus bottom","production":"2024","laser":"2016","footprints":"2022"},"geometry":{"type":"Polygon","coordinates":[[[13.62832011950211,51.08060366181052],[13.628218174286012,51.08061361666386],[13.62822351966019,51.080635622111366],[13.62822432678477,51.08063874313257],[13.628326651013719,51.08062900855131],[13.62832011950211,51.08060366181052]]]}},{"type":"Feature","id":"UUID_df5c6b3b-8695-4573-8290-710f944ef435","properties":{"id":"UUID_df5c6b3b-8695-4573-8290-710f944ef435","height_m":5.967,"ground_m":187.715,"height_source":"LoD1 solid top minus bottom","production":"2024","laser":"2016","footprints":"2022"},"geometry":{"type":"Polygon","coordinates":[[[13.628226723338043,51.080647980003974],[13.6282306556967,51.08066466304775],[13.628237939778465,51.0806935258626],[13.628239835931396,51.08070182159786],[13.62829753237116,51.08069638350259],[13.628298554471163,51.08070044230923],[13.6283565876639,51.08069472036335],[13.628390623028595,51.08069136071067],[13.62837375428233,51.08062452525887],[13.628339908753734,51.080627743247476],[13.628326651013719,51.08062900855131],[13.62822432678477,51.08063874313257],[13.628226723338043,51.080647980003974]]]}},{"type":"Feature","id":"DESNATPU1000GL0O","properties":{"id":"DESNATPU1000GL0O","height_m":3.403,"ground_m":227.638,"height_source":"LoD1 solid top minus bottom","production":"2024","laser":"2016","footprints":"2022"},"geometry":{"type":"Polygon","coordinates":[[[13.61533387248053,51.08217916769701],[13.615352140283026,51.082117242988446],[13.615282141031111,51.08210903957509],[13.615263873138801,51.08217096427209],[13.61533387248053,51.08217916769701]]]}},{"type":"Feature","id":"DESNATPU1000JQNK","properties":{"id":"DESNATPU1000JQNK","height_m":4.479,"ground_m":240.055,"height_source":"LoD1 solid top minus bottom","production":"2024","laser":"2016","footprints":"2022"},"geometry":{"type":"Polygon","coordinates":[[[13.60343638450983,51.0816315043819],[13.60344244848594,51.08166718885311],[13.603514404568894,51.08166247292366],[13.603617403995212,51.081655699712925],[13.603623551788763,51.081655413438384],[13.603617073048355,51.081619274375484],[13.60343638450983,51.0816315043819]]]}},{"type":"Feature","id":"DESNATP1DF0000AL","properties":{"id":"DESNATP1DF0000AL","height_m":5.686,"ground_m":243.169,"height_source":"LoD1 solid top minus bottom","production":"2024","laser":"2016","footprints":"2022"},"geometry":{"type":"Polygon","coordinates":[[[13.609120051721751,51.08155595304916],[13.609049567621412,51.08155493446841],[13.609047429683686,51.08161383969781],[13.609117913873456,51.08161485828056],[13.609120051721751,51.08155595304916]]]}},{"type":"Feature","id":"DESNATPU1000C1mR","properties":{"id":"DESNATPU1000C1mR","height_m":3.629,"ground_m":252.334,"height_source":"LoD1 solid top minus bottom","production":"2024","laser":"2016","footprints":"2022"},"geometry":{"type":"Polygon","coordinates":[[[13.623777991613446,51.06979086361926],[13.623778514354129,51.0697924885028],[13.623951415544713,51.070175824690615],[13.624027759116146,51.07016206499317],[13.624103811939197,51.07014848168204],[13.623930772230377,51.06976496423319],[13.623930381504222,51.06976370062204],[13.623853898544576,51.06977736868367],[13.623777991613446,51.06979086361926]]]}},{"type":"Feature","id":"DESNATP1DF00009l","properties":{"id":"DESNATP1DF00009l","height_m":4.168,"ground_m":232.395,"height_source":"LoD1 solid top minus bottom","production":"2024","laser":"2016","footprints":"2022"},"geometry":{"type":"Polygon","coordinates":[[[13.605432063024871,51.07910210223348],[13.605370304078429,51.079099234049046],[13.605358094795317,51.07920378414062],[13.60541985415028,51.07920664334281],[13.605432063024871,51.07910210223348]]]}},{"type":"Feature","id":"DESNATP1iE0000B7","properties":{"id":"DESNATP1iE0000B7","height_m":2.805,"ground_m":173.857,"height_source":"LoD1 solid top minus bottom","production":"2024","laser":"2016","footprints":"2022"},"geometry":{"type":"Polygon","coordinates":[[[13.609050186876013,51.078439142589886],[13.609027707654167,51.078471798217784],[13.609125072873695,51.07849839785642],[13.609146759330734,51.078465516946466],[13.609060004989807,51.07844212817147],[13.609050186876013,51.078439142589886]]]}},{"type":"Feature","id":"DESNATPU1000G8xR","properties":{"id":"DESNATPU1000G8xR","height_m":4.893,"ground_m":242.05,"height_source":"LoD1 solid top minus bottom","production":"2024","laser":"2016","footprints":"2022"},"geometry":{"type":"Polygon","coordinates":[[[13.602412095725791,51.07964324392154],[13.602415251600924,51.07973276138946],[13.602481094297243,51.07973183997405],[13.602480804005996,51.07969883242084],[13.602477750384613,51.07963908280248],[13.602412187829852,51.07964018742383],[13.602412095725791,51.07964324392154]]]}},{"type":"Feature","id":"DESNATPU1000I6n9","properties":{"id":"DESNATPU1000I6n9","height_m":2.294,"ground_m":234.047,"height_source":"LoD1 solid top minus bottom","production":"2024","laser":"2016","footprints":"2022"},"geometry":{"type":"Polygon","coordinates":[[[13.606151154024623,51.080539881628106],[13.606153768543546,51.08051464266113],[13.606108853282818,51.08051275811445],[13.606106096022735,51.080537995378336],[13.606151154024623,51.080539881628106]]]}},{"type":"Feature","id":"DESNATPU1000FPhL","properties":{"id":"DESNATPU1000FPhL","height_m":2.866,"ground_m":242.893,"height_source":"LoD1 solid top minus bottom","production":"2024","laser":"2016","footprints":"2022"},"geometry":{"type":"Polygon","coordinates":[[[13.606033686625373,51.08135584852374],[13.606035045283996,51.081419894407446],[13.606167858246693,51.08141869039257],[13.60616635398341,51.08135473270424],[13.606033686625373,51.08135584852374]]]}},{"type":"Feature","id":"UUID_2de42c25-ab65-4d1b-bae7-fa53b0b8e4ec","properties":{"id":"UUID_2de42c25-ab65-4d1b-bae7-fa53b0b8e4ec","height_m":9.613,"ground_m":247.478,"height_source":"LoD1 solid top minus bottom","production":"2024","laser":"2016","footprints":"2022"},"geometry":{"type":"Polygon","coordinates":[[[13.620855788773572,51.07004518206604],[13.620826036202732,51.069965693139366],[13.62047988133804,51.070009630284],[13.620422570896887,51.07001690359369],[13.620448676542159,51.07009901148926],[13.620855788773572,51.07004518206604]]]}},{"type":"Feature","id":"UUID_4e1753cd-effe-4519-a88f-13f10a649d77","properties":{"id":"UUID_4e1753cd-effe-4519-a88f-13f10a649d77","height_m":6.037,"ground_m":247.478,"height_source":"LoD1 solid top minus bottom","production":"2024","laser":"2016","footprints":"2022"},"geometry":{"type":"Polygon","coordinates":[[[13.620475301669,51.069995637176646],[13.62045714053991,51.069996771759946],[13.620453282690564,51.069996906083816],[13.620416696444048,51.06999845268976],[13.620422570896887,51.07001690359369],[13.62047988133804,51.070009630284],[13.620475301669,51.069995637176646]]]}},{"type":"Feature","id":"DESNATPU1000IFh1","properties":{"id":"DESNATPU1000IFh1","height_m":3.722,"ground_m":242.46,"height_source":"LoD1 solid top minus bottom","production":"2024","laser":"2016","footprints":"2022"},"geometry":{"type":"Polygon","coordinates":[[[13.606721483362495,51.08142951742235],[13.606791981465536,51.08143053757526],[13.60679582736762,51.081331031656354],[13.606725189397086,51.08132991990863],[13.606721483362495,51.08142951742235]]]}},{"type":"Feature","id":"DESNATPU1000InPw","properties":{"id":"DESNATPU1000InPw","height_m":2.214,"ground_m":249.438,"height_source":"LoD1 solid top minus bottom","production":"2024","laser":"2016","footprints":"2022"},"geometry":{"type":"Polygon","coordinates":[[[13.621919079424572,51.069774266420445],[13.621940775326614,51.06981750846621],[13.622122287676312,51.06978061909742],[13.622100443596723,51.06973755519758],[13.621919079424572,51.069774266420445]]]}},{"type":"Feature","id":"DESNATP1DF0000BN","properties":{"id":"DESNATP1DF0000BN","height_m":4.017,"ground_m":180.981,"height_source":"LoD1 solid top minus bottom","production":"2024","laser":"2016","footprints":"2022"},"geometry":{"type":"Polygon","coordinates":[[[13.617932952652872,51.07759286944525],[13.617799622441579,51.0776261854255],[13.617832104555648,51.07767777526541],[13.617965434893357,51.07764445924934],[13.617932952652872,51.07759286944525]]]}},{"type":"Feature","id":"DESNATPU1000B0su","properties":{"id":"DESNATPU1000B0su","height_m":2.82,"ground_m":253.144,"height_source":"LoD1 solid top minus bottom","production":"2024","laser":"2016","footprints":"2022"},"geometry":{"type":"Polygon","coordinates":[[[13.623444729028506,51.07030484220605],[13.623228206744406,51.07034302989645],[13.623244137377279,51.07037810114406],[13.623245088828833,51.07038018971945],[13.623261828253009,51.07041734785929],[13.623459269509093,51.07038244262637],[13.62344240325555,51.070344743445375],[13.62344172063158,51.07034321559971],[13.623433438069002,51.07032458361184],[13.62345209133701,51.070321296057536],[13.623444729028506,51.07030484220605]]]}},{"type":"Feature","id":"UUID_8b1c9ee9-bcc8-4d12-bcfd-5c8934c9022e","properties":{"id":"UUID_8b1c9ee9-bcc8-4d12-bcfd-5c8934c9022e","height_m":7.26,"ground_m":241.335,"height_source":"LoD1 solid top minus bottom","production":"2024","laser":"2016","footprints":"2022"},"geometry":{"type":"Polygon","coordinates":[[[13.608002817947185,51.08109289010456],[13.608004947069636,51.08110757393816],[13.60805971896725,51.08110453908741],[13.608057745738845,51.08108989308302],[13.608002817947185,51.08109289010456]]]}},{"type":"Feature","id":"UUID_8ba107b8-b299-4dd2-b34e-0a5b285819f0","properties":{"id":"UUID_8ba107b8-b299-4dd2-b34e-0a5b285819f0","height_m":8.701,"ground_m":241.335,"height_source":"LoD1 solid top minus bottom","production":"2024","laser":"2016","footprints":"2022"},"geometry":{"type":"Polygon","coordinates":[[[13.607932164030652,51.081006705761396],[13.607871529992375,51.08101003045195],[13.60787771868167,51.08105546450613],[13.607883695823029,51.08109938522758],[13.608002817947185,51.08109289010456],[13.608022323629882,51.081091827409175],[13.608016388633851,51.08104792518305],[13.608015967126157,51.081044844580845],[13.608010242085292,51.08100250962442],[13.607932164030652,51.081006705761396]]]}},{"type":"Feature","id":"UUID_b5211e77-b9bb-49cf-ae5b-b6ff621c2e06","properties":{"id":"UUID_b5211e77-b9bb-49cf-ae5b-b6ff621c2e06","height_m":7.953,"ground_m":241.335,"height_source":"LoD1 solid top minus bottom","production":"2024","laser":"2016","footprints":"2022"},"geometry":{"type":"Polygon","coordinates":[[[13.608022323629882,51.081091827409175],[13.608057745738845,51.08108989308302],[13.60805143147535,51.081042928745624],[13.608015967126157,51.081044844580845],[13.608022323629882,51.081091827409175]]]}},{"type":"Feature","id":"DESNATPU1000I14Y","properties":{"id":"DESNATPU1000I14Y","height_m":3.409,"ground_m":262.21,"height_source":"LoD1 solid top minus bottom","production":"2024","laser":"2016","footprints":"2022"},"geometry":{"type":"Polygon","coordinates":[[[13.607444893484017,51.067031085208725],[13.60752196739349,51.06712139345052],[13.607541148292306,51.06711478732912],[13.607594642085376,51.067096719299926],[13.607619153216026,51.067088468006546],[13.607542076471788,51.06699824972467],[13.607444893484017,51.067031085208725]]]}},{"type":"Feature","id":"DESNATPU1000FAj5","properties":{"id":"DESNATPU1000FAj5","height_m":4.099,"ground_m":178.522,"height_source":"LoD1 solid top minus bottom","production":"2024","laser":"2016","footprints":"2022"},"geometry":{"type":"Polygon","coordinates":[[[13.627816441622914,51.08126448490456],[13.62791312189851,51.081249162774874],[13.627895710170854,51.081205522606666],[13.627798884600876,51.08122093294522],[13.627816441622914,51.08126448490456]]]}},{"type":"Feature","id":"DESNATPU1000InNC","properties":{"id":"DESNATPU1000InNC","height_m":4.815,"ground_m":154.374,"height_source":"LoD1 solid top minus bottom","production":"2024","laser":"2016","footprints":"2022"},"geometry":{"type":"Polygon","coordinates":[[[13.621577282790327,51.081834968876024],[13.621592552835166,51.081888027314534],[13.621676645896649,51.08187840729615],[13.621661375758336,51.08182534886783],[13.621577282790327,51.081834968876024]]]}},{"type":"Feature","id":"DESNATPU1000FECg","properties":{"id":"DESNATPU1000FECg","height_m":6.21,"ground_m":245.588,"height_source":"LoD1 solid top minus bottom","production":"2024","laser":"2016","footprints":"2022"},"geometry":{"type":"Polygon","coordinates":[[[13.606451013104536,51.08180219774728],[13.606448757494144,51.081877261835814],[13.606496997193611,51.08187783693875],[13.60650414090355,51.08188241856857],[13.606523688281206,51.081882831459815],[13.606530816670233,51.081878419973755],[13.6065694940646,51.08187888105143],[13.606572040323483,51.08180364056756],[13.606505677862131,51.08180275951682],[13.606490954201615,51.08179386084393],[13.60646583535019,51.08179356138359],[13.606451013104536,51.08180219774728]]]}},{"type":"Feature","id":"DESNATPU1000CtKg","properties":{"id":"DESNATPU1000CtKg","height_m":8.187,"ground_m":133.33,"height_source":"LoD1 solid top minus bottom","production":"2024","laser":"2016","footprints":"2022"},"geometry":{"type":"Polygon","coordinates":[[[13.622980605978547,51.08099766744937],[13.622962168052192,51.08090315947379],[13.622853740911177,51.08091113578599],[13.622871312550343,51.081006442936065],[13.622980605978547,51.08099766744937]]]}},{"type":"Feature","id":"DESNATPU1000Ih23","properties":{"id":"DESNATPU1000Ih23","height_m":3.756,"ground_m":185.35,"height_source":"LoD1 solid top minus bottom","production":"2024","laser":"2016","footprints":"2022"},"geometry":{"type":"Polygon","coordinates":[[[13.628178423746833,51.080808746078205],[13.628082135402472,51.08082533203269],[13.628101125059326,51.080868720907965],[13.628197276086603,51.08085195346776],[13.628178423746833,51.080808746078205]]]}},{"type":"Feature","id":"DESNATPU1000IB5X","properties":{"id":"DESNATPU1000IB5X","height_m":4.234,"ground_m":215.805,"height_source":"LoD1 solid top minus bottom","production":"2024","laser":"2016","footprints":"2022"},"geometry":{"type":"Polygon","coordinates":[[[13.618457400436624,51.0822673866355],[13.618446667331058,51.08232094751983],[13.618531556228806,51.082327796211814],[13.618542431961169,51.08227423700575],[13.618457400436624,51.0822673866355]]]}},{"type":"Feature","id":"UUID_4a16c0ce-d512-47ed-ac75-79a911d7f562","properties":{"id":"UUID_4a16c0ce-d512-47ed-ac75-79a911d7f562","height_m":4.883,"ground_m":139.446,"height_source":"LoD1 solid top minus bottom","production":"2024","laser":"2016","footprints":"2022"},"geometry":{"type":"Polygon","coordinates":[[[13.620211048753989,51.079936361165196],[13.620218526136837,51.07990672781848],[13.62013166698248,51.07989810345306],[13.620124222100872,51.0799276022843],[13.620211048753989,51.079936361165196]]]}},{"type":"Feature","id":"UUID_ab13c404-d617-410a-8557-c60c814d3ae5","properties":{"id":"UUID_ab13c404-d617-410a-8557-c60c814d3ae5","height_m":4.106,"ground_m":139.446,"height_source":"LoD1 solid top minus bottom","production":"2024","laser":"2016","footprints":"2022"},"geometry":{"type":"Polygon","coordinates":[[[13.62023306033536,51.07984911984977],[13.620064103618937,51.07983210714705],[13.620049391270879,51.07988993781565],[13.62013166698248,51.07989810345306],[13.620218526136837,51.07990672781848],[13.62023306033536,51.07984911984977]]]}},{"type":"Feature","id":"DESNATPU1000EHHW","properties":{"id":"DESNATPU1000EHHW","height_m":8.51,"ground_m":197.774,"height_source":"LoD1 solid top minus bottom","production":"2024","laser":"2016","footprints":"2022"},"geometry":{"type":"Polygon","coordinates":[[[13.62698696919249,51.08026552378151],[13.627014527343691,51.080366658092125],[13.62719326956386,51.080347444266685],[13.627179801769403,51.08029744734386],[13.627165999128158,51.08024622344945],[13.62698696919249,51.08026552378151]]]}},{"type":"Feature","id":"UUID_729d29eb-acbc-4fec-8edc-aac4fd2a9017","properties":{"id":"UUID_729d29eb-acbc-4fec-8edc-aac4fd2a9017","height_m":4.796,"ground_m":139.805,"height_source":"LoD1 solid top minus bottom","production":"2024","laser":"2016","footprints":"2022"},"geometry":{"type":"Polygon","coordinates":[[[13.626834720591685,51.08338917814073],[13.626820321994225,51.08336433244011],[13.6267314237491,51.08338477214401],[13.62674582230485,51.08340961785519],[13.626834720591685,51.08338917814073]]]}},{"type":"Feature","id":"UUID_1185a1dd-9e24-4142-89ae-b0e17c61b3d0","properties":{"id":"UUID_1185a1dd-9e24-4142-89ae-b0e17c61b3d0","height_m":5.846,"ground_m":139.805,"height_source":"LoD1 solid top minus bottom","production":"2024","laser":"2016","footprints":"2022"},"geometry":{"type":"Polygon","coordinates":[[[13.626873092363892,51.0832775322379],[13.626693255613516,51.08331885531897],[13.6267314237491,51.08338477214401],[13.626911117996626,51.083343447329796],[13.626873092363892,51.0832775322379]]]}},{"type":"Feature","id":"DESNATPU1000GeGu","properties":{"id":"DESNATPU1000GeGu","height_m":2.357,"ground_m":238.306,"height_source":"LoD1 solid top minus bottom","production":"2024","laser":"2016","footprints":"2022"},"geometry":{"type":"Polygon","coordinates":[[[13.602697455514237,51.08065350479248],[13.60262698768557,51.08065625955928],[13.602627445356463,51.08070266858285],[13.602698693720875,51.08070244116837],[13.602697455514237,51.08065350479248]]]}},{"type":"Feature","id":"UUID_24760e06-0a8a-4790-aca9-06e68ce94f86","properties":{"id":"UUID_24760e06-0a8a-4790-aca9-06e68ce94f86","height_m":3.778,"ground_m":244.537,"height_source":"LoD1 solid top minus bottom","production":"2024","laser":"2016","footprints":"2022"},"geometry":{"type":"Polygon","coordinates":[[[13.606133366954458,51.08162097979571],[13.606194014932882,51.081621972777256],[13.606194636682794,51.081606035722224],[13.60613398791461,51.081605069710314],[13.606133366954458,51.08162097979571]]]}},{"type":"Feature","id":"UUID_e36351ef-92b5-4049-8f19-4e53e28d3559","properties":{"id":"UUID_e36351ef-92b5-4049-8f19-4e53e28d3559","height_m":6.105,"ground_m":244.537,"height_source":"LoD1 solid top minus bottom","production":"2024","laser":"2016","footprints":"2022"},"geometry":{"type":"Polygon","coordinates":[[[13.606135240640972,51.08157288995092],[13.606135238209248,51.0815729708583],[13.60613398791461,51.081605069710314],[13.606194636682794,51.081606035722224],[13.606194638574056,51.08160597279426],[13.606267700486987,51.0816072036923],[13.60626902340005,51.081575060740484],[13.606270356577104,51.08154257617943],[13.606136784208868,51.0815405338009],[13.606135240640972,51.08157288995092]]]}},{"type":"Feature","id":"DESNATPU1000D5tX","properties":{"id":"DESNATPU1000D5tX","height_m":7.72,"ground_m":239.744,"height_source":"LoD1 solid top minus bottom","production":"2024","laser":"2016","footprints":"2022"},"geometry":{"type":"Polygon","coordinates":[[[13.606038787156349,51.08114340634578],[13.60619721527605,51.08114970211936],[13.606206687403024,51.08105305110757],[13.606048114191257,51.0810468435444],[13.606038787156349,51.08114340634578]]]}},{"type":"Feature","id":"UUID_216ee3d4-83c3-4058-af86-c6479193da06","properties":{"id":"UUID_216ee3d4-83c3-4058-af86-c6479193da06","height_m":9.082,"ground_m":138.831,"height_source":"LoD1 solid top minus bottom","production":"2024","laser":"2016","footprints":"2022"},"geometry":{"type":"Polygon","coordinates":[[[13.623054869488731,51.08222307207722],[13.622990081907847,51.082251347004664],[13.62301401927823,51.08227317602489],[13.623078919986385,51.08224493838846],[13.623054869488731,51.08222307207722]]]}},{"type":"Feature","id":"UUID_421bc8e6-b852-48e2-956d-bced67e084a4","properties":{"id":"UUID_421bc8e6-b852-48e2-956d-bced67e084a4","height_m":8.136,"ground_m":138.831,"height_source":"LoD1 solid top minus bottom","production":"2024","laser":"2016","footprints":"2022"},"geometry":{"type":"Polygon","coordinates":[[[13.6229900673686,51.082251355826315],[13.622976306145583,51.08223878348625],[13.622855673331989,51.08229131981719],[13.622874886470454,51.08230876761363],[13.622891680304836,51.08232402860419],[13.622899288595399,51.08232744561851],[13.623017271716686,51.08227615502328],[13.622995461418377,51.082256257560005],[13.6229900673686,51.082251355826315]]]}},{"type":"Feature","id":"UUID_230f2ecc-8e70-4aef-a03a-b8727f4bdcbf","properties":{"id":"UUID_230f2ecc-8e70-4aef-a03a-b8727f4bdcbf","height_m":6.259,"ground_m":138.831,"height_source":"LoD1 solid top minus bottom","production":"2024","laser":"2016","footprints":"2022"},"geometry":{"type":"Polygon","coordinates":[[[13.623017271716686,51.08227615502328],[13.623017315067507,51.08227613754812],[13.623089041154557,51.08234164154874],[13.623153843342621,51.08231335774571],[13.623210543524573,51.08228866557407],[13.623135474731074,51.08222033446913],[13.623078919986385,51.08224493838846],[13.62301401927823,51.08227317602489],[13.623017271716686,51.08227615502328]]]}},{"type":"Feature","id":"DESNATPU1000BEIZ","properties":{"id":"DESNATPU1000BEIZ","height_m":2.651,"ground_m":222.257,"height_source":"LoD1 solid top minus bottom","production":"2024","laser":"2016","footprints":"2022"},"geometry":{"type":"Polygon","coordinates":[[[13.616056603679525,51.0822169538739],[13.61603789947078,51.082317453162254],[13.616081352168374,51.08232057557646],[13.616095403877596,51.08225158636017],[13.616124899197303,51.08225355428923],[13.616130688000364,51.082222237520824],[13.616056603679525,51.0822169538739]]]}},{"type":"Feature","id":"DESNATPU1000EiXq","properties":{"id":"DESNATPU1000EiXq","height_m":2.891,"ground_m":186.921,"height_source":"LoD1 solid top minus bottom","production":"2024","laser":"2016","footprints":"2022"},"geometry":{"type":"Polygon","coordinates":[[[13.607908643842473,51.07925037561292],[13.607954411638476,51.079295165922474],[13.60803780665249,51.079261176557665],[13.607991893397207,51.07921647447778],[13.607908643842473,51.07925037561292]]]}},{"type":"Feature","id":"DESNATP1iE00009d","properties":{"id":"DESNATP1iE00009d","height_m":2.154,"ground_m":249.964,"height_source":"LoD1 solid top minus bottom","production":"2024","laser":"2016","footprints":"2022"},"geometry":{"type":"Polygon","coordinates":[[[13.608217241038497,51.06924231681279],[13.608195600649179,51.06920669884287],[13.608077232363087,51.06923523575103],[13.608098872404291,51.069270862731834],[13.608217241038497,51.06924231681279]]]}},{"type":"Feature","id":"DESNATPU1000ED2W","properties":{"id":"DESNATPU1000ED2W","height_m":4.618,"ground_m":257.553,"height_source":"LoD1 solid top minus bottom","production":"2024","laser":"2016","footprints":"2022"},"geometry":{"type":"Polygon","coordinates":[[[13.607106348958164,51.06826241282298],[13.607198154231423,51.068366026524124],[13.607286289339175,51.068335151804206],[13.60719448392747,51.06823153817071],[13.607106348958164,51.06826241282298]]]}},{"type":"Feature","id":"UUID_89f9220d-583a-42a4-a224-1f9e304dc613","properties":{"id":"UUID_89f9220d-583a-42a4-a224-1f9e304dc613","height_m":3.276,"ground_m":218.455,"height_source":"LoD1 solid top minus bottom","production":"2024","laser":"2016","footprints":"2022"},"geometry":{"type":"Polygon","coordinates":[[[13.626472349982107,51.07816132168632],[13.626530522755127,51.07813535923169],[13.626465880018836,51.07807368158403],[13.626390019505726,51.07808421113188],[13.626472349982107,51.07816132168632]]]}},{"type":"Feature","id":"UUID_483a7320-85fb-4c37-ab2a-b0be2929fdc2","properties":{"id":"UUID_483a7320-85fb-4c37-ab2a-b0be2929fdc2","height_m":2.712,"ground_m":218.455,"height_source":"LoD1 solid top minus bottom","production":"2024","laser":"2016","footprints":"2022"},"geometry":{"type":"Polygon","coordinates":[[[13.626420079780607,51.077987485799824],[13.626350256043278,51.07799808626194],[13.626390019505726,51.07808421113188],[13.626465880018836,51.07807368158403],[13.626420079780607,51.077987485799824]]]}},{"type":"Feature","id":"UUID_23c66c33-9e0e-4b79-8ebf-d0c512cf21db","properties":{"id":"UUID_23c66c33-9e0e-4b79-8ebf-d0c512cf21db","height_m":4.724,"ground_m":188.817,"height_source":"LoD1 solid top minus bottom","production":"2024","laser":"2016","footprints":"2022"},"geometry":{"type":"Polygon","coordinates":[[[13.624446589863787,51.07983178393086],[13.624444274050383,51.07982610912407],[13.624359579358206,51.07983931221445],[13.624271522530062,51.079852754453114],[13.624205239406383,51.079864204678266],[13.624225759385723,51.07991506734962],[13.624307274769473,51.079903166882545],[13.62446536942089,51.07987779687969],[13.624446589863787,51.07983178393086]]]}},{"type":"Feature","id":"UUID_fc2f1a9f-589a-445f-b8d3-664885a468ba","properties":{"id":"UUID_fc2f1a9f-589a-445f-b8d3-664885a468ba","height_m":4.428,"ground_m":188.817,"height_source":"LoD1 solid top minus bottom","production":"2024","laser":"2016","footprints":"2022"},"geometry":{"type":"Polygon","coordinates":[[[13.62449701495002,51.07982359124603],[13.624446589863787,51.07983178393086],[13.62446536942089,51.07987779687969],[13.624512979992364,51.07987015560651],[13.62449701495002,51.07982359124603]]]}},{"type":"Feature","id":"DESNATPU1000Ckni","properties":{"id":"DESNATPU1000Ckni","height_m":3.372,"ground_m":148.131,"height_source":"LoD1 solid top minus bottom","production":"2024","laser":"2016","footprints":"2022"},"geometry":{"type":"Polygon","coordinates":[[[13.616572493902396,51.07978867597557],[13.616677658911737,51.0797904601873],[13.616719469103378,51.079791134846424],[13.616721806041276,51.07974628779894],[13.616681223412114,51.07974274993168],[13.616682769402056,51.07972442265755],[13.616575124757299,51.07972440768741],[13.616572493902396,51.07978867597557]]]}},{"type":"Feature","id":"DESNATP1iE0000Ce","properties":{"id":"DESNATP1iE0000Ce","height_m":2.559,"ground_m":178.539,"height_source":"LoD1 solid top minus bottom","production":"2024","laser":"2016","footprints":"2022"},"geometry":{"type":"Polygon","coordinates":[[[13.608917224645957,51.07879308692968],[13.608872248995368,51.07875138200664],[13.608778116853543,51.078791656129276],[13.608823106458654,51.07883337024748],[13.608917224645957,51.07879308692968]]]}},{"type":"Feature","id":"DESNATPU1000G1v6","properties":{"id":"DESNATPU1000G1v6","height_m":3.327,"ground_m":190.733,"height_source":"LoD1 solid top minus bottom","production":"2024","laser":"2016","footprints":"2022"},"geometry":{"type":"Polygon","coordinates":[[[13.627051473862819,51.08080171975045],[13.626953988506516,51.080815323054594],[13.626969533211657,51.08085930115587],[13.627067023978901,51.08084551804371],[13.627051473862819,51.08080171975045]]]}},{"type":"Feature","id":"DESNATPU1000HOGr","properties":{"id":"DESNATPU1000HOGr","height_m":2.887,"ground_m":168.913,"height_source":"LoD1 solid top minus bottom","production":"2024","laser":"2016","footprints":"2022"},"geometry":{"type":"Polygon","coordinates":[[[13.615438603216239,51.07907766884818],[13.615434426874808,51.07913148701997],[13.615520003749436,51.079134209331194],[13.615524182675408,51.07908030125809],[13.615438603216239,51.07907766884818]]]}},{"type":"Feature","id":"DESNATPU1000Enw1","properties":{"id":"DESNATPU1000Enw1","height_m":7.718,"ground_m":245.012,"height_source":"LoD1 solid top minus bottom","production":"2024","laser":"2016","footprints":"2022"},"geometry":{"type":"Polygon","coordinates":[[[13.61110397417003,51.06995380718403],[13.611127226489293,51.06996379587511],[13.611206559593844,51.06999810239193],[13.611280531195572,51.06993018529388],[13.611178233908598,51.06988580364445],[13.61110397417003,51.06995380718403]]]}},{"type":"Feature","id":"UUID_66373202-b2ad-4bc0-8836-a432fd7a6698","properties":{"id":"UUID_66373202-b2ad-4bc0-8836-a432fd7a6698","height_m":5.792,"ground_m":261.375,"height_source":"LoD1 solid top minus bottom","production":"2024","laser":"2016","footprints":"2022"},"geometry":{"type":"Polygon","coordinates":[[[13.607037427180448,51.067510679965],[13.607179686868218,51.067473975459954],[13.607139002974014,51.067411430258716],[13.606996769014328,51.06744823394307],[13.607037427180448,51.067510679965]]]}},{"type":"Feature","id":"UUID_f0706740-e6bd-494e-a2eb-8c6070409ca5","properties":{"id":"UUID_f0706740-e6bd-494e-a2eb-8c6070409ca5","height_m":6.416,"ground_m":261.375,"height_source":"LoD1 solid top minus bottom","production":"2024","laser":"2016","footprints":"2022"},"geometry":{"type":"Polygon","coordinates":[[[13.607139002974014,51.067411430258716],[13.607125386968232,51.06739050326403],[13.607020811033147,51.06741758473221],[13.607034312588043,51.06743851936806],[13.607139002974014,51.067411430258716]]]}},{"type":"Feature","id":"UUID_8e9ef6be-c56d-4878-8d4e-3a72570e2dae","properties":{"id":"UUID_8e9ef6be-c56d-4878-8d4e-3a72570e2dae","height_m":9.774,"ground_m":165.617,"height_source":"LoD1 solid top minus bottom","production":"2024","laser":"2016","footprints":"2022"},"geometry":{"type":"Polygon","coordinates":[[[13.61527297005134,51.079269864084225],[13.615387322527607,51.079283781848304],[13.615409042779612,51.07921185290249],[13.615294526242094,51.079198176024306],[13.61527297005134,51.079269864084225]]]}},{"type":"Feature","id":"UUID_6f980811-ecf2-42d3-a86e-1034aeaea26b","properties":{"id":"UUID_6f980811-ecf2-42d3-a86e-1034aeaea26b","height_m":6.003,"ground_m":165.617,"height_source":"LoD1 solid top minus bottom","production":"2024","laser":"2016","footprints":"2022"},"geometry":{"type":"Polygon","coordinates":[[[13.61531635542688,51.07927514430164],[13.615310963700614,51.07929315621537],[13.615381952345324,51.07930155121134],[13.615387322527607,51.079283781848304],[13.61531635542688,51.07927514430164]]]}},{"type":"Feature","id":"DESNATP1iE0000D8","properties":{"id":"DESNATP1iE0000D8","height_m":5.137,"ground_m":203.056,"height_source":"LoD1 solid top minus bottom","production":"2024","laser":"2016","footprints":"2022"},"geometry":{"type":"Polygon","coordinates":[[[13.61753795508433,51.081670159389],[13.617558339484493,51.081617108412956],[13.61747371803578,51.08160420993323],[13.617453347817156,51.081657261062745],[13.61753795508433,51.081670159389]]]}},{"type":"Feature","id":"DESNATPU1000JOCi","properties":{"id":"DESNATPU1000JOCi","height_m":3.894,"ground_m":243.505,"height_source":"LoD1 solid top minus bottom","production":"2024","laser":"2016","footprints":"2022"},"geometry":{"type":"Polygon","coordinates":[[[13.608623776191916,51.081785904319126],[13.608709376342704,51.08178800237022],[13.608711303136618,51.08175708962491],[13.608695897384514,51.08175663646703],[13.608695821869379,51.08175915358859],[13.608625339385172,51.08175759519666],[13.608623776191916,51.081785904319126]]]}},{"type":"Feature","id":"UUID_2ce1f853-a642-4a35-9039-ff44c1f7820a","properties":{"id":"UUID_2ce1f853-a642-4a35-9039-ff44c1f7820a","height_m":7.459,"ground_m":245.875,"height_source":"LoD1 solid top minus bottom","production":"2024","laser":"2016","footprints":"2022"},"geometry":{"type":"Polygon","coordinates":[[[13.620535459103392,51.069717386264415],[13.620535023502768,51.06976756171797],[13.620535180455834,51.06976756357041],[13.620534776976,51.069795535838665],[13.620570825009484,51.06979576344599],[13.620613694441131,51.0697960355757],[13.620614423032992,51.06973792281597],[13.620571565688572,51.069724763948635],[13.620535497349058,51.069713699611164],[13.620535387761167,51.06971738542241],[13.620535459103392,51.069717386264415]]]}},{"type":"Feature","id":"UUID_5b722adf-67b2-4e87-89d2-91343de04b29","properties":{"id":"UUID_5b722adf-67b2-4e87-89d2-91343de04b29","height_m":8.133,"ground_m":245.875,"height_source":"LoD1 solid top minus bottom","production":"2024","laser":"2016","footprints":"2022"},"geometry":{"type":"Polygon","coordinates":[[[13.620613694441131,51.0697960355757],[13.620534776976,51.069795535838665],[13.62053477189752,51.069795706644534],[13.620369101614328,51.069794200847646],[13.62036916493705,51.06979447138323],[13.620357477190757,51.06979439637183],[13.620364334420376,51.069823956165905],[13.620368583828519,51.069842333933614],[13.620371569724,51.06985520210156],[13.620718780835249,51.06985732158745],[13.620719192667595,51.06982618390374],[13.620719583326933,51.06979671865647],[13.620613689897487,51.06979618840202],[13.620613694441131,51.0697960355757]]]}},{"type":"Feature","id":"UUID_b7c75134-fcf2-4b68-9891-21d066fd582f","properties":{"id":"UUID_b7c75134-fcf2-4b68-9891-21d066fd582f","height_m":4.341,"ground_m":245.875,"height_source":"LoD1 solid top minus bottom","production":"2024","laser":"2016","footprints":"2022"},"geometry":{"type":"Polygon","coordinates":[[[13.61997988414877,51.07002721731785],[13.619981773632155,51.070037113873504],[13.620062744802803,51.070030965469485],[13.620060705154701,51.07002275781462],[13.61997988414877,51.07002721731785]]]}},{"type":"Feature","id":"UUID_ba071ecc-7ba0-4b29-8bbb-ccccd458cc44","properties":{"id":"UUID_ba071ecc-7ba0-4b29-8bbb-ccccd458cc44","height_m":4.947,"ground_m":245.875,"height_source":"LoD1 solid top minus bottom","production":"2024","laser":"2016","footprints":"2022"},"geometry":{"type":"Polygon","coordinates":[[[13.620060705154701,51.07002275781462],[13.620241848436816,51.07001275588592],[13.620300895111557,51.07000949602459],[13.620296502949664,51.070003598767585],[13.6202398077183,51.0700060230635],[13.620226014528308,51.06995483430343],[13.620050194574517,51.06996822644468],[13.619969794252858,51.06997438157984],[13.61997988414877,51.07002721731785],[13.620060705154701,51.07002275781462]]]}},{"type":"Feature","id":"UUID_ff042f92-9f50-4c09-ac96-e174b2ab96c7","properties":{"id":"UUID_ff042f92-9f50-4c09-ac96-e174b2ab96c7","height_m":9.293,"ground_m":245.875,"height_source":"LoD1 solid top minus bottom","production":"2024","laser":"2016","footprints":"2022"},"geometry":{"type":"Polygon","coordinates":[[[13.620392442232502,51.06994528792756],[13.620371569724,51.06985520210156],[13.620368583828519,51.069842333933614],[13.620335592423205,51.06984587441451],[13.620305519001818,51.06984920652208],[13.620200562068298,51.069860377768244],[13.620226014528308,51.06995483430343],[13.6202398077183,51.0700060230635],[13.620296502949664,51.070003598767585],[13.620404877122448,51.069998960671214],[13.620392442232502,51.06994528792756]]]}},{"type":"Feature","id":"UUID_9d1210e0-958e-47b2-bf8d-dede274f275a","properties":{"id":"UUID_9d1210e0-958e-47b2-bf8d-dede274f275a","height_m":3.251,"ground_m":245.875,"height_source":"LoD1 solid top minus bottom","production":"2024","laser":"2016","footprints":"2022"},"geometry":{"type":"Polygon","coordinates":[[[13.620357725101162,51.06979421943941],[13.620335700034035,51.06979425621969],[13.620335592423205,51.06984587441451],[13.620368583828519,51.069842333933614],[13.620357477190757,51.06979439637183],[13.62036916493705,51.06979447138323],[13.620369101614328,51.069794200847646],[13.620357725101162,51.06979421943941]]]}},{"type":"Feature","id":"UUID_f0241c0d-ff86-4180-9cd4-1dba8aa406e6","properties":{"id":"UUID_f0241c0d-ff86-4180-9cd4-1dba8aa406e6","height_m":5.301,"ground_m":245.875,"height_source":"LoD1 solid top minus bottom","production":"2024","laser":"2016","footprints":"2022"},"geometry":{"type":"Polygon","coordinates":[[[13.620450764020923,51.06998608483005],[13.620440243417287,51.0699409959632],[13.620392442232502,51.06994528792756],[13.620404877122448,51.069998960671214],[13.620416696444048,51.06999845268976],[13.620453282690564,51.069996906083816],[13.620450764020923,51.06998608483005]]]}},{"type":"Feature","id":"UUID_304560b2-6f95-4247-92ec-3cc8183d34af","properties":{"id":"UUID_304560b2-6f95-4247-92ec-3cc8183d34af","height_m":5.131,"ground_m":245.875,"height_source":"LoD1 solid top minus bottom","production":"2024","laser":"2016","footprints":"2022"},"geometry":{"type":"Polygon","coordinates":[[[13.620513484377318,51.069767577288225],[13.620535023502768,51.06976756171797],[13.620535459103392,51.069717386264415],[13.620535387761167,51.06971738542241],[13.620513834390565,51.0697174008245],[13.620513484377318,51.069767577288225]]]}},{"type":"Feature","id":"UUID_666111f5-6fb1-4554-b841-587ace5b13e3","properties":{"id":"UUID_666111f5-6fb1-4554-b841-587ace5b13e3","height_m":6.877,"ground_m":245.875,"height_source":"LoD1 solid top minus bottom","production":"2024","laser":"2016","footprints":"2022"},"geometry":{"type":"Polygon","coordinates":[[[13.620450764020923,51.06998608483005],[13.620821303058538,51.06995205795237],[13.620802496585462,51.069907680709726],[13.620440243417287,51.0699409959632],[13.620450764020923,51.06998608483005]]]}},{"type":"Feature","id":"DESNATPU1000HAXp","properties":{"id":"DESNATPU1000HAXp","height_m":3.732,"ground_m":189.37,"height_source":"LoD1 solid top minus bottom","production":"2024","laser":"2016","footprints":"2022"},"geometry":{"type":"Polygon","coordinates":[[[13.627574516925753,51.08078448053156],[13.627671465750822,51.08076970133245],[13.627654627957629,51.080725977932374],[13.627557533840042,51.08074084534049],[13.627574516925753,51.08078448053156]]]}},{"type":"Feature","id":"DESNATPU1000H9Bu","properties":{"id":"DESNATPU1000H9Bu","height_m":3.181,"ground_m":250.506,"height_source":"LoD1 solid top minus bottom","production":"2024","laser":"2016","footprints":"2022"},"geometry":{"type":"Polygon","coordinates":[[[13.620656752624214,51.06892384199457],[13.620657668548878,51.06892664061505],[13.620690132646653,51.06902531656154],[13.620754356312212,51.06901591244277],[13.620762521272141,51.06901492964211],[13.620730395839285,51.06891445912487],[13.620656752624214,51.06892384199457]]]}},{"type":"Feature","id":"DESNATPU1000IRaD","properties":{"id":"DESNATPU1000IRaD","height_m":7.099,"ground_m":240.869,"height_source":"LoD1 solid top minus bottom","production":"2024","laser":"2016","footprints":"2022"},"geometry":{"type":"Polygon","coordinates":[[[13.611422787959,51.082669020096816],[13.611450449510206,51.08267501423825],[13.611443211160246,51.082687878067084],[13.611557398646237,51.08271279593036],[13.6115954616966,51.08264319314762],[13.611481411700368,51.08261845681236],[13.611471445534068,51.082636594066315],[13.61144392941822,51.08263051172812],[13.611422787959,51.082669020096816]]]}},{"type":"Feature","id":"DESNATPU1000DQjQ","properties":{"id":"DESNATPU1000DQjQ","height_m":4.103,"ground_m":173.365,"height_source":"LoD1 solid top minus bottom","production":"2024","laser":"2016","footprints":"2022"},"geometry":{"type":"Polygon","coordinates":[[[13.608629028539514,51.07828915492751],[13.608605837620189,51.07832934707673],[13.608832410951058,51.078381325233885],[13.60885588712233,51.07834113643571],[13.608629028539514,51.07828915492751]]]}},{"type":"Feature","id":"DESNATPU1000G4Bu","properties":{"id":"DESNATPU1000G4Bu","height_m":6.993,"ground_m":239.462,"height_source":"LoD1 solid top minus bottom","production":"2024","laser":"2016","footprints":"2022"},"geometry":{"type":"Polygon","coordinates":[[[13.605008037299118,51.081265194173724],[13.605131898280998,51.08129104316084],[13.605173576129935,51.081215460289734],[13.605050162409261,51.081188987177995],[13.605008037299118,51.081265194173724]]]}},{"type":"Feature","id":"DESNATPU1000FiW0","properties":{"id":"DESNATPU1000FiW0","height_m":4.552,"ground_m":151.988,"height_source":"LoD1 solid top minus bottom","production":"2024","laser":"2016","footprints":"2022"},"geometry":{"type":"Polygon","coordinates":[[[13.628890233596193,51.082190540633576],[13.62892958980524,51.082163708779],[13.628871781085799,51.08213425337098],[13.628834753626165,51.082159583728085],[13.628890233596193,51.082190540633576]]]}},{"type":"Feature","id":"DESNATPU1000Bbeq","properties":{"id":"DESNATPU1000Bbeq","height_m":8.901,"ground_m":219.61,"height_source":"LoD1 solid top minus bottom","production":"2024","laser":"2016","footprints":"2022"},"geometry":{"type":"Polygon","coordinates":[[[13.61431588753845,51.083140048775185],[13.614346256166755,51.083146254177585],[13.614353232513475,51.08313257770396],[13.614409292073642,51.083143853882525],[13.614426746583918,51.08310920421106],[13.614442986208273,51.08307698621151],[13.614266850145352,51.08304189422763],[13.614250460970885,51.08307433525351],[13.61423285690185,51.08310920794936],[13.614322414227594,51.083127086406755],[13.61431588753845,51.083140048775185]]]}},{"type":"Feature","id":"DESNATPU1000GI8W","properties":{"id":"DESNATPU1000GI8W","height_m":2.875,"ground_m":241.248,"height_source":"LoD1 solid top minus bottom","production":"2024","laser":"2016","footprints":"2022"},"geometry":{"type":"Polygon","coordinates":[[[13.604702401566403,51.08148420225219],[13.604697769372255,51.08152902169647],[13.604797443988705,51.081533089208655],[13.604802076087084,51.0814882697597],[13.604702401566403,51.08148420225219]]]}},{"type":"Feature","id":"DESNATPU1000DRcR","properties":{"id":"DESNATPU1000DRcR","height_m":5.968,"ground_m":154.098,"height_source":"LoD1 solid top minus bottom","production":"2024","laser":"2016","footprints":"2022"},"geometry":{"type":"Polygon","coordinates":[[[13.614950369950506,51.079622071929094],[13.615014595427315,51.07966572921343],[13.615096525347825,51.07961849786779],[13.615032587970909,51.07957475411252],[13.614950369950506,51.079622071929094]]]}},{"type":"Feature","id":"DESNATPU1000BGpP","properties":{"id":"DESNATPU1000BGpP","height_m":6.7,"ground_m":124.357,"height_source":"LoD1 solid top minus bottom","production":"2024","laser":"2016","footprints":"2022"},"geometry":{"type":"Polygon","coordinates":[[[13.624585231538749,51.08231092844932],[13.624750586297058,51.08225621864226],[13.624708491895147,51.08220198171112],[13.624540112022538,51.082252788907496],[13.624585231538749,51.08231092844932]]]}},{"type":"Feature","id":"UUID_817de8e4-545a-4fb4-9ac8-55cf82d6c5f9","properties":{"id":"UUID_817de8e4-545a-4fb4-9ac8-55cf82d6c5f9","height_m":6.404,"ground_m":239.615,"height_source":"LoD1 solid top minus bottom","production":"2024","laser":"2016","footprints":"2022"},"geometry":{"type":"Polygon","coordinates":[[[13.604381995221475,51.07796765521578],[13.604345906442443,51.07796430160397],[13.604309817668845,51.077960947981076],[13.60425251335667,51.07817159778244],[13.604243512567209,51.078205033964366],[13.60424342721199,51.07820502395219],[13.604243426400414,51.07820505092132],[13.604243497484674,51.07820506076308],[13.604323245321078,51.078216867497105],[13.604335717070137,51.07818194395446],[13.604381995221475,51.07796765521578]]]}},{"type":"Feature","id":"UUID_c291be5f-f401-4a05-8f33-66045536811c","properties":{"id":"UUID_c291be5f-f401-4a05-8f33-66045536811c","height_m":7.822,"ground_m":239.615,"height_source":"LoD1 solid top minus bottom","production":"2024","laser":"2016","footprints":"2022"},"geometry":{"type":"Polygon","coordinates":[[[13.604151667832811,51.07828589883689],[13.604290099723533,51.078307839973924],[13.604293025593647,51.07829979925221],[13.604306329632536,51.078263311886886],[13.604310220098562,51.07825262976571],[13.604323245321078,51.078216867497105],[13.604243426400414,51.07820505092132],[13.60424342721199,51.07820502395219],[13.604006584378368,51.078170009797574],[13.603896719162435,51.07815376932221],[13.603883786726817,51.078151816266534],[13.603867209422159,51.07819601640195],[13.603851346458333,51.07823830057835],[13.604096709824503,51.078277193836826],[13.604151667832811,51.07828589883689]]]}},{"type":"Feature","id":"DESNATPU1000GVvD","properties":{"id":"DESNATPU1000GVvD","height_m":2.969,"ground_m":244.759,"height_source":"LoD1 solid top minus bottom","production":"2024","laser":"2016","footprints":"2022"},"geometry":{"type":"Polygon","coordinates":[[[13.610454860949408,51.08255661710649],[13.610389881380879,51.08256195982571],[13.610407241693688,51.082644901139595],[13.610498415213936,51.0826373517678],[13.610488446400234,51.08259838381936],[13.610466100731207,51.082600816064776],[13.610454860949408,51.08255661710649]]]}},{"type":"Feature","id":"UUID_2793f3fa-5b5a-4f5f-8acb-34b95a798536","properties":{"id":"UUID_2793f3fa-5b5a-4f5f-8acb-34b95a798536","height_m":6.761,"ground_m":187.887,"height_source":"LoD1 solid top minus bottom","production":"2024","laser":"2016","footprints":"2022"},"geometry":{"type":"Polygon","coordinates":[[[13.62861632365556,51.080576021876],[13.628626373785531,51.080612740955246],[13.628670874301292,51.08060792124776],[13.628746970659813,51.08059967717625],[13.62873692043679,51.08056295810658],[13.628746371740533,51.080561989832844],[13.628730918257874,51.080500386927184],[13.628692655962158,51.080505234877876],[13.628644548518585,51.08051133423502],[13.628600367755544,51.080516931074456],[13.628616409552386,51.08057601389086],[13.62861632365556,51.080576021876]]]}},{"type":"Feature","id":"UUID_d83ba2ab-3154-49ac-a881-d5162d4dbcce","properties":{"id":"UUID_d83ba2ab-3154-49ac-a881-d5162d4dbcce","height_m":5.022,"ground_m":187.887,"height_source":"LoD1 solid top minus bottom","production":"2024","laser":"2016","footprints":"2022"},"geometry":{"type":"Polygon","coordinates":[[[13.628600367755544,51.080516931074456],[13.62857458810579,51.080519686202756],[13.628590684033812,51.08057886857996],[13.62861632365556,51.080576021876],[13.628616409552386,51.08057601389086],[13.628600367755544,51.080516931074456]]]}},{"type":"Feature","id":"DESNATPU1000IKHn","properties":{"id":"DESNATPU1000IKHn","height_m":2.522,"ground_m":240.576,"height_source":"LoD1 solid top minus bottom","production":"2024","laser":"2016","footprints":"2022"},"geometry":{"type":"Polygon","coordinates":[[[13.603101727236128,51.08235674252189],[13.60297644482647,51.08236475078758],[13.602981395136789,51.08240137522037],[13.603106820367154,51.082393368655794],[13.603101727236128,51.08235674252189]]]}},{"type":"Feature","id":"DESNATPU1000F4T7","properties":{"id":"DESNATPU1000F4T7","height_m":3.38,"ground_m":262.041,"height_source":"LoD1 solid top minus bottom","production":"2024","laser":"2016","footprints":"2022"},"geometry":{"type":"Polygon","coordinates":[[[13.608120348158605,51.06704767447253],[13.608165419907643,51.06710576611621],[13.608218436889175,51.06708931085559],[13.60817351046095,51.067031131033474],[13.608127697418503,51.0670453338978],[13.608120348158605,51.06704767447253]]]}},{"type":"Feature","id":"DESNATPU1000FWSB","properties":{"id":"DESNATPU1000FWSB","height_m":5.794,"ground_m":258.85,"height_source":"LoD1 solid top minus bottom","production":"2024","laser":"2016","footprints":"2022"},"geometry":{"type":"Polygon","coordinates":[[[13.6069395728657,51.0678843399078],[13.60703052586077,51.06788794197259],[13.607038888283036,51.067804317258314],[13.606947932751977,51.06780080509861],[13.6069395728657,51.0678843399078]]]}},{"type":"Feature","id":"DESNATPU1000HIaB","properties":{"id":"DESNATPU1000HIaB","height_m":4.208,"ground_m":249.975,"height_source":"LoD1 solid top minus bottom","production":"2024","laser":"2016","footprints":"2022"},"geometry":{"type":"Polygon","coordinates":[[[13.621272952782624,51.0702726789399],[13.621238891947423,51.070275694463994],[13.621196332471769,51.07028130760268],[13.62122265823503,51.07037046837464],[13.62124700310164,51.070367787889126],[13.621299270674523,51.0703621093894],[13.621272952782624,51.0702726789399]]]}},{"type":"Feature","id":"DESNATP1DF00009M","properties":{"id":"DESNATP1DF00009M","height_m":5.44,"ground_m":262.359,"height_source":"LoD1 solid top minus bottom","production":"2024","laser":"2016","footprints":"2022"},"geometry":{"type":"Polygon","coordinates":[[[13.607951699456105,51.06696499912878],[13.607861198561926,51.06699395764551],[13.607885139410882,51.067023739691535],[13.60797578302426,51.066994782856064],[13.607951699456105,51.06696499912878]]]}},{"type":"Feature","id":"DESNATPU1000CGIY","properties":{"id":"DESNATPU1000CGIY","height_m":6.114,"ground_m":251.742,"height_source":"LoD1 solid top minus bottom","production":"2024","laser":"2016","footprints":"2022"},"geometry":{"type":"Polygon","coordinates":[[[13.623042840349001,51.06921600979606],[13.623050338309787,51.06923750131983],[13.623097946548317,51.06923005847072],[13.623100240149451,51.0692297257733],[13.623091880732694,51.06920840396298],[13.623042840349001,51.06921600979606]]]}},{"type":"Feature","id":"DESNATPU1000DUQa","properties":{"id":"DESNATPU1000DUQa","height_m":7.186,"ground_m":247.217,"height_source":"LoD1 solid top minus bottom","production":"2024","laser":"2016","footprints":"2022"},"geometry":{"type":"Polygon","coordinates":[[[13.60897048217385,51.069326267176855],[13.608938394099052,51.069268240478266],[13.608666541217655,51.06932831497306],[13.60867468431857,51.06934235097905],[13.608698647861472,51.06938571246166],[13.60897048217385,51.069326267176855]]]}},{"type":"Feature","id":"DESNATPU1000DOBi","properties":{"id":"DESNATPU1000DOBi","height_m":2.584,"ground_m":165.417,"height_source":"LoD1 solid top minus bottom","production":"2024","laser":"2016","footprints":"2022"},"geometry":{"type":"Polygon","coordinates":[[[13.619261432065972,51.07763716745286],[13.619363060266553,51.07767128202774],[13.619401671947935,51.07762587416599],[13.61930004916919,51.077591579829644],[13.619261432065972,51.07763716745286]]]}},{"type":"Feature","id":"DESNATPU1000BHyR","properties":{"id":"DESNATPU1000BHyR","height_m":6.678,"ground_m":246.625,"height_source":"LoD1 solid top minus bottom","production":"2024","laser":"2016","footprints":"2022"},"geometry":{"type":"Polygon","coordinates":[[[13.603173294627842,51.07643484886641],[13.603252188048398,51.07643652008494],[13.603281006420652,51.07643712525157],[13.603285756470997,51.07635049004994],[13.60317804487897,51.07634821367071],[13.603173294627842,51.07643484886641]]]}},{"type":"Feature","id":"DESNATPU1000C5mM","properties":{"id":"DESNATPU1000C5mM","height_m":10.788,"ground_m":249.964,"height_source":"LoD1 solid top minus bottom","production":"2024","laser":"2016","footprints":"2022"},"geometry":{"type":"Polygon","coordinates":[[[13.608145682328098,51.06912453834983],[13.60779617107635,51.06920877632031],[13.607846231545636,51.06929093865685],[13.608195600649179,51.06920669884287],[13.608145682328098,51.06912453834983]]]}},{"type":"Feature","id":"DESNATPU1000CEat","properties":{"id":"DESNATPU1000CEat","height_m":6.066,"ground_m":218.882,"height_source":"LoD1 solid top minus bottom","production":"2024","laser":"2016","footprints":"2022"},"geometry":{"type":"Polygon","coordinates":[[[13.61602836753164,51.08316789093893],[13.616174528194035,51.08318365033051],[13.616191683003287,51.083120723106035],[13.616045379807206,51.083104962047386],[13.61602836753164,51.08316789093893]]]}},{"type":"Feature","id":"DESNATPU1000B6qE","properties":{"id":"DESNATPU1000B6qE","height_m":7.501,"ground_m":218.193,"height_source":"LoD1 solid top minus bottom","production":"2024","laser":"2016","footprints":"2022"},"geometry":{"type":"Polygon","coordinates":[[[13.615462618083521,51.08328025745762],[13.615449561511758,51.0832680522895],[13.615464427096587,51.083219666587446],[13.61537352333386,51.08320860768006],[13.615344763728057,51.083301523612036],[13.615435807707112,51.08331267413098],[13.615438639811304,51.08330389461309],[13.615457737300034,51.08329548761415],[13.615462618083521,51.08328025745762]]]}},{"type":"Feature","id":"DESNATPU1000Ghi0","properties":{"id":"DESNATPU1000Ghi0","height_m":4.93,"ground_m":133.106,"height_source":"LoD1 solid top minus bottom","production":"2024","laser":"2016","footprints":"2022"},"geometry":{"type":"Polygon","coordinates":[[[13.621810206261916,51.08057461476156],[13.621747467744427,51.08054311922687],[13.621677581490435,51.08059841099498],[13.621740460080307,51.08062999814763],[13.621810206261916,51.08057461476156]]]}},{"type":"Feature","id":"DESNATPU1000Gym4","properties":{"id":"DESNATPU1000Gym4","height_m":3.176,"ground_m":253.142,"height_source":"LoD1 solid top minus bottom","production":"2024","laser":"2016","footprints":"2022"},"geometry":{"type":"Polygon","coordinates":[[[13.624638700630298,51.06946762698721],[13.624646041917481,51.06948479995198],[13.624714755282717,51.06947319825582],[13.624707556655666,51.06945602697408],[13.62465089272136,51.06946561215156],[13.624638700630298,51.06946762698721]]]}},{"type":"Feature","id":"DESNATP1DF0000A3","properties":{"id":"DESNATP1DF0000A3","height_m":8.17,"ground_m":238.128,"height_source":"LoD1 solid top minus bottom","production":"2024","laser":"2016","footprints":"2022"},"geometry":{"type":"Polygon","coordinates":[[[13.604344711229368,51.08108495330355],[13.604334155407225,51.08117383933109],[13.60448358091762,51.08118087527145],[13.604486488726856,51.0811563592768],[13.604492936527526,51.08110197504563],[13.604494122454154,51.08109198006819],[13.604344711229368,51.08108495330355]]]}},{"type":"Feature","id":"DESNATPU1000CyiD","properties":{"id":"DESNATPU1000CyiD","height_m":3.249,"ground_m":142.017,"height_source":"LoD1 solid top minus bottom","production":"2024","laser":"2016","footprints":"2022"},"geometry":{"type":"Polygon","coordinates":[[[13.623100302001479,51.08249132641554],[13.623166525352058,51.0825305961558],[13.623227120892395,51.08249012232409],[13.623160897546972,51.082450852617946],[13.623100302001479,51.08249132641554]]]}},{"type":"Feature","id":"DESNATPU1000CF1t","properties":{"id":"DESNATPU1000CF1t","height_m":4.09,"ground_m":175.558,"height_source":"LoD1 solid top minus bottom","production":"2024","laser":"2016","footprints":"2022"},"geometry":{"type":"Polygon","coordinates":[[[13.627507444440738,51.08145311667129],[13.627602656369028,51.081434360248],[13.627581512845392,51.08139139565164],[13.627486012895245,51.08141023860473],[13.627507444440738,51.08145311667129]]]}},{"type":"Feature","id":"DESNATPU1000En4o","properties":{"id":"DESNATPU1000En4o","height_m":2.127,"ground_m":259.204,"height_source":"LoD1 solid top minus bottom","production":"2024","laser":"2016","footprints":"2022"},"geometry":{"type":"Polygon","coordinates":[[[13.607107271473314,51.06758507471338],[13.60712464522969,51.067629167371656],[13.607155902684063,51.06762441389546],[13.607138397017003,51.06757995995178],[13.607107271473314,51.06758507471338]]]}},{"type":"Feature","id":"DESNATPU1000HIa5","properties":{"id":"DESNATPU1000HIa5","height_m":2.577,"ground_m":236.001,"height_source":"LoD1 solid top minus bottom","production":"2024","laser":"2016","footprints":"2022"},"geometry":{"type":"Polygon","coordinates":[[[13.605718660057805,51.07812905916095],[13.60559728625269,51.07813471570243],[13.605603807230253,51.07818848133339],[13.6057251865803,51.07818264499198],[13.605718660057805,51.07812905916095]]]}},{"type":"Feature","id":"DESNATPU1000Hva4","properties":{"id":"DESNATPU1000Hva4","height_m":3.576,"ground_m":179.157,"height_source":"LoD1 solid top minus bottom","production":"2024","laser":"2016","footprints":"2022"},"geometry":{"type":"Polygon","coordinates":[[[13.627526637535267,51.081273492711],[13.627431563308198,51.08129243054691],[13.627453134810839,51.08133540019728],[13.627548357159196,51.081316284224485],[13.627526637535267,51.081273492711]]]}},{"type":"Feature","id":"DESNATPU1000GPJk","properties":{"id":"DESNATPU1000GPJk","height_m":7.952,"ground_m":239.048,"height_source":"LoD1 solid top minus bottom","production":"2024","laser":"2016","footprints":"2022"},"geometry":{"type":"Polygon","coordinates":[[[13.604534951512344,51.07682683849689],[13.60451742039132,51.07682590975937],[13.604522199040039,51.0767904446961],[13.604362703936962,51.076782155397545],[13.604347944242466,51.076893131908335],[13.604507148903345,51.07690159761651],[13.604512143298665,51.0768637070359],[13.604529819843876,51.07686454758091],[13.604534951512344,51.07682683849689]]]}},{"type":"Feature","id":"DESNATPU1000Cpbm","properties":{"id":"DESNATPU1000Cpbm","height_m":2.681,"ground_m":262.132,"height_source":"LoD1 solid top minus bottom","production":"2024","laser":"2016","footprints":"2022"},"geometry":{"type":"Polygon","coordinates":[[[13.607581847354368,51.06679539288967],[13.60750341519259,51.06681694083142],[13.607537758963693,51.06686627167188],[13.607616045821345,51.066844811905426],[13.607581847354368,51.06679539288967]]]}},{"type":"Feature","id":"DESNATPU1000Ffhj","properties":{"id":"DESNATPU1000Ffhj","height_m":2.808,"ground_m":243.896,"height_source":"LoD1 solid top minus bottom","production":"2024","laser":"2016","footprints":"2022"},"geometry":{"type":"Polygon","coordinates":[[[13.601601951192698,51.079346643701996],[13.601601837764056,51.07940959291935],[13.601673219529712,51.0794096105436],[13.601673349572073,51.07934658058889],[13.601601951192698,51.079346643701996]]]}},{"type":"Feature","id":"DESNATPU1000IdVu","properties":{"id":"DESNATPU1000IdVu","height_m":7.007,"ground_m":215.329,"height_source":"LoD1 solid top minus bottom","production":"2024","laser":"2016","footprints":"2022"},"geometry":{"type":"Polygon","coordinates":[[[13.618229943291123,51.08231595771227],[13.618414426861868,51.082329649307596],[13.618419326434932,51.08230416732117],[13.618425966576783,51.082268184188855],[13.618404030097235,51.08226648604241],[13.618293496744279,51.08225780533107],[13.618241647397447,51.08225377512016],[13.618229943291123,51.08231595771227]]]}},{"type":"Feature","id":"UUID_fa7e83a7-d8c9-4f15-b793-6b5f1b966a20","properties":{"id":"UUID_fa7e83a7-d8c9-4f15-b793-6b5f1b966a20","height_m":9.418,"ground_m":188.326,"height_source":"LoD1 solid top minus bottom","production":"2024","laser":"2016","footprints":"2022"},"geometry":{"type":"Polygon","coordinates":[[[13.629169747620967,51.080521002003586],[13.62924063226281,51.08051373966832],[13.62923826337537,51.08050211102719],[13.629167093846107,51.08050935203406],[13.629167093314672,51.08050937001367],[13.629169747620967,51.080521002003586]]]}},{"type":"Feature","id":"UUID_fc24c43f-3cb1-47b6-bd78-6c334b92f578","properties":{"id":"UUID_fc24c43f-3cb1-47b6-bd78-6c334b92f578","height_m":9.907,"ground_m":188.326,"height_source":"LoD1 solid top minus bottom","production":"2024","laser":"2016","footprints":"2022"},"geometry":{"type":"Polygon","coordinates":[[[13.629216145189092,51.08041480022034],[13.629209103460026,51.08038737917612],[13.629126850809191,51.08039574019734],[13.629044139838292,51.08040414974276],[13.629051429704315,51.08043283271576],[13.629073442072665,51.08051888330547],[13.629156081353154,51.080510490883725],[13.629167093846107,51.08050935203406],[13.62923826337537,51.08050211102719],[13.629216145189092,51.08041480022034]]]}},{"type":"Feature","id":"UUID_cd541461-766b-4118-869e-a2c8b9e10dad","properties":{"id":"UUID_cd541461-766b-4118-869e-a2c8b9e10dad","height_m":6.363,"ground_m":147.86,"height_source":"LoD1 solid top minus bottom","production":"2024","laser":"2016","footprints":"2022"},"geometry":{"type":"Polygon","coordinates":[[[13.617132766676672,51.07989197971208],[13.617155439154057,51.07984980133079],[13.617089777836382,51.07984225283052],[13.617069569088734,51.079877931484084],[13.617132766676672,51.07989197971208]]]}},{"type":"Feature","id":"UUID_c04fcb59-b3c0-4333-afaf-fab16dff56ac","properties":{"id":"UUID_c04fcb59-b3c0-4333-afaf-fab16dff56ac","height_m":8.602,"ground_m":147.86,"height_source":"LoD1 solid top minus bottom","production":"2024","laser":"2016","footprints":"2022"},"geometry":{"type":"Polygon","coordinates":[[[13.617033039705133,51.07994241922289],[13.617170034625985,51.0799731770879],[13.617206232316786,51.07990831667333],[13.617069569088734,51.079877931484084],[13.617033039705133,51.07994241922289]]]}},{"type":"Feature","id":"UUID_8ff7ff05-40a2-47ed-9fca-ca8be7d4d1cc","properties":{"id":"UUID_8ff7ff05-40a2-47ed-9fca-ca8be7d4d1cc","height_m":6.413,"ground_m":147.86,"height_source":"LoD1 solid top minus bottom","production":"2024","laser":"2016","footprints":"2022"},"geometry":{"type":"Polygon","coordinates":[[[13.61706709747501,51.07988229978258],[13.617089777836382,51.07984225283052],[13.617052572225168,51.07983797266195],[13.617038567134657,51.079876746331315],[13.61706709747501,51.07988229978258]]]}},{"type":"Feature","id":"DESNATPU1000Cpag","properties":{"id":"DESNATPU1000Cpag","height_m":3.521,"ground_m":241.465,"height_source":"LoD1 solid top minus bottom","production":"2024","laser":"2016","footprints":"2022"},"geometry":{"type":"Polygon","coordinates":[[[13.604340485948892,51.076638092981284],[13.604348587260368,51.07670096044245],[13.604419644155895,51.07669740232971],[13.60441168274851,51.076634626473655],[13.604340485948892,51.076638092981284]]]}},{"type":"Feature","id":"UUID_e43cca14-ba4d-45fe-bb91-08060cb243f6","properties":{"id":"UUID_e43cca14-ba4d-45fe-bb91-08060cb243f6","height_m":3.316,"ground_m":240.43,"height_source":"LoD1 solid top minus bottom","production":"2024","laser":"2016","footprints":"2022"},"geometry":{"type":"Polygon","coordinates":[[[13.60536514774602,51.08134118315252],[13.605374511482298,51.08132748172817],[13.60538932518902,51.08130014009692],[13.605357833476383,51.0812933793791],[13.605335384478131,51.081334865719256],[13.60536514774602,51.08134118315252]]]}},{"type":"Feature","id":"UUID_9e3364f7-ebc0-4f75-b9fa-40e6c5e1ea30","properties":{"id":"UUID_9e3364f7-ebc0-4f75-b9fa-40e6c5e1ea30","height_m":3.26,"ground_m":240.43,"height_source":"LoD1 solid top minus bottom","production":"2024","laser":"2016","footprints":"2022"},"geometry":{"type":"Polygon","coordinates":[[[13.605328663676747,51.08139456155713],[13.60536514774602,51.08134118315252],[13.605316871267691,51.08133093074479],[13.60528737833984,51.08138588537983],[13.605328663676747,51.08139456155713]]]}},{"type":"Feature","id":"UUID_98bad769-4c8f-406b-a28c-b7a334ccb61d","properties":{"id":"UUID_98bad769-4c8f-406b-a28c-b7a334ccb61d","height_m":6.463,"ground_m":240.43,"height_source":"LoD1 solid top minus bottom","production":"2024","laser":"2016","footprints":"2022"},"geometry":{"type":"Polygon","coordinates":[[[13.605316871267691,51.08133093074479],[13.605335384478131,51.081334865719256],[13.605357833476383,51.0812933793791],[13.605376881210331,51.081258174485555],[13.60525218008211,51.08123177615732],[13.605211040778087,51.08130844463406],[13.605316871267691,51.08133093074479]]]}},{"type":"Feature","id":"DESNATPU1000GuzE","properties":{"id":"DESNATPU1000GuzE","height_m":2.774,"ground_m":244.663,"height_source":"LoD1 solid top minus bottom","production":"2024","laser":"2016","footprints":"2022"},"geometry":{"type":"Polygon","coordinates":[[[13.601186184452503,51.07923567806845],[13.601285941506807,51.079232105586904],[13.60128187397635,51.079187092214596],[13.601182114307406,51.0791907545904],[13.601186184452503,51.07923567806845]]]}},{"type":"Feature","id":"DESNATPU1000HQXm","properties":{"id":"DESNATPU1000HQXm","height_m":3.073,"ground_m":241.65,"height_source":"LoD1 solid top minus bottom","production":"2024","laser":"2016","footprints":"2022"},"geometry":{"type":"Polygon","coordinates":[[[13.603774030400817,51.07708150548252],[13.603670264261963,51.077081839682144],[13.603670774232867,51.07712607305742],[13.603774446259063,51.077125548880986],[13.603774030400817,51.07708150548252]]]}},{"type":"Feature","id":"DESNATPU1000HWNX","properties":{"id":"DESNATPU1000HWNX","height_m":5.541,"ground_m":241.937,"height_source":"LoD1 solid top minus bottom","production":"2024","laser":"2016","footprints":"2022"},"geometry":{"type":"Polygon","coordinates":[[[13.610332544107822,51.069799491412326],[13.61029614611204,51.06981380707204],[13.610299877411437,51.06981789826345],[13.610348963178154,51.06987082083482],[13.610350215025472,51.06987191487241],[13.610388589090253,51.069858342125784],[13.610332544107822,51.069799491412326]]]}},{"type":"Feature","id":"DESNATPU1000B9ht","properties":{"id":"DESNATPU1000B9ht","height_m":2.867,"ground_m":216.871,"height_source":"LoD1 solid top minus bottom","production":"2024","laser":"2016","footprints":"2022"},"geometry":{"type":"Polygon","coordinates":[[[13.627577830197007,51.07874267741482],[13.627612844829805,51.07879929427754],[13.627697691734152,51.078778437651295],[13.627662677012541,51.07872182081311],[13.627577830197007,51.07874267741482]]]}},{"type":"Feature","id":"DESNATPU1000CEh2","properties":{"id":"DESNATPU1000CEh2","height_m":7.786,"ground_m":168.522,"height_source":"LoD1 solid top minus bottom","production":"2024","laser":"2016","footprints":"2022"},"geometry":{"type":"Polygon","coordinates":[[[13.611044444100289,51.07866437992363],[13.611033832640706,51.078723157536544],[13.61120977188954,51.078735589967415],[13.611223110655624,51.078662006405196],[13.61106241756736,51.07865056452496],[13.611057336462226,51.07864384937696],[13.611030552498312,51.07864200230593],[13.611026780193209,51.07866309087118],[13.611044444100289,51.07866437992363]]]}},{"type":"Feature","id":"DESNATP1DF0000AU","properties":{"id":"DESNATP1DF0000AU","height_m":7.403,"ground_m":234.351,"height_source":"LoD1 solid top minus bottom","production":"2024","laser":"2016","footprints":"2022"},"geometry":{"type":"Polygon","coordinates":[[[13.606355975417845,51.08058955475997],[13.606287768386295,51.08058740156768],[13.606282165925794,51.08065791130983],[13.606350373060657,51.080660064506176],[13.606355975417845,51.08058955475997]]]}},{"type":"Feature","id":"DESNATPU1000FxYD","properties":{"id":"DESNATPU1000FxYD","height_m":4.032,"ground_m":188.262,"height_source":"LoD1 solid top minus bottom","production":"2024","laser":"2016","footprints":"2022"},"geometry":{"type":"Polygon","coordinates":[[[13.626782813922395,51.08095980682899],[13.626677321528582,51.08097862165737],[13.626699955719133,51.081029068058804],[13.626805448219306,51.08101025321097],[13.626782813922395,51.08095980682899]]]}},{"type":"Feature","id":"UUID_8af19b07-b354-4cfe-9156-df06b484d08c","properties":{"id":"UUID_8af19b07-b354-4cfe-9156-df06b484d08c","height_m":3.866,"ground_m":124.964,"height_source":"LoD1 solid top minus bottom","production":"2024","laser":"2016","footprints":"2022"},"geometry":{"type":"Polygon","coordinates":[[[13.624825823606345,51.08287601427551],[13.624940653087318,51.08281645612683],[13.624922566698805,51.08280238528077],[13.624814338123931,51.08285841491059],[13.624825823606345,51.08287601427551]]]}},{"type":"Feature","id":"UUID_37475741-7353-41c5-907f-fdb80f68dff5","properties":{"id":"UUID_37475741-7353-41c5-907f-fdb80f68dff5","height_m":6.044,"ground_m":124.964,"height_source":"LoD1 solid top minus bottom","production":"2024","laser":"2016","footprints":"2022"},"geometry":{"type":"Polygon","coordinates":[[[13.624814338123931,51.08285841491059],[13.624814048141756,51.082858564378604],[13.624779215616172,51.08280689495923],[13.62478051080446,51.08280655048051],[13.624748008539559,51.08275670704979],[13.624690644653217,51.08277105030233],[13.624778725394268,51.0828898668245],[13.624825823606345,51.08287601427551],[13.624814338123931,51.08285841491059]]]}},{"type":"Feature","id":"UUID_4e3b8f13-db22-4a3c-9c94-a19df48f6386","properties":{"id":"UUID_4e3b8f13-db22-4a3c-9c94-a19df48f6386","height_m":5.336,"ground_m":124.964,"height_source":"LoD1 solid top minus bottom","production":"2024","laser":"2016","footprints":"2022"},"geometry":{"type":"Polygon","coordinates":[[[13.624765571088938,51.08274029476856],[13.624741480083095,51.082746720047176],[13.624742094618576,51.082747662540655],[13.62474815233075,51.082756672769875],[13.624748008539559,51.08275670704979],[13.624770268168527,51.08279085424532],[13.62478051080446,51.08280655048051],[13.624871495129483,51.0827821979039],[13.62486103411537,51.0827666429943],[13.624837691977817,51.08273192552018],[13.624771738452553,51.082749459166195],[13.624765571088938,51.08274029476856]]]}},{"type":"Feature","id":"DESNATPU1000BIJx","properties":{"id":"DESNATPU1000BIJx","height_m":3.394,"ground_m":243.212,"height_source":"LoD1 solid top minus bottom","production":"2024","laser":"2016","footprints":"2022"},"geometry":{"type":"Polygon","coordinates":[[[13.603874362772169,51.07665788640005],[13.603892970209026,51.076717911714404],[13.604008030371244,51.07670372818583],[13.603989562789609,51.07664379449002],[13.603874362772169,51.07665788640005]]]}},{"type":"Feature","id":"DESNATPU1000Hqdm","properties":{"id":"DESNATPU1000Hqdm","height_m":7.99,"ground_m":235.851,"height_source":"LoD1 solid top minus bottom","production":"2024","laser":"2016","footprints":"2022"},"geometry":{"type":"Polygon","coordinates":[[[13.604967303739686,51.08085373095137],[13.605134562394184,51.080865439391744],[13.605149401989038,51.0807802735305],[13.60498256908555,51.08076866012048],[13.604967303739686,51.08085373095137]]]}},{"type":"Feature","id":"DESNATPU1000HXy6","properties":{"id":"DESNATPU1000HXy6","height_m":5.818,"ground_m":221.613,"height_source":"LoD1 solid top minus bottom","production":"2024","laser":"2016","footprints":"2022"},"geometry":{"type":"Polygon","coordinates":[[[13.606378010477819,51.08019881370728],[13.606364543864435,51.080155226268246],[13.606182598605159,51.08018003562167],[13.606195923958973,51.08022356744015],[13.606378010477819,51.08019881370728]]]}},{"type":"Feature","id":"UUID_fcf702e0-8dfe-43f5-a73a-fe3fc118e94d","properties":{"id":"UUID_fcf702e0-8dfe-43f5-a73a-fe3fc118e94d","height_m":12.088,"ground_m":174.513,"height_source":"LoD1 solid top minus bottom","production":"2024","laser":"2016","footprints":"2022"},"geometry":{"type":"Polygon","coordinates":[[[13.609335422812256,51.078652980211594],[13.609277453500786,51.078677524676266],[13.60929553854189,51.07869428685047],[13.609353313190514,51.07866956919513],[13.609335520014705,51.07865307129741],[13.609335422812256,51.078652980211594]]]}},{"type":"Feature","id":"UUID_8c4c6d29-9902-4e49-9f49-f4c1c398bbd7","properties":{"id":"UUID_8c4c6d29-9902-4e49-9f49-f4c1c398bbd7","height_m":11.321,"ground_m":174.513,"height_source":"LoD1 solid top minus bottom","production":"2024","laser":"2016","footprints":"2022"},"geometry":{"type":"Polygon","coordinates":[[[13.609277300831199,51.078677378972856],[13.609277453500786,51.078677524676266],[13.609335422812256,51.078652980211594],[13.609335520014705,51.07865307129741],[13.609362751569064,51.078641416695426],[13.609268882932614,51.07855437238468],[13.609136991487048,51.078610816465385],[13.609230401438408,51.07869744174921],[13.609272557362743,51.07867940889534],[13.609277300831199,51.078677378972856]]]}},{"type":"Feature","id":"DESNATP1iE0000BE","properties":{"id":"DESNATP1iE0000BE","height_m":1.983,"ground_m":239.533,"height_source":"LoD1 solid top minus bottom","production":"2024","laser":"2016","footprints":"2022"},"geometry":{"type":"Polygon","coordinates":[[[13.604372091288468,51.07826074273913],[13.604310220098562,51.07825262976571],[13.604293025593647,51.07829979925221],[13.604356720897965,51.07830944482842],[13.604372091288468,51.07826074273913]]]}},{"type":"Feature","id":"DESNATPU1000CihL","properties":{"id":"DESNATPU1000CihL","height_m":2.236,"ground_m":237.27,"height_source":"LoD1 solid top minus bottom","production":"2024","laser":"2016","footprints":"2022"},"geometry":{"type":"Polygon","coordinates":[[[13.601182980434517,51.08128737858631],[13.60118846164563,51.081332858510834],[13.601338873167615,51.081325665460156],[13.60133324637952,51.081280273730655],[13.601182980434517,51.08128737858631]]]}},{"type":"Feature","id":"DESNATPU1000H8d1","properties":{"id":"DESNATPU1000H8d1","height_m":3.789,"ground_m":183.318,"height_source":"LoD1 solid top minus bottom","production":"2024","laser":"2016","footprints":"2022"},"geometry":{"type":"Polygon","coordinates":[[[13.628350743899453,51.08091499621225],[13.628254051165296,51.08093076820098],[13.62827189660955,51.080974233548254],[13.628368589428833,51.08095846154553],[13.628350743899453,51.08091499621225]]]}},{"type":"Feature","id":"DESNATPU1000HzNF","properties":{"id":"DESNATPU1000HzNF","height_m":6.228,"ground_m":137.637,"height_source":"LoD1 solid top minus bottom","production":"2024","laser":"2016","footprints":"2022"},"geometry":{"type":"Polygon","coordinates":[[[13.620615735693086,51.08033853480346],[13.620599598120469,51.080297417573874],[13.620488431652559,51.08031592604542],[13.620491835591343,51.080326281100916],[13.620503376358501,51.080356345750495],[13.62051237377056,51.080379761591615],[13.620625237683683,51.080362747967406],[13.620615735693086,51.08033853480346]]]}},{"type":"Feature","id":"DESNATP1iE0000EW","properties":{"id":"DESNATP1iE0000EW","height_m":5.897,"ground_m":133.488,"height_source":"LoD1 solid top minus bottom","production":"2024","laser":"2016","footprints":"2022"},"geometry":{"type":"Polygon","coordinates":[[[13.622773601012922,51.08078626014403],[13.622785806081422,51.080806988742374],[13.622863827571296,51.0807887710517],[13.622851636744256,51.080768042629366],[13.622773601012922,51.08078626014403]]]}},{"type":"Feature","id":"DESNATPU1000DJon","properties":{"id":"DESNATPU1000DJon","height_m":2.271,"ground_m":259.199,"height_source":"LoD1 solid top minus bottom","production":"2024","laser":"2016","footprints":"2022"},"geometry":{"type":"Polygon","coordinates":[[[13.606098892553334,51.06741941725008],[13.606176559377554,51.06737541470854],[13.606124846188937,51.067343682367024],[13.60604930416833,51.06738774618817],[13.606098892553334,51.06741941725008]]]}},{"type":"Feature","id":"UUID_fe6e8f38-f1d9-43e3-a920-fca5f97ac4f3","properties":{"id":"UUID_fe6e8f38-f1d9-43e3-a920-fca5f97ac4f3","height_m":8.189,"ground_m":237.691,"height_source":"LoD1 solid top minus bottom","production":"2024","laser":"2016","footprints":"2022"},"geometry":{"type":"Polygon","coordinates":[[[13.60428456041213,51.07712843974956],[13.604280461228543,51.0771536519707],[13.604365206502276,51.07716014957436],[13.60439937521989,51.07716276981552],[13.604398892668122,51.07716504826068],[13.604484327170754,51.07717236337178],[13.604490461985705,51.07714401892581],[13.604497593672441,51.0771110100523],[13.604289920251608,51.077095490666984],[13.60428456041213,51.07712843974956]]]}},{"type":"Feature","id":"UUID_c946ff7e-4fca-4e80-8325-238603f9264a","properties":{"id":"UUID_c946ff7e-4fca-4e80-8325-238603f9264a","height_m":1.618,"ground_m":237.691,"height_source":"LoD1 solid top minus bottom","production":"2024","laser":"2016","footprints":"2022"},"geometry":{"type":"Polygon","coordinates":[[[13.60439937521989,51.07716276981552],[13.604385474126694,51.07716170454228],[13.604365206502276,51.07716014957436],[13.604360049569197,51.07718445886713],[13.604380326064891,51.07718619380062],[13.604394223378474,51.077187384930475],[13.604398892668122,51.07716504826068],[13.60439937521989,51.07716276981552]]]}},{"type":"Feature","id":"DESNATPU1000EAwy","properties":{"id":"DESNATPU1000EAwy","height_m":7.203,"ground_m":199.722,"height_source":"LoD1 solid top minus bottom","production":"2024","laser":"2016","footprints":"2022"},"geometry":{"type":"Polygon","coordinates":[[[13.627627449619416,51.08020667760625],[13.627644690365841,51.08027054988021],[13.627741079604403,51.080260170586],[13.627747896188946,51.08028552070877],[13.627849867372548,51.08027466728081],[13.627825955097608,51.080185356694],[13.627627449619416,51.08020667760625]]]}},{"type":"Feature","id":"DESNATPU1000Chbd","properties":{"id":"DESNATPU1000Chbd","height_m":3.943,"ground_m":168.635,"height_source":"LoD1 solid top minus bottom","production":"2024","laser":"2016","footprints":"2022"},"geometry":{"type":"Polygon","coordinates":[[[13.619132138061035,51.078589879556404],[13.619053350883332,51.07854614242958],[13.61899296743797,51.078589134642016],[13.61907175195362,51.07863296170699],[13.619132138061035,51.078589879556404]]]}},{"type":"Feature","id":"DESNATPU1000CAW3","properties":{"id":"DESNATPU1000CAW3","height_m":3.531,"ground_m":183.756,"height_source":"LoD1 solid top minus bottom","production":"2024","laser":"2016","footprints":"2022"},"geometry":{"type":"Polygon","coordinates":[[[13.627797045516253,51.08100804903866],[13.627700753966318,51.081024724572146],[13.627719743343194,51.08106811350582],[13.627816040296686,51.0810512581616],[13.627797045516253,51.08100804903866]]]}},{"type":"Feature","id":"DESNATPU1000JQ4u","properties":{"id":"DESNATPU1000JQ4u","height_m":4.258,"ground_m":247.146,"height_source":"LoD1 solid top minus bottom","production":"2024","laser":"2016","footprints":"2022"},"geometry":{"type":"Polygon","coordinates":[[[13.610959298767796,51.069789765217266],[13.610943175574329,51.069803872384064],[13.611026982660697,51.069841289798305],[13.611048075521168,51.069823284782245],[13.61096398846441,51.06978568419676],[13.610959298767796,51.069789765217266]]]}},{"type":"Feature","id":"DESNATPU1000BlpM","properties":{"id":"DESNATPU1000BlpM","height_m":2.436,"ground_m":239.276,"height_source":"LoD1 solid top minus bottom","production":"2024","laser":"2016","footprints":"2022"},"geometry":{"type":"Polygon","coordinates":[[[13.611723653002569,51.08158984536791],[13.611703918124137,51.081638622434525],[13.611807501286345,51.08165523055519],[13.611827238754465,51.0816063635731],[13.611723653002569,51.08158984536791]]]}},{"type":"Feature","id":"DESNATP1iE0000CO","properties":{"id":"DESNATP1iE0000CO","height_m":3.376,"ground_m":235.322,"height_source":"LoD1 solid top minus bottom","production":"2024","laser":"2016","footprints":"2022"},"geometry":{"type":"Polygon","coordinates":[[[13.60893513217647,51.08285734954802],[13.608856389902225,51.082881682568534],[13.608921858096814,51.0829657362207],[13.609000614753601,51.082941403327105],[13.60893513217647,51.08285734954802]]]}},{"type":"Feature","id":"DESNATPU1000FC5Z","properties":{"id":"DESNATPU1000FC5Z","height_m":2.994,"ground_m":238.621,"height_source":"LoD1 solid top minus bottom","production":"2024","laser":"2016","footprints":"2022"},"geometry":{"type":"Polygon","coordinates":[[[13.610244908266464,51.06991850523423],[13.610171280140962,51.069946317227995],[13.610215288526343,51.06999243476872],[13.610288771322391,51.0699647109487],[13.610244908266464,51.06991850523423]]]}},{"type":"Feature","id":"DESNATPU1000Je96","properties":{"id":"DESNATPU1000Je96","height_m":6.204,"ground_m":161.645,"height_source":"LoD1 solid top minus bottom","production":"2024","laser":"2016","footprints":"2022"},"geometry":{"type":"Polygon","coordinates":[[[13.615071465136445,51.07939634540787],[13.61516705394283,51.079427154607565],[13.615219779256766,51.079363479826405],[13.615176514146274,51.079349387928545],[13.615184674765539,51.0793390528144],[13.615132073798218,51.07932206248562],[13.615071465136445,51.07939634540787]]]}},{"type":"Feature","id":"DESNATPU1000CarW","properties":{"id":"DESNATPU1000CarW","height_m":4.283,"ground_m":229.243,"height_source":"LoD1 solid top minus bottom","production":"2024","laser":"2016","footprints":"2022"},"geometry":{"type":"Polygon","coordinates":[[[13.613975288923625,51.0813374076282],[13.613791490938846,51.08134871746745],[13.613801323786836,51.08141142484516],[13.613984976611674,51.081400203197575],[13.613975288923625,51.0813374076282]]]}},{"type":"Feature","id":"UUID_4b21128a-6b85-4e6c-a927-e2e0df578085","properties":{"id":"UUID_4b21128a-6b85-4e6c-a927-e2e0df578085","height_m":7.035,"ground_m":228.47,"height_source":"LoD1 solid top minus bottom","production":"2024","laser":"2016","footprints":"2022"},"geometry":{"type":"Polygon","coordinates":[[[13.613985897642133,51.082444715445575],[13.613980084476559,51.08244431377805],[13.613974263788036,51.082444163822906],[13.61396842130415,51.08244426541093],[13.613962613845407,51.082444628208805],[13.613956512073601,51.08244528428303],[13.613954683054853,51.08244915653156],[13.613993570481117,51.08245646125599],[13.614031123306578,51.08246351632698],[13.61403295231956,51.08245964407721],[13.614028434276495,51.08245699155135],[13.614023877479804,51.082454680296934],[13.614019085878278,51.08245258208839],[13.614014073744205,51.082450697095],[13.61400886935351,51.08244903464484],[13.614003486709791,51.08244760389691],[13.61399829420657,51.08244649914858],[13.613997627437621,51.082446356348605],[13.613991631385897,51.082445385958856],[13.613985897642133,51.082444715445575]]]}},{"type":"Feature","id":"UUID_5b0ea04c-c6ed-4c9a-8439-18f2700f1d23","properties":{"id":"UUID_5b0ea04c-c6ed-4c9a-8439-18f2700f1d23","height_m":6.381,"ground_m":228.47,"height_source":"LoD1 solid top minus bottom","production":"2024","laser":"2016","footprints":"2022"},"geometry":{"type":"Polygon","coordinates":[[[13.61402259582258,51.08255106925297],[13.614029164721384,51.08253717213601],[13.614061335768614,51.082469198364784],[13.614031123306578,51.08246351632698],[13.613954683054853,51.08244915653156],[13.613924158240541,51.08244341680466],[13.613885698417256,51.082525461835964],[13.61402259582258,51.08255106925297]]]}},{"type":"Feature","id":"DESNATPU1000J5LI","properties":{"id":"DESNATPU1000J5LI","height_m":8.909,"ground_m":190.159,"height_source":"LoD1 solid top minus bottom","production":"2024","laser":"2016","footprints":"2022"},"geometry":{"type":"Polygon","coordinates":[[[13.628775022689792,51.08039451812961],[13.628801143071502,51.080471983765186],[13.628923981293513,51.08045552878967],[13.628897715339399,51.08037815140375],[13.628775022689792,51.08039451812961]]]}},{"type":"Feature","id":"UUID_105ceec8-0de7-4e3a-95c0-6179ebb2ecd9","properties":{"id":"UUID_105ceec8-0de7-4e3a-95c0-6179ebb2ecd9","height_m":2.811,"ground_m":254.655,"height_source":"LoD1 solid top minus bottom","production":"2024","laser":"2016","footprints":"2022"},"geometry":{"type":"Polygon","coordinates":[[[13.623262254841219,51.0707069703484],[13.623282961080548,51.07074898642804],[13.623301765220598,51.07074543088631],[13.623287776669255,51.07071657865677],[13.62329165591314,51.07071572505637],[13.623285191044898,51.07070269908182],[13.623262254841219,51.0707069703484]]]}},{"type":"Feature","id":"UUID_b6c00e4c-f909-4f69-80b3-a2f2a6f11929","properties":{"id":"UUID_b6c00e4c-f909-4f69-80b3-a2f2a6f11929","height_m":2.945,"ground_m":254.655,"height_source":"LoD1 solid top minus bottom","production":"2024","laser":"2016","footprints":"2022"},"geometry":{"type":"Polygon","coordinates":[[[13.623296828291407,51.07077711779398],[13.623290492763125,51.070764542990084],[13.623282961080548,51.07074898642804],[13.623262254841219,51.0707069703484],[13.623176108153725,51.07072299719814],[13.623200507269548,51.07078101925269],[13.623205975976768,51.07079394356813],[13.623296828291407,51.07077711779398]]]}},{"type":"Feature","id":"DESNATPU1000JAPZ","properties":{"id":"DESNATPU1000JAPZ","height_m":4.558,"ground_m":191.74,"height_source":"LoD1 solid top minus bottom","production":"2024","laser":"2016","footprints":"2022"},"geometry":{"type":"Polygon","coordinates":[[[13.626285045001852,51.080909353090696],[13.626405638995996,51.08089161537194],[13.626387262797984,51.080842028310954],[13.626266520881764,51.080859944130296],[13.626285045001852,51.080909353090696]]]}},{"type":"Feature","id":"DESNATPU1000IngA","properties":{"id":"DESNATPU1000IngA","height_m":3.135,"ground_m":184.877,"height_source":"LoD1 solid top minus bottom","production":"2024","laser":"2016","footprints":"2022"},"geometry":{"type":"Polygon","coordinates":[[[13.62876487684606,51.08070870151705],[13.628668049933298,51.080724202485015],[13.628685607595056,51.080767754322224],[13.628782434593441,51.080752253340485],[13.62876487684606,51.08070870151705]]]}},{"type":"Feature","id":"DESNATP1iE0000BB","properties":{"id":"DESNATP1iE0000BB","height_m":3.0,"ground_m":171.378,"height_source":"LoD1 solid top minus bottom","production":"2024","laser":"2016","footprints":"2022"},"geometry":{"type":"Polygon","coordinates":[[[13.609613274834825,51.07851840598235],[13.60970395394028,51.07853946689289],[13.609723755438717,51.078505637184975],[13.60968937469038,51.078497665188856],[13.609702495443086,51.0784752489893],[13.609646196896295,51.078462169086734],[13.609613274834825,51.07851840598235]]]}},{"type":"Feature","id":"DESNATPU1000EM0l","properties":{"id":"DESNATPU1000EM0l","height_m":4.697,"ground_m":241.013,"height_source":"LoD1 solid top minus bottom","production":"2024","laser":"2016","footprints":"2022"},"geometry":{"type":"Polygon","coordinates":[[[13.605909790505411,51.081350144246095],[13.60586891869743,51.081427445644565],[13.605920574074025,51.081437864022824],[13.605959294206105,51.08136089666273],[13.605909790505411,51.081350144246095]]]}},{"type":"Feature","id":"DESNATPU1000HNn8","properties":{"id":"DESNATPU1000HNn8","height_m":3.136,"ground_m":253.437,"height_source":"LoD1 solid top minus bottom","production":"2024","laser":"2016","footprints":"2022"},"geometry":{"type":"Polygon","coordinates":[[[13.623152472612732,51.070442049277204],[13.623170098743032,51.070482994908126],[13.623170764156669,51.07048462147494],[13.62325124904832,51.07047082113739],[13.623233369489574,51.07042879338148],[13.623152472612732,51.070442049277204]]]}},{"type":"Feature","id":"DESNATPU1000HPb7","properties":{"id":"DESNATPU1000HPb7","height_m":7.677,"ground_m":218.04,"height_source":"LoD1 solid top minus bottom","production":"2024","laser":"2016","footprints":"2022"},"geometry":{"type":"Polygon","coordinates":[[[13.615261791962702,51.083192176004715],[13.615247337843032,51.08323968525008],[13.61524706890204,51.08324056337047],[13.615227548590246,51.083248785467596],[13.615222807774597,51.08326410720208],[13.615235864285093,51.08327631239507],[13.615233032144388,51.083285091907804],[13.615345555200316,51.08329892504006],[13.615359634579695,51.08325344374483],[13.61537352333386,51.08320860768006],[13.615374317486987,51.08320591921041],[13.615261791962702,51.083192176004715]]]}},{"type":"Feature","id":"UUID_496ba319-7db1-4c7b-bec5-a3e318efd83b","properties":{"id":"UUID_496ba319-7db1-4c7b-bec5-a3e318efd83b","height_m":5.895,"ground_m":234.339,"height_source":"LoD1 solid top minus bottom","production":"2024","laser":"2016","footprints":"2022"},"geometry":{"type":"Polygon","coordinates":[[[13.612586612235653,51.08254119219328],[13.612596114329369,51.08252566627902],[13.612556994325493,51.08251611908982],[13.61254707995426,51.08253206277486],[13.612586612235653,51.08254119219328]]]}},{"type":"Feature","id":"UUID_0358655c-aa1f-432e-9c5e-4f2534dbf1f3","properties":{"id":"UUID_0358655c-aa1f-432e-9c5e-4f2534dbf1f3","height_m":10.391,"ground_m":234.339,"height_source":"LoD1 solid top minus bottom","production":"2024","laser":"2016","footprints":"2022"},"geometry":{"type":"Polygon","coordinates":[[[13.61241752265232,51.082553672683964],[13.612434388391124,51.08255782978059],[13.612416678206387,51.082586666697665],[13.612552608742279,51.08261975546864],[13.612598991036618,51.08254404599213],[13.612586657473232,51.0825411117939],[13.612586612235653,51.08254119219328],[13.61254707995426,51.08253206277486],[13.612546495361418,51.08253299110018],[13.612460173944177,51.08251200216028],[13.612440813142396,51.08254351736523],[13.612426072120305,51.082539925067096],[13.61241752265232,51.082553672683964]]]}},{"type":"Feature","id":"UUID_ce7a8212-1e03-4bd0-875d-bb3d0516f0ae","properties":{"id":"UUID_ce7a8212-1e03-4bd0-875d-bb3d0516f0ae","height_m":7.573,"ground_m":252.336,"height_source":"LoD1 solid top minus bottom","production":"2024","laser":"2016","footprints":"2022"},"geometry":{"type":"Polygon","coordinates":[[[13.623438866773538,51.06919196929885],[13.62337337309429,51.06920281678881],[13.623401305645306,51.06919945867869],[13.62341256883851,51.06923115654396],[13.623423700032431,51.06926249313579],[13.623574013474713,51.06923791410269],[13.623561223060607,51.06920669287943],[13.623547793123906,51.06917393532382],[13.623438814768017,51.06919179782054],[13.623438866773538,51.06919196929885]]]}},{"type":"Feature","id":"UUID_56d968ce-6f16-4b88-9bc1-7d0fe3d4249c","properties":{"id":"UUID_56d968ce-6f16-4b88-9bc1-7d0fe3d4249c","height_m":2.951,"ground_m":252.336,"height_source":"LoD1 solid top minus bottom","production":"2024","laser":"2016","footprints":"2022"},"geometry":{"type":"Polygon","coordinates":[[[13.62337337309429,51.06920281678881],[13.623438823701917,51.06919197778449],[13.623438866773538,51.06919196929885],[13.623438814768017,51.06919179782054],[13.623438785964696,51.069191806474244],[13.62342375241665,51.06913083716042],[13.623400046051543,51.06903505295901],[13.623333479953274,51.06904164312878],[13.62334289856151,51.069079704260396],[13.62337337309429,51.06920281678881]]]}},{"type":"Feature","id":"DESNATPU1000F3Yz","properties":{"id":"DESNATPU1000F3Yz","height_m":8.9,"ground_m":243.619,"height_source":"LoD1 solid top minus bottom","production":"2024","laser":"2016","footprints":"2022"},"geometry":{"type":"Polygon","coordinates":[[[13.609200940464941,51.08116051615736],[13.609203182204721,51.08112242179815],[13.60920531374315,51.081086097734755],[13.609110965660857,51.081083913933654],[13.60910979220707,51.08110399917047],[13.609109273521446,51.08111272513416],[13.609087687445117,51.0811122254642],[13.609086011179455,51.08114098289559],[13.609100977269126,51.08114133184899],[13.609107597269137,51.081141482565954],[13.609106621044994,51.08115832370152],[13.609200940464941,51.08116051615736]]]}},{"type":"Feature","id":"DESNATP1iE0000Ak","properties":{"id":"DESNATP1iE0000Ak","height_m":4.363,"ground_m":231.702,"height_source":"LoD1 solid top minus bottom","production":"2024","laser":"2016","footprints":"2022"},"geometry":{"type":"Polygon","coordinates":[[[13.60586261781288,51.079229110632134],[13.605836682812134,51.07918619276527],[13.605611294316077,51.0792386669048],[13.605637215134632,51.079281575659955],[13.60586261781288,51.079229110632134]]]}},{"type":"Feature","id":"DESNATP1iE0000CM","properties":{"id":"DESNATP1iE0000CM","height_m":2.837,"ground_m":237.916,"height_source":"LoD1 solid top minus bottom","production":"2024","laser":"2016","footprints":"2022"},"geometry":{"type":"Polygon","coordinates":[[[13.605267251391524,51.08285170901329],[13.605272977294604,51.08291245264112],[13.605359282266445,51.082909219746696],[13.60535355598019,51.08284848511191],[13.605267251391524,51.08285170901329]]]}},{"type":"Feature","id":"DESNATP1iE0000Eh","properties":{"id":"DESNATP1iE0000Eh","height_m":6.893,"ground_m":200.695,"height_source":"LoD1 solid top minus bottom","production":"2024","laser":"2016","footprints":"2022"},"geometry":{"type":"Polygon","coordinates":[[[13.625827861548268,51.08046347014334],[13.625977873343313,51.08044881255542],[13.62595536979699,51.08035736882612],[13.625805344019984,51.08037202621981],[13.625827861548268,51.08046347014334]]]}},{"type":"Feature","id":"DESNATPU1000IUyU","properties":{"id":"DESNATPU1000IUyU","height_m":2.822,"ground_m":248.685,"height_source":"LoD1 solid top minus bottom","production":"2024","laser":"2016","footprints":"2022"},"geometry":{"type":"Polygon","coordinates":[[[13.601991558469027,51.07657243148586],[13.601967821747476,51.076558577226685],[13.601867524784046,51.076623826405914],[13.601939522856116,51.0766695623861],[13.602040790666315,51.07660620428214],[13.601991558469027,51.07657243148586]]]}},{"type":"Feature","id":"DESNATPU1000GUZY","properties":{"id":"DESNATPU1000GUZY","height_m":10.367,"ground_m":240.625,"height_source":"LoD1 solid top minus bottom","production":"2024","laser":"2016","footprints":"2022"},"geometry":{"type":"Polygon","coordinates":[[[13.603617403995212,51.081655699712925],[13.603514404568894,51.08166247292366],[13.60344244848594,51.08166718885311],[13.603446688401606,51.081692329797285],[13.603518655351227,51.08168725427753],[13.60362136127127,51.08168074734459],[13.603617403995212,51.081655699712925]]]}},{"type":"Feature","id":"DESNATPU1000ExbM","properties":{"id":"DESNATPU1000ExbM","height_m":9.401,"ground_m":235.551,"height_source":"LoD1 solid top minus bottom","production":"2024","laser":"2016","footprints":"2022"},"geometry":{"type":"Polygon","coordinates":[[[13.611977958256112,51.08252857949203],[13.611951994515998,51.08257557397228],[13.611873270035519,51.08255836191004],[13.611846404085032,51.08260687445039],[13.611999875819958,51.08264062182494],[13.612026741630823,51.082592109248495],[13.612052850719035,51.08254502654864],[13.611977958256112,51.08252857949203]]]}},{"type":"Feature","id":"DESNATPU1000EIrq","properties":{"id":"DESNATPU1000EIrq","height_m":4.232,"ground_m":250.236,"height_source":"LoD1 solid top minus bottom","production":"2024","laser":"2016","footprints":"2022"},"geometry":{"type":"Polygon","coordinates":[[[13.621633906462677,51.0694087580998],[13.621636655577044,51.06942192020956],[13.62164992697765,51.06947486526413],[13.621702753549304,51.06946955289719],[13.621686159555772,51.06940352890686],[13.621633906462677,51.0694087580998]]]}},{"type":"Feature","id":"DESNATPU1000J46q","properties":{"id":"DESNATPU1000J46q","height_m":4.306,"ground_m":252.586,"height_source":"LoD1 solid top minus bottom","production":"2024","laser":"2016","footprints":"2022"},"geometry":{"type":"Polygon","coordinates":[[[13.62077369124969,51.07057416709098],[13.62073097704695,51.070661793818],[13.620736097756673,51.070662393822346],[13.62079877167654,51.07067158676303],[13.620836658449935,51.07058309368466],[13.620793022133716,51.07057690423092],[13.62077369124969,51.07057416709098]]]}},{"type":"Feature","id":"DESNATP1iE0000DF","properties":{"id":"DESNATP1iE0000DF","height_m":2.486,"ground_m":125.943,"height_source":"LoD1 solid top minus bottom","production":"2024","laser":"2016","footprints":"2022"},"geometry":{"type":"Polygon","coordinates":[[[13.625171376700374,51.08215186871138],[13.625124859491091,51.0821023281709],[13.625057396715096,51.08212746122408],[13.625103899604175,51.08217700162299],[13.625171376700374,51.08215186871138]]]}},{"type":"Feature","id":"DESNATP1iE0000Cc","properties":{"id":"DESNATP1iE0000Cc","height_m":9.654,"ground_m":215.558,"height_source":"LoD1 solid top minus bottom","production":"2024","laser":"2016","footprints":"2022"},"geometry":{"type":"Polygon","coordinates":[[[13.609767136630166,51.07962408266439],[13.60976147998664,51.07956465303896],[13.609675252304813,51.079567908064604],[13.609680922840022,51.0796273468528],[13.609767136630166,51.07962408266439]]]}},{"type":"Feature","id":"DESNATP1DF0000A9","properties":{"id":"DESNATP1DF0000A9","height_m":2.938,"ground_m":241.362,"height_source":"LoD1 solid top minus bottom","production":"2024","laser":"2016","footprints":"2022"},"geometry":{"type":"Polygon","coordinates":[[[13.60225274459976,51.07985677331956],[13.60225820803324,51.07988818803331],[13.602445965339468,51.07987520804623],[13.602429714786556,51.07978199979015],[13.602322975024494,51.07978937470615],[13.602333733063219,51.07985117691331],[13.60225274459976,51.07985677331956]]]}},{"type":"Feature","id":"DESNATPU1000JHUy","properties":{"id":"DESNATPU1000JHUy","height_m":7.126,"ground_m":198.651,"height_source":"LoD1 solid top minus bottom","production":"2024","laser":"2016","footprints":"2022"},"geometry":{"type":"Polygon","coordinates":[[[13.626537081534268,51.08032435788123],[13.626554425220249,51.08039434671445],[13.626628167061696,51.08038702960587],[13.626610680549323,51.08031703910579],[13.626537081534268,51.08032435788123]]]}},{"type":"Feature","id":"UUID_b3cb1457-b123-4f38-a966-6bf3849697c6","properties":{"id":"UUID_b3cb1457-b123-4f38-a966-6bf3849697c6","height_m":3.967,"ground_m":218.85,"height_source":"LoD1 solid top minus bottom","production":"2024","laser":"2016","footprints":"2022"},"geometry":{"type":"Polygon","coordinates":[[[13.61617544866312,51.082616927257526],[13.616174319306127,51.0826547740924],[13.61626738071027,51.082655695920785],[13.616268507308988,51.08261793898191],[13.61617544866312,51.082616927257526]]]}},{"type":"Feature","id":"UUID_fe2a624b-052d-442a-b2c4-f8faf92216e2","properties":{"id":"UUID_fe2a624b-052d-442a-b2c4-f8faf92216e2","height_m":5.053,"ground_m":218.85,"height_source":"LoD1 solid top minus bottom","production":"2024","laser":"2016","footprints":"2022"},"geometry":{"type":"Polygon","coordinates":[[[13.616280309474016,51.08274874585981],[13.61628307766698,51.08265597166766],[13.61626738071027,51.082655695920785],[13.616174319306127,51.0826547740924],[13.61613664285792,51.082654238117776],[13.616134157138115,51.08274710558112],[13.616280309474016,51.08274874585981]]]}},{"type":"Feature","id":"DESNATPU1000HCOv","properties":{"id":"DESNATPU1000HCOv","height_m":5.602,"ground_m":253.298,"height_source":"LoD1 solid top minus bottom","production":"2024","laser":"2016","footprints":"2022"},"geometry":{"type":"Polygon","coordinates":[[[13.622982119898731,51.070386624353745],[13.623023316555928,51.07047982686696],[13.623035223266536,51.07050667615826],[13.623170098743032,51.070482994908126],[13.623152472612732,51.070442049277204],[13.623118416580974,51.07036313976678],[13.622982119898731,51.070386624353745]]]}},{"type":"Feature","id":"DESNATP1DF00009S","properties":{"id":"DESNATP1DF00009S","height_m":3.516,"ground_m":255.167,"height_source":"LoD1 solid top minus bottom","production":"2024","laser":"2016","footprints":"2022"},"geometry":{"type":"Polygon","coordinates":[[[13.621454120155505,51.07066973168408],[13.621319913832869,51.07068717775405],[13.621335931406112,51.07073609041937],[13.621470138132052,51.07071863534241],[13.621454120155505,51.07066973168408]]]}},{"type":"Feature","id":"DESNATPU1000ImJg","properties":{"id":"DESNATPU1000ImJg","height_m":3.157,"ground_m":238.743,"height_source":"LoD1 solid top minus bottom","production":"2024","laser":"2016","footprints":"2022"},"geometry":{"type":"Polygon","coordinates":[[[13.61120063956993,51.08298338156765],[13.611164498176374,51.083022161316904],[13.611250782326422,51.083053942279264],[13.61128663822404,51.08301515911188],[13.61120063956993,51.08298338156765]]]}},{"type":"Feature","id":"DESNATPU1000FECm","properties":{"id":"DESNATPU1000FECm","height_m":9.256,"ground_m":250.047,"height_source":"LoD1 solid top minus bottom","production":"2024","laser":"2016","footprints":"2022"},"geometry":{"type":"Polygon","coordinates":[[[13.621301150963102,51.06935258442226],[13.621305691386096,51.06938231467658],[13.62130733028599,51.069392487036005],[13.621312798083387,51.069426553832244],[13.621313509932609,51.06943141841565],[13.621491546354832,51.06942020882904],[13.621485224143573,51.069381266784966],[13.621478759035005,51.06934136980341],[13.621360498126895,51.06934878799715],[13.621301150963102,51.06935258442226]]]}},{"type":"Feature","id":"DESNATP1iE0000Ai","properties":{"id":"DESNATP1iE0000Ai","height_m":1.865,"ground_m":236.035,"height_source":"LoD1 solid top minus bottom","production":"2024","laser":"2016","footprints":"2022"},"geometry":{"type":"Polygon","coordinates":[[[13.605042514721136,51.079283068121164],[13.605016761465041,51.079313399707296],[13.605075329630951,51.0793331277264],[13.605101040316672,51.079302786626606],[13.605042514721136,51.079283068121164]]]}},{"type":"Feature","id":"DESNATPU1000BXKd","properties":{"id":"DESNATPU1000BXKd","height_m":2.682,"ground_m":244.063,"height_source":"LoD1 solid top minus bottom","production":"2024","laser":"2016","footprints":"2022"},"geometry":{"type":"Polygon","coordinates":[[[13.601429000529576,51.07935583360492],[13.601429616329396,51.079418737590686],[13.601501005154775,51.07941852158814],[13.601500264069287,51.07935550818889],[13.601429000529576,51.07935583360492]]]}},{"type":"Feature","id":"UUID_1bb6b8c4-3184-49d4-b8e2-7a77ab635667","properties":{"id":"UUID_1bb6b8c4-3184-49d4-b8e2-7a77ab635667","height_m":4.154,"ground_m":262.181,"height_source":"LoD1 solid top minus bottom","production":"2024","laser":"2016","footprints":"2022"},"geometry":{"type":"Polygon","coordinates":[[[13.607932599607762,51.0670597731852],[13.608007886593915,51.0670345993085],[13.608007707858054,51.067034372355955],[13.60797578302426,51.066994782856064],[13.607885139410882,51.067023739691535],[13.607918167831638,51.0670646013741],[13.607932723700475,51.067059918550456],[13.607932599607762,51.0670597731852]]]}},{"type":"Feature","id":"UUID_63cbd4ab-8523-4fc1-93d2-20de0c06c450","properties":{"id":"UUID_63cbd4ab-8523-4fc1-93d2-20de0c06c450","height_m":5.514,"ground_m":262.181,"height_source":"LoD1 solid top minus bottom","production":"2024","laser":"2016","footprints":"2022"},"geometry":{"type":"Polygon","coordinates":[[[13.608026441748825,51.067028390337995],[13.608007707858054,51.067034372355955],[13.608007886593915,51.0670345993085],[13.607979873754964,51.067043969067825],[13.607932599607762,51.0670597731852],[13.607932723700475,51.067059918550456],[13.607988048473258,51.06712829441847],[13.608002086288886,51.06714563814822],[13.6080497704596,51.06713044141369],[13.608062754181029,51.06712630640613],[13.608096762744523,51.067115470236715],[13.608026441748825,51.067028390337995]]]}},{"type":"Feature","id":"UUID_ba5a4cbe-1c64-4e82-b57e-d3f8385d0f15","properties":{"id":"UUID_ba5a4cbe-1c64-4e82-b57e-d3f8385d0f15","height_m":3.255,"ground_m":262.181,"height_source":"LoD1 solid top minus bottom","production":"2024","laser":"2016","footprints":"2022"},"geometry":{"type":"Polygon","coordinates":[[[13.607988048473258,51.06712829441847],[13.60796153453094,51.06713670179382],[13.607990700322814,51.06717311090271],[13.608017390076627,51.06716455273445],[13.607988048473258,51.06712829441847]]]}},{"type":"Feature","id":"UUID_2571f2f6-6974-47be-ac70-46e43cd5892a","properties":{"id":"UUID_2571f2f6-6974-47be-ac70-46e43cd5892a","height_m":3.723,"ground_m":262.181,"height_source":"LoD1 solid top minus bottom","production":"2024","laser":"2016","footprints":"2022"},"geometry":{"type":"Polygon","coordinates":[[[13.608017390076627,51.06716455273445],[13.608077744909725,51.0671451902772],[13.608062754181029,51.06712630640613],[13.608002086288886,51.06714563814822],[13.608017390076627,51.06716455273445]]]}},{"type":"Feature","id":"DESNATPU1000EeDq","properties":{"id":"DESNATPU1000EeDq","height_m":2.785,"ground_m":260.404,"height_source":"LoD1 solid top minus bottom","production":"2024","laser":"2016","footprints":"2022"},"geometry":{"type":"Polygon","coordinates":[[[13.608927683875228,51.06691663650397],[13.608975295507886,51.0669614484948],[13.609046416086983,51.06693144910688],[13.608998659045279,51.06688672534391],[13.608927683875228,51.06691663650397]]]}},{"type":"Feature","id":"UUID_ee71a336-a631-4b2a-a6fa-abe8fbdd71d5","properties":{"id":"UUID_ee71a336-a631-4b2a-a6fa-abe8fbdd71d5","height_m":8.213,"ground_m":157.488,"height_source":"LoD1 solid top minus bottom","production":"2024","laser":"2016","footprints":"2022"},"geometry":{"type":"Polygon","coordinates":[[[13.613708776947075,51.0789627219839],[13.613668622638485,51.07900745320203],[13.613665107847089,51.0790113684042],[13.61386984951975,51.07907330277661],[13.61390505288515,51.0790361118058],[13.613915416308345,51.07902516440259],[13.613708776947075,51.0789627219839]]]}},{"type":"Feature","id":"UUID_5ac31e5e-f685-491b-abb0-786618bf1fff","properties":{"id":"UUID_5ac31e5e-f685-491b-abb0-786618bf1fff","height_m":4.108,"ground_m":157.488,"height_source":"LoD1 solid top minus bottom","production":"2024","laser":"2016","footprints":"2022"},"geometry":{"type":"Polygon","coordinates":[[[13.613970849461339,51.07905771066355],[13.61390505288515,51.0790361118058],[13.61388880742202,51.07905327551365],[13.61386984951975,51.07907330277661],[13.613873570626904,51.07907442605571],[13.613875897997831,51.079071548938934],[13.613904703462499,51.079081243176915],[13.61394138953991,51.07909332405427],[13.613938101224782,51.07909730490063],[13.614046633590986,51.079133016776524],[13.61404968469371,51.079129329881205],[13.614079469000796,51.079093369585564],[13.614081542465733,51.07909086715725],[13.613972967893485,51.079055136826895],[13.613970849461339,51.07905771066355]]]}},{"type":"Feature","id":"UUID_dc689852-8d7c-4eb0-9dad-26b5b0b0b672","properties":{"id":"UUID_dc689852-8d7c-4eb0-9dad-26b5b0b0b672","height_m":4.628,"ground_m":157.488,"height_source":"LoD1 solid top minus bottom","production":"2024","laser":"2016","footprints":"2022"},"geometry":{"type":"Polygon","coordinates":[[[13.613659791248347,51.07896571119099],[13.613634507467447,51.07899629303128],[13.613668622638485,51.07900745320203],[13.613708776947075,51.0789627219839],[13.613697557117586,51.07895933347422],[13.613684164063958,51.078973725189975],[13.613659791248347,51.07896571119099]]]}},{"type":"Feature","id":"DESNATPU1000AyWj","properties":{"id":"DESNATPU1000AyWj","height_m":3.118,"ground_m":243.887,"height_source":"LoD1 solid top minus bottom","production":"2024","laser":"2016","footprints":"2022"},"geometry":{"type":"Polygon","coordinates":[[[13.61101982038492,51.07000901304389],[13.61099211283018,51.070033414365305],[13.611026621166536,51.07004884268181],[13.611104475832322,51.07003717774786],[13.611045832028028,51.07000311702951],[13.611033017267784,51.06999729918629],[13.61101982038492,51.07000901304389]]]}},{"type":"Feature","id":"UUID_ce61e800-88ba-4f4d-b319-adfb506c2fdb","properties":{"id":"UUID_ce61e800-88ba-4f4d-b319-adfb506c2fdb","height_m":2.755,"ground_m":248.659,"height_source":"LoD1 solid top minus bottom","production":"2024","laser":"2016","footprints":"2022"},"geometry":{"type":"Polygon","coordinates":[[[13.601481597248219,51.077013999628626],[13.601481599145565,51.07701393670072],[13.601347195055977,51.0770152961578],[13.601347213567339,51.07701562911819],[13.601348114920444,51.07701887736329],[13.601389510429883,51.077019012980266],[13.601391219682933,51.077061749910854],[13.60148306088142,51.07706015093695],[13.601481597248219,51.077013999628626]]]}},{"type":"Feature","id":"UUID_ff933abc-4a59-4522-8bad-8faaa36191fc","properties":{"id":"UUID_ff933abc-4a59-4522-8bad-8faaa36191fc","height_m":5.146,"ground_m":248.659,"height_source":"LoD1 solid top minus bottom","production":"2024","laser":"2016","footprints":"2022"},"geometry":{"type":"Polygon","coordinates":[[[13.601347195055977,51.0770152961578],[13.601481599145565,51.07701393670072],[13.601481597248219,51.077013999628626],[13.601547858788587,51.07701326362486],[13.601546521972503,51.07695864248249],[13.60154606926574,51.07694003966047],[13.601277458587777,51.07694285085948],[13.601277841460536,51.07696139888964],[13.601278964985923,51.077015981512226],[13.601347213567339,51.07701562911819],[13.601347195055977,51.0770152961578]]]}},{"type":"Feature","id":"DESNATP1iE0000F6","properties":{"id":"DESNATP1iE0000F6","height_m":3.944,"ground_m":178.628,"height_source":"LoD1 solid top minus bottom","production":"2024","laser":"2016","footprints":"2022"},"geometry":{"type":"Polygon","coordinates":[[[13.628578268706878,51.08107500595563],[13.628478004355278,51.08109181537551],[13.628501107483896,51.08113516251823],[13.628597261585528,51.08111830485488],[13.628578268706878,51.08107500595563]]]}},{"type":"Feature","id":"DESNATPU1000GFXb","properties":{"id":"DESNATPU1000GFXb","height_m":4.501,"ground_m":256.606,"height_source":"LoD1 solid top minus bottom","production":"2024","laser":"2016","footprints":"2022"},"geometry":{"type":"Polygon","coordinates":[[[13.607448998786301,51.06832099316265],[13.607482034382542,51.068342610129044],[13.607577264598483,51.068284571083915],[13.607544223602336,51.06826313393893],[13.607448998786301,51.06832099316265]]]}},{"type":"Feature","id":"DESNATPU1000EZJJ","properties":{"id":"DESNATPU1000EZJJ","height_m":2.019,"ground_m":241.345,"height_source":"LoD1 solid top minus bottom","production":"2024","laser":"2016","footprints":"2022"},"geometry":{"type":"Polygon","coordinates":[[[13.603557151945997,51.082324323976735],[13.603532578290697,51.082263238170505],[13.603463286215272,51.082274280996245],[13.603487859784574,51.08233536681626],[13.603557151945997,51.082324323976735]]]}},{"type":"Feature","id":"DESNATPU1000Hsqe","properties":{"id":"DESNATPU1000Hsqe","height_m":3.035,"ground_m":237.829,"height_source":"LoD1 solid top minus bottom","production":"2024","laser":"2016","footprints":"2022"},"geometry":{"type":"Polygon","coordinates":[[[13.60488939938216,51.07826076712731],[13.604785038586256,51.07825610414931],[13.604773711043363,51.078357409279946],[13.604877929355588,51.0783620705664],[13.60488939938216,51.07826076712731]]]}},{"type":"Feature","id":"UUID_aa18fb76-33d3-4199-b124-3bdf180b4ee4","properties":{"id":"UUID_aa18fb76-33d3-4199-b124-3bdf180b4ee4","height_m":6.943,"ground_m":224.056,"height_source":"LoD1 solid top minus bottom","production":"2024","laser":"2016","footprints":"2022"},"geometry":{"type":"Polygon","coordinates":[[[13.613487211595746,51.082878510311645],[13.613445557706061,51.08287060605031],[13.613429051018592,51.082905527617235],[13.613400641382707,51.08296560508167],[13.613544854952927,51.08299295453729],[13.613551357618228,51.082994173767595],[13.613597025265392,51.08289934546378],[13.613521326874183,51.08288498519437],[13.613487211595746,51.082878510311645]]]}},{"type":"Feature","id":"UUID_fb9520d6-7d2e-4dff-b04c-41dd3d3fb5ff","properties":{"id":"UUID_fb9520d6-7d2e-4dff-b04c-41dd3d3fb5ff","height_m":6.433,"ground_m":224.056,"height_source":"LoD1 solid top minus bottom","production":"2024","laser":"2016","footprints":"2022"},"geometry":{"type":"Polygon","coordinates":[[[13.613597025265392,51.08289934546378],[13.613609492724423,51.082873449826785],[13.61349920704432,51.08285264505899],[13.613487211595746,51.082878510311645],[13.613597025265392,51.08289934546378]]]}},{"type":"Feature","id":"DESNATPU1000DH26","properties":{"id":"DESNATPU1000DH26","height_m":3.424,"ground_m":188.194,"height_source":"LoD1 solid top minus bottom","production":"2024","laser":"2016","footprints":"2022"},"geometry":{"type":"Polygon","coordinates":[[[13.62848281316962,51.08060575075162],[13.628552876289264,51.080597310114236],[13.628534148509798,51.08053539897731],[13.628464085480713,51.08054383960423],[13.62848281316962,51.08060575075162]]]}},{"type":"Feature","id":"DESNATP1iE0000Cj","properties":{"id":"DESNATP1iE0000Cj","height_m":3.6,"ground_m":215.677,"height_source":"LoD1 solid top minus bottom","production":"2024","laser":"2016","footprints":"2022"},"geometry":{"type":"Polygon","coordinates":[[[13.617755789177078,51.08222986506729],[13.617751222514515,51.08225278798159],[13.617845387965646,51.0822602324877],[13.617857789708417,51.08220483884382],[13.617763267150295,51.082196445867524],[13.617755789177078,51.08222986506729]]]}},{"type":"Feature","id":"DESNATPU1000DvaO","properties":{"id":"DESNATPU1000DvaO","height_m":4.091,"ground_m":253.052,"height_source":"LoD1 solid top minus bottom","production":"2024","laser":"2016","footprints":"2022"},"geometry":{"type":"Polygon","coordinates":[[[13.623586096033327,51.06897977925284],[13.623628734199967,51.06906769271726],[13.62374092534613,51.06904833008346],[13.623718026492435,51.068963796627266],[13.623716363620417,51.06895730213192],[13.623714498083885,51.068957639882015],[13.623586096033327,51.06897977925284]]]}},{"type":"Feature","id":"DESNATPU1000FfsP","properties":{"id":"DESNATPU1000FfsP","height_m":8.505,"ground_m":247.15,"height_source":"LoD1 solid top minus bottom","production":"2024","laser":"2016","footprints":"2022"},"geometry":{"type":"Polygon","coordinates":[[[13.620880388834731,51.069409671630396],[13.62083373132281,51.06940912108141],[13.620832725228576,51.06943816539332],[13.620831706305797,51.06946764121475],[13.621010785048165,51.06946939449003],[13.621011293776863,51.06944027236552],[13.621011789679335,51.06941158175059],[13.620969415340953,51.06941099186122],[13.620880388834731,51.069409671630396]]]}},{"type":"Feature","id":"DESNATPU1000CFJp","properties":{"id":"DESNATPU1000CFJp","height_m":3.167,"ground_m":230.997,"height_source":"LoD1 solid top minus bottom","production":"2024","laser":"2016","footprints":"2022"},"geometry":{"type":"Polygon","coordinates":[[[13.613453905386987,51.08223422180466],[13.613536720226508,51.082248333795924],[13.613558839142264,51.08219616739711],[13.613476304457796,51.0821822386027],[13.613453905386987,51.08223422180466]]]}},{"type":"Feature","id":"DESNATPU1000ECQQ","properties":{"id":"DESNATPU1000ECQQ","height_m":2.88,"ground_m":176.57,"height_source":"LoD1 solid top minus bottom","production":"2024","laser":"2016","footprints":"2022"},"geometry":{"type":"Polygon","coordinates":[[[13.618227411152734,51.078218571467836],[13.618317712923579,51.07825911788761],[13.61840333741152,51.07818351025829],[13.618312893000224,51.07814296221775],[13.618227411152734,51.078218571467836]]]}},{"type":"Feature","id":"DESNATP1iE000069","properties":{"id":"DESNATP1iE000069","height_m":3.435,"ground_m":236.265,"height_source":"LoD1 solid top minus bottom","production":"2024","laser":"2016","footprints":"2022"},"geometry":{"type":"Polygon","coordinates":[[[13.61687869592318,51.06974768731023],[13.616883020497387,51.06968545337659],[13.616792458421891,51.06968296076484],[13.616788133994579,51.06974518570445],[13.61687869592318,51.06974768731023]]]}},{"type":"Feature","id":"UUID_4c539900-d289-4f6c-9986-fcac1fe9a560","properties":{"id":"UUID_4c539900-d289-4f6c-9986-fcac1fe9a560","height_m":5.643,"ground_m":238.275,"height_source":"LoD1 solid top minus bottom","production":"2024","laser":"2016","footprints":"2022"},"geometry":{"type":"Polygon","coordinates":[[[13.604822168405327,51.07685562726711],[13.604888563097536,51.076864693264326],[13.604888762074053,51.07686472261811],[13.604902398930536,51.07682520853167],[13.6049023135777,51.07682519851999],[13.604835778937675,51.07681604093043],[13.604822168405327,51.07685562726711]]]}},{"type":"Feature","id":"UUID_d6b62ebe-4069-437e-a927-e83146f4a3ea","properties":{"id":"UUID_d6b62ebe-4069-437e-a927-e83146f4a3ea","height_m":7.403,"ground_m":238.275,"height_source":"LoD1 solid top minus bottom","production":"2024","laser":"2016","footprints":"2022"},"geometry":{"type":"Polygon","coordinates":[[[13.604902398930536,51.07682520853167],[13.604888762074053,51.07686472261811],[13.604888563097536,51.076864693264326],[13.604871496713816,51.07691476009795],[13.604936167465803,51.07692371556139],[13.604993047711451,51.076931588786934],[13.605017160258539,51.07686083233859],[13.605038487677069,51.07686369482546],[13.605044914463262,51.0768446165634],[13.605023872463912,51.07684175748404],[13.605041261915744,51.07679043547239],[13.6050100699885,51.07678615127939],[13.60495594623221,51.0767787156429],[13.604920133976545,51.07677379173994],[13.6049023135777,51.07682519851999],[13.604902398930536,51.07682520853167]]]}},{"type":"Feature","id":"DESNATP1iE0000C6","properties":{"id":"DESNATP1iE0000C6","height_m":3.139,"ground_m":236.697,"height_source":"LoD1 solid top minus bottom","production":"2024","laser":"2016","footprints":"2022"},"geometry":{"type":"Polygon","coordinates":[[[13.6045878132735,51.08310649933892],[13.604489814524884,51.083104987677146],[13.60448823115087,51.08314574272488],[13.604586229985511,51.08314725438864],[13.6045878132735,51.08310649933892]]]}},{"type":"Feature","id":"DESNATPU1000BWxd","properties":{"id":"DESNATPU1000BWxd","height_m":4.204,"ground_m":132.416,"height_source":"LoD1 solid top minus bottom","production":"2024","laser":"2016","footprints":"2022"},"geometry":{"type":"Polygon","coordinates":[[[13.622725840626936,51.080841210700584],[13.622739839767913,51.080869793276165],[13.622824138978093,51.08085316039026],[13.622910444199958,51.08083628128937],[13.622896444963152,51.080807698733324],[13.62281013712026,51.08082466772208],[13.622725840626936,51.080841210700584]]]}},{"type":"Feature","id":"DESNATPU1000C1c2","properties":{"id":"DESNATPU1000C1c2","height_m":2.87,"ground_m":248.035,"height_source":"LoD1 solid top minus bottom","production":"2024","laser":"2016","footprints":"2022"},"geometry":{"type":"Polygon","coordinates":[[[13.601684729555327,51.07690545700543],[13.601685882813356,51.076928762523714],[13.601839932498393,51.07692826718403],[13.601835026025332,51.07701857857255],[13.6019362748726,51.07701745149363],[13.601936584763457,51.07698490974176],[13.601984663029734,51.076985934445425],[13.601988301941844,51.07690782929941],[13.601846553000263,51.07690280642055],[13.601684729555327,51.07690545700543]]]}},{"type":"Feature","id":"UUID_0ed53f69-b557-4392-bcde-de5b5aef9ee5","properties":{"id":"UUID_0ed53f69-b557-4392-bcde-de5b5aef9ee5","height_m":8.929,"ground_m":253.244,"height_source":"LoD1 solid top minus bottom","production":"2024","laser":"2016","footprints":"2022"},"geometry":{"type":"Polygon","coordinates":[[[13.623873297175784,51.06910649924053],[13.623911812134956,51.06918667508995],[13.62405593501251,51.06915905488392],[13.624017484501536,51.0690791046647],[13.623873297175784,51.06910649924053]]]}},{"type":"Feature","id":"UUID_c4b8a263-12af-434f-a838-1784eff7385e","properties":{"id":"UUID_c4b8a263-12af-434f-a838-1784eff7385e","height_m":6.921,"ground_m":253.244,"height_source":"LoD1 solid top minus bottom","production":"2024","laser":"2016","footprints":"2022"},"geometry":{"type":"Polygon","coordinates":[[[13.623928776015603,51.06909595622965],[13.623921651096271,51.06908112392829],[13.62386623961452,51.06909180262288],[13.623873297175784,51.06910649924053],[13.623928776015603,51.06909595622965]]]}},{"type":"Feature","id":"DESNATPU1000BoYB","properties":{"id":"DESNATPU1000BoYB","height_m":4.319,"ground_m":203.754,"height_source":"LoD1 solid top minus bottom","production":"2024","laser":"2016","footprints":"2022"},"geometry":{"type":"Polygon","coordinates":[[[13.623948454237349,51.078230306612504],[13.623894972314062,51.0782188854744],[13.623860140316737,51.07825732481992],[13.623932081350466,51.07827211081142],[13.623948454237349,51.078230306612504]]]}},{"type":"Feature","id":"DESNATPU1000IibU","properties":{"id":"DESNATPU1000IibU","height_m":7.246,"ground_m":199.999,"height_source":"LoD1 solid top minus bottom","production":"2024","laser":"2016","footprints":"2022"},"geometry":{"type":"Polygon","coordinates":[[[13.624273830949267,51.07904287016298],[13.624384938924075,51.07911378302795],[13.624514237416593,51.07903346905051],[13.62440312943173,51.07896255630743],[13.624273830949267,51.07904287016298]]]}},{"type":"Feature","id":"DESNATPU1000EIZo","properties":{"id":"DESNATPU1000EIZo","height_m":4.255,"ground_m":141.802,"height_source":"LoD1 solid top minus bottom","production":"2024","laser":"2016","footprints":"2022"},"geometry":{"type":"Polygon","coordinates":[[[13.627423238352321,51.083237949824856],[13.62746552183792,51.08329510167622],[13.627530194091488,51.083275986701615],[13.62748790522133,51.08321901466878],[13.627423238352321,51.083237949824856]]]}},{"type":"Feature","id":"DESNATP1iE0000CT","properties":{"id":"DESNATP1iE0000CT","height_m":3.0,"ground_m":231.092,"height_source":"LoD1 solid top minus bottom","production":"2024","laser":"2016","footprints":"2022"},"geometry":{"type":"Polygon","coordinates":[[[13.614244389796772,51.082110248762675],[13.614409405860927,51.08214515502875],[13.614456081552627,51.08205759562649],[13.614291065493719,51.08202269841769],[13.614244389796772,51.082110248762675]]]}},{"type":"Feature","id":"DESNATPU1000CIkU","properties":{"id":"DESNATPU1000CIkU","height_m":3.817,"ground_m":218.368,"height_source":"LoD1 solid top minus bottom","production":"2024","laser":"2016","footprints":"2022"},"geometry":{"type":"Polygon","coordinates":[[[13.615133239375336,51.08314474417257],[13.615050104764167,51.083131708685364],[13.615029408939476,51.08318407207333],[13.61511240091254,51.08319710588487],[13.615133239375336,51.08314474417257]]]}},{"type":"Feature","id":"DESNATPU1000HTB6","properties":{"id":"DESNATPU1000HTB6","height_m":5.553,"ground_m":242.874,"height_source":"LoD1 solid top minus bottom","production":"2024","laser":"2016","footprints":"2022"},"geometry":{"type":"Polygon","coordinates":[[[13.602973457998743,51.07879454633972],[13.602984044240443,51.0788506988754],[13.603162880324215,51.07883799782283],[13.603153010132086,51.07878176393187],[13.602973457998743,51.07879454633972]]]}},{"type":"Feature","id":"DESNATPU1000DhOu","properties":{"id":"DESNATPU1000DhOu","height_m":5.939,"ground_m":209.855,"height_source":"LoD1 solid top minus bottom","production":"2024","laser":"2016","footprints":"2022"},"geometry":{"type":"Polygon","coordinates":[[[13.62447501170825,51.078136952691175],[13.624516963287741,51.07813762623009],[13.624517468569064,51.078125401801145],[13.624567837395785,51.07812626430224],[13.624569013657553,51.07809863389913],[13.624570623739022,51.078061188329066],[13.624418943969967,51.07805868394581],[13.624417333373415,51.078096624119],[13.624416128086477,51.07812474879014],[13.624475485008118,51.078125807036734],[13.62447501170825,51.078136952691175]]]}},{"type":"Feature","id":"DESNATPU1000G8Yz","properties":{"id":"DESNATPU1000G8Yz","height_m":4.542,"ground_m":178.212,"height_source":"LoD1 solid top minus bottom","production":"2024","laser":"2016","footprints":"2022"},"geometry":{"type":"Polygon","coordinates":[[[13.628922762164796,51.08100866872002],[13.628825932016165,51.081024259711576],[13.628843489934805,51.081067811524896],[13.62894017479155,51.0810523087435],[13.628922762164796,51.08100866872002]]]}},{"type":"Feature","id":"DESNATPU1000IHQP","properties":{"id":"DESNATPU1000IHQP","height_m":3.753,"ground_m":252.819,"height_source":"LoD1 solid top minus bottom","production":"2024","laser":"2016","footprints":"2022"},"geometry":{"type":"Polygon","coordinates":[[[13.623371417807379,51.06896565001443],[13.623317859903525,51.06897158402448],[13.623335936254012,51.06903582665159],[13.62338949689732,51.069029802735926],[13.623371417807379,51.06896565001443]]]}},{"type":"Feature","id":"DESNATPU1000JeWv","properties":{"id":"DESNATPU1000JeWv","height_m":6.041,"ground_m":213.508,"height_source":"LoD1 solid top minus bottom","production":"2024","laser":"2016","footprints":"2022"},"geometry":{"type":"Polygon","coordinates":[[[13.617481076695302,51.08199576789854],[13.617616060286164,51.0820032097458],[13.617630330506536,51.081898071386185],[13.617495344538838,51.08189071945515],[13.617481076695302,51.08199576789854]]]}},{"type":"Feature","id":"DESNATPU1000EJzx","properties":{"id":"DESNATPU1000EJzx","height_m":3.752,"ground_m":237.541,"height_source":"LoD1 solid top minus bottom","production":"2024","laser":"2016","footprints":"2022"},"geometry":{"type":"Polygon","coordinates":[[[13.605016686130554,51.07820472251224],[13.605124308572769,51.078201564379306],[13.60511885047408,51.07812719059626],[13.605011199662394,51.07813034838492],[13.605016686130554,51.07820472251224]]]}},{"type":"Feature","id":"UUID_2781368d-bd67-4400-b85a-1bb8a8bf082e","properties":{"id":"UUID_2781368d-bd67-4400-b85a-1bb8a8bf082e","height_m":5.625,"ground_m":125.053,"height_source":"LoD1 solid top minus bottom","production":"2024","laser":"2016","footprints":"2022"},"geometry":{"type":"Polygon","coordinates":[[[13.62449496578627,51.08202226380766],[13.624442938641943,51.08203288371894],[13.624310687294155,51.08205987982663],[13.624332349623096,51.082092482293596],[13.624351948333672,51.08212197589953],[13.624524815221475,51.082075358516086],[13.624511325146353,51.08205026241517],[13.624507495938083,51.08204313992965],[13.624502891341223,51.08203472233251],[13.62449496578627,51.08202226380766]]]}},{"type":"Feature","id":"UUID_c50d40af-387d-441a-a47c-1e59ff47a3d4","properties":{"id":"UUID_c50d40af-387d-441a-a47c-1e59ff47a3d4","height_m":4.915,"ground_m":125.053,"height_source":"LoD1 solid top minus bottom","production":"2024","laser":"2016","footprints":"2022"},"geometry":{"type":"Polygon","coordinates":[[[13.62449496578627,51.08202226380766],[13.624480206073674,51.08199905926073],[13.624430420062927,51.08200728644454],[13.624442938641943,51.08203288371894],[13.62449496578627,51.08202226380766]]]}},{"type":"Feature","id":"DESNATP1iE00006U","properties":{"id":"DESNATP1iE00006U","height_m":8.824,"ground_m":251.514,"height_source":"LoD1 solid top minus bottom","production":"2024","laser":"2016","footprints":"2022"},"geometry":{"type":"Polygon","coordinates":[[[13.622470394330293,51.06902519690367],[13.62243802091539,51.068956990609266],[13.622268017710136,51.0689890250463],[13.622323106424625,51.06910507178239],[13.62245759922359,51.0690797321532],[13.622446140783673,51.0690555949516],[13.622481651563303,51.06904890007057],[13.622470394330293,51.06902519690367]]]}},{"type":"Feature","id":"DESNATPU1000Gos9","properties":{"id":"DESNATPU1000Gos9","height_m":6.732,"ground_m":255.72,"height_source":"LoD1 solid top minus bottom","production":"2024","laser":"2016","footprints":"2022"},"geometry":{"type":"Polygon","coordinates":[[[13.622540133472175,51.070821800288044],[13.622554569562185,51.070854794632716],[13.622533334287148,51.0708585012616],[13.62254950788981,51.070895472975124],[13.622570885868775,51.07089176802502],[13.622576774470044,51.070904967106834],[13.62268668214518,51.07088575841924],[13.622659409941551,51.07082356564882],[13.62266958634908,51.070812534330365],[13.622663813731887,51.070800235913374],[13.62264616189691,51.07079382277412],[13.622626501561596,51.07079736812076],[13.622618616161004,51.07080815664606],[13.622540133472175,51.070821800288044]]]}},{"type":"Feature","id":"DESNATPU1000FHKj","properties":{"id":"DESNATPU1000FHKj","height_m":5.843,"ground_m":125.542,"height_source":"LoD1 solid top minus bottom","production":"2024","laser":"2016","footprints":"2022"},"geometry":{"type":"Polygon","coordinates":[[[13.624084451626869,51.082053089269046],[13.624182649290237,51.08211665596141],[13.624234561412887,51.082084892463456],[13.624148273792603,51.08202893012346],[13.624139549048516,51.082029456932844],[13.6241331678401,51.08202317670926],[13.624084451626869,51.082053089269046]]]}},{"type":"Feature","id":"UUID_d0054e7f-26ea-4409-9594-0309a2914c40","properties":{"id":"UUID_d0054e7f-26ea-4409-9594-0309a2914c40","height_m":6.118,"ground_m":219.133,"height_source":"LoD1 solid top minus bottom","production":"2024","laser":"2016","footprints":"2022"},"geometry":{"type":"Polygon","coordinates":[[[13.6166498854838,51.08234322281847],[13.61654657776568,51.082346946271244],[13.616547254422827,51.08235297953818],[13.616550047333057,51.08238235650104],[13.616553448015956,51.08241816160383],[13.616559162310637,51.082418049376514],[13.616705676242075,51.08241231921052],[13.616702141628028,51.082376692386084],[13.616698652309433,51.082341461785944],[13.616649908665194,51.082343402951274],[13.6166498854838,51.08234322281847]]]}},{"type":"Feature","id":"UUID_13257a07-6791-474f-80cb-5bb3344c814f","properties":{"id":"UUID_13257a07-6791-474f-80cb-5bb3344c814f","height_m":4.418,"ground_m":219.133,"height_source":"LoD1 solid top minus bottom","production":"2024","laser":"2016","footprints":"2022"},"geometry":{"type":"Polygon","coordinates":[[[13.61654462020414,51.08232641923817],[13.61654657776568,51.082346946271244],[13.6166498854838,51.08234322281847],[13.616647705836197,51.08232152407903],[13.616636456940315,51.08231572541025],[13.616553834341707,51.082319064166036],[13.61654462020414,51.08232641923817]]]}},{"type":"Feature","id":"DESNATP1iE0000C9","properties":{"id":"DESNATP1iE0000C9","height_m":3.675,"ground_m":237.543,"height_source":"LoD1 solid top minus bottom","production":"2024","laser":"2016","footprints":"2022"},"geometry":{"type":"Polygon","coordinates":[[[13.605977054503965,51.08291452051181],[13.60587963099217,51.0829133586056],[13.605877786236189,51.08297472234772],[13.605975209876796,51.082975884256435],[13.605977054503965,51.08291452051181]]]}},{"type":"Feature","id":"DESNATPU1000ESoP","properties":{"id":"DESNATPU1000ESoP","height_m":4.506,"ground_m":250.047,"height_source":"LoD1 solid top minus bottom","production":"2024","laser":"2016","footprints":"2022"},"geometry":{"type":"Polygon","coordinates":[[[13.621207479771423,51.069277017911155],[13.621231549415354,51.06937964149004],[13.621274202655771,51.06937564817603],[13.621252125140114,51.06927322796501],[13.621207479771423,51.069277017911155]]]}},{"type":"Feature","id":"DESNATPU1000EJ3H","properties":{"id":"DESNATPU1000EJ3H","height_m":2.626,"ground_m":242.042,"height_source":"LoD1 solid top minus bottom","production":"2024","laser":"2016","footprints":"2022"},"geometry":{"type":"Polygon","coordinates":[[[13.60237914221013,51.07973241956412],[13.602415251600924,51.07973276138946],[13.602412095725791,51.07964324392154],[13.6023746667626,51.079644055398674],[13.60237914221013,51.07973241956412]]]}},{"type":"Feature","id":"DESNATPU1000HSA7","properties":{"id":"DESNATPU1000HSA7","height_m":5.74,"ground_m":215.948,"height_source":"LoD1 solid top minus bottom","production":"2024","laser":"2016","footprints":"2022"},"geometry":{"type":"Polygon","coordinates":[[[13.616784676386594,51.083076122375054],[13.616800248922656,51.083071000826536],[13.616812800321126,51.08304749796612],[13.616805250747609,51.08303733655812],[13.616817040244186,51.08301544340731],[13.616774905616923,51.08300640153893],[13.616767059882356,51.08299659634059],[13.616763456117202,51.082995834261375],[13.616729745755395,51.08298869065005],[13.616713324933846,51.082993532362885],[13.616701691200063,51.08299105652862],[13.616657373455595,51.08307434608959],[13.616677662500823,51.08307863301342],[13.616684775831885,51.083089059054714],[13.616700683305208,51.08309185525426],[13.616714405165684,51.08308798881084],[13.616717241525302,51.08308719502754],[13.616772571912168,51.0830990010166],[13.616784676386594,51.083076122375054]]]}},{"type":"Feature","id":"DESNATPU1000FmcW","properties":{"id":"DESNATPU1000FmcW","height_m":3.452,"ground_m":244.077,"height_source":"LoD1 solid top minus bottom","production":"2024","laser":"2016","footprints":"2022"},"geometry":{"type":"Polygon","coordinates":[[[13.602375351618301,51.07888368363817],[13.602371372728609,51.078857961220294],[13.602366868853148,51.07882881520785],[13.602291780128171,51.07883340302613],[13.602197616829638,51.078836143962626],[13.60220113001078,51.07886357846912],[13.602204203844229,51.07888759040443],[13.602300265514204,51.07888818156419],[13.602375351618301,51.07888368363817]]]}},{"type":"Feature","id":"DESNATP1iE0000C5","properties":{"id":"DESNATP1iE0000C5","height_m":4.895,"ground_m":238.503,"height_source":"LoD1 solid top minus bottom","production":"2024","laser":"2016","footprints":"2022"},"geometry":{"type":"Polygon","coordinates":[[[13.606101700249141,51.08274864852359],[13.605995492684434,51.08275663568922],[13.606007595208329,51.082820440977045],[13.606113802917516,51.08281245380162],[13.606101700249141,51.08274864852359]]]}},{"type":"Feature","id":"UUID_39292180-ab8d-4e63-815d-6d304be6f231","properties":{"id":"UUID_39292180-ab8d-4e63-815d-6d304be6f231","height_m":8.917,"ground_m":152.135,"height_source":"LoD1 solid top minus bottom","production":"2024","laser":"2016","footprints":"2022"},"geometry":{"type":"Polygon","coordinates":[[[13.615558521625026,51.0797760411726],[13.615551481729813,51.07973926664628],[13.615544564433822,51.07970316804093],[13.615530970294314,51.07970422107184],[13.615426223908814,51.07971233300632],[13.615440613087163,51.07978507637582],[13.615558521625026,51.0797760411726]]]}},{"type":"Feature","id":"UUID_2cfc45b4-b398-4720-8bfc-22608c1fcdf8","properties":{"id":"UUID_2cfc45b4-b398-4720-8bfc-22608c1fcdf8","height_m":3.0,"ground_m":152.135,"height_source":"LoD1 solid top minus bottom","production":"2024","laser":"2016","footprints":"2022"},"geometry":{"type":"Polygon","coordinates":[[[13.615525873058203,51.07967889057121],[13.615530970294314,51.07970422107184],[13.615544564433822,51.07970316804093],[13.615551481729813,51.07973926664628],[13.615583104925753,51.07973685338819],[13.615571091686654,51.07967537933692],[13.615525873058203,51.07967889057121]]]}},{"type":"Feature","id":"DESNATPU1000GkcY","properties":{"id":"DESNATPU1000GkcY","height_m":2.731,"ground_m":122.602,"height_source":"LoD1 solid top minus bottom","production":"2024","laser":"2016","footprints":"2022"},"geometry":{"type":"Polygon","coordinates":[[[13.625226018696132,51.08256499845435],[13.62515345431292,51.08259508061649],[13.625250624432496,51.08268858071811],[13.625323328961038,51.08265859007308],[13.625226018696132,51.08256499845435]]]}},{"type":"Feature","id":"DESNATPU1000GMNj","properties":{"id":"DESNATPU1000GMNj","height_m":3.072,"ground_m":258.361,"height_source":"LoD1 solid top minus bottom","production":"2024","laser":"2016","footprints":"2022"},"geometry":{"type":"Polygon","coordinates":[[[13.60707415314714,51.068317425699846],[13.607022014361204,51.06833784781044],[13.607089052492094,51.06840591404445],[13.607141336704432,51.06838540370753],[13.60707415314714,51.068317425699846]]]}},{"type":"Feature","id":"DESNATPU1000DJ3F","properties":{"id":"DESNATPU1000DJ3F","height_m":8.247,"ground_m":251.564,"height_source":"LoD1 solid top minus bottom","production":"2024","laser":"2016","footprints":"2022"},"geometry":{"type":"Polygon","coordinates":[[[13.623196822751298,51.06929867027811],[13.62316563177791,51.069219434795976],[13.623100240149451,51.0692297257733],[13.623097946548317,51.06923005847072],[13.623050338309787,51.06923750131983],[13.62297634562075,51.06924903983883],[13.623007536288807,51.06932827536876],[13.623196822751298,51.06929867027811]]]}},{"type":"Feature","id":"DESNATP1iE0000Bi","properties":{"id":"DESNATP1iE0000Bi","height_m":4.85,"ground_m":201.522,"height_source":"LoD1 solid top minus bottom","production":"2024","laser":"2016","footprints":"2022"},"geometry":{"type":"Polygon","coordinates":[[[13.624485606884887,51.079093861331835],[13.624500945498122,51.07910906900513],[13.624664883523183,51.07904349720227],[13.624634137550084,51.079012991158436],[13.624534752048788,51.07905273947891],[13.624485606884887,51.079093861331835]]]}},{"type":"Feature","id":"DESNATPU1000J3kZ","properties":{"id":"DESNATPU1000J3kZ","height_m":7.44,"ground_m":166.128,"height_source":"LoD1 solid top minus bottom","production":"2024","laser":"2016","footprints":"2022"},"geometry":{"type":"Polygon","coordinates":[[[13.61439804741387,51.07894708149844],[13.61446461433202,51.07896010096217],[13.614495225022313,51.07889598450163],[13.614428652815736,51.07888314485078],[13.61439804741387,51.07894708149844]]]}},{"type":"Feature","id":"DESNATP1iE0000ER","properties":{"id":"DESNATP1iE0000ER","height_m":3.588,"ground_m":138.094,"height_source":"LoD1 solid top minus bottom","production":"2024","laser":"2016","footprints":"2022"},"geometry":{"type":"Polygon","coordinates":[[[13.620948857613433,51.07999416956644],[13.621006147372908,51.079996167419765],[13.62101235414171,51.07995211237203],[13.620952017369385,51.07995032138172],[13.620948857613433,51.07999416956644]]]}},{"type":"Feature","id":"DESNATPU1000Fv82","properties":{"id":"DESNATPU1000Fv82","height_m":4.632,"ground_m":228.275,"height_source":"LoD1 solid top minus bottom","production":"2024","laser":"2016","footprints":"2022"},"geometry":{"type":"Polygon","coordinates":[[[13.610806604820823,51.08083393089592],[13.610736137118012,51.080827158047775],[13.610720998122682,51.080889299117054],[13.610791608635596,51.08089607367116],[13.610806604820823,51.08083393089592]]]}},{"type":"Feature","id":"DESNATPU1000EDUb","properties":{"id":"DESNATPU1000EDUb","height_m":3.052,"ground_m":137.523,"height_source":"LoD1 solid top minus bottom","production":"2024","laser":"2016","footprints":"2022"},"geometry":{"type":"Polygon","coordinates":[[[13.620320201861297,51.08029265423349],[13.62034062725872,51.08034607946678],[13.620491835591343,51.080326281100916],[13.620488431652559,51.08031592604542],[13.620473416086268,51.080272609780636],[13.620320201861297,51.08029265423349]]]}},{"type":"Feature","id":"DESNATPU1000HTA0","properties":{"id":"DESNATPU1000HTA0","height_m":6.79,"ground_m":259.481,"height_source":"LoD1 solid top minus bottom","production":"2024","laser":"2016","footprints":"2022"},"geometry":{"type":"Polygon","coordinates":[[[13.606433314286168,51.06899154212238],[13.606348055299724,51.06902164113253],[13.606431871008551,51.06911562762862],[13.606516990134045,51.06908543696029],[13.606433314286168,51.06899154212238]]]}},{"type":"Feature","id":"DESNATPU1000Emfo","properties":{"id":"DESNATPU1000Emfo","height_m":6.203,"ground_m":258.997,"height_source":"LoD1 solid top minus bottom","production":"2024","laser":"2016","footprints":"2022"},"geometry":{"type":"Polygon","coordinates":[[[13.606735982157714,51.06817625242741],[13.606819486710805,51.068180755087255],[13.606833240502867,51.06807920875236],[13.60675002148795,51.06807470950533],[13.606745482728027,51.06810703002563],[13.606737931556484,51.06810658029211],[13.606732127229286,51.06810974856251],[13.606731572318532,51.06811396863472],[13.606728835555709,51.06813381043298],[13.606733584053659,51.06813728436052],[13.606741280608354,51.06813764589785],[13.606735982157714,51.06817625242741]]]}},{"type":"Feature","id":"DESNATPU1000CEXu","properties":{"id":"DESNATPU1000CEXu","height_m":2.751,"ground_m":245.477,"height_source":"LoD1 solid top minus bottom","production":"2024","laser":"2016","footprints":"2022"},"geometry":{"type":"Polygon","coordinates":[[[13.605942072969492,51.08181505919152],[13.60593885165841,51.081770235970716],[13.6058389683204,51.08177309150321],[13.605842189535032,51.08181791472598],[13.605942072969492,51.08181505919152]]]}},{"type":"Feature","id":"UUID_02e35c69-20bd-4d37-8ebd-f7a68712baf1","properties":{"id":"UUID_02e35c69-20bd-4d37-8ebd-f7a68712baf1","height_m":4.817,"ground_m":251.233,"height_source":"LoD1 solid top minus bottom","production":"2024","laser":"2016","footprints":"2022"},"geometry":{"type":"Polygon","coordinates":[[[13.622947162900315,51.069602298284195],[13.622918048288975,51.06953198121667],[13.62284894303822,51.06954282183419],[13.622867584003785,51.06958562302871],[13.622879864697698,51.06961380770213],[13.622947162900315,51.069602298284195]]]}},{"type":"Feature","id":"UUID_834289d7-49b8-41b8-a897-0f1d31afade1","properties":{"id":"UUID_834289d7-49b8-41b8-a897-0f1d31afade1","height_m":5.029,"ground_m":251.233,"height_source":"LoD1 solid top minus bottom","production":"2024","laser":"2016","footprints":"2022"},"geometry":{"type":"Polygon","coordinates":[[[13.62269571165371,51.069615163012024],[13.622708011322352,51.06964318605449],[13.622879864697698,51.06961380770213],[13.622867584003785,51.06958562302871],[13.62269571165371,51.069615163012024]]]}},{"type":"Feature","id":"DESNATPU1000IlX6","properties":{"id":"DESNATPU1000IlX6","height_m":2.457,"ground_m":252.945,"height_source":"LoD1 solid top minus bottom","production":"2024","laser":"2016","footprints":"2022"},"geometry":{"type":"Polygon","coordinates":[[[13.623534184156533,51.070234042184836],[13.623514010781713,51.07019234717446],[13.623281176139173,51.070236727833915],[13.623301346654914,51.07027851278063],[13.623534184156533,51.070234042184836]]]}},{"type":"Feature","id":"UUID_9416bb3c-1da6-4343-8384-985dcf8d43ae","properties":{"id":"UUID_9416bb3c-1da6-4343-8384-985dcf8d43ae","height_m":4.801,"ground_m":244.546,"height_source":"LoD1 solid top minus bottom","production":"2024","laser":"2016","footprints":"2022"},"geometry":{"type":"Polygon","coordinates":[[[13.60792099527659,51.081392585338676],[13.607987216749086,51.081391485464174],[13.607986859203212,51.08137723640326],[13.607986663098927,51.08136950014708],[13.607920538083286,51.08137024145264],[13.60792099527659,51.081392585338676]]]}},{"type":"Feature","id":"UUID_6edf794f-c039-4ecd-aaa3-3aa542b275a5","properties":{"id":"UUID_6edf794f-c039-4ecd-aaa3-3aa542b275a5","height_m":9.616,"ground_m":244.546,"height_source":"LoD1 solid top minus bottom","production":"2024","laser":"2016","footprints":"2022"},"geometry":{"type":"Polygon","coordinates":[[[13.607900977115186,51.08141785088498],[13.607880409290813,51.08141814550455],[13.607881655972529,51.081462225714915],[13.607902223816453,51.08146193109526],[13.60790230944834,51.08146193211511],[13.607901019931088,51.0814178513949],[13.607900977115186,51.08141785088498]]]}},{"type":"Feature","id":"UUID_4a899b5f-9815-4668-92f6-1e12661d228c","properties":{"id":"UUID_4a899b5f-9815-4668-92f6-1e12661d228c","height_m":8.08,"ground_m":244.546,"height_source":"LoD1 solid top minus bottom","production":"2024","laser":"2016","footprints":"2022"},"geometry":{"type":"Polygon","coordinates":[[[13.608016135600387,51.08137695554308],[13.607986859203212,51.08137723640326],[13.607987216749086,51.081391485464174],[13.60792099527659,51.081392585338676],[13.60792100523105,51.081392729344124],[13.607900297396757,51.0813929323704],[13.607900977115186,51.08141785088498],[13.607901019931088,51.0814178513949],[13.607901471088038,51.081433261659086],[13.60790230944834,51.08146193211511],[13.607902223816453,51.08146193109526],[13.607902688856006,51.08147497638378],[13.608057362391438,51.08147322120531],[13.608074356847025,51.08147306386111],[13.608073497105215,51.0814398697079],[13.60805635994204,51.081440025352514],[13.608056085266258,51.08143110109404],[13.608054852222498,51.08139036641877],[13.608016576387357,51.08139080990618],[13.608016135600387,51.08137695554308]]]}},{"type":"Feature","id":"DESNATPU1000GWuH","properties":{"id":"DESNATPU1000GWuH","height_m":3.72,"ground_m":167.023,"height_source":"LoD1 solid top minus bottom","production":"2024","laser":"2016","footprints":"2022"},"geometry":{"type":"Polygon","coordinates":[[[13.61479399039557,51.079049239787196],[13.614813932214812,51.07898764972446],[13.614744006635256,51.07897857452372],[13.614724047771222,51.07904025430227],[13.61479399039557,51.079049239787196]]]}},{"type":"Feature","id":"DESNATPU1000Je1a","properties":{"id":"DESNATPU1000Je1a","height_m":5.765,"ground_m":122.65,"height_source":"LoD1 solid top minus bottom","production":"2024","laser":"2016","footprints":"2022"},"geometry":{"type":"Polygon","coordinates":[[[13.624703838131174,51.0824137910762],[13.624793566188337,51.082473183802776],[13.6248415210604,51.08244487172469],[13.624792842881352,51.08241235620062],[13.624796713176606,51.082409910696526],[13.624754919261136,51.08238308772858],[13.624703838131174,51.0824137910762]]]}},{"type":"Feature","id":"DESNATPU1000Doyr","properties":{"id":"DESNATPU1000Doyr","height_m":2.64,"ground_m":183.468,"height_source":"LoD1 solid top minus bottom","production":"2024","laser":"2016","footprints":"2022"},"geometry":{"type":"Polygon","coordinates":[[[13.620392915918787,51.083022899938726],[13.620374358303062,51.083085181696234],[13.62044691834845,51.083093771987755],[13.620465618596006,51.083031491902524],[13.620392915918787,51.083022899938726]]]}},{"type":"Feature","id":"DESNATPU1000FA4v","properties":{"id":"DESNATPU1000FA4v","height_m":3.799,"ground_m":222.031,"height_source":"LoD1 solid top minus bottom","production":"2024","laser":"2016","footprints":"2022"},"geometry":{"type":"Polygon","coordinates":[[[13.61598951503744,51.08244274524128],[13.615865195632512,51.08244008613295],[13.61586301812526,51.08250682381072],[13.615987197668245,51.08250939133538],[13.61598951503744,51.08244274524128]]]}},{"type":"Feature","id":"DESNATPU1000GSNc","properties":{"id":"DESNATPU1000GSNc","height_m":3.858,"ground_m":184.488,"height_source":"LoD1 solid top minus bottom","production":"2024","laser":"2016","footprints":"2022"},"geometry":{"type":"Polygon","coordinates":[[[13.626831427960889,51.08116469700445],[13.626914073869147,51.08115082955449],[13.626892203558402,51.081098683515954],[13.626809269635583,51.081112637495835],[13.626831427960889,51.08116469700445]]]}},{"type":"Feature","id":"DESNATPU1000FJVM","properties":{"id":"DESNATPU1000FJVM","height_m":5.553,"ground_m":133.14,"height_source":"LoD1 solid top minus bottom","production":"2024","laser":"2016","footprints":"2022"},"geometry":{"type":"Polygon","coordinates":[[[13.622253103953595,51.08063554711022],[13.622334810802846,51.080720593955824],[13.622468670150012,51.080669652906046],[13.622387253918019,51.0805844297207],[13.622253103953595,51.08063554711022]]]}},{"type":"Feature","id":"DESNATPU1000EX00","properties":{"id":"DESNATPU1000EX00","height_m":6.9,"ground_m":250.412,"height_source":"LoD1 solid top minus bottom","production":"2024","laser":"2016","footprints":"2022"},"geometry":{"type":"Polygon","coordinates":[[[13.621476406476917,51.07035250791789],[13.621568184797697,51.070347744944065],[13.621563723379028,51.07024328433488],[13.621482167915959,51.070249876534994],[13.621471339795695,51.070249209247464],[13.621476406476917,51.07035250791789]]]}},{"type":"Feature","id":"DESNATPU1000CYs4","properties":{"id":"DESNATPU1000CYs4","height_m":6.475,"ground_m":244.944,"height_source":"LoD1 solid top minus bottom","production":"2024","laser":"2016","footprints":"2022"},"geometry":{"type":"Polygon","coordinates":[[[13.602486860839214,51.07762630206437],[13.602552890175632,51.077344263510575],[13.602460783682256,51.07733569813156],[13.602394753799992,51.077617736629435],[13.602486860839214,51.07762630206437]]]}},{"type":"Feature","id":"DESNATPU1000J8v1","properties":{"id":"DESNATPU1000J8v1","height_m":10.306,"ground_m":226.737,"height_source":"LoD1 solid top minus bottom","production":"2024","laser":"2016","footprints":"2022"},"geometry":{"type":"Polygon","coordinates":[[[13.613664469449802,51.08272893808313],[13.613491379663378,51.08269421378809],[13.613458229167843,51.08276005345563],[13.61363160865305,51.082794646340595],[13.613664469449802,51.08272893808313]]]}},{"type":"Feature","id":"DESNATPU1000HQ1e","properties":{"id":"DESNATPU1000HQ1e","height_m":4.157,"ground_m":203.35,"height_source":"LoD1 solid top minus bottom","production":"2024","laser":"2016","footprints":"2022"},"geometry":{"type":"Polygon","coordinates":[[[13.625080991355587,51.07994419530335],[13.625041328506994,51.08000110358195],[13.625124740853588,51.08002393752844],[13.625164258239316,51.079967117440326],[13.625080991355587,51.07994419530335]]]}},{"type":"Feature","id":"DESNATPU1000ETSj","properties":{"id":"DESNATPU1000ETSj","height_m":6.687,"ground_m":155.33,"height_source":"LoD1 solid top minus bottom","production":"2024","laser":"2016","footprints":"2022"},"geometry":{"type":"Polygon","coordinates":[[[13.614798572060774,51.079201760201926],[13.614741952651862,51.07923328389047],[13.614753742008581,51.07924150825149],[13.614838895330333,51.07930096242874],[13.614810644655243,51.07931474654135],[13.614759124809598,51.07934282342899],[13.614809417049372,51.079379750867716],[13.614915816971157,51.07932102889438],[13.61493230280815,51.079333094912016],[13.61497017927197,51.07931250027422],[13.614949899226842,51.07929841085835],[13.615002024661386,51.079269171981984],[13.614922065089493,51.0792121985663],[13.614862249675157,51.07924557295607],[13.614798572060774,51.079201760201926]]]}},{"type":"Feature","id":"DESNATPU1000FRXC","properties":{"id":"DESNATPU1000FRXC","height_m":4.95,"ground_m":244.391,"height_source":"LoD1 solid top minus bottom","production":"2024","laser":"2016","footprints":"2022"},"geometry":{"type":"Polygon","coordinates":[[[13.602054989765538,51.079024890721634],[13.602052926384598,51.07907061312618],[13.60227354856731,51.079074555504754],[13.602275768057973,51.07902506692248],[13.60211573076677,51.079022208834985],[13.602054989765538,51.079024890721634]]]}},{"type":"Feature","id":"DESNATPU1000FCeb","properties":{"id":"DESNATPU1000FCeb","height_m":8.686,"ground_m":255.794,"height_source":"LoD1 solid top minus bottom","production":"2024","laser":"2016","footprints":"2022"},"geometry":{"type":"Polygon","coordinates":[[[13.620487554413128,51.070908474984215],[13.62044762247632,51.070916906675],[13.620407545163836,51.070925426565616],[13.6202064877209,51.0709665790235],[13.620252120345144,51.07105443913124],[13.62052284178167,51.070998640974324],[13.62053620001081,51.07099583096523],[13.620490849605037,51.07090806422991],[13.620487554413128,51.070908474984215]]]}},{"type":"Feature","id":"DESNATP1iE0000Dd","properties":{"id":"DESNATP1iE0000Dd","height_m":3.784,"ground_m":126.273,"height_source":"LoD1 solid top minus bottom","production":"2024","laser":"2016","footprints":"2022"},"geometry":{"type":"Polygon","coordinates":[[[13.625009892375774,51.08187430039772],[13.625040762934168,51.08189585983303],[13.625070590597023,51.0818789173089],[13.625039720035733,51.081857357881375],[13.625009892375774,51.08187430039772]]]}},{"type":"Feature","id":"DESNATPU1000Fq35","properties":{"id":"DESNATPU1000Fq35","height_m":9.028,"ground_m":125.28,"height_source":"LoD1 solid top minus bottom","production":"2024","laser":"2016","footprints":"2022"},"geometry":{"type":"Polygon","coordinates":[[[13.62449606924691,51.08289049791129],[13.624677490942188,51.08299793968013],[13.62474319049277,51.08295383802592],[13.624561766147531,51.0828464862562],[13.62449606924691,51.08289049791129]]]}},{"type":"Feature","id":"DESNATPU1000HkSs","properties":{"id":"DESNATPU1000HkSs","height_m":2.745,"ground_m":239.942,"height_source":"LoD1 solid top minus bottom","production":"2024","laser":"2016","footprints":"2022"},"geometry":{"type":"Polygon","coordinates":[[[13.60132707332715,51.080244663122926],[13.601227220183453,51.08024661576927],[13.601229295134798,51.08029142543205],[13.60132914295275,51.080289652578585],[13.60132707332715,51.080244663122926]]]}},{"type":"Feature","id":"DESNATPU1000CNsK","properties":{"id":"DESNATPU1000CNsK","height_m":4.085,"ground_m":165.64,"height_source":"LoD1 solid top minus bottom","production":"2024","laser":"2016","footprints":"2022"},"geometry":{"type":"Polygon","coordinates":[[[13.629224568105597,51.08157408572161],[13.629130426543313,51.081595284104395],[13.62915444463049,51.08163765262089],[13.629248588925673,51.08161636432151],[13.629224568105597,51.08157408572161]]]}},{"type":"Feature","id":"DESNATP1iE0000Df","properties":{"id":"DESNATP1iE0000Df","height_m":2.36,"ground_m":127.267,"height_source":"LoD1 solid top minus bottom","production":"2024","laser":"2016","footprints":"2022"},"geometry":{"type":"Polygon","coordinates":[[[13.62549274007944,51.082365875452346],[13.625448139837689,51.08231522447868],[13.625386558483546,51.08233700957499],[13.62543115867807,51.08238766057164],[13.62549274007944,51.082365875452346]]]}},{"type":"Feature","id":"DESNATPU1000CzwC","properties":{"id":"DESNATPU1000CzwC","height_m":5.804,"ground_m":195.201,"height_source":"LoD1 solid top minus bottom","production":"2024","laser":"2016","footprints":"2022"},"geometry":{"type":"Polygon","coordinates":[[[13.608947326548632,51.07454628774713],[13.608780210123717,51.07454960456556],[13.60878367799286,51.074614844660566],[13.608950654649746,51.07461143624342],[13.608947326548632,51.07454628774713]]]}},{"type":"Feature","id":"DESNATPU1000CZo4","properties":{"id":"DESNATPU1000CZo4","height_m":8.055,"ground_m":142.68,"height_source":"LoD1 solid top minus bottom","production":"2024","laser":"2016","footprints":"2022"},"geometry":{"type":"Polygon","coordinates":[[[13.61865646077887,51.080019592953825],[13.618822536727782,51.08002308426402],[13.618826965620189,51.07994148084192],[13.618661032678695,51.07993799122678],[13.61865646077887,51.080019592953825]]]}},{"type":"Feature","id":"UUID_db8d07b5-1ba6-4d13-846b-73dc6aa686db","properties":{"id":"UUID_db8d07b5-1ba6-4d13-846b-73dc6aa686db","height_m":2.905,"ground_m":255.652,"height_source":"LoD1 solid top minus bottom","production":"2024","laser":"2016","footprints":"2022"},"geometry":{"type":"Polygon","coordinates":[[[13.622378098568504,51.06841966671552],[13.62239488495704,51.06845952343219],[13.622424719751525,51.068454578241855],[13.622495491254666,51.06844284923096],[13.622478651716447,51.068402857008465],[13.622378098568504,51.06841966671552]]]}},{"type":"Feature","id":"UUID_362cc1a1-8896-4fb5-935a-34600bf58a3b","properties":{"id":"UUID_362cc1a1-8896-4fb5-935a-34600bf58a3b","height_m":4.98,"ground_m":255.652,"height_source":"LoD1 solid top minus bottom","production":"2024","laser":"2016","footprints":"2022"},"geometry":{"type":"Polygon","coordinates":[[[13.622501571261653,51.06845728261161],[13.622495491254666,51.06844284923096],[13.622424719751525,51.068454578241855],[13.622430710659643,51.068469127484285],[13.622501571261653,51.06845728261161]]]}},{"type":"Feature","id":"DESNATPU1000CGJs","properties":{"id":"DESNATPU1000CGJs","height_m":9.094,"ground_m":132.914,"height_source":"LoD1 solid top minus bottom","production":"2024","laser":"2016","footprints":"2022"},"geometry":{"type":"Polygon","coordinates":[[[13.623968491525378,51.08329067835489],[13.623976402890856,51.0833079479554],[13.624020841894483,51.08340298661809],[13.6241378416733,51.08338152181229],[13.624093835962489,51.08328630843658],[13.624027366867022,51.08329856574803],[13.624019312757648,51.083281294470716],[13.623968491525378,51.08329067835489]]]}},{"type":"Feature","id":"DESNATPU1000G970","properties":{"id":"DESNATPU1000G970","height_m":7.43,"ground_m":254.709,"height_source":"LoD1 solid top minus bottom","production":"2024","laser":"2016","footprints":"2022"},"geometry":{"type":"Polygon","coordinates":[[[13.607705208283457,51.068915745665436],[13.607584545248727,51.068972249790015],[13.607652734476476,51.069030077437624],[13.607773218299823,51.068973364270306],[13.607705208283457,51.068915745665436]]]}},{"type":"Feature","id":"DESNATPU1000Gqwn","properties":{"id":"DESNATPU1000Gqwn","height_m":7.367,"ground_m":243.997,"height_source":"LoD1 solid top minus bottom","production":"2024","laser":"2016","footprints":"2022"},"geometry":{"type":"Polygon","coordinates":[[[13.60217377338384,51.07822135325066],[13.602392619554609,51.078201191088496],[13.602378227024923,51.078139201523804],[13.602159381141455,51.078159363661484],[13.60217377338384,51.07822135325066]]]}},{"type":"Feature","id":"DESNATPU1000BEmW","properties":{"id":"DESNATPU1000BEmW","height_m":2.317,"ground_m":258.026,"height_source":"LoD1 solid top minus bottom","production":"2024","laser":"2016","footprints":"2022"},"geometry":{"type":"Polygon","coordinates":[[[13.607045470362134,51.069216720618826],[13.606969258798086,51.06915275373891],[13.606902524990216,51.06918433295987],[13.60697873651242,51.06924829988266],[13.607045470362134,51.069216720618826]]]}},{"type":"Feature","id":"UUID_7bc5f581-de35-4dee-b8ba-39a20f27497a","properties":{"id":"UUID_7bc5f581-de35-4dee-b8ba-39a20f27497a","height_m":5.864,"ground_m":238.306,"height_source":"LoD1 solid top minus bottom","production":"2024","laser":"2016","footprints":"2022"},"geometry":{"type":"Polygon","coordinates":[[[13.603441725372553,51.083110186296636],[13.603466555203866,51.08314902665862],[13.603466324949224,51.08314908685821],[13.603481854215975,51.08317295078184],[13.60353776212527,51.08315883433423],[13.603583441062463,51.08314729354076],[13.60359289333205,51.083144906425744],[13.603537586829987,51.08305797650526],[13.603482367639796,51.083071984272706],[13.603426386020539,51.08308618074938],[13.60344162465314,51.08311021207208],[13.603441725372553,51.083110186296636]]]}},{"type":"Feature","id":"UUID_be181be9-85d7-4fe9-bce1-a5a134e27a9c","properties":{"id":"UUID_be181be9-85d7-4fe9-bce1-a5a134e27a9c","height_m":5.517,"ground_m":238.306,"height_source":"LoD1 solid top minus bottom","production":"2024","laser":"2016","footprints":"2022"},"geometry":{"type":"Polygon","coordinates":[[[13.60344162465314,51.08311021207208],[13.60342336670466,51.083114850115294],[13.603448294264448,51.08315376359227],[13.603466324949224,51.08314908685821],[13.603466555203866,51.08314902665862],[13.603441725372553,51.083110186296636],[13.60344162465314,51.08311021207208]]]}},{"type":"Feature","id":"DESNATPU1000EdQ4","properties":{"id":"DESNATPU1000EdQ4","height_m":9.04,"ground_m":124.474,"height_source":"LoD1 solid top minus bottom","production":"2024","laser":"2016","footprints":"2022"},"geometry":{"type":"Polygon","coordinates":[[[13.624773207256967,51.08303935408798],[13.62489693687757,51.08314719589454],[13.625005193951601,51.08309792919591],[13.624881606931789,51.08299008918117],[13.624773207256967,51.08303935408798]]]}},{"type":"Feature","id":"DESNATPU1000B70L","properties":{"id":"DESNATPU1000B70L","height_m":8.403,"ground_m":236.596,"height_source":"LoD1 solid top minus bottom","production":"2024","laser":"2016","footprints":"2022"},"geometry":{"type":"Polygon","coordinates":[[[13.610092346012163,51.08086586312415],[13.610065632260193,51.08094261488248],[13.610196722887746,51.08096072061366],[13.610227666973342,51.08087142902191],[13.610096716608654,51.08085341492134],[13.610092346012163,51.08086586312415]]]}},{"type":"Feature","id":"DESNATPU1000C8Hs","properties":{"id":"DESNATPU1000C8Hs","height_m":6.961,"ground_m":240.463,"height_source":"LoD1 solid top minus bottom","production":"2024","laser":"2016","footprints":"2022"},"geometry":{"type":"Polygon","coordinates":[[[13.603667588576887,51.07810633741551],[13.603713661556665,51.07811236450028],[13.603872499277507,51.07813315599089],[13.603899175540546,51.07805793392967],[13.603739519426242,51.07803588267935],[13.603692730538016,51.07802992798865],[13.603686607385596,51.0780483802971],[13.603612375787943,51.07803877035356],[13.603598542637437,51.0780809618386],[13.603547063267982,51.078074321548],[13.603541882917973,51.07808990737217],[13.603667588576887,51.07810633741551]]]}},{"type":"Feature","id":"DESNATPU1000BfgO","properties":{"id":"DESNATPU1000BfgO","height_m":8.625,"ground_m":125.005,"height_source":"LoD1 solid top minus bottom","production":"2024","laser":"2016","footprints":"2022"},"geometry":{"type":"Polygon","coordinates":[[[13.624606688662519,51.08173522955855],[13.624570600374774,51.08177600147146],[13.624525944059684,51.08182645684526],[13.624599936733793,51.08185168932688],[13.624681602263305,51.08176069764835],[13.624606688662519,51.08173522955855]]]}},{"type":"Feature","id":"UUID_e458cd8c-4ad6-4b70-af4a-1667567d1bf3","properties":{"id":"UUID_e458cd8c-4ad6-4b70-af4a-1667567d1bf3","height_m":9.072,"ground_m":182.356,"height_source":"LoD1 solid top minus bottom","production":"2024","laser":"2016","footprints":"2022"},"geometry":{"type":"Polygon","coordinates":[[[13.610293238804097,51.07875173831482],[13.610225557902556,51.07875545705773],[13.61023757917247,51.078841194726735],[13.610296310003687,51.07883791813532],[13.610421465163022,51.07883093473648],[13.61040943897638,51.078745349909035],[13.610293238804097,51.07875173831482]]]}},{"type":"Feature","id":"UUID_dc10bdfd-8a1f-4375-89ed-0c48be69eccb","properties":{"id":"UUID_dc10bdfd-8a1f-4375-89ed-0c48be69eccb","height_m":8.603,"ground_m":182.356,"height_source":"LoD1 solid top minus bottom","production":"2024","laser":"2016","footprints":"2022"},"geometry":{"type":"Polygon","coordinates":[[[13.610329803429057,51.07874972696143],[13.61040943897638,51.078745349909035],[13.610409002517663,51.07874228712301],[13.610373694840982,51.07874427747287],[13.610372241960546,51.078734161136175],[13.610327995152716,51.07873670168143],[13.61029151347133,51.0787388039497],[13.610293238804097,51.07875173831482],[13.610329803429057,51.07874972696143]]]}},{"type":"Feature","id":"UUID_070073c4-7886-4d67-9c1d-b27f2b467da8","properties":{"id":"UUID_070073c4-7886-4d67-9c1d-b27f2b467da8","height_m":7.562,"ground_m":182.356,"height_source":"LoD1 solid top minus bottom","production":"2024","laser":"2016","footprints":"2022"},"geometry":{"type":"Polygon","coordinates":[[[13.610364310221263,51.078851658430146],[13.61036213601919,51.07883607480759],[13.61042172445427,51.07883276338437],[13.610421465163022,51.07883093473648],[13.610296310003687,51.07883791813532],[13.610298769318996,51.07885542064373],[13.610364310221263,51.078851658430146]]]}},{"type":"Feature","id":"DESNATPU1000Hfw7","properties":{"id":"DESNATPU1000Hfw7","height_m":7.931,"ground_m":200.685,"height_source":"LoD1 solid top minus bottom","production":"2024","laser":"2016","footprints":"2022"},"geometry":{"type":"Polygon","coordinates":[[[13.619073445119176,51.08285785704997],[13.619011205726677,51.082838326543445],[13.619026032348135,51.08281988636496],[13.61896436392514,51.082800362578666],[13.618912000962919,51.08286629152019],[13.61903576616519,51.08290534417493],[13.619073445119176,51.08285785704997]]]}},{"type":"Feature","id":"DESNATPU1000HLuS","properties":{"id":"DESNATPU1000HLuS","height_m":3.126,"ground_m":236.177,"height_source":"LoD1 solid top minus bottom","production":"2024","laser":"2016","footprints":"2022"},"geometry":{"type":"Polygon","coordinates":[[[13.60342248171112,51.0804290727493],[13.603422299363691,51.08049202112371],[13.603493536582377,51.08049215281022],[13.603493861549486,51.080429206140046],[13.60342248171112,51.0804290727493]]]}},{"type":"Feature","id":"DESNATPU1000GmsI","properties":{"id":"DESNATPU1000GmsI","height_m":6.574,"ground_m":162.009,"height_source":"LoD1 solid top minus bottom","production":"2024","laser":"2016","footprints":"2022"},"geometry":{"type":"Polygon","coordinates":[[[13.61228197726289,51.07863816106561],[13.612384628265733,51.078671394566044],[13.61242641933796,51.078620181323444],[13.61228632649926,51.07857391323909],[13.612251121250011,51.078614952681356],[13.612290711930116,51.078627743036215],[13.61228197726289,51.07863816106561]]]}},{"type":"Feature","id":"DESNATPU1000CE0k","properties":{"id":"DESNATPU1000CE0k","height_m":4.839,"ground_m":216.575,"height_source":"LoD1 solid top minus bottom","production":"2024","laser":"2016","footprints":"2022"},"geometry":{"type":"Polygon","coordinates":[[[13.616624851412002,51.08189112208559],[13.616610290804873,51.08195327072126],[13.616680763824004,51.081959950149034],[13.616695469742295,51.08189771329546],[13.616624851412002,51.08189112208559]]]}},{"type":"Feature","id":"DESNATP1iE0000DQ","properties":{"id":"DESNATP1iE0000DQ","height_m":3.0,"ground_m":146.86,"height_source":"LoD1 solid top minus bottom","production":"2024","laser":"2016","footprints":"2022"},"geometry":{"type":"Polygon","coordinates":[[[13.628749284362945,51.08254508752903],[13.628807019796273,51.08263449788404],[13.628872031924095,51.0826178412229],[13.628953573823598,51.08259695389672],[13.628895838151651,51.082507543611726],[13.628749284362945,51.08254508752903]]]}},{"type":"Feature","id":"DESNATPU1000CXL5","properties":{"id":"DESNATPU1000CXL5","height_m":4.018,"ground_m":251.148,"height_source":"LoD1 solid top minus bottom","production":"2024","laser":"2016","footprints":"2022"},"geometry":{"type":"Polygon","coordinates":[[[13.622013252478544,51.07021746950836],[13.622016986023478,51.07022632660367],[13.622019425037498,51.07022590571229],[13.622029440297505,51.07024913563557],[13.622213619360187,51.07023305124296],[13.622206047169163,51.07020445437344],[13.622201610553203,51.070204851720554],[13.62213224496141,51.07020951969463],[13.622132743620288,51.07021195366599],[13.622013252478544,51.07021746950836]]]}},{"type":"Feature","id":"DESNATPU1000Dcm7","properties":{"id":"DESNATPU1000Dcm7","height_m":8.998,"ground_m":249.159,"height_source":"LoD1 solid top minus bottom","production":"2024","laser":"2016","footprints":"2022"},"geometry":{"type":"Polygon","coordinates":[[[13.608905774623175,51.06894230751409],[13.608916539902934,51.06895457612384],[13.608960241338465,51.06893944852138],[13.608888351740509,51.06885693692],[13.608782631664605,51.06889353887571],[13.608843758556045,51.06896369202784],[13.608905774623175,51.06894230751409]]]}},{"type":"Feature","id":"DESNATPU1000FxQJ","properties":{"id":"DESNATPU1000FxQJ","height_m":9.12,"ground_m":223.118,"height_source":"LoD1 solid top minus bottom","production":"2024","laser":"2016","footprints":"2022"},"geometry":{"type":"Polygon","coordinates":[[[13.614165418770163,51.08285759578665],[13.614153364451488,51.08288353235159],[13.614266818459955,51.08290439204678],[13.61425933846449,51.08292058955655],[13.614293412680306,51.08292700976893],[13.614300588143532,51.08291144714448],[13.614329981723289,51.082916831629916],[13.61434220503722,51.082890492369025],[13.61435897699853,51.08285431481114],[13.61418205031559,51.082821821270265],[13.614165418770163,51.08285759578665]]]}},{"type":"Feature","id":"DESNATPU1000Hhlb","properties":{"id":"DESNATPU1000Hhlb","height_m":6.009,"ground_m":242.081,"height_source":"LoD1 solid top minus bottom","production":"2024","laser":"2016","footprints":"2022"},"geometry":{"type":"Polygon","coordinates":[[[13.602943753948454,51.07774314148162],[13.602950572925629,51.07780918620244],[13.60319389462265,51.07779536733267],[13.603172823132779,51.07773374769749],[13.602943753948454,51.07774314148162]]]}},{"type":"Feature","id":"DESNATP1iE0000A6","properties":{"id":"DESNATP1iE0000A6","height_m":3.0,"ground_m":255.22,"height_source":"LoD1 solid top minus bottom","production":"2024","laser":"2016","footprints":"2022"},"geometry":{"type":"Polygon","coordinates":[[[13.619891357138284,51.07076336809068],[13.619855526412358,51.070698231821986],[13.619780544623406,51.07071460384096],[13.619816375255805,51.07077974013176],[13.619891357138284,51.07076336809068]]]}},{"type":"Feature","id":"DESNATPU1000Flgx","properties":{"id":"DESNATPU1000Flgx","height_m":5.593,"ground_m":244.828,"height_source":"LoD1 solid top minus bottom","production":"2024","laser":"2016","footprints":"2022"},"geometry":{"type":"Polygon","coordinates":[[[13.611127226489293,51.06996379587511],[13.61110599629195,51.06998161941427],[13.611145226680687,51.06999665416162],[13.61116400431981,51.06997970076693],[13.611127226489293,51.06996379587511]]]}},{"type":"Feature","id":"DESNATPU1000IlcU","properties":{"id":"DESNATPU1000IlcU","height_m":2.89,"ground_m":258.167,"height_source":"LoD1 solid top minus bottom","production":"2024","laser":"2016","footprints":"2022"},"geometry":{"type":"Polygon","coordinates":[[[13.607021110223743,51.06812074719554],[13.607018822485008,51.068149407443876],[13.607185223425542,51.068154897801364],[13.607187659137802,51.06812605945459],[13.607021110223743,51.06812074719554]]]}},{"type":"Feature","id":"DESNATPU1000B4gw","properties":{"id":"DESNATPU1000B4gw","height_m":3.448,"ground_m":238.144,"height_source":"LoD1 solid top minus bottom","production":"2024","laser":"2016","footprints":"2022"},"geometry":{"type":"Polygon","coordinates":[[[13.609302042438241,51.082803800973224],[13.609250353599935,51.0827596692158],[13.609181016602625,51.082792225978146],[13.609231453481804,51.08283620797631],[13.609302042438241,51.082803800973224]]]}},{"type":"Feature","id":"DESNATPU1000G8V6","properties":{"id":"DESNATPU1000G8V6","height_m":2.597,"ground_m":220.127,"height_source":"LoD1 solid top minus bottom","production":"2024","laser":"2016","footprints":"2022"},"geometry":{"type":"Polygon","coordinates":[[[13.615182284042595,51.08302900176303],[13.615153158657375,51.08310069002015],[13.615238978180747,51.083114656533716],[13.615268106127262,51.08304287835699],[13.615182284042595,51.08302900176303]]]}},{"type":"Feature","id":"UUID_2d9ad333-f851-4a1a-aa0f-10fe039641e6","properties":{"id":"UUID_2d9ad333-f851-4a1a-aa0f-10fe039641e6","height_m":3.236,"ground_m":243.32,"height_source":"LoD1 solid top minus bottom","production":"2024","laser":"2016","footprints":"2022"},"geometry":{"type":"Polygon","coordinates":[[[13.609171559541457,51.08151562112688],[13.60920609509904,51.08151612197977],[13.609206596724224,51.081486541208584],[13.60920598302837,51.08148653390658],[13.609172731972482,51.08148604833748],[13.609171559541457,51.08151562112688]]]}},{"type":"Feature","id":"UUID_dd79b893-a019-44fd-9101-d6eb976e926c","properties":{"id":"UUID_dd79b893-a019-44fd-9101-d6eb976e926c","height_m":8.264,"ground_m":243.32,"height_source":"LoD1 solid top minus bottom","production":"2024","laser":"2016","footprints":"2022"},"geometry":{"type":"Polygon","coordinates":[[[13.609314954111404,51.08155195902266],[13.609314938206484,51.08155248941628],[13.60937173544651,51.08155334500526],[13.609375896313075,51.081452673692475],[13.609207223000494,51.08144994743496],[13.60920598302837,51.08148653390658],[13.609206596724224,51.081486541208584],[13.60920609509904,51.08151612197977],[13.609206951419388,51.08151613216862],[13.609205528450453,51.081549299149096],[13.609245196567803,51.08155004091816],[13.609245189828092,51.08155026566122],[13.609314954111404,51.08155195902266]]]}},{"type":"Feature","id":"UUID_f5280fa9-3905-42a0-8495-9e2065428356","properties":{"id":"UUID_f5280fa9-3905-42a0-8495-9e2065428356","height_m":7.005,"ground_m":243.32,"height_source":"LoD1 solid top minus bottom","production":"2024","laser":"2016","footprints":"2022"},"geometry":{"type":"Polygon","coordinates":[[[13.609313941087628,51.08157621888783],[13.609314938206484,51.08155248941628],[13.609314954111404,51.08155195902266],[13.609245189828092,51.08155026566122],[13.609244301695261,51.081575120545274],[13.609313941087628,51.08157621888783]]]}},{"type":"Feature","id":"DESNATPU1000BEFk","properties":{"id":"DESNATPU1000BEFk","height_m":5.621,"ground_m":245.464,"height_source":"LoD1 solid top minus bottom","production":"2024","laser":"2016","footprints":"2022"},"geometry":{"type":"Polygon","coordinates":[[[13.61088895591073,51.06985089060381],[13.610970735849572,51.06988927318913],[13.611026982660697,51.069841289798305],[13.610943175574329,51.069803872384064],[13.61088895591073,51.06985089060381]]]}},{"type":"Feature","id":"DESNATP1iE0000Cs","properties":{"id":"DESNATP1iE0000Cs","height_m":2.542,"ground_m":216.74,"height_source":"LoD1 solid top minus bottom","production":"2024","laser":"2016","footprints":"2022"},"geometry":{"type":"Polygon","coordinates":[[[13.617108171386352,51.08245582321516],[13.616993218212977,51.082434480908155],[13.616970512532557,51.082482989870584],[13.61708546554678,51.08250434119036],[13.617108171386352,51.08245582321516]]]}},{"type":"Feature","id":"UUID_afb268a0-9300-414a-99ae-f08de03fb251","properties":{"id":"UUID_afb268a0-9300-414a-99ae-f08de03fb251","height_m":4.301,"ground_m":234.916,"height_source":"LoD1 solid top minus bottom","production":"2024","laser":"2016","footprints":"2022"},"geometry":{"type":"Polygon","coordinates":[[[13.610163280510568,51.080409236202584],[13.610163124323877,51.080409683992],[13.610113781052268,51.08040310798199],[13.61011362594276,51.08040351981244],[13.610079368622989,51.08039852606737],[13.610059478982627,51.08045242700103],[13.61009600903299,51.08045780749379],[13.610192991431116,51.08047209034012],[13.610213462855556,51.08041639771572],[13.610163280510568,51.080409236202584]]]}},{"type":"Feature","id":"UUID_6d791d3a-bc14-4b2f-b0ef-00b3276f73aa","properties":{"id":"UUID_6d791d3a-bc14-4b2f-b0ef-00b3276f73aa","height_m":4.069,"ground_m":234.916,"height_source":"LoD1 solid top minus bottom","production":"2024","laser":"2016","footprints":"2022"},"geometry":{"type":"Polygon","coordinates":[[[13.610163124323877,51.080409683992],[13.610172315087494,51.080384073490634],[13.610123417233561,51.08037692723309],[13.610113781052268,51.08040310798199],[13.610163124323877,51.080409683992]]]}},{"type":"Feature","id":"UUID_2f07ff89-7bfd-4797-bfe8-a5aade1bb425","properties":{"id":"UUID_2f07ff89-7bfd-4797-bfe8-a5aade1bb425","height_m":3.707,"ground_m":234.916,"height_source":"LoD1 solid top minus bottom","production":"2024","laser":"2016","footprints":"2022"},"geometry":{"type":"Polygon","coordinates":[[[13.61009600903299,51.08045780749379],[13.610090730985611,51.08047195356363],[13.610160952958651,51.08048214119584],[13.610165143065734,51.08047094985414],[13.610192011496233,51.080474776567854],[13.610192991431116,51.08047209034012],[13.61009600903299,51.08045780749379]]]}},{"type":"Feature","id":"DESNATPU1000Bfhn","properties":{"id":"DESNATPU1000Bfhn","height_m":4.994,"ground_m":238.624,"height_source":"LoD1 solid top minus bottom","production":"2024","laser":"2016","footprints":"2022"},"geometry":{"type":"Polygon","coordinates":[[[13.603989716120138,51.081305915169374],[13.60399337901881,51.081392920591306],[13.604154079008913,51.0813901634017],[13.60415153858817,51.081322775987125],[13.604067977530717,51.081324116259566],[13.604067280238043,51.08130459326456],[13.603989716120138,51.081305915169374]]]}},{"type":"Feature","id":"DESNATPU1000IfIg","properties":{"id":"DESNATPU1000IfIg","height_m":5.612,"ground_m":243.826,"height_source":"LoD1 solid top minus bottom","production":"2024","laser":"2016","footprints":"2022"},"geometry":{"type":"Polygon","coordinates":[[[13.61099211283018,51.070033414365305],[13.61101982038492,51.07000901304389],[13.611033017267784,51.06999729918629],[13.611060140584316,51.06997334055961],[13.611067320519942,51.06996713082114],[13.611041815396122,51.069955631510354],[13.611017324157254,51.06994459389017],[13.610969824000968,51.069986476092595],[13.610936689064756,51.07001575901983],[13.610961036290794,51.070026839909936],[13.610967950337624,51.07002998867365],[13.610986397402481,51.070038382491404],[13.61099211283018,51.070033414365305]]]}},{"type":"Feature","id":"DESNATPU1000C8hZ","properties":{"id":"DESNATPU1000C8hZ","height_m":8.698,"ground_m":246.235,"height_source":"LoD1 solid top minus bottom","production":"2024","laser":"2016","footprints":"2022"},"geometry":{"type":"Polygon","coordinates":[[[13.610095577356493,51.06936204456321],[13.609930462083177,51.06948499294504],[13.609959542309761,51.06950053688182],[13.610024729255008,51.06953530547478],[13.610148388062573,51.06944306951638],[13.610189701779898,51.06941235526359],[13.610095577356493,51.06936204456321]]]}},{"type":"Feature","id":"DESNATPU1000CyY0","properties":{"id":"DESNATPU1000CyY0","height_m":3.678,"ground_m":256.257,"height_source":"LoD1 solid top minus bottom","production":"2024","laser":"2016","footprints":"2022"},"geometry":{"type":"Polygon","coordinates":[[[13.622399461416544,51.06812271088037],[13.622405735888652,51.06813780304369],[13.622411451146178,51.06815153967452],[13.622417312678456,51.06816563774667],[13.622422907538054,51.068179103169626],[13.622429049098775,51.06819338440044],[13.622434775968692,51.068207211096215],[13.62244036550007,51.06822085631417],[13.622446504402427,51.06823522744198],[13.622451835270612,51.068247970316726],[13.622457678143723,51.06826269767234],[13.62246382506375,51.06827679910542],[13.622469675951109,51.06829125676661],[13.622601923624536,51.06826934380508],[13.622970553902013,51.068208218925434],[13.622964441520464,51.068192948844384],[13.62295856114187,51.068179480084076],[13.622953100801963,51.06816628606047],[13.622946980427265,51.068151285672315],[13.62294138008215,51.068138000069155],[13.622932574210006,51.06811730248808],[13.622923789690313,51.06809588572275],[13.622917920007733,51.068082057368564],[13.622912063669151,51.068067779524334],[13.622906603355037,51.068054585498516],[13.622900194982453,51.0680396716436],[13.622399461416544,51.06812271088037]]]}},{"type":"Feature","id":"DESNATPU1000FK6u","properties":{"id":"DESNATPU1000FK6u","height_m":10.197,"ground_m":255.659,"height_source":"LoD1 solid top minus bottom","production":"2024","laser":"2016","footprints":"2022"},"geometry":{"type":"Polygon","coordinates":[[[13.621634764359587,51.07070590942026],[13.621679426503167,51.07084573668743],[13.621705148414799,51.0709264368571],[13.62187419348552,51.07090576798444],[13.621869227973685,51.07089033151672],[13.621857866253142,51.07085476538457],[13.621846509890396,51.0708190194555],[13.621803531290752,51.07068496758407],[13.621634764359587,51.07070590942026]]]}},{"type":"Feature","id":"DESNATPU1000HUyh","properties":{"id":"DESNATPU1000HUyh","height_m":2.869,"ground_m":242.393,"height_source":"LoD1 solid top minus bottom","production":"2024","laser":"2016","footprints":"2022"},"geometry":{"type":"Polygon","coordinates":[[[13.601966701084558,51.07969897965904],[13.601974374195205,51.0797617522139],[13.602045578652747,51.07975819729126],[13.602037900026778,51.079695604534244],[13.601966701084558,51.07969897965904]]]}},{"type":"Feature","id":"DESNATPU1000DOer","properties":{"id":"DESNATPU1000DOer","height_m":4.41,"ground_m":234.237,"height_source":"LoD1 solid top minus bottom","production":"2024","laser":"2016","footprints":"2022"},"geometry":{"type":"Polygon","coordinates":[[[13.605137597755183,51.07866873521628],[13.605151749865136,51.0786064031845],[13.60508098749329,51.078600073036775],[13.605066978001528,51.078662406762454],[13.605137597755183,51.07866873521628]]]}},{"type":"Feature","id":"DESNATPU1000Dq7Y","properties":{"id":"DESNATPU1000Dq7Y","height_m":3.38,"ground_m":243.318,"height_source":"LoD1 solid top minus bottom","production":"2024","laser":"2016","footprints":"2022"},"geometry":{"type":"Polygon","coordinates":[[[13.609522285579654,51.08158436302404],[13.60952307262148,51.08155811303187],[13.609480401975846,51.08155751549754],[13.609479472189607,51.08158376379143],[13.609522285579654,51.08158436302404]]]}},{"type":"Feature","id":"DESNATP1DF0000BD","properties":{"id":"DESNATP1DF0000BD","height_m":3.09,"ground_m":225.406,"height_source":"LoD1 solid top minus bottom","production":"2024","laser":"2016","footprints":"2022"},"geometry":{"type":"Polygon","coordinates":[[[13.615600287013038,51.08221503058082],[13.615579592236992,51.08226739408219],[13.615662582736796,51.082280427493565],[13.615683420148162,51.082228065667174],[13.615600287013038,51.08221503058082]]]}},{"type":"Feature","id":"UUID_c402a0b4-d4b4-4fa9-9e76-1156bdd5e71f","properties":{"id":"UUID_c402a0b4-d4b4-4fa9-9e76-1156bdd5e71f","height_m":7.305,"ground_m":252.791,"height_source":"LoD1 solid top minus bottom","production":"2024","laser":"2016","footprints":"2022"},"geometry":{"type":"Polygon","coordinates":[[[13.622429184739012,51.0705333212739],[13.62253119239042,51.0705171941291],[13.62251000520145,51.07046640413112],[13.622515596680575,51.07046557073609],[13.622511461652424,51.07045580963228],[13.622509081050948,51.07044993616749],[13.622471059923841,51.07045605290399],[13.622402059601564,51.070467155293436],[13.6223446761474,51.07047639813874],[13.622371290203743,51.07054246817941],[13.622429184739012,51.0705333212739]]]}},{"type":"Feature","id":"UUID_9fe5359e-5a30-49d1-8fec-05f65fabe133","properties":{"id":"UUID_9fe5359e-5a30-49d1-8fec-05f65fabe133","height_m":7.857,"ground_m":252.791,"height_source":"LoD1 solid top minus bottom","production":"2024","laser":"2016","footprints":"2022"},"geometry":{"type":"Polygon","coordinates":[[[13.622409282396866,51.07045512694028],[13.622409144514805,51.0704549634423],[13.62239908339778,51.07044288425299],[13.62235190453417,51.070450241953075],[13.622353052320051,51.07046446432023],[13.62234244010378,51.07046613782181],[13.622340714514202,51.07046656712908],[13.622409282396866,51.07045512694028]]]}},{"type":"Feature","id":"UUID_c548faef-e452-40c5-b759-3e4d0a712ede","properties":{"id":"UUID_c548faef-e452-40c5-b759-3e4d0a712ede","height_m":7.67,"ground_m":252.791,"height_source":"LoD1 solid top minus bottom","production":"2024","laser":"2016","footprints":"2022"},"geometry":{"type":"Polygon","coordinates":[[[13.62240852787886,51.07046611640744],[13.622471059923841,51.07045605290399],[13.622467091615535,51.070445484399286],[13.622409144514805,51.0704549634423],[13.622409282396866,51.07045512694028],[13.622404562908473,51.070455916650275],[13.622340714514202,51.07046656712908],[13.6223446761474,51.07047639813874],[13.62240852787886,51.07046611640744]]]}},{"type":"Feature","id":"DESNATPU1000ERyJ","properties":{"id":"DESNATPU1000ERyJ","height_m":5.004,"ground_m":203.806,"height_source":"LoD1 solid top minus bottom","production":"2024","laser":"2016","footprints":"2022"},"geometry":{"type":"Polygon","coordinates":[[[13.62532997356292,51.0801870098613],[13.625246055711111,51.0801600243824],[13.62517276449013,51.0802523200121],[13.625256879572806,51.080278435549225],[13.625259786381367,51.080275735889245],[13.62532997356292,51.0801870098613]]]}},{"type":"Feature","id":"UUID_43bb8ec4-85a3-4775-8edb-243efd5028df","properties":{"id":"UUID_43bb8ec4-85a3-4775-8edb-243efd5028df","height_m":2.41,"ground_m":240.332,"height_source":"LoD1 solid top minus bottom","production":"2024","laser":"2016","footprints":"2022"},"geometry":{"type":"Polygon","coordinates":[[[13.602445674463016,51.08212012021521],[13.602660364516304,51.08211198530789],[13.602662315649397,51.08213252151573],[13.602666046370302,51.082132377262454],[13.602662357848757,51.08209321390409],[13.602658140646389,51.08204837867656],[13.602439591993866,51.08205664730292],[13.602445674463016,51.08212012021521]]]}},{"type":"Feature","id":"UUID_b906a396-c4d4-4710-a861-153f1bd283d8","properties":{"id":"UUID_b906a396-c4d4-4710-a861-153f1bd283d8","height_m":2.281,"ground_m":240.332,"height_source":"LoD1 solid top minus bottom","production":"2024","laser":"2016","footprints":"2022"},"geometry":{"type":"Polygon","coordinates":[[[13.602666046370302,51.082132377262454],[13.602748501614355,51.08212940603983],[13.602744827295455,51.08209024285411],[13.602662357848757,51.08209321390409],[13.602666046370302,51.082132377262454]]]}},{"type":"Feature","id":"DESNATP1DF0000BT","properties":{"id":"DESNATP1DF0000BT","height_m":7.977,"ground_m":130.329,"height_source":"LoD1 solid top minus bottom","production":"2024","laser":"2016","footprints":"2022"},"geometry":{"type":"Polygon","coordinates":[[[13.624136330489437,51.08285931238517],[13.624023544475872,51.08283119488348],[13.623968234950025,51.08291871933905],[13.624081215088381,51.08294703702217],[13.624136330489437,51.08285931238517]]]}},{"type":"Feature","id":"DESNATP1DF00009Q","properties":{"id":"DESNATP1DF00009Q","height_m":3.167,"ground_m":249.96,"height_source":"LoD1 solid top minus bottom","production":"2024","laser":"2016","footprints":"2022"},"geometry":{"type":"Polygon","coordinates":[[[13.61884944245661,51.070379805111166],[13.61888911547666,51.070448152615526],[13.619077722669703,51.07040468802902],[13.61903806340751,51.0703363497447],[13.61884944245661,51.070379805111166]]]}},{"type":"Feature","id":"UUID_9de82696-67e4-4052-8c04-5552c4569c28","properties":{"id":"UUID_9de82696-67e4-4052-8c04-5552c4569c28","height_m":6.387,"ground_m":238.785,"height_source":"LoD1 solid top minus bottom","production":"2024","laser":"2016","footprints":"2022"},"geometry":{"type":"Polygon","coordinates":[[[13.610827634102066,51.081280077238766],[13.610840649826963,51.081250213527056],[13.610868913647476,51.08125513581747],[13.610882560801643,51.08122373282137],[13.610850745174073,51.081218228747474],[13.61082404080369,51.08127944999354],[13.610827634102066,51.081280077238766]]]}},{"type":"Feature","id":"UUID_37c1f4b0-c07f-4f20-a4cb-ec261812245c","properties":{"id":"UUID_37c1f4b0-c07f-4f20-a4cb-ec261812245c","height_m":7.641,"ground_m":238.785,"height_source":"LoD1 solid top minus bottom","production":"2024","laser":"2016","footprints":"2022"},"geometry":{"type":"Polygon","coordinates":[[[13.610710521278918,51.08125905378125],[13.61082404080369,51.08127944999354],[13.610850745174073,51.081218228747474],[13.610863775676458,51.0811883472228],[13.610750232389842,51.08116779788575],[13.610710521278918,51.08125905378125]]]}},{"type":"Feature","id":"UUID_7d89efcc-621e-4d0d-b1fb-02221f53849d","properties":{"id":"UUID_7d89efcc-621e-4d0d-b1fb-02221f53849d","height_m":3.934,"ground_m":219.026,"height_source":"LoD1 solid top minus bottom","production":"2024","laser":"2016","footprints":"2022"},"geometry":{"type":"Polygon","coordinates":[[[13.615719682713479,51.083172779016245],[13.615781443640476,51.08318439184101],[13.615792116003119,51.083161676199865],[13.615730367497603,51.08315012647813],[13.615730352420016,51.083150153278346],[13.615719682713479,51.083172779016245]]]}},{"type":"Feature","id":"UUID_a2264166-a584-412b-b633-1ef884bbbb9e","properties":{"id":"UUID_a2264166-a584-412b-b633-1ef884bbbb9e","height_m":6.855,"ground_m":219.026,"height_source":"LoD1 solid top minus bottom","production":"2024","laser":"2016","footprints":"2022"},"geometry":{"type":"Polygon","coordinates":[[[13.615710091824987,51.083082736211075],[13.615698959062906,51.083106525543435],[13.615697937325027,51.08310870771637],[13.615682788956201,51.083141226583706],[13.615730352420016,51.083150153278346],[13.615730367497603,51.08315012647813],[13.615792116003119,51.083161676199865],[13.615807380897836,51.08312907776232],[13.615822768000791,51.08309621098218],[13.61571329300134,51.08307593950022],[13.615710091824987,51.083082736211075]]]}},{"type":"Feature","id":"DESNATPU1000BbRf","properties":{"id":"DESNATPU1000BbRf","height_m":3.321,"ground_m":150.664,"height_source":"LoD1 solid top minus bottom","production":"2024","laser":"2016","footprints":"2022"},"geometry":{"type":"Polygon","coordinates":[[[13.615785849001757,51.079564072286566],[13.615701613609215,51.07957377630086],[13.615716878905912,51.079626745571694],[13.615801111708905,51.079617131444685],[13.615785849001757,51.079564072286566]]]}},{"type":"Feature","id":"DESNATPU1000BXTw","properties":{"id":"DESNATPU1000BXTw","height_m":6.863,"ground_m":188.541,"height_source":"LoD1 solid top minus bottom","production":"2024","laser":"2016","footprints":"2022"},"geometry":{"type":"Polygon","coordinates":[[[13.617500587188994,51.077797111705735],[13.617540638240195,51.07780406032201],[13.617548148119004,51.07778679279178],[13.61764883588601,51.077804530607516],[13.617674856668295,51.07774575479785],[13.617534263415395,51.07772098019114],[13.617508239790554,51.07777984586609],[13.617500587188994,51.077797111705735]]]}},{"type":"Feature","id":"DESNATPU1000C4At","properties":{"id":"DESNATPU1000C4At","height_m":8.934,"ground_m":198.627,"height_source":"LoD1 solid top minus bottom","production":"2024","laser":"2016","footprints":"2022"},"geometry":{"type":"Polygon","coordinates":[[[13.626795070949449,51.08038094184806],[13.626774963011751,51.08030304278104],[13.62661838687546,51.08031907212182],[13.626638494556062,51.080396971213595],[13.626795070949449,51.08038094184806]]]}},{"type":"Feature","id":"DESNATPU1000EW2U","properties":{"id":"DESNATPU1000EW2U","height_m":5.128,"ground_m":191.569,"height_source":"LoD1 solid top minus bottom","production":"2024","laser":"2016","footprints":"2022"},"geometry":{"type":"Polygon","coordinates":[[[13.629082803150718,51.080289134167884],[13.629094355500825,51.08033783140415],[13.629200155968626,51.08032783107223],[13.629188466106282,51.08027895237579],[13.629082803150718,51.080289134167884]]]}},{"type":"Feature","id":"UUID_2d58f5dd-13b1-4c8d-8ea2-c9cfa1bcdb6f","properties":{"id":"UUID_2d58f5dd-13b1-4c8d-8ea2-c9cfa1bcdb6f","height_m":6.869,"ground_m":212.948,"height_source":"LoD1 solid top minus bottom","production":"2024","laser":"2016","footprints":"2022"},"geometry":{"type":"Polygon","coordinates":[[[13.606664259032511,51.079997771867795],[13.606664004756146,51.07998960325245],[13.60666376475136,51.079981434807216],[13.606616734342142,51.079982016283076],[13.606616975916271,51.07999060741506],[13.60661722424253,51.07999897380416],[13.606664264121529,51.07999807768822],[13.606664259032511,51.079997771867795]]]}},{"type":"Feature","id":"UUID_bd8e8c27-a9df-4418-9783-969ae23ddc1c","properties":{"id":"UUID_bd8e8c27-a9df-4418-9783-969ae23ddc1c","height_m":8.893,"ground_m":212.948,"height_source":"LoD1 solid top minus bottom","production":"2024","laser":"2016","footprints":"2022"},"geometry":{"type":"Polygon","coordinates":[[[13.606664264121529,51.07999807768822],[13.60661722424253,51.07999897380416],[13.6066172314919,51.07999920770688],[13.606586826081898,51.07999955569057],[13.606587415116046,51.080018915507004],[13.606587485717634,51.08002131746209],[13.60656709219818,51.08002153298953],[13.60656779077131,51.08004437437737],[13.606713994638124,51.080042582978294],[13.606713194453121,51.08001694357788],[13.606712575244915,51.07999716073471],[13.606664259032511,51.079997771867795],[13.606664264121529,51.07999807768822]]]}},{"type":"Feature","id":"UUID_463d5390-b624-46b1-8dda-9adf34d015d2","properties":{"id":"UUID_463d5390-b624-46b1-8dda-9adf34d015d2","height_m":6.802,"ground_m":125.424,"height_source":"LoD1 solid top minus bottom","production":"2024","laser":"2016","footprints":"2022"},"geometry":{"type":"Polygon","coordinates":[[[13.625247047553207,51.08222792150041],[13.625319649412033,51.08220088832027],[13.625247140356903,51.0821236497278],[13.625171376700374,51.08215186871138],[13.625103899604175,51.08217700162299],[13.625176394494883,51.0822542311448],[13.625247047553207,51.08222792150041]]]}},{"type":"Feature","id":"UUID_2fa07ee1-f7e5-44f4-a543-027d12ac2fb9","properties":{"id":"UUID_2fa07ee1-f7e5-44f4-a543-027d12ac2fb9","height_m":3.63,"ground_m":125.424,"height_source":"LoD1 solid top minus bottom","production":"2024","laser":"2016","footprints":"2022"},"geometry":{"type":"Polygon","coordinates":[[[13.625247047553207,51.08222792150041],[13.625262770034642,51.0822446713641],[13.625335372177378,51.08221762918461],[13.625319649412033,51.08220088832027],[13.625247047553207,51.08222792150041]]]}},{"type":"Feature","id":"UUID_9af6665f-f984-4edb-9d8a-793d2f949534","properties":{"id":"UUID_9af6665f-f984-4edb-9d8a-793d2f949534","height_m":7.541,"ground_m":222.065,"height_source":"LoD1 solid top minus bottom","production":"2024","laser":"2016","footprints":"2022"},"geometry":{"type":"Polygon","coordinates":[[[13.615766513505104,51.082646618117884],[13.615829592118212,51.08264754494686],[13.615831161173611,51.08261410985318],[13.615831118356459,51.08261410934616],[13.615831245695105,51.08261127808326],[13.615832573115828,51.08258211176655],[13.615832687294818,51.08258211311861],[13.615832891219213,51.08257528091181],[13.615689179177057,51.08257321932504],[13.615687500994358,51.0826198727222],[13.61566638054891,51.08261953266486],[13.615665542787111,51.08264281441432],[13.615686663243153,51.08264315447189],[13.615686593472015,51.08264549180562],[13.615715849193345,51.082645928202375],[13.615740800054239,51.08265665547363],[13.615766513505104,51.082646618117884]]]}},{"type":"Feature","id":"UUID_8003d413-4dcb-4d89-b3cc-77d9f7ea9e8d","properties":{"id":"UUID_8003d413-4dcb-4d89-b3cc-77d9f7ea9e8d","height_m":4.862,"ground_m":222.065,"height_source":"LoD1 solid top minus bottom","production":"2024","laser":"2016","footprints":"2022"},"geometry":{"type":"Polygon","coordinates":[[[13.615831161173611,51.08261410985318],[13.615863271354009,51.08261458001448],[13.615864800136244,51.082582493381864],[13.615832687294818,51.08258211311861],[13.615832573115828,51.08258211176655],[13.615831118356459,51.08261410934616],[13.615831161173611,51.08261410985318]]]}},{"type":"Feature","id":"DESNATP1DF0000BH","properties":{"id":"DESNATP1DF0000BH","height_m":4.299,"ground_m":214.99,"height_source":"LoD1 solid top minus bottom","production":"2024","laser":"2016","footprints":"2022"},"geometry":{"type":"Polygon","coordinates":[[[13.617396293070696,51.08202133017872],[13.617376304635378,51.081963395155746],[13.617295251922222,51.081957679143244],[13.617256635478968,51.08201789758795],[13.617396293070696,51.08202133017872]]]}},{"type":"Feature","id":"DESNATPU1000CWPT","properties":{"id":"DESNATPU1000CWPT","height_m":4.393,"ground_m":152.145,"height_source":"LoD1 solid top minus bottom","production":"2024","laser":"2016","footprints":"2022"},"geometry":{"type":"Polygon","coordinates":[[[13.62892958980524,51.082163708779],[13.628965766538617,51.082137693945164],[13.628911016142256,51.082106206058114],[13.628871781085799,51.08213425337098],[13.62892958980524,51.082163708779]]]}},{"type":"Feature","id":"DESNATPU1000BXVG","properties":{"id":"DESNATPU1000BXVG","height_m":3.06,"ground_m":241.278,"height_source":"LoD1 solid top minus bottom","production":"2024","laser":"2016","footprints":"2022"},"geometry":{"type":"Polygon","coordinates":[[[13.606501738768692,51.081102342993745],[13.606500521474066,51.081161861696174],[13.60651108806789,51.08116180780781],[13.606619425149146,51.08116264965307],[13.606620494170748,51.0811033090412],[13.606513867150387,51.081102577512155],[13.606501738768692,51.081102342993745]]]}},{"type":"Feature","id":"DESNATPU1000CqnQ","properties":{"id":"DESNATPU1000CqnQ","height_m":7.16,"ground_m":251.563,"height_source":"LoD1 solid top minus bottom","production":"2024","laser":"2016","footprints":"2022"},"geometry":{"type":"Polygon","coordinates":[[[13.625363226887604,51.070021302222464],[13.625394584989026,51.07010467580531],[13.625559434649512,51.07007995941297],[13.625837892081043,51.07003821497202],[13.625806530560581,51.06995493139947],[13.625363226887604,51.070021302222464]]]}},{"type":"Feature","id":"DESNATP1iE00009m","properties":{"id":"DESNATP1iE00009m","height_m":2.634,"ground_m":261.264,"height_source":"LoD1 solid top minus bottom","production":"2024","laser":"2016","footprints":"2022"},"geometry":{"type":"Polygon","coordinates":[[[13.607580974065696,51.06743803683959],[13.607651063447275,51.06750999709062],[13.607716579035252,51.06748467102093],[13.607646489858544,51.06741270181864],[13.607580974065696,51.06743803683959]]]}},{"type":"Feature","id":"DESNATPU1000Ek56","properties":{"id":"DESNATPU1000Ek56","height_m":8.981,"ground_m":239.846,"height_source":"LoD1 solid top minus bottom","production":"2024","laser":"2016","footprints":"2022"},"geometry":{"type":"Polygon","coordinates":[[[13.6026098492071,51.07997888651333],[13.60274283409632,51.07997184305367],[13.602732009960798,51.07989041750796],[13.602598885297834,51.07989736935405],[13.6026098492071,51.07997888651333]]]}},{"type":"Feature","id":"DESNATPU1000CrYs","properties":{"id":"DESNATPU1000CrYs","height_m":8.635,"ground_m":138.774,"height_source":"LoD1 solid top minus bottom","production":"2024","laser":"2016","footprints":"2022"},"geometry":{"type":"Polygon","coordinates":[[[13.628959566332547,51.083216680804284],[13.628905443306364,51.08313978607858],[13.628890038700852,51.083144101842514],[13.628881403116301,51.083131950046386],[13.628846848466566,51.08314170670985],[13.628855618795969,51.08315412987649],[13.628805085939732,51.083168285485726],[13.628859076736525,51.083244818990565],[13.628959566332547,51.083216680804284]]]}},{"type":"Feature","id":"DESNATP1iE0000CJ","properties":{"id":"DESNATP1iE0000CJ","height_m":2.796,"ground_m":242.289,"height_source":"LoD1 solid top minus bottom","production":"2024","laser":"2016","footprints":"2022"},"geometry":{"type":"Polygon","coordinates":[[[13.610692447661839,51.08313482665535],[13.610597984122984,51.08312873077774],[13.610587989516725,51.083190213524276],[13.610682453448522,51.08319630042115],[13.610692447661839,51.08313482665535]]]}},{"type":"Feature","id":"DESNATPU1000HWtx","properties":{"id":"DESNATPU1000HWtx","height_m":11.345,"ground_m":238.556,"height_source":"LoD1 solid top minus bottom","production":"2024","laser":"2016","footprints":"2022"},"geometry":{"type":"Polygon","coordinates":[[[13.610585155974539,51.08110985481164],[13.610429296374743,51.0810845305126],[13.610402184602426,51.08115075588414],[13.610377698308147,51.08121035769398],[13.610416628283378,51.081216665907476],[13.610533698325877,51.08123577365815],[13.610585155974539,51.08110985481164]]]}},{"type":"Feature","id":"DESNATP1iE0000C1","properties":{"id":"DESNATP1iE0000C1","height_m":2.085,"ground_m":244.018,"height_source":"LoD1 solid top minus bottom","production":"2024","laser":"2016","footprints":"2022"},"geometry":{"type":"Polygon","coordinates":[[[13.607186651087519,51.08144309183934],[13.607188651412743,51.08137648704325],[13.607088576498512,51.081375294538084],[13.607086576029673,51.08144189933136],[13.607186651087519,51.08144309183934]]]}},{"type":"Feature","id":"DESNATPU1000ECC4","properties":{"id":"DESNATPU1000ECC4","height_m":8.353,"ground_m":250.006,"height_source":"LoD1 solid top minus bottom","production":"2024","laser":"2016","footprints":"2022"},"geometry":{"type":"Polygon","coordinates":[[[13.622168315156195,51.06959812845823],[13.622106708149744,51.06961793305987],[13.622232123172182,51.069773370598924],[13.622248806059387,51.069793171857484],[13.622318577484478,51.069782986937035],[13.622387861616176,51.06977286817498],[13.622229489786815,51.06957846261438],[13.622168315156195,51.06959812845823]]]}},{"type":"Feature","id":"UUID_216c855b-60a7-4c71-b0ea-fff61e3281f6","properties":{"id":"UUID_216c855b-60a7-4c71-b0ea-fff61e3281f6","height_m":6.531,"ground_m":235.543,"height_source":"LoD1 solid top minus bottom","production":"2024","laser":"2016","footprints":"2022"},"geometry":{"type":"Polygon","coordinates":[[[13.605666987938637,51.07799822503485],[13.605694011071535,51.077996371100454],[13.6056855847079,51.07794757382468],[13.605658561873422,51.077949418767666],[13.605666987938637,51.07799822503485]]]}},{"type":"Feature","id":"UUID_8cc61747-a314-4141-9b7f-7e86f6094e1b","properties":{"id":"UUID_8cc61747-a314-4141-9b7f-7e86f6094e1b","height_m":6.865,"ground_m":235.543,"height_source":"LoD1 solid top minus bottom","production":"2024","laser":"2016","footprints":"2022"},"geometry":{"type":"Polygon","coordinates":[[[13.605828546026366,51.078001195334785],[13.605815413556584,51.077925156284834],[13.605683274011348,51.077934209733584],[13.6056855847079,51.07794757382468],[13.605694011071535,51.077996371100454],[13.605696406536714,51.078010239806865],[13.605828546026366,51.078001195334785]]]}},{"type":"Feature","id":"DESNATPU1000FlFn","properties":{"id":"DESNATPU1000FlFn","height_m":5.383,"ground_m":243.556,"height_source":"LoD1 solid top minus bottom","production":"2024","laser":"2016","footprints":"2022"},"geometry":{"type":"Polygon","coordinates":[[[13.602559144416473,51.077404393146765],[13.602482754781999,51.07770098431069],[13.602587215301499,51.07771176574337],[13.602663448852665,51.07741559531669],[13.602559144416473,51.077404393146765]]]}},{"type":"Feature","id":"DESNATPU1000HLjt","properties":{"id":"DESNATPU1000HLjt","height_m":8.243,"ground_m":252.819,"height_source":"LoD1 solid top minus bottom","production":"2024","laser":"2016","footprints":"2022"},"geometry":{"type":"Polygon","coordinates":[[[13.62114989883748,51.07072465117169],[13.62115233880085,51.07050327386304],[13.621037729157742,51.07050300089005],[13.621035008616413,51.07072419502953],[13.62114989883748,51.07072465117169]]]}},{"type":"Feature","id":"UUID_170459fb-52e5-42c0-97f7-bd82172e4e22","properties":{"id":"UUID_170459fb-52e5-42c0-97f7-bd82172e4e22","height_m":5.214,"ground_m":213.65,"height_source":"LoD1 solid top minus bottom","production":"2024","laser":"2016","footprints":"2022"},"geometry":{"type":"Polygon","coordinates":[[[13.617783883213502,51.0819195817437],[13.617843191827898,51.08188218003834],[13.617732433112828,51.08187582529377],[13.61772658674916,51.08191629625322],[13.617783883213502,51.0819195817437]]]}},{"type":"Feature","id":"UUID_606a6ac4-3e01-4671-bf4e-924ffdfc5f58","properties":{"id":"UUID_606a6ac4-3e01-4671-bf4e-924ffdfc5f58","height_m":7.813,"ground_m":213.65,"height_source":"LoD1 solid top minus bottom","production":"2024","laser":"2016","footprints":"2022"},"geometry":{"type":"Polygon","coordinates":[[[13.61778261622339,51.08192855968412],[13.61783606993429,51.08193143999149],[13.617843191827898,51.08188218003834],[13.617783883213502,51.0819195817437],[13.61778261622339,51.08192855968412]]]}},{"type":"Feature","id":"DESNATPU1000HVbR","properties":{"id":"DESNATPU1000HVbR","height_m":4.407,"ground_m":188.535,"height_source":"LoD1 solid top minus bottom","production":"2024","laser":"2016","footprints":"2022"},"geometry":{"type":"Polygon","coordinates":[[[13.628760295078346,51.08049668474274],[13.628730918257874,51.080500386927184],[13.628746371740533,51.080561989832844],[13.628778454930556,51.08055849925117],[13.628760295078346,51.08049668474274]]]}},{"type":"Feature","id":"DESNATPU1000BVvM","properties":{"id":"DESNATPU1000BVvM","height_m":3.074,"ground_m":163.441,"height_source":"LoD1 solid top minus bottom","production":"2024","laser":"2016","footprints":"2022"},"geometry":{"type":"Polygon","coordinates":[[[13.612007014969038,51.07871457366898],[13.611949788956194,51.078766322905835],[13.612008554560214,51.07879193116438],[13.612065349714989,51.078740266712316],[13.612007014969038,51.07871457366898]]]}},{"type":"Feature","id":"UUID_c6dc0189-cb6f-4c11-9cb7-cf37f3fd44f2","properties":{"id":"UUID_c6dc0189-cb6f-4c11-9cb7-cf37f3fd44f2","height_m":7.35,"ground_m":247.338,"height_source":"LoD1 solid top minus bottom","production":"2024","laser":"2016","footprints":"2022"},"geometry":{"type":"Polygon","coordinates":[[[13.62031461178242,51.07021541635813],[13.620314440291923,51.070215423326744],[13.620324819987932,51.070251328750615],[13.620558132335047,51.07022458576566],[13.620686668125801,51.07020963664193],[13.62072800471135,51.070204827615015],[13.620709866507958,51.070150934724786],[13.620669748677981,51.070155560283446],[13.620542191047464,51.07017026013757],[13.620309158990693,51.070197186257275],[13.62031461178242,51.07021541635813]]]}},{"type":"Feature","id":"UUID_d2599119-1f30-4652-adc7-657f07e342cc","properties":{"id":"UUID_d2599119-1f30-4652-adc7-657f07e342cc","height_m":6.333,"ground_m":247.338,"height_source":"LoD1 solid top minus bottom","production":"2024","laser":"2016","footprints":"2022"},"geometry":{"type":"Polygon","coordinates":[[[13.620273874330472,51.070257193285165],[13.620324819987932,51.070251328750615],[13.620314440291923,51.070215423326744],[13.620268721363738,51.070217842311365],[13.620273874330472,51.070257193285165]]]}},{"type":"Feature","id":"UUID_4d58b332-9685-4a63-b423-54ba38a3ff0a","properties":{"id":"UUID_4d58b332-9685-4a63-b423-54ba38a3ff0a","height_m":10.775,"ground_m":247.338,"height_source":"LoD1 solid top minus bottom","production":"2024","laser":"2016","footprints":"2022"},"geometry":{"type":"Polygon","coordinates":[[[13.62072380837523,51.07019234086242],[13.62072800471135,51.070204827615015],[13.62073757893926,51.070233268350826],[13.620915037683684,51.07021279008868],[13.62090142445732,51.070171846492265],[13.620887653392586,51.07013045138464],[13.620709866507958,51.070150934724786],[13.62072380837523,51.07019234086242]]]}},{"type":"Feature","id":"UUID_f06e9bc5-e97f-42f2-84d3-9cf0177c53cc","properties":{"id":"UUID_f06e9bc5-e97f-42f2-84d3-9cf0177c53cc","height_m":9.449,"ground_m":247.338,"height_source":"LoD1 solid top minus bottom","production":"2024","laser":"2016","footprints":"2022"},"geometry":{"type":"Polygon","coordinates":[[[13.619854415209701,51.07022649415812],[13.619865935837215,51.07028161301896],[13.620273831257297,51.07025720176964],[13.620273874063127,51.07025720227495],[13.62027354832885,51.07025471637898],[13.620268721363738,51.070217842311365],[13.62025863495983,51.07014087859069],[13.620076337637038,51.07014983273431],[13.619840807796441,51.07016139547147],[13.619854415209701,51.07022649415812]]]}},{"type":"Feature","id":"UUID_d138de7e-ab1c-4812-9c4e-b36341e9c821","properties":{"id":"UUID_d138de7e-ab1c-4812-9c4e-b36341e9c821","height_m":8.974,"ground_m":247.338,"height_source":"LoD1 solid top minus bottom","production":"2024","laser":"2016","footprints":"2022"},"geometry":{"type":"Polygon","coordinates":[[[13.62025863495983,51.07014087859069],[13.620241848436816,51.07001275588592],[13.620060705154701,51.07002275781462],[13.620062744802803,51.070030965469485],[13.620076337637038,51.07014983273431],[13.62025863495983,51.07014087859069]]]}},{"type":"Feature","id":"UUID_0666815d-2413-4ecf-aa62-c8f66d636a25","properties":{"id":"UUID_0666815d-2413-4ecf-aa62-c8f66d636a25","height_m":4.591,"ground_m":177.938,"height_source":"LoD1 solid top minus bottom","production":"2024","laser":"2016","footprints":"2022"},"geometry":{"type":"Polygon","coordinates":[[[13.608928707308863,51.07867679206602],[13.608904051467693,51.078653971332415],[13.608844988137545,51.078679284948585],[13.608908093042503,51.078737698686155],[13.60892913738033,51.078757176030955],[13.608988258928445,51.078731827093456],[13.608967228848016,51.078712349928935],[13.608954213222653,51.07870030637383],[13.60895418414114,51.07870032401361],[13.608928707308863,51.07867679206602]]]}},{"type":"Feature","id":"UUID_1ae36242-eeb7-45c1-8af6-6ef5cf615842","properties":{"id":"UUID_1ae36242-eeb7-45c1-8af6-6ef5cf615842","height_m":3.68,"ground_m":177.938,"height_source":"LoD1 solid top minus bottom","production":"2024","laser":"2016","footprints":"2022"},"geometry":{"type":"Polygon","coordinates":[[[13.608982631308796,51.07868812640465],[13.608957183550027,51.0786645768234],[13.608928721849614,51.07867678324615],[13.60895418414114,51.07870032401361],[13.608954213222653,51.07870030637383],[13.608982631308796,51.07868812640465]]]}},{"type":"Feature","id":"DESNATPU1000I2Fs","properties":{"id":"DESNATPU1000I2Fs","height_m":2.535,"ground_m":163.408,"height_source":"LoD1 solid top minus bottom","production":"2024","laser":"2016","footprints":"2022"},"geometry":{"type":"Polygon","coordinates":[[[13.612126013880944,51.078406629825466],[13.61208382236267,51.078394887682734],[13.61204475621036,51.07845044976966],[13.612132960262437,51.078475058588715],[13.612175015186166,51.07841980174742],[13.612212742965307,51.078366022313375],[13.612165028790047,51.078352775760216],[13.612126013880944,51.078406629825466]]]}},{"type":"Feature","id":"DESNATP1DF0000C8","properties":{"id":"DESNATP1DF0000C8","height_m":7.473,"ground_m":204.512,"height_source":"LoD1 solid top minus bottom","production":"2024","laser":"2016","footprints":"2022"},"geometry":{"type":"Polygon","coordinates":[[[13.625436215084164,51.07988323743616],[13.625393104720228,51.08001216555392],[13.625505803845382,51.08002711511577],[13.625548913911526,51.07989818695447],[13.625436215084164,51.07988323743616]]]}},{"type":"Feature","id":"DESNATPU1000FPaa","properties":{"id":"DESNATPU1000FPaa","height_m":7.138,"ground_m":253.761,"height_source":"LoD1 solid top minus bottom","production":"2024","laser":"2016","footprints":"2022"},"geometry":{"type":"Polygon","coordinates":[[[13.60786040355568,51.06868066606209],[13.607974718443405,51.06871440224102],[13.60804059083324,51.068621570164865],[13.607941235699766,51.0685934979264],[13.607925382281717,51.06858908241807],[13.60786040355568,51.06868066606209]]]}},{"type":"Feature","id":"DESNATPU1000Gf5e","properties":{"id":"DESNATPU1000Gf5e","height_m":7.224,"ground_m":252.495,"height_source":"LoD1 solid top minus bottom","production":"2024","laser":"2016","footprints":"2022"},"geometry":{"type":"Polygon","coordinates":[[[13.623547793123906,51.06917393532382],[13.623522898324277,51.06911338946504],[13.62342375241665,51.06913083716042],[13.623438785964696,51.069191806474244],[13.623547793123906,51.06917393532382]]]}},{"type":"Feature","id":"DESNATPU1000COkQ","properties":{"id":"DESNATPU1000COkQ","height_m":3.35,"ground_m":237.817,"height_source":"LoD1 solid top minus bottom","production":"2024","laser":"2016","footprints":"2022"},"geometry":{"type":"Polygon","coordinates":[[[13.60367587511903,51.0812785151009],[13.603677752625618,51.08129202693126],[13.60362012317245,51.0812951155225],[13.60362376521048,51.08132114861258],[13.603781501062429,51.08131251111848],[13.603776261425791,51.08127314940715],[13.60367587511903,51.0812785151009]]]}},{"type":"Feature","id":"DESNATPU1000IyfN","properties":{"id":"DESNATPU1000IyfN","height_m":6.04,"ground_m":257.766,"height_source":"LoD1 solid top minus bottom","production":"2024","laser":"2016","footprints":"2022"},"geometry":{"type":"Polygon","coordinates":[[[13.60690938626392,51.069464940810015],[13.606788642204494,51.06952168596144],[13.606874249001354,51.069594110397226],[13.606994847765867,51.06953745335545],[13.60690938626392,51.069464940810015]]]}},{"type":"Feature","id":"DESNATP1DF0000BB","properties":{"id":"DESNATP1DF0000BB","height_m":5.564,"ground_m":231.093,"height_source":"LoD1 solid top minus bottom","production":"2024","laser":"2016","footprints":"2022"},"geometry":{"type":"Polygon","coordinates":[[[13.614801848814835,51.08223682185869],[13.614833905068332,51.082149223955234],[13.614639246107819,51.082121107352464],[13.614607494059413,51.08220854693718],[13.614801848814835,51.08223682185869]]]}},{"type":"Feature","id":"DESNATPU1000HDqt","properties":{"id":"DESNATPU1000HDqt","height_m":3.058,"ground_m":242.789,"height_source":"LoD1 solid top minus bottom","production":"2024","laser":"2016","footprints":"2022"},"geometry":{"type":"Polygon","coordinates":[[[13.603776753446587,51.07692132876783],[13.603767346050141,51.076844965245755],[13.603658578802552,51.07685021278902],[13.603667986020644,51.07692657631839],[13.603776753446587,51.07692132876783]]]}},{"type":"Feature","id":"DESNATPU1000E8cD","properties":{"id":"DESNATPU1000E8cD","height_m":3.461,"ground_m":257.533,"height_source":"LoD1 solid top minus bottom","production":"2024","laser":"2016","footprints":"2022"},"geometry":{"type":"Polygon","coordinates":[[[13.606979227566462,51.06804677560413],[13.606973345239226,51.068119098752504],[13.607021110223743,51.06812074719554],[13.607187659407659,51.06812605046487],[13.60724198736181,51.06812778602063],[13.607298558622574,51.068083315520994],[13.607301047892667,51.06805744548389],[13.606979227566462,51.06804677560413]]]}},{"type":"Feature","id":"DESNATPU1000IIdm","properties":{"id":"DESNATPU1000IIdm","height_m":7.761,"ground_m":236.365,"height_source":"LoD1 solid top minus bottom","production":"2024","laser":"2016","footprints":"2022"},"geometry":{"type":"Polygon","coordinates":[[[13.605603377609393,51.08096168174665],[13.60565585193618,51.080963836515664],[13.605656816885649,51.080955484598114],[13.605718699794188,51.080958111289405],[13.605722734353273,51.080919363899234],[13.60572833939047,51.08086541919789],[13.605553521392345,51.08085820782354],[13.605547914801505,51.080912197463526],[13.605543878745715,51.08095098979514],[13.60560419714726,51.080953418024166],[13.605603377609393,51.08096168174665]]]}},{"type":"Feature","id":"UUID_b2c25991-d6d7-41c8-ae03-15dfdbf3ef57","properties":{"id":"UUID_b2c25991-d6d7-41c8-ae03-15dfdbf3ef57","height_m":5.697,"ground_m":124.204,"height_source":"LoD1 solid top minus bottom","production":"2024","laser":"2016","footprints":"2022"},"geometry":{"type":"Polygon","coordinates":[[[13.624711183178414,51.082185853104626],[13.6248066681578,51.082158459970614],[13.62477007721502,51.082107849002966],[13.6247285762913,51.08205045355294],[13.624633091490642,51.08207784662502],[13.624711183178414,51.082185853104626]]]}},{"type":"Feature","id":"UUID_1224295d-954a-45fd-98a5-523c76bb0945","properties":{"id":"UUID_1224295d-954a-45fd-98a5-523c76bb0945","height_m":5.109,"ground_m":124.204,"height_source":"LoD1 solid top minus bottom","production":"2024","laser":"2016","footprints":"2022"},"geometry":{"type":"Polygon","coordinates":[[[13.624805672431123,51.08202833873673],[13.6247285762913,51.08205045355294],[13.62477007721502,51.082107849002966],[13.624847173431531,51.08208573416019],[13.624805672431123,51.08202833873673]]]}},{"type":"Feature","id":"DESNATP1DF00009Y","properties":{"id":"DESNATP1DF00009Y","height_m":3.034,"ground_m":246.465,"height_source":"LoD1 solid top minus bottom","production":"2024","laser":"2016","footprints":"2022"},"geometry":{"type":"Polygon","coordinates":[[[13.602673190824975,51.07673728425874],[13.602349167550992,51.07672811334396],[13.602343463218594,51.07680798339902],[13.602667487048791,51.076817154333845],[13.602673190824975,51.07673728425874]]]}},{"type":"Feature","id":"DESNATPU1000DIhI","properties":{"id":"DESNATPU1000DIhI","height_m":3.117,"ground_m":244.901,"height_source":"LoD1 solid top minus bottom","production":"2024","laser":"2016","footprints":"2022"},"geometry":{"type":"Polygon","coordinates":[[[13.609479500384081,51.06946811767485],[13.609521464375918,51.06951097370166],[13.609598102001634,51.069482748270794],[13.60955716099108,51.06943909507617],[13.609530029464631,51.06944902426248],[13.609523212903923,51.06945263027584],[13.609479500384081,51.06946811767485]]]}},{"type":"Feature","id":"DESNATPU1000Inzn","properties":{"id":"DESNATPU1000Inzn","height_m":4.947,"ground_m":134.847,"height_source":"LoD1 solid top minus bottom","production":"2024","laser":"2016","footprints":"2022"},"geometry":{"type":"Polygon","coordinates":[[[13.621184765649497,51.080337964201966],[13.621228275062839,51.08022867385098],[13.621158788550392,51.08021769219001],[13.621115138940254,51.080326890932874],[13.621184765649497,51.080337964201966]]]}},{"type":"Feature","id":"DESNATPU1000JSkb","properties":{"id":"DESNATPU1000JSkb","height_m":6.698,"ground_m":261.584,"height_source":"LoD1 solid top minus bottom","production":"2024","laser":"2016","footprints":"2022"},"geometry":{"type":"Polygon","coordinates":[[[13.60692780599083,51.067296959885944],[13.607058661454941,51.06726452614611],[13.607011419873857,51.06718842230563],[13.606880419218399,51.0672209441911],[13.60692780599083,51.067296959885944]]]}},{"type":"Feature","id":"DESNATPU1000BqpS","properties":{"id":"DESNATPU1000BqpS","height_m":9.073,"ground_m":245.953,"height_source":"LoD1 solid top minus bottom","production":"2024","laser":"2016","footprints":"2022"},"geometry":{"type":"Polygon","coordinates":[[[13.610462082804448,51.06965867319734],[13.61059757038534,51.06971954741068],[13.610644168729738,51.069679183438346],[13.610649154578004,51.069674746232906],[13.610665269738462,51.0696609087991],[13.61066853530275,51.069656720932166],[13.610650931357755,51.0696487777395],[13.610535715719234,51.069597317389025],[13.610533042424516,51.069596026596074],[13.610529378416722,51.06959922049843],[13.610501522787098,51.069623799803786],[13.610496536930409,51.069628237002895],[13.610462082804448,51.06965867319734]]]}},{"type":"Feature","id":"DESNATPU1000FUMn","properties":{"id":"DESNATPU1000FUMn","height_m":4.875,"ground_m":244.859,"height_source":"LoD1 solid top minus bottom","production":"2024","laser":"2016","footprints":"2022"},"geometry":{"type":"Polygon","coordinates":[[[13.609437514903762,51.06953551491097],[13.609460330170908,51.069560067311414],[13.609388290536206,51.069587268205474],[13.609435730173448,51.069637923345404],[13.609440161328529,51.06964247253868],[13.609454545075312,51.069657841748835],[13.609530318801575,51.06962987587223],[13.60959166783774,51.0696069542579],[13.609504455444464,51.06951176057262],[13.609437514903762,51.06953551491097]]]}},{"type":"Feature","id":"DESNATPU1000IaqL","properties":{"id":"DESNATPU1000IaqL","height_m":5.314,"ground_m":195.372,"height_source":"LoD1 solid top minus bottom","production":"2024","laser":"2016","footprints":"2022"},"geometry":{"type":"Polygon","coordinates":[[[13.609586458962166,51.07450628385965],[13.60953493847935,51.07443444688633],[13.609481811230202,51.07444955250453],[13.60952250308116,51.074506422329854],[13.609533331646604,51.07452138950058],[13.609586458962166,51.07450628385965]]]}},{"type":"Feature","id":"DESNATP1iE00009w","properties":{"id":"DESNATP1iE00009w","height_m":5.308,"ground_m":240.112,"height_source":"LoD1 solid top minus bottom","production":"2024","laser":"2016","footprints":"2022"},"geometry":{"type":"Polygon","coordinates":[[[13.60985056146054,51.06988984935463],[13.609826913464245,51.0698621126185],[13.609711123085333,51.06990129352044],[13.609734771031457,51.06992903027944],[13.60985056146054,51.06988984935463]]]}},{"type":"Feature","id":"UUID_83bd211b-60aa-4500-8068-f6891f994053","properties":{"id":"UUID_83bd211b-60aa-4500-8068-f6891f994053","height_m":7.499,"ground_m":139.304,"height_source":"LoD1 solid top minus bottom","production":"2024","laser":"2016","footprints":"2022"},"geometry":{"type":"Polygon","coordinates":[[[13.62026848396893,51.07989171480339],[13.62043799847578,51.0799091834387],[13.62045393192491,51.07984820162607],[13.620284436719402,51.079830571368],[13.62026848396893,51.07989171480339]]]}},{"type":"Feature","id":"UUID_71a9594e-e878-4c51-9db3-04ee135175c9","properties":{"id":"UUID_71a9594e-e878-4c51-9db3-04ee135175c9","height_m":6.888,"ground_m":139.304,"height_source":"LoD1 solid top minus bottom","production":"2024","laser":"2016","footprints":"2022"},"geometry":{"type":"Polygon","coordinates":[[[13.62045393192491,51.07984820162607],[13.620463292758847,51.07981235839705],[13.620359108483392,51.07980159624514],[13.620349763982349,51.079837367715584],[13.62045393192491,51.07984820162607]]]}},{"type":"Feature","id":"DESNATPU1000CjVq","properties":{"id":"DESNATPU1000CjVq","height_m":5.064,"ground_m":134.693,"height_source":"LoD1 solid top minus bottom","production":"2024","laser":"2016","footprints":"2022"},"geometry":{"type":"Polygon","coordinates":[[[13.62118605862116,51.080472153851034],[13.62137494146202,51.080510533302416],[13.621402163414206,51.08045446874525],[13.621347527157168,51.0804433925558],[13.621355545476506,51.080428199161204],[13.62128557595537,51.08041424421622],[13.621277848395504,51.08042926117726],[13.621214699933637,51.08041637586674],[13.62118605862116,51.080472153851034]]]}},{"type":"Feature","id":"DESNATPU1000CmAp","properties":{"id":"DESNATPU1000CmAp","height_m":2.668,"ground_m":255.458,"height_source":"LoD1 solid top minus bottom","production":"2024","laser":"2016","footprints":"2022"},"geometry":{"type":"Polygon","coordinates":[[[13.622815028897325,51.06853831580895],[13.622820571787093,51.06855113310748],[13.622820771933242,51.0685516030986],[13.622832936732053,51.068579354756274],[13.622999924646578,51.06855074625934],[13.622988037112535,51.06852326767406],[13.622987703088318,51.068522499338975],[13.622975481544628,51.06849425241733],[13.622808493819713,51.06852286088108],[13.622815028897325,51.06853831580895]]]}},{"type":"Feature","id":"DESNATPU1000Ipfs","properties":{"id":"DESNATPU1000Ipfs","height_m":2.174,"ground_m":256.591,"height_source":"LoD1 solid top minus bottom","production":"2024","laser":"2016","footprints":"2022"},"geometry":{"type":"Polygon","coordinates":[[[13.607575760427272,51.06831566877271],[13.60751412044237,51.068353064514405],[13.607573469950353,51.06839199163432],[13.6076351126381,51.06835450596423],[13.607575760427272,51.06831566877271]]]}},{"type":"Feature","id":"DESNATPU1000EQam","properties":{"id":"DESNATPU1000EQam","height_m":3.943,"ground_m":253.233,"height_source":"LoD1 solid top minus bottom","production":"2024","laser":"2016","footprints":"2022"},"geometry":{"type":"Polygon","coordinates":[[[13.623716363620417,51.06895730213192],[13.623718026492435,51.068963796627266],[13.62374092534613,51.06904833008346],[13.623817821847016,51.069035116615005],[13.623850674799202,51.0690294781695],[13.623812198027826,51.068940804421395],[13.623789816936698,51.06894467764304],[13.623716363620417,51.06895730213192]]]}},{"type":"Feature","id":"DESNATPU1000CX6c","properties":{"id":"DESNATPU1000CX6c","height_m":6.819,"ground_m":237.79,"height_source":"LoD1 solid top minus bottom","production":"2024","laser":"2016","footprints":"2022"},"geometry":{"type":"Polygon","coordinates":[[[13.612128075101813,51.082101938955745],[13.612290887186035,51.08214317105764],[13.612343018484816,51.082061414738796],[13.612180203948196,51.08202027260816],[13.612128075101813,51.082101938955745]]]}},{"type":"Feature","id":"DESNATPU1000HjQY","properties":{"id":"DESNATPU1000HjQY","height_m":2.986,"ground_m":246.02,"height_source":"LoD1 solid top minus bottom","production":"2024","laser":"2016","footprints":"2022"},"geometry":{"type":"Polygon","coordinates":[[[13.620199980756588,51.06982233077687],[13.620193675891995,51.0698231556392],[13.620200562068298,51.069860377768244],[13.620305519001818,51.06984920652208],[13.620315020099879,51.06981289727758],[13.62030417071371,51.069812949065394],[13.620199980756588,51.06982233077687]]]}},{"type":"Feature","id":"UUID_c75b7afa-8d07-4903-80ce-b8a4a4a74864","properties":{"id":"UUID_c75b7afa-8d07-4903-80ce-b8a4a4a74864","height_m":4.115,"ground_m":123.328,"height_source":"LoD1 solid top minus bottom","production":"2024","laser":"2016","footprints":"2022"},"geometry":{"type":"Polygon","coordinates":[[[13.625241261056113,51.0824505720033],[13.625321184201848,51.08242365190666],[13.625304019652614,51.082404492976494],[13.625224829781232,51.0824322040693],[13.625241261056113,51.0824505720033]]]}},{"type":"Feature","id":"UUID_f053f41e-8192-4292-a2be-d4d2fb395106","properties":{"id":"UUID_f053f41e-8192-4292-a2be-d4d2fb395106","height_m":9.691,"ground_m":123.328,"height_source":"LoD1 solid top minus bottom","production":"2024","laser":"2016","footprints":"2022"},"geometry":{"type":"Polygon","coordinates":[[[13.625558435945171,51.082438420408586],[13.62553035755454,51.082407415413314],[13.62549274007944,51.082365875452346],[13.62543115867807,51.08238766057164],[13.625321184201848,51.08242365190666],[13.625241261056113,51.0824505720033],[13.62527991350713,51.08249379689973],[13.625309127890455,51.082526452025725],[13.625370137454196,51.082505181834556],[13.625558435945171,51.082438420408586]]]}},{"type":"Feature","id":"UUID_29282596-fb7f-4657-82c4-6540dac89d44","properties":{"id":"UUID_29282596-fb7f-4657-82c4-6540dac89d44","height_m":6.453,"ground_m":160.352,"height_source":"LoD1 solid top minus bottom","production":"2024","laser":"2016","footprints":"2022"},"geometry":{"type":"Polygon","coordinates":[[[13.612814850342534,51.07893603713329],[13.61290580200034,51.07895474263517],[13.612938509813015,51.07889218025828],[13.612847274785631,51.07887483834383],[13.612814850342534,51.07893603713329]]]}},{"type":"Feature","id":"UUID_32b9cef1-aa94-4fda-a795-2e1cd5a41d1c","properties":{"id":"UUID_32b9cef1-aa94-4fda-a795-2e1cd5a41d1c","height_m":3.46,"ground_m":160.352,"height_source":"LoD1 solid top minus bottom","production":"2024","laser":"2016","footprints":"2022"},"geometry":{"type":"Polygon","coordinates":[[[13.612906711655755,51.078886137367945],[13.61291539470783,51.0788678948303],[13.612857366901489,51.07885578518277],[13.612847274785631,51.07887483834383],[13.612906711655755,51.078886137367945]]]}},{"type":"Feature","id":"UUID_dfb4d9b1-5761-4319-a2b1-fdec7ef6f99c","properties":{"id":"UUID_dfb4d9b1-5761-4319-a2b1-fdec7ef6f99c","height_m":4.363,"ground_m":228.502,"height_source":"LoD1 solid top minus bottom","production":"2024","laser":"2016","footprints":"2022"},"geometry":{"type":"Polygon","coordinates":[[[13.613160736501422,51.08270586709792],[13.613136619095785,51.08269975353986],[13.613136589206773,51.08269979814986],[13.613119347900088,51.08272729179551],[13.613143338747903,51.082733340905015],[13.613206496797044,51.082749279283924],[13.613224020820477,51.08272187890907],[13.613160736501422,51.08270586709792]]]}},{"type":"Feature","id":"UUID_94f2444f-47bf-40df-9425-bc4742beb273","properties":{"id":"UUID_94f2444f-47bf-40df-9425-bc4742beb273","height_m":8.804,"ground_m":228.502,"height_source":"LoD1 solid top minus bottom","production":"2024","laser":"2016","footprints":"2022"},"geometry":{"type":"Polygon","coordinates":[[[13.613105841259156,51.08269196920366],[13.613136589206773,51.08269979814986],[13.613136619095785,51.08269975353986],[13.613164534350664,51.08270682044273],[13.613224020820477,51.08272187890907],[13.613269858365761,51.08265002966656],[13.613210288219886,51.08263490727985],[13.613151497179153,51.08261999195066],[13.613120675308918,51.082668583743825],[13.613105841259156,51.08269196920366]]]}},{"type":"Feature","id":"UUID_5825f14f-4ef4-4d64-b0a7-6ac5f409cb60","properties":{"id":"UUID_5825f14f-4ef4-4d64-b0a7-6ac5f409cb60","height_m":6.347,"ground_m":228.502,"height_source":"LoD1 solid top minus bottom","production":"2024","laser":"2016","footprints":"2022"},"geometry":{"type":"Polygon","coordinates":[[[13.61309871442518,51.08266292742493],[13.613120675308918,51.082668583743825],[13.613151497179153,51.08261999195066],[13.613129718091374,51.08261446369535],[13.61309871442518,51.08266292742493]]]}},{"type":"Feature","id":"DESNATPU1000EeR1","properties":{"id":"DESNATPU1000EeR1","height_m":7.801,"ground_m":240.433,"height_source":"LoD1 solid top minus bottom","production":"2024","laser":"2016","footprints":"2022"},"geometry":{"type":"Polygon","coordinates":[[[13.607301842429997,51.08113013442222],[13.607454737068647,51.08113528340842],[13.607453411074738,51.08115091531281],[13.607502638274356,51.081151861485566],[13.60750652646717,51.081079424774295],[13.607462431815518,51.08107871960761],[13.60746476768102,51.08102469991401],[13.607444647080383,51.081024370278875],[13.607446041246797,51.08099695844533],[13.607402232111598,51.08099625665711],[13.607374981005536,51.08099566219892],[13.607373726816158,51.08102316562882],[13.60733135294072,51.081022211126054],[13.607328738116763,51.081023708770154],[13.60730605830479,51.08103728766428],[13.607304475082051,51.081070992296276],[13.607288629897203,51.081080425941465],[13.607287912518744,51.081094806085424],[13.607303882788454,51.08110497852273],[13.607301842429997,51.08113013442222]]]}},{"type":"Feature","id":"DESNATPU1000FwwQ","properties":{"id":"DESNATPU1000FwwQ","height_m":10.582,"ground_m":240.44,"height_source":"LoD1 solid top minus bottom","production":"2024","laser":"2016","footprints":"2022"},"geometry":{"type":"Polygon","coordinates":[[[13.610173826782331,51.0811006481544],[13.610132446402215,51.081099886339295],[13.610051543685907,51.08109829483025],[13.610037559935575,51.08109803861626],[13.610000746563122,51.08109733106225],[13.609990328089484,51.0810972071689],[13.609988703703555,51.08113235020819],[13.609988133391052,51.08114613858066],[13.609987661137657,51.081157607943275],[13.609985651615117,51.08119607378629],[13.610178142004505,51.081199621690196],[13.610179930521605,51.081163761166394],[13.610180607954604,51.081149731257845],[13.610181832184596,51.0811241249572],[13.610182958093977,51.081100846656206],[13.610173826782331,51.0811006481544]]]}},{"type":"Feature","id":"DESNATPU1000C5Re","properties":{"id":"DESNATPU1000C5Re","height_m":8.475,"ground_m":154.35,"height_source":"LoD1 solid top minus bottom","production":"2024","laser":"2016","footprints":"2022"},"geometry":{"type":"Polygon","coordinates":[[[13.614837191587453,51.07946317467059],[13.61485230132394,51.079473515735344],[13.61482265872416,51.07949088052757],[13.614839314158848,51.07950204927483],[13.6148040009682,51.07952285410559],[13.6148880996405,51.07957987664585],[13.61497089387434,51.079532385841944],[13.614891130725312,51.07947838240307],[13.614900864394588,51.07947274227195],[13.614863638074612,51.07944766051519],[13.614837191587453,51.07946317467059]]]}},{"type":"Feature","id":"DESNATP1DF0000B5","properties":{"id":"DESNATP1DF0000B5","height_m":10.906,"ground_m":223.174,"height_source":"LoD1 solid top minus bottom","production":"2024","laser":"2016","footprints":"2022"},"geometry":{"type":"Polygon","coordinates":[[[13.615764754420464,51.08234680919463],[13.61558569494809,51.08234466161875],[13.615582738947966,51.0824417681695],[13.615761798794981,51.08244391575281],[13.615764754420464,51.08234680919463]]]}},{"type":"Feature","id":"DESNATPU1000Ekr0","properties":{"id":"DESNATPU1000Ekr0","height_m":4.356,"ground_m":175.292,"height_source":"LoD1 solid top minus bottom","production":"2024","laser":"2016","footprints":"2022"},"geometry":{"type":"Polygon","coordinates":[[[13.627867450768543,51.08139341260137],[13.627963999215305,51.081377729164764],[13.62794644201345,51.081334177227035],[13.62784960821065,51.081349857299124],[13.627867450768543,51.08139341260137]]]}},{"type":"Feature","id":"DESNATP1iE0000Di","properties":{"id":"DESNATP1iE0000Di","height_m":2.883,"ground_m":125.092,"height_source":"LoD1 solid top minus bottom","production":"2024","laser":"2016","footprints":"2022"},"geometry":{"type":"Polygon","coordinates":[[[13.625593689188074,51.082697516136435],[13.62555574170693,51.08271334711816],[13.625598067114943,51.08275357548806],[13.625636000342608,51.08273774432505],[13.625593689188074,51.082697516136435]]]}},{"type":"Feature","id":"DESNATPU1000IyIQ","properties":{"id":"DESNATPU1000IyIQ","height_m":3.289,"ground_m":216.194,"height_source":"LoD1 solid top minus bottom","production":"2024","laser":"2016","footprints":"2022"},"geometry":{"type":"Polygon","coordinates":[[[13.617904138963823,51.08199483559518],[13.617896560027024,51.08205751657983],[13.6179677034178,51.08206087577525],[13.617975142216102,51.08199810320028],[13.617904138963823,51.08199483559518]]]}},{"type":"Feature","id":"DESNATPU1000Eju2","properties":{"id":"DESNATPU1000Eju2","height_m":4.832,"ground_m":232.418,"height_source":"LoD1 solid top minus bottom","production":"2024","laser":"2016","footprints":"2022"},"geometry":{"type":"Polygon","coordinates":[[[13.610355080234827,51.08049290262844],[13.610410088144219,51.080501020719076],[13.610429018746741,51.08045052564028],[13.610373873563937,51.08044222606769],[13.610355080234827,51.08049290262844]]]}},{"type":"Feature","id":"UUID_4b699f28-805f-4201-90e0-235ec74edb43","properties":{"id":"UUID_4b699f28-805f-4201-90e0-235ec74edb43","height_m":5.602,"ground_m":120.091,"height_source":"LoD1 solid top minus bottom","production":"2024","laser":"2016","footprints":"2022"},"geometry":{"type":"Polygon","coordinates":[[[13.625635706101749,51.08332915090824],[13.625468481247859,51.083370269671235],[13.625525854707542,51.08347990246442],[13.62569709387152,51.08347533305346],[13.625701630451484,51.083514964204845],[13.625720798103615,51.083513283060796],[13.625709484739367,51.08342000144679],[13.625635706101749,51.08332915090824]]]}},{"type":"Feature","id":"UUID_60d06945-f4b9-43b2-b55d-a0acb5ea6393","properties":{"id":"UUID_60d06945-f4b9-43b2-b55d-a0acb5ea6393","height_m":4.685,"ground_m":120.091,"height_source":"LoD1 solid top minus bottom","production":"2024","laser":"2016","footprints":"2022"},"geometry":{"type":"Polygon","coordinates":[[[13.625801807047417,51.08379571364444],[13.625986899323923,51.08376262826262],[13.625983201292375,51.083755885073224],[13.62579109808813,51.083774535337014],[13.625801807047417,51.08379571364444]]]}},{"type":"Feature","id":"UUID_3722fef5-4415-45d3-b92c-4a3a8313b748","properties":{"id":"UUID_3722fef5-4415-45d3-b92c-4a3a8313b748","height_m":6.23,"ground_m":120.091,"height_source":"LoD1 solid top minus bottom","production":"2024","laser":"2016","footprints":"2022"},"geometry":{"type":"Polygon","coordinates":[[[13.62570722132517,51.08356382548785],[13.625701630451484,51.083514964204845],[13.62569709387152,51.08347533305346],[13.625525854707542,51.08347990246442],[13.625472256760007,51.08348133159428],[13.625481208746455,51.08361476580472],[13.62570722132517,51.08356382548785]]]}},{"type":"Feature","id":"UUID_2fb9ced7-5647-4f29-b31b-dafb857399e9","properties":{"id":"UUID_2fb9ced7-5647-4f29-b31b-dafb857399e9","height_m":5.6,"ground_m":120.091,"height_source":"LoD1 solid top minus bottom","production":"2024","laser":"2016","footprints":"2022"},"geometry":{"type":"Polygon","coordinates":[[[13.62579109808813,51.083774535337014],[13.62594695990878,51.0837594069525],[13.62585849680336,51.08358588295765],[13.625832818783204,51.08353551754037],[13.62570722132517,51.08356382548785],[13.625481208746455,51.08361476580472],[13.625493879138698,51.083803388282526],[13.62579109808813,51.083774535337014]]]}},{"type":"Feature","id":"UUID_6ac11958-f9fd-4905-8286-d1dde6595590","properties":{"id":"UUID_6ac11958-f9fd-4905-8286-d1dde6595590","height_m":4.035,"ground_m":120.091,"height_source":"LoD1 solid top minus bottom","production":"2024","laser":"2016","footprints":"2022"},"geometry":{"type":"Polygon","coordinates":[[[13.62594695990878,51.0837594069525],[13.625983201292375,51.083755885073224],[13.625886826078222,51.08358050548485],[13.62585849680336,51.08358588295765],[13.62594695990878,51.0837594069525]]]}},{"type":"Feature","id":"DESNATPU1000C4Rs","properties":{"id":"DESNATPU1000C4Rs","height_m":5.934,"ground_m":239.821,"height_source":"LoD1 solid top minus bottom","production":"2024","laser":"2016","footprints":"2022"},"geometry":{"type":"Polygon","coordinates":[[[13.603921325518439,51.0778722245037],[13.603877192697649,51.07798671706977],[13.60394596886205,51.077997340839765],[13.603991649672702,51.077883586171964],[13.603921325518439,51.0778722245037]]]}},{"type":"Feature","id":"DESNATP1iE00009z","properties":{"id":"DESNATP1iE00009z","height_m":3.782,"ground_m":242.419,"height_source":"LoD1 solid top minus bottom","production":"2024","laser":"2016","footprints":"2022"},"geometry":{"type":"Polygon","coordinates":[[[13.609520454668276,51.06972897770492],[13.60954588218016,51.06975733820231],[13.60965801129639,51.06971743944016],[13.609632584006274,51.06968906997688],[13.609520454668276,51.06972897770492]]]}},{"type":"Feature","id":"DESNATP1iE0000Ac","properties":{"id":"DESNATP1iE0000Ac","height_m":2.585,"ground_m":243.855,"height_source":"LoD1 solid top minus bottom","production":"2024","laser":"2016","footprints":"2022"},"geometry":{"type":"Polygon","coordinates":[[[13.602868818469602,51.07833654425019],[13.602856654673117,51.078254572097435],[13.602735467961416,51.07826157684643],[13.602747614836717,51.07834362974676],[13.602868818469602,51.07833654425019]]]}},{"type":"Feature","id":"UUID_ad270fb5-172e-4eb7-8f27-d79c3e28ef65","properties":{"id":"UUID_ad270fb5-172e-4eb7-8f27-d79c3e28ef65","height_m":8.458,"ground_m":255.912,"height_source":"LoD1 solid top minus bottom","production":"2024","laser":"2016","footprints":"2022"},"geometry":{"type":"Polygon","coordinates":[[[13.62135684414922,51.07097044120147],[13.62128734186073,51.070749114586974],[13.621225233753895,51.070756898254345],[13.621203384914649,51.070759635159746],[13.62118146018712,51.07076252404573],[13.62115925542505,51.07076522976531],[13.621239071970122,51.07101410658315],[13.621304343719503,51.07100602748653],[13.621365718827263,51.07099842398181],[13.621356915760536,51.070970433053205],[13.62135684414922,51.07097044120147]]]}},{"type":"Feature","id":"UUID_12159ab3-e3ef-4cb6-83d5-47bc87445e1c","properties":{"id":"UUID_12159ab3-e3ef-4cb6-83d5-47bc87445e1c","height_m":5.023,"ground_m":255.912,"height_source":"LoD1 solid top minus bottom","production":"2024","laser":"2016","footprints":"2022"},"geometry":{"type":"Polygon","coordinates":[[[13.621430045050516,51.07099045956347],[13.621421173006285,51.070962386889825],[13.621356915760536,51.070970433053205],[13.621365718827263,51.07099842398181],[13.621430045050516,51.07099045956347]]]}},{"type":"Feature","id":"UUID_4d598cbf-3293-441f-92af-29f8f541df07","properties":{"id":"UUID_4d598cbf-3293-441f-92af-29f8f541df07","height_m":5.857,"ground_m":236.724,"height_source":"LoD1 solid top minus bottom","production":"2024","laser":"2016","footprints":"2022"},"geometry":{"type":"Polygon","coordinates":[[[13.604772860280521,51.082984228090986],[13.60477409752958,51.08296683254386],[13.604709879731596,51.08296579622072],[13.60470878410087,51.08298322942947],[13.604772860280521,51.082984228090986]]]}},{"type":"Feature","id":"UUID_7264b818-087a-4b89-b715-6480f6e56508","properties":{"id":"UUID_7264b818-087a-4b89-b715-6480f6e56508","height_m":6.822,"ground_m":236.724,"height_source":"LoD1 solid top minus bottom","production":"2024","laser":"2016","footprints":"2022"},"geometry":{"type":"Polygon","coordinates":[[[13.604763299731752,51.0830552300749],[13.604703939043555,51.083054098845004],[13.604703940936938,51.083054035917094],[13.60468153589281,51.0830536785409],[13.604680385009992,51.0830814889324],[13.604679444852714,51.083104193854254],[13.60473024401693,51.08310515995079],[13.604729793575657,51.08311064026213],[13.604807430401307,51.08311174681334],[13.604808624567378,51.08308391895179],[13.604809818190759,51.08305610906949],[13.604763298108924,51.08305528401311],[13.604763299731752,51.0830552300749]]]}},{"type":"Feature","id":"UUID_b910a35c-72fd-4219-b809-02d9b66d6fc0","properties":{"id":"UUID_b910a35c-72fd-4219-b809-02d9b66d6fc0","height_m":7.37,"ground_m":236.724,"height_source":"LoD1 solid top minus bottom","production":"2024","laser":"2016","footprints":"2022"},"geometry":{"type":"Polygon","coordinates":[[[13.604763299731752,51.0830552300749],[13.604764218726508,51.08304366714169],[13.604704428256733,51.08304258473957],[13.604704427174802,51.08304262069839],[13.604703940936938,51.083054035917094],[13.604703939043555,51.083054098845004],[13.604763299731752,51.0830552300749]]]}},{"type":"Feature","id":"UUID_b394a49f-982b-4648-83e8-c20381e6c996","properties":{"id":"UUID_b394a49f-982b-4648-83e8-c20381e6c996","height_m":5.688,"ground_m":236.724,"height_source":"LoD1 solid top minus bottom","production":"2024","laser":"2016","footprints":"2022"},"geometry":{"type":"Polygon","coordinates":[[[13.604682024841054,51.0830421734253],[13.604704427174802,51.08304262069839],[13.604704428256733,51.08304258473957],[13.604741372863646,51.08304325055762],[13.604764218726508,51.08304366714169],[13.604764220619806,51.08304360421378],[13.604768642374257,51.083043746922364],[13.604772860280521,51.082984228090986],[13.604744732295222,51.08298379342338],[13.60470878410087,51.08298322942947],[13.60468452367503,51.082982849906415],[13.604682024841054,51.0830421734253]]]}},{"type":"Feature","id":"DESNATPU1000Eamu","properties":{"id":"DESNATPU1000Eamu","height_m":5.604,"ground_m":203.577,"height_source":"LoD1 solid top minus bottom","production":"2024","laser":"2016","footprints":"2022"},"geometry":{"type":"Polygon","coordinates":[[[13.625190926984907,51.080294134879466],[13.625180676399843,51.08034614626607],[13.625337307384997,51.08035815042249],[13.625346286814182,51.08030615105244],[13.625190926984907,51.080294134879466]]]}},{"type":"Feature","id":"DESNATPU1000EVve","properties":{"id":"DESNATPU1000EVve","height_m":7.599,"ground_m":124.087,"height_source":"LoD1 solid top minus bottom","production":"2024","laser":"2016","footprints":"2022"},"geometry":{"type":"Polygon","coordinates":[[[13.624643020288493,51.08235060170535],[13.624792292204479,51.08230237534778],[13.62475589100611,51.08225980627699],[13.62460783434804,51.08230846056152],[13.624643020288493,51.08235060170535]]]}},{"type":"Feature","id":"DESNATP1iE0000DO","properties":{"id":"DESNATP1iE0000DO","height_m":3.0,"ground_m":146.01,"height_source":"LoD1 solid top minus bottom","production":"2024","laser":"2016","footprints":"2022"},"geometry":{"type":"Polygon","coordinates":[[[13.628516800585832,51.08274222750657],[13.628577329963365,51.08283371214561],[13.628763885532926,51.08278474008257],[13.628703355847545,51.082693255537066],[13.628516800585832,51.08274222750657]]]}},{"type":"Feature","id":"DESNATPU1000CDL9","properties":{"id":"DESNATPU1000CDL9","height_m":2.308,"ground_m":257.76,"height_source":"LoD1 solid top minus bottom","production":"2024","laser":"2016","footprints":"2022"},"geometry":{"type":"Polygon","coordinates":[[[13.60684515311436,51.06938422786563],[13.606892329058358,51.06942930528035],[13.606963734740773,51.06939949040818],[13.606916553358133,51.0693545928164],[13.60684515311436,51.06938422786563]]]}},{"type":"Feature","id":"DESNATPU1000EAOE","properties":{"id":"DESNATPU1000EAOE","height_m":5.727,"ground_m":134.348,"height_source":"LoD1 solid top minus bottom","production":"2024","laser":"2016","footprints":"2022"},"geometry":{"type":"Polygon","coordinates":[[[13.623752053221693,51.08312194117445],[13.623801721816434,51.083141770791386],[13.623815546227766,51.08312817438879],[13.62376588030934,51.08310825488],[13.623752053221693,51.08312194117445]]]}},{"type":"Feature","id":"DESNATPU1000GcZi","properties":{"id":"DESNATPU1000GcZi","height_m":4.393,"ground_m":156.563,"height_source":"LoD1 solid top minus bottom","production":"2024","laser":"2016","footprints":"2022"},"geometry":{"type":"Polygon","coordinates":[[[13.621616191025726,51.08212068309959],[13.621630314076391,51.08217390786299],[13.621714814444339,51.08216501205201],[13.621700691299003,51.08211178729799],[13.621616191025726,51.08212068309959]]]}},{"type":"Feature","id":"DESNATPU1000Bh9Z","properties":{"id":"DESNATPU1000Bh9Z","height_m":2.983,"ground_m":252.125,"height_source":"LoD1 solid top minus bottom","production":"2024","laser":"2016","footprints":"2022"},"geometry":{"type":"Polygon","coordinates":[[[13.607725574237952,51.06960407477233],[13.607734876695185,51.06963416807468],[13.607877209514783,51.06961901068394],[13.607870922050328,51.06959546419927],[13.607868992197984,51.069588426713146],[13.60776889780152,51.06959919507292],[13.607725574237952,51.06960407477233]]]}},{"type":"Feature","id":"DESNATPU1000FIul","properties":{"id":"DESNATPU1000FIul","height_m":2.98,"ground_m":252.909,"height_source":"LoD1 solid top minus bottom","production":"2024","laser":"2016","footprints":"2022"},"geometry":{"type":"Polygon","coordinates":[[[13.6249754077069,51.070420316267175],[13.624967099320568,51.070402052797306],[13.624524970658728,51.07048156396451],[13.624350348898366,51.070509401344914],[13.62442469477351,51.07065113267945],[13.624673824735213,51.070603110499086],[13.625029264358648,51.07053920692425],[13.625015190715486,51.0705083754583],[13.625009576183334,51.07049553944268],[13.625003802981402,51.07048324113613],[13.624998043103984,51.07047049333935],[13.624992695304785,51.07045828996607],[13.624986650059483,51.0704455388115],[13.624981024885198,51.07043306238645],[13.6249754077069,51.070420316267175]]]}},{"type":"Feature","id":"DESNATPU1000JS73","properties":{"id":"DESNATPU1000JS73","height_m":2.967,"ground_m":241.296,"height_source":"LoD1 solid top minus bottom","production":"2024","laser":"2016","footprints":"2022"},"geometry":{"type":"Polygon","coordinates":[[[13.606991315416604,51.0811017035938],[13.606991423330388,51.08116465540606],[13.607062804353909,51.08116478662616],[13.607062696343231,51.08110183481321],[13.606991315416604,51.0811017035938]]]}},{"type":"Feature","id":"DESNATPU1000CieE","properties":{"id":"DESNATPU1000CieE","height_m":6.186,"ground_m":253.891,"height_source":"LoD1 solid top minus bottom","production":"2024","laser":"2016","footprints":"2022"},"geometry":{"type":"Polygon","coordinates":[[[13.607400050422514,51.06979489396141],[13.607565110272779,51.06977392850467],[13.607535637333584,51.06968112986376],[13.607370435118188,51.06970209358156],[13.607400050422514,51.06979489396141]]]}},{"type":"Feature","id":"UUID_04dac437-0477-43c3-bd09-f0b80134d77a","properties":{"id":"UUID_04dac437-0477-43c3-bd09-f0b80134d77a","height_m":3.505,"ground_m":249.719,"height_source":"LoD1 solid top minus bottom","production":"2024","laser":"2016","footprints":"2022"},"geometry":{"type":"Polygon","coordinates":[[[13.601501692972773,51.07674994647184],[13.601504283351671,51.0767776667369],[13.60157602968139,51.07677492796575],[13.601573451632994,51.076747270800574],[13.601501692972773,51.07674994647184]]]}},{"type":"Feature","id":"UUID_9df31983-9343-44f6-b0ea-082517e17fa2","properties":{"id":"UUID_9df31983-9343-44f6-b0ea-082517e17fa2","height_m":6.086,"ground_m":249.719,"height_source":"LoD1 solid top minus bottom","production":"2024","laser":"2016","footprints":"2022"},"geometry":{"type":"Polygon","coordinates":[[[13.6015773074246,51.07657628913868],[13.601471406262288,51.07658023797941],[13.601487258362564,51.076750484206364],[13.601501692972773,51.07674994647184],[13.601573451632994,51.076747270800574],[13.60157343953073,51.076747198712255],[13.601593159912802,51.07674653535443],[13.6015773074246,51.07657628913868]]]}},{"type":"Feature","id":"UUID_162d03ff-b74d-4964-9157-0f741d548f01","properties":{"id":"UUID_162d03ff-b74d-4964-9157-0f741d548f01","height_m":8.108,"ground_m":238.354,"height_source":"LoD1 solid top minus bottom","production":"2024","laser":"2016","footprints":"2022"},"geometry":{"type":"Polygon","coordinates":[[[13.609921996189211,51.08092819079802],[13.609917848722569,51.08094319564011],[13.609974152326918,51.08095096962514],[13.609979171974517,51.080935921195426],[13.609979202943144,51.08093584062732],[13.609921996189211,51.08092819079802]]]}},{"type":"Feature","id":"UUID_3680d1f9-02a4-49a6-b23b-efbe43f4af68","properties":{"id":"UUID_3680d1f9-02a4-49a6-b23b-efbe43f4af68","height_m":9.372,"ground_m":238.354,"height_source":"LoD1 solid top minus bottom","production":"2024","laser":"2016","footprints":"2022"},"geometry":{"type":"Polygon","coordinates":[[[13.609921996189211,51.08092819079802],[13.609979202943144,51.08093584062732],[13.609979171974517,51.080935921195426],[13.610064067670542,51.08094718267213],[13.610065632260193,51.08094261488248],[13.610078192582257,51.080906522729514],[13.610092346012163,51.08086586312415],[13.610046700543737,51.080859744733154],[13.609999062423457,51.080853422769685],[13.60994744437802,51.08084651388117],[13.609933376458555,51.08088717448654],[13.609919308513755,51.080927835089746],[13.60992201207775,51.080928137029396],[13.609921996189211,51.08092819079802]]]}},{"type":"Feature","id":"DESNATPU1000B8JP","properties":{"id":"DESNATPU1000B8JP","height_m":5.671,"ground_m":135.114,"height_source":"LoD1 solid top minus bottom","production":"2024","laser":"2016","footprints":"2022"},"geometry":{"type":"Polygon","coordinates":[[[13.621431313740977,51.08048242081432],[13.621406169424102,51.08052142333054],[13.621503166873612,51.08054828704309],[13.621535875509688,51.0805573959139],[13.6215625762736,51.08051886137125],[13.621431313740977,51.08048242081432]]]}},{"type":"Feature","id":"DESNATPU1000E8vc","properties":{"id":"DESNATPU1000E8vc","height_m":2.212,"ground_m":259.337,"height_source":"LoD1 solid top minus bottom","production":"2024","laser":"2016","footprints":"2022"},"geometry":{"type":"Polygon","coordinates":[[[13.606742121114767,51.06760581274635],[13.606728176156212,51.067609153762234],[13.606761908080095,51.06766459273907],[13.6068337946777,51.067647193955324],[13.606800059980475,51.06759184489586],[13.606798194381216,51.06759218237547],[13.606742121114767,51.06760581274635]]]}},{"type":"Feature","id":"DESNATPU1000JKJM","properties":{"id":"DESNATPU1000JKJM","height_m":3.674,"ground_m":199.547,"height_source":"LoD1 solid top minus bottom","production":"2024","laser":"2016","footprints":"2022"},"geometry":{"type":"Polygon","coordinates":[[[13.628342124620806,51.08003340941198],[13.62824273979451,51.080038897869635],[13.628248982298333,51.08008366592653],[13.62834836987875,51.080078087566385],[13.628342124620806,51.08003340941198]]]}},{"type":"Feature","id":"DESNATPU1000IQJD","properties":{"id":"DESNATPU1000IQJD","height_m":5.667,"ground_m":238.936,"height_source":"LoD1 solid top minus bottom","production":"2024","laser":"2016","footprints":"2022"},"geometry":{"type":"Polygon","coordinates":[[[13.606739549794105,51.082648274944646],[13.606801000842543,51.08275089728861],[13.606871464780497,51.0827341109763],[13.60680972544951,51.08263157516295],[13.606739549794105,51.082648274944646]]]}},{"type":"Feature","id":"DESNATPU1000CgDq","properties":{"id":"DESNATPU1000CgDq","height_m":5.937,"ground_m":251.007,"height_source":"LoD1 solid top minus bottom","production":"2024","laser":"2016","footprints":"2022"},"geometry":{"type":"Polygon","coordinates":[[[13.608167217328786,51.06942012323352],[13.60809368689284,51.06942563257339],[13.608094182109472,51.069428156496514],[13.608107349536867,51.069474537062035],[13.608173113143733,51.06947100360155],[13.608171577231063,51.069446074844336],[13.60817049534547,51.06943931724955],[13.608167217328786,51.06942012323352]]]}},{"type":"Feature","id":"DESNATPU1000Dc9c","properties":{"id":"DESNATPU1000Dc9c","height_m":3.979,"ground_m":164.148,"height_source":"LoD1 solid top minus bottom","production":"2024","laser":"2016","footprints":"2022"},"geometry":{"type":"Polygon","coordinates":[[[13.621365918195972,51.08317700746421],[13.62137215041455,51.083121055089464],[13.621277188626726,51.08311678753596],[13.621270813568456,51.08317273822136],[13.621365918195972,51.08317700746421]]]}},{"type":"Feature","id":"DESNATPU1000CCkI","properties":{"id":"DESNATPU1000CCkI","height_m":2.686,"ground_m":243.778,"height_source":"LoD1 solid top minus bottom","production":"2024","laser":"2016","footprints":"2022"},"geometry":{"type":"Polygon","coordinates":[[[13.601196181298413,51.07944715876178],[13.60129598426873,51.07944775954322],[13.601296808790032,51.07940290363518],[13.601196880727972,51.07940219344175],[13.601196181298413,51.07944715876178]]]}},{"type":"Feature","id":"DESNATPU1000BrhR","properties":{"id":"DESNATPU1000BrhR","height_m":5.941,"ground_m":242.469,"height_source":"LoD1 solid top minus bottom","production":"2024","laser":"2016","footprints":"2022"},"geometry":{"type":"Polygon","coordinates":[[[13.60218328044661,51.079476206827984],[13.602194974246025,51.07955242693003],[13.602216575475346,51.07955097659023],[13.602219092913066,51.079566924195795],[13.602284173915196,51.079562846255214],[13.60228236460479,51.07954708697756],[13.602330139304888,51.07954406107536],[13.60231815985823,51.07946783757201],[13.602304572290697,51.07946866432036],[13.602288826803257,51.07946056225404],[13.602260216410262,51.079462468367616],[13.602247359621364,51.07947220685717],[13.60218328044661,51.079476206827984]]]}},{"type":"Feature","id":"DESNATPU1000J0xc","properties":{"id":"DESNATPU1000J0xc","height_m":7.705,"ground_m":212.344,"height_source":"LoD1 solid top minus bottom","production":"2024","laser":"2016","footprints":"2022"},"geometry":{"type":"Polygon","coordinates":[[[13.617442313590331,51.08269402350333],[13.61715262845718,51.08268430175474],[13.617145945876121,51.08275854020413],[13.617437583372748,51.082765047607786],[13.617442313590331,51.08269402350333]]]}},{"type":"Feature","id":"DESNATPU1000HLu3","properties":{"id":"DESNATPU1000HLu3","height_m":4.162,"ground_m":240.145,"height_source":"LoD1 solid top minus bottom","production":"2024","laser":"2016","footprints":"2022"},"geometry":{"type":"Polygon","coordinates":[[[13.607486414602082,51.082529025506375],[13.607400401764785,51.082554889660585],[13.607449017238183,51.082619048858284],[13.607535030168773,51.0825931846693],[13.607486414602082,51.082529025506375]]]}},{"type":"Feature","id":"DESNATP1iE0000EX","properties":{"id":"DESNATP1iE0000EX","height_m":2.73,"ground_m":148.26,"height_source":"LoD1 solid top minus bottom","production":"2024","laser":"2016","footprints":"2022"},"geometry":{"type":"Polygon","coordinates":[[[13.617224074651837,51.080199089178514],[13.617206915702027,51.080260325855185],[13.617287796255944,51.08026932232397],[13.617304955102751,51.0802080856347],[13.617224074651837,51.080199089178514]]]}},{"type":"Feature","id":"UUID_bb3cb2ee-0199-47df-a497-321baa70c56a","properties":{"id":"UUID_bb3cb2ee-0199-47df-a497-321baa70c56a","height_m":8.661,"ground_m":241.37,"height_source":"LoD1 solid top minus bottom","production":"2024","laser":"2016","footprints":"2022"},"geometry":{"type":"Polygon","coordinates":[[[13.607623968269536,51.08103379076588],[13.607623552954303,51.081042868679894],[13.607622051340261,51.08107576492348],[13.607695040510439,51.08107796530266],[13.60769716125992,51.08103538205255],[13.607623968269536,51.08103379076588]]]}},{"type":"Feature","id":"UUID_93171ea3-604c-4c0e-b08a-298e5151ce92","properties":{"id":"UUID_93171ea3-604c-4c0e-b08a-298e5151ce92","height_m":6.763,"ground_m":241.37,"height_source":"LoD1 solid top minus bottom","production":"2024","laser":"2016","footprints":"2022"},"geometry":{"type":"Polygon","coordinates":[[[13.607673577220869,51.08112188292417],[13.607672698349795,51.08113689065148],[13.607727919730602,51.08113790812935],[13.607728652896418,51.08112299758844],[13.607673577220869,51.08112188292417]]]}},{"type":"Feature","id":"UUID_cb1e8f33-dc40-4e9f-9342-39d4f41957b1","properties":{"id":"UUID_cb1e8f33-dc40-4e9f-9342-39d4f41957b1","height_m":8.867,"ground_m":241.37,"height_source":"LoD1 solid top minus bottom","production":"2024","laser":"2016","footprints":"2022"},"geometry":{"type":"Polygon","coordinates":[[[13.60757376039102,51.08104173596412],[13.60757192971249,51.08107417864065],[13.607571927283317,51.08107425954811],[13.607622051340261,51.08107576492348],[13.607623552954303,51.081042868679894],[13.60757376039102,51.08104173596412]]]}},{"type":"Feature","id":"UUID_0c128071-ef9c-4ecc-96ba-aa475c107923","properties":{"id":"UUID_0c128071-ef9c-4ecc-96ba-aa475c107923","height_m":8.281,"ground_m":241.37,"height_source":"LoD1 solid top minus bottom","production":"2024","laser":"2016","footprints":"2022"},"geometry":{"type":"Polygon","coordinates":[[[13.607622051340261,51.08107576492348],[13.607571927283317,51.08107425954811],[13.60757192971249,51.08107417864065],[13.607557520532266,51.08107382713258],[13.607555150351718,51.08111948299177],[13.607673577220869,51.08112188292417],[13.607728652896418,51.08112299758844],[13.607730829181026,51.08107903908107],[13.60769501220459,51.08107843259795],[13.607695040510439,51.08107796530266],[13.607622051340261,51.08107576492348]]]}},{"type":"Feature","id":"UUID_ffb49fa9-1b1d-42df-b0ba-96ed8ae0f5ed","properties":{"id":"UUID_ffb49fa9-1b1d-42df-b0ba-96ed8ae0f5ed","height_m":3.959,"ground_m":237.678,"height_source":"LoD1 solid top minus bottom","production":"2024","laser":"2016","footprints":"2022"},"geometry":{"type":"Polygon","coordinates":[[[13.612050793037566,51.08165396493644],[13.61204030338954,51.081676250756615],[13.612095383089693,51.08168679698823],[13.612106175399878,51.0816648924599],[13.612106190748086,51.08166485667042],[13.612050793037566,51.08165396493644]]]}},{"type":"Feature","id":"UUID_a4061cb3-16ef-45b2-a4d9-9700b730071c","properties":{"id":"UUID_a4061cb3-16ef-45b2-a4d9-9700b730071c","height_m":6.531,"ground_m":237.678,"height_source":"LoD1 solid top minus bottom","production":"2024","laser":"2016","footprints":"2022"},"geometry":{"type":"Polygon","coordinates":[[[13.612135823625266,51.081571088535945],[13.612118757647862,51.08160512197978],[13.612176624382277,51.08161604299649],[13.612193469501335,51.081581755120254],[13.612135823625266,51.081571088535945]]]}},{"type":"Feature","id":"UUID_7d62942b-cfca-4da3-bc0d-df36a19aa1a1","properties":{"id":"UUID_7d62942b-cfca-4da3-bc0d-df36a19aa1a1","height_m":7.272,"ground_m":237.678,"height_source":"LoD1 solid top minus bottom","production":"2024","laser":"2016","footprints":"2022"},"geometry":{"type":"Polygon","coordinates":[[[13.612176624382277,51.08161604299649],[13.612118757647862,51.08160512197978],[13.612118515036347,51.08160559572428],[13.612069550883858,51.08159584155285],[13.612055254282598,51.08162416139005],[13.61204116984867,51.0816520700701],[13.612050823734064,51.08165389335751],[13.612050793037566,51.08165396493644],[13.612106190748086,51.08166485667042],[13.612106175399878,51.0816648924599],[13.61215117035537,51.081673700195815],[13.612165196821037,51.08164534116822],[13.61217943545295,51.081616570983265],[13.612176594493063,51.081616087606264],[13.612176624382277,51.08161604299649]]]}},{"type":"Feature","id":"DESNATPU1000IOc3","properties":{"id":"DESNATPU1000IOc3","height_m":2.131,"ground_m":259.228,"height_source":"LoD1 solid top minus bottom","production":"2024","laser":"2016","footprints":"2022"},"geometry":{"type":"Polygon","coordinates":[[[13.607105812671545,51.067581370217574],[13.607031377339748,51.06759334302028],[13.607049948760292,51.067640327708624],[13.60712464522969,51.067629167371656],[13.607107271473314,51.06758507471338],[13.607105812671545,51.067581370217574]]]}},{"type":"Feature","id":"DESNATP1iE00009T","properties":{"id":"DESNATP1iE00009T","height_m":2.639,"ground_m":252.898,"height_source":"LoD1 solid top minus bottom","production":"2024","laser":"2016","footprints":"2022"},"geometry":{"type":"Polygon","coordinates":[[[13.607662903337143,51.069865067971534],[13.607691775573478,51.069896086859885],[13.607695527988053,51.06989471067441],[13.607699120752008,51.06989342251649],[13.607707969278982,51.06990297051861],[13.607781122211026,51.06988057715838],[13.60774985584268,51.06983991631192],[13.607662903337143,51.069865067971534]]]}},{"type":"Feature","id":"DESNATPU1000INqi","properties":{"id":"DESNATPU1000INqi","height_m":2.344,"ground_m":262.206,"height_source":"LoD1 solid top minus bottom","production":"2024","laser":"2016","footprints":"2022"},"geometry":{"type":"Polygon","coordinates":[[[13.608127697418503,51.0670453338978],[13.60817351046095,51.067031131033474],[13.608149152182396,51.067000984358195],[13.608103912560898,51.06701510411238],[13.608127697418503,51.0670453338978]]]}},{"type":"Feature","id":"DESNATPU1000D53N","properties":{"id":"DESNATPU1000D53N","height_m":2.751,"ground_m":243.795,"height_source":"LoD1 solid top minus bottom","production":"2024","laser":"2016","footprints":"2022"},"geometry":{"type":"Polygon","coordinates":[[[13.601761804301711,51.07934949129229],[13.601764622129549,51.07941229571468],[13.601835895605722,51.079411169840924],[13.601833223104348,51.0793482772296],[13.601761804301711,51.07934949129229]]]}},{"type":"Feature","id":"DESNATPU1000B1nw","properties":{"id":"DESNATPU1000B1nw","height_m":3.735,"ground_m":217.394,"height_source":"LoD1 solid top minus bottom","production":"2024","laser":"2016","footprints":"2022"},"geometry":{"type":"Polygon","coordinates":[[[13.628096612613959,51.078612884504146],[13.62807531037975,51.07861874966286],[13.628099404000313,51.078653655190514],[13.628142872740787,51.07864166521644],[13.628118781752418,51.0786066697995],[13.628096612613959,51.078612884504146]]]}},{"type":"Feature","id":"DESNATP1DF0000C3","properties":{"id":"DESNATP1DF0000C3","height_m":1.084,"ground_m":194.751,"height_source":"LoD1 solid top minus bottom","production":"2024","laser":"2016","footprints":"2022"},"geometry":{"type":"Polygon","coordinates":[[[13.628746851584589,51.08016960755204],[13.628729858773857,51.080098265240665],[13.628549070228626,51.08011528111536],[13.628566272588872,51.08018676979921],[13.628746851584589,51.08016960755204]]]}},{"type":"Feature","id":"DESNATP1DF0000BV","properties":{"id":"DESNATP1DF0000BV","height_m":3.912,"ground_m":130.152,"height_source":"LoD1 solid top minus bottom","production":"2024","laser":"2016","footprints":"2022"},"geometry":{"type":"Polygon","coordinates":[[[13.624081215088381,51.08294703702217],[13.624120883191642,51.08295648787104],[13.624162447403148,51.08288999786242],[13.624123203385976,51.082880210288316],[13.624081215088381,51.08294703702217]]]}},{"type":"Feature","id":"DESNATPU1000Htwf","properties":{"id":"DESNATPU1000Htwf","height_m":6.123,"ground_m":227.418,"height_source":"LoD1 solid top minus bottom","production":"2024","laser":"2016","footprints":"2022"},"geometry":{"type":"Polygon","coordinates":[[[13.614290872213097,51.08253278381482],[13.614162588924462,51.0825098777961],[13.61413055151954,51.08258102768109],[13.614258849260175,51.08260393390531],[13.614290872213097,51.08253278381482]]]}},{"type":"Feature","id":"DESNATPU1000HmC1","properties":{"id":"DESNATPU1000HmC1","height_m":4.452,"ground_m":249.51,"height_source":"LoD1 solid top minus bottom","production":"2024","laser":"2016","footprints":"2022"},"geometry":{"type":"Polygon","coordinates":[[[13.610093674392296,51.06906822234856],[13.61005247376576,51.069118992185686],[13.61012500445512,51.06914206729958],[13.61016605964897,51.06909138563742],[13.610115868078125,51.06907541084216],[13.610093674392296,51.06906822234856]]]}},{"type":"Feature","id":"DESNATPU1000C7Gw","properties":{"id":"DESNATPU1000C7Gw","height_m":3.232,"ground_m":253.777,"height_source":"LoD1 solid top minus bottom","production":"2024","laser":"2016","footprints":"2022"},"geometry":{"type":"Polygon","coordinates":[[[13.607562192953793,51.069552487355494],[13.607479621938587,51.06955959726428],[13.607488035321381,51.06959315127273],[13.607568062378327,51.06958520168492],[13.607562192953793,51.069552487355494]]]}},{"type":"Feature","id":"DESNATPU1000CAN3","properties":{"id":"DESNATPU1000CAN3","height_m":5.617,"ground_m":243.318,"height_source":"LoD1 solid top minus bottom","production":"2024","laser":"2016","footprints":"2022"},"geometry":{"type":"Polygon","coordinates":[[[13.609117913873456,51.08161485828056],[13.609174312645733,51.081615673252024],[13.609176450422469,51.081556768019034],[13.609120051721751,51.08155595304916],[13.609117913873456,51.08161485828056]]]}},{"type":"Feature","id":"UUID_e6397876-a575-4f6d-8236-3e0d623d9169","properties":{"id":"UUID_e6397876-a575-4f6d-8236-3e0d623d9169","height_m":7.165,"ground_m":234.343,"height_source":"LoD1 solid top minus bottom","production":"2024","laser":"2016","footprints":"2022"},"geometry":{"type":"Polygon","coordinates":[[[13.606433898938032,51.08064749900635],[13.60645492303048,51.080648163333315],[13.606457413848219,51.08061658286776],[13.606435305390045,51.08061589662023],[13.606433898938032,51.08064749900635]]]}},{"type":"Feature","id":"UUID_96366961-3481-4060-834f-a710bb372d17","properties":{"id":"UUID_96366961-3481-4060-834f-a710bb372d17","height_m":8.097,"ground_m":234.343,"height_source":"LoD1 solid top minus bottom","production":"2024","laser":"2016","footprints":"2022"},"geometry":{"type":"Polygon","coordinates":[[[13.606350373060657,51.080660064506176],[13.606433227811117,51.08066270704843],[13.606434426721611,51.08064751429164],[13.606433898938032,51.08064749900635],[13.606435305390045,51.08061589662023],[13.606434506714418,51.080615869112364],[13.606436363469001,51.08059208695394],[13.606355975417845,51.08058955475997],[13.606353101981236,51.080625789001424],[13.606350373060657,51.080660064506176]]]}},{"type":"Feature","id":"DESNATPU1000DbAK","properties":{"id":"DESNATPU1000DbAK","height_m":2.513,"ground_m":159.504,"height_source":"LoD1 solid top minus bottom","production":"2024","laser":"2016","footprints":"2022"},"geometry":{"type":"Polygon","coordinates":[[[13.613771942777015,51.078758989873634],[13.613761160714398,51.078833143606666],[13.613875328014771,51.078839353720355],[13.61388581641307,51.07876546628307],[13.613771942777015,51.078758989873634]]]}},{"type":"Feature","id":"DESNATPU1000JVjT","properties":{"id":"DESNATPU1000JVjT","height_m":4.436,"ground_m":144.996,"height_source":"LoD1 solid top minus bottom","production":"2024","laser":"2016","footprints":"2022"},"geometry":{"type":"Polygon","coordinates":[[[13.62826806291373,51.08270685336984],[13.628217594351339,51.08277676554043],[13.628293382361456,51.082801755940054],[13.628349178663239,51.0827351437044],[13.62826806291373,51.08270685336984]]]}},{"type":"Feature","id":"DESNATPU1000Geb1","properties":{"id":"DESNATPU1000Geb1","height_m":5.928,"ground_m":253.769,"height_source":"LoD1 solid top minus bottom","production":"2024","laser":"2016","footprints":"2022"},"geometry":{"type":"Polygon","coordinates":[[[13.623812198027826,51.068940804421395],[13.623850674799202,51.0690294781695],[13.624073476466872,51.06899109347947],[13.624034996632636,51.0689025096991],[13.62393256167204,51.06892018889142],[13.623812198027826,51.068940804421395]]]}},{"type":"Feature","id":"DESNATP1DF0000B8","properties":{"id":"DESNATP1DF0000B8","height_m":2.366,"ground_m":166.006,"height_source":"LoD1 solid top minus bottom","production":"2024","laser":"2016","footprints":"2022"},"geometry":{"type":"Polygon","coordinates":[[[13.611301207279654,51.078440575025226],[13.611171746800684,51.0784335691607],[13.611165052484823,51.07848263599766],[13.611294513099454,51.0784896418706],[13.611301207279654,51.078440575025226]]]}},{"type":"Feature","id":"UUID_fe9207ab-bd06-49db-8ad9-c91742b20c7c","properties":{"id":"UUID_fe9207ab-bd06-49db-8ad9-c91742b20c7c","height_m":4.874,"ground_m":215.048,"height_source":"LoD1 solid top minus bottom","production":"2024","laser":"2016","footprints":"2022"},"geometry":{"type":"Polygon","coordinates":[[[13.617615770924406,51.08225431569546],[13.617589306081207,51.08225222211064],[13.617580759206112,51.082295152162565],[13.617607238345645,51.08229724591828],[13.617615770924406,51.08225431569546]]]}},{"type":"Feature","id":"UUID_9531d251-6a8f-46f2-a8ad-78a34dffd32c","properties":{"id":"UUID_9531d251-6a8f-46f2-a8ad-78a34dffd32c","height_m":5.306,"ground_m":215.048,"height_source":"LoD1 solid top minus bottom","production":"2024","laser":"2016","footprints":"2022"},"geometry":{"type":"Polygon","coordinates":[[[13.617751222514515,51.08225278798159],[13.617755789177078,51.08222986506729],[13.617622737671114,51.08221937065455],[13.617618171747937,51.082242266593944],[13.617751222514515,51.08225278798159]]]}},{"type":"Feature","id":"UUID_c8235cde-8d9e-4e96-8fd5-e81e6c029d03","properties":{"id":"UUID_c8235cde-8d9e-4e96-8fd5-e81e6c029d03","height_m":7.162,"ground_m":215.048,"height_source":"LoD1 solid top minus bottom","production":"2024","laser":"2016","footprints":"2022"},"geometry":{"type":"Polygon","coordinates":[[[13.617751222514515,51.08225278798159],[13.617618171747937,51.082242266593944],[13.617615770924406,51.08225431569546],[13.617607238345645,51.08229724591828],[13.617604804415969,51.08230944750761],[13.61773785590757,51.08231995093232],[13.617832006952277,51.08232740427114],[13.617845387965646,51.0822602324877],[13.617751222514515,51.08225278798159]]]}},{"type":"Feature","id":"DESNATPU1000Igaz","properties":{"id":"DESNATPU1000Igaz","height_m":2.232,"ground_m":259.164,"height_source":"LoD1 solid top minus bottom","production":"2024","laser":"2016","footprints":"2022"},"geometry":{"type":"Polygon","coordinates":[[[13.607280711845135,51.06760323896943],[13.607260597403718,51.067560102900536],[13.607188450373993,51.06757192321215],[13.607206222551183,51.06761700983078],[13.607280711845135,51.06760323896943]]]}},{"type":"Feature","id":"DESNATPU1000G34e","properties":{"id":"DESNATPU1000G34e","height_m":6.948,"ground_m":231.772,"height_source":"LoD1 solid top minus bottom","production":"2024","laser":"2016","footprints":"2022"},"geometry":{"type":"Polygon","coordinates":[[[13.613237557950676,51.08240764684545],[13.613371361161228,51.08244025978024],[13.61341536160948,51.082367759181764],[13.613281838644568,51.08233532947942],[13.613237557950676,51.08240764684545]]]}},{"type":"Feature","id":"DESNATPU1000Jf4l","properties":{"id":"DESNATPU1000Jf4l","height_m":2.314,"ground_m":125.237,"height_source":"LoD1 solid top minus bottom","production":"2024","laser":"2016","footprints":"2022"},"geometry":{"type":"Polygon","coordinates":[[[13.624221268574004,51.08183032637626],[13.624218888582147,51.08178542370512],[13.624119032706128,51.08178739588927],[13.624121412601323,51.081832298561686],[13.624221268574004,51.08183032637626]]]}},{"type":"Feature","id":"DESNATPU1000GUn2","properties":{"id":"DESNATPU1000GUn2","height_m":6.636,"ground_m":237.577,"height_source":"LoD1 solid top minus bottom","production":"2024","laser":"2016","footprints":"2022"},"geometry":{"type":"Polygon","coordinates":[[[13.604002771862811,51.08117099721734],[13.604053006133277,51.08117168708286],[13.604054451158959,51.08110470697691],[13.604004351561473,51.08110428850813],[13.604002771862811,51.08117099721734]]]}},{"type":"Feature","id":"DESNATPU1000IwVx","properties":{"id":"DESNATPU1000IwVx","height_m":7.491,"ground_m":250.45,"height_source":"LoD1 solid top minus bottom","production":"2024","laser":"2016","footprints":"2022"},"geometry":{"type":"Polygon","coordinates":[[[13.608263188441246,51.06943259717216],[13.608232853373071,51.069302359789205],[13.608146740107564,51.06930861862141],[13.608153757646296,51.06935017766905],[13.60808006845553,51.069356224686345],[13.60809368689284,51.06942563257339],[13.608167217328786,51.06942012323352],[13.60817049534547,51.06943931724955],[13.608257271029185,51.069434774947005],[13.608256328878653,51.06943287520907],[13.608263188441246,51.06943259717216]]]}},{"type":"Feature","id":"DESNATPU1000Ftvw","properties":{"id":"DESNATPU1000Ftvw","height_m":7.083,"ground_m":139.487,"height_source":"LoD1 solid top minus bottom","production":"2024","laser":"2016","footprints":"2022"},"geometry":{"type":"Polygon","coordinates":[[[13.627853798641965,51.0834568562814],[13.62792002404149,51.08345763365931],[13.627922045540558,51.083389311254095],[13.62785582023853,51.083388533878065],[13.627853798641965,51.0834568562814]]]}},{"type":"Feature","id":"DESNATPU1000BOko","properties":{"id":"DESNATPU1000BOko","height_m":2.459,"ground_m":244.47,"height_source":"LoD1 solid top minus bottom","production":"2024","laser":"2016","footprints":"2022"},"geometry":{"type":"Polygon","coordinates":[[[13.611033017267784,51.06999729918629],[13.611045832028028,51.07000311702951],[13.611074352584792,51.06998016422796],[13.611060140584316,51.06997334055961],[13.611033017267784,51.06999729918629]]]}},{"type":"Feature","id":"DESNATPU1000CJSk","properties":{"id":"DESNATPU1000CJSk","height_m":6.446,"ground_m":232.804,"height_source":"LoD1 solid top minus bottom","production":"2024","laser":"2016","footprints":"2022"},"geometry":{"type":"Polygon","coordinates":[[[13.612849667378335,51.08261203992401],[13.612955992211639,51.082637312757484],[13.612998819446625,51.08256587754414],[13.612892494752248,51.082540604750406],[13.612849667378335,51.08261203992401]]]}},{"type":"Feature","id":"DESNATP1DF0000A1","properties":{"id":"DESNATP1DF0000A1","height_m":7.788,"ground_m":238.223,"height_source":"LoD1 solid top minus bottom","production":"2024","laser":"2016","footprints":"2022"},"geometry":{"type":"Polygon","coordinates":[[[13.601235070928446,51.08087718659855],[13.60127172877134,51.08087688784521],[13.601271503121065,51.08086638139424],[13.601314743760332,51.08086604449133],[13.601313832043095,51.08082100594468],[13.601312923580183,51.08077585952136],[13.601216645284515,51.0807766408934],[13.601217583010582,51.08082176068922],[13.601218524262395,51.08086676361871],[13.601234787657178,51.08086669744382],[13.601235070928446,51.08087718659855]]]}},{"type":"Feature","id":"UUID_0cc6ed0d-ea73-4e30-b23c-21eb5ddbb970","properties":{"id":"UUID_0cc6ed0d-ea73-4e30-b23c-21eb5ddbb970","height_m":9.106,"ground_m":182.862,"height_source":"LoD1 solid top minus bottom","production":"2024","laser":"2016","footprints":"2022"},"geometry":{"type":"Polygon","coordinates":[[[13.609001767654174,51.079272472168626],[13.609001740459615,51.07927242688033],[13.608933676069984,51.07928985453811],[13.60891346254877,51.07929502772217],[13.608929119377331,51.07931945001056],[13.608960231704062,51.07936739289123],[13.608980345082903,51.07936222750022],[13.609048281389851,51.07934478929798],[13.609017451716673,51.07929693973386],[13.609001767654174,51.079272472168626]]]}},{"type":"Feature","id":"UUID_f62d26d6-36e8-46b8-a290-f695d27a6908","properties":{"id":"UUID_f62d26d6-36e8-46b8-a290-f695d27a6908","height_m":6.95,"ground_m":182.862,"height_source":"LoD1 solid top minus bottom","production":"2024","laser":"2016","footprints":"2022"},"geometry":{"type":"Polygon","coordinates":[[[13.60891346254877,51.07929502772217],[13.609001740459615,51.07927242688033],[13.609001767654174,51.079272472168626],[13.609048238750516,51.079260525005225],[13.608997627586895,51.07918202593283],[13.608970071650685,51.07913926934179],[13.608795849744123,51.07918377925412],[13.608823418467614,51.079226581003354],[13.60887401376252,51.07930512492746],[13.608913435354285,51.07929498243386],[13.60891346254877,51.07929502772217]]]}},{"type":"Feature","id":"DESNATPU1000Bkwz","properties":{"id":"DESNATPU1000Bkwz","height_m":5.91,"ground_m":154.172,"height_source":"LoD1 solid top minus bottom","production":"2024","laser":"2016","footprints":"2022"},"geometry":{"type":"Polygon","coordinates":[[[13.615032587970909,51.07957475411252],[13.61497089387434,51.079532385841944],[13.6148880996405,51.07957987664585],[13.614950369950506,51.079622071929094],[13.615032587970909,51.07957475411252]]]}},{"type":"Feature","id":"DESNATPU1000JdYi","properties":{"id":"DESNATPU1000JdYi","height_m":4.042,"ground_m":252.926,"height_source":"LoD1 solid top minus bottom","production":"2024","laser":"2016","footprints":"2022"},"geometry":{"type":"Polygon","coordinates":[[[13.624751981532155,51.0695415329428],[13.624759848309928,51.06956024088211],[13.624767162510464,51.06955906793261],[13.624779071916533,51.069556959828034],[13.624771199802208,51.06953843168595],[13.624751981532155,51.0695415329428]]]}},{"type":"Feature","id":"DESNATPU1000FYKM","properties":{"id":"DESNATPU1000FYKM","height_m":6.831,"ground_m":250.654,"height_source":"LoD1 solid top minus bottom","production":"2024","laser":"2016","footprints":"2022"},"geometry":{"type":"Polygon","coordinates":[[[13.62026309436442,51.070461772265254],[13.62029617252211,51.07053500553243],[13.620587190835098,51.07048295407242],[13.620600844148377,51.07051342140572],[13.62077419073927,51.070482463015786],[13.620727461156417,51.070378672661995],[13.62026309436442,51.070461772265254]]]}},{"type":"Feature","id":"DESNATPU1000EZJj","properties":{"id":"DESNATPU1000EZJj","height_m":4.451,"ground_m":140.95,"height_source":"LoD1 solid top minus bottom","production":"2024","laser":"2016","footprints":"2022"},"geometry":{"type":"Polygon","coordinates":[[[13.619236111748132,51.08023807212149],[13.619238898470355,51.08016700698378],[13.619149912854054,51.0801660187423],[13.619149925360423,51.080189094733036],[13.61911394570935,51.08018869666308],[13.619112521741119,51.08023652219628],[13.619236111748132,51.08023807212149]]]}},{"type":"Feature","id":"DESNATPU1000JLwb","properties":{"id":"DESNATPU1000JLwb","height_m":6.873,"ground_m":125.007,"height_source":"LoD1 solid top minus bottom","production":"2024","laser":"2016","footprints":"2022"},"geometry":{"type":"Polygon","coordinates":[[[13.624981668494875,51.08181692632089],[13.624874939262787,51.08187736218692],[13.624932985453167,51.08191797359551],[13.62499512379189,51.0818826879289],[13.625009892375774,51.08187430039772],[13.625039720035733,51.081857357881375],[13.624981668494875,51.08181692632089]]]}},{"type":"Feature","id":"DESNATP1iE0000Cd","properties":{"id":"DESNATP1iE0000Cd","height_m":4.709,"ground_m":185.101,"height_source":"LoD1 solid top minus bottom","production":"2024","laser":"2016","footprints":"2022"},"geometry":{"type":"Polygon","coordinates":[[[13.609573375742926,51.07905643722849],[13.60952745929777,51.078951797816565],[13.609381650798172,51.078977185889855],[13.609427566667717,51.07908183434599],[13.609573375742926,51.07905643722849]]]}},{"type":"Feature","id":"UUID_0901e1c4-ecdb-452f-a2e7-7a4252550686","properties":{"id":"UUID_0901e1c4-ecdb-452f-a2e7-7a4252550686","height_m":3.417,"ground_m":244.542,"height_source":"LoD1 solid top minus bottom","production":"2024","laser":"2016","footprints":"2022"},"geometry":{"type":"Polygon","coordinates":[[[13.619951140069103,51.06980014796457],[13.619984390945435,51.06980036071118],[13.61998467631478,51.0698003640806],[13.619986728849815,51.069720800809336],[13.619952795819236,51.06972049007921],[13.619951140069103,51.06980014796457]]]}},{"type":"Feature","id":"UUID_a853552f-2ef3-4431-a75d-e5c106ff2d5b","properties":{"id":"UUID_a853552f-2ef3-4431-a75d-e5c106ff2d5b","height_m":7.191,"ground_m":244.542,"height_source":"LoD1 solid top minus bottom","production":"2024","laser":"2016","footprints":"2022"},"geometry":{"type":"Polygon","coordinates":[[[13.62008649864451,51.069693021508016],[13.620037952082269,51.069692628198375],[13.619987465014217,51.06969221195659],[13.619986900071128,51.06972080283097],[13.619986728849815,51.069720800809336],[13.61998467631478,51.0698003640806],[13.619984390945435,51.06980036071118],[13.619983762788058,51.06983587540127],[13.619985189903268,51.069835883258584],[13.620033393903642,51.069836281537924],[13.620081084507362,51.069836664743086],[13.620082964414818,51.06978785528259],[13.62008649864451,51.069693021508016]]]}},{"type":"Feature","id":"DESNATP1DF0000C6","properties":{"id":"DESNATP1DF0000C6","height_m":2.719,"ground_m":198.762,"height_source":"LoD1 solid top minus bottom","production":"2024","laser":"2016","footprints":"2022"},"geometry":{"type":"Polygon","coordinates":[[[13.626522094061473,51.08042983057376],[13.62649794416494,51.08035826893525],[13.626328034042444,51.08038102078812],[13.626352183687287,51.08045258245955],[13.626522094061473,51.08042983057376]]]}},{"type":"Feature","id":"DESNATPU1000GcuY","properties":{"id":"DESNATPU1000GcuY","height_m":7.692,"ground_m":253.198,"height_source":"LoD1 solid top minus bottom","production":"2024","laser":"2016","footprints":"2022"},"geometry":{"type":"Polygon","coordinates":[[[13.607878460974495,51.07008629916966],[13.607722073362979,51.0699181297742],[13.607707969278982,51.06990297051861],[13.607699120752008,51.06989342251649],[13.60752765039799,51.069956758505576],[13.607608126977807,51.07004324019822],[13.607619882861005,51.070055790515234],[13.60763799720908,51.07007525121924],[13.60770699014211,51.070149635416186],[13.607878460974495,51.07008629916966]]]}},{"type":"Feature","id":"DESNATPU1000I364","properties":{"id":"DESNATPU1000I364","height_m":2.712,"ground_m":164.173,"height_source":"LoD1 solid top minus bottom","production":"2024","laser":"2016","footprints":"2022"},"geometry":{"type":"Polygon","coordinates":[[[13.611833042472199,51.078407467408304],[13.611795780341858,51.078474292003555],[13.611843556415804,51.07848547106786],[13.611866106402973,51.078442752655604],[13.61187912479198,51.07841799683777],[13.61187245774704,51.07841656872109],[13.611894878531613,51.07837816537622],[13.611855463284712,51.07836906407116],[13.611833042472199,51.078407467408304]]]}},{"type":"Feature","id":"DESNATPU1000EFjN","properties":{"id":"DESNATPU1000EFjN","height_m":8.916,"ground_m":237.044,"height_source":"LoD1 solid top minus bottom","production":"2024","laser":"2016","footprints":"2022"},"geometry":{"type":"Polygon","coordinates":[[[13.6095671057386,51.08284660407628],[13.609577204245408,51.08284312702857],[13.609551905129496,51.08281548758928],[13.60943959616012,51.08285650827225],[13.609396431005505,51.08287236188748],[13.609440385933567,51.08292063724285],[13.609460708693456,51.08294282175004],[13.609475579134259,51.08293733310503],[13.609523637385093,51.08292018872771],[13.609616872342068,51.08288676493156],[13.609591298511978,51.08285876251642],[13.609581345422358,51.08286215136582],[13.6095671057386,51.08284660407628]]]}},{"type":"Feature","id":"UUID_c3cddabc-359d-491c-a999-7e793e6e9a12","properties":{"id":"UUID_c3cddabc-359d-491c-a999-7e793e6e9a12","height_m":2.863,"ground_m":253.399,"height_source":"LoD1 solid top minus bottom","production":"2024","laser":"2016","footprints":"2022"},"geometry":{"type":"Polygon","coordinates":[[[13.624776145279355,51.06886114196921],[13.624764240626263,51.06883420294538],[13.624752618685905,51.068807357176055],[13.624183930152306,51.06890516223823],[13.624183614385517,51.06890522147178],[13.624206407086668,51.06895918659403],[13.624776145279355,51.06886114196921]]]}},{"type":"Feature","id":"UUID_27fb16f2-5737-4a9d-bc47-99c5fa820a06","properties":{"id":"UUID_27fb16f2-5737-4a9d-bc47-99c5fa820a06","height_m":3.759,"ground_m":253.399,"height_source":"LoD1 solid top minus bottom","production":"2024","laser":"2016","footprints":"2022"},"geometry":{"type":"Polygon","coordinates":[[[13.62484695164813,51.06902641990207],[13.62483459948182,51.06899772199868],[13.62479308390958,51.06890123393711],[13.624793370872704,51.06890118335595],[13.624781199487519,51.06887361169016],[13.624211648771032,51.06897158660332],[13.624138984273653,51.068984085748745],[13.624170312019945,51.06905635305239],[13.624170365894074,51.069056461601804],[13.624174166305977,51.06906548128852],[13.624185406181253,51.069091243465586],[13.62418740780386,51.06909594335416],[13.624196898506039,51.069117638118605],[13.624197959996943,51.0691203484945],[13.624215066489826,51.06915957920024],[13.624856645892661,51.06904896234274],[13.62484675082673,51.069026453511015],[13.62484695164813,51.06902641990207]]]}},{"type":"Feature","id":"UUID_97094ccd-14f6-4855-980f-3cfe6493b1b0","properties":{"id":"UUID_97094ccd-14f6-4855-980f-3cfe6493b1b0","height_m":3.845,"ground_m":253.399,"height_source":"LoD1 solid top minus bottom","production":"2024","laser":"2016","footprints":"2022"},"geometry":{"type":"Polygon","coordinates":[[[13.624073476466872,51.06899109347947],[13.62407520003504,51.068995061668915],[13.62412647412166,51.06898624067353],[13.624211648771032,51.06897158660332],[13.624206306675891,51.06895920339795],[13.624206407086668,51.06895918659403],[13.624183614385517,51.06890522147178],[13.624183930152306,51.06890516223823],[13.62417243788521,51.06887876758348],[13.624129107969601,51.06888635116177],[13.624098554060806,51.06889147717353],[13.624086746806798,51.068893514467455],[13.62407516890957,51.068895518488524],[13.624034996632636,51.0689025096991],[13.624073476466872,51.06899109347947]]]}},{"type":"Feature","id":"UUID_ffc7b504-aef8-42df-a37c-49926867168d","properties":{"id":"UUID_ffc7b504-aef8-42df-a37c-49926867168d","height_m":3.971,"ground_m":253.399,"height_source":"LoD1 solid top minus bottom","production":"2024","laser":"2016","footprints":"2022"},"geometry":{"type":"Polygon","coordinates":[[[13.624805380938076,51.068929382627694],[13.624793370872704,51.06890118335595],[13.62479308390958,51.06890123393711],[13.62484695164813,51.06902641990207],[13.624870133315552,51.06902250193974],[13.624871553866262,51.06902224886511],[13.624893806494335,51.069018373925125],[13.62485399149932,51.0689266271852],[13.624851720438041,51.06892138456189],[13.624829626402471,51.0689252074021],[13.624828335334366,51.068925426027945],[13.624823600174444,51.068926269608276],[13.624805380938076,51.068929382627694]]]}},{"type":"Feature","id":"UUID_e914626b-7a7c-4f01-bbff-6f7f5799fe92","properties":{"id":"UUID_e914626b-7a7c-4f01-bbff-6f7f5799fe92","height_m":4.466,"ground_m":253.399,"height_source":"LoD1 solid top minus bottom","production":"2024","laser":"2016","footprints":"2022"},"geometry":{"type":"Polygon","coordinates":[[[13.62407520003504,51.068995061668915],[13.624106611698792,51.06906738393538],[13.624123538892798,51.06906452560293],[13.624140323402115,51.069061665588386],[13.624155963782464,51.069058882032586],[13.624158688081648,51.069058464455075],[13.624170312019945,51.06905635305239],[13.624138984273653,51.068984085748745],[13.62407520003504,51.068995061668915]]]}},{"type":"Feature","id":"DESNATPU1000FqsI","properties":{"id":"DESNATPU1000FqsI","height_m":7.465,"ground_m":250.529,"height_source":"LoD1 solid top minus bottom","production":"2024","laser":"2016","footprints":"2022"},"geometry":{"type":"Polygon","coordinates":[[[13.62195133462446,51.07002905690766],[13.621954869048556,51.07004942261641],[13.62198280694213,51.070218909144124],[13.622013252478544,51.07021746950836],[13.622132743620288,51.07021195366599],[13.62213224496141,51.07020951969463],[13.622123749380373,51.07015914902807],[13.622099786588103,51.07001920622906],[13.62195133462446,51.07002905690766]]]}},{"type":"Feature","id":"DESNATPU1000JVun","properties":{"id":"DESNATPU1000JVun","height_m":5.566,"ground_m":164.404,"height_source":"LoD1 solid top minus bottom","production":"2024","laser":"2016","footprints":"2022"},"geometry":{"type":"Polygon","coordinates":[[[13.62858233015074,51.08176421663481],[13.628488465385482,51.081785687537504],[13.62851291380396,51.081827971306616],[13.628606781302624,51.08180641048707],[13.62858233015074,51.08176421663481]]]}},{"type":"Feature","id":"DESNATPU1000Ed2W","properties":{"id":"DESNATPU1000Ed2W","height_m":8.618,"ground_m":147.478,"height_source":"LoD1 solid top minus bottom","production":"2024","laser":"2016","footprints":"2022"},"geometry":{"type":"Polygon","coordinates":[[[13.62361834222249,51.08139741376286],[13.623738632908829,51.08146214028015],[13.623811905998448,51.08140814617521],[13.623691472626572,51.081343418052576],[13.62361834222249,51.08139741376286]]]}},{"type":"Feature","id":"DESNATP1iE0000CB","properties":{"id":"DESNATP1iE0000CB","height_m":2.578,"ground_m":241.895,"height_source":"LoD1 solid top minus bottom","production":"2024","laser":"2016","footprints":"2022"},"geometry":{"type":"Polygon","coordinates":[[[13.603803466357185,51.08225551174517],[13.603785799488044,51.08221302494097],[13.603736583614364,51.082221151212025],[13.603754250711876,51.08226362903358],[13.603803466357185,51.08225551174517]]]}},{"type":"Feature","id":"DESNATPU1000HpYN","properties":{"id":"DESNATPU1000HpYN","height_m":6.809,"ground_m":161.085,"height_source":"LoD1 solid top minus bottom","production":"2024","laser":"2016","footprints":"2022"},"geometry":{"type":"Polygon","coordinates":[[[13.615219779256766,51.079363479826405],[13.61516705394283,51.079427154607565],[13.615262645561364,51.07945787383242],[13.615322518960669,51.07938430153684],[13.615277980110452,51.079369834870604],[13.615269830242305,51.07937981040138],[13.615219779256766,51.079363479826405]]]}},{"type":"Feature","id":"DESNATPU1000DnHl","properties":{"id":"DESNATPU1000DnHl","height_m":6.421,"ground_m":217.767,"height_source":"LoD1 solid top minus bottom","production":"2024","laser":"2016","footprints":"2022"},"geometry":{"type":"Polygon","coordinates":[[[13.628146726337803,51.07846311106803],[13.628099065942175,51.0784768504297],[13.628104278927818,51.07848401602071],[13.628050571415361,51.07849948297172],[13.628070228021455,51.07852656654494],[13.628091585675909,51.078555990253136],[13.628245799597684,51.078511486634355],[13.628224454806578,51.07848210807001],[13.628203548639743,51.07845334616777],[13.62815056539014,51.078468461947786],[13.628146726337803,51.07846311106803]]]}},{"type":"Feature","id":"DESNATPU1000JU6h","properties":{"id":"DESNATPU1000JU6h","height_m":3.275,"ground_m":177.941,"height_source":"LoD1 solid top minus bottom","production":"2024","laser":"2016","footprints":"2022"},"geometry":{"type":"Polygon","coordinates":[[[13.620720045489161,51.08170174367015],[13.620718176597464,51.08176458213176],[13.620789534683878,51.08176551405526],[13.620791408826008,51.08170249579647],[13.620720045489161,51.08170174367015]]]}},{"type":"Feature","id":"DESNATPU1000Dc3G","properties":{"id":"DESNATPU1000Dc3G","height_m":5.398,"ground_m":214.34,"height_source":"LoD1 solid top minus bottom","production":"2024","laser":"2016","footprints":"2022"},"geometry":{"type":"Polygon","coordinates":[[[13.618078858916709,51.082368237074114],[13.618100486008796,51.08226676482577],[13.61795024555853,51.08225383732923],[13.617942632780576,51.08228890964387],[13.617915146190326,51.08228660620802],[13.617909530048344,51.082312169631116],[13.617937016653416,51.08231447306839],[13.617931180926877,51.082355070061354],[13.618078858916709,51.082368237074114]]]}},{"type":"Feature","id":"DESNATPU1000Cuu2","properties":{"id":"DESNATPU1000Cuu2","height_m":3.446,"ground_m":184.28,"height_source":"LoD1 solid top minus bottom","production":"2024","laser":"2016","footprints":"2022"},"geometry":{"type":"Polygon","coordinates":[[[13.62800231444091,51.08101882199451],[13.628085086517931,51.081005494774395],[13.628063788488816,51.08095326574661],[13.627980871120458,51.08096668117516],[13.62800231444091,51.08101882199451]]]}},{"type":"Feature","id":"DESNATPU1000Isxy","properties":{"id":"DESNATPU1000Isxy","height_m":6.113,"ground_m":259.198,"height_source":"LoD1 solid top minus bottom","production":"2024","laser":"2016","footprints":"2022"},"geometry":{"type":"Polygon","coordinates":[[[13.606569068512954,51.06790267542682],[13.606663863018433,51.06790668329435],[13.60667200434358,51.06783519645319],[13.606576784649512,51.067831093592936],[13.606569068512954,51.06790267542682]]]}},{"type":"Feature","id":"DESNATPU1000FTjB","properties":{"id":"DESNATPU1000FTjB","height_m":3.058,"ground_m":258.765,"height_source":"LoD1 solid top minus bottom","production":"2024","laser":"2016","footprints":"2022"},"geometry":{"type":"Polygon","coordinates":[[[13.60613061151055,51.06769339713053],[13.606165526954687,51.06775217778853],[13.606232223507503,51.06773651606914],[13.60619745336764,51.06767764723452],[13.60613061151055,51.06769339713053]]]}},{"type":"Feature","id":"DESNATP1iE0000Aq","properties":{"id":"DESNATP1iE0000Aq","height_m":3.474,"ground_m":238.503,"height_source":"LoD1 solid top minus bottom","production":"2024","laser":"2016","footprints":"2022"},"geometry":{"type":"Polygon","coordinates":[[[13.602897789056746,51.08158995070574],[13.60288548397661,51.08149652890789],[13.602744818767823,51.081503876427206],[13.602757109564807,51.08159728907727],[13.602897789056746,51.08158995070574]]]}},{"type":"Feature","id":"DESNATPU1000JHLc","properties":{"id":"DESNATPU1000JHLc","height_m":2.392,"ground_m":230.604,"height_source":"LoD1 solid top minus bottom","production":"2024","laser":"2016","footprints":"2022"},"geometry":{"type":"Polygon","coordinates":[[[13.61456104148927,51.082189237125235],[13.614631324092125,51.08203740623938],[13.61456985906329,51.0820259851557],[13.614499576277954,51.082177816003465],[13.61456104148927,51.082189237125235]]]}},{"type":"Feature","id":"UUID_31ed933b-a105-49eb-a852-e354d735d237","properties":{"id":"UUID_31ed933b-a105-49eb-a852-e354d735d237","height_m":3.618,"ground_m":204.631,"height_source":"LoD1 solid top minus bottom","production":"2024","laser":"2016","footprints":"2022"},"geometry":{"type":"Polygon","coordinates":[[[13.62572121559991,51.080018235940784],[13.625726499611915,51.08001914340028],[13.62589899653136,51.08000831147331],[13.625892032071834,51.07996389451066],[13.625739843652696,51.079973526329596],[13.62572121559991,51.080018235940784]]]}},{"type":"Feature","id":"UUID_362f065d-238d-423c-b5a0-ff94240b1a19","properties":{"id":"UUID_362f065d-238d-423c-b5a0-ff94240b1a19","height_m":3.605,"ground_m":204.631,"height_source":"LoD1 solid top minus bottom","production":"2024","laser":"2016","footprints":"2022"},"geometry":{"type":"Polygon","coordinates":[[[13.625680732464042,51.07997373063317],[13.625665564624448,51.08000862468],[13.62572121559991,51.080018235940784],[13.625735801993361,51.07998320914996],[13.625680732464042,51.07997373063317]]]}},{"type":"Feature","id":"UUID_7979d44b-caa6-4879-91fd-e146877e2c8c","properties":{"id":"UUID_7979d44b-caa6-4879-91fd-e146877e2c8c","height_m":6.51,"ground_m":204.631,"height_source":"LoD1 solid top minus bottom","production":"2024","laser":"2016","footprints":"2022"},"geometry":{"type":"Polygon","coordinates":[[[13.625680732464042,51.07997373063317],[13.625687067509483,51.079974821317535],[13.625735801993361,51.07998320914996],[13.625739843652696,51.079973526329596],[13.625753477713097,51.079942211408316],[13.625752923783613,51.079942114966606],[13.625765280122822,51.07991248468349],[13.625764783013741,51.07991239790278],[13.62577765284845,51.07988278264828],[13.625729684866208,51.07987454773134],[13.625682057821367,51.07986637076076],[13.625638688235918,51.079966491598746],[13.625680732464042,51.07997373063317]]]}},{"type":"Feature","id":"UUID_369d9bb1-0470-4dad-a0cb-592e3c86c665","properties":{"id":"UUID_369d9bb1-0470-4dad-a0cb-592e3c86c665","height_m":3.615,"ground_m":204.631,"height_source":"LoD1 solid top minus bottom","production":"2024","laser":"2016","footprints":"2022"},"geometry":{"type":"Polygon","coordinates":[[[13.625752923783613,51.079942114966606],[13.625753477713097,51.079942211408316],[13.625780468600265,51.07994675540739],[13.625793190391496,51.07991731826922],[13.625765280122822,51.07991248468349],[13.625752923783613,51.079942114966606]]]}},{"type":"Feature","id":"UUID_4ac317c8-8dea-4829-9525-18e379ee0d3c","properties":{"id":"UUID_4ac317c8-8dea-4829-9525-18e379ee0d3c","height_m":2.847,"ground_m":252.791,"height_source":"LoD1 solid top minus bottom","production":"2024","laser":"2016","footprints":"2022"},"geometry":{"type":"Polygon","coordinates":[[[13.624325455045181,51.070316866393426],[13.624353289893076,51.070399623241904],[13.624373752479535,51.07046047645598],[13.62445683609437,51.07045048290779],[13.624946811108334,51.07036514992363],[13.624921720278719,51.070296688296615],[13.624903780647584,51.070256638539725],[13.62488583305332,51.07021685847401],[13.624325455045181,51.070316866393426]]]}},{"type":"Feature","id":"UUID_66d6a425-6a64-4efa-a962-e79ad7ce6c6c","properties":{"id":"UUID_66d6a425-6a64-4efa-a962-e79ad7ce6c6c","height_m":2.81,"ground_m":252.791,"height_source":"LoD1 solid top minus bottom","production":"2024","laser":"2016","footprints":"2022"},"geometry":{"type":"Polygon","coordinates":[[[13.624289600733254,51.07036063566085],[13.624291916736631,51.070365806879344],[13.624309858543757,51.07040576682772],[13.624353289893076,51.070399623241904],[13.624337575718311,51.070352890861095],[13.624325455045181,51.070316866393426],[13.624274112314959,51.0703260284036],[13.624289600733254,51.07036063566085]]]}},{"type":"Feature","id":"DESNATPU1000ISBx","properties":{"id":"DESNATPU1000ISBx","height_m":4.874,"ground_m":142.951,"height_source":"LoD1 solid top minus bottom","production":"2024","laser":"2016","footprints":"2022"},"geometry":{"type":"Polygon","coordinates":[[[13.629284075383255,51.08282129123051],[13.629374530529887,51.08279447388713],[13.629344178617966,51.082753829739524],[13.629253728848418,51.08278046726416],[13.629284075383255,51.08282129123051]]]}},{"type":"Feature","id":"DESNATPU1000Ikpc","properties":{"id":"DESNATPU1000Ikpc","height_m":2.557,"ground_m":241.051,"height_source":"LoD1 solid top minus bottom","production":"2024","laser":"2016","footprints":"2022"},"geometry":{"type":"Polygon","coordinates":[[[13.605418780372696,51.08133664311793],[13.605378544079612,51.081407027372016],[13.605374011081185,51.08141533671578],[13.605422946547565,51.081425992650644],[13.60546010729166,51.08135817963955],[13.605490179979324,51.08136465361221],[13.60549809335577,51.08134838088198],[13.605464608930342,51.08134141656109],[13.605462063761715,51.081345343086674],[13.605418780372696,51.08133664311793]]]}},{"type":"Feature","id":"DESNATPU1000B2c9","properties":{"id":"DESNATPU1000B2c9","height_m":3.222,"ground_m":144.314,"height_source":"LoD1 solid top minus bottom","production":"2024","laser":"2016","footprints":"2022"},"geometry":{"type":"Polygon","coordinates":[[[13.618464897554514,51.08063543963388],[13.618549618149693,51.0806526282004],[13.618579807733038,51.080592912261906],[13.618494939161451,51.08057590182625],[13.618464897554514,51.08063543963388]]]}},{"type":"Feature","id":"UUID_17f9763e-54d8-4593-93d0-fc66c7cff276","properties":{"id":"UUID_17f9763e-54d8-4593-93d0-fc66c7cff276","height_m":6.235,"ground_m":203.919,"height_source":"LoD1 solid top minus bottom","production":"2024","laser":"2016","footprints":"2022"},"geometry":{"type":"Polygon","coordinates":[[[13.618282516517954,51.0816631534579],[13.618285873746679,51.08174215100203],[13.61833425496567,51.081741328988365],[13.618333931785894,51.081734445582654],[13.618421627119218,51.08173283821376],[13.618491204501147,51.08173171809358],[13.618487928838428,51.08165955614167],[13.618282516517954,51.0816631534579]]]}},{"type":"Feature","id":"UUID_31477b72-c9cd-40b6-b850-c79348e5f0ad","properties":{"id":"UUID_31477b72-c9cd-40b6-b850-c79348e5f0ad","height_m":9.589,"ground_m":203.919,"height_source":"LoD1 solid top minus bottom","production":"2024","laser":"2016","footprints":"2022"},"geometry":{"type":"Polygon","coordinates":[[[13.618336274708296,51.081785193358684],[13.61833425496567,51.081741328988365],[13.618285873746679,51.08174215100203],[13.618185883124758,51.08174384673651],[13.618187855892764,51.08178784544847],[13.618336274708296,51.081785193358684]]]}},{"type":"Feature","id":"DESNATP1DF0000BM","properties":{"id":"DESNATP1DF0000BM","height_m":2.495,"ground_m":201.472,"height_source":"LoD1 solid top minus bottom","production":"2024","laser":"2016","footprints":"2022"},"geometry":{"type":"Polygon","coordinates":[[[13.626590199273684,51.080161122053845],[13.626557295162826,51.080054457126046],[13.626466275825049,51.08006670612099],[13.626499179467986,51.080173380062455],[13.626590199273684,51.080161122053845]]]}},{"type":"Feature","id":"DESNATPU1000Je4z","properties":{"id":"DESNATPU1000Je4z","height_m":8.142,"ground_m":238.017,"height_source":"LoD1 solid top minus bottom","production":"2024","laser":"2016","footprints":"2022"},"geometry":{"type":"Polygon","coordinates":[[[13.607114932029713,51.08264258667082],[13.607011056348686,51.08267372336828],[13.606997516124945,51.08267769875514],[13.607052359311568,51.082748407244694],[13.607053581719352,51.082750490185674],[13.607171164791936,51.0827145706731],[13.607148339390038,51.08268543138465],[13.607114932029713,51.08264258667082]]]}},{"type":"Feature","id":"DESNATPU1000FhWW","properties":{"id":"DESNATPU1000FhWW","height_m":4.786,"ground_m":181.882,"height_source":"LoD1 solid top minus bottom","production":"2024","laser":"2016","footprints":"2022"},"geometry":{"type":"Polygon","coordinates":[[[13.607565728726302,51.07622106714246],[13.60766525700942,51.07623439324189],[13.607738669347048,51.076014401130735],[13.60763928421542,51.07600107679678],[13.607565728726302,51.07622106714246]]]}},{"type":"Feature","id":"UUID_5f78c0e2-780f-448d-88f2-d83e6efa36ea","properties":{"id":"UUID_5f78c0e2-780f-448d-88f2-d83e6efa36ea","height_m":9.007,"ground_m":224.231,"height_source":"LoD1 solid top minus bottom","production":"2024","laser":"2016","footprints":"2022"},"geometry":{"type":"Polygon","coordinates":[[[13.614937200444386,51.08261246845096],[13.614943384346429,51.08259950198599],[13.614876555223214,51.08258695634257],[13.614870190328082,51.08259976777967],[13.614937200444386,51.08261246845096]]]}},{"type":"Feature","id":"UUID_e1def1e5-e6a8-4fd7-af90-1ee8f93d1c98","properties":{"id":"UUID_e1def1e5-e6a8-4fd7-af90-1ee8f93d1c98","height_m":8.675,"ground_m":224.231,"height_source":"LoD1 solid top minus bottom","production":"2024","laser":"2016","footprints":"2022"},"geometry":{"type":"Polygon","coordinates":[[[13.614951148165607,51.08269282362145],[13.614985101459762,51.08262154333904],[13.614937200444386,51.08261246845096],[13.614870190328082,51.08259976777967],[13.614870175518693,51.08259978559004],[13.614812237955718,51.08258878414084],[13.61477829815714,51.082660082520185],[13.614951148165607,51.08269282362145]]]}},{"type":"Feature","id":"DESNATPU1000EgEt","properties":{"id":"DESNATPU1000EgEt","height_m":4.623,"ground_m":257.112,"height_source":"LoD1 solid top minus bottom","production":"2024","laser":"2016","footprints":"2022"},"geometry":{"type":"Polygon","coordinates":[[[13.607296405749493,51.068340488262784],[13.60733864634139,51.06838829451264],[13.607343737265188,51.068385117711685],[13.607448998786301,51.06832099316265],[13.60739076122738,51.06828306845189],[13.607296405749493,51.068340488262784]]]}},{"type":"Feature","id":"DESNATPU1000BYkg","properties":{"id":"DESNATPU1000BYkg","height_m":6.916,"ground_m":253.662,"height_source":"LoD1 solid top minus bottom","production":"2024","laser":"2016","footprints":"2022"},"geometry":{"type":"Polygon","coordinates":[[[13.622793484014485,51.07047109368129],[13.622806695959882,51.07050686138207],[13.622814010357132,51.07050568855651],[13.622824716748385,51.07053450217205],[13.622880169090353,51.070526360455],[13.622939262741673,51.070517686065365],[13.622932268677383,51.0704984487102],[13.62292831093352,51.07048752062874],[13.622905036526515,51.07042528508453],[13.622847232505224,51.07043379479311],[13.622793069787202,51.07044177183133],[13.622803372107708,51.07046977132386],[13.622793484014485,51.07047109368129]]]}},{"type":"Feature","id":"DESNATPU1000Je5t","properties":{"id":"DESNATPU1000Je5t","height_m":9.022,"ground_m":237.923,"height_source":"LoD1 solid top minus bottom","production":"2024","laser":"2016","footprints":"2022"},"geometry":{"type":"Polygon","coordinates":[[[13.602627445356463,51.08070266858285],[13.602626545696655,51.08070267581348],[13.602553337231619,51.080703041623],[13.602556250097441,51.08091908677851],[13.602629388357252,51.08091869314767],[13.602701469963128,51.08091830482552],[13.602698693720875,51.08070244116837],[13.602627445356463,51.08070266858285]]]}},{"type":"Feature","id":"DESNATPU1000G7L7","properties":{"id":"DESNATPU1000G7L7","height_m":6.22,"ground_m":258.076,"height_source":"LoD1 solid top minus bottom","production":"2024","laser":"2016","footprints":"2022"},"geometry":{"type":"Polygon","coordinates":[[[13.607338456041601,51.067871557282224],[13.60730191565262,51.067890636578774],[13.607291618214026,51.06789608950437],[13.607370749347485,51.067955936238015],[13.60745181234308,51.06791337622085],[13.607378334654708,51.067850629230534],[13.607338456041601,51.067871557282224]]]}},{"type":"Feature","id":"DESNATPU1000G4vU","properties":{"id":"DESNATPU1000G4vU","height_m":2.847,"ground_m":242.535,"height_source":"LoD1 solid top minus bottom","production":"2024","laser":"2016","footprints":"2022"},"geometry":{"type":"Polygon","coordinates":[[[13.601796973463289,51.07969829844221],[13.601795219075687,51.0797612280259],[13.601866433467631,51.07976207987104],[13.601868330472701,51.07969915199257],[13.601796973463289,51.07969829844221]]]}},{"type":"Feature","id":"DESNATPU1000F72L","properties":{"id":"DESNATPU1000F72L","height_m":2.787,"ground_m":242.547,"height_source":"LoD1 solid top minus bottom","production":"2024","laser":"2016","footprints":"2022"},"geometry":{"type":"Polygon","coordinates":[[[13.60161500214714,51.07971069012127],[13.601615388225413,51.07977364531072],[13.601686632444938,51.07977350839898],[13.601686388983994,51.07971055491626],[13.60161500214714,51.07971069012127]]]}},{"type":"Feature","id":"DESNATPU1000DMJt","properties":{"id":"DESNATPU1000DMJt","height_m":4.257,"ground_m":163.472,"height_source":"LoD1 solid top minus bottom","production":"2024","laser":"2016","footprints":"2022"},"geometry":{"type":"Polygon","coordinates":[[[13.621288125627524,51.08210539303423],[13.6212891937101,51.08216071208691],[13.621377587210839,51.08216013592464],[13.621376378972627,51.082104725290975],[13.621288125627524,51.08210539303423]]]}},{"type":"Feature","id":"DESNATPU1000Fzhc","properties":{"id":"DESNATPU1000Fzhc","height_m":6.851,"ground_m":125.897,"height_source":"LoD1 solid top minus bottom","production":"2024","laser":"2016","footprints":"2022"},"geometry":{"type":"Polygon","coordinates":[[[13.624156915055075,51.08192534349723],[13.624120992648715,51.08194077518328],[13.624086631889899,51.08195554177883],[13.624157524014167,51.08202031587291],[13.624162343278758,51.08202630792299],[13.624197216267543,51.08201160129171],[13.62422292275458,51.08200076163154],[13.624233622893858,51.081996211253106],[13.624156915055075,51.08192534349723]]]}},{"type":"Feature","id":"DESNATPU1000FpBX","properties":{"id":"DESNATPU1000FpBX","height_m":6.746,"ground_m":223.569,"height_source":"LoD1 solid top minus bottom","production":"2024","laser":"2016","footprints":"2022"},"geometry":{"type":"Polygon","coordinates":[[[13.615185306405465,51.08272219902867],[13.615201710277937,51.08267967697993],[13.615092988183063,51.08266292107022],[13.615063593995126,51.08273883279819],[13.615156260900829,51.08275297043419],[13.61516910296761,51.082719758832376],[13.615185306405465,51.08272219902867]]]}},{"type":"Feature","id":"DESNATPU1000G4lJ","properties":{"id":"DESNATPU1000G4lJ","height_m":5.62,"ground_m":195.463,"height_source":"LoD1 solid top minus bottom","production":"2024","laser":"2016","footprints":"2022"},"geometry":{"type":"Polygon","coordinates":[[[13.609481811230202,51.07444955250453],[13.609316522043883,51.07449668744506],[13.609357356429934,51.074553559024025],[13.60952250308116,51.074506422329854],[13.609481811230202,51.07444955250453]]]}},{"type":"Feature","id":"DESNATP1iE0000BF","properties":{"id":"DESNATP1iE0000BF","height_m":2.194,"ground_m":240.733,"height_source":"LoD1 solid top minus bottom","production":"2024","laser":"2016","footprints":"2022"},"geometry":{"type":"Polygon","coordinates":[[[13.604096709824503,51.078277193836826],[13.604068084783549,51.07834886743409],[13.604123042600335,51.078357581437814],[13.604151667832811,51.07828589883689],[13.604096709824503,51.078277193836826]]]}},{"type":"Feature","id":"DESNATPU1000Gil5","properties":{"id":"DESNATPU1000Gil5","height_m":3.077,"ground_m":261.019,"height_source":"LoD1 solid top minus bottom","production":"2024","laser":"2016","footprints":"2022"},"geometry":{"type":"Polygon","coordinates":[[[13.608658988484514,51.06712414300308],[13.608557310473033,51.06716077488206],[13.608666927295273,51.067274923401065],[13.608782443728956,51.067230884086115],[13.608710735476661,51.06715622534552],[13.608690883569672,51.06716379490924],[13.608658988484514,51.06712414300308]]]}},{"type":"Feature","id":"DESNATPU1000EnO0","properties":{"id":"DESNATPU1000EnO0","height_m":3.904,"ground_m":203.384,"height_source":"LoD1 solid top minus bottom","production":"2024","laser":"2016","footprints":"2022"},"geometry":{"type":"Polygon","coordinates":[[[13.617904679589673,51.083121655055145],[13.617911232964936,51.083184413197905],[13.617982422896015,51.08318147788253],[13.61797587210378,51.08311862984546],[13.617904679589673,51.083121655055145]]]}},{"type":"Feature","id":"UUID_c2f090ad-4f23-4956-910f-0e250ab9a402","properties":{"id":"UUID_c2f090ad-4f23-4956-910f-0e250ab9a402","height_m":3.789,"ground_m":237.911,"height_source":"LoD1 solid top minus bottom","production":"2024","laser":"2016","footprints":"2022"},"geometry":{"type":"Polygon","coordinates":[[[13.602574636454186,51.08137876467788],[13.602502368812628,51.0813824601008],[13.602511513067155,51.08145329886502],[13.602583809633368,51.08144959478891],[13.602574636454186,51.08137876467788]]]}},{"type":"Feature","id":"UUID_60295be2-9249-4001-aae5-a9321a8981c7","properties":{"id":"UUID_60295be2-9249-4001-aae5-a9321a8981c7","height_m":3.762,"ground_m":237.911,"height_source":"LoD1 solid top minus bottom","production":"2024","laser":"2016","footprints":"2022"},"geometry":{"type":"Polygon","coordinates":[[[13.60272872542008,51.08134286338855],[13.602724616887732,51.081311006262894],[13.602589790597667,51.081317910794034],[13.602593912767986,51.08134978607367],[13.60272872542008,51.08134286338855]]]}},{"type":"Feature","id":"UUID_1dfebacd-a37d-43b5-8fb5-964e2d304333","properties":{"id":"UUID_1dfebacd-a37d-43b5-8fb5-964e2d304333","height_m":7.481,"ground_m":237.911,"height_source":"LoD1 solid top minus bottom","production":"2024","laser":"2016","footprints":"2022"},"geometry":{"type":"Polygon","coordinates":[[[13.60272872542008,51.08134286338855],[13.602571034093303,51.081350960418966],[13.602583809633368,51.08144959478891],[13.602741472208402,51.081441515382174],[13.60272872542008,51.08134286338855]]]}},{"type":"Feature","id":"DESNATPU1000JeBt","properties":{"id":"DESNATPU1000JeBt","height_m":6.175,"ground_m":238.247,"height_source":"LoD1 solid top minus bottom","production":"2024","laser":"2016","footprints":"2022"},"geometry":{"type":"Polygon","coordinates":[[[13.604601484767912,51.07710699849702],[13.604616297149285,51.077041706725524],[13.604534718630427,51.077034347816365],[13.60451975802156,51.0770998176672],[13.604601484767912,51.07710699849702]]]}},{"type":"Feature","id":"DESNATPU1000Jh5D","properties":{"id":"DESNATPU1000Jh5D","height_m":7.834,"ground_m":244.166,"height_source":"LoD1 solid top minus bottom","production":"2024","laser":"2016","footprints":"2022"},"geometry":{"type":"Polygon","coordinates":[[[13.602307818674278,51.07839071950781],[13.60248986246442,51.078375270036375],[13.602470880621423,51.078286489604004],[13.602288837174592,51.078301939048785],[13.602307818674278,51.07839071950781]]]}},{"type":"Feature","id":"DESNATPU1000IGVW","properties":{"id":"DESNATPU1000IGVW","height_m":3.053,"ground_m":171.099,"height_source":"LoD1 solid top minus bottom","production":"2024","laser":"2016","footprints":"2022"},"geometry":{"type":"Polygon","coordinates":[[[13.618141609203908,51.0786633365364],[13.6182032683536,51.07874527159696],[13.618250242422695,51.0787307187822],[13.618189000630622,51.07864914839749],[13.618141609203908,51.0786633365364]]]}},{"type":"Feature","id":"DESNATPU1000IpuV","properties":{"id":"DESNATPU1000IpuV","height_m":8.335,"ground_m":249.572,"height_source":"LoD1 solid top minus bottom","production":"2024","laser":"2016","footprints":"2022"},"geometry":{"type":"Polygon","coordinates":[[[13.621632881673573,51.07000057121866],[13.62162579061811,51.06995579269643],[13.621611993867802,51.069867679064195],[13.621458534967656,51.069877919713875],[13.621472775511137,51.06996549902336],[13.621480011776516,51.07001018933868],[13.621632881673573,51.07000057121866]]]}},{"type":"Feature","id":"UUID_e1025af6-2a4f-4f8e-825d-eed6a8fdc27f","properties":{"id":"UUID_e1025af6-2a4f-4f8e-825d-eed6a8fdc27f","height_m":3.545,"ground_m":157.272,"height_source":"LoD1 solid top minus bottom","production":"2024","laser":"2016","footprints":"2022"},"geometry":{"type":"Polygon","coordinates":[[[13.614245717015779,51.07932368012646],[13.614157013227672,51.079285604576675],[13.614124437425794,51.07931178345848],[13.614217404488262,51.07935195097194],[13.614245717015779,51.07932368012646]]]}},{"type":"Feature","id":"UUID_2c4de61c-e6b9-4a48-8e5c-cae503b8f3a3","properties":{"id":"UUID_2c4de61c-e6b9-4a48-8e5c-cae503b8f3a3","height_m":3.676,"ground_m":157.272,"height_source":"LoD1 solid top minus bottom","production":"2024","laser":"2016","footprints":"2022"},"geometry":{"type":"Polygon","coordinates":[[[13.614048702614232,51.07923911291295],[13.613992167896434,51.07928832633667],[13.614095196583735,51.07933528600853],[13.614107113225582,51.07932491456652],[13.614124437425794,51.07931178345848],[13.614157013227672,51.079285604576675],[13.614048702614232,51.07923911291295]]]}},{"type":"Feature","id":"DESNATPU1000H09r","properties":{"id":"DESNATPU1000H09r","height_m":1.899,"ground_m":254.143,"height_source":"LoD1 solid top minus bottom","production":"2024","laser":"2016","footprints":"2022"},"geometry":{"type":"Polygon","coordinates":[[[13.623400665365455,51.07070271024439],[13.623456770601791,51.07082747352672],[13.623878786704944,51.07075249584024],[13.623861125184458,51.07071271898572],[13.623843339671971,51.07067231116285],[13.623653359884676,51.07070586604204],[13.623646641543827,51.07069175795094],[13.623839599050218,51.070658867648355],[13.623831951177573,51.07064241046066],[13.623824702040087,51.070626947189965],[13.623587738222323,51.07067092012934],[13.623400665365455,51.07070271024439]]]}},{"type":"Feature","id":"UUID_19dfa298-5a53-442c-a417-67332dd65752","properties":{"id":"UUID_19dfa298-5a53-442c-a417-67332dd65752","height_m":4.007,"ground_m":243.001,"height_source":"LoD1 solid top minus bottom","production":"2024","laser":"2016","footprints":"2022"},"geometry":{"type":"Polygon","coordinates":[[[13.602980943626228,51.078531331543],[13.602935847278909,51.07853457857166],[13.602945872678347,51.07858991504568],[13.60299096880815,51.07858667700331],[13.602980943626228,51.078531331543]]]}},{"type":"Feature","id":"UUID_9c552ac6-6024-43a7-9cd8-ad53a507f422","properties":{"id":"UUID_9c552ac6-6024-43a7-9cd8-ad53a507f422","height_m":4.415,"ground_m":243.001,"height_source":"LoD1 solid top minus bottom","production":"2024","laser":"2016","footprints":"2022"},"geometry":{"type":"Polygon","coordinates":[[[13.60282863956745,51.07859834306862],[13.602837934238128,51.078649498093384],[13.602944680507163,51.07864181703468],[13.60293538544917,51.078590671007134],[13.60282863956745,51.07859834306862]]]}},{"type":"Feature","id":"UUID_8ac549d9-951b-46dd-aa7f-7c382127d0ee","properties":{"id":"UUID_8ac549d9-951b-46dd-aa7f-7c382127d0ee","height_m":6.92,"ground_m":243.001,"height_source":"LoD1 solid top minus bottom","production":"2024","laser":"2016","footprints":"2022"},"geometry":{"type":"Polygon","coordinates":[[[13.602821829477719,51.07859882822079],[13.60282863956745,51.07859834306862],[13.60293538544917,51.078590671007134],[13.602945872678347,51.07858991504568],[13.602935847278909,51.07853457857166],[13.602931318412928,51.07850956903421],[13.602807246612102,51.07851849084418],[13.602821829477719,51.07859882822079]]]}},{"type":"Feature","id":"DESNATP1iE0000ET","properties":{"id":"DESNATP1iE0000ET","height_m":3.133,"ground_m":135.229,"height_source":"LoD1 solid top minus bottom","production":"2024","laser":"2016","footprints":"2022"},"geometry":{"type":"Polygon","coordinates":[[[13.621542939203758,51.08013672738045],[13.621452168504195,51.08012038690819],[13.621427449374316,51.08017487126409],[13.621518220171062,51.08019121175615],[13.621542939203758,51.08013672738045]]]}},{"type":"Feature","id":"DESNATPU1000DW8U","properties":{"id":"DESNATPU1000DW8U","height_m":2.806,"ground_m":251.222,"height_source":"LoD1 solid top minus bottom","production":"2024","laser":"2016","footprints":"2022"},"geometry":{"type":"Polygon","coordinates":[[[13.622909767055567,51.06945320444332],[13.622765438711147,51.06947326675287],[13.62277671683475,51.06950685337215],[13.622815552293925,51.06950164542756],[13.62282762660149,51.069532453612695],[13.622832667011894,51.06954537290266],[13.62284894303822,51.06954282183419],[13.622918048288975,51.06953198121667],[13.622927598806157,51.06953048400619],[13.622966002400773,51.06951097215425],[13.623000007933811,51.06950498780851],[13.622992881977266,51.06948538918195],[13.622976321855143,51.06944220784066],[13.622909767055567,51.06945320444332]]]}},{"type":"Feature","id":"DESNATPU1000ESAE","properties":{"id":"DESNATPU1000ESAE","height_m":5.878,"ground_m":258.73,"height_source":"LoD1 solid top minus bottom","production":"2024","laser":"2016","footprints":"2022"},"geometry":{"type":"Polygon","coordinates":[[[13.60703052586077,51.06788794197259],[13.607119053344881,51.06789151506048],[13.607127275629377,51.06780779874097],[13.607038888283036,51.067804317258314],[13.60703052586077,51.06788794197259]]]}},{"type":"Feature","id":"DESNATPU1000FHMG","properties":{"id":"DESNATPU1000FHMG","height_m":9.015,"ground_m":194.956,"height_source":"LoD1 solid top minus bottom","production":"2024","laser":"2016","footprints":"2022"},"geometry":{"type":"Polygon","coordinates":[[[13.629211270381242,51.08005322783019],[13.629228448729902,51.08012411360625],[13.62928175200023,51.0801175443584],[13.629355048912135,51.08011075988965],[13.629338974912795,51.08004114609095],[13.629211270381242,51.08005322783019]]]}},{"type":"Feature","id":"UUID_0d91a147-a2f1-4da5-a698-d94c1792297b","properties":{"id":"UUID_0d91a147-a2f1-4da5-a698-d94c1792297b","height_m":7.12,"ground_m":221.66,"height_source":"LoD1 solid top minus bottom","production":"2024","laser":"2016","footprints":"2022"},"geometry":{"type":"Polygon","coordinates":[[[13.615971546525655,51.08212008222373],[13.61598046668893,51.08210822725371],[13.61598052646073,51.08210813803219],[13.615902178329858,51.082084512194214],[13.615893014450323,51.08209640024418],[13.615971546525655,51.08212008222373]]]}},{"type":"Feature","id":"UUID_8a5b0557-3023-403d-834e-1800ee815246","properties":{"id":"UUID_8a5b0557-3023-403d-834e-1800ee815246","height_m":9.084,"ground_m":221.66,"height_source":"LoD1 solid top minus bottom","production":"2024","laser":"2016","footprints":"2022"},"geometry":{"type":"Polygon","coordinates":[[[13.615887098807587,51.082025286097625],[13.615853262123316,51.08206976011635],[13.615902222756342,51.082084458762715],[13.615902178329858,51.082084512194214],[13.61598052646073,51.08210813803219],[13.61598046668893,51.08210822725371],[13.616026457062581,51.08212199138622],[13.616060152239978,51.08207747067824],[13.616092301341375,51.08203500002829],[13.615919389409836,51.08198286213456],[13.615887098807587,51.082025286097625]]]}},{"type":"Feature","id":"DESNATPU1000Dp9P","properties":{"id":"DESNATPU1000Dp9P","height_m":2.7,"ground_m":239.523,"height_source":"LoD1 solid top minus bottom","production":"2024","laser":"2016","footprints":"2022"},"geometry":{"type":"Polygon","coordinates":[[[13.602921687806818,51.082508459902094],[13.60294260550504,51.08259135496979],[13.603034687810528,51.08258211362097],[13.60301376995122,51.08249921856839],[13.602921687806818,51.082508459902094]]]}},{"type":"Feature","id":"UUID_778eaa0e-5550-4de5-844e-9beb3b9a0f22","properties":{"id":"UUID_778eaa0e-5550-4de5-844e-9beb3b9a0f22","height_m":5.954,"ground_m":237.154,"height_source":"LoD1 solid top minus bottom","production":"2024","laser":"2016","footprints":"2022"},"geometry":{"type":"Polygon","coordinates":[[[13.606161656976616,51.08286009343846],[13.6061291235245,51.082864201958884],[13.60614606994622,51.08291791197353],[13.60615129525339,51.08293407162786],[13.60618400177814,51.082929906710824],[13.606161656976616,51.08286009343846]]]}},{"type":"Feature","id":"UUID_af34f0bf-4eb0-401a-a0b8-bbd501afb52c","properties":{"id":"UUID_af34f0bf-4eb0-401a-a0b8-bbd501afb52c","height_m":10.978,"ground_m":237.154,"height_source":"LoD1 solid top minus bottom","production":"2024","laser":"2016","footprints":"2022"},"geometry":{"type":"Polygon","coordinates":[[[13.606323950943912,51.082828215157825],[13.60630359769267,51.08283085022268],[13.606329091149675,51.082911344141536],[13.606349369560775,51.082908825087934],[13.606323950943912,51.082828215157825]]]}},{"type":"Feature","id":"UUID_fede84b9-6bcf-4cfa-a016-d0f83e09494c","properties":{"id":"UUID_fede84b9-6bcf-4cfa-a016-d0f83e09494c","height_m":8.875,"ground_m":237.154,"height_source":"LoD1 solid top minus bottom","production":"2024","laser":"2016","footprints":"2022"},"geometry":{"type":"Polygon","coordinates":[[[13.606310428221411,51.08291379252387],[13.606191426100366,51.08292895655588],[13.60619142555998,51.08292897453531],[13.606197948434508,51.0829494662663],[13.606220162562982,51.08294667354987],[13.60626086647226,51.082941493343704],[13.606289815650948,51.08293788162618],[13.606316904006672,51.0829344275735],[13.606310428221411,51.08291379252387]]]}},{"type":"Feature","id":"UUID_f993fdea-f2cd-4d46-a31b-92fdea3a92c5","properties":{"id":"UUID_f993fdea-f2cd-4d46-a31b-92fdea3a92c5","height_m":5.699,"ground_m":237.154,"height_source":"LoD1 solid top minus bottom","production":"2024","laser":"2016","footprints":"2022"},"geometry":{"type":"Polygon","coordinates":[[[13.606292904777266,51.08279708916927],[13.606232601569069,51.08277982315233],[13.60617604194989,51.082785263928606],[13.606168216230737,51.082813345464054],[13.606292904777266,51.08279708916927]]]}},{"type":"Feature","id":"UUID_ea1b687b-67b9-470b-826a-63029f1edfca","properties":{"id":"UUID_ea1b687b-67b9-470b-826a-63029f1edfca","height_m":11.892,"ground_m":237.154,"height_source":"LoD1 solid top minus bottom","production":"2024","laser":"2016","footprints":"2022"},"geometry":{"type":"Polygon","coordinates":[[[13.606161656976616,51.08286009343846],[13.606183987640815,51.082929902045784],[13.606310428221411,51.08291379252387],[13.606310389186543,51.082913666157424],[13.606329091149675,51.082911344141536],[13.60630359769267,51.08283085022268],[13.606292904777266,51.08279708916927],[13.606168216230737,51.082813345464054],[13.606168200066971,51.08281340822182],[13.606147561366182,51.08281603985573],[13.606161656976616,51.08286009343846]]]}},{"type":"Feature","id":"DESNATPU1000DaTz","properties":{"id":"DESNATPU1000DaTz","height_m":3.844,"ground_m":243.292,"height_source":"LoD1 solid top minus bottom","production":"2024","laser":"2016","footprints":"2022"},"geometry":{"type":"Polygon","coordinates":[[[13.609543071718916,51.081481551313715],[13.609482975830286,51.08148119614261],[13.609480401975846,51.08155751549754],[13.60952307262148,51.08155811303187],[13.609540199046336,51.08155831676144],[13.609543071718916,51.081481551313715]]]}},{"type":"Feature","id":"UUID_637b5cae-527e-4bfe-a091-88cef4c96594","properties":{"id":"UUID_637b5cae-527e-4bfe-a091-88cef4c96594","height_m":8.137,"ground_m":250.098,"height_source":"LoD1 solid top minus bottom","production":"2024","laser":"2016","footprints":"2022"},"geometry":{"type":"Polygon","coordinates":[[[13.621603590943911,51.07019375378559],[13.621583865062368,51.07011303436662],[13.62152458846073,51.07011874723637],[13.621456751457021,51.070125294375366],[13.621469476133832,51.070177423631726],[13.621487061137522,51.07024948460052],[13.62153867012669,51.07024530904006],[13.621563723379028,51.07024328433488],[13.621571878657027,51.07024263410153],[13.621614128984135,51.070239256421694],[13.621603233160622,51.07019378553787],[13.621603590943911,51.07019375378559]]]}},{"type":"Feature","id":"UUID_2d76c5c1-97d7-4920-95dd-86fc61260ac9","properties":{"id":"UUID_2d76c5c1-97d7-4920-95dd-86fc61260ac9","height_m":3.182,"ground_m":250.098,"height_source":"LoD1 solid top minus bottom","production":"2024","laser":"2016","footprints":"2022"},"geometry":{"type":"Polygon","coordinates":[[[13.621432402948766,51.070180943259],[13.621439129226967,51.070209170485924],[13.621471620455257,51.07020613639102],[13.621482167915959,51.070249876534994],[13.621487061137522,51.07024948460052],[13.621469476133832,51.070177423631726],[13.621432402948766,51.070180943259]]]}},{"type":"Feature","id":"UUID_7edfcb06-006a-4436-9494-83685a5fac63","properties":{"id":"UUID_7edfcb06-006a-4436-9494-83685a5fac63","height_m":7.562,"ground_m":250.098,"height_source":"LoD1 solid top minus bottom","production":"2024","laser":"2016","footprints":"2022"},"geometry":{"type":"Polygon","coordinates":[[[13.621920657781907,51.070163229542466],[13.621603590943911,51.07019375378559],[13.621603233160622,51.07019378553787],[13.621614129251219,51.07023924743191],[13.62161465852528,51.07023920870909],[13.621617264992652,51.070252369135076],[13.621834387516069,51.070232447164045],[13.621873460990129,51.070228861065324],[13.621935288302923,51.07022329500063],[13.621920657781907,51.070163229542466]]]}},{"type":"Feature","id":"DESNATPU1000DWPL","properties":{"id":"DESNATPU1000DWPL","height_m":7.669,"ground_m":171.516,"height_source":"LoD1 solid top minus bottom","production":"2024","laser":"2016","footprints":"2022"},"geometry":{"type":"Polygon","coordinates":[[[13.609308931215097,51.07843141186198],[13.60947513983765,51.07846979266141],[13.609530830795851,51.078374086886356],[13.609364622467082,51.07833570616782],[13.609308931215097,51.07843141186198]]]}},{"type":"Feature","id":"DESNATP1iE0000EU","properties":{"id":"DESNATP1iE0000EU","height_m":2.447,"ground_m":134.217,"height_source":"LoD1 solid top minus bottom","production":"2024","laser":"2016","footprints":"2022"},"geometry":{"type":"Polygon","coordinates":[[[13.62241323897489,51.080399337911075],[13.622216940918566,51.080329415495925],[13.622174150776841,51.080377086193046],[13.62237043469588,51.08044700851235],[13.62241323897489,51.080399337911075]]]}},{"type":"Feature","id":"DESNATPU1000Gx55","properties":{"id":"DESNATPU1000Gx55","height_m":6.36,"ground_m":240.004,"height_source":"LoD1 solid top minus bottom","production":"2024","laser":"2016","footprints":"2022"},"geometry":{"type":"Polygon","coordinates":[[[13.603642983766697,51.08266015624782],[13.60364904873931,51.08267210836354],[13.603692292926418,51.08266317337278],[13.603686227673062,51.0826512302489],[13.60372932883987,51.082642302528974],[13.603709151551751,51.08260352678878],[13.603704318963752,51.082594269291384],[13.603689243502208,51.08256529383687],[13.603568280342394,51.082590108168496],[13.603576100799318,51.08260539965252],[13.603588042059876,51.0826284563012],[13.603599578442092,51.08265073471951],[13.60360792920847,51.08266738147631],[13.603642983766697,51.08266015624782]]]}},{"type":"Feature","id":"DESNATPU1000G8S1","properties":{"id":"DESNATPU1000G8S1","height_m":5.239,"ground_m":241.813,"height_source":"LoD1 solid top minus bottom","production":"2024","laser":"2016","footprints":"2022"},"geometry":{"type":"Polygon","coordinates":[[[13.603201394320983,51.07812324961755],[13.603377390466912,51.07813839242216],[13.603382194938709,51.07811632719745],[13.603488560558157,51.078125511853024],[13.603504347498387,51.07805636490509],[13.603301175409154,51.07803819967886],[13.603292097398192,51.078078919149384],[13.603212647094015,51.078071944473514],[13.603201394320983,51.07812324961755]]]}},{"type":"Feature","id":"UUID_378e0cb7-65ba-4c39-a6e8-1bac8030bc90","properties":{"id":"UUID_378e0cb7-65ba-4c39-a6e8-1bac8030bc90","height_m":5.099,"ground_m":249.539,"height_source":"LoD1 solid top minus bottom","production":"2024","laser":"2016","footprints":"2022"},"geometry":{"type":"Polygon","coordinates":[[[13.610036015826031,51.068977517256876],[13.610064850859084,51.068986943049595],[13.610139751467386,51.069011422260154],[13.610140062678527,51.069011039264204],[13.610200977584519,51.06893586314495],[13.610112908421828,51.06890738738728],[13.610096930854477,51.06890234119239],[13.610096732985749,51.068902275888725],[13.610036015826031,51.068977517256876]]]}},{"type":"Feature","id":"UUID_7911bfb6-9b74-45c8-8871-a99c638ae829","properties":{"id":"UUID_7911bfb6-9b74-45c8-8871-a99c638ae829","height_m":8.114,"ground_m":249.539,"height_source":"LoD1 solid top minus bottom","production":"2024","laser":"2016","footprints":"2022"},"geometry":{"type":"Polygon","coordinates":[[[13.60969014962677,51.06887358182544],[13.609758529627346,51.06889559159271],[13.609758574317299,51.06889552917364],[13.61003127226852,51.06898339618964],[13.610036015826031,51.068977517256876],[13.610096732985749,51.068902275888725],[13.610080107975046,51.06889692522491],[13.60996475196378,51.06885976141259],[13.609874701718594,51.068830722335754],[13.609755954020384,51.068792438821525],[13.60969014962677,51.06887358182544]]]}},{"type":"Feature","id":"UUID_8c59a4ec-72b9-44a1-9763-0f682068230b","properties":{"id":"UUID_8c59a4ec-72b9-44a1-9763-0f682068230b","height_m":5.283,"ground_m":249.539,"height_source":"LoD1 solid top minus bottom","production":"2024","laser":"2016","footprints":"2022"},"geometry":{"type":"Polygon","coordinates":[[[13.60969014962677,51.06887358182544],[13.60966110387295,51.06890929803185],[13.609646759200885,51.068926924435566],[13.609710655855451,51.06894755893405],[13.60972500050993,51.068929932522416],[13.609729523214286,51.06893142519208],[13.609758529627346,51.06889559159271],[13.60969014962677,51.06887358182544]]]}},{"type":"Feature","id":"UUID_76bf4c01-0b28-428e-86cd-00d1981aed3f","properties":{"id":"UUID_76bf4c01-0b28-428e-86cd-00d1981aed3f","height_m":7.203,"ground_m":249.539,"height_source":"LoD1 solid top minus bottom","production":"2024","laser":"2016","footprints":"2022"},"geometry":{"type":"Polygon","coordinates":[[[13.610098121815088,51.06906269960962],[13.61011871939632,51.069037404581806],[13.610139751467386,51.069011422260154],[13.610092639755015,51.06899603264841],[13.610064850859084,51.068986943049595],[13.60997726451228,51.0690948060167],[13.610005199368624,51.06910378945648],[13.61005247376576,51.069118992185686],[13.610093674392296,51.06906822234856],[13.610098121815088,51.06906269960962]]]}},{"type":"Feature","id":"DESNATPU1000Gai5","properties":{"id":"DESNATPU1000Gai5","height_m":5.699,"ground_m":241.173,"height_source":"LoD1 solid top minus bottom","production":"2024","laser":"2016","footprints":"2022"},"geometry":{"type":"Polygon","coordinates":[[[13.608586282520578,51.0809132336609],[13.60858588764396,51.08089308479411],[13.608584967102319,51.08082859451779],[13.608584814736552,51.08080512115283],[13.608507566629694,51.08080546059175],[13.608508891515452,51.08091357140041],[13.608586282520578,51.0809132336609]]]}},{"type":"Feature","id":"UUID_becb3356-252b-4dab-805f-a88d981afbc1","properties":{"id":"UUID_becb3356-252b-4dab-805f-a88d981afbc1","height_m":7.572,"ground_m":205.233,"height_source":"LoD1 solid top minus bottom","production":"2024","laser":"2016","footprints":"2022"},"geometry":{"type":"Polygon","coordinates":[[[13.626106160444152,51.07982723714128],[13.626094839856982,51.079768416289525],[13.62599459171149,51.079776068973125],[13.6259423498412,51.07978005923864],[13.625950962371402,51.07982474737475],[13.62595368450883,51.07983888027134],[13.626106160444152,51.07982723714128]]]}},{"type":"Feature","id":"UUID_9b511fef-d526-4d8c-b4ca-9271141e4d2e","properties":{"id":"UUID_9b511fef-d526-4d8c-b4ca-9271141e4d2e","height_m":4.261,"ground_m":205.233,"height_source":"LoD1 solid top minus bottom","production":"2024","laser":"2016","footprints":"2022"},"geometry":{"type":"Polygon","coordinates":[[[13.62599459171149,51.079776068973125],[13.62598830532294,51.079743458695475],[13.625936077760512,51.079747449126245],[13.6259423498412,51.07978005923864],[13.62599459171149,51.079776068973125]]]}},{"type":"Feature","id":"DESNATPU1000CPrF","properties":{"id":"DESNATPU1000CPrF","height_m":8.812,"ground_m":240.339,"height_source":"LoD1 solid top minus bottom","production":"2024","laser":"2016","footprints":"2022"},"geometry":{"type":"Polygon","coordinates":[[[13.610225118776713,51.06984533713107],[13.610274204485956,51.06989825973315],[13.610348963178154,51.06987082083482],[13.610299877411437,51.06981789826345],[13.610225118776713,51.06984533713107]]]}},{"type":"Feature","id":"DESNATP1iE00006Y","properties":{"id":"DESNATP1iE00006Y","height_m":4.001,"ground_m":251.415,"height_source":"LoD1 solid top minus bottom","production":"2024","laser":"2016","footprints":"2022"},"geometry":{"type":"Polygon","coordinates":[[[13.622460026230673,51.06912201857166],[13.622325757312826,51.06914317912692],[13.622373192438985,51.069262705816406],[13.622507461416324,51.06924155419936],[13.622460026230673,51.06912201857166]]]}},{"type":"Feature","id":"DESNATPU1000BUOU","properties":{"id":"DESNATPU1000BUOU","height_m":4.464,"ground_m":210.87,"height_source":"LoD1 solid top minus bottom","production":"2024","laser":"2016","footprints":"2022"},"geometry":{"type":"Polygon","coordinates":[[[13.62459064885651,51.078006926855224],[13.624583647880137,51.078069705004616],[13.624654791053876,51.07807288029307],[13.624661791934598,51.07801010213873],[13.62459064885651,51.078006926855224]]]}},{"type":"Feature","id":"DESNATP1DF0000AX","properties":{"id":"DESNATP1DF0000AX","height_m":7.053,"ground_m":241.148,"height_source":"LoD1 solid top minus bottom","production":"2024","laser":"2016","footprints":"2022"},"geometry":{"type":"Polygon","coordinates":[[[13.611509854809933,51.081494894590925],[13.611416435725852,51.081587059507164],[13.611600789709856,51.08166119281703],[13.611694208582652,51.0815690277529],[13.611509854809933,51.081494894590925]]]}},{"type":"Feature","id":"DESNATPU1000BPDX","properties":{"id":"DESNATPU1000BPDX","height_m":8.006,"ground_m":240.112,"height_source":"LoD1 solid top minus bottom","production":"2024","laser":"2016","footprints":"2022"},"geometry":{"type":"Polygon","coordinates":[[[13.609798759705278,51.070003803351945],[13.60991440758485,51.06996462066827],[13.60985056146054,51.06988984935463],[13.609734771031457,51.06992903027944],[13.609798759705278,51.070003803351945]]]}},{"type":"Feature","id":"DESNATP1iE0000AJ","properties":{"id":"DESNATP1iE0000AJ","height_m":4.201,"ground_m":239.073,"height_source":"LoD1 solid top minus bottom","production":"2024","laser":"2016","footprints":"2022"},"geometry":{"type":"Polygon","coordinates":[[[13.604127374716898,51.07705380981045],[13.604031319975514,51.077051691419726],[13.604028621217834,51.07710009516619],[13.604124676059252,51.07710221355988],[13.604127374716898,51.07705380981045]]]}},{"type":"Feature","id":"DESNATPU1000BLpX","properties":{"id":"DESNATPU1000BLpX","height_m":5.53,"ground_m":235.317,"height_source":"LoD1 solid top minus bottom","production":"2024","laser":"2016","footprints":"2022"},"geometry":{"type":"Polygon","coordinates":[[[13.612501711601386,51.08220691559505],[13.61265967989708,51.082247819895166],[13.612705620213205,51.0821773210255],[13.612637190943634,51.0821596021576],[13.612660539411285,51.08212363778505],[13.612571143361487,51.082100454128216],[13.612547654804253,51.08213632689118],[13.612501711601386,51.08220691559505]]]}},{"type":"Feature","id":"UUID_ba58eeab-4a47-4ddc-a3d6-66cecc7dcf95","properties":{"id":"UUID_ba58eeab-4a47-4ddc-a3d6-66cecc7dcf95","height_m":9.41,"ground_m":256.347,"height_source":"LoD1 solid top minus bottom","production":"2024","laser":"2016","footprints":"2022"},"geometry":{"type":"Polygon","coordinates":[[[13.621637281098431,51.07093492622137],[13.621637267897949,51.070934890093966],[13.621421173006285,51.070962386889825],[13.621430045050516,51.07099045956347],[13.621432245989535,51.07099757195621],[13.621443195756019,51.07103306132779],[13.621571559937328,51.07101722789288],[13.621618694358713,51.07101138978766],[13.621694050303828,51.07100211642886],[13.621682598425132,51.07096622547101],[13.621671589772276,51.070931751629445],[13.621671223897133,51.07093061420494],[13.621637281098431,51.07093492622137]]]}},{"type":"Feature","id":"UUID_7e3393e2-7e94-4ec6-9566-a731ce52c972","properties":{"id":"UUID_7e3393e2-7e94-4ec6-9566-a731ce52c972","height_m":3.625,"ground_m":256.347,"height_source":"LoD1 solid top minus bottom","production":"2024","laser":"2016","footprints":"2022"},"geometry":{"type":"Polygon","coordinates":[[[13.621679426503167,51.07084573668743],[13.621605702938762,51.0708577271678],[13.621632982889244,51.0709244167486],[13.621654638315498,51.070920985025815],[13.621659161204875,51.07093209967408],[13.621637267897949,51.070934890093966],[13.621637281098431,51.07093492622137],[13.621659175643689,51.07093214478905],[13.621671223897133,51.07093061420494],[13.621671197763195,51.070930532960325],[13.621705148414799,51.0709264368571],[13.621679426503167,51.07084573668743]]]}},{"type":"Feature","id":"DESNATPU1000FylH","properties":{"id":"DESNATPU1000FylH","height_m":6.701,"ground_m":219.873,"height_source":"LoD1 solid top minus bottom","production":"2024","laser":"2016","footprints":"2022"},"geometry":{"type":"Polygon","coordinates":[[[13.614869943162986,51.083065499368274],[13.61497298706338,51.08308596522824],[13.614990609094596,51.083050472124214],[13.615059594957572,51.083063969523124],[13.615091026412083,51.08300112167521],[13.614919142337417,51.08296707027361],[13.614869943162986,51.083065499368274]]]}},{"type":"Feature","id":"DESNATPU1000DxpU","properties":{"id":"DESNATPU1000DxpU","height_m":8.446,"ground_m":128.728,"height_source":"LoD1 solid top minus bottom","production":"2024","laser":"2016","footprints":"2022"},"geometry":{"type":"Polygon","coordinates":[[[13.623039281046104,51.08149449802221],[13.622919659985353,51.0815322619769],[13.622955417040876,51.081577216161875],[13.623075052195077,51.08153946132943],[13.623039281046104,51.08149449802221]]]}},{"type":"Feature","id":"UUID_1e0b31ad-16a4-49f3-9f9e-83ec8bc1c591","properties":{"id":"UUID_1e0b31ad-16a4-49f3-9f9e-83ec8bc1c591","height_m":4.052,"ground_m":238.685,"height_source":"LoD1 solid top minus bottom","production":"2024","laser":"2016","footprints":"2022"},"geometry":{"type":"Polygon","coordinates":[[[13.608962832397117,51.08268783874957],[13.60891244890797,51.082703966002406],[13.608912338773974,51.08270382979781],[13.608882492939255,51.082713546683905],[13.608895984485239,51.082730227256675],[13.608919663851069,51.0827594932698],[13.608928054502918,51.08277011485081],[13.609056655786365,51.08272856909656],[13.609024377783026,51.08268894885063],[13.609010937898834,51.08267244876606],[13.608962790928295,51.08268779329144],[13.608962832397117,51.08268783874957]]]}},{"type":"Feature","id":"UUID_44aa18ec-1658-4168-86f7-8ec0700a3ead","properties":{"id":"UUID_44aa18ec-1658-4168-86f7-8ec0700a3ead","height_m":3.671,"ground_m":238.685,"height_source":"LoD1 solid top minus bottom","production":"2024","laser":"2016","footprints":"2022"},"geometry":{"type":"Polygon","coordinates":[[[13.608962832397117,51.08268783874957],[13.608962790928295,51.08268779329144],[13.608944757488093,51.082665456080896],[13.608893613307414,51.08268076490938],[13.608912338773974,51.08270382979781],[13.60891244890797,51.082703966002406],[13.608962832397117,51.08268783874957]]]}},{"type":"Feature","id":"DESNATPU1000FU1M","properties":{"id":"DESNATPU1000FU1M","height_m":6.411,"ground_m":239.729,"height_source":"LoD1 solid top minus bottom","production":"2024","laser":"2016","footprints":"2022"},"geometry":{"type":"Polygon","coordinates":[[[13.603274949393185,51.08255458865908],[13.60321477475062,51.08255538042449],[13.603145830422408,51.08255628319023],[13.603147840264917,51.08263175791838],[13.603147990320881,51.08263625617818],[13.6032772522375,51.08263456335181],[13.603274949393185,51.08255458865908]]]}},{"type":"Feature","id":"DESNATPU1000CGMj","properties":{"id":"DESNATPU1000CGMj","height_m":9.0,"ground_m":255.667,"height_source":"LoD1 solid top minus bottom","production":"2024","laser":"2016","footprints":"2022"},"geometry":{"type":"Polygon","coordinates":[[[13.62044762247632,51.070916906675],[13.620487554413128,51.070908474984215],[13.620476596096978,51.07087857902487],[13.620395029687893,51.070890296315355],[13.620407545163836,51.070925426565616],[13.62044762247632,51.070916906675]]]}},{"type":"Feature","id":"DESNATPU1000Dq4e","properties":{"id":"DESNATPU1000Dq4e","height_m":4.233,"ground_m":254.459,"height_source":"LoD1 solid top minus bottom","production":"2024","laser":"2016","footprints":"2022"},"geometry":{"type":"Polygon","coordinates":[[[13.62292831093352,51.07048752062874],[13.622932268677383,51.0704984487102],[13.62295161680655,51.07049579892773],[13.62294794443224,51.07048487420911],[13.62292831093352,51.07048752062874]]]}},{"type":"Feature","id":"UUID_be629fd2-223d-429a-9471-76ec549dda74","properties":{"id":"UUID_be629fd2-223d-429a-9471-76ec549dda74","height_m":6.048,"ground_m":239.477,"height_source":"LoD1 solid top minus bottom","production":"2024","laser":"2016","footprints":"2022"},"geometry":{"type":"Polygon","coordinates":[[[13.602538891761757,51.081812597186634],[13.60254027894512,51.08184521315995],[13.602542313419967,51.08189330471955],[13.60258016152453,51.08189285790975],[13.602580011524648,51.08188835964911],[13.602597867877698,51.081888033546015],[13.602598017879313,51.08189253180665],[13.602606490893647,51.08190036702457],[13.602627775260121,51.08189999196893],[13.602641725662677,51.081891885240836],[13.602641430227303,51.081887475171015],[13.602670715078625,51.08188692596161],[13.602669175395363,51.08185273440384],[13.602668754056182,51.081843025990416],[13.602667300026901,51.08181025634],[13.602595460573946,51.08181156482104],[13.602538891761757,51.081812597186634]]]}},{"type":"Feature","id":"UUID_1f47c10e-930f-440d-ad2e-a9d8289504bb","properties":{"id":"UUID_1f47c10e-930f-440d-ad2e-a9d8289504bb","height_m":6.345,"ground_m":239.477,"height_source":"LoD1 solid top minus bottom","production":"2024","laser":"2016","footprints":"2022"},"geometry":{"type":"Polygon","coordinates":[[[13.602595167852135,51.08180706485412],[13.602595460573946,51.08181156482104],[13.602667300026901,51.08181025634],[13.602666715865626,51.08179694880614],[13.60260900530798,51.08179796755677],[13.602595167852135,51.08180706485412]]]}},{"type":"Feature","id":"DESNATPU1000HEL5","properties":{"id":"DESNATPU1000HEL5","height_m":5.16,"ground_m":215.681,"height_source":"LoD1 solid top minus bottom","production":"2024","laser":"2016","footprints":"2022"},"geometry":{"type":"Polygon","coordinates":[[[13.618046957011709,51.08197653291267],[13.618037926118486,51.08204338744155],[13.618132891596916,51.082047927469574],[13.618141922354388,51.081981072932365],[13.618046957011709,51.08197653291267]]]}},{"type":"Feature","id":"DESNATPU1000J9Dj","properties":{"id":"DESNATPU1000J9Dj","height_m":2.814,"ground_m":185.873,"height_source":"LoD1 solid top minus bottom","production":"2024","laser":"2016","footprints":"2022"},"geometry":{"type":"Polygon","coordinates":[[[13.628464419861215,51.08076425989752],[13.62836679225662,51.08077786270924],[13.62838205551385,51.08082174738566],[13.628479680548311,51.08080823445995],[13.628464419861215,51.08076425989752]]]}},{"type":"Feature","id":"DESNATPU1000IFYN","properties":{"id":"DESNATPU1000IFYN","height_m":2.263,"ground_m":252.604,"height_source":"LoD1 solid top minus bottom","production":"2024","laser":"2016","footprints":"2022"},"geometry":{"type":"Polygon","coordinates":[[[13.624586133045495,51.07000635966286],[13.624597161450415,51.07003108511853],[13.6246089289441,51.07005784268057],[13.624612956340501,51.07006643336109],[13.624752861068634,51.07004155046208],[13.624737206100518,51.070006293814416],[13.624723802384848,51.069981765246105],[13.624586133045495,51.07000635966286]]]}},{"type":"Feature","id":"UUID_c10d4c2d-ccbd-4f50-9b07-18e0383534d6","properties":{"id":"UUID_c10d4c2d-ccbd-4f50-9b07-18e0383534d6","height_m":2.471,"ground_m":252.428,"height_source":"LoD1 solid top minus bottom","production":"2024","laser":"2016","footprints":"2022"},"geometry":{"type":"Polygon","coordinates":[[[13.62360954472828,51.070400651470756],[13.623586750981802,51.07035057118027],[13.623586248645042,51.07035066418686],[13.623596550091213,51.07037389734228],[13.623469059515035,51.07039645201145],[13.623483670179306,51.07042309928551],[13.623498754925738,51.07045060646969],[13.623622195065682,51.070428426737685],[13.62360954472828,51.070400651470756]]]}},{"type":"Feature","id":"UUID_d474fdce-2b5f-4502-bca7-65b5ee30c209","properties":{"id":"UUID_d474fdce-2b5f-4502-bca7-65b5ee30c209","height_m":4.834,"ground_m":252.428,"height_source":"LoD1 solid top minus bottom","production":"2024","laser":"2016","footprints":"2022"},"geometry":{"type":"Polygon","coordinates":[[[13.623697676210845,51.070408631832215],[13.623642519747847,51.070289410485216],[13.623642304384799,51.0702894529138],[13.623636014164225,51.070275349862364],[13.623558676823919,51.07028891774293],[13.623586248645042,51.07035066418686],[13.623586750981802,51.07035057118027],[13.623622195065682,51.070428426737685],[13.623700399409529,51.07041450930641],[13.62369789130772,51.070408598393314],[13.623697676210845,51.070408631832215]]]}},{"type":"Feature","id":"UUID_40d861ea-f8b9-46b7-9b36-207d0dc1867f","properties":{"id":"UUID_40d861ea-f8b9-46b7-9b36-207d0dc1867f","height_m":4.063,"ground_m":252.428,"height_source":"LoD1 solid top minus bottom","production":"2024","laser":"2016","footprints":"2022"},"geometry":{"type":"Polygon","coordinates":[[[13.623697864370454,51.07040854411851],[13.624184504329342,51.07032211388854],[13.62415747835035,51.070261668996594],[13.624141080579578,51.07022500062712],[13.624131174958398,51.070202851331814],[13.623642519747847,51.070289410485216],[13.623669722290595,51.070348211870765],[13.623697676210845,51.070408631832215],[13.62369789130772,51.070408598393314],[13.623697864370454,51.07040854411851]]]}},{"type":"Feature","id":"UUID_50c28060-0ac8-450a-bf87-3b9d3b7d3d39","properties":{"id":"UUID_50c28060-0ac8-450a-bf87-3b9d3b7d3d39","height_m":3.69,"ground_m":252.428,"height_source":"LoD1 solid top minus bottom","production":"2024","laser":"2016","footprints":"2022"},"geometry":{"type":"Polygon","coordinates":[[[13.62528431495904,51.07012658064846],[13.62526235821226,51.07007758069323],[13.62526215696951,51.07007714666538],[13.625240805593894,51.070029394850806],[13.624708739877871,51.07012394616103],[13.624673293916215,51.07013036370153],[13.624141080579578,51.07022500062712],[13.624162404500947,51.07027268037871],[13.624184504329342,51.07032211388854],[13.624186025337302,51.07032184401877],[13.62528431495904,51.07012658064846]]]}},{"type":"Feature","id":"DESNATPU1000IeQi","properties":{"id":"DESNATPU1000IeQi","height_m":6.356,"ground_m":261.359,"height_source":"LoD1 solid top minus bottom","production":"2024","laser":"2016","footprints":"2022"},"geometry":{"type":"Polygon","coordinates":[[[13.608658988484514,51.06712414300308],[13.608595460325102,51.06705324169917],[13.608468953177802,51.067099694979404],[13.608532486596527,51.06717041655569],[13.608557310473033,51.06716077488206],[13.608658988484514,51.06712414300308]]]}},{"type":"Feature","id":"DESNATPU1000GGel","properties":{"id":"DESNATPU1000GGel","height_m":3.84,"ground_m":189.405,"height_source":"LoD1 solid top minus bottom","production":"2024","laser":"2016","footprints":"2022"},"geometry":{"type":"Polygon","coordinates":[[[13.619497321505106,51.08321160931258],[13.619340621862369,51.08320930890937],[13.619338304087766,51.083272771543804],[13.61949471849254,51.083275068580505],[13.619497321505106,51.08321160931258]]]}},{"type":"Feature","id":"UUID_8b35fbab-ff6b-4d19-861a-54a9a8cbdfbb","properties":{"id":"UUID_8b35fbab-ff6b-4d19-861a-54a9a8cbdfbb","height_m":5.93,"ground_m":241.252,"height_source":"LoD1 solid top minus bottom","production":"2024","laser":"2016","footprints":"2022"},"geometry":{"type":"Polygon","coordinates":[[[13.603187662599609,51.07801984657186],[13.603247109962432,51.07802262534347],[13.603294121850913,51.078024491089955],[13.60332467866408,51.07802571054881],[13.60333574103832,51.07791292738059],[13.60330958776895,51.077911967380885],[13.603258208298296,51.07791007642793],[13.60320744193778,51.07790821076498],[13.603187662599609,51.07801984657186]]]}},{"type":"Feature","id":"UUID_4d4192c8-4584-47eb-8732-23ae72786a43","properties":{"id":"UUID_4d4192c8-4584-47eb-8732-23ae72786a43","height_m":7.822,"ground_m":241.252,"height_source":"LoD1 solid top minus bottom","production":"2024","laser":"2016","footprints":"2022"},"geometry":{"type":"Polygon","coordinates":[[[13.60333574103832,51.07791292738059],[13.603340542533811,51.07786393725891],[13.603262831392794,51.07786085036083],[13.603258208298296,51.07791007642793],[13.60333574103832,51.07791292738059]]]}},{"type":"Feature","id":"DESNATP1iE0000Dh","properties":{"id":"DESNATP1iE0000Dh","height_m":2.44,"ground_m":125.762,"height_source":"LoD1 solid top minus bottom","production":"2024","laser":"2016","footprints":"2022"},"geometry":{"type":"Polygon","coordinates":[[[13.624493269772836,51.08254684564562],[13.624534453340116,51.08253311246492],[13.624502458305143,51.08249506464387],[13.624461274762613,51.08250879781356],[13.624493269772836,51.08254684564562]]]}},{"type":"Feature","id":"DESNATPU1000BiDV","properties":{"id":"DESNATPU1000BiDV","height_m":3.222,"ground_m":217.9,"height_source":"LoD1 solid top minus bottom","production":"2024","laser":"2016","footprints":"2022"},"geometry":{"type":"Polygon","coordinates":[[[13.626441175715888,51.07821178334532],[13.626345511521281,51.07826047991937],[13.626407041404784,51.07830868562678],[13.626503548592035,51.078260448554374],[13.626441175715888,51.07821178334532]]]}},{"type":"Feature","id":"DESNATPU1000HzaQ","properties":{"id":"DESNATPU1000HzaQ","height_m":4.797,"ground_m":254.594,"height_source":"LoD1 solid top minus bottom","production":"2024","laser":"2016","footprints":"2022"},"geometry":{"type":"Polygon","coordinates":[[[13.62329165591314,51.07071572505637],[13.623287776669255,51.07071657865677],[13.623301765220598,51.07074543088631],[13.623282961080548,51.07074898642804],[13.623290492763125,51.070764542990084],[13.623296828291407,51.07077711779398],[13.623316048247458,51.07081727280885],[13.623113205512347,51.07085616099459],[13.623134582958226,51.07090056813443],[13.623359963951835,51.07085735897787],[13.623441073537958,51.07084176727897],[13.62338660851721,51.070729073839935],[13.62337207850928,51.07069922602053],[13.62329165591314,51.07071572505637]]]}},{"type":"Feature","id":"DESNATP1iE0000El","properties":{"id":"DESNATP1iE0000El","height_m":3.0,"ground_m":202.118,"height_source":"LoD1 solid top minus bottom","production":"2024","laser":"2016","footprints":"2022"},"geometry":{"type":"Polygon","coordinates":[[[13.62569345905156,51.080486152889755],[13.625610279228871,51.080492531088645],[13.625617594421028,51.080530405344405],[13.625700774310843,51.08052402714085],[13.62569345905156,51.080486152889755]]]}},{"type":"Feature","id":"DESNATPU1000E5WB","properties":{"id":"DESNATPU1000E5WB","height_m":3.346,"ground_m":253.226,"height_source":"LoD1 solid top minus bottom","production":"2024","laser":"2016","footprints":"2022"},"geometry":{"type":"Polygon","coordinates":[[[13.62311708576075,51.07035988663258],[13.623118416580974,51.07036313976678],[13.623152472612732,51.070442049277204],[13.623233369489574,51.07042879338148],[13.62319827054437,51.070346544223824],[13.62311708576075,51.07035988663258]]]}},{"type":"Feature","id":"DESNATP1iE0000Cq","properties":{"id":"DESNATP1iE0000Cq","height_m":5.422,"ground_m":213.503,"height_source":"LoD1 solid top minus bottom","production":"2024","laser":"2016","footprints":"2022"},"geometry":{"type":"Polygon","coordinates":[[[13.61725793112035,51.08253564445328],[13.617253782304088,51.08267478782153],[13.617385188396963,51.08267634220771],[13.617389336819256,51.08253719883179],[13.61725793112035,51.08253564445328]]]}},{"type":"Feature","id":"DESNATPU1000FSCU","properties":{"id":"DESNATPU1000FSCU","height_m":7.686,"ground_m":254.82,"height_source":"LoD1 solid top minus bottom","production":"2024","laser":"2016","footprints":"2022"},"geometry":{"type":"Polygon","coordinates":[[[13.622093720498265,51.06841155717931],[13.622110377926928,51.068504290897245],[13.622248118577312,51.068494493628855],[13.622231463545562,51.06840167003038],[13.622093720498265,51.06841155717931]]]}},{"type":"Feature","id":"DESNATPU1000IKPi","properties":{"id":"DESNATPU1000IKPi","height_m":9.483,"ground_m":202.159,"height_source":"LoD1 solid top minus bottom","production":"2024","laser":"2016","footprints":"2022"},"geometry":{"type":"Polygon","coordinates":[[[13.607328486932802,51.079776916537725],[13.607363668478548,51.07981053762027],[13.607356208842127,51.079813632242],[13.607396816454477,51.07985245292761],[13.607516428002807,51.07980292396189],[13.607496679497642,51.07978403735077],[13.607523019214195,51.079773118963864],[13.607474375933265,51.079726621546534],[13.607400126566807,51.07975742805992],[13.60739267361165,51.079750315783485],[13.607328486932802,51.079776916537725]]]}},{"type":"Feature","id":"DESNATPU1000G9aq","properties":{"id":"DESNATPU1000G9aq","height_m":3.924,"ground_m":132.376,"height_source":"LoD1 solid top minus bottom","production":"2024","laser":"2016","footprints":"2022"},"geometry":{"type":"Polygon","coordinates":[[[13.622937272060666,51.08100114979923],[13.622951494425976,51.081065014201855],[13.622964716282956,51.081063524261104],[13.62301143194061,51.0810581842328],[13.623018364119613,51.081057438547184],[13.623006051134114,51.08099562005312],[13.622980605978547,51.08099766744937],[13.622937272060666,51.08100114979923]]]}},{"type":"Feature","id":"DESNATPU1000HPM5","properties":{"id":"DESNATPU1000HPM5","height_m":5.206,"ground_m":222.056,"height_source":"LoD1 solid top minus bottom","production":"2024","laser":"2016","footprints":"2022"},"geometry":{"type":"Polygon","coordinates":[[[13.61583434770586,51.08194768202025],[13.615774073582985,51.08202502684042],[13.615848205239045,51.082047847430175],[13.615908476586416,51.08197059246883],[13.61583434770586,51.08194768202025]]]}},{"type":"Feature","id":"DESNATPU1000BSW4","properties":{"id":"DESNATPU1000BSW4","height_m":3.074,"ground_m":199.977,"height_source":"LoD1 solid top minus bottom","production":"2024","laser":"2016","footprints":"2022"},"geometry":{"type":"Polygon","coordinates":[[[13.618625052681192,51.08282216287837],[13.618593776442495,51.08281765651788],[13.618584441727858,51.08284344581158],[13.618583513076047,51.08284586292528],[13.6187018725878,51.08286506762542],[13.618716936032776,51.08282909408932],[13.618627989386443,51.08281464353012],[13.618625052681192,51.08282216287837]]]}},{"type":"Feature","id":"DESNATPU1000C0eU","properties":{"id":"DESNATPU1000C0eU","height_m":3.089,"ground_m":244.992,"height_source":"LoD1 solid top minus bottom","production":"2024","laser":"2016","footprints":"2022"},"geometry":{"type":"Polygon","coordinates":[[[13.605582833029956,51.0818220873358],[13.605579043886381,51.08177716740047],[13.605479281612324,51.08178074350449],[13.60548321608341,51.0818255752479],[13.605582833029956,51.0818220873358]]]}},{"type":"Feature","id":"DESNATPU1000EWWk","properties":{"id":"DESNATPU1000EWWk","height_m":2.722,"ground_m":205.043,"height_source":"LoD1 solid top minus bottom","production":"2024","laser":"2016","footprints":"2022"},"geometry":{"type":"Polygon","coordinates":[[[13.62410553206349,51.078050858383364],[13.624115199029257,51.078052231184124],[13.624111792728714,51.07806118401124],[13.6241649557273,51.07806891419848],[13.624201649092972,51.077977816127635],[13.624134567274607,51.077967673888544],[13.62410553206349,51.078050858383364]]]}},{"type":"Feature","id":"DESNATPU1000JaGg","properties":{"id":"DESNATPU1000JaGg","height_m":7.033,"ground_m":127.527,"height_source":"LoD1 solid top minus bottom","production":"2024","laser":"2016","footprints":"2022"},"geometry":{"type":"Polygon","coordinates":[[[13.623256761272875,51.081775444532134],[13.6232042693255,51.081855582670016],[13.623338719738753,51.081890619883936],[13.623391496939428,51.081810485046326],[13.623256761272875,51.081775444532134]]]}},{"type":"Feature","id":"DESNATP1iE0000A5","properties":{"id":"DESNATP1iE0000A5","height_m":3.0,"ground_m":254.225,"height_source":"LoD1 solid top minus bottom","production":"2024","laser":"2016","footprints":"2022"},"geometry":{"type":"Polygon","coordinates":[[[13.621803408068276,51.07062953367489],[13.621783882274052,51.07055455415004],[13.621511130638472,51.07058274094354],[13.621530655734869,51.07065772950008],[13.621803408068276,51.07062953367489]]]}},{"type":"Feature","id":"UUID_ef583633-c704-4849-895b-b835d67aba4d","properties":{"id":"UUID_ef583633-c704-4849-895b-b835d67aba4d","height_m":9.877,"ground_m":241.862,"height_source":"LoD1 solid top minus bottom","production":"2024","laser":"2016","footprints":"2022"},"geometry":{"type":"Polygon","coordinates":[[[13.611177803754932,51.082263226458174],[13.611210182912322,51.08226424067073],[13.611213343991409,51.08222066253058],[13.611180874654202,51.08221980012706],[13.611177803754932,51.082263226458174]]]}},{"type":"Feature","id":"UUID_ef44792d-8ba5-4e71-a19c-34041991f677","properties":{"id":"UUID_ef44792d-8ba5-4e71-a19c-34041991f677","height_m":9.672,"ground_m":241.862,"height_source":"LoD1 solid top minus bottom","production":"2024","laser":"2016","footprints":"2022"},"geometry":{"type":"Polygon","coordinates":[[[13.61100058578934,51.08233117561751],[13.611060356974239,51.082332875084354],[13.61106167638638,51.08231265667574],[13.611002018328533,51.082310994525464],[13.61100058578934,51.08233117561751]]]}},{"type":"Feature","id":"UUID_7a50664b-18cb-42f6-ad78-234a17c842f5","properties":{"id":"UUID_7a50664b-18cb-42f6-ad78-234a17c842f5","height_m":11.437,"ground_m":241.862,"height_source":"LoD1 solid top minus bottom","production":"2024","laser":"2016","footprints":"2022"},"geometry":{"type":"Polygon","coordinates":[[[13.611014833562809,51.0822654267649],[13.61100527654224,51.08226513334112],[13.611002018328533,51.082310994525464],[13.61106167638638,51.08231265667574],[13.61108989345918,51.08231344160705],[13.611174087971666,51.08231579093375],[13.611177803754932,51.082263226458174],[13.611180328328318,51.08222755453224],[13.611096266733439,51.082225062901855],[13.611043359015067,51.08222349896659],[13.611017967900338,51.08222274760426],[13.611014833562809,51.0822654267649]]]}},{"type":"Feature","id":"UUID_bbb18a97-92ab-4ba7-aa8e-9130ed8b33e8","properties":{"id":"UUID_bbb18a97-92ab-4ba7-aa8e-9130ed8b33e8","height_m":10.198,"ground_m":241.862,"height_source":"LoD1 solid top minus bottom","production":"2024","laser":"2016","footprints":"2022"},"geometry":{"type":"Polygon","coordinates":[[[13.611044818460396,51.08220337215103],[13.611043359015067,51.08222349896659],[13.611103213542789,51.08222527134584],[13.611180328328318,51.08222755453224],[13.611180874654202,51.08221980012706],[13.611133026311931,51.082218539154034],[13.61113454764072,51.08219634469949],[13.611105432564843,51.08219551313677],[13.611080482826207,51.08219480300414],[13.611079911988268,51.082204328724416],[13.611044818460396,51.08220337215103]]]}},{"type":"Feature","id":"UUID_31d7a093-0b43-46a1-a0a1-2021a225de69","properties":{"id":"UUID_31d7a093-0b43-46a1-a0a1-2021a225de69","height_m":3.12,"ground_m":225.545,"height_source":"LoD1 solid top minus bottom","production":"2024","laser":"2016","footprints":"2022"},"geometry":{"type":"Polygon","coordinates":[[[13.615163769175718,51.082546959564816],[13.615183277975692,51.08250803550052],[13.6151193801157,51.082495344864164],[13.615084991710432,51.0825639940969],[13.615148875382504,51.08257668458345],[13.615163769175718,51.082546959564816]]]}},{"type":"Feature","id":"UUID_9cd33dad-278d-4f4a-8c79-bac0033c87c1","properties":{"id":"UUID_9cd33dad-278d-4f4a-8c79-bac0033c87c1","height_m":3.302,"ground_m":225.545,"height_source":"LoD1 solid top minus bottom","production":"2024","laser":"2016","footprints":"2022"},"geometry":{"type":"Polygon","coordinates":[[[13.615201267630951,51.08255440930313],[13.615220762130479,51.08251548506332],[13.615183277975692,51.08250803550052],[13.615163769175718,51.082546959564816],[13.615201267630951,51.08255440930313]]]}},{"type":"Feature","id":"DESNATP1iE00009x","properties":{"id":"DESNATP1iE00009x","height_m":7.963,"ground_m":249.285,"height_source":"LoD1 solid top minus bottom","production":"2024","laser":"2016","footprints":"2022"},"geometry":{"type":"Polygon","coordinates":[[[13.608857126004088,51.0697879289131],[13.608810299846812,51.06980774957555],[13.608759628113226,51.06982919713256],[13.608856892491358,51.06992043721143],[13.608954390490624,51.06987916891227],[13.608857126004088,51.0697879289131]]]}},{"type":"Feature","id":"UUID_4684f59d-92c0-41eb-8df7-85c609a4c87b","properties":{"id":"UUID_4684f59d-92c0-41eb-8df7-85c609a4c87b","height_m":5.833,"ground_m":121.741,"height_source":"LoD1 solid top minus bottom","production":"2024","laser":"2016","footprints":"2022"},"geometry":{"type":"Polygon","coordinates":[[[13.625596803429884,51.08285884068634],[13.625582631792128,51.082845634328336],[13.625554844893173,51.08285825740042],[13.625565414910797,51.082867734317816],[13.62550798296881,51.08289304852695],[13.625534218210207,51.082916882483865],[13.62555553208717,51.08293623405348],[13.625670097194178,51.08288605169345],[13.625687730381513,51.08287832726141],[13.62566632136297,51.08285881272476],[13.625658967285924,51.08285210747414],[13.625643675145202,51.08283816851608],[13.625596803429884,51.08285884068634]]]}},{"type":"Feature","id":"UUID_b1d089d2-87d6-4b84-bf75-a65d242ac23c","properties":{"id":"UUID_b1d089d2-87d6-4b84-bf75-a65d242ac23c","height_m":11.168,"ground_m":121.741,"height_source":"LoD1 solid top minus bottom","production":"2024","laser":"2016","footprints":"2022"},"geometry":{"type":"Polygon","coordinates":[[[13.625687730381513,51.08287832726141],[13.625723994596447,51.08286244946813],[13.625694988057926,51.082836253806285],[13.625658967285924,51.08285210747414],[13.625687730381513,51.08287832726141]]]}},{"type":"Feature","id":"UUID_5d471b20-9aa8-494b-bfb6-2080889d17df","properties":{"id":"UUID_5d471b20-9aa8-494b-bfb6-2080889d17df","height_m":3.175,"ground_m":121.741,"height_source":"LoD1 solid top minus bottom","production":"2024","laser":"2016","footprints":"2022"},"geometry":{"type":"Polygon","coordinates":[[[13.625651794864288,51.08291587284015],[13.625670984769092,51.08293318500287],[13.625728847513853,51.0829077858497],[13.625707704733482,51.082888921940835],[13.625684428797582,51.08289916099929],[13.625686221732924,51.0829008097969],[13.625651794864288,51.08291587284015]]]}},{"type":"Feature","id":"UUID_1933df21-6f7e-49b1-b198-0b3b1565d7ac","properties":{"id":"UUID_1933df21-6f7e-49b1-b198-0b3b1565d7ac","height_m":4.759,"ground_m":121.741,"height_source":"LoD1 solid top minus bottom","production":"2024","laser":"2016","footprints":"2022"},"geometry":{"type":"Polygon","coordinates":[[[13.625684428797582,51.08289916099929],[13.625707704733482,51.082888921940835],[13.625738372755285,51.082875433413925],[13.625723994596447,51.08286244946813],[13.625670097194178,51.08288605169345],[13.625684428797582,51.08289916099929]]]}},{"type":"Feature","id":"DESNATPU1000D7AX","properties":{"id":"DESNATPU1000D7AX","height_m":3.222,"ground_m":213.787,"height_source":"LoD1 solid top minus bottom","production":"2024","laser":"2016","footprints":"2022"},"geometry":{"type":"Polygon","coordinates":[[[13.619128973124887,51.08261130665004],[13.619196352150418,51.08262604163223],[13.619229243285812,51.08256671717294],[13.619161869688812,51.082551802414976],[13.619128973124887,51.08261130665004]]]}},{"type":"Feature","id":"DESNATPU1000IRKZ","properties":{"id":"DESNATPU1000IRKZ","height_m":7.609,"ground_m":202.193,"height_source":"LoD1 solid top minus bottom","production":"2024","laser":"2016","footprints":"2022"},"geometry":{"type":"Polygon","coordinates":[[[13.618389869673592,51.082655532303825],[13.618334288157728,51.08280550675859],[13.618481418918375,51.082827030203205],[13.618499124974672,51.08277903741331],[13.61843017944623,51.08276895983325],[13.618467909198726,51.08266706632944],[13.618389869673592,51.082655532303825]]]}},{"type":"Feature","id":"DESNATP1iE0000CV","properties":{"id":"DESNATP1iE0000CV","height_m":3.39,"ground_m":240.106,"height_source":"LoD1 solid top minus bottom","production":"2024","laser":"2016","footprints":"2022"},"geometry":{"type":"Polygon","coordinates":[[[13.611686291104377,51.081669924295596],[13.611588404296253,51.081663815525324],[13.611579654009624,51.08171955767081],[13.611677526661886,51.08172566627972],[13.611686291104377,51.081669924295596]]]}},{"type":"Feature","id":"DESNATPU1000JJdR","properties":{"id":"DESNATPU1000JJdR","height_m":2.675,"ground_m":240.89,"height_source":"LoD1 solid top minus bottom","production":"2024","laser":"2016","footprints":"2022"},"geometry":{"type":"Polygon","coordinates":[[[13.605418780372696,51.08133664311793],[13.605374511482298,51.08132748172817],[13.605328663676747,51.08139456155713],[13.605375191802862,51.08140455928337],[13.605418780372696,51.08133664311793]]]}},{"type":"Feature","id":"DESNATP1DF00009d","properties":{"id":"DESNATP1DF00009d","height_m":9.292,"ground_m":242.924,"height_source":"LoD1 solid top minus bottom","production":"2024","laser":"2016","footprints":"2022"},"geometry":{"type":"Polygon","coordinates":[[[13.603056201857099,51.07744464281891],[13.60314210996696,51.07765761513595],[13.60328916125351,51.07763407526332],[13.603203252507768,51.07742110304858],[13.603056201857099,51.07744464281891]]]}},{"type":"Feature","id":"DESNATPU1000J7jI","properties":{"id":"DESNATPU1000J7jI","height_m":7.191,"ground_m":209.266,"height_source":"LoD1 solid top minus bottom","production":"2024","laser":"2016","footprints":"2022"},"geometry":{"type":"Polygon","coordinates":[[[13.617554377062978,51.083152854793276],[13.61750592114203,51.08313697575218],[13.61746756097938,51.083124399593586],[13.617400456595783,51.083205801191106],[13.61736193269564,51.0832528281417],[13.617400222911687,51.08326535854247],[13.617448608905967,51.08328119183498],[13.617487272788662,51.083234256441116],[13.617554377062978,51.083152854793276]]]}},{"type":"Feature","id":"DESNATPU1000HNKH","properties":{"id":"DESNATPU1000HNKH","height_m":7.154,"ground_m":166.078,"height_source":"LoD1 solid top minus bottom","production":"2024","laser":"2016","footprints":"2022"},"geometry":{"type":"Polygon","coordinates":[[[13.614334738985718,51.078868002591975],[13.61426920040714,51.07884923976959],[13.61424420976596,51.07888674977167],[13.614227051224809,51.078912499942064],[13.614290182564748,51.078930604744386],[13.614306280390426,51.078907863614525],[13.614320576162001,51.07891198997914],[13.614322572572837,51.07890919885934],[13.61433457930663,51.07889246146788],[13.61432000080099,51.07888824182387],[13.614334738985718,51.078868002591975]]]}},{"type":"Feature","id":"DESNATPU1000Bc8Q","properties":{"id":"DESNATPU1000Bc8Q","height_m":3.938,"ground_m":143.914,"height_source":"LoD1 solid top minus bottom","production":"2024","laser":"2016","footprints":"2022"},"geometry":{"type":"Polygon","coordinates":[[[13.622999778058592,51.08284752079336],[13.623046713675004,51.08290167148223],[13.623115662304249,51.08287802293162],[13.623068589243701,51.082823690793056],[13.622999778058592,51.08284752079336]]]}},{"type":"Feature","id":"DESNATP1iE0000CR","properties":{"id":"DESNATP1iE0000CR","height_m":3.306,"ground_m":227.813,"height_source":"LoD1 solid top minus bottom","production":"2024","laser":"2016","footprints":"2022"},"geometry":{"type":"Polygon","coordinates":[[[13.614029164721384,51.08253717213601],[13.614088724239117,51.08254835507796],[13.614120895207444,51.082480381289855],[13.614061335768614,51.082469198364784],[13.614029164721384,51.08253717213601]]]}},{"type":"Feature","id":"UUID_595c3824-e56a-4c8c-94ca-1a481f76a8e1","properties":{"id":"UUID_595c3824-e56a-4c8c-94ca-1a481f76a8e1","height_m":7.827,"ground_m":207.041,"height_source":"LoD1 solid top minus bottom","production":"2024","laser":"2016","footprints":"2022"},"geometry":{"type":"Polygon","coordinates":[[[13.628988988716062,51.07915474644915],[13.628999478559672,51.07917224380438],[13.629045394647134,51.07916150523685],[13.629034851954575,51.07914386337921],[13.628988988716062,51.07915474644915]]]}},{"type":"Feature","id":"UUID_ad0ca495-2ed9-4135-9990-a6a33ac969c2","properties":{"id":"UUID_ad0ca495-2ed9-4135-9990-a6a33ac969c2","height_m":7.911,"ground_m":207.041,"height_source":"LoD1 solid top minus bottom","production":"2024","laser":"2016","footprints":"2022"},"geometry":{"type":"Polygon","coordinates":[[[13.629045394647134,51.07916150523685],[13.628999478559672,51.07917224380438],[13.628999464819744,51.07917222565739],[13.62895964336999,51.07918156085606],[13.628978209688267,51.07921271426624],[13.62899677603114,51.07924386767348],[13.629117112700483,51.07921533265437],[13.629098612330136,51.07918435989848],[13.629080111984155,51.07915338713968],[13.629045462815398,51.07916161395139],[13.629045394647134,51.07916150523685]]]}},{"type":"Feature","id":"DESNATPU1000GAmQ","properties":{"id":"DESNATPU1000GAmQ","height_m":2.599,"ground_m":257.853,"height_source":"LoD1 solid top minus bottom","production":"2024","laser":"2016","footprints":"2022"},"geometry":{"type":"Polygon","coordinates":[[[13.624620021991209,51.06800803347402],[13.624576738264519,51.06801408895995],[13.62461741381795,51.06812491096717],[13.624661139006294,51.06811841101385],[13.624620021991209,51.06800803347402]]]}},{"type":"Feature","id":"DESNATPU1000GilR","properties":{"id":"DESNATPU1000GilR","height_m":3.367,"ground_m":178.217,"height_source":"LoD1 solid top minus bottom","production":"2024","laser":"2016","footprints":"2022"},"geometry":{"type":"Polygon","coordinates":[[[13.60783942770598,51.0779939126567],[13.60777400939131,51.07796651438643],[13.607713475423608,51.07802370786068],[13.607835001328805,51.07807479636191],[13.607876726098734,51.078035454608994],[13.607820330460592,51.07801185092979],[13.60783942770598,51.0779939126567]]]}},{"type":"Feature","id":"DESNATP1iE00009f","properties":{"id":"DESNATP1iE00009f","height_m":3.0,"ground_m":249.232,"height_source":"LoD1 solid top minus bottom","production":"2024","laser":"2016","footprints":"2022"},"geometry":{"type":"Polygon","coordinates":[[[13.608315530341843,51.06894337451308],[13.608343612968437,51.069022604035574],[13.608511417882701,51.068998999032],[13.608483334982253,51.0689197695474],[13.608315530341843,51.06894337451308]]]}},{"type":"Feature","id":"DESNATPU1000F0Iy","properties":{"id":"DESNATPU1000F0Iy","height_m":2.376,"ground_m":241.893,"height_source":"LoD1 solid top minus bottom","production":"2024","laser":"2016","footprints":"2022"},"geometry":{"type":"Polygon","coordinates":[[[13.602556227456274,51.079697396006104],[13.602480804005996,51.07969883242084],[13.602481094297243,51.07973183997405],[13.602557673057847,51.07972996772431],[13.602556227456274,51.079697396006104]]]}},{"type":"Feature","id":"DESNATPU1000FJAo","properties":{"id":"DESNATPU1000FJAo","height_m":2.357,"ground_m":132.737,"height_source":"LoD1 solid top minus bottom","production":"2024","laser":"2016","footprints":"2022"},"geometry":{"type":"Polygon","coordinates":[[[13.622342004269125,51.08080044594468],[13.622430122739578,51.08076578258643],[13.62238618675787,51.08072128939729],[13.6222979256219,51.08075595104091],[13.622342004269125,51.08080044594468]]]}},{"type":"Feature","id":"DESNATPU1000Axkz","properties":{"id":"DESNATPU1000Axkz","height_m":2.369,"ground_m":238.637,"height_source":"LoD1 solid top minus bottom","production":"2024","laser":"2016","footprints":"2022"},"geometry":{"type":"Polygon","coordinates":[[[13.605663342142723,51.08104711050048],[13.605774101918202,51.08105283821444],[13.605780241275651,51.081005338825626],[13.605669627033643,51.080999522923655],[13.605663342142723,51.08104711050048]]]}},{"type":"Feature","id":"UUID_afa0bc86-6cc5-4913-b0c2-8f514e6590e7","properties":{"id":"UUID_afa0bc86-6cc5-4913-b0c2-8f514e6590e7","height_m":3.587,"ground_m":143.628,"height_source":"LoD1 solid top minus bottom","production":"2024","laser":"2016","footprints":"2022"},"geometry":{"type":"Polygon","coordinates":[[[13.618959660485524,51.08060907366391],[13.618926841546887,51.08057012424639],[13.618791862886216,51.08061538248638],[13.618824826601813,51.08065426170915],[13.618959660485524,51.08060907366391]]]}},{"type":"Feature","id":"UUID_1424dffc-a213-4abd-a98f-9aa785e0f94c","properties":{"id":"UUID_1424dffc-a213-4abd-a98f-9aa785e0f94c","height_m":5.705,"ground_m":143.628,"height_source":"LoD1 solid top minus bottom","production":"2024","laser":"2016","footprints":"2022"},"geometry":{"type":"Polygon","coordinates":[[[13.618959660485524,51.08060907366391],[13.619096224387553,51.08056331236908],[13.619033192027647,51.08048900558164],[13.618896918539086,51.080534608361496],[13.618959660485524,51.08060907366391]]]}},{"type":"Feature","id":"DESNATPU1000HAIv","properties":{"id":"DESNATPU1000HAIv","height_m":3.983,"ground_m":190.141,"height_source":"LoD1 solid top minus bottom","production":"2024","laser":"2016","footprints":"2022"},"geometry":{"type":"Polygon","coordinates":[[[13.626585610421715,51.08086953917958],[13.626488785141046,51.08088494843577],[13.626506198088558,51.08092849890689],[13.626603020792745,51.08091317953495],[13.626585610421715,51.08086953917958]]]}},{"type":"Feature","id":"DESNATPU1000CTFC","properties":{"id":"DESNATPU1000CTFC","height_m":4.601,"ground_m":237.426,"height_source":"LoD1 solid top minus bottom","production":"2024","laser":"2016","footprints":"2022"},"geometry":{"type":"Polygon","coordinates":[[[13.60366074830589,51.08116448384318],[13.603602405417192,51.08116756390244],[13.603608031710205,51.08121304543777],[13.603609065189488,51.081216654958055],[13.60362012317245,51.0812951155225],[13.603677752625618,51.08129202693126],[13.60367587511903,51.0812785151009],[13.60366074830589,51.08116448384318]]]}},{"type":"Feature","id":"DESNATPU1000H6ks","properties":{"id":"DESNATPU1000H6ks","height_m":5.92,"ground_m":257.932,"height_source":"LoD1 solid top minus bottom","production":"2024","laser":"2016","footprints":"2022"},"geometry":{"type":"Polygon","coordinates":[[[13.607237259190079,51.06922486061604],[13.607160078388036,51.0691617905999],[13.607059995635659,51.06921022995486],[13.6071363359036,51.06927324505525],[13.607237259190079,51.06922486061604]]]}},{"type":"Feature","id":"DESNATPU1000IBlw","properties":{"id":"DESNATPU1000IBlw","height_m":2.724,"ground_m":237.998,"height_source":"LoD1 solid top minus bottom","production":"2024","laser":"2016","footprints":"2022"},"geometry":{"type":"Polygon","coordinates":[[[13.60344035166045,51.081272194109864],[13.603436778922703,51.08123438109654],[13.603265110982605,51.08124105305986],[13.603268694410444,51.08127850648932],[13.60344035166045,51.081272194109864]]]}},{"type":"Feature","id":"DESNATPU1000F2m9","properties":{"id":"DESNATPU1000F2m9","height_m":2.045,"ground_m":250.475,"height_source":"LoD1 solid top minus bottom","production":"2024","laser":"2016","footprints":"2022"},"geometry":{"type":"Polygon","coordinates":[[[13.621628665362405,51.06938819239254],[13.621633906462677,51.0694087580998],[13.621686159555772,51.06940352890686],[13.621680490382365,51.06938295815386],[13.621628665362405,51.06938819239254]]]}},{"type":"Feature","id":"DESNATPU1000FtHB","properties":{"id":"DESNATPU1000FtHB","height_m":3.394,"ground_m":253.112,"height_source":"LoD1 solid top minus bottom","production":"2024","laser":"2016","footprints":"2022"},"geometry":{"type":"Polygon","coordinates":[[[13.623444729028506,51.07030484220605],[13.62345209133701,51.070321296057536],[13.623460116405191,51.07033946637176],[13.623480465912374,51.070336738366365],[13.623493841052273,51.070367022219926],[13.623586248645042,51.07035066418686],[13.623558676823919,51.07028891774293],[13.623556675216086,51.07028421784463],[13.623444729028506,51.07030484220605]]]}},{"type":"Feature","id":"DESNATPU1000E4h1","properties":{"id":"DESNATPU1000E4h1","height_m":5.953,"ground_m":205.273,"height_source":"LoD1 solid top minus bottom","production":"2024","laser":"2016","footprints":"2022"},"geometry":{"type":"Polygon","coordinates":[[[13.625880246388832,51.079841272402646],[13.62587814782721,51.07983018644163],[13.625950976642986,51.079824747542524],[13.625939244951015,51.0797639074283],[13.625936077760512,51.079747449126245],[13.625831253680223,51.07975535363692],[13.625834320932972,51.079771810767056],[13.6258456660906,51.079832682319804],[13.625847764644547,51.07984376828133],[13.625880246388832,51.079841272402646]]]}},{"type":"Feature","id":"DESNATPU1000Dozf","properties":{"id":"DESNATPU1000Dozf","height_m":3.332,"ground_m":253.215,"height_source":"LoD1 solid top minus bottom","production":"2024","laser":"2016","footprints":"2022"},"geometry":{"type":"Polygon","coordinates":[[[13.62374092534613,51.06904833008346],[13.623758075529576,51.06911013364337],[13.623761803947742,51.06910954803983],[13.62384401446939,51.06909522804439],[13.623817821847016,51.069035116615005],[13.62374092534613,51.06904833008346]]]}},{"type":"Feature","id":"DESNATPU1000D5ji","properties":{"id":"DESNATPU1000D5ji","height_m":3.46,"ground_m":256.383,"height_source":"LoD1 solid top minus bottom","production":"2024","laser":"2016","footprints":"2022"},"geometry":{"type":"Polygon","coordinates":[[[13.607498714234945,51.069037604177005],[13.607448477923725,51.06906119667679],[13.607498747584458,51.06910307324651],[13.607516961344633,51.06911920776714],[13.607562400154768,51.06909852575582],[13.607498714234945,51.069037604177005]]]}},{"type":"Feature","id":"DESNATPU1000HUQM","properties":{"id":"DESNATPU1000HUQM","height_m":5.663,"ground_m":128.928,"height_source":"LoD1 solid top minus bottom","production":"2024","laser":"2016","footprints":"2022"},"geometry":{"type":"Polygon","coordinates":[[[13.623635075339823,51.08210841104661],[13.623718513356739,51.08216416035676],[13.623807753870272,51.08211098376208],[13.623731030462897,51.0820598999616],[13.623696152743095,51.082080532731396],[13.623689290061543,51.082076045397905],[13.623635075339823,51.08210841104661]]]}},{"type":"Feature","id":"DESNATPU1000DdZJ","properties":{"id":"DESNATPU1000DdZJ","height_m":6.993,"ground_m":134.84,"height_source":"LoD1 solid top minus bottom","production":"2024","laser":"2016","footprints":"2022"},"geometry":{"type":"Polygon","coordinates":[[[13.621774793145477,51.08025247544356],[13.621917670341116,51.08028239778996],[13.621953518995996,51.08021465408432],[13.621810787372354,51.08018464356784],[13.621729066095648,51.080167402802644],[13.621697593715998,51.08022719434411],[13.621779172368603,51.08024443344909],[13.621774793145477,51.08025247544356]]]}},{"type":"Feature","id":"DESNATPU1000Gug6","properties":{"id":"DESNATPU1000Gug6","height_m":3.841,"ground_m":259.288,"height_source":"LoD1 solid top minus bottom","production":"2024","laser":"2016","footprints":"2022"},"geometry":{"type":"Polygon","coordinates":[[[13.606345887551633,51.06751619519246],[13.6062176873006,51.06755522465735],[13.606239516919073,51.06758399263922],[13.606349930609582,51.06772847708156],[13.606478158232921,51.06768854850229],[13.606411295742404,51.067601391958085],[13.6063741009123,51.06755291709622],[13.60636800258601,51.06754496655361],[13.606345887551633,51.06751619519246]]]}},{"type":"Feature","id":"DESNATPU1000BuPq","properties":{"id":"DESNATPU1000BuPq","height_m":9.496,"ground_m":242.235,"height_source":"LoD1 solid top minus bottom","production":"2024","laser":"2016","footprints":"2022"},"geometry":{"type":"Polygon","coordinates":[[[13.609732142020686,51.081080107629965],[13.609730538999244,51.081114531486264],[13.609728825594868,51.08114787487785],[13.609728421469693,51.08115659321339],[13.609727015170607,51.08118445457011],[13.609726629909058,51.08119254362486],[13.609782707734771,51.0811935703178],[13.609806036109916,51.08119405460916],[13.609833216823622,51.081194620683824],[13.609884159461755,51.08119549632545],[13.609889792543155,51.08107424869194],[13.609838281588301,51.08107328535681],[13.609811884281767,51.08107278255788],[13.609785629425168,51.08107229044015],[13.609732691557827,51.08107130109454],[13.609732142020686,51.081080107629965]]]}},{"type":"Feature","id":"DESNATP1iE0000DR","properties":{"id":"DESNATP1iE0000DR","height_m":3.532,"ground_m":125.136,"height_source":"LoD1 solid top minus bottom","production":"2024","laser":"2016","footprints":"2022"},"geometry":{"type":"Polygon","coordinates":[[[13.625057507864033,51.08192627300061],[13.62499512379189,51.0818826879289],[13.624932985453167,51.08191797359551],[13.624995369513092,51.08196155870002],[13.625057507864033,51.08192627300061]]]}},{"type":"Feature","id":"DESNATPU1000FL9E","properties":{"id":"DESNATPU1000FL9E","height_m":7.28,"ground_m":166.078,"height_source":"LoD1 solid top minus bottom","production":"2024","laser":"2016","footprints":"2022"},"geometry":{"type":"Polygon","coordinates":[[[13.61411725535795,51.07888898564885],[13.614227051224809,51.078912499942064],[13.61426920040714,51.07884923976959],[13.614148617643885,51.078823619177776],[13.61411725535795,51.07888898564885]]]}},{"type":"Feature","id":"DESNATP1iE00009j","properties":{"id":"DESNATP1iE00009j","height_m":2.68,"ground_m":259.286,"height_source":"LoD1 solid top minus bottom","production":"2024","laser":"2016","footprints":"2022"},"geometry":{"type":"Polygon","coordinates":[[[13.607025031839632,51.06764829526562],[13.607006856890338,51.067609498884956],[13.6068918180131,51.06763088889868],[13.606909992873875,51.067669685296416],[13.607025031839632,51.06764829526562]]]}},{"type":"Feature","id":"DESNATP1iE0000Ae","properties":{"id":"DESNATP1iE0000Ae","height_m":7.55,"ground_m":245.86,"height_source":"LoD1 solid top minus bottom","production":"2024","laser":"2016","footprints":"2022"},"geometry":{"type":"Polygon","coordinates":[[[13.602362154419662,51.0769945046895],[13.602357123953439,51.077085174329845],[13.602684748683249,51.07709240082572],[13.602689778510355,51.07700173116638],[13.602362154419662,51.0769945046895]]]}},{"type":"Feature","id":"DESNATP1iE0000B3","properties":{"id":"DESNATP1iE0000B3","height_m":3.405,"ground_m":239.277,"height_source":"LoD1 solid top minus bottom","production":"2024","laser":"2016","footprints":"2022"},"geometry":{"type":"Polygon","coordinates":[[[13.603077579870922,51.08263226721392],[13.603078392201699,51.082676396252374],[13.60314870975187,51.08267588763909],[13.603147990320881,51.08263625617818],[13.603147840264917,51.08263175791838],[13.603077579870922,51.08263226721392]]]}},{"type":"Feature","id":"DESNATPU1000Ic7I","properties":{"id":"DESNATPU1000Ic7I","height_m":2.616,"ground_m":250.718,"height_source":"LoD1 solid top minus bottom","production":"2024","laser":"2016","footprints":"2022"},"geometry":{"type":"Polygon","coordinates":[[[13.620252636955412,51.07050911354023],[13.620231696553523,51.07045490871596],[13.62010694416128,51.070474119696954],[13.620127887098954,51.07052823464452],[13.620252636955412,51.07050911354023]]]}},{"type":"Feature","id":"DESNATPU1000FwFE","properties":{"id":"DESNATPU1000FwFE","height_m":3.591,"ground_m":243.75,"height_source":"LoD1 solid top minus bottom","production":"2024","laser":"2016","footprints":"2022"},"geometry":{"type":"Polygon","coordinates":[[[13.602367526116149,51.07796702063299],[13.602231047838597,51.07798595550117],[13.602246264667299,51.07803147987652],[13.60225222395979,51.07804927622534],[13.60239907444723,51.07802866676469],[13.602392925245104,51.07801101203981],[13.602386618070245,51.077992914771556],[13.602376780028694,51.07799439788008],[13.602367526116149,51.07796702063299]]]}},{"type":"Feature","id":"UUID_a952f374-1139-4a4b-82ac-b82e44750af1","properties":{"id":"UUID_a952f374-1139-4a4b-82ac-b82e44750af1","height_m":9.066,"ground_m":233.618,"height_source":"LoD1 solid top minus bottom","production":"2024","laser":"2016","footprints":"2022"},"geometry":{"type":"Polygon","coordinates":[[[13.606569034411761,51.08066348075087],[13.606567417299491,51.080679289035814],[13.606620176794959,51.080681446772545],[13.606621793889351,51.080665638486735],[13.606569034411761,51.08066348075087]]]}},{"type":"Feature","id":"UUID_dce14f04-6fae-447c-ac3c-f2afd3323676","properties":{"id":"UUID_dce14f04-6fae-447c-ac3c-f2afd3323676","height_m":8.059,"ground_m":233.618,"height_source":"LoD1 solid top minus bottom","production":"2024","laser":"2016","footprints":"2022"},"geometry":{"type":"Polygon","coordinates":[[[13.606569034681861,51.080663471761156],[13.606596369545379,51.08066459798969],[13.606621793889351,51.080665638486735],[13.606650598473669,51.080666791215485],[13.606657875339554,51.080595653926316],[13.606603646223878,51.080593469694236],[13.606546650563825,51.08059118051283],[13.606539376229346,51.08066222789667],[13.606569034681861,51.080663471761156]]]}},{"type":"Feature","id":"DESNATP1DF0000Al","properties":{"id":"DESNATP1DF0000Al","height_m":4.663,"ground_m":223.959,"height_source":"LoD1 solid top minus bottom","production":"2024","laser":"2016","footprints":"2022"},"geometry":{"type":"Polygon","coordinates":[[[13.613429036746131,51.08290552744794],[13.61340802398181,51.082901582097485],[13.613364004272146,51.08299619606197],[13.613528142270333,51.083027603886336],[13.613544854952927,51.08299295453729],[13.613400641382707,51.08296560508167],[13.613429036746131,51.08290552744794]]]}},{"type":"Feature","id":"UUID_4ffb252f-8487-4053-b7bc-e37b0f171f27","properties":{"id":"UUID_4ffb252f-8487-4053-b7bc-e37b0f171f27","height_m":4.443,"ground_m":253.223,"height_source":"LoD1 solid top minus bottom","production":"2024","laser":"2016","footprints":"2022"},"geometry":{"type":"Polygon","coordinates":[[[13.623631939133585,51.0704512036791],[13.62362765585024,51.070441620728566],[13.622993727413094,51.07055340019502],[13.622999745440296,51.07056705042748],[13.623006038172788,51.07058106361338],[13.62301204820257,51.07059498353894],[13.623017799542717,51.070608001122984],[13.623017627250652,51.07060803506493],[13.623067377461584,51.07072180624824],[13.62370242606418,51.0706089064572],[13.623631939133585,51.0704512036791]]]}},{"type":"Feature","id":"UUID_5a503312-c20b-411a-aaf9-278d722e9085","properties":{"id":"UUID_5a503312-c20b-411a-aaf9-278d722e9085","height_m":3.267,"ground_m":253.223,"height_source":"LoD1 solid top minus bottom","production":"2024","laser":"2016","footprints":"2022"},"geometry":{"type":"Polygon","coordinates":[[[13.624259489119773,51.07033781688353],[13.623631939133585,51.0704512036791],[13.62370242606418,51.0706089064572],[13.623704061767524,51.07060861995838],[13.62384001068975,51.07058243255412],[13.62419661208448,51.070518374320976],[13.624331061477301,51.07048497434889],[13.624259489119773,51.07033781688353]]]}},{"type":"Feature","id":"UUID_df084b98-9800-4456-917e-9d4874df1901","properties":{"id":"UUID_df084b98-9800-4456-917e-9d4874df1901","height_m":5.819,"ground_m":253.223,"height_source":"LoD1 solid top minus bottom","production":"2024","laser":"2016","footprints":"2022"},"geometry":{"type":"Polygon","coordinates":[[[13.622858810715334,51.07063616433992],[13.62286082560902,51.07064041475992],[13.62286579283532,51.07065099502024],[13.6228720988803,51.07066455872337],[13.62287826490978,51.07067803084706],[13.622887119252924,51.07069711026456],[13.622891418415772,51.070706153853386],[13.622897977830075,51.07072079969239],[13.622904022533604,51.07073355095027],[13.622910869999503,51.070748110252964],[13.623067377461584,51.07072180624824],[13.623017627250652,51.07060803506493],[13.622858810715334,51.07063616433992]]]}},{"type":"Feature","id":"DESNATPU1000Hv3A","properties":{"id":"DESNATPU1000Hv3A","height_m":4.538,"ground_m":169.274,"height_source":"LoD1 solid top minus bottom","production":"2024","laser":"2016","footprints":"2022"},"geometry":{"type":"Polygon","coordinates":[[[13.628576079918739,51.08154588527101],[13.628480189094056,51.081563465441725],[13.628500186439684,51.08160659628045],[13.628596077346602,51.0815890160941],[13.628576079918739,51.08154588527101]]]}},{"type":"Feature","id":"DESNATPU1000ByYF","properties":{"id":"DESNATPU1000ByYF","height_m":4.796,"ground_m":185.841,"height_source":"LoD1 solid top minus bottom","production":"2024","laser":"2016","footprints":"2022"},"geometry":{"type":"Polygon","coordinates":[[[13.627830901567501,51.08091087334334],[13.627929440869169,51.080900249341845],[13.627917333796134,51.08085586207865],[13.627818791926575,51.080866575968656],[13.627830901567501,51.08091087334334]]]}},{"type":"Feature","id":"DESNATPU1000ISZY","properties":{"id":"DESNATPU1000ISZY","height_m":7.135,"ground_m":222.813,"height_source":"LoD1 solid top minus bottom","production":"2024","laser":"2016","footprints":"2022"},"geometry":{"type":"Polygon","coordinates":[[[13.615978469899495,51.082289950596596],[13.615979473796287,51.08228501637521],[13.615968615601494,51.08228048127708],[13.615950088464844,51.08227936261323],[13.615938428646636,51.082282551934746],[13.615937726289125,51.08228695015083],[13.615899400923146,51.082284248113154],[13.615864638266,51.082281768108736],[13.615852842425065,51.082346917054046],[13.615966240680937,51.08235527427974],[13.615978469899495,51.082289950596596]]]}},{"type":"Feature","id":"DESNATPU1000C8NR","properties":{"id":"DESNATPU1000C8NR","height_m":9.726,"ground_m":237.75,"height_source":"LoD1 solid top minus bottom","production":"2024","laser":"2016","footprints":"2022"},"geometry":{"type":"Polygon","coordinates":[[[13.602149186981151,51.081114222378105],[13.601878909973236,51.081114676966976],[13.60187932877347,51.081219179896934],[13.60205480323002,51.081218850548844],[13.60216641037174,51.081286463216216],[13.602236240763041,51.08132857585086],[13.602306289603437,51.081325546517554],[13.602302367326383,51.08128988759105],[13.602255188793814,51.081292021323854],[13.602204712238699,51.08126147124125],[13.602255402553327,51.0812280841055],[13.602187675139787,51.08118725564061],[13.602187693068155,51.08114876608841],[13.602149428252622,51.081148848067826],[13.602149186981151,51.081114222378105]]]}},{"type":"Feature","id":"DESNATPU1000DGGH","properties":{"id":"DESNATPU1000DGGH","height_m":3.084,"ground_m":249.477,"height_source":"LoD1 solid top minus bottom","production":"2024","laser":"2016","footprints":"2022"},"geometry":{"type":"Polygon","coordinates":[[[13.601761686017527,51.07658308132916],[13.60166198618529,51.076584946219974],[13.601663918758144,51.07662975419719],[13.601763898676005,51.07662807251375],[13.601761686017527,51.07658308132916]]]}},{"type":"Feature","id":"DESNATPU1000B7RK","properties":{"id":"DESNATPU1000B7RK","height_m":8.278,"ground_m":249.184,"height_source":"LoD1 solid top minus bottom","production":"2024","laser":"2016","footprints":"2022"},"geometry":{"type":"Polygon","coordinates":[[[13.60869772637174,51.07000665553157],[13.608688059745978,51.07001010166854],[13.60872046468012,51.070046144444284],[13.608762636480485,51.07009158418979],[13.609079266562492,51.06997496410895],[13.609003993516293,51.069893842213666],[13.60869772637174,51.07000665553157]]]}},{"type":"Feature","id":"UUID_89252d7c-d59b-443a-ac5f-d5da4a2d8921","properties":{"id":"UUID_89252d7c-d59b-443a-ac5f-d5da4a2d8921","height_m":6.484,"ground_m":174.128,"height_source":"LoD1 solid top minus bottom","production":"2024","laser":"2016","footprints":"2022"},"geometry":{"type":"Polygon","coordinates":[[[13.608421884747386,51.07819771287408],[13.608407675936876,51.07820879387346],[13.608469040203877,51.07824001048367],[13.608483234738591,51.07822892930697],[13.608421884747386,51.07819771287408]]]}},{"type":"Feature","id":"UUID_251244e8-3927-4144-8703-d09cc0e02929","properties":{"id":"UUID_251244e8-3927-4144-8703-d09cc0e02929","height_m":6.056,"ground_m":174.128,"height_source":"LoD1 solid top minus bottom","production":"2024","laser":"2016","footprints":"2022"},"geometry":{"type":"Polygon","coordinates":[[[13.608421884747386,51.07819771287408],[13.608483234738591,51.07822892930697],[13.608488409384037,51.07822489912492],[13.608520263178116,51.07820002617305],[13.608542702046858,51.07818252325614],[13.608395957040763,51.078107861531606],[13.608336475683094,51.07815425834831],[13.608421884747386,51.07819771287408]]]}},{"type":"Feature","id":"UUID_7732d541-ba4a-4ed9-9d36-6d59502ada75","properties":{"id":"UUID_7732d541-ba4a-4ed9-9d36-6d59502ada75","height_m":3.238,"ground_m":174.128,"height_source":"LoD1 solid top minus bottom","production":"2024","laser":"2016","footprints":"2022"},"geometry":{"type":"Polygon","coordinates":[[[13.608520263178116,51.07820002617305],[13.608488409384037,51.07822489912492],[13.60850801105827,51.0782348718274],[13.60853989312117,51.078210008199704],[13.608520263178116,51.07820002617305]]]}},{"type":"Feature","id":"DESNATPU1000EoGf","properties":{"id":"DESNATPU1000EoGf","height_m":3.704,"ground_m":184.078,"height_source":"LoD1 solid top minus bottom","production":"2024","laser":"2016","footprints":"2022"},"geometry":{"type":"Polygon","coordinates":[[[13.627423160404405,51.08110842674432],[13.627520918386056,51.08109527589438],[13.627506084020045,51.081051396140445],[13.627408326127165,51.08106454697874],[13.627423160404405,51.08110842674432]]]}},{"type":"Feature","id":"DESNATP1iE0000CU","properties":{"id":"DESNATP1iE0000CU","height_m":3.0,"ground_m":230.027,"height_source":"LoD1 solid top minus bottom","production":"2024","laser":"2016","footprints":"2022"},"geometry":{"type":"Polygon","coordinates":[[[13.614124950941234,51.08195290439301],[13.613982083376744,51.08192074239601],[13.613940608306738,51.0819938217218],[13.614083475796969,51.08202599276036],[13.614124950941234,51.08195290439301]]]}},{"type":"Feature","id":"DESNATPU1000C0PC","properties":{"id":"DESNATPU1000C0PC","height_m":6.687,"ground_m":254.079,"height_source":"LoD1 solid top minus bottom","production":"2024","laser":"2016","footprints":"2022"},"geometry":{"type":"Polygon","coordinates":[[[13.607337355356488,51.06956779441747],[13.607357260937142,51.069646450114256],[13.607497845553187,51.06963247740969],[13.607487908017497,51.06959263715792],[13.607478731082518,51.069555989470864],[13.607337355356488,51.06956779441747]]]}},{"type":"Feature","id":"DESNATPU1000BDzs","properties":{"id":"DESNATPU1000BDzs","height_m":8.364,"ground_m":238.592,"height_source":"LoD1 solid top minus bottom","production":"2024","laser":"2016","footprints":"2022"},"geometry":{"type":"Polygon","coordinates":[[[13.60447576738637,51.07821509141309],[13.604507146171342,51.0780642048182],[13.60439820359337,51.07805526010957],[13.604366824461177,51.07820614667272],[13.60447576738637,51.07821509141309]]]}},{"type":"Feature","id":"DESNATP1DF00009g","properties":{"id":"DESNATP1DF00009g","height_m":9.262,"ground_m":246.026,"height_source":"LoD1 solid top minus bottom","production":"2024","laser":"2016","footprints":"2022"},"geometry":{"type":"Polygon","coordinates":[[[13.602020222459705,51.07752878703279],[13.601980784947417,51.07743241461256],[13.601884436710016,51.07744806100262],[13.601923874305102,51.07754442446396],[13.602020222459705,51.07752878703279]]]}},{"type":"Feature","id":"DESNATPU1000Btn4","properties":{"id":"DESNATPU1000Btn4","height_m":2.652,"ground_m":262.594,"height_source":"LoD1 solid top minus bottom","production":"2024","laser":"2016","footprints":"2022"},"geometry":{"type":"Polygon","coordinates":[[[13.607483609407321,51.06715825719387],[13.607455897294725,51.067168538699306],[13.607485620234579,51.06720063795684],[13.607513623107547,51.067190180049494],[13.607483609407321,51.06715825719387]]]}},{"type":"Feature","id":"DESNATPU1000FQRm","properties":{"id":"DESNATPU1000FQRm","height_m":2.719,"ground_m":236.049,"height_source":"LoD1 solid top minus bottom","production":"2024","laser":"2016","footprints":"2022"},"geometry":{"type":"Polygon","coordinates":[[[13.610373107046565,51.08092522723941],[13.610287583761618,51.08092537954687],[13.61028782012289,51.08097942986596],[13.61037363433176,51.080979101157965],[13.610373107046565,51.08092522723941]]]}},{"type":"Feature","id":"DESNATPU1000Iedj","properties":{"id":"DESNATPU1000Iedj","height_m":5.086,"ground_m":245.438,"height_source":"LoD1 solid top minus bottom","production":"2024","laser":"2016","footprints":"2022"},"geometry":{"type":"Polygon","coordinates":[[[13.602301615128063,51.077333102463186],[13.602327029412736,51.07723634554234],[13.602144173673748,51.077216829469265],[13.602118883391997,51.07731372272932],[13.602301615128063,51.077333102463186]]]}},{"type":"Feature","id":"UUID_7ddb5be7-12c2-4f8e-8c6b-896560ad3458","properties":{"id":"UUID_7ddb5be7-12c2-4f8e-8c6b-896560ad3458","height_m":3.196,"ground_m":145.222,"height_source":"LoD1 solid top minus bottom","production":"2024","laser":"2016","footprints":"2022"},"geometry":{"type":"Polygon","coordinates":[[[13.618081588308936,51.0805196661017],[13.61810717469842,51.08046592111967],[13.618021283408273,51.08044970761029],[13.618020971037456,51.08044964995957],[13.61800838515571,51.080474834223416],[13.618007831504586,51.08047472875534],[13.617994277790688,51.080503166006345],[13.618081588308936,51.0805196661017]]]}},{"type":"Feature","id":"UUID_acbe25e2-5d95-4542-81a3-509cfb1f1924","properties":{"id":"UUID_acbe25e2-5d95-4542-81a3-509cfb1f1924","height_m":8.044,"ground_m":145.222,"height_source":"LoD1 solid top minus bottom","production":"2024","laser":"2016","footprints":"2022"},"geometry":{"type":"Polygon","coordinates":[[[13.617885169336892,51.08045160548551],[13.617940693805519,51.08046207328732],[13.618007831504586,51.08047472875534],[13.61800838515571,51.080474834223416],[13.618020971037456,51.08044964995957],[13.618021283408273,51.08044970761029],[13.618033305446142,51.08042475948766],[13.61807719035188,51.08033713867561],[13.617951395630815,51.080313267997404],[13.617947010797094,51.080322433900314],[13.61791840474472,51.0803821684042],[13.617885169336892,51.08045160548551]]]}},{"type":"Feature","id":"UUID_340c71c3-3b99-40f1-8aad-ea4e06782f90","properties":{"id":"UUID_340c71c3-3b99-40f1-8aad-ea4e06782f90","height_m":6.77,"ground_m":145.222,"height_source":"LoD1 solid top minus bottom","production":"2024","laser":"2016","footprints":"2022"},"geometry":{"type":"Polygon","coordinates":[[[13.618033305446142,51.08042475948766],[13.618078020295867,51.0804333817734],[13.618120191375278,51.08034530003047],[13.61807719035188,51.08033713867561],[13.618033305446142,51.08042475948766]]]}},{"type":"Feature","id":"DESNATPU1000CS2u","properties":{"id":"DESNATPU1000CS2u","height_m":5.276,"ground_m":237.952,"height_source":"LoD1 solid top minus bottom","production":"2024","laser":"2016","footprints":"2022"},"geometry":{"type":"Polygon","coordinates":[[[13.609836535823797,51.08313668307402],[13.609833355552988,51.08313322793911],[13.609788445229471,51.08315014009506],[13.609782954299982,51.08315232302153],[13.609758566944336,51.08316093596996],[13.609761467151147,51.083164207917406],[13.609779318136253,51.0831831255154],[13.609828576046963,51.083235510606734],[13.609902807308432,51.08320734625659],[13.609853412007126,51.08315477970404],[13.609836535823797,51.08313668307402]]]}},{"type":"Feature","id":"DESNATPU1000DdGU","properties":{"id":"DESNATPU1000DdGU","height_m":4.086,"ground_m":243.66,"height_source":"LoD1 solid top minus bottom","production":"2024","laser":"2016","footprints":"2022"},"geometry":{"type":"Polygon","coordinates":[[[13.61054721745366,51.08167994224374],[13.610545310105508,51.08172644898399],[13.610727725860434,51.081729426569694],[13.610773804215746,51.0817301810565],[13.610775711604347,51.08168366532102],[13.61070867032297,51.081682571751614],[13.610593624012983,51.08168070070315],[13.61054721745366,51.08167994224374]]]}},{"type":"Feature","id":"DESNATPU1000HVQ3","properties":{"id":"DESNATPU1000HVQ3","height_m":4.016,"ground_m":238.937,"height_source":"LoD1 solid top minus bottom","production":"2024","laser":"2016","footprints":"2022"},"geometry":{"type":"Polygon","coordinates":[[[13.609996399093301,51.069957331280065],[13.609896707812283,51.06999274692998],[13.609948402234608,51.07004863239582],[13.610047950913224,51.07001321500592],[13.609996399093301,51.069957331280065]]]}},{"type":"Feature","id":"DESNATPU1000DQ6t","properties":{"id":"DESNATPU1000DQ6t","height_m":3.57,"ground_m":175.378,"height_source":"LoD1 solid top minus bottom","production":"2024","laser":"2016","footprints":"2022"},"geometry":{"type":"Polygon","coordinates":[[[13.628893334198242,51.08119276822024],[13.628990159363061,51.08117735697177],[13.62897260392438,51.08113371528192],[13.628875776187602,51.0811492164146],[13.628893334198242,51.08119276822024]]]}},{"type":"Feature","id":"DESNATPU1000HkOA","properties":{"id":"DESNATPU1000HkOA","height_m":8.141,"ground_m":166.877,"height_source":"LoD1 solid top minus bottom","production":"2024","laser":"2016","footprints":"2022"},"geometry":{"type":"Polygon","coordinates":[[[13.61454538003899,51.078975716777165],[13.614625152183436,51.07899114090153],[13.614657916785978,51.078926600281775],[13.614577864686648,51.07891099300242],[13.61454538003899,51.078975716777165]]]}},{"type":"Feature","id":"DESNATPU1000G3Mr","properties":{"id":"DESNATPU1000G3Mr","height_m":6.799,"ground_m":242.491,"height_source":"LoD1 solid top minus bottom","production":"2024","laser":"2016","footprints":"2022"},"geometry":{"type":"Polygon","coordinates":[[[13.608411968996428,51.08101004481555],[13.608411743107093,51.08097284736207],[13.60840503264775,51.08097285740138],[13.6083245017408,51.08097315763761],[13.608263959493419,51.08097342602766],[13.608264078410057,51.08098516321919],[13.608264326633785,51.08101067012838],[13.608264701275525,51.08104861576683],[13.608412202389143,51.08104794380677],[13.608411968996428,51.08101004481555]]]}},{"type":"Feature","id":"DESNATP1iE0000C7","properties":{"id":"DESNATP1iE0000C7","height_m":1.89,"ground_m":239.592,"height_source":"LoD1 solid top minus bottom","production":"2024","laser":"2016","footprints":"2022"},"geometry":{"type":"Polygon","coordinates":[[[13.60904388321162,51.08260699458774],[13.60902220381116,51.08257197893831],[13.608905755975501,51.08260057558739],[13.608927421028206,51.08263559108784],[13.60904388321162,51.08260699458774]]]}},{"type":"Feature","id":"DESNATP1DF0000AD","properties":{"id":"DESNATP1DF0000AD","height_m":3.573,"ground_m":238.145,"height_source":"LoD1 solid top minus bottom","production":"2024","laser":"2016","footprints":"2022"},"geometry":{"type":"Polygon","coordinates":[[[13.602435710902201,51.08148568441822],[13.602420395400921,51.08139222657208],[13.602324508248744,51.08139846325777],[13.602339823558351,51.08149192111487],[13.602435710902201,51.08148568441822]]]}},{"type":"Feature","id":"DESNATPU1000Feca","properties":{"id":"DESNATPU1000Feca","height_m":4.079,"ground_m":176.123,"height_source":"LoD1 solid top minus bottom","production":"2024","laser":"2016","footprints":"2022"},"geometry":{"type":"Polygon","coordinates":[[[13.628274988308545,51.08126261867008],[13.628177629085416,51.081276764051594],[13.628193611239515,51.08132047732788],[13.628291115929564,51.08130624371071],[13.628274988308545,51.08126261867008]]]}},{"type":"Feature","id":"DESNATPU1000E8we","properties":{"id":"DESNATPU1000E8we","height_m":6.01,"ground_m":145.007,"height_source":"LoD1 solid top minus bottom","production":"2024","laser":"2016","footprints":"2022"},"geometry":{"type":"Polygon","coordinates":[[[13.618217567618592,51.080530923052045],[13.618284787111671,51.08054706858157],[13.618320674948256,51.08048777978268],[13.618333856612864,51.08049099319008],[13.618344072926249,51.080473937465214],[13.618299279546354,51.080463156051586],[13.618294027327126,51.0804717271739],[13.618260719074712,51.08046359952631],[13.618258649596225,51.08046309843795],[13.618191261651347,51.08044686097202],[13.61815012143205,51.080514720846104],[13.618217567618592,51.080530923052045]]]}},{"type":"Feature","id":"DESNATP1iE0000CG","properties":{"id":"DESNATP1iE0000CG","height_m":3.534,"ground_m":244.437,"height_source":"LoD1 solid top minus bottom","production":"2024","laser":"2016","footprints":"2022"},"geometry":{"type":"Polygon","coordinates":[[[13.60745208001844,51.081444392774536],[13.607449184114492,51.08152276764354],[13.607539233131735,51.08152408321275],[13.607540286422203,51.081495660111415],[13.607542128883669,51.08144570834035],[13.60745208001844,51.081444392774536]]]}},{"type":"Feature","id":"DESNATPU1000BsBg","properties":{"id":"DESNATPU1000BsBg","height_m":3.474,"ground_m":230.988,"height_source":"LoD1 solid top minus bottom","production":"2024","laser":"2016","footprints":"2022"},"geometry":{"type":"Polygon","coordinates":[[[13.614686513618732,51.082242181734074],[13.614610010444292,51.08222706621475],[13.614593306552688,51.08226050177539],[13.614577359220396,51.082292507432655],[13.614653717083023,51.08230771117986],[13.614686513618732,51.082242181734074]]]}},{"type":"Feature","id":"DESNATPU1000EHp8","properties":{"id":"DESNATPU1000EHp8","height_m":3.093,"ground_m":245.369,"height_source":"LoD1 solid top minus bottom","production":"2024","laser":"2016","footprints":"2022"},"geometry":{"type":"Polygon","coordinates":[[[13.605823230775334,51.08184066554177],[13.605716480462872,51.081843978641196],[13.605722523105419,51.081918422268856],[13.605829276291566,51.08191501926822],[13.605823230775334,51.08184066554177]]]}},{"type":"Feature","id":"DESNATPU1000Iu3U","properties":{"id":"DESNATPU1000Iu3U","height_m":4.559,"ground_m":236.758,"height_source":"LoD1 solid top minus bottom","production":"2024","laser":"2016","footprints":"2022"},"geometry":{"type":"Polygon","coordinates":[[[13.608122199309483,51.08065437750385],[13.608143252900474,51.08072351406275],[13.60824512974695,51.08071123772775],[13.608224218726244,51.08064210288524],[13.608122199309483,51.08065437750385]]]}},{"type":"Feature","id":"DESNATPU1000FBkZ","properties":{"id":"DESNATPU1000FBkZ","height_m":2.279,"ground_m":243.746,"height_source":"LoD1 solid top minus bottom","production":"2024","laser":"2016","footprints":"2022"},"geometry":{"type":"Polygon","coordinates":[[[13.607831507057506,51.081843917934705],[13.607898864770855,51.08182115867779],[13.607854323010429,51.08176873898584],[13.607786822631548,51.08179149651782],[13.607831507057506,51.081843917934705]]]}},{"type":"Feature","id":"DESNATPU1000Dbp5","properties":{"id":"DESNATPU1000Dbp5","height_m":3.479,"ground_m":251.402,"height_source":"LoD1 solid top minus bottom","production":"2024","laser":"2016","footprints":"2022"},"geometry":{"type":"Polygon","coordinates":[[[13.622099378974845,51.0703405190358],[13.622071114884765,51.07034540172776],[13.6221043797441,51.07042205398986],[13.622188453354552,51.07040757725595],[13.622155331052197,51.070330926698695],[13.622099378974845,51.0703405190358]]]}},{"type":"Feature","id":"DESNATP1iE00009v","properties":{"id":"DESNATP1iE00009v","height_m":4.838,"ground_m":247.388,"height_source":"LoD1 solid top minus bottom","production":"2024","laser":"2016","footprints":"2022"},"geometry":{"type":"Polygon","coordinates":[[[13.608992875572644,51.06910446183102],[13.608896708383838,51.0691223463488],[13.608950743662625,51.06923766754938],[13.609046910801872,51.069219791978924],[13.608992875572644,51.06910446183102]]]}},{"type":"Feature","id":"DESNATP1iE0000C3","properties":{"id":"DESNATP1iE0000C3","height_m":4.153,"ground_m":238.297,"height_source":"LoD1 solid top minus bottom","production":"2024","laser":"2016","footprints":"2022"},"geometry":{"type":"Polygon","coordinates":[[[13.606470707239174,51.08276699633777],[13.606443949712814,51.08270480597781],[13.606366468313514,51.08271802810253],[13.606393225742895,51.08278021847934],[13.606470707239174,51.08276699633777]]]}},{"type":"Feature","id":"DESNATPU1000BjG1","properties":{"id":"DESNATPU1000BjG1","height_m":7.795,"ground_m":241.013,"height_source":"LoD1 solid top minus bottom","production":"2024","laser":"2016","footprints":"2022"},"geometry":{"type":"Polygon","coordinates":[[[13.605766368391782,51.081362795327536],[13.605762719942584,51.081369703346425],[13.605741579074563,51.08136531442918],[13.605731718536555,51.08138462154667],[13.605752716692916,51.08138900876341],[13.605746047855098,51.08140187904085],[13.60586891869743,51.081427445644565],[13.605889657623083,51.08138821402063],[13.605909790505411,51.081350144246095],[13.605786338156365,51.08132493046559],[13.605766368391782,51.081362795327536]]]}},{"type":"Feature","id":"DESNATPU1000GFW3","properties":{"id":"DESNATPU1000GFW3","height_m":3.162,"ground_m":203.598,"height_source":"LoD1 solid top minus bottom","production":"2024","laser":"2016","footprints":"2022"},"geometry":{"type":"Polygon","coordinates":[[[13.626875174970497,51.079966814755906],[13.626740275674862,51.07998078771922],[13.626750688462483,51.080019669530934],[13.626885305097138,51.08000560330558],[13.626875174970497,51.079966814755906]]]}},{"type":"Feature","id":"DESNATP1iE0000Bh","properties":{"id":"DESNATP1iE0000Bh","height_m":2.989,"ground_m":208.597,"height_source":"LoD1 solid top minus bottom","production":"2024","laser":"2016","footprints":"2022"},"geometry":{"type":"Polygon","coordinates":[[[13.62572128800545,51.079342706662864],[13.625783814827898,51.07932645416492],[13.625740448334868,51.079260269013176],[13.625677921320968,51.07927653047846],[13.62572128800545,51.079342706662864]]]}},{"type":"Feature","id":"DESNATP1iE0000BL","properties":{"id":"DESNATP1iE0000BL","height_m":2.893,"ground_m":204.71,"height_source":"LoD1 solid top minus bottom","production":"2024","laser":"2016","footprints":"2022"},"geometry":{"type":"Polygon","coordinates":[[[13.624214719388572,51.07793231289819],[13.62412206537892,51.077940592923085],[13.624134567274607,51.077967673888544],[13.624201649092972,51.077977816127635],[13.624214719388572,51.07793231289819]]]}},{"type":"Feature","id":"DESNATP1iE0000CF","properties":{"id":"DESNATP1iE0000CF","height_m":2.118,"ground_m":240.461,"height_source":"LoD1 solid top minus bottom","production":"2024","laser":"2016","footprints":"2022"},"geometry":{"type":"Polygon","coordinates":[[[13.603773092558527,51.082579595976476],[13.603750094530966,51.08253682066632],[13.603681766411341,51.08255140036677],[13.603689243502208,51.08256529383687],[13.603704318963752,51.082594269291384],[13.603773092558527,51.082579595976476]]]}},{"type":"Feature","id":"UUID_20b91225-b906-4509-b47d-ec99c6d07637","properties":{"id":"UUID_20b91225-b906-4509-b47d-ec99c6d07637","height_m":9.296,"ground_m":242.289,"height_source":"LoD1 solid top minus bottom","production":"2024","laser":"2016","footprints":"2022"},"geometry":{"type":"Polygon","coordinates":[[[13.602801158974863,51.077766590303234],[13.602832098963225,51.07777925349239],[13.602837258797177,51.077795160730574],[13.602858143865022,51.07780418748336],[13.602950572925629,51.07780918620244],[13.602943753948454,51.07774314148162],[13.602928245482287,51.07774377447544],[13.602932116276612,51.07778115043693],[13.602801158974863,51.077766590303234]]]}},{"type":"Feature","id":"UUID_80a4f91d-61f0-4cac-818f-983e2679c4e0","properties":{"id":"UUID_80a4f91d-61f0-4cac-818f-983e2679c4e0","height_m":8.09,"ground_m":242.289,"height_source":"LoD1 solid top minus bottom","production":"2024","laser":"2016","footprints":"2022"},"geometry":{"type":"Polygon","coordinates":[[[13.602917804678398,51.07760934011325],[13.602950166713859,51.07760986181311],[13.602945724724222,51.07756822536307],[13.602929034953197,51.077566371178676],[13.602917804678398,51.07760934011325]]]}},{"type":"Feature","id":"UUID_f798d984-9963-4adb-8ac5-e4764d831d48","properties":{"id":"UUID_f798d984-9963-4adb-8ac5-e4764d831d48","height_m":10.817,"ground_m":242.289,"height_source":"LoD1 solid top minus bottom","production":"2024","laser":"2016","footprints":"2022"},"geometry":{"type":"Polygon","coordinates":[[[13.602837559840651,51.0776339838542],[13.60290941449368,51.07764143455619],[13.602929034953197,51.077566371178676],[13.602857324826067,51.07755839163221],[13.602837559840651,51.0776339838542]]]}},{"type":"Feature","id":"UUID_95073c7d-d45c-44f7-a7ec-70c34bffc48d","properties":{"id":"UUID_95073c7d-d45c-44f7-a7ec-70c34bffc48d","height_m":9.781,"ground_m":242.289,"height_source":"LoD1 solid top minus bottom","production":"2024","laser":"2016","footprints":"2022"},"geometry":{"type":"Polygon","coordinates":[[[13.602837559840651,51.0776339838542],[13.602857324826067,51.07755839163221],[13.602843608712812,51.077556869747056],[13.602737594213853,51.07754508074212],[13.602695510576028,51.077695245392256],[13.60281639129241,51.07771493707329],[13.602837559840651,51.0776339838542]]]}},{"type":"Feature","id":"UUID_6b1994b3-9e96-4ff1-ae56-b5d36c436716","properties":{"id":"UUID_6b1994b3-9e96-4ff1-ae56-b5d36c436716","height_m":9.646,"ground_m":242.289,"height_source":"LoD1 solid top minus bottom","production":"2024","laser":"2016","footprints":"2022"},"geometry":{"type":"Polygon","coordinates":[[[13.602945724724222,51.07756822536307],[13.602936660361648,51.077483358554986],[13.602838980108839,51.07748588709527],[13.602843608712812,51.077556869747056],[13.602945724724222,51.07756822536307]]]}},{"type":"Feature","id":"UUID_13b7ba38-bcd7-43ba-bab0-c11202070013","properties":{"id":"UUID_13b7ba38-bcd7-43ba-bab0-c11202070013","height_m":9.612,"ground_m":242.289,"height_source":"LoD1 solid top minus bottom","production":"2024","laser":"2016","footprints":"2022"},"geometry":{"type":"Polygon","coordinates":[[[13.60281639129241,51.07771493707329],[13.602695510576028,51.077695245392256],[13.602679307992926,51.07775303817943],[13.602801158974863,51.077766590303234],[13.602932116276612,51.07778115043693],[13.602928245482287,51.07774377447544],[13.602927128791373,51.077732978592515],[13.60281639129241,51.07771493707329]]]}},{"type":"Feature","id":"DESNATP1iE0000Ao","properties":{"id":"DESNATP1iE0000Ao","height_m":3.177,"ground_m":238.492,"height_source":"LoD1 solid top minus bottom","production":"2024","laser":"2016","footprints":"2022"},"geometry":{"type":"Polygon","coordinates":[[[13.604334155407225,51.08117383933109],[13.604329643683473,51.081211798593934],[13.604479069315264,51.08121883454095],[13.60448358091762,51.08118087527145],[13.604334155407225,51.08117383933109]]]}},{"type":"Feature","id":"DESNATP1iE0000De","properties":{"id":"DESNATP1iE0000De","height_m":3.0,"ground_m":126.096,"height_source":"LoD1 solid top minus bottom","production":"2024","laser":"2016","footprints":"2022"},"geometry":{"type":"Polygon","coordinates":[[[13.624514306342585,51.08175623809511],[13.624570600374774,51.08177600147146],[13.624606688662519,51.08173522955855],[13.624618801619247,51.08172154997208],[13.624562507631715,51.08170178661912],[13.624514306342585,51.08175623809511]]]}},{"type":"Feature","id":"UUID_ab502a66-ef8f-43b7-920a-2c7cd8be5144","properties":{"id":"UUID_ab502a66-ef8f-43b7-920a-2c7cd8be5144","height_m":6.254,"ground_m":241.763,"height_source":"LoD1 solid top minus bottom","production":"2024","laser":"2016","footprints":"2022"},"geometry":{"type":"Polygon","coordinates":[[[13.608733158228715,51.08205654453021],[13.60872018716986,51.08204631806141],[13.608664225460261,51.08207469912489],[13.608677212674571,51.08208486284167],[13.608733158228715,51.08205654453021]]]}},{"type":"Feature","id":"UUID_d48e79ba-e86d-44aa-b19c-c12df2ea7329","properties":{"id":"UUID_d48e79ba-e86d-44aa-b19c-c12df2ea7329","height_m":3.945,"ground_m":241.763,"height_source":"LoD1 solid top minus bottom","production":"2024","laser":"2016","footprints":"2022"},"geometry":{"type":"Polygon","coordinates":[[[13.608655217823452,51.08213223658513],[13.60870532113987,51.0821068703705],[13.608664225460261,51.08207469912489],[13.608614066956097,51.08210000171455],[13.608655217823452,51.08213223658513]]]}},{"type":"Feature","id":"UUID_38127fad-44a5-4f34-832e-9bd7311f1623","properties":{"id":"UUID_38127fad-44a5-4f34-832e-9bd7311f1623","height_m":8.359,"ground_m":241.763,"height_source":"LoD1 solid top minus bottom","production":"2024","laser":"2016","footprints":"2022"},"geometry":{"type":"Polygon","coordinates":[[[13.60870532113987,51.0821068703705],[13.608705379037707,51.08210684408085],[13.608766755402435,51.082154967344216],[13.608799953829903,51.082138185976014],[13.608809020407165,51.082145308369505],[13.60883554843165,51.082131954843994],[13.608828897815943,51.08212663281345],[13.608828019432853,51.082125929903725],[13.608862960143307,51.08210818003143],[13.608771866318582,51.082036951010664],[13.608736898432117,51.08205465556775],[13.608733158228715,51.08205654453021],[13.608677212674571,51.08208486284167],[13.60870532113987,51.0821068703705]]]}},{"type":"Feature","id":"DESNATPU1000IdMJ","properties":{"id":"DESNATPU1000IdMJ","height_m":3.021,"ground_m":252.037,"height_source":"LoD1 solid top minus bottom","production":"2024","laser":"2016","footprints":"2022"},"geometry":{"type":"Polygon","coordinates":[[[13.607855268014122,51.069536823579085],[13.607868992197984,51.069588426713146],[13.607870922050328,51.06959546419927],[13.607948246160001,51.069587212368255],[13.607932018598728,51.0695286548573],[13.607891921671511,51.06953303347173],[13.607855268014122,51.069536823579085]]]}},{"type":"Feature","id":"DESNATPU1000HwvA","properties":{"id":"DESNATPU1000HwvA","height_m":3.396,"ground_m":257.19,"height_source":"LoD1 solid top minus bottom","production":"2024","laser":"2016","footprints":"2022"},"geometry":{"type":"Polygon","coordinates":[[[13.622897401492999,51.06803280409604],[13.622900194982453,51.0680396716436],[13.622906603355037,51.068054585498516],[13.622912063669151,51.068067779524334],[13.622917920007733,51.068082057368564],[13.622923789690313,51.06809588572275],[13.622932574210006,51.06811730248808],[13.623141272232948,51.0680827103055],[13.623107679303063,51.06799787087064],[13.622897401492999,51.06803280409604]]]}},{"type":"Feature","id":"DESNATPU1000G6Wv","properties":{"id":"DESNATPU1000G6Wv","height_m":6.125,"ground_m":220.197,"height_source":"LoD1 solid top minus bottom","production":"2024","laser":"2016","footprints":"2022"},"geometry":{"type":"Polygon","coordinates":[[[13.616297440173744,51.0818760235818],[13.616276335972605,51.08190338203089],[13.616257890540215,51.08192728269633],[13.616252110396989,51.08193486724881],[13.616225112885202,51.08196977292942],[13.616317362886646,51.08199784374747],[13.616389544630938,51.08190418255022],[13.616297440173744,51.0818760235818]]]}},{"type":"Feature","id":"DESNATPU1000FLNm","properties":{"id":"DESNATPU1000FLNm","height_m":3.55,"ground_m":256.886,"height_source":"LoD1 solid top minus bottom","production":"2024","laser":"2016","footprints":"2022"},"geometry":{"type":"Polygon","coordinates":[[[13.622381247943613,51.06804535477064],[13.62238227504223,51.06804777698459],[13.622401728982114,51.06809440984952],[13.623099118724227,51.06797852513237],[13.623079265435704,51.06793089845738],[13.623078652329816,51.06792943437835],[13.6230602069012,51.067885349517475],[13.622362673122979,51.068001322230465],[13.622381247943613,51.06804535477064]]]}},{"type":"Feature","id":"DESNATPU1000BbYV","properties":{"id":"DESNATPU1000BbYV","height_m":2.679,"ground_m":220.631,"height_source":"LoD1 solid top minus bottom","production":"2024","laser":"2016","footprints":"2022"},"geometry":{"type":"Polygon","coordinates":[[[13.615608031931911,51.0827614693874],[13.615536527071132,51.0827606224967],[13.615534791127082,51.08282355239748],[13.615606010635881,51.08282439590925],[13.615608031931911,51.0827614693874]]]}},{"type":"Feature","id":"UUID_baa9c571-d3fd-48a8-bf58-a2cd35d14337","properties":{"id":"UUID_baa9c571-d3fd-48a8-bf58-a2cd35d14337","height_m":9.494,"ground_m":238.037,"height_source":"LoD1 solid top minus bottom","production":"2024","laser":"2016","footprints":"2022"},"geometry":{"type":"Polygon","coordinates":[[[13.61126145554153,51.08143408316433],[13.611391299735674,51.08150246119269],[13.611472096782643,51.0814418014665],[13.611342228937,51.081373261373344],[13.61126145554153,51.08143408316433]]]}},{"type":"Feature","id":"UUID_e008d1a1-815f-4691-8c7d-c11c126a5101","properties":{"id":"UUID_e008d1a1-815f-4691-8c7d-c11c126a5101","height_m":8.708,"ground_m":238.037,"height_source":"LoD1 solid top minus bottom","production":"2024","laser":"2016","footprints":"2022"},"geometry":{"type":"Polygon","coordinates":[[[13.611391299735674,51.08150246119269],[13.611423936552765,51.08151964769419],[13.61147593461432,51.08148051664764],[13.611443324195642,51.08146340241754],[13.611391299735674,51.08150246119269]]]}},{"type":"Feature","id":"DESNATPU1000FqsS","properties":{"id":"DESNATPU1000FqsS","height_m":7.798,"ground_m":239.602,"height_source":"LoD1 solid top minus bottom","production":"2024","laser":"2016","footprints":"2022"},"geometry":{"type":"Polygon","coordinates":[[[13.604066636319148,51.078015149149635],[13.604051005972188,51.07801271424488],[13.604085077726452,51.07792418098478],[13.603989155217484,51.077909545974705],[13.603900897025706,51.07814302769626],[13.603896719162435,51.07815376932221],[13.604006584378368,51.078170009797574],[13.604010759512105,51.07815935806461],[13.604066636319148,51.078015149149635]]]}},{"type":"Feature","id":"DESNATPU1000EzHw","properties":{"id":"DESNATPU1000EzHw","height_m":6.576,"ground_m":258.057,"height_source":"LoD1 solid top minus bottom","production":"2024","laser":"2016","footprints":"2022"},"geometry":{"type":"Polygon","coordinates":[[[13.606737456899223,51.0692455588135],[13.606621391543873,51.06929956275837],[13.606692186333932,51.06935995804081],[13.606808251760729,51.0693059540267],[13.606737456899223,51.0692455588135]]]}},{"type":"Feature","id":"DESNATPU1000BVv4","properties":{"id":"DESNATPU1000BVv4","height_m":6.123,"ground_m":158.482,"height_source":"LoD1 solid top minus bottom","production":"2024","laser":"2016","footprints":"2022"},"geometry":{"type":"Polygon","coordinates":[[[13.613804555417335,51.07940174162162],[13.61404790166584,51.07952342386647],[13.614116626707066,51.07946902214592],[13.613873423271777,51.079347341736266],[13.613804555417335,51.07940174162162]]]}},{"type":"Feature","id":"UUID_960e5966-bd86-4697-ac3c-080379225735","properties":{"id":"UUID_960e5966-bd86-4697-ac3c-080379225735","height_m":8.808,"ground_m":238.618,"height_source":"LoD1 solid top minus bottom","production":"2024","laser":"2016","footprints":"2022"},"geometry":{"type":"Polygon","coordinates":[[[13.60486555185866,51.08119118143159],[13.604902767837771,51.0811955915044],[13.604910081980746,51.08117076837356],[13.604872965653438,51.081166368485306],[13.60486555185866,51.08119118143159]]]}},{"type":"Feature","id":"UUID_b352f95f-751d-4b30-9aec-9750deea7d02","properties":{"id":"UUID_b352f95f-751d-4b30-9aec-9750deea7d02","height_m":10.016,"ground_m":238.618,"height_source":"LoD1 solid top minus bottom","production":"2024","laser":"2016","footprints":"2022"},"geometry":{"type":"Polygon","coordinates":[[[13.604686224106615,51.081184823224326],[13.604711546907843,51.081187823383395],[13.604735080573295,51.08110887655092],[13.604709729269748,51.08110587605651],[13.604686224106615,51.081184823224326]]]}},{"type":"Feature","id":"UUID_a599b638-c0fd-4826-9a7d-b94ef3058f7d","properties":{"id":"UUID_a599b638-c0fd-4826-9a7d-b94ef3058f7d","height_m":11.318,"ground_m":238.618,"height_source":"LoD1 solid top minus bottom","production":"2024","laser":"2016","footprints":"2022"},"geometry":{"type":"Polygon","coordinates":[[[13.604872965653438,51.081166368485306],[13.604884855993527,51.08112658177538],[13.604828761353568,51.081119949932614],[13.604735080573295,51.08110887655092],[13.604711546907843,51.081187823383395],[13.604702654006745,51.081217663699654],[13.604809923275551,51.081230275219085],[13.604808665232826,51.08123412716457],[13.604851200268746,51.08123922125464],[13.604852389923435,51.08123526957018],[13.604865637219502,51.08119119144337],[13.60486555185866,51.08119118143159],[13.604872965653438,51.081166368485306]]]}},{"type":"Feature","id":"DESNATPU1000GdN6","properties":{"id":"DESNATPU1000GdN6","height_m":2.301,"ground_m":259.199,"height_source":"LoD1 solid top minus bottom","production":"2024","laser":"2016","footprints":"2022"},"geometry":{"type":"Polygon","coordinates":[[[13.606065213882138,51.06730475112133],[13.60598865422994,51.06734943227335],[13.60604930416833,51.06738774618817],[13.606124846188937,51.067343682367024],[13.606065213882138,51.06730475112133]]]}},{"type":"Feature","id":"DESNATPU1000BNDU","properties":{"id":"DESNATPU1000BNDU","height_m":4.026,"ground_m":249.166,"height_source":"LoD1 solid top minus bottom","production":"2024","laser":"2016","footprints":"2022"},"geometry":{"type":"Polygon","coordinates":[[[13.608705314625775,51.06889207895395],[13.608618086485023,51.068926023141564],[13.60864911434019,51.0689575081141],[13.608743853597714,51.06892059570972],[13.608740671667043,51.068917230442494],[13.608713111064338,51.06888911415874],[13.608705314625775,51.06889207895395]]]}},{"type":"Feature","id":"DESNATP1iE0000CD","properties":{"id":"DESNATP1iE0000CD","height_m":3.0,"ground_m":237.577,"height_source":"LoD1 solid top minus bottom","production":"2024","laser":"2016","footprints":"2022"},"geometry":{"type":"Polygon","coordinates":[[[13.603147494791202,51.08300157017159],[13.603146263675262,51.08296375816342],[13.603030570464654,51.08296525329359],[13.60303180148625,51.083003065302236],[13.603147494791202,51.08300157017159]]]}},{"type":"Feature","id":"DESNATPU1000DWyw","properties":{"id":"DESNATPU1000DWyw","height_m":2.969,"ground_m":157.916,"height_source":"LoD1 solid top minus bottom","production":"2024","laser":"2016","footprints":"2022"},"geometry":{"type":"Polygon","coordinates":[[[13.614249611661847,51.07953831557101],[13.614333240640773,51.07955369568473],[13.614357969146715,51.079500121188175],[13.614274337569563,51.079484830990125],[13.614249611661847,51.07953831557101]]]}},{"type":"Feature","id":"DESNATPU1000FEA6","properties":{"id":"DESNATPU1000FEA6","height_m":4.593,"ground_m":245.767,"height_source":"LoD1 solid top minus bottom","production":"2024","laser":"2016","footprints":"2022"},"geometry":{"type":"Polygon","coordinates":[[[13.61066853530275,51.069656720932166],[13.610665269738462,51.0696609087991],[13.610649154578004,51.069674746232906],[13.610644168729738,51.069679183438346],[13.61059757038534,51.06971954741068],[13.610556579716517,51.06974900663409],[13.610637206952076,51.06978296920859],[13.61073694551036,51.069693505886725],[13.61066853530275,51.069656720932166]]]}},{"type":"Feature","id":"DESNATPU1000Je5m","properties":{"id":"DESNATPU1000Je5m","height_m":3.315,"ground_m":228.241,"height_source":"LoD1 solid top minus bottom","production":"2024","laser":"2016","footprints":"2022"},"geometry":{"type":"Polygon","coordinates":[[[13.615259385759064,51.08234611125895],[13.615164462463849,51.08232628142623],[13.615142058951895,51.08236891224948],[13.615236839600975,51.08238874041007],[13.615259385759064,51.08234611125895]]]}},{"type":"Feature","id":"DESNATPU1000Eu2N","properties":{"id":"DESNATPU1000Eu2N","height_m":4.801,"ground_m":262.415,"height_source":"LoD1 solid top minus bottom","production":"2024","laser":"2016","footprints":"2022"},"geometry":{"type":"Polygon","coordinates":[[[13.60752196739349,51.06712139345052],[13.607503651415303,51.06712818973277],[13.607467986162192,51.06714143408848],[13.607483609407321,51.06715825719387],[13.607513623107547,51.067190180049494],[13.607542802375269,51.067221373519494],[13.607578437515535,51.06720818273992],[13.607615544655527,51.06719445192291],[13.607541148292306,51.06711478732912],[13.60752196739349,51.06712139345052]]]}},{"type":"Feature","id":"DESNATPU1000BL3B","properties":{"id":"DESNATPU1000BL3B","height_m":7.836,"ground_m":166.764,"height_source":"LoD1 solid top minus bottom","production":"2024","laser":"2016","footprints":"2022"},"geometry":{"type":"Polygon","coordinates":[[[13.610740638574407,51.07847875246],[13.610820979381774,51.07848465344106],[13.61088379639251,51.078489356886834],[13.61089738870925,51.07841685552226],[13.610753800286764,51.07840633592245],[13.610740638574407,51.07847875246]]]}},{"type":"Feature","id":"DESNATP1DF0000Ak","properties":{"id":"DESNATP1DF0000Ak","height_m":16.196,"ground_m":221.379,"height_source":"LoD1 solid top minus bottom","production":"2024","laser":"2016","footprints":"2022"},"geometry":{"type":"Polygon","coordinates":[[[13.61317307251897,51.08302955191472],[13.61311193234225,51.083022513478426],[13.613089490866248,51.08310023385388],[13.613151273942634,51.08310726194325],[13.61317307251897,51.08302955191472]]]}},{"type":"Feature","id":"DESNATPU1000IffS","properties":{"id":"DESNATPU1000IffS","height_m":2.739,"ground_m":240.731,"height_source":"LoD1 solid top minus bottom","production":"2024","laser":"2016","footprints":"2022"},"geometry":{"type":"Polygon","coordinates":[[[13.601343344164203,51.080093326808516],[13.601243556416918,51.080093121944806],[13.601243342512248,51.080138084077134],[13.601343273071612,51.08013829064949],[13.601343344164203,51.080093326808516]]]}},{"type":"Feature","id":"DESNATPU1000IsJd","properties":{"id":"DESNATPU1000IsJd","height_m":4.278,"ground_m":178.711,"height_source":"LoD1 solid top minus bottom","production":"2024","laser":"2016","footprints":"2022"},"geometry":{"type":"Polygon","coordinates":[[[13.628217864999138,51.08114536414595],[13.628122114936282,51.08116303560224],[13.628142111782234,51.081206166501225],[13.628238001988308,51.081188586602146],[13.628217864999138,51.08114536414595]]]}},{"type":"Feature","id":"DESNATPU1000CGFD","properties":{"id":"DESNATPU1000CGFD","height_m":2.704,"ground_m":163.752,"height_source":"LoD1 solid top minus bottom","production":"2024","laser":"2016","footprints":"2022"},"geometry":{"type":"Polygon","coordinates":[[[13.611896538303533,51.07842287996103],[13.61187912479198,51.07841799683777],[13.611866106402973,51.078442752655604],[13.611944390411384,51.07846013939085],[13.611957656520726,51.07843664551675],[13.611952125775899,51.07843541075702],[13.611997869319685,51.07836185219945],[13.611942607698515,51.078347976354486],[13.611896538303533,51.07842287996103]]]}},{"type":"Feature","id":"UUID_1fad47a7-09c5-41f9-9317-22d9914b5b7d","properties":{"id":"UUID_1fad47a7-09c5-41f9-9317-22d9914b5b7d","height_m":4.19,"ground_m":240.517,"height_source":"LoD1 solid top minus bottom","production":"2024","laser":"2016","footprints":"2022"},"geometry":{"type":"Polygon","coordinates":[[[13.605581899301521,51.08130090876114],[13.605668780998007,51.081319706223],[13.605668856411818,51.0813195722286],[13.605685485277805,51.08128883489841],[13.605598525515042,51.0812702613407],[13.605581899301521,51.08130090876114]]]}},{"type":"Feature","id":"UUID_b80cb616-1c93-49e3-84ee-126db2091c57","properties":{"id":"UUID_b80cb616-1c93-49e3-84ee-126db2091c57","height_m":7.428,"ground_m":240.517,"height_source":"LoD1 solid top minus bottom","production":"2024","laser":"2016","footprints":"2022"},"geometry":{"type":"Polygon","coordinates":[[[13.605547146642964,51.08129338975844],[13.605526474508881,51.081330391872605],[13.605522098319915,51.08133823546025],[13.605505634788473,51.08133498145247],[13.60549809335577,51.08134838088198],[13.605490179979324,51.08136465361221],[13.605506352675151,51.08136808401107],[13.6055639372446,51.08138073158731],[13.6056039435614,51.08138921255029],[13.605628482665104,51.08139454132353],[13.605648775134544,51.08135686918589],[13.605668780998007,51.081319706223],[13.605581899301521,51.08130090876114],[13.605547146642964,51.08129338975844]]]}},{"type":"Feature","id":"DESNATP1iE0000Am","properties":{"id":"DESNATP1iE0000Am","height_m":3.084,"ground_m":228.959,"height_source":"LoD1 solid top minus bottom","production":"2024","laser":"2016","footprints":"2022"},"geometry":{"type":"Polygon","coordinates":[[[13.605436976050623,51.0804129531524],[13.60544912822177,51.08031030889325],[13.605360052996893,51.08030612558279],[13.605347900630058,51.08040876983121],[13.605436976050623,51.0804129531524]]]}},{"type":"Feature","id":"DESNATPU1000DkiY","properties":{"id":"DESNATPU1000DkiY","height_m":2.229,"ground_m":238.873,"height_source":"LoD1 solid top minus bottom","production":"2024","laser":"2016","footprints":"2022"},"geometry":{"type":"Polygon","coordinates":[[[13.612013712835367,51.08185153990642],[13.611923025672287,51.081830975345824],[13.611889697606637,51.08189029260329],[13.611980384869916,51.08191085719032],[13.612013712835367,51.08185153990642]]]}},{"type":"Feature","id":"DESNATPU1000EOTd","properties":{"id":"DESNATPU1000EOTd","height_m":7.545,"ground_m":200.154,"height_source":"LoD1 solid top minus bottom","production":"2024","laser":"2016","footprints":"2022"},"geometry":{"type":"Polygon","coordinates":[[[13.618115630083802,51.08325823355035],[13.618073178117664,51.08325503379905],[13.61807505618049,51.083244714143746],[13.618052132033995,51.083243085193075],[13.618032598871766,51.08324169417286],[13.618030580752727,51.08325192224248],[13.617984566009074,51.08324850047866],[13.61796911046191,51.08333114254169],[13.618034827883019,51.083336020288726],[13.618100317492505,51.08334087731969],[13.618108133934097,51.083298972788825],[13.618115630083802,51.08325823355035]]]}},{"type":"Feature","id":"DESNATPU1000Ey4A","properties":{"id":"DESNATPU1000Ey4A","height_m":9.347,"ground_m":167.706,"height_source":"LoD1 solid top minus bottom","production":"2024","laser":"2016","footprints":"2022"},"geometry":{"type":"Polygon","coordinates":[[[13.619175734783305,51.078573667745204],[13.619192954790547,51.078561101214675],[13.619227373169622,51.07857985337084],[13.619306906530845,51.078521799268415],[13.619207303122252,51.0784675644207],[13.61912719620973,51.078525701609436],[13.61917046619055,51.07854923467492],[13.619153396922503,51.07856153319514],[13.619175734783305,51.078573667745204]]]}},{"type":"Feature","id":"DESNATPU1000DRBw","properties":{"id":"DESNATPU1000DRBw","height_m":6.878,"ground_m":218.405,"height_source":"LoD1 solid top minus bottom","production":"2024","laser":"2016","footprints":"2022"},"geometry":{"type":"Polygon","coordinates":[[[13.615844340883543,51.08331483257609],[13.615835063765251,51.08335298760458],[13.615868263778054,51.083356186530054],[13.615864909061196,51.083370040870484],[13.61590282151897,51.083373691275824],[13.615906255369003,51.083359577076635],[13.615969807872093,51.083365707345976],[13.61597905231276,51.083327686814215],[13.615988101588016,51.08329046434084],[13.615853422834057,51.083277475605726],[13.615844340883543,51.08331483257609]]]}},{"type":"Feature","id":"DESNATPU1000BfVV","properties":{"id":"DESNATPU1000BfVV","height_m":2.844,"ground_m":244.601,"height_source":"LoD1 solid top minus bottom","production":"2024","laser":"2016","footprints":"2022"},"geometry":{"type":"Polygon","coordinates":[[[13.620082964414818,51.06978785528259],[13.620081084507362,51.069836664743086],[13.620193675891995,51.0698231556392],[13.620199980756588,51.06982233077687],[13.620201176523922,51.06977252401513],[13.620082964414818,51.06978785528259]]]}},{"type":"Feature","id":"DESNATPU1000GBmS","properties":{"id":"DESNATPU1000GBmS","height_m":5.752,"ground_m":258.313,"height_source":"LoD1 solid top minus bottom","production":"2024","laser":"2016","footprints":"2022"},"geometry":{"type":"Polygon","coordinates":[[[13.607451999478526,51.06781202788968],[13.607378334654708,51.067850629230534],[13.60745181234308,51.06791337622085],[13.607531133377638,51.06787178461872],[13.607451999478526,51.06781202788968]]]}},{"type":"Feature","id":"DESNATP1iE0000DE","properties":{"id":"DESNATP1iE0000DE","height_m":4.401,"ground_m":123.642,"height_source":"LoD1 solid top minus bottom","production":"2024","laser":"2016","footprints":"2022"},"geometry":{"type":"Polygon","coordinates":[[[13.624509808665437,51.08189103396498],[13.624490662333598,51.081848694828956],[13.624388236157028,51.08186319111009],[13.624407382134104,51.081905539251906],[13.624509808665437,51.08189103396498]]]}},{"type":"Feature","id":"DESNATPU1000DdQs","properties":{"id":"DESNATPU1000DdQs","height_m":3.555,"ground_m":262.248,"height_source":"LoD1 solid top minus bottom","production":"2024","laser":"2016","footprints":"2022"},"geometry":{"type":"Polygon","coordinates":[[[13.607594642085376,51.067096719299926],[13.607541148292306,51.06711478732912],[13.607615544655527,51.06719445192291],[13.607667794893377,51.06717502010251],[13.607594642085376,51.067096719299926]]]}},{"type":"Feature","id":"DESNATPU1000IVbo","properties":{"id":"DESNATPU1000IVbo","height_m":5.059,"ground_m":143.82,"height_source":"LoD1 solid top minus bottom","production":"2024","laser":"2016","footprints":"2022"},"geometry":{"type":"Polygon","coordinates":[[[13.618497056435533,51.08054795885676],[13.618557991227934,51.08056324756525],[13.618593701707464,51.08057221288054],[13.618641778521711,51.08049193466429],[13.6184881091212,51.08045531591961],[13.618445260179598,51.080527832020756],[13.61850168687675,51.08054108903232],[13.618497056435533,51.08054795885676]]]}},{"type":"Feature","id":"DESNATPU1000DxRf","properties":{"id":"DESNATPU1000DxRf","height_m":2.803,"ground_m":205.032,"height_source":"LoD1 solid top minus bottom","production":"2024","laser":"2016","footprints":"2022"},"geometry":{"type":"Polygon","coordinates":[[[13.624079953622486,51.078056492620604],[13.624050713320047,51.07812926088207],[13.624135001996727,51.07814167408284],[13.6241649557273,51.07806891419848],[13.624111792728714,51.07806118401124],[13.624079953622486,51.078056492620604]]]}},{"type":"Feature","id":"DESNATPU1000Dm1B","properties":{"id":"DESNATPU1000Dm1B","height_m":3.518,"ground_m":230.04,"height_source":"LoD1 solid top minus bottom","production":"2024","laser":"2016","footprints":"2022"},"geometry":{"type":"Polygon","coordinates":[[[13.610759082922218,51.079798054975996],[13.610688115944567,51.07979370424868],[13.610678386956222,51.079856359270856],[13.610749351335798,51.07986079990208],[13.610759082922218,51.079798054975996]]]}},{"type":"Feature","id":"DESNATPU1000GPJ9","properties":{"id":"DESNATPU1000GPJ9","height_m":3.658,"ground_m":144.327,"height_source":"LoD1 solid top minus bottom","production":"2024","laser":"2016","footprints":"2022"},"geometry":{"type":"Polygon","coordinates":[[[13.623017355667898,51.082707528282185],[13.623087015777525,51.082717611569684],[13.623109256413969,51.08265618213929],[13.623039736446382,51.08264619044462],[13.623017355667898,51.082707528282185]]]}},{"type":"Feature","id":"UUID_9d869c46-d09e-41e2-9d44-ba7ade02f599","properties":{"id":"UUID_9d869c46-d09e-41e2-9d44-ba7ade02f599","height_m":5.52,"ground_m":230.066,"height_source":"LoD1 solid top minus bottom","production":"2024","laser":"2016","footprints":"2022"},"geometry":{"type":"Polygon","coordinates":[[[13.606986304831418,51.083236772492526],[13.607048223910803,51.08322071159004],[13.607008281771588,51.083159650238755],[13.606986153847794,51.083125824923975],[13.606924249147395,51.08314188596474],[13.606986304831418,51.083236772492526]]]}},{"type":"Feature","id":"UUID_dcf6cbc2-53e4-4e04-9768-a63ff2093b44","properties":{"id":"UUID_dcf6cbc2-53e4-4e04-9768-a63ff2093b44","height_m":10.282,"ground_m":230.066,"height_source":"LoD1 solid top minus bottom","production":"2024","laser":"2016","footprints":"2022"},"geometry":{"type":"Polygon","coordinates":[[[13.607043292182498,51.083150561928996],[13.607021164237244,51.08311673662063],[13.606986153847794,51.083125824923975],[13.607008281771588,51.083159650238755],[13.607043292182498,51.083150561928996]]]}},{"type":"Feature","id":"UUID_3635b957-3975-4d68-a06e-6f642671c23d","properties":{"id":"UUID_3635b957-3975-4d68-a06e-6f642671c23d","height_m":11.85,"ground_m":243.174,"height_source":"LoD1 solid top minus bottom","production":"2024","laser":"2016","footprints":"2022"},"geometry":{"type":"Polygon","coordinates":[[[13.60873182060946,51.081058888893104],[13.608798832356282,51.08106045987448],[13.60880170227495,51.08101238185117],[13.608801260117321,51.081012367595704],[13.608802835135394,51.0809812797929],[13.608802778048037,51.08098127911345],[13.608804446265891,51.0809494639923],[13.608657643092013,51.08094591807616],[13.608655376709285,51.08098339162225],[13.60865092747118,51.08105698177527],[13.60873182060946,51.081058888893104]]]}},{"type":"Feature","id":"UUID_e820c383-3701-4fe9-a897-f26e2e709f90","properties":{"id":"UUID_e820c383-3701-4fe9-a897-f26e2e709f90","height_m":9.548,"ground_m":243.174,"height_source":"LoD1 solid top minus bottom","production":"2024","laser":"2016","footprints":"2022"},"geometry":{"type":"Polygon","coordinates":[[[13.608655376709285,51.08098339162225],[13.608624703044859,51.080982666786845],[13.608620353391515,51.08105626711726],[13.60865092747118,51.08105698177527],[13.608655376709285,51.08098339162225]]]}},{"type":"Feature","id":"UUID_fe4497be-f8e3-43a5-bbcd-2149820418a0","properties":{"id":"UUID_fe4497be-f8e3-43a5-bbcd-2149820418a0","height_m":9.687,"ground_m":243.174,"height_source":"LoD1 solid top minus bottom","production":"2024","laser":"2016","footprints":"2022"},"geometry":{"type":"Polygon","coordinates":[[[13.608801260117321,51.081012367595704],[13.608830235185385,51.08101308116146],[13.608832164553087,51.080982078512065],[13.608802835135394,51.0809812797929],[13.608801260117321,51.081012367595704]]]}},{"type":"Feature","id":"DESNATPU1000Cfee","properties":{"id":"DESNATPU1000Cfee","height_m":7.733,"ground_m":250.183,"height_source":"LoD1 solid top minus bottom","production":"2024","laser":"2016","footprints":"2022"},"geometry":{"type":"Polygon","coordinates":[[[13.601218803087816,51.07676237999823],[13.601416523597496,51.076757551639496],[13.601412052710804,51.07668330636139],[13.601214189812735,51.0766881330073],[13.601218803087816,51.07676237999823]]]}},{"type":"Feature","id":"UUID_63b5b167-1ebe-4692-96ce-0014a138fe7f","properties":{"id":"UUID_63b5b167-1ebe-4692-96ce-0014a138fe7f","height_m":7.341,"ground_m":238.361,"height_source":"LoD1 solid top minus bottom","production":"2024","laser":"2016","footprints":"2022"},"geometry":{"type":"Polygon","coordinates":[[[13.60452000379925,51.078011704667354],[13.60470203495897,51.07802080232976],[13.60470859558525,51.07796881153047],[13.604503470139711,51.07795862879272],[13.60452000379925,51.078011704667354]]]}},{"type":"Feature","id":"UUID_99d2c2ce-ea5e-414d-9a49-1c13f970beea","properties":{"id":"UUID_99d2c2ce-ea5e-414d-9a49-1c13f970beea","height_m":6.862,"ground_m":238.361,"height_source":"LoD1 solid top minus bottom","production":"2024","laser":"2016","footprints":"2022"},"geometry":{"type":"Polygon","coordinates":[[[13.604446097533705,51.07802449155581],[13.60452000379925,51.078011704667354],[13.604503470139711,51.07795862879272],[13.604423392310087,51.077972511066264],[13.604446097533705,51.07802449155581]]]}},{"type":"Feature","id":"DESNATPU1000J8kl","properties":{"id":"DESNATPU1000J8kl","height_m":6.443,"ground_m":242.992,"height_source":"LoD1 solid top minus bottom","production":"2024","laser":"2016","footprints":"2022"},"geometry":{"type":"Polygon","coordinates":[[[13.609878706388002,51.07015003528599],[13.609894205341618,51.070142485691186],[13.609879638721889,51.070130351823096],[13.609871645229296,51.07012369190013],[13.609856148972009,51.070131151594545],[13.60984333171205,51.07012065725884],[13.609766714550949,51.070157696181916],[13.609787524482147,51.070174877424336],[13.609814909167996,51.070197478674714],[13.609891380978853,51.070160527920876],[13.609878706388002,51.07015003528599]]]}},{"type":"Feature","id":"DESNATP1DF00009X","properties":{"id":"DESNATP1DF00009X","height_m":9.91,"ground_m":243.861,"height_source":"LoD1 solid top minus bottom","production":"2024","laser":"2016","footprints":"2022"},"geometry":{"type":"Polygon","coordinates":[[[13.603310362137494,51.07686790520962],[13.603380039772562,51.07686891764665],[13.603393878860592,51.0766107967294],[13.603395287664966,51.076542197416444],[13.603358174310255,51.07654161906368],[13.603294806055079,51.07654063704068],[13.603257350212964,51.07654005456333],[13.603241868961046,51.076866906885165],[13.603310362137494,51.07686790520962]]]}},{"type":"Feature","id":"DESNATP1DF0000Ag","properties":{"id":"DESNATP1DF0000Ag","height_m":3.884,"ground_m":222.36,"height_source":"LoD1 solid top minus bottom","production":"2024","laser":"2016","footprints":"2022"},"geometry":{"type":"Polygon","coordinates":[[[13.613810717639621,51.08302828435466],[13.613801622166608,51.083047412356905],[13.61388313556012,51.083063082422306],[13.613886950088592,51.08305488114457],[13.613907962000146,51.083011568582535],[13.613826207936807,51.082995832729466],[13.613810717639621,51.08302828435466]]]}},{"type":"Feature","id":"UUID_bc4f424d-c23d-4e29-a79c-8769e0b36dad","properties":{"id":"UUID_bc4f424d-c23d-4e29-a79c-8769e0b36dad","height_m":4.622,"ground_m":237.577,"height_source":"LoD1 solid top minus bottom","production":"2024","laser":"2016","footprints":"2022"},"geometry":{"type":"Polygon","coordinates":[[[13.60417017547317,51.08117317625435],[13.604104669216055,51.08117234003222],[13.604104226545251,51.08118704718675],[13.604169731740848,51.0811879193681],[13.60417017547317,51.08117317625435]]]}},{"type":"Feature","id":"UUID_36f6dfe6-e059-490f-b62f-2ab409bce3c2","properties":{"id":"UUID_36f6dfe6-e059-490f-b62f-2ab409bce3c2","height_m":6.65,"ground_m":237.577,"height_source":"LoD1 solid top minus bottom","production":"2024","laser":"2016","footprints":"2022"},"geometry":{"type":"Polygon","coordinates":[[[13.60417017547317,51.08117317625435],[13.60417231025332,51.08110224749316],[13.604054260428558,51.08110155717194],[13.604054451158959,51.08110470697691],[13.604053006133277,51.08117168708286],[13.60410467029838,51.081172304073405],[13.604104669216055,51.08117234003222],[13.60417017547317,51.08117317625435]]]}},{"type":"Feature","id":"DESNATPU1000CAWG","properties":{"id":"DESNATPU1000CAWG","height_m":2.376,"ground_m":257.25,"height_source":"LoD1 solid top minus bottom","production":"2024","laser":"2016","footprints":"2022"},"geometry":{"type":"Polygon","coordinates":[[[13.607202931006634,51.06883452623402],[13.607278066521891,51.06880880244629],[13.607237098950687,51.068761371067005],[13.60716196079187,51.068787184726325],[13.607202931006634,51.06883452623402]]]}},{"type":"Feature","id":"DESNATPU1000CbZ0","properties":{"id":"DESNATPU1000CbZ0","height_m":2.77,"ground_m":242.564,"height_source":"LoD1 solid top minus bottom","production":"2024","laser":"2016","footprints":"2022"},"geometry":{"type":"Polygon","coordinates":[[[13.60143617604129,51.07970873044794],[13.601443280288489,51.07977140630465],[13.601514613955942,51.079768302898266],[13.601507229606014,51.079705443836204],[13.60143617604129,51.07970873044794]]]}},{"type":"Feature","id":"UUID_07cccc42-08d8-49fc-b6a9-fee085a29bd5","properties":{"id":"UUID_07cccc42-08d8-49fc-b6a9-fee085a29bd5","height_m":4.017,"ground_m":246.043,"height_source":"LoD1 solid top minus bottom","production":"2024","laser":"2016","footprints":"2022"},"geometry":{"type":"Polygon","coordinates":[[[13.601545107896778,51.077620137405255],[13.601547216540297,51.07761980291608],[13.601553069104986,51.07762834428908],[13.60156988867834,51.07762447171919],[13.601536946235974,51.07756507489552],[13.601516602254945,51.077569363932625],[13.601496775540747,51.07757354224693],[13.601525054646778,51.07762330580458],[13.601545107896778,51.077620137405255]]]}},{"type":"Feature","id":"UUID_037855fd-d7fb-4187-9a54-d03db322a2f1","properties":{"id":"UUID_037855fd-d7fb-4187-9a54-d03db322a2f1","height_m":4.666,"ground_m":246.043,"height_source":"LoD1 solid top minus bottom","production":"2024","laser":"2016","footprints":"2022"},"geometry":{"type":"Polygon","coordinates":[[[13.6012824919252,51.07796181144937],[13.601232234915209,51.077972406247426],[13.601283959165315,51.078069852219684],[13.60133408603106,51.07805884216653],[13.6012824919252,51.07796181144937]]]}},{"type":"Feature","id":"UUID_613a4846-7126-4b16-b605-e23362e87ced","properties":{"id":"UUID_613a4846-7126-4b16-b605-e23362e87ced","height_m":6.236,"ground_m":246.043,"height_source":"LoD1 solid top minus bottom","production":"2024","laser":"2016","footprints":"2022"},"geometry":{"type":"Polygon","coordinates":[[[13.60131033511861,51.07790294409908],[13.601257161134903,51.07791416947986],[13.6012824919252,51.07796181144937],[13.60133408603106,51.07805884216653],[13.601388022755406,51.07804741903944],[13.60131033511861,51.07790294409908]]]}},{"type":"Feature","id":"UUID_c2f45fd6-580c-401c-9e34-7271e1d8f5ba","properties":{"id":"UUID_c2f45fd6-580c-401c-9e34-7271e1d8f5ba","height_m":6.635,"ground_m":246.043,"height_source":"LoD1 solid top minus bottom","production":"2024","laser":"2016","footprints":"2022"},"geometry":{"type":"Polygon","coordinates":[[[13.601292775668947,51.0778702784494],[13.601388022755406,51.07804741903944],[13.60175145597791,51.07797043502827],[13.601648908030016,51.07779439446247],[13.601292775668947,51.0778702784494]]]}},{"type":"Feature","id":"UUID_2cf06754-f0cc-4f98-b048-ef06774c1a31","properties":{"id":"UUID_2cf06754-f0cc-4f98-b048-ef06774c1a31","height_m":8.555,"ground_m":246.043,"height_source":"LoD1 solid top minus bottom","production":"2024","laser":"2016","footprints":"2022"},"geometry":{"type":"Polygon","coordinates":[[[13.601410279520865,51.07784524524926],[13.601390486139568,51.07780901865804],[13.60127326914151,51.07783401030605],[13.601292775668947,51.0778702784494],[13.601410279520865,51.07784524524926]]]}},{"type":"Feature","id":"UUID_3066e450-8a6b-45cf-a3c5-9f1044657832","properties":{"id":"UUID_3066e450-8a6b-45cf-a3c5-9f1044657832","height_m":7.566,"ground_m":246.043,"height_source":"LoD1 solid top minus bottom","production":"2024","laser":"2016","footprints":"2022"},"geometry":{"type":"Polygon","coordinates":[[[13.601553069104986,51.07762834428908],[13.601568917501009,51.077651474896925],[13.60161210968008,51.07772888129699],[13.601648692341646,51.077794445839764],[13.601648908030016,51.07779439446247],[13.60175145597791,51.07797043502827],[13.601751872543192,51.07797035008203],[13.60175642355829,51.07797897479653],[13.601863630649673,51.07795643491123],[13.601745337841285,51.07775239092869],[13.60171788258993,51.077705595960126],[13.601658341981304,51.077604117758085],[13.60156988867834,51.07762447171919],[13.601553069104986,51.07762834428908]]]}},{"type":"Feature","id":"UUID_0d1fbb8e-f7ea-4004-b791-4346a8502cf4","properties":{"id":"UUID_0d1fbb8e-f7ea-4004-b791-4346a8502cf4","height_m":3.0,"ground_m":249.008,"height_source":"LoD1 solid top minus bottom","production":"2024","laser":"2016","footprints":"2022"},"geometry":{"type":"Polygon","coordinates":[[[13.601784149519283,51.07677366770073],[13.601811952704919,51.076772912143376],[13.601809724988499,51.07673315467358],[13.601781168742601,51.07673379330661],[13.601784149519283,51.07677366770073]]]}},{"type":"Feature","id":"UUID_bafd5484-b05e-4f0e-9d19-aeb41e863862","properties":{"id":"UUID_bafd5484-b05e-4f0e-9d19-aeb41e863862","height_m":8.328,"ground_m":249.008,"height_source":"LoD1 solid top minus bottom","production":"2024","laser":"2016","footprints":"2022"},"geometry":{"type":"Polygon","coordinates":[[[13.601711934120155,51.076805699996],[13.601786360629667,51.07680308308796],[13.601783906649766,51.07677367378838],[13.601784149519283,51.07677366770073],[13.601781168742601,51.07673379330661],[13.601780740085939,51.076733806164725],[13.601779435948663,51.076710768630235],[13.601704875012347,51.076713114136844],[13.601711934120155,51.076805699996]]]}},{"type":"Feature","id":"DESNATPU1000GFOr","properties":{"id":"DESNATPU1000GFOr","height_m":7.81,"ground_m":261.876,"height_source":"LoD1 solid top minus bottom","production":"2024","laser":"2016","footprints":"2022"},"geometry":{"type":"Polygon","coordinates":[[[13.607373825548626,51.066915200576304],[13.607302721739838,51.06682857853836],[13.607161211254375,51.06687510342857],[13.607188445524347,51.066908315211734],[13.607209238462094,51.06691504691861],[13.60724442023208,51.06695737332863],[13.607373825548626,51.066915200576304]]]}},{"type":"Feature","id":"UUID_a3656faa-8c70-4f52-b26f-531fdac440ac","properties":{"id":"UUID_a3656faa-8c70-4f52-b26f-531fdac440ac","height_m":4.01,"ground_m":234.272,"height_source":"LoD1 solid top minus bottom","production":"2024","laser":"2016","footprints":"2022"},"geometry":{"type":"Polygon","coordinates":[[[13.61283954090685,51.08231050386049],[13.612848885107308,51.0822959562808],[13.612782734368793,51.08227937966196],[13.612773504060348,51.08229393758104],[13.61283954090685,51.08231050386049]]]}},{"type":"Feature","id":"UUID_447f0502-ee8b-4903-a44e-fb559973f9ae","properties":{"id":"UUID_447f0502-ee8b-4903-a44e-fb559973f9ae","height_m":3.519,"ground_m":234.272,"height_source":"LoD1 solid top minus bottom","production":"2024","laser":"2016","footprints":"2022"},"geometry":{"type":"Polygon","coordinates":[[[13.613051527770775,51.08223947522176],[13.613060877805136,51.08222472985014],[13.612994808690033,51.08220828921342],[13.612985548573581,51.08222289176002],[13.613051527770775,51.08223947522176]]]}},{"type":"Feature","id":"UUID_51cd4ddc-2c95-4858-9344-54ad8a680eb0","properties":{"id":"UUID_51cd4ddc-2c95-4858-9344-54ad8a680eb0","height_m":4.212,"ground_m":234.272,"height_source":"LoD1 solid top minus bottom","production":"2024","laser":"2016","footprints":"2022"},"geometry":{"type":"Polygon","coordinates":[[[13.612985548573581,51.08222289176002],[13.612841474415552,51.08218667622885],[13.612782734368793,51.08227937966196],[13.612848885107308,51.0822959562808],[13.612992849732827,51.08233202661426],[13.613051527770775,51.08223947522176],[13.612985548573581,51.08222289176002]]]}},{"type":"Feature","id":"UUID_4100f07a-7c26-45ae-9aec-0c1999860b67","properties":{"id":"UUID_4100f07a-7c26-45ae-9aec-0c1999860b67","height_m":7.442,"ground_m":237.868,"height_source":"LoD1 solid top minus bottom","production":"2024","laser":"2016","footprints":"2022"},"geometry":{"type":"Polygon","coordinates":[[[13.605849387542014,51.08097531780521],[13.605846654317945,51.081015897292865],[13.605844228012417,51.08105196598835],[13.605973046011044,51.08105539087552],[13.60597550319229,51.08101924160961],[13.60597825327791,51.08097857239118],[13.605883055523638,51.08097616901161],[13.605849387542014,51.08097531780521]]]}},{"type":"Feature","id":"UUID_3cfc29b1-0d7e-4846-946a-765834e64724","properties":{"id":"UUID_3cfc29b1-0d7e-4846-946a-765834e64724","height_m":4.72,"ground_m":237.868,"height_source":"LoD1 solid top minus bottom","production":"2024","laser":"2016","footprints":"2022"},"geometry":{"type":"Polygon","coordinates":[[[13.60597825327791,51.08097857239118],[13.605978429111362,51.080976047473925],[13.605981018219836,51.0809374087383],[13.605885868499694,51.080934835067765],[13.605883279312174,51.08097347380069],[13.605883055523638,51.08097616901161],[13.60597825327791,51.08097857239118]]]}},{"type":"Feature","id":"UUID_a25f2f1a-0632-43fa-a55a-45b702ec580e","properties":{"id":"UUID_a25f2f1a-0632-43fa-a55a-45b702ec580e","height_m":7.954,"ground_m":243.994,"height_source":"LoD1 solid top minus bottom","production":"2024","laser":"2016","footprints":"2022"},"geometry":{"type":"Polygon","coordinates":[[[13.602396377966729,51.07873121695414],[13.602383384631649,51.07858441372638],[13.602275771012913,51.07858818995756],[13.602288764007952,51.07873499319453],[13.602396377966729,51.07873121695414]]]}},{"type":"Feature","id":"UUID_2ac2afbe-870f-4f1a-b2ee-ba1795e79199","properties":{"id":"UUID_2ac2afbe-870f-4f1a-b2ee-ba1795e79199","height_m":6.434,"ground_m":243.994,"height_source":"LoD1 solid top minus bottom","production":"2024","laser":"2016","footprints":"2022"},"geometry":{"type":"Polygon","coordinates":[[[13.602183582363027,51.078641009196765],[13.602280149125018,51.07863761355025],[13.602275771012913,51.07858818995756],[13.602179218895643,51.07859157678226],[13.602183582363027,51.078641009196765]]]}},{"type":"Feature","id":"UUID_3d610d62-de81-48fa-ac43-82fe7ada7d8d","properties":{"id":"UUID_3d610d62-de81-48fa-ac43-82fe7ada7d8d","height_m":6.945,"ground_m":120.912,"height_source":"LoD1 solid top minus bottom","production":"2024","laser":"2016","footprints":"2022"},"geometry":{"type":"Polygon","coordinates":[[[13.626237009216128,51.08341829759172],[13.626022462567683,51.08345672067424],[13.62604561863263,51.08350739813723],[13.626260131842352,51.08346818324224],[13.626237009216128,51.08341829759172]]]}},{"type":"Feature","id":"UUID_cf302187-d656-44c5-820e-275e7871570c","properties":{"id":"UUID_cf302187-d656-44c5-820e-275e7871570c","height_m":5.671,"ground_m":120.912,"height_source":"LoD1 solid top minus bottom","production":"2024","laser":"2016","footprints":"2022"},"geometry":{"type":"Polygon","coordinates":[[[13.626260131842352,51.08346818324224],[13.626175736277917,51.083483612431216],[13.626196983461572,51.08352933031861],[13.626281832684997,51.08351497660225],[13.626260131842352,51.08346818324224]]]}},{"type":"Feature","id":"DESNATP1DF0000As","properties":{"id":"DESNATP1DF0000As","height_m":2.578,"ground_m":175.179,"height_source":"LoD1 solid top minus bottom","production":"2024","laser":"2016","footprints":"2022"},"geometry":{"type":"Polygon","coordinates":[[[13.6082026635119,51.078158627398146],[13.608259754823845,51.078120997282284],[13.608164417919387,51.07806538287839],[13.60810966490494,51.07810263611068],[13.6082026635119,51.078158627398146]]]}},{"type":"Feature","id":"DESNATPU1000BPPI","properties":{"id":"DESNATPU1000BPPI","height_m":6.279,"ground_m":165.913,"height_source":"LoD1 solid top minus bottom","production":"2024","laser":"2016","footprints":"2022"},"geometry":{"type":"Polygon","coordinates":[[[13.611641892288842,51.07864330298199],[13.61141434290149,51.0786285494377],[13.61140313429052,51.078697751790024],[13.611630826724555,51.07871250705368],[13.611641892288842,51.07864330298199]]]}},{"type":"Feature","id":"DESNATPU1000HTiS","properties":{"id":"DESNATPU1000HTiS","height_m":10.115,"ground_m":224.976,"height_source":"LoD1 solid top minus bottom","production":"2024","laser":"2016","footprints":"2022"},"geometry":{"type":"Polygon","coordinates":[[[13.61384197208662,51.08275933489677],[13.613815318885718,51.08281990092184],[13.613891588369471,51.08283330553022],[13.61388484364242,51.082848783308805],[13.61391537892796,51.082854181437575],[13.61392119475167,51.08284112073197],[13.613988515649911,51.08285298029677],[13.614016382981863,51.082790000539944],[13.61384197208662,51.08275933489677]]]}},{"type":"Feature","id":"DESNATPU1000DYof","properties":{"id":"DESNATPU1000DYof","height_m":3.656,"ground_m":178.247,"height_source":"LoD1 solid top minus bottom","production":"2024","laser":"2016","footprints":"2022"},"geometry":{"type":"Polygon","coordinates":[[[13.62931323906966,51.08098923716955],[13.629409659427347,51.08097301146602],[13.629391242035963,51.080929539590336],[13.629294821762803,51.08094576527943],[13.62931323906966,51.08098923716955]]]}},{"type":"Feature","id":"UUID_1c2fa35a-4814-4d1e-9438-fe32035fc127","properties":{"id":"UUID_1c2fa35a-4814-4d1e-9438-fe32035fc127","height_m":3.21,"ground_m":212.979,"height_source":"LoD1 solid top minus bottom","production":"2024","laser":"2016","footprints":"2022"},"geometry":{"type":"Polygon","coordinates":[[[13.616728819021295,51.08336390933544],[13.616712988071212,51.08339204969504],[13.616822198199772,51.08341645384408],[13.61683808913248,51.083388215257656],[13.616728819021295,51.08336390933544]]]}},{"type":"Feature","id":"UUID_1d6c8eaa-175f-4e7f-8b8a-23ce57b961fb","properties":{"id":"UUID_1d6c8eaa-175f-4e7f-8b8a-23ce57b961fb","height_m":6.183,"ground_m":212.979,"height_source":"LoD1 solid top minus bottom","production":"2024","laser":"2016","footprints":"2022"},"geometry":{"type":"Polygon","coordinates":[[[13.61683808913248,51.083388215257656],[13.616880995878862,51.08331202233748],[13.616564849497907,51.08324155360772],[13.616521739535184,51.08331784293151],[13.61683808913248,51.083388215257656]]]}},{"type":"Feature","id":"DESNATPU1000IGf3","properties":{"id":"DESNATPU1000IGf3","height_m":3.075,"ground_m":125.026,"height_source":"LoD1 solid top minus bottom","production":"2024","laser":"2016","footprints":"2022"},"geometry":{"type":"Polygon","coordinates":[[[13.624446799137072,51.082356638184706],[13.624387414992391,51.08231780937578],[13.624325772228381,51.08235512395966],[13.624385153701395,51.08239404269741],[13.624446799137072,51.082356638184706]]]}},{"type":"Feature","id":"DESNATPU1000Cpp3","properties":{"id":"DESNATPU1000Cpp3","height_m":6.503,"ground_m":125.703,"height_source":"LoD1 solid top minus bottom","production":"2024","laser":"2016","footprints":"2022"},"geometry":{"type":"Polygon","coordinates":[[[13.62440845728395,51.08331231380084],[13.624844233973324,51.08334522937949],[13.624858976188628,51.08328622943201],[13.624422266228118,51.08324628844905],[13.62440845728395,51.08331231380084]]]}},{"type":"Feature","id":"DESNATPU1000HBYd","properties":{"id":"DESNATPU1000HBYd","height_m":2.775,"ground_m":252.814,"height_source":"LoD1 solid top minus bottom","production":"2024","laser":"2016","footprints":"2022"},"geometry":{"type":"Polygon","coordinates":[[[13.62346515072522,51.06898150240895],[13.623459772851358,51.068955899129975],[13.623371417807379,51.06896565001443],[13.62338949689732,51.069029802735926],[13.623391642469485,51.069029648148046],[13.623427015742365,51.06902565823473],[13.623434631258588,51.06902394934137],[13.623423908841357,51.06898605271973],[13.62346515072522,51.06898150240895]]]}},{"type":"Feature","id":"DESNATPU1000ELsU","properties":{"id":"DESNATPU1000ELsU","height_m":2.036,"ground_m":252.791,"height_source":"LoD1 solid top minus bottom","production":"2024","laser":"2016","footprints":"2022"},"geometry":{"type":"Polygon","coordinates":[[[13.622278618764422,51.07047635692476],[13.622309477062927,51.07055235125214],[13.622371290203743,51.07054246817941],[13.622340714514202,51.07046656712908],[13.622278618764422,51.07047635692476]]]}},{"type":"Feature","id":"DESNATP1DF0000AI","properties":{"id":"DESNATP1DF0000AI","height_m":4.986,"ground_m":238.299,"height_source":"LoD1 solid top minus bottom","production":"2024","laser":"2016","footprints":"2022"},"geometry":{"type":"Polygon","coordinates":[[[13.60722492016698,51.082697908797925],[13.607168687340504,51.08262592482084],[13.607114932029713,51.08264258667082],[13.607171164791936,51.0827145706731],[13.60722492016698,51.082697908797925]]]}},{"type":"Feature","id":"DESNATP1iE0000Au","properties":{"id":"DESNATP1iE0000Au","height_m":2.033,"ground_m":237.239,"height_source":"LoD1 solid top minus bottom","production":"2024","laser":"2016","footprints":"2022"},"geometry":{"type":"Polygon","coordinates":[[[13.60138674386931,51.08132330656269],[13.601381117034554,51.081277914835105],[13.60133324637952,51.081280273730655],[13.601338873167615,51.081325665460156],[13.60138674386931,51.08132330656269]]]}},{"type":"Feature","id":"DESNATPU1000D8Yy","properties":{"id":"DESNATPU1000D8Yy","height_m":4.367,"ground_m":132.273,"height_source":"LoD1 solid top minus bottom","production":"2024","laser":"2016","footprints":"2022"},"geometry":{"type":"Polygon","coordinates":[[[13.622250210642354,51.08084972437892],[13.622086554999752,51.08090642013121],[13.622118337210926,51.08094672335037],[13.6222818502398,51.080890025872606],[13.622250210642354,51.08084972437892]]]}},{"type":"Feature","id":"DESNATPU1000Cu8k","properties":{"id":"DESNATPU1000Cu8k","height_m":1.864,"ground_m":240.235,"height_source":"LoD1 solid top minus bottom","production":"2024","laser":"2016","footprints":"2022"},"geometry":{"type":"Polygon","coordinates":[[[13.603681766411341,51.08255140036677],[13.603674641456903,51.082538140607944],[13.603555396449941,51.08256279559188],[13.603568280342394,51.082590108168496],[13.603689243502208,51.08256529383687],[13.603681766411341,51.08255140036677]]]}},{"type":"Feature","id":"DESNATP1iE0000Ag","properties":{"id":"DESNATP1iE0000Ag","height_m":3.111,"ground_m":237.567,"height_source":"LoD1 solid top minus bottom","production":"2024","laser":"2016","footprints":"2022"},"geometry":{"type":"Polygon","coordinates":[[[13.60501934605485,51.078240645073365],[13.605126968580334,51.07823748693863],[13.605124308572769,51.078201564379306],[13.605016686130554,51.07820472251224],[13.60501934605485,51.078240645073365]]]}},{"type":"Feature","id":"DESNATPU1000HLZN","properties":{"id":"DESNATPU1000HLZN","height_m":9.684,"ground_m":237.24,"height_source":"LoD1 solid top minus bottom","production":"2024","laser":"2016","footprints":"2022"},"geometry":{"type":"Polygon","coordinates":[[[13.60381208251571,51.08105073235645],[13.603658312662683,51.081050963907146],[13.60365870052185,51.08113766043432],[13.60381232523742,51.08113751707767],[13.60381208251571,51.08105073235645]]]}},{"type":"Feature","id":"DESNATPU1000HBiL","properties":{"id":"DESNATPU1000HBiL","height_m":2.834,"ground_m":257.939,"height_source":"LoD1 solid top minus bottom","production":"2024","laser":"2016","footprints":"2022"},"geometry":{"type":"Polygon","coordinates":[[[13.606650155012144,51.06937551838444],[13.606580838111205,51.069407066628656],[13.606630767988792,51.06945073811017],[13.606700367587942,51.06941928313594],[13.606650155012144,51.06937551838444]]]}},{"type":"Feature","id":"UUID_723c94d1-70b4-40b8-9a5e-69b1a46d2758","properties":{"id":"UUID_723c94d1-70b4-40b8-9a5e-69b1a46d2758","height_m":3.882,"ground_m":202.022,"height_source":"LoD1 solid top minus bottom","production":"2024","laser":"2016","footprints":"2022"},"geometry":{"type":"Polygon","coordinates":[[[13.625529808982872,51.080402662903765],[13.62549067314062,51.080405664979885],[13.625498953553516,51.08044854166403],[13.6255380891651,51.080445548575234],[13.625529808982872,51.080402662903765]]]}},{"type":"Feature","id":"UUID_c1bbae18-7da3-411b-9dc3-81af01004570","properties":{"id":"UUID_c1bbae18-7da3-411b-9dc3-81af01004570","height_m":3.0,"ground_m":202.022,"height_source":"LoD1 solid top minus bottom","production":"2024","laser":"2016","footprints":"2022"},"geometry":{"type":"Polygon","coordinates":[[[13.62569345905156,51.080486152889755],[13.625682209556595,51.08042783644212],[13.62564763838479,51.08043048755856],[13.625658887836797,51.08048880400915],[13.62569345905156,51.080486152889755]]]}},{"type":"Feature","id":"UUID_db63de3e-f757-4aa8-8159-67685c1d7449","properties":{"id":"UUID_db63de3e-f757-4aa8-8159-67685c1d7449","height_m":3.17,"ground_m":202.022,"height_source":"LoD1 solid top minus bottom","production":"2024","laser":"2016","footprints":"2022"},"geometry":{"type":"Polygon","coordinates":[[[13.62554807697896,51.08049729436406],[13.625610279228871,51.080492531088645],[13.625658887836797,51.08048880400915],[13.62564763838479,51.08043048755856],[13.62564063388903,51.08039417273214],[13.625529808982872,51.080402662903765],[13.6255380891651,51.080445548575234],[13.62554807697896,51.08049729436406]]]}},{"type":"Feature","id":"UUID_6dfde005-1696-4af4-b431-b468e6fb2c05","properties":{"id":"UUID_6dfde005-1696-4af4-b431-b468e6fb2c05","height_m":2.427,"ground_m":244.434,"height_source":"LoD1 solid top minus bottom","production":"2024","laser":"2016","footprints":"2022"},"geometry":{"type":"Polygon","coordinates":[[[13.60211352396043,51.07841807272286],[13.602119247825305,51.07845078554949],[13.602150437219324,51.07844855059759],[13.602150523116372,51.0784485426319],[13.602144713332665,51.07841583777232],[13.60211352396043,51.07841807272286]]]}},{"type":"Feature","id":"UUID_738856bd-4d5a-43bd-a89b-081abe6ab1c8","properties":{"id":"UUID_738856bd-4d5a-43bd-a89b-081abe6ab1c8","height_m":6.03,"ground_m":244.434,"height_source":"LoD1 solid top minus bottom","production":"2024","laser":"2016","footprints":"2022"},"geometry":{"type":"Polygon","coordinates":[[[13.602150523116372,51.0784485426319],[13.602150437219324,51.07844855059759],[13.602159117448029,51.0784968565636],[13.602179431083728,51.0784954807635],[13.60221439781124,51.07849296722104],[13.602268421773017,51.07848908081408],[13.602253872049392,51.078408150225144],[13.602199909599742,51.078411893473586],[13.602153300322094,51.07841513110036],[13.602144713332665,51.07841583777232],[13.602150523116372,51.0784485426319]]]}},{"type":"Feature","id":"DESNATP1iE0000EZ","properties":{"id":"DESNATP1iE0000EZ","height_m":8.135,"ground_m":145.18,"height_source":"LoD1 solid top minus bottom","production":"2024","laser":"2016","footprints":"2022"},"geometry":{"type":"Polygon","coordinates":[[[13.617539330791287,51.07996014411372],[13.61742509787446,51.07993256063363],[13.617376488498019,51.080012454360514],[13.61749072184885,51.0800400288993],[13.617539330791287,51.07996014411372]]]}},{"type":"Feature","id":"DESNATPU1000Ch6j","properties":{"id":"DESNATPU1000Ch6j","height_m":3.186,"ground_m":242.77,"height_source":"LoD1 solid top minus bottom","production":"2024","laser":"2016","footprints":"2022"},"geometry":{"type":"Polygon","coordinates":[[[13.604203190454063,51.07663690317016],[13.604090769540411,51.07664878024507],[13.604102042504952,51.07669163134386],[13.604214320815133,51.07667975255487],[13.604203190454063,51.07663690317016]]]}},{"type":"Feature","id":"DESNATPU1000E4Sx","properties":{"id":"DESNATPU1000E4Sx","height_m":4.363,"ground_m":236.098,"height_source":"LoD1 solid top minus bottom","production":"2024","laser":"2016","footprints":"2022"},"geometry":{"type":"Polygon","coordinates":[[[13.604960317946276,51.07711798151838],[13.604979322126214,51.07707468250601],[13.60488303243991,51.077058065392535],[13.604864170883717,51.077101366092045],[13.604960317946276,51.07711798151838]]]}},{"type":"Feature","id":"DESNATPU1000Dr00","properties":{"id":"DESNATPU1000Dr00","height_m":3.372,"ground_m":224.611,"height_source":"LoD1 solid top minus bottom","production":"2024","laser":"2016","footprints":"2022"},"geometry":{"type":"Polygon","coordinates":[[[13.605372792140919,51.08021197766326],[13.60537353902823,51.08027259895592],[13.605595567834971,51.080271740599756],[13.605594817954568,51.08021120920336],[13.605433288944845,51.08021176419053],[13.605372792140919,51.08021197766326]]]}},{"type":"Feature","id":"UUID_87e124ea-9e08-4a3f-8334-7779e30e6f8c","properties":{"id":"UUID_87e124ea-9e08-4a3f-8334-7779e30e6f8c","height_m":8.747,"ground_m":131.292,"height_source":"LoD1 solid top minus bottom","production":"2024","laser":"2016","footprints":"2022"},"geometry":{"type":"Polygon","coordinates":[[[13.622452117510303,51.08094814843762],[13.622492579636504,51.08102308666003],[13.622626779263582,51.0809943619515],[13.622541724175282,51.08083454469349],[13.622406256099248,51.08086320938952],[13.622452117510303,51.08094814843762]]]}},{"type":"Feature","id":"UUID_ae9f4b76-1d81-42cd-90d5-19de0d62bbc6","properties":{"id":"UUID_ae9f4b76-1d81-42cd-90d5-19de0d62bbc6","height_m":6.736,"ground_m":131.292,"height_source":"LoD1 solid top minus bottom","production":"2024","laser":"2016","footprints":"2022"},"geometry":{"type":"Polygon","coordinates":[[[13.62240409026729,51.0809116107404],[13.622425642311494,51.08090700856341],[13.622448237391989,51.08094900200199],[13.622452117510303,51.08094814843762],[13.622406256099248,51.08086320938952],[13.622381099132243,51.08086853347458],[13.62240409026729,51.0809116107404]]]}},{"type":"Feature","id":"DESNATPU1000FgN5","properties":{"id":"DESNATPU1000FgN5","height_m":2.494,"ground_m":162.391,"height_source":"LoD1 solid top minus bottom","production":"2024","laser":"2016","footprints":"2022"},"geometry":{"type":"Polygon","coordinates":[[[13.612184337010758,51.078485183128706],[13.6121855522201,51.07848560223906],[13.612259368757227,51.078511074322556],[13.612300190587884,51.07846362664786],[13.612225153514736,51.07843791527518],[13.612184337010758,51.078485183128706]]]}},{"type":"Feature","id":"UUID_7438da6a-f533-4b63-89d5-7452e8dfb161","properties":{"id":"UUID_7438da6a-f533-4b63-89d5-7452e8dfb161","height_m":1.653,"ground_m":237.237,"height_source":"LoD1 solid top minus bottom","production":"2024","laser":"2016","footprints":"2022"},"geometry":{"type":"Polygon","coordinates":[[[13.604055605622644,51.081013703271246],[13.603943828732913,51.08101236831737],[13.603942053253178,51.08107134975776],[13.603996428953218,51.08107199918183],[13.60405383028495,51.081072684714414],[13.604055605622644,51.081013703271246]]]}},{"type":"Feature","id":"UUID_af7f7391-d98d-430c-ad90-6059d5c59bbd","properties":{"id":"UUID_af7f7391-d98d-430c-ad90-6059d5c59bbd","height_m":3.155,"ground_m":237.237,"height_source":"LoD1 solid top minus bottom","production":"2024","laser":"2016","footprints":"2022"},"geometry":{"type":"Polygon","coordinates":[[[13.60399568425854,51.08109673884445],[13.603996428953218,51.08107199918183],[13.603942053253178,51.08107134975776],[13.603941308529517,51.0810960894198],[13.60399568425854,51.08109673884445]]]}},{"type":"Feature","id":"DESNATPU1000Gztj","properties":{"id":"DESNATPU1000Gztj","height_m":3.836,"ground_m":214.796,"height_source":"LoD1 solid top minus bottom","production":"2024","laser":"2016","footprints":"2022"},"geometry":{"type":"Polygon","coordinates":[[[13.616938799342076,51.08192010731742],[13.616923522854233,51.08198233744891],[13.616993993285341,51.081989106586015],[13.617009269681205,51.081926876444655],[13.616938799342076,51.08192010731742]]]}},{"type":"Feature","id":"DESNATPU1000JJhB","properties":{"id":"DESNATPU1000JJhB","height_m":3.324,"ground_m":166.978,"height_source":"LoD1 solid top minus bottom","production":"2024","laser":"2016","footprints":"2022"},"geometry":{"type":"Polygon","coordinates":[[[13.621297386267374,51.0827015529381],[13.621226005342542,51.08270134049488],[13.621225847092392,51.08276428905871],[13.621297233459396,51.08276432170745],[13.621297386267374,51.0827015529381]]]}},{"type":"Feature","id":"UUID_d989adf7-3346-4786-9588-ba814d472f68","properties":{"id":"UUID_d989adf7-3346-4786-9588-ba814d472f68","height_m":2.642,"ground_m":239.965,"height_source":"LoD1 solid top minus bottom","production":"2024","laser":"2016","footprints":"2022"},"geometry":{"type":"Polygon","coordinates":[[[13.602405557912379,51.08024158280576],[13.602401277811213,51.080201216291606],[13.602267042999467,51.0802070753369],[13.602271535161249,51.08024750734278],[13.602405557912379,51.08024158280576]]]}},{"type":"Feature","id":"UUID_a2907a07-27ff-46ca-890b-c5ee55ef81ec","properties":{"id":"UUID_a2907a07-27ff-46ca-890b-c5ee55ef81ec","height_m":3.044,"ground_m":239.965,"height_source":"LoD1 solid top minus bottom","production":"2024","laser":"2016","footprints":"2022"},"geometry":{"type":"Polygon","coordinates":[[[13.60239549827115,51.08014664998616],[13.602401277811213,51.080201216291606],[13.602405557912379,51.08024158280576],[13.60249726526837,51.08023752633743],[13.602492979785245,51.08019970476383],[13.602486517426211,51.08014268422057],[13.60239549827115,51.08014664998616]]]}},{"type":"Feature","id":"UUID_de2059b8-8955-4c2e-a560-2134882b9fb6","properties":{"id":"UUID_de2059b8-8955-4c2e-a560-2134882b9fb6","height_m":4.635,"ground_m":239.965,"height_source":"LoD1 solid top minus bottom","production":"2024","laser":"2016","footprints":"2022"},"geometry":{"type":"Polygon","coordinates":[[[13.602492979785245,51.08019970476383],[13.602537582898318,51.080197720007355],[13.602531448188342,51.08014072136989],[13.602486517426211,51.08014268422057],[13.602492979785245,51.08019970476383]]]}},{"type":"Feature","id":"DESNATPU1000CNgc","properties":{"id":"DESNATPU1000CNgc","height_m":8.187,"ground_m":245.333,"height_source":"LoD1 solid top minus bottom","production":"2024","laser":"2016","footprints":"2022"},"geometry":{"type":"Polygon","coordinates":[[[13.610956628141556,51.069788384536416],[13.610904375995567,51.06976492145199],[13.610909219144531,51.06976048253959],[13.61088203911241,51.06974819888639],[13.610877058661373,51.06975245630687],[13.610852834630721,51.06974155672126],[13.610817690117255,51.069772650291846],[13.610779231527951,51.069806690118774],[13.610884559644207,51.0698547053204],[13.61088895591073,51.06985089060381],[13.610923656508144,51.06982079894622],[13.610943175574329,51.069803872384064],[13.610959298767796,51.069789765217266],[13.610956628141556,51.069788384536416]]]}},{"type":"Feature","id":"DESNATPU1000D65q","properties":{"id":"DESNATPU1000D65q","height_m":6.958,"ground_m":241.801,"height_source":"LoD1 solid top minus bottom","production":"2024","laser":"2016","footprints":"2022"},"geometry":{"type":"Polygon","coordinates":[[[13.60387289305977,51.082369463103404],[13.603863511433046,51.082349116949686],[13.603848148129032,51.08235199104559],[13.603822563474047,51.08229601919858],[13.603762382502213,51.08230699116937],[13.60370728364164,51.08231703459459],[13.603720945398734,51.08234696439789],[13.603746276992103,51.08240185409228],[13.603777931610015,51.082396108017036],[13.603824516229768,51.08238765353256],[13.603861554312807,51.08238092855663],[13.603857532455953,51.082372247303475],[13.60387289305977,51.082369463103404]]]}},{"type":"Feature","id":"DESNATPU1000IYAv","properties":{"id":"DESNATPU1000IYAv","height_m":4.444,"ground_m":231.451,"height_source":"LoD1 solid top minus bottom","production":"2024","laser":"2016","footprints":"2022"},"geometry":{"type":"Polygon","coordinates":[[[13.60134690787447,51.082777671039494],[13.601446633622507,51.08278012328268],[13.601449556425049,51.082735283510466],[13.601349690761168,51.08273273966584],[13.60134690787447,51.082777671039494]]]}},{"type":"Feature","id":"DESNATPU1000IQJv","properties":{"id":"DESNATPU1000IQJv","height_m":3.502,"ground_m":170.988,"height_source":"LoD1 solid top minus bottom","production":"2024","laser":"2016","footprints":"2022"},"geometry":{"type":"Polygon","coordinates":[[[13.618328665106397,51.07870520660643],[13.618347550509322,51.0786990448636],[13.618351539189689,51.078704128050475],[13.618661600453963,51.078608870494556],[13.618668657582665,51.07860679559136],[13.618617103267093,51.07854026817357],[13.618454436964251,51.07859023483511],[13.61846172219487,51.078599673586815],[13.618321392765882,51.07864261980113],[13.618309028076093,51.07862637630242],[13.618275745653674,51.07863659452761],[13.618328665106397,51.07870520660643]]]}},{"type":"Feature","id":"DESNATPU1000I7PV","properties":{"id":"DESNATPU1000I7PV","height_m":5.879,"ground_m":240.947,"height_source":"LoD1 solid top minus bottom","production":"2024","laser":"2016","footprints":"2022"},"geometry":{"type":"Polygon","coordinates":[[[13.603429877133854,51.07783658698929],[13.603430427063183,51.078003232735355],[13.603511949033887,51.07800303766305],[13.60351125610324,51.077836390210074],[13.603429877133854,51.07783658698929]]]}},{"type":"Feature","id":"DESNATPU1000HBoT","properties":{"id":"DESNATPU1000HBoT","height_m":2.641,"ground_m":174.819,"height_source":"LoD1 solid top minus bottom","production":"2024","laser":"2016","footprints":"2022"},"geometry":{"type":"Polygon","coordinates":[[[13.608259754823845,51.078120997282284],[13.6082026635119,51.078158627398146],[13.60823308417243,51.07817247902591],[13.608247498572016,51.078179287444456],[13.608258623058196,51.07817203670223],[13.608258777880904,51.07817211048914],[13.608299717634765,51.07814512452638],[13.608259754823845,51.078120997282284]]]}},{"type":"Feature","id":"DESNATPU1000Ee3X","properties":{"id":"DESNATPU1000Ee3X","height_m":8.051,"ground_m":236.528,"height_source":"LoD1 solid top minus bottom","production":"2024","laser":"2016","footprints":"2022"},"geometry":{"type":"Polygon","coordinates":[[[13.605452859478243,51.08081105301725],[13.605375062693117,51.0808058981497],[13.605376496391752,51.080796202886724],[13.605304825683593,51.08079148078128],[13.605284968348675,51.08091058007982],[13.605434576219313,51.08092054867972],[13.605452859478243,51.08081105301725]]]}},{"type":"Feature","id":"DESNATPU1000CoqM","properties":{"id":"DESNATPU1000CoqM","height_m":2.641,"ground_m":140.278,"height_source":"LoD1 solid top minus bottom","production":"2024","laser":"2016","footprints":"2022"},"geometry":{"type":"Polygon","coordinates":[[[13.619791144492979,51.079879784320255],[13.619809916685425,51.07984385442604],[13.619611680214918,51.07980329359043],[13.619593190641925,51.07983931672048],[13.619791144492979,51.079879784320255]]]}},{"type":"Feature","id":"DESNATPU1000Grmo","properties":{"id":"DESNATPU1000Grmo","height_m":5.325,"ground_m":201.392,"height_source":"LoD1 solid top minus bottom","production":"2024","laser":"2016","footprints":"2022"},"geometry":{"type":"Polygon","coordinates":[[[13.618516629847672,51.0828336514682],[13.618584441727858,51.08284344581158],[13.618601401927181,51.08279652334262],[13.618533447387117,51.08278672732272],[13.618516629847672,51.0828336514682]]]}},{"type":"Feature","id":"DESNATPU1000IKAX","properties":{"id":"DESNATPU1000IKAX","height_m":7.385,"ground_m":217.591,"height_source":"LoD1 solid top minus bottom","production":"2024","laser":"2016","footprints":"2022"},"geometry":{"type":"Polygon","coordinates":[[[13.616568343055409,51.08264154223222],[13.61647301149561,51.082640144127446],[13.616470858806721,51.08269794313968],[13.616490840185474,51.08269817964027],[13.616531080346446,51.08269892570211],[13.61665695499807,51.082700685226506],[13.616661028688732,51.08258805211909],[13.616570261714298,51.08258679804202],[13.616568343055409,51.08264154223222]]]}},{"type":"Feature","id":"DESNATPU1000BNXb","properties":{"id":"DESNATPU1000BNXb","height_m":8.566,"ground_m":190.501,"height_source":"LoD1 solid top minus bottom","production":"2024","laser":"2016","footprints":"2022"},"geometry":{"type":"Polygon","coordinates":[[[13.624511329846495,51.079689918064666],[13.624396134821433,51.079708616652574],[13.624444259778805,51.07982610895613],[13.624446589863787,51.07983178393086],[13.62449701495002,51.07982359124603],[13.624561642460618,51.07981308361644],[13.624511329846495,51.079689918064666]]]}},{"type":"Feature","id":"DESNATP1iE0000CP","properties":{"id":"DESNATP1iE0000CP","height_m":2.818,"ground_m":224.865,"height_source":"LoD1 solid top minus bottom","production":"2024","laser":"2016","footprints":"2022"},"geometry":{"type":"Polygon","coordinates":[[[13.614719058198736,51.082677384308326],[13.614730426363295,51.08264620567234],[13.614647577482236,51.082634153508494],[13.614636193112974,51.082665394895116],[13.614719058198736,51.082677384308326]]]}},{"type":"Feature","id":"DESNATPU1000DHFV","properties":{"id":"DESNATPU1000DHFV","height_m":3.194,"ground_m":241.759,"height_source":"LoD1 solid top minus bottom","production":"2024","laser":"2016","footprints":"2022"},"geometry":{"type":"Polygon","coordinates":[[[13.61107998103845,51.082025640073184],[13.61116564100643,51.08202575858934],[13.611165826420864,51.081971893155334],[13.611080309273948,51.08197177633596],[13.61107998103845,51.082025640073184]]]}},{"type":"Feature","id":"DESNATPU1000J6jp","properties":{"id":"DESNATPU1000J6jp","height_m":7.375,"ground_m":201.819,"height_source":"LoD1 solid top minus bottom","production":"2024","laser":"2016","footprints":"2022"},"geometry":{"type":"Polygon","coordinates":[[[13.62586306365599,51.08008873539286],[13.625871307228367,51.08013334725187],[13.626038860056847,51.0801207483401],[13.626030330891789,51.080076133136444],[13.62586306365599,51.08008873539286]]]}},{"type":"Feature","id":"DESNATPU1000IK58","properties":{"id":"DESNATPU1000IK58","height_m":8.643,"ground_m":243.444,"height_source":"LoD1 solid top minus bottom","production":"2024","laser":"2016","footprints":"2022"},"geometry":{"type":"Polygon","coordinates":[[[13.6028386961845,51.07871614488065],[13.602853183701182,51.078811499318746],[13.602962996308456,51.07880488008904],[13.60294850829675,51.078709534652404],[13.6028386961845,51.07871614488065]]]}},{"type":"Feature","id":"DESNATPU1000JQ9T","properties":{"id":"DESNATPU1000JQ9T","height_m":3.182,"ground_m":147.293,"height_source":"LoD1 solid top minus bottom","production":"2024","laser":"2016","footprints":"2022"},"geometry":{"type":"Polygon","coordinates":[[[13.622600676402824,51.08319516108949],[13.622602355611056,51.083201116201785],[13.622619458660528,51.08325500544963],[13.622693261702047,51.08324580301504],[13.622674479352368,51.08318595866595],[13.622600676402824,51.08319516108949]]]}},{"type":"Feature","id":"UUID_c59e3146-730e-46d1-9f9b-0a366fc165d7","properties":{"id":"UUID_c59e3146-730e-46d1-9f9b-0a366fc165d7","height_m":4.926,"ground_m":242.354,"height_source":"LoD1 solid top minus bottom","production":"2024","laser":"2016","footprints":"2022"},"geometry":{"type":"Polygon","coordinates":[[[13.607782691012332,51.08223825206182],[13.607807596389907,51.082253755740226],[13.607781684458608,51.082270353826445],[13.60783256700023,51.08230180560366],[13.607858481629977,51.082285117609096],[13.607858525256272,51.08228509114988],[13.607807742080762,51.08225365855321],[13.6077827639927,51.08223819897348],[13.607782691012332,51.08223825206182]]]}},{"type":"Feature","id":"UUID_59ff703b-8228-499e-abdc-2120aa631a92","properties":{"id":"UUID_59ff703b-8228-499e-abdc-2120aa631a92","height_m":11.131,"ground_m":242.354,"height_source":"LoD1 solid top minus bottom","production":"2024","laser":"2016","footprints":"2022"},"geometry":{"type":"Polygon","coordinates":[[[13.6077827639927,51.08223819897348],[13.607842896695027,51.08227540848049],[13.607858525256272,51.08228509114988],[13.607858481629977,51.082285117609096],[13.60788805902597,51.08230336579912],[13.607936971717855,51.0822720234197],[13.608014038090113,51.082222643737154],[13.607968720114858,51.08219463964862],[13.607908431768884,51.082157383387575],[13.607860243585131,51.0821883746668],[13.6077827639927,51.08223819897348]]]}},{"type":"Feature","id":"UUID_e5accde6-9d50-408b-8d45-93d4da7830e1","properties":{"id":"UUID_e5accde6-9d50-408b-8d45-93d4da7830e1","height_m":5.703,"ground_m":242.354,"height_source":"LoD1 solid top minus bottom","production":"2024","laser":"2016","footprints":"2022"},"geometry":{"type":"Polygon","coordinates":[[[13.6077827639927,51.08223819897348],[13.607763154482097,51.082226058772655],[13.607814561426574,51.082192956559254],[13.607801665788173,51.08218497911885],[13.607750132822602,51.082217998889234],[13.607763122427997,51.082226079216376],[13.607782691012332,51.08223825206182],[13.6077827639927,51.08223819897348]]]}},{"type":"Feature","id":"UUID_e195f76c-23f4-4338-b6a8-0e06a08bf492","properties":{"id":"UUID_e195f76c-23f4-4338-b6a8-0e06a08bf492","height_m":6.307,"ground_m":242.354,"height_source":"LoD1 solid top minus bottom","production":"2024","laser":"2016","footprints":"2022"},"geometry":{"type":"Polygon","coordinates":[[[13.607860243585131,51.0821883746668],[13.6078406214218,51.08217618037061],[13.607814561426574,51.082192956559254],[13.607763154482097,51.082226058772655],[13.6077827639927,51.08223819897348],[13.607860243585131,51.0821883746668]]]}},{"type":"Feature","id":"UUID_6dccd72d-5580-4193-9e5d-1ada778547c4","properties":{"id":"UUID_6dccd72d-5580-4193-9e5d-1ada778547c4","height_m":8.531,"ground_m":242.354,"height_source":"LoD1 solid top minus bottom","production":"2024","laser":"2016","footprints":"2022"},"geometry":{"type":"Polygon","coordinates":[[[13.607936971717855,51.0822720234197],[13.60795337879442,51.08228193117815],[13.608030101823342,51.08223257437498],[13.608014038090113,51.082222643737154],[13.607936971717855,51.0822720234197]]]}},{"type":"Feature","id":"UUID_13f5f0b3-c8f2-4861-a41d-452b5a805513","properties":{"id":"UUID_13f5f0b3-c8f2-4861-a41d-452b5a805513","height_m":9.924,"ground_m":200.414,"height_source":"LoD1 solid top minus bottom","production":"2024","laser":"2016","footprints":"2022"},"geometry":{"type":"Polygon","coordinates":[[[13.626002114044866,51.080291271785505],[13.625982290854932,51.08020380745718],[13.62587650867781,51.08021317558831],[13.625876507878754,51.08021320255768],[13.625779313457711,51.08022183521569],[13.625673816636144,51.08023120651849],[13.625693065720657,51.08031875408027],[13.626002114044866,51.080291271785505]]]}},{"type":"Feature","id":"UUID_6e9440f9-dce7-41bf-8a59-79d52ba60fed","properties":{"id":"UUID_6e9440f9-dce7-41bf-8a59-79d52ba60fed","height_m":9.984,"ground_m":200.414,"height_source":"LoD1 solid top minus bottom","production":"2024","laser":"2016","footprints":"2022"},"geometry":{"type":"Polygon","coordinates":[[[13.625779313457711,51.08022183521569],[13.625876507878754,51.08021320255768],[13.62587650867781,51.08021317558831],[13.625874491557854,51.080204158956676],[13.625777293692622,51.080212908480405],[13.625779313457711,51.08022183521569]]]}},{"type":"Feature","id":"UUID_32dd7c31-9a5a-4a9e-abf2-7d0ad7376a42","properties":{"id":"UUID_32dd7c31-9a5a-4a9e-abf2-7d0ad7376a42","height_m":5.904,"ground_m":244.387,"height_source":"LoD1 solid top minus bottom","production":"2024","laser":"2016","footprints":"2022"},"geometry":{"type":"Polygon","coordinates":[[[13.60206505867429,51.078231375203316],[13.602089609510093,51.07833713802963],[13.602256704394913,51.078321743954184],[13.602232153455756,51.0782159721701],[13.60206505867429,51.078231375203316]]]}},{"type":"Feature","id":"UUID_d7127739-602a-4170-9307-1e64a3c61e9f","properties":{"id":"UUID_d7127739-602a-4170-9307-1e64a3c61e9f","height_m":5.621,"ground_m":244.387,"height_source":"LoD1 solid top minus bottom","production":"2024","laser":"2016","footprints":"2022"},"geometry":{"type":"Polygon","coordinates":[[[13.60206505867429,51.078231375203316],[13.60217377338384,51.07822135325066],[13.602171549421403,51.07821177615174],[13.602062835004853,51.07822178911283],[13.60206505867429,51.078231375203316]]]}},{"type":"Feature","id":"DESNATPU1000DGTC","properties":{"id":"DESNATPU1000DGTC","height_m":7.169,"ground_m":240.294,"height_source":"LoD1 solid top minus bottom","production":"2024","laser":"2016","footprints":"2022"},"geometry":{"type":"Polygon","coordinates":[[[13.6025875699648,51.07980856371156],[13.602589422725336,51.07982288463275],[13.602598885297834,51.07989736935405],[13.602732009960798,51.07989041750796],[13.602720705429656,51.07981546113245],[13.602718578033475,51.07980077721297],[13.6025875699648,51.07980856371156]]]}},{"type":"Feature","id":"DESNATPU1000D1OS","properties":{"id":"DESNATPU1000D1OS","height_m":7.065,"ground_m":261.213,"height_source":"LoD1 solid top minus bottom","production":"2024","laser":"2016","footprints":"2022"},"geometry":{"type":"Polygon","coordinates":[[[13.60720487622866,51.06717211244405],[13.607253588046978,51.067246794852885],[13.607369235854138,51.06721696735976],[13.607320095851891,51.06714227989723],[13.60720487622866,51.06717211244405]]]}},{"type":"Feature","id":"DESNATPU1000HpdB","properties":{"id":"DESNATPU1000HpdB","height_m":2.994,"ground_m":161.288,"height_source":"LoD1 solid top minus bottom","production":"2024","laser":"2016","footprints":"2022"},"geometry":{"type":"Polygon","coordinates":[[[13.61978831237616,51.07887155409369],[13.61972336328956,51.07891925901911],[13.61977745161006,51.07894867507712],[13.61984240603358,51.07890079032643],[13.61978831237616,51.07887155409369]]]}},{"type":"Feature","id":"DESNATPU1000ChFv","properties":{"id":"DESNATPU1000ChFv","height_m":3.226,"ground_m":244.013,"height_source":"LoD1 solid top minus bottom","production":"2024","laser":"2016","footprints":"2022"},"geometry":{"type":"Polygon","coordinates":[[[13.607517185633343,51.081670657146766],[13.607519295035155,51.081733542863894],[13.607590709331415,51.081732595002556],[13.607588459811428,51.08166961768866],[13.607517185633343,51.081670657146766]]]}},{"type":"Feature","id":"DESNATPU1000Fe4o","properties":{"id":"DESNATPU1000Fe4o","height_m":6.11,"ground_m":187.39,"height_source":"LoD1 solid top minus bottom","production":"2024","laser":"2016","footprints":"2022"},"geometry":{"type":"Polygon","coordinates":[[[13.608048198703186,51.07892442498806],[13.608121409674537,51.07897763568188],[13.608149930391825,51.07896204881408],[13.608220281556523,51.07892359638177],[13.608246523593769,51.07890925036183],[13.608173169871938,51.07885603804615],[13.608048198703186,51.07892442498806]]]}},{"type":"Feature","id":"UUID_c60b6442-f2ea-4f8c-90ae-ae3edbbf4d8e","properties":{"id":"UUID_c60b6442-f2ea-4f8c-90ae-ae3edbbf4d8e","height_m":1.941,"ground_m":255.89,"height_source":"LoD1 solid top minus bottom","production":"2024","laser":"2016","footprints":"2022"},"geometry":{"type":"Polygon","coordinates":[[[13.624758717185658,51.06831749375312],[13.624748678930708,51.0683190842956],[13.624821388233606,51.0685000683346],[13.624831671214643,51.068498408721695],[13.624758717185658,51.06831749375312]]]}},{"type":"Feature","id":"UUID_3bac8a15-6072-4af2-b8cd-548ffc9275f8","properties":{"id":"UUID_3bac8a15-6072-4af2-b8cd-548ffc9275f8","height_m":2.448,"ground_m":255.89,"height_source":"LoD1 solid top minus bottom","production":"2024","laser":"2016","footprints":"2022"},"geometry":{"type":"Polygon","coordinates":[[[13.625122206366957,51.06845145731856],[13.625069219070625,51.06832015763668],[13.625031589790533,51.068226907858985],[13.624740900999104,51.068273308656195],[13.624758717185658,51.06831749375312],[13.624831671214643,51.068498408721695],[13.625122206366957,51.06845145731856]]]}},{"type":"Feature","id":"UUID_5a79476c-605d-4027-b646-25942869cf05","properties":{"id":"UUID_5a79476c-605d-4027-b646-25942869cf05","height_m":3.153,"ground_m":255.89,"height_source":"LoD1 solid top minus bottom","production":"2024","laser":"2016","footprints":"2022"},"geometry":{"type":"Polygon","coordinates":[[[13.625122206366957,51.06845145731856],[13.625579778650946,51.06837751232677],[13.625534283244734,51.06824622002316],[13.625069219070625,51.06832015763668],[13.625122206366957,51.06845145731856]]]}},{"type":"Feature","id":"DESNATPU1000DQWB","properties":{"id":"DESNATPU1000DQWB","height_m":8.109,"ground_m":207.842,"height_source":"LoD1 solid top minus bottom","production":"2024","laser":"2016","footprints":"2022"},"geometry":{"type":"Polygon","coordinates":[[[13.62572229452223,51.079428708797394],[13.62568741533961,51.07937721892346],[13.625692294269596,51.07937637699564],[13.625627747285863,51.079275796652446],[13.625549627446128,51.079296011449955],[13.625615191936241,51.07939597429618],[13.625650485876557,51.079447918714436],[13.62572229452223,51.079428708797394]]]}},{"type":"Feature","id":"DESNATP1iE0000En","properties":{"id":"DESNATP1iE0000En","height_m":3.129,"ground_m":203.85,"height_source":"LoD1 solid top minus bottom","production":"2024","laser":"2016","footprints":"2022"},"geometry":{"type":"Polygon","coordinates":[[[13.62537540294326,51.08031221296229],[13.625345546030113,51.08031043196285],[13.625337307384997,51.08035815042249],[13.625411568865491,51.08036220724158],[13.625419247749432,51.08030639756032],[13.625376615357961,51.0803040616501],[13.62537540294326,51.08031221296229]]]}},{"type":"Feature","id":"DESNATP1iE00009h","properties":{"id":"DESNATP1iE00009h","height_m":2.494,"ground_m":259.337,"height_source":"LoD1 solid top minus bottom","production":"2024","laser":"2016","footprints":"2022"},"geometry":{"type":"Polygon","coordinates":[[[13.606761908080095,51.06766459273907],[13.606728176156212,51.067609153762234],[13.606691169504934,51.067618092253355],[13.60672490139068,51.067673531240494],[13.606761908080095,51.06766459273907]]]}},{"type":"Feature","id":"DESNATPU1000Jbl0","properties":{"id":"DESNATPU1000Jbl0","height_m":2.798,"ground_m":235.26,"height_source":"LoD1 solid top minus bottom","production":"2024","laser":"2016","footprints":"2022"},"geometry":{"type":"Polygon","coordinates":[[[13.605024521402287,51.07939288196108],[13.605042612952813,51.079398943280125],[13.605086281466324,51.07941376319145],[13.605116328339195,51.07937832987635],[13.605054562900598,51.07935762845618],[13.605024521402287,51.07939288196108]]]}},{"type":"Feature","id":"DESNATPU1000DFf8","properties":{"id":"DESNATPU1000DFf8","height_m":3.506,"ground_m":243.223,"height_source":"LoD1 solid top minus bottom","production":"2024","laser":"2016","footprints":"2022"},"geometry":{"type":"Polygon","coordinates":[[[13.6028225538744,51.07886576529975],[13.602833798529705,51.07892849056466],[13.602906911061565,51.07892315934207],[13.60289537817745,51.078860520568824],[13.6028225538744,51.07886576529975]]]}},{"type":"Feature","id":"DESNATPU1000IuD1","properties":{"id":"DESNATPU1000IuD1","height_m":5.889,"ground_m":259.285,"height_source":"LoD1 solid top minus bottom","production":"2024","laser":"2016","footprints":"2022"},"geometry":{"type":"Polygon","coordinates":[[[13.606663863018433,51.06790668329435],[13.606752094350844,51.06791061284776],[13.606760095562514,51.06783903440129],[13.60667200434358,51.06783519645319],[13.606663863018433,51.06790668329435]]]}},{"type":"Feature","id":"DESNATP1DF0000BP","properties":{"id":"DESNATP1DF0000BP","height_m":2.523,"ground_m":185.217,"height_source":"LoD1 solid top minus bottom","production":"2024","laser":"2016","footprints":"2022"},"geometry":{"type":"Polygon","coordinates":[[[13.617579881360353,51.07834392030116],[13.617444856935585,51.07831186423688],[13.617413996606276,51.078363433370406],[13.617549021158458,51.07839548947103],[13.617579881360353,51.07834392030116]]]}},{"type":"Feature","id":"DESNATPU1000GWwi","properties":{"id":"DESNATPU1000GWwi","height_m":3.444,"ground_m":167.675,"height_source":"LoD1 solid top minus bottom","production":"2024","laser":"2016","footprints":"2022"},"geometry":{"type":"Polygon","coordinates":[[[13.610586242296527,51.07830002627109],[13.6105645528163,51.07835210732167],[13.610680902162635,51.07837120639634],[13.610705698846138,51.07831070889923],[13.610654982858877,51.07830237216157],[13.610651307377845,51.07831069190176],[13.610586242296527,51.07830002627109]]]}},{"type":"Feature","id":"DESNATPU1000DmUU","properties":{"id":"DESNATPU1000DmUU","height_m":2.33,"ground_m":143.581,"height_source":"LoD1 solid top minus bottom","production":"2024","laser":"2016","footprints":"2022"},"geometry":{"type":"Polygon","coordinates":[[[13.619273125977907,51.080500563147936],[13.619316569088024,51.08053273139542],[13.61933877153029,51.080520673343045],[13.619351512661272,51.08051470865],[13.61930751205476,51.08048208418408],[13.619273125977907,51.080500563147936]]]}},{"type":"Feature","id":"UUID_7f2415a8-bb26-4b58-a554-3df70b98acba","properties":{"id":"UUID_7f2415a8-bb26-4b58-a554-3df70b98acba","height_m":7.488,"ground_m":250.821,"height_source":"LoD1 solid top minus bottom","production":"2024","laser":"2016","footprints":"2022"},"geometry":{"type":"Polygon","coordinates":[[[13.621473429925727,51.07041425428459],[13.621478723859466,51.07047627805484],[13.621517437401504,51.070475205851345],[13.621517435531773,51.07047526877985],[13.621666725813053,51.07047136387098],[13.621666716084658,51.070471210876335],[13.621907841182802,51.07046497129444],[13.62190918377416,51.07046494215986],[13.621903939989904,51.070408899305114],[13.621903181509538,51.07040079671959],[13.621473429925727,51.07041425428459]]]}},{"type":"Feature","id":"UUID_1286fcdd-27af-43aa-9155-a66cabffac73","properties":{"id":"UUID_1286fcdd-27af-43aa-9155-a66cabffac73","height_m":9.293,"ground_m":250.821,"height_source":"LoD1 solid top minus bottom","production":"2024","laser":"2016","footprints":"2022"},"geometry":{"type":"Polygon","coordinates":[[[13.621892025967524,51.07027179641133],[13.621936631114504,51.070375111596135],[13.621913245033005,51.070379152470316],[13.621922196215515,51.070399761904646],[13.621945724993314,51.07039572271109],[13.621950657272453,51.07040747168131],[13.62196718053398,51.070445625677905],[13.621975544832667,51.07044418650229],[13.622037021205024,51.07043362516577],[13.6221043797441,51.07042205398986],[13.622071114884765,51.07034540172776],[13.622029440297505,51.07024913563557],[13.622019425037498,51.07022590571229],[13.622016986023478,51.07022632660367],[13.62195206729796,51.07023745886209],[13.621940948508984,51.07023936916371],[13.621882266770722,51.070249558718324],[13.621892025967524,51.07027179641133]]]}},{"type":"Feature","id":"UUID_ce9b36dc-537d-431a-8519-132d0375bf59","properties":{"id":"UUID_ce9b36dc-537d-431a-8519-132d0375bf59","height_m":4.757,"ground_m":250.821,"height_source":"LoD1 solid top minus bottom","production":"2024","laser":"2016","footprints":"2022"},"geometry":{"type":"Polygon","coordinates":[[[13.621975544832667,51.07044418650229],[13.621908329718549,51.07045573231641],[13.62190918377416,51.07046494215986],[13.6219836906666,51.070463077778534],[13.621975544832667,51.07044418650229]]]}},{"type":"Feature","id":"UUID_f380a2b6-53ab-403e-a210-74c27aa0bc8f","properties":{"id":"UUID_f380a2b6-53ab-403e-a210-74c27aa0bc8f","height_m":4.093,"ground_m":250.821,"height_source":"LoD1 solid top minus bottom","production":"2024","laser":"2016","footprints":"2022"},"geometry":{"type":"Polygon","coordinates":[[[13.62196718053398,51.070445625677905],[13.621950657272453,51.07040747168131],[13.621903939989904,51.070408899305114],[13.621908329718549,51.07045573231641],[13.62196718053398,51.070445625677905]]]}},{"type":"Feature","id":"UUID_f951c494-1105-4ebd-8fdc-1645a338430d","properties":{"id":"UUID_f951c494-1105-4ebd-8fdc-1645a338430d","height_m":3.91,"ground_m":250.821,"height_source":"LoD1 solid top minus bottom","production":"2024","laser":"2016","footprints":"2022"},"geometry":{"type":"Polygon","coordinates":[[[13.621666725813053,51.07047136387098],[13.621517435531773,51.07047526877985],[13.621519231162322,51.070501306522175],[13.621576230017782,51.070499730520275],[13.62166836457172,51.07049739976074],[13.621666725813053,51.07047136387098]]]}},{"type":"Feature","id":"DESNATPU1000G37u","properties":{"id":"DESNATPU1000G37u","height_m":3.021,"ground_m":166.251,"height_source":"LoD1 solid top minus bottom","production":"2024","laser":"2016","footprints":"2022"},"geometry":{"type":"Polygon","coordinates":[[[13.628081489548782,51.081860678784004],[13.628105364083845,51.08190304583278],[13.6281993640039,51.081881846610116],[13.628175629456099,51.081839571152734],[13.628081489548782,51.081860678784004]]]}},{"type":"Feature","id":"UUID_071178da-89a4-47d9-b19e-1b31e27efd16","properties":{"id":"UUID_071178da-89a4-47d9-b19e-1b31e27efd16","height_m":3.0,"ground_m":254.892,"height_source":"LoD1 solid top minus bottom","production":"2024","laser":"2016","footprints":"2022"},"geometry":{"type":"Polygon","coordinates":[[[13.625333778424642,51.06857758980669],[13.625236519097799,51.06858923380082],[13.625249143977372,51.06862173888273],[13.625289826061893,51.06861583240478],[13.625333778424642,51.06857758980669]]]}},{"type":"Feature","id":"UUID_4ee13769-c0d8-40cf-a8a1-15227aa8ba6e","properties":{"id":"UUID_4ee13769-c0d8-40cf-a8a1-15227aa8ba6e","height_m":2.979,"ground_m":254.892,"height_source":"LoD1 solid top minus bottom","production":"2024","laser":"2016","footprints":"2022"},"geometry":{"type":"Polygon","coordinates":[[[13.625323546016386,51.06863583361186],[13.625345256422237,51.06863339107888],[13.625349412827136,51.068632810458624],[13.625333778424642,51.06857758980669],[13.625312432295704,51.068596160956275],[13.625289826061893,51.06861583240478],[13.625296135579488,51.068638928532806],[13.625323546016386,51.06863583361186]]]}},{"type":"Feature","id":"DESNATPU1000EDvg","properties":{"id":"DESNATPU1000EDvg","height_m":5.629,"ground_m":250.348,"height_source":"LoD1 solid top minus bottom","production":"2024","laser":"2016","footprints":"2022"},"geometry":{"type":"Polygon","coordinates":[[[13.621868093163066,51.069986707921515],[13.621875543437373,51.07002420638469],[13.622159380165936,51.07000713879886],[13.622149898845143,51.06996592930729],[13.621868093163066,51.069986707921515]]]}},{"type":"Feature","id":"UUID_8ab8ec85-23de-4422-935b-900d1c54c263","properties":{"id":"UUID_8ab8ec85-23de-4422-935b-900d1c54c263","height_m":7.254,"ground_m":221.121,"height_source":"LoD1 solid top minus bottom","production":"2024","laser":"2016","footprints":"2022"},"geometry":{"type":"Polygon","coordinates":[[[13.619192783859695,51.08191393100877],[13.61917139571868,51.08196574736566],[13.61918560368318,51.081968073505884],[13.619174971594381,51.081994297168464],[13.619178296302856,51.08199484004698],[13.61921040642849,51.08191665719928],[13.619192783859695,51.08191393100877]]]}},{"type":"Feature","id":"UUID_d90e1355-6acf-40a2-9feb-7e9079bbac3d","properties":{"id":"UUID_d90e1355-6acf-40a2-9feb-7e9079bbac3d","height_m":7.84,"ground_m":221.121,"height_source":"LoD1 solid top minus bottom","production":"2024","laser":"2016","footprints":"2022"},"geometry":{"type":"Polygon","coordinates":[[[13.619346894593678,51.08202222759102],[13.619376834977784,51.081949297915685],[13.61937676388441,51.081949288083045],[13.619406775800883,51.081876350251534],[13.619238267917181,51.081848819972414],[13.61921040642849,51.08191665719928],[13.619178296302856,51.08199484004698],[13.619346894593678,51.08202222759102]]]}},{"type":"Feature","id":"UUID_7a4186af-e478-4224-9547-4b9fce8c2ac4","properties":{"id":"UUID_7a4186af-e478-4224-9547-4b9fce8c2ac4","height_m":17.355,"ground_m":221.121,"height_source":"LoD1 solid top minus bottom","production":"2024","laser":"2016","footprints":"2022"},"geometry":{"type":"Polygon","coordinates":[[[13.619346894593678,51.08202222759102],[13.619374028753182,51.082026774758155],[13.619403900680677,51.081953745345395],[13.619376834977784,51.081949297915685],[13.619346894593678,51.08202222759102]]]}},{"type":"Feature","id":"DESNATPU1000IbAn","properties":{"id":"DESNATPU1000IbAn","height_m":7.445,"ground_m":242.602,"height_source":"LoD1 solid top minus bottom","production":"2024","laser":"2016","footprints":"2022"},"geometry":{"type":"Polygon","coordinates":[[[13.61089723340214,51.08261187570594],[13.61089570384089,51.082615274841146],[13.610869604279673,51.08260956891855],[13.610834882063608,51.08267246647814],[13.610821124037384,51.082669425235174],[13.610801797063864,51.08270453774548],[13.610879968257203,51.082721627046446],[13.61095796931742,51.0827386783014],[13.611011875512142,51.082640666465814],[13.610945492838189,51.08262611845263],[13.61094717050512,51.08262254121827],[13.61093987784874,51.082612904067894],[13.610937831510672,51.08261019985802],[13.610916975018368,51.08260581526165],[13.61089723340214,51.08261187570594]]]}},{"type":"Feature","id":"DESNATPU1000BjqG","properties":{"id":"DESNATPU1000BjqG","height_m":6.912,"ground_m":253.569,"height_source":"LoD1 solid top minus bottom","production":"2024","laser":"2016","footprints":"2022"},"geometry":{"type":"Polygon","coordinates":[[[13.62294631175913,51.070419656193216],[13.622905036526515,51.07042528508453],[13.62292831093352,51.07048752062874],[13.62294794443224,51.07048487420911],[13.622969007466498,51.070482154699086],[13.62294631175913,51.070419656193216]]]}},{"type":"Feature","id":"DESNATPU1000BNVR","properties":{"id":"DESNATPU1000BNVR","height_m":8.206,"ground_m":122.768,"height_source":"LoD1 solid top minus bottom","production":"2024","laser":"2016","footprints":"2022"},"geometry":{"type":"Polygon","coordinates":[[[13.625420472343816,51.08275204475155],[13.625490278221692,51.082818405981335],[13.625612564217866,51.08276736121784],[13.625598067114943,51.08275357548806],[13.62555574170693,51.08271334711816],[13.625542758239003,51.082701000059764],[13.625420472343816,51.08275204475155]]]}},{"type":"Feature","id":"DESNATPU1000H65e","properties":{"id":"DESNATPU1000H65e","height_m":7.742,"ground_m":184.12,"height_source":"LoD1 solid top minus bottom","production":"2024","laser":"2016","footprints":"2022"},"geometry":{"type":"Polygon","coordinates":[[[13.60795103633943,51.07600658866236],[13.608068148922108,51.07583352035723],[13.607955563739733,51.07580340215713],[13.607838456213583,51.07597629055312],[13.60795103633943,51.07600658866236]]]}},{"type":"Feature","id":"DESNATPU1000HAMB","properties":{"id":"DESNATPU1000HAMB","height_m":3.023,"ground_m":246.741,"height_source":"LoD1 solid top minus bottom","production":"2024","laser":"2016","footprints":"2022"},"geometry":{"type":"Polygon","coordinates":[[[13.601294058233636,51.07817238468531],[13.601314770653039,51.07812937649014],[13.601219102504453,51.07811105514259],[13.601198387294039,51.078154153217284],[13.601294058233636,51.07817238468531]]]}},{"type":"Feature","id":"UUID_db08e003-901a-4b34-88f6-cc70ee159f50","properties":{"id":"UUID_db08e003-901a-4b34-88f6-cc70ee159f50","height_m":8.225,"ground_m":139.71,"height_source":"LoD1 solid top minus bottom","production":"2024","laser":"2016","footprints":"2022"},"geometry":{"type":"Polygon","coordinates":[[[13.622665988165153,51.08205998129514],[13.622699435787661,51.082105304029874],[13.622746245154218,51.08209155682955],[13.622725513666712,51.08206370429984],[13.622712753076707,51.08204628754199],[13.622665988165153,51.08205998129514]]]}},{"type":"Feature","id":"UUID_71df8b41-2f69-4feb-879f-7cfd2c9ab50f","properties":{"id":"UUID_71df8b41-2f69-4feb-879f-7cfd2c9ab50f","height_m":8.624,"ground_m":139.71,"height_source":"LoD1 solid top minus bottom","production":"2024","laser":"2016","footprints":"2022"},"geometry":{"type":"Polygon","coordinates":[[[13.622613653427393,51.082027583640034],[13.622636988060815,51.08202066426941],[13.622665974426884,51.08205996314742],[13.622665988165153,51.08205998129514],[13.622712753076707,51.08204628754199],[13.622777708261923,51.082027268455654],[13.62270632529043,51.08193101251805],[13.622594849073671,51.08196369219121],[13.622623128456862,51.08200179568435],[13.622599793830974,51.08200871505228],[13.622613653427393,51.082027583640034]]]}},{"type":"Feature","id":"DESNATPU1000IRSa","properties":{"id":"DESNATPU1000IRSa","height_m":3.47,"ground_m":240.751,"height_source":"LoD1 solid top minus bottom","production":"2024","laser":"2016","footprints":"2022"},"geometry":{"type":"Polygon","coordinates":[[[13.603826002821847,51.07834987001839],[13.603925447935598,51.0783660760311],[13.603966587432394,51.07826566661605],[13.603867282521877,51.078249552241296],[13.603826002821847,51.07834987001839]]]}},{"type":"Feature","id":"DESNATPU1000DHE8","properties":{"id":"DESNATPU1000DHE8","height_m":5.983,"ground_m":251.708,"height_source":"LoD1 solid top minus bottom","production":"2024","laser":"2016","footprints":"2022"},"geometry":{"type":"Polygon","coordinates":[[[13.622910188275874,51.06908315005132],[13.622835205026982,51.069094407021204],[13.622871308496451,51.06922451057218],[13.622950117708637,51.06921419794941],[13.622910188275874,51.06908315005132]]]}},{"type":"Feature","id":"DESNATPU1000BOtd","properties":{"id":"DESNATPU1000BOtd","height_m":7.803,"ground_m":163.476,"height_source":"LoD1 solid top minus bottom","production":"2024","laser":"2016","footprints":"2022"},"geometry":{"type":"Polygon","coordinates":[[[13.612118267227775,51.07887066305644],[13.612257698942987,51.0789342798453],[13.612322919235872,51.078877769184906],[13.612183344886128,51.07881415077944],[13.612118267227775,51.07887066305644]]]}},{"type":"Feature","id":"DESNATPU1000IaG5","properties":{"id":"DESNATPU1000IaG5","height_m":7.598,"ground_m":210.966,"height_source":"LoD1 solid top minus bottom","production":"2024","laser":"2016","footprints":"2022"},"geometry":{"type":"Polygon","coordinates":[[[13.617287801687318,51.0819178512867],[13.61729260735469,51.081890749506485],[13.617278502029713,51.081889773288204],[13.617282933804942,51.08186563475],[13.6172853600725,51.08186566345092],[13.617303357746918,51.08185580427455],[13.617305081809278,51.08184107627483],[13.617289722840034,51.08182947357915],[13.617266774161113,51.08182821289071],[13.617247782799918,51.081837880448155],[13.617246135791305,51.08184523516167],[13.617230798251112,51.08184440623359],[13.617175434359208,51.081841431107584],[13.617164595918222,51.08192241905274],[13.617218038254496,51.081925200586284],[13.617271794049566,51.08192800378921],[13.617273268188889,51.081916870002864],[13.617287801687318,51.0819178512867]]]}},{"type":"Feature","id":"DESNATPU1000BB6e","properties":{"id":"DESNATPU1000BB6e","height_m":3.474,"ground_m":217.535,"height_source":"LoD1 solid top minus bottom","production":"2024","laser":"2016","footprints":"2022"},"geometry":{"type":"Polygon","coordinates":[[[13.618396941379256,51.08211145421569],[13.618512873757542,51.082121008003305],[13.618523760170111,51.08206708920667],[13.618407825245777,51.08205762532834],[13.618396941379256,51.08211145421569]]]}},{"type":"Feature","id":"DESNATPU1000I6s8","properties":{"id":"DESNATPU1000I6s8","height_m":7.935,"ground_m":237.09,"height_source":"LoD1 solid top minus bottom","production":"2024","laser":"2016","footprints":"2022"},"geometry":{"type":"Polygon","coordinates":[[[13.605248863176932,51.07819790674387],[13.605244137398676,51.07813382962712],[13.605243375796174,51.0781235506039],[13.60511885047408,51.07812719059626],[13.605124308572769,51.078201564379306],[13.605248863176932,51.07819790674387]]]}},{"type":"Feature","id":"DESNATPU1000JSZo","properties":{"id":"DESNATPU1000JSZo","height_m":7.731,"ground_m":231.375,"height_source":"LoD1 solid top minus bottom","production":"2024","laser":"2016","footprints":"2022"},"geometry":{"type":"Polygon","coordinates":[[[13.610774977588498,51.08098800857499],[13.610755341621497,51.08103345928089],[13.610778211612445,51.08103732826489],[13.61083858162142,51.08104757825234],[13.610852231424948,51.081016085361085],[13.610905357776144,51.081025080146745],[13.610910266734017,51.081013717464025],[13.61097589040816,51.081024929107315],[13.610996614035928,51.08097652362334],[13.610875874156553,51.08095602378135],[13.610888915336377,51.08092578266269],[13.610804824614148,51.080911473756714],[13.610772422119352,51.08098752855664],[13.610774977588498,51.08098800857499]]]}},{"type":"Feature","id":"UUID_c6db5a80-7ee2-4d8f-afc8-88e6bd395041","properties":{"id":"UUID_c6db5a80-7ee2-4d8f-afc8-88e6bd395041","height_m":4.013,"ground_m":228.496,"height_source":"LoD1 solid top minus bottom","production":"2024","laser":"2016","footprints":"2022"},"geometry":{"type":"Polygon","coordinates":[[[13.61406391756961,51.081287351718345],[13.614063431516852,51.081287372934064],[13.614033231870335,51.0812884537252],[13.614036887311425,51.08135340801101],[13.614071513867236,51.08135420527182],[13.61406391756961,51.081287351718345]]]}},{"type":"Feature","id":"UUID_c0da1c88-2cd9-47ae-9ba6-be6ed6b4dcc7","properties":{"id":"UUID_c0da1c88-2cd9-47ae-9ba6-be6ed6b4dcc7","height_m":5.499,"ground_m":228.496,"height_source":"LoD1 solid top minus bottom","production":"2024","laser":"2016","footprints":"2022"},"geometry":{"type":"Polygon","coordinates":[[[13.614071513867236,51.08135420527182],[13.614125939762982,51.0813522336341],[13.614168574343324,51.08135068872861],[13.614160590815123,51.08126334470465],[13.614061587654579,51.08126690115685],[13.614063431516852,51.081287372934064],[13.61406391756961,51.081287351718345],[13.614071513867236,51.08135420527182]]]}},{"type":"Feature","id":"DESNATPU1000DoOi","properties":{"id":"DESNATPU1000DoOi","height_m":5.71,"ground_m":149.433,"height_source":"LoD1 solid top minus bottom","production":"2024","laser":"2016","footprints":"2022"},"geometry":{"type":"Polygon","coordinates":[[[13.616755085502321,51.08008085877303],[13.616910694942137,51.08008584766616],[13.616915577267394,51.08002745141794],[13.616759594112125,51.08002542577357],[13.616755085502321,51.08008085877303]]]}},{"type":"Feature","id":"DESNATPU1000Jg4h","properties":{"id":"DESNATPU1000Jg4h","height_m":3.0,"ground_m":246.625,"height_source":"LoD1 solid top minus bottom","production":"2024","laser":"2016","footprints":"2022"},"geometry":{"type":"Polygon","coordinates":[[[13.603251164665119,51.07645628333543],[13.60327998007198,51.07645698738919],[13.603281006420652,51.07643712525157],[13.603252188319098,51.07643651109523],[13.603251164665119,51.07645628333543]]]}},{"type":"Feature","id":"DESNATP1iE0000As","properties":{"id":"DESNATP1iE0000As","height_m":2.923,"ground_m":238.241,"height_source":"LoD1 solid top minus bottom","production":"2024","laser":"2016","footprints":"2022"},"geometry":{"type":"Polygon","coordinates":[[[13.602897900471245,51.08141848374463],[13.602889230907378,51.08135556446945],[13.602794460511204,51.081360753721846],[13.602803144219122,51.08142367317361],[13.602897900471245,51.08141848374463]]]}},{"type":"Feature","id":"DESNATPU1000JGFZ","properties":{"id":"DESNATPU1000JGFZ","height_m":2.788,"ground_m":258.985,"height_source":"LoD1 solid top minus bottom","production":"2024","laser":"2016","footprints":"2022"},"geometry":{"type":"Polygon","coordinates":[[[13.60670085875159,51.068048313671675],[13.606692098914278,51.06811187934165],[13.606731572318532,51.06811396863472],[13.606732127229286,51.06810974856251],[13.606737931556484,51.06810658029211],[13.606745482728027,51.06810703002563],[13.60675002148795,51.06807470950533],[13.606753296949272,51.068051187017915],[13.60670085875159,51.068048313671675]]]}},{"type":"Feature","id":"DESNATP1iE0000B4","properties":{"id":"DESNATP1iE0000B4","height_m":2.673,"ground_m":170.692,"height_source":"LoD1 solid top minus bottom","production":"2024","laser":"2016","footprints":"2022"},"geometry":{"type":"Polygon","coordinates":[[[13.60968937469038,51.078497665188856],[13.609723755438717,51.078505637184975],[13.609808920301385,51.07852539140117],[13.609852706292752,51.07845010173038],[13.609733370602315,51.0784225219456],[13.609702495443086,51.0784752489893],[13.60968937469038,51.078497665188856]]]}},{"type":"Feature","id":"DESNATPU1000Evno","properties":{"id":"DESNATPU1000Evno","height_m":3.637,"ground_m":161.098,"height_source":"LoD1 solid top minus bottom","production":"2024","laser":"2016","footprints":"2022"},"geometry":{"type":"Polygon","coordinates":[[[13.621284097037666,51.081866313712],[13.62130267824167,51.08192804444755],[13.621372596519995,51.081919786253486],[13.621354017898245,51.08185796563061],[13.621284097037666,51.081866313712]]]}},{"type":"Feature","id":"DESNATPU1000BgSG","properties":{"id":"DESNATPU1000BgSG","height_m":5.945,"ground_m":127.178,"height_source":"LoD1 solid top minus bottom","production":"2024","laser":"2016","footprints":"2022"},"geometry":{"type":"Polygon","coordinates":[[[13.624499616739584,51.08312228709229],[13.624597749411203,51.08303890841065],[13.624514946620746,51.08300016383238],[13.624416673825763,51.08308345086715],[13.624499616739584,51.08312228709229]]]}},{"type":"Feature","id":"UUID_b7c97c8d-1502-4607-a1c6-21e162178103","properties":{"id":"UUID_b7c97c8d-1502-4607-a1c6-21e162178103","height_m":4.239,"ground_m":235.258,"height_source":"LoD1 solid top minus bottom","production":"2024","laser":"2016","footprints":"2022"},"geometry":{"type":"Polygon","coordinates":[[[13.605101040316672,51.079302786626606],[13.605075329630951,51.0793331277264],[13.605054562900598,51.07935762845618],[13.605105218956716,51.079374609119114],[13.605116328339195,51.07937832987635],[13.605132438132705,51.07938382795576],[13.605178026763022,51.07933005464212],[13.605199266589002,51.07930501096688],[13.605199337134456,51.0793050387875],[13.60523086775084,51.07926773463169],[13.60520359018562,51.07925856008554],[13.605152992655489,51.07924153519828],[13.605152964383286,51.079241525867964],[13.605101040316672,51.079302786626606]]]}},{"type":"Feature","id":"UUID_c0e4e659-cc12-49ac-921b-099a90965a24","properties":{"id":"UUID_c0e4e659-cc12-49ac-921b-099a90965a24","height_m":4.934,"ground_m":235.258,"height_source":"LoD1 solid top minus bottom","production":"2024","laser":"2016","footprints":"2022"},"geometry":{"type":"Polygon","coordinates":[[[13.605042514721136,51.079283068121164],[13.605101040316672,51.079302786626606],[13.605152964383286,51.079241525867964],[13.605094467114135,51.079221816719084],[13.605042514721136,51.079283068121164]]]}},{"type":"Feature","id":"UUID_815dda46-5294-405f-8c66-6a15f9c4d2d3","properties":{"id":"UUID_815dda46-5294-405f-8c66-6a15f9c4d2d3","height_m":4.083,"ground_m":235.258,"height_source":"LoD1 solid top minus bottom","production":"2024","laser":"2016","footprints":"2022"},"geometry":{"type":"Polygon","coordinates":[[[13.605200356446806,51.079337605380594],[13.605221812226327,51.07931250132771],[13.605199337134456,51.0793050387875],[13.605199266589002,51.07930501096688],[13.605178026763022,51.07933005464212],[13.605200356446806,51.079337605380594]]]}},{"type":"Feature","id":"DESNATP1DF0000Au","properties":{"id":"DESNATP1DF0000Au","height_m":3.312,"ground_m":174.069,"height_source":"LoD1 solid top minus bottom","production":"2024","laser":"2016","footprints":"2022"},"geometry":{"type":"Polygon","coordinates":[[[13.608629028539514,51.07828915492751],[13.608573972624873,51.078276547937335],[13.608550781664567,51.07831674007541],[13.608605837620189,51.07832934707673],[13.608629028539514,51.07828915492751]]]}},{"type":"Feature","id":"DESNATPU1000Hdul","properties":{"id":"DESNATPU1000Hdul","height_m":4.501,"ground_m":236.474,"height_source":"LoD1 solid top minus bottom","production":"2024","laser":"2016","footprints":"2022"},"geometry":{"type":"Polygon","coordinates":[[[13.608535824965445,51.0806473325396],[13.608563133153458,51.080688845246776],[13.608655375595232,51.08066458319673],[13.608627921923821,51.080623158708775],[13.608535824965445,51.0806473325396]]]}},{"type":"Feature","id":"DESNATPU1000CVRD","properties":{"id":"DESNATPU1000CVRD","height_m":5.802,"ground_m":126.735,"height_source":"LoD1 solid top minus bottom","production":"2024","laser":"2016","footprints":"2022"},"geometry":{"type":"Polygon","coordinates":[[[13.625533921576816,51.082484670494985],[13.625464011952529,51.0825157553001],[13.625513220282704,51.082559787707424],[13.625583272399252,51.08252871354133],[13.625533921576816,51.082484670494985]]]}},{"type":"Feature","id":"DESNATPU1000E9Zx","properties":{"id":"DESNATPU1000E9Zx","height_m":5.288,"ground_m":235.505,"height_source":"LoD1 solid top minus bottom","production":"2024","laser":"2016","footprints":"2022"},"geometry":{"type":"Polygon","coordinates":[[[13.605846890790108,51.078114230546745],[13.60583791135953,51.078058655004845],[13.60570736204745,51.07806703499358],[13.605715642242256,51.07811832156679],[13.605716341322827,51.0781226105442],[13.605846890790108,51.078114230546745]]]}},{"type":"Feature","id":"DESNATPU1000EKsc","properties":{"id":"DESNATPU1000EKsc","height_m":7.88,"ground_m":175.046,"height_source":"LoD1 solid top minus bottom","production":"2024","laser":"2016","footprints":"2022"},"geometry":{"type":"Polygon","coordinates":[[[13.618652195467858,51.0781294183512],[13.618547202818391,51.078074040089945],[13.618445919388051,51.07814768214256],[13.618550769369381,51.078203058807794],[13.618652195467858,51.0781294183512]]]}},{"type":"Feature","id":"DESNATPU1000FGJy","properties":{"id":"DESNATPU1000FGJy","height_m":4.093,"ground_m":170.847,"height_source":"LoD1 solid top minus bottom","production":"2024","laser":"2016","footprints":"2022"},"geometry":{"type":"Polygon","coordinates":[[[13.611260305417161,51.07875003948755],[13.611258550368332,51.07880388630033],[13.611344320185244,51.07880490530842],[13.611345792402764,51.07875096520531],[13.611260305417161,51.07875003948755]]]}},{"type":"Feature","id":"DESNATPU1000F377","properties":{"id":"DESNATPU1000F377","height_m":4.122,"ground_m":237.664,"height_source":"LoD1 solid top minus bottom","production":"2024","laser":"2016","footprints":"2022"},"geometry":{"type":"Polygon","coordinates":[[[13.601907239492784,51.081362231634884],[13.601903593479149,51.081255378922656],[13.601845833816352,51.081256153897115],[13.601849479425873,51.081363015599806],[13.601907239492784,51.081362231634884]]]}},{"type":"Feature","id":"DESNATPU1000CN0O","properties":{"id":"DESNATPU1000CN0O","height_m":5.994,"ground_m":183.628,"height_source":"LoD1 solid top minus bottom","production":"2024","laser":"2016","footprints":"2022"},"geometry":{"type":"Polygon","coordinates":[[[13.609836949961746,51.078921971407375],[13.609981175742485,51.07890174387528],[13.609952352022074,51.07882028484147],[13.609808126483468,51.07884051234015],[13.609836949961746,51.078921971407375]]]}},{"type":"Feature","id":"DESNATPU1000I7zW","properties":{"id":"DESNATPU1000I7zW","height_m":2.907,"ground_m":243.633,"height_source":"LoD1 solid top minus bottom","production":"2024","laser":"2016","footprints":"2022"},"geometry":{"type":"Polygon","coordinates":[[[13.610601049118404,51.08273812346184],[13.610531995056503,51.082726960773215],[13.610507464959685,51.08278800094544],[13.610576667216945,51.08279898555108],[13.610601049118404,51.08273812346184]]]}},{"type":"Feature","id":"DESNATPU1000ESg3","properties":{"id":"DESNATPU1000ESg3","height_m":3.299,"ground_m":237.921,"height_source":"LoD1 solid top minus bottom","production":"2024","laser":"2016","footprints":"2022"},"geometry":{"type":"Polygon","coordinates":[[[13.604127924557039,51.08121556800302],[13.60412494021627,51.08125779915625],[13.604123278266698,51.08127981199868],[13.604229124379247,51.081282784616214],[13.604233773228984,51.0812184507182],[13.604189694753142,51.08121720493403],[13.604127924557039,51.08121556800302]]]}},{"type":"Feature","id":"DESNATPU1000JRMz","properties":{"id":"DESNATPU1000JRMz","height_m":3.367,"ground_m":251.128,"height_source":"LoD1 solid top minus bottom","production":"2024","laser":"2016","footprints":"2022"},"geometry":{"type":"Polygon","coordinates":[[[13.609993692477458,51.06882278486721],[13.609909066990824,51.06878418787776],[13.609874701718594,51.068830722335754],[13.60996475196378,51.06885976141259],[13.609993692477458,51.06882278486721]]]}},{"type":"Feature","id":"DESNATPU1000GAhT","properties":{"id":"DESNATPU1000GAhT","height_m":3.428,"ground_m":242.884,"height_source":"LoD1 solid top minus bottom","production":"2024","laser":"2016","footprints":"2022"},"geometry":{"type":"Polygon","coordinates":[[[13.610185179594202,51.081503126807185],[13.610085243212549,51.08150301766847],[13.610085180566754,51.08154798156991],[13.610185117045303,51.08154809070944],[13.610185179594202,51.081503126807185]]]}},{"type":"Feature","id":"DESNATPU1000JDX7","properties":{"id":"DESNATPU1000JDX7","height_m":8.377,"ground_m":166.672,"height_source":"LoD1 solid top minus bottom","production":"2024","laser":"2016","footprints":"2022"},"geometry":{"type":"Polygon","coordinates":[[[13.61446461433202,51.07896010096217],[13.61454538003899,51.078975716777165],[13.614577864686648,51.07891099300242],[13.614495225022313,51.07889598450163],[13.61446461433202,51.07896010096217]]]}},{"type":"Feature","id":"DESNATPU1000JSKS","properties":{"id":"DESNATPU1000JSKS","height_m":6.452,"ground_m":124.846,"height_source":"LoD1 solid top minus bottom","production":"2024","laser":"2016","footprints":"2022"},"geometry":{"type":"Polygon","coordinates":[[[13.624804807442272,51.081806662149326],[13.624744998262615,51.08177784662632],[13.62464650294519,51.08186055569386],[13.624725617971272,51.08189793484656],[13.624824508319225,51.081815383240105],[13.624804807442272,51.081806662149326]]]}},{"type":"Feature","id":"UUID_2af34b74-3328-432c-af96-7161b42a54a0","properties":{"id":"UUID_2af34b74-3328-432c-af96-7161b42a54a0","height_m":9.292,"ground_m":203.956,"height_source":"LoD1 solid top minus bottom","production":"2024","laser":"2016","footprints":"2022"},"geometry":{"type":"Polygon","coordinates":[[[13.607092427117852,51.07987473466331],[13.607089584885667,51.07986859459113],[13.607071147943993,51.07982885992997],[13.60699329391976,51.0798432470968],[13.606937404824556,51.079853579383254],[13.606976204018396,51.07993738829855],[13.607103298078092,51.0799139744784],[13.607085679559871,51.07987598520902],[13.607092427117852,51.07987473466331]]]}},{"type":"Feature","id":"UUID_277116b5-dc1a-418d-82b2-786fa5a6dd9b","properties":{"id":"UUID_277116b5-dc1a-418d-82b2-786fa5a6dd9b","height_m":9.058,"ground_m":203.956,"height_source":"LoD1 solid top minus bottom","production":"2024","laser":"2016","footprints":"2022"},"geometry":{"type":"Polygon","coordinates":[[[13.606937404824556,51.079853579383254],[13.60699329391976,51.0798432470968],[13.606984110629933,51.07982339816391],[13.606928207825344,51.079833712296654],[13.606937404824556,51.079853579383254]]]}},{"type":"Feature","id":"DESNATPU1000Iun4","properties":{"id":"DESNATPU1000Iun4","height_m":7.365,"ground_m":121.024,"height_source":"LoD1 solid top minus bottom","production":"2024","laser":"2016","footprints":"2022"},"geometry":{"type":"Polygon","coordinates":[[[13.625958338503134,51.083214444230165],[13.625912078090682,51.08314219992935],[13.62582160012524,51.083164877593155],[13.625867863081806,51.083237032030794],[13.625958338503134,51.083214444230165]]]}},{"type":"Feature","id":"DESNATPU1000IUaK","properties":{"id":"DESNATPU1000IUaK","height_m":6.409,"ground_m":256.192,"height_source":"LoD1 solid top minus bottom","production":"2024","laser":"2016","footprints":"2022"},"geometry":{"type":"Polygon","coordinates":[[[13.607449862887014,51.06867883295233],[13.607268917329138,51.06874223552234],[13.607315463907907,51.06879495827276],[13.607496395342558,51.06873155546236],[13.607449862887014,51.06867883295233]]]}},{"type":"Feature","id":"DESNATPU1000B0B7","properties":{"id":"DESNATPU1000B0B7","height_m":3.027,"ground_m":247.202,"height_source":"LoD1 solid top minus bottom","production":"2024","laser":"2016","footprints":"2022"},"geometry":{"type":"Polygon","coordinates":[[[13.60897048217385,51.069326267176855],[13.60902335589239,51.06931466603448],[13.608991410441257,51.069256641047964],[13.608938394099052,51.069268240478266],[13.60897048217385,51.069326267176855]]]}},{"type":"Feature","id":"DESNATP1iE0000D1","properties":{"id":"DESNATP1iE0000D1","height_m":3.46,"ground_m":146.058,"height_source":"LoD1 solid top minus bottom","production":"2024","laser":"2016","footprints":"2022"},"geometry":{"type":"Polygon","coordinates":[[[13.622522494931214,51.08229862614617],[13.622469533705667,51.08234258890771],[13.622538443017081,51.0823755236754],[13.62259138994379,51.0823315607145],[13.622522494931214,51.08229862614617]]]}},{"type":"Feature","id":"DESNATP1iE0000Ch","properties":{"id":"DESNATP1iE0000Ch","height_m":2.548,"ground_m":216.861,"height_source":"LoD1 solid top minus bottom","production":"2024","laser":"2016","footprints":"2022"},"geometry":{"type":"Polygon","coordinates":[[[13.617391892439022,51.08220245853812],[13.617398974800269,51.08217082427262],[13.6173322620546,51.08216490919337],[13.617325179916934,51.08219653446474],[13.617391892439022,51.08220245853812]]]}},{"type":"Feature","id":"DESNATPU1000Eoa3","properties":{"id":"DESNATPU1000Eoa3","height_m":8.291,"ground_m":237.898,"height_source":"LoD1 solid top minus bottom","production":"2024","laser":"2016","footprints":"2022"},"geometry":{"type":"Polygon","coordinates":[[[13.606997516124945,51.08267769875514],[13.606926478320235,51.082699334486094],[13.606960873410483,51.082747316995366],[13.60700296458759,51.082733969498115],[13.607019297929241,51.08275583710523],[13.607021091230708,51.08275792684991],[13.607052359311568,51.082748407244694],[13.606997516124945,51.08267769875514]]]}},{"type":"Feature","id":"DESNATPU1000FhDJ","properties":{"id":"DESNATPU1000FhDJ","height_m":4.384,"ground_m":237.759,"height_source":"LoD1 solid top minus bottom","production":"2024","laser":"2016","footprints":"2022"},"geometry":{"type":"Polygon","coordinates":[[[13.603263228974972,51.08118977084064],[13.603265110982605,51.08124105305986],[13.603451117289984,51.081222861592366],[13.603445700788868,51.08117990057728],[13.603263228974972,51.08118977084064]]]}},{"type":"Feature","id":"DESNATPU1000Fi0V","properties":{"id":"DESNATPU1000Fi0V","height_m":8.305,"ground_m":152.469,"height_source":"LoD1 solid top minus bottom","production":"2024","laser":"2016","footprints":"2022"},"geometry":{"type":"Polygon","coordinates":[[[13.615266798432694,51.07971566034575],[13.615271876742513,51.07974162013881],[13.615290195254037,51.079740128494365],[13.615294777870917,51.0797635643943],[13.615315956058957,51.07976192676424],[13.61532227099238,51.07979428618279],[13.615440613087163,51.07978507637582],[13.615426223908814,51.07971233300632],[13.615328201192439,51.07971998492137],[13.615326471576148,51.07971097150429],[13.615266798432694,51.07971566034575]]]}},{"type":"Feature","id":"DESNATPU1000Hm0p","properties":{"id":"DESNATPU1000Hm0p","height_m":6.299,"ground_m":244.288,"height_source":"LoD1 solid top minus bottom","production":"2024","laser":"2016","footprints":"2022"},"geometry":{"type":"Polygon","coordinates":[[[13.606072195497033,51.081604152979146],[13.60613398791461,51.081605069710314],[13.606135240640972,51.08157288995092],[13.606136784208868,51.0815405338009],[13.60607471184135,51.081539433873736],[13.606072195497033,51.081604152979146]]]}},{"type":"Feature","id":"DESNATPU1000E8bp","properties":{"id":"DESNATPU1000E8bp","height_m":5.904,"ground_m":243.505,"height_source":"LoD1 solid top minus bottom","production":"2024","laser":"2016","footprints":"2022"},"geometry":{"type":"Polygon","coordinates":[[[13.608574121511605,51.08175635601523],[13.608625339385172,51.08175759519666],[13.608695821869379,51.08175915358859],[13.608695897384514,51.08175663646703],[13.60870250173867,51.08166498718983],[13.608674542008792,51.08166420474331],[13.60866097321897,51.081654870445035],[13.608640141427289,51.08165444262229],[13.608625174208559,51.081663167463745],[13.608579371725485,51.081662262533385],[13.608574121511605,51.08175635601523]]]}},{"type":"Feature","id":"DESNATPU1000JcS4","properties":{"id":"DESNATPU1000JcS4","height_m":2.712,"ground_m":130.472,"height_source":"LoD1 solid top minus bottom","production":"2024","laser":"2016","footprints":"2022"},"geometry":{"type":"Polygon","coordinates":[[[13.622465764676873,51.08126111000742],[13.622425356692242,51.081185785721814],[13.622357562989796,51.08119946533346],[13.622397973545716,51.08127469974387],[13.622465764676873,51.08126111000742]]]}},{"type":"Feature","id":"UUID_fb3bbe74-7dec-4663-9ecf-727bd3efee59","properties":{"id":"UUID_fb3bbe74-7dec-4663-9ecf-727bd3efee59","height_m":6.212,"ground_m":136.139,"height_source":"LoD1 solid top minus bottom","production":"2024","laser":"2016","footprints":"2022"},"geometry":{"type":"Polygon","coordinates":[[[13.628663561069983,51.08340601655389],[13.62857960148407,51.08343039154446],[13.62855304545373,51.08343810165177],[13.628555703229061,51.08344189187167],[13.628577350195295,51.083472721745785],[13.628689090141588,51.083440758902995],[13.628663561069983,51.08340601655389]]]}},{"type":"Feature","id":"UUID_7ec6fa02-cd8f-4511-b4c6-a5ca5710ec07","properties":{"id":"UUID_7ec6fa02-cd8f-4511-b4c6-a5ca5710ec07","height_m":2.474,"ground_m":136.139,"height_source":"LoD1 solid top minus bottom","production":"2024","laser":"2016","footprints":"2022"},"geometry":{"type":"Polygon","coordinates":[[[13.62857960148407,51.08343039154446],[13.628563157496691,51.08340708683182],[13.628536686581613,51.08341481591983],[13.62855304545373,51.08343810165177],[13.62857960148407,51.08343039154446]]]}},{"type":"Feature","id":"UUID_cf294c12-5b54-499a-9b25-88529a26a814","properties":{"id":"UUID_cf294c12-5b54-499a-9b25-88529a26a814","height_m":2.477,"ground_m":136.139,"height_source":"LoD1 solid top minus bottom","production":"2024","laser":"2016","footprints":"2022"},"geometry":{"type":"Polygon","coordinates":[[[13.628488842995646,51.08342878711605],[13.62850761760055,51.08345535663273],[13.628555703229061,51.08344189187167],[13.628536686581613,51.08341481591983],[13.628488842995646,51.08342878711605]]]}},{"type":"Feature","id":"DESNATPU1000HVwu","properties":{"id":"DESNATPU1000HVwu","height_m":4.2,"ground_m":189.817,"height_source":"LoD1 solid top minus bottom","production":"2024","laser":"2016","footprints":"2022"},"geometry":{"type":"Polygon","coordinates":[[[13.627293174200704,51.08080195050709],[13.627412366966308,51.080783296004576],[13.627391244440789,51.080729989759725],[13.627272191862437,51.080748735815845],[13.627293174200704,51.08080195050709]]]}},{"type":"Feature","id":"DESNATPU1000BlSe","properties":{"id":"DESNATPU1000BlSe","height_m":2.674,"ground_m":259.234,"height_source":"LoD1 solid top minus bottom","production":"2024","laser":"2016","footprints":"2022"},"geometry":{"type":"Polygon","coordinates":[[[13.606733209094712,51.06847298675904],[13.606784397177336,51.068527015077294],[13.606845606092184,51.068504003301285],[13.606794560642344,51.068449976710056],[13.606733209094712,51.06847298675904]]]}},{"type":"Feature","id":"DESNATPU1000DKPD","properties":{"id":"DESNATPU1000DKPD","height_m":2.63,"ground_m":238.25,"height_source":"LoD1 solid top minus bottom","production":"2024","laser":"2016","footprints":"2022"},"geometry":{"type":"Polygon","coordinates":[[[13.602215499213788,51.08169937634243],[13.60228627576376,51.08169590607432],[13.602278486336,51.081632232878256],[13.60220771259234,51.08163561324548],[13.602215499213788,51.08169937634243]]]}},{"type":"Feature","id":"DESNATPU1000Cyhi","properties":{"id":"DESNATPU1000Cyhi","height_m":5.192,"ground_m":250.367,"height_source":"LoD1 solid top minus bottom","production":"2024","laser":"2016","footprints":"2022"},"geometry":{"type":"Polygon","coordinates":[[[13.60853134361096,51.06869629977692],[13.608556548721166,51.06871728363309],[13.60857645330447,51.068734157554104],[13.608668753500083,51.06868813329536],[13.608659961416281,51.068681463779605],[13.60861864726293,51.06865030600133],[13.60853134361096,51.06869629977692]]]}},{"type":"Feature","id":"DESNATPU1000CcJA","properties":{"id":"DESNATPU1000CcJA","height_m":9.361,"ground_m":159.187,"height_source":"LoD1 solid top minus bottom","production":"2024","laser":"2016","footprints":"2022"},"geometry":{"type":"Polygon","coordinates":[[[13.613561631880907,51.07872151298339],[13.613557982218802,51.07874808876772],[13.61357764984453,51.07874921235221],[13.613599597635691,51.078750470893766],[13.613603109936792,51.07872371362039],[13.613561631880907,51.07872151298339]]]}},{"type":"Feature","id":"DESNATPU1000Cda4","properties":{"id":"DESNATPU1000Cda4","height_m":5.874,"ground_m":151.243,"height_source":"LoD1 solid top minus bottom","production":"2024","laser":"2016","footprints":"2022"},"geometry":{"type":"Polygon","coordinates":[[[13.61623341798109,51.079846353819],[13.616063799733398,51.0798467737732],[13.6160644796119,51.079929246962394],[13.616234098161254,51.07992882700957],[13.61623341798109,51.079846353819]]]}},{"type":"Feature","id":"DESNATPU1000BRcG","properties":{"id":"DESNATPU1000BRcG","height_m":2.504,"ground_m":196.275,"height_source":"LoD1 solid top minus bottom","production":"2024","laser":"2016","footprints":"2022"},"geometry":{"type":"Polygon","coordinates":[[[13.62700529200106,51.08046160474983],[13.626906655965213,51.08047069803756],[13.626918424965405,51.08052164627095],[13.627016918389646,51.0805125512978],[13.62700529200106,51.08046160474983]]]}},{"type":"Feature","id":"UUID_78b9f9ea-d4ab-447f-bd1c-1d7128b0d75f","properties":{"id":"UUID_78b9f9ea-d4ab-447f-bd1c-1d7128b0d75f","height_m":9.274,"ground_m":236.657,"height_source":"LoD1 solid top minus bottom","production":"2024","laser":"2016","footprints":"2022"},"geometry":{"type":"Polygon","coordinates":[[[13.605188584970259,51.07809694317222],[13.605222965489109,51.07809539297327],[13.605329123334922,51.078090607440046],[13.605315367425506,51.077969335406515],[13.60517484315729,51.07797568927485],[13.605188584970259,51.07809694317222]]]}},{"type":"Feature","id":"UUID_e5fe7ba0-b157-48e8-904f-60b19e0c6a8f","properties":{"id":"UUID_e5fe7ba0-b157-48e8-904f-60b19e0c6a8f","height_m":9.413,"ground_m":236.657,"height_source":"LoD1 solid top minus bottom","production":"2024","laser":"2016","footprints":"2022"},"geometry":{"type":"Polygon","coordinates":[[[13.605333569407048,51.078129806749416],[13.605330727036012,51.0781046915304],[13.605241694391715,51.07810872816416],[13.605243375796174,51.0781235506039],[13.605244137398676,51.07813382962712],[13.605333569407048,51.078129806749416]]]}},{"type":"Feature","id":"UUID_87ca5d57-c1eb-423c-89c1-3d529237eef9","properties":{"id":"UUID_87ca5d57-c1eb-423c-89c1-3d529237eef9","height_m":9.33,"ground_m":236.657,"height_source":"LoD1 solid top minus bottom","production":"2024","laser":"2016","footprints":"2022"},"geometry":{"type":"Polygon","coordinates":[[[13.605222965489109,51.07809539297327],[13.605224568347067,51.07810950403394],[13.605330727036012,51.0781046915304],[13.605329123334922,51.078090607440046],[13.605222965489109,51.07809539297327]]]}},{"type":"Feature","id":"DESNATPU1000HB7w","properties":{"id":"DESNATPU1000HB7w","height_m":2.72,"ground_m":243.727,"height_source":"LoD1 solid top minus bottom","production":"2024","laser":"2016","footprints":"2022"},"geometry":{"type":"Polygon","coordinates":[[[13.608996279542106,51.08174267524511],[13.608891325868502,51.08174322481502],[13.608888072623309,51.081788852195714],[13.608996210442823,51.08178781893036],[13.608996279542106,51.08174267524511]]]}},{"type":"Feature","id":"DESNATPU1000C0pC","properties":{"id":"DESNATPU1000C0pC","height_m":6.931,"ground_m":241.536,"height_source":"LoD1 solid top minus bottom","production":"2024","laser":"2016","footprints":"2022"},"geometry":{"type":"Polygon","coordinates":[[[13.602587029176537,51.07954695268082],[13.602589350697844,51.07955993026609],[13.602529569089183,51.079563442229116],[13.602537833606979,51.07962082605313],[13.602525950437709,51.07962194299271],[13.602530681145696,51.07965446405828],[13.602631948956544,51.07964863327347],[13.602696147840794,51.07964493125389],[13.60268259770669,51.07955448017311],[13.602618681936443,51.07955826650585],[13.602618238440762,51.079558297175616],[13.602615766072221,51.07954558757572],[13.602587029176537,51.07954695268082]]]}},{"type":"Feature","id":"DESNATPU1000CIxe","properties":{"id":"DESNATPU1000CIxe","height_m":7.845,"ground_m":237.672,"height_source":"LoD1 solid top minus bottom","production":"2024","laser":"2016","footprints":"2022"},"geometry":{"type":"Polygon","coordinates":[[[13.603158462700792,51.082914262954084],[13.603157696167383,51.08289231103791],[13.603144269287105,51.082892510302464],[13.603142711864034,51.082849415542505],[13.603085474240027,51.08285033227012],[13.60302700810648,51.08285127025928],[13.603030570464654,51.08296525329359],[13.603089031326014,51.0829644950977],[13.603146263675262,51.08296375816342],[13.603144324902033,51.08291436379383],[13.603158462700792,51.082914262954084]]]}},{"type":"Feature","id":"DESNATPU1000Gf39","properties":{"id":"DESNATPU1000Gf39","height_m":4.132,"ground_m":194.916,"height_source":"LoD1 solid top minus bottom","production":"2024","laser":"2016","footprints":"2022"},"geometry":{"type":"Polygon","coordinates":[[[13.627211296739778,51.08051978042315],[13.627227565317188,51.080592364469226],[13.627311593735532,51.08058480801989],[13.62729518231075,51.08051222230841],[13.627211296739778,51.08051978042315]]]}},{"type":"Feature","id":"DESNATP1DF0000A5","properties":{"id":"DESNATP1DF0000A5","height_m":3.067,"ground_m":238.207,"height_source":"LoD1 solid top minus bottom","production":"2024","laser":"2016","footprints":"2022"},"geometry":{"type":"Polygon","coordinates":[[[13.604612544004505,51.08110783646988],[13.604492936527526,51.08110197504563],[13.604486488726856,51.0811563592768],[13.604605825447992,51.08116220848186],[13.604612544004505,51.08110783646988]]]}},{"type":"Feature","id":"DESNATPU1000DEWL","properties":{"id":"DESNATPU1000DEWL","height_m":2.562,"ground_m":243.003,"height_source":"LoD1 solid top minus bottom","production":"2024","laser":"2016","footprints":"2022"},"geometry":{"type":"Polygon","coordinates":[[[13.601300001241556,51.079608538414185],[13.601200149467317,51.07961049104829],[13.601202504381265,51.07965548392552],[13.601302361674541,51.079653351496255],[13.601300001241556,51.079608538414185]]]}},{"type":"Feature","id":"DESNATPU1000FBCC","properties":{"id":"DESNATPU1000FBCC","height_m":3.024,"ground_m":240.652,"height_source":"LoD1 solid top minus bottom","production":"2024","laser":"2016","footprints":"2022"},"geometry":{"type":"Polygon","coordinates":[[[13.602426906986578,51.079905025580075],[13.602453543840095,51.08006811623387],[13.602536510975165,51.08006272320222],[13.602509873832235,51.07989963256495],[13.602426906986578,51.079905025580075]]]}},{"type":"Feature","id":"DESNATPU1000IEZw","properties":{"id":"DESNATPU1000IEZw","height_m":8.45,"ground_m":249.05,"height_source":"LoD1 solid top minus bottom","production":"2024","laser":"2016","footprints":"2022"},"geometry":{"type":"Polygon","coordinates":[[[13.609546734857668,51.0690535333077],[13.609848125653219,51.06915559123033],[13.609906857832804,51.06908659443577],[13.609605607337889,51.0689846282607],[13.609546734857668,51.0690535333077]]]}},{"type":"Feature","id":"DESNATPU1000HcRv","properties":{"id":"DESNATPU1000HcRv","height_m":4.832,"ground_m":242.103,"height_source":"LoD1 solid top minus bottom","production":"2024","laser":"2016","footprints":"2022"},"geometry":{"type":"Polygon","coordinates":[[[13.610341301796565,51.083039626161074],[13.61026836935867,51.08304352532765],[13.610271193983516,51.0830636131371],[13.610153066138306,51.0830701224121],[13.610157169708458,51.08309993779235],[13.610163020798113,51.08314290362368],[13.610168066807269,51.08317938497464],[13.610314362983523,51.08317150191791],[13.610358699393933,51.083168971420356],[13.610341301796565,51.083039626161074]]]}},{"type":"Feature","id":"DESNATP1DF0000BO","properties":{"id":"DESNATP1DF0000BO","height_m":7.803,"ground_m":153.094,"height_source":"LoD1 solid top minus bottom","production":"2024","laser":"2016","footprints":"2022"},"geometry":{"type":"Polygon","coordinates":[[[13.62909840512692,51.081970488608185],[13.628953330509967,51.08207348256386],[13.629068360888397,51.08213776414783],[13.629213435456485,51.08203477005007],[13.62909840512692,51.081970488608185]]]}},{"type":"Feature","id":"DESNATP1DF0000Ae","properties":{"id":"DESNATP1DF0000Ae","height_m":10.59,"ground_m":219.997,"height_source":"LoD1 solid top minus bottom","production":"2024","laser":"2016","footprints":"2022"},"geometry":{"type":"Polygon","coordinates":[[[13.614121388205293,51.08309642942187],[13.614153463780005,51.08303022610445],[13.614131955656191,51.083026131124996],[13.61414568779707,51.0829975615424],[13.61404633980053,51.08297861361175],[13.613992116617995,51.083091254545494],[13.614093224415884,51.083110565117096],[13.614101835691221,51.08309282525516],[13.614101896273908,51.08309270906545],[13.614121388205293,51.08309642942187]]]}},{"type":"Feature","id":"DESNATPU1000Ci62","properties":{"id":"DESNATPU1000Ci62","height_m":3.256,"ground_m":256.815,"height_source":"LoD1 solid top minus bottom","production":"2024","laser":"2016","footprints":"2022"},"geometry":{"type":"Polygon","coordinates":[[[13.607343737265188,51.068385117711685],[13.607413294526545,51.06843109111558],[13.60745528982319,51.06840623135962],[13.60741799539327,51.06838384420643],[13.607482034382542,51.068342610129044],[13.607448998786301,51.06832099316265],[13.607343737265188,51.068385117711685]]]}},{"type":"Feature","id":"DESNATPU1000C86p","properties":{"id":"DESNATPU1000C86p","height_m":2.86,"ground_m":256.205,"height_source":"LoD1 solid top minus bottom","production":"2024","laser":"2016","footprints":"2022"},"geometry":{"type":"Polygon","coordinates":[[[13.62335226481129,51.06838448066352],[13.623395879405308,51.06848274760465],[13.623421557966036,51.068478373720076],[13.623448248623209,51.06847356210316],[13.623404779273837,51.06837520696317],[13.62337780597535,51.06837992531161],[13.62335226481129,51.06838448066352]]]}},{"type":"Feature","id":"DESNATP1DF0000BR","properties":{"id":"DESNATP1DF0000BR","height_m":3.119,"ground_m":152.294,"height_source":"LoD1 solid top minus bottom","production":"2024","laser":"2016","footprints":"2022"},"geometry":{"type":"Polygon","coordinates":[[[13.620020804041111,51.079591197115406],[13.620018745364577,51.07955290791809],[13.619846390253565,51.07955658346403],[13.619848448787849,51.07959487266325],[13.620020804041111,51.079591197115406]]]}},{"type":"Feature","id":"DESNATPU1000ILL6","properties":{"id":"DESNATPU1000ILL6","height_m":7.237,"ground_m":120.867,"height_source":"LoD1 solid top minus bottom","production":"2024","laser":"2016","footprints":"2022"},"geometry":{"type":"Polygon","coordinates":[[[13.625958338503134,51.083214444230165],[13.625867863081806,51.083237032030794],[13.625936999608829,51.083346748945786],[13.626027620602779,51.08332407287326],[13.625958338503134,51.083214444230165]]]}},{"type":"Feature","id":"UUID_e8d44ab9-06d5-4d5a-a751-29d7db4c2e73","properties":{"id":"UUID_e8d44ab9-06d5-4d5a-a751-29d7db4c2e73","height_m":6.401,"ground_m":219.901,"height_source":"LoD1 solid top minus bottom","production":"2024","laser":"2016","footprints":"2022"},"geometry":{"type":"Polygon","coordinates":[[[13.615518683829377,51.083080918929895],[13.615393926205975,51.083056059603585],[13.615376796048345,51.08308991288875],[13.615374201644178,51.08309503510155],[13.615374258465877,51.083095044767546],[13.615362906738731,51.08311755447979],[13.615362963560457,51.083117564145795],[13.615357048326883,51.08312918487583],[13.61548180612572,51.08315404424256],[13.615487573238125,51.0831426016104],[13.615501610306291,51.083114790889525],[13.615512871499503,51.083092441964375],[13.6155129140487,51.083092451461276],[13.615518683829377,51.083080918929895]]]}},{"type":"Feature","id":"UUID_82c90165-6f85-4014-9453-acfe456ed71c","properties":{"id":"UUID_82c90165-6f85-4014-9453-acfe456ed71c","height_m":3.785,"ground_m":219.901,"height_source":"LoD1 solid top minus bottom","production":"2024","laser":"2016","footprints":"2022"},"geometry":{"type":"Polygon","coordinates":[[[13.615341982846465,51.083088628191554],[13.615330459298095,51.0831111538512],[13.615362906738731,51.08311755447979],[13.615374258465877,51.083095044767546],[13.615374201644178,51.08309503510155],[13.615341982846465,51.083088628191554]]]}},{"type":"Feature","id":"UUID_5b44ab85-0b11-45fb-ba18-6922fef9e8cc","properties":{"id":"UUID_5b44ab85-0b11-45fb-ba18-6922fef9e8cc","height_m":7.123,"ground_m":219.901,"height_source":"LoD1 solid top minus bottom","production":"2024","laser":"2016","footprints":"2022"},"geometry":{"type":"Polygon","coordinates":[[[13.615487573238125,51.0831426016104],[13.615539520896277,51.083152929249785],[13.615564716247647,51.083102867296105],[13.615512871499503,51.083092441964375],[13.615487573238125,51.0831426016104]]]}},{"type":"Feature","id":"DESNATPU1000EfCp","properties":{"id":"DESNATPU1000EfCp","height_m":6.354,"ground_m":261.932,"height_source":"LoD1 solid top minus bottom","production":"2024","laser":"2016","footprints":"2022"},"geometry":{"type":"Polygon","coordinates":[[[13.607156024588146,51.06709733841754],[13.60720487622866,51.06717211244405],[13.607320095851891,51.06714227989723],[13.607270958704209,51.06706750251698],[13.607156024588146,51.06709733841754]]]}},{"type":"Feature","id":"DESNATPU1000ISgd","properties":{"id":"DESNATPU1000ISgd","height_m":4.805,"ground_m":181.014,"height_source":"LoD1 solid top minus bottom","production":"2024","laser":"2016","footprints":"2022"},"geometry":{"type":"Polygon","coordinates":[[[13.607612093064697,51.076436101059485],[13.607765007898845,51.07651616112544],[13.607812921256622,51.07647986077401],[13.607660009155449,51.0763997108733],[13.607612093064697,51.076436101059485]]]}},{"type":"Feature","id":"DESNATPU1000HGJA","properties":{"id":"DESNATPU1000HGJA","height_m":2.69,"ground_m":241.847,"height_source":"LoD1 solid top minus bottom","production":"2024","laser":"2016","footprints":"2022"},"geometry":{"type":"Polygon","coordinates":[[[13.611126042554647,51.08246603146091],[13.611219744486071,51.08248845801719],[13.611255190466006,51.0824299754772],[13.611161488634501,51.08240754894992],[13.611126042554647,51.08246603146091]]]}},{"type":"Feature","id":"UUID_18c4934d-20a0-4b6b-8613-a58a461967bf","properties":{"id":"UUID_18c4934d-20a0-4b6b-8613-a58a461967bf","height_m":7.085,"ground_m":216.875,"height_source":"LoD1 solid top minus bottom","production":"2024","laser":"2016","footprints":"2022"},"geometry":{"type":"Polygon","coordinates":[[[13.617022320503061,51.08237973459083],[13.617155222099253,51.08237276365682],[13.617144223274204,51.08228962886246],[13.617011236281344,51.0822965987727],[13.617022320503061,51.08237973459083]]]}},{"type":"Feature","id":"UUID_aa79cc6a-087e-47c4-92c4-f8c760b16340","properties":{"id":"UUID_aa79cc6a-087e-47c4-92c4-f8c760b16340","height_m":4.607,"ground_m":216.875,"height_source":"LoD1 solid top minus bottom","production":"2024","laser":"2016","footprints":"2022"},"geometry":{"type":"Polygon","coordinates":[[[13.61721883180365,51.08230606924393],[13.61714690275695,51.082309894637454],[13.617155222099253,51.08237276365682],[13.617155165009983,51.082372762981436],[13.617157157041952,51.082387355082034],[13.617229083527711,51.08238361958068],[13.61721883180365,51.08230606924393]]]}},{"type":"Feature","id":"DESNATPU1000CnxH","properties":{"id":"DESNATPU1000CnxH","height_m":5.977,"ground_m":236.715,"height_source":"LoD1 solid top minus bottom","production":"2024","laser":"2016","footprints":"2022"},"geometry":{"type":"Polygon","coordinates":[[[13.609966433933225,51.080698805999894],[13.610137840120567,51.08072458557014],[13.610180317641557,51.08061249915291],[13.610008626407941,51.08058671625323],[13.609966433933225,51.080698805999894]]]}},{"type":"Feature","id":"UUID_fc94a77e-4f14-4a29-b2f7-544d0bc86d2b","properties":{"id":"UUID_fc94a77e-4f14-4a29-b2f7-544d0bc86d2b","height_m":8.252,"ground_m":241.524,"height_source":"LoD1 solid top minus bottom","production":"2024","laser":"2016","footprints":"2022"},"geometry":{"type":"Polygon","coordinates":[[[13.603529986699735,51.0821501660345],[13.603502435251446,51.082154782989306],[13.603533084797787,51.08222745234648],[13.603560894810066,51.082222784515736],[13.603529986699735,51.0821501660345]]]}},{"type":"Feature","id":"UUID_d77a2070-0443-48d9-bc9e-9bec8a194f29","properties":{"id":"UUID_d77a2070-0443-48d9-bc9e-9bec8a194f29","height_m":8.291,"ground_m":241.524,"height_source":"LoD1 solid top minus bottom","production":"2024","laser":"2016","footprints":"2022"},"geometry":{"type":"Polygon","coordinates":[[[13.603529986699735,51.0821501660345],[13.603560894810066,51.082222784515736],[13.603627119348946,51.082211669015635],[13.603689641603884,51.08220117472938],[13.603678588765346,51.082174693401456],[13.603643806989943,51.08209226235091],[13.60361625558697,51.08209687933294],[13.603581027703008,51.08210276253458],[13.60353833822678,51.08210988753738],[13.60351451922005,51.08211382965118],[13.603529986699735,51.0821501660345]]]}},{"type":"Feature","id":"DESNATPU1000B3jE","properties":{"id":"DESNATPU1000B3jE","height_m":7.043,"ground_m":125.776,"height_source":"LoD1 solid top minus bottom","production":"2024","laser":"2016","footprints":"2022"},"geometry":{"type":"Polygon","coordinates":[[[13.624360649261675,51.08189122112037],[13.62428812657436,51.08190547570254],[13.624326308542908,51.08198184327959],[13.624336241047976,51.08200172660665],[13.62438147861671,51.08199281643049],[13.62440847576079,51.08198755853452],[13.624360649261675,51.08189122112037]]]}},{"type":"Feature","id":"DESNATP1iE0000EV","properties":{"id":"DESNATP1iE0000EV","height_m":16.464,"ground_m":134.016,"height_source":"LoD1 solid top minus bottom","production":"2024","laser":"2016","footprints":"2022"},"geometry":{"type":"Polygon","coordinates":[[[13.6227774770922,51.080619675991876],[13.622748090685333,51.08055685592819],[13.62265332753546,51.08057443561503],[13.622682713557204,51.08063726469122],[13.6227774770922,51.080619675991876]]]}},{"type":"Feature","id":"UUID_16458c87-dabd-473a-a727-d5c915253ff3","properties":{"id":"UUID_16458c87-dabd-473a-a727-d5c915253ff3","height_m":8.164,"ground_m":254.182,"height_source":"LoD1 solid top minus bottom","production":"2024","laser":"2016","footprints":"2022"},"geometry":{"type":"Polygon","coordinates":[[[13.622406738070714,51.068652076050306],[13.622381475710585,51.06858954715729],[13.622378510661056,51.0685822099428],[13.62234040491043,51.068588343620895],[13.622129151793269,51.06862236468373],[13.622157621941815,51.06869221572814],[13.622406738070714,51.068652076050306]]]}},{"type":"Feature","id":"UUID_78cf4e26-a708-42dc-b5c7-9d3185f90fa4","properties":{"id":"UUID_78cf4e26-a708-42dc-b5c7-9d3185f90fa4","height_m":6.679,"ground_m":254.182,"height_source":"LoD1 solid top minus bottom","production":"2024","laser":"2016","footprints":"2022"},"geometry":{"type":"Polygon","coordinates":[[[13.622356998379653,51.068528943006946],[13.622317840422234,51.068535423992714],[13.62234040491043,51.068588343620895],[13.622378510661056,51.0685822099428],[13.622356998379653,51.068528943006946]]]}},{"type":"Feature","id":"UUID_f795feb9-20fd-4d1a-accc-d41da2672325","properties":{"id":"UUID_f795feb9-20fd-4d1a-accc-d41da2672325","height_m":6.625,"ground_m":254.182,"height_source":"LoD1 solid top minus bottom","production":"2024","laser":"2016","footprints":"2022"},"geometry":{"type":"Polygon","coordinates":[[[13.622381475710585,51.06858954715729],[13.622698716823182,51.06853833913818],[13.622674106152953,51.068477886364015],[13.62252022811664,51.068501927611806],[13.622356998379653,51.068528943006946],[13.622381475710585,51.06858954715729]]]}},{"type":"Feature","id":"DESNATPU1000J8Ir","properties":{"id":"DESNATPU1000J8Ir","height_m":6.803,"ground_m":255.947,"height_source":"LoD1 solid top minus bottom","production":"2024","laser":"2016","footprints":"2022"},"geometry":{"type":"Polygon","coordinates":[[[13.607870291816544,51.068296398178816],[13.607724473988222,51.068199515827956],[13.607637417610114,51.06825153716162],[13.607783235415885,51.068348419620115],[13.607870291816544,51.068296398178816]]]}},{"type":"Feature","id":"UUID_50c2ec68-e38a-4526-8d9b-7a7347c0f7fa","properties":{"id":"UUID_50c2ec68-e38a-4526-8d9b-7a7347c0f7fa","height_m":4.128,"ground_m":236.268,"height_source":"LoD1 solid top minus bottom","production":"2024","laser":"2016","footprints":"2022"},"geometry":{"type":"Polygon","coordinates":[[[13.602950723048565,51.083098671400585],[13.603008639288092,51.08309798767141],[13.603015809205885,51.08309790249541],[13.603013218992674,51.08301278940272],[13.602948046236968,51.08301359324268],[13.602950723048565,51.083098671400585]]]}},{"type":"Feature","id":"UUID_f68f9c6b-34ae-4296-a0ee-556c9bf58cb8","properties":{"id":"UUID_f68f9c6b-34ae-4296-a0ee-556c9bf58cb8","height_m":4.819,"ground_m":236.268,"height_source":"LoD1 solid top minus bottom","production":"2024","laser":"2016","footprints":"2022"},"geometry":{"type":"Polygon","coordinates":[[[13.602950723048565,51.083098671400585],[13.602952436970929,51.083153153085206],[13.603010135400062,51.083152592652844],[13.603008639288092,51.08309798767141],[13.602950723048565,51.083098671400585]]]}},{"type":"Feature","id":"DESNATPU1000CcOc","properties":{"id":"DESNATPU1000CcOc","height_m":3.846,"ground_m":238.84,"height_source":"LoD1 solid top minus bottom","production":"2024","laser":"2016","footprints":"2022"},"geometry":{"type":"Polygon","coordinates":[[[13.602444384767505,51.08044786839347],[13.602445014772783,51.080493290257536],[13.60259266219346,51.080492447540614],[13.602592037460898,51.08044684588223],[13.602524063839885,51.08044738217009],[13.602444384767505,51.08044786839347]]]}},{"type":"Feature","id":"UUID_17abb974-3f4a-4040-b622-ad39b384068d","properties":{"id":"UUID_17abb974-3f4a-4040-b622-ad39b384068d","height_m":8.7,"ground_m":251.017,"height_source":"LoD1 solid top minus bottom","production":"2024","laser":"2016","footprints":"2022"},"geometry":{"type":"Polygon","coordinates":[[[13.60865264287161,51.06998691891501],[13.60853967675031,51.06980433921912],[13.608416632133173,51.06983455643997],[13.60853381750358,51.07002397616195],[13.608605412885527,51.07000639295664],[13.608656877089656,51.069993750002105],[13.60865264287161,51.06998691891501]]]}},{"type":"Feature","id":"UUID_e2c5386b-db52-4ca7-bf7c-529f05956451","properties":{"id":"UUID_e2c5386b-db52-4ca7-bf7c-529f05956451","height_m":5.1,"ground_m":251.017,"height_source":"LoD1 solid top minus bottom","production":"2024","laser":"2016","footprints":"2022"},"geometry":{"type":"Polygon","coordinates":[[[13.608641938491678,51.07006542581747],[13.608605412885527,51.07000639295664],[13.60853381750358,51.07002397616195],[13.6085703430316,51.07008300904438],[13.608641938491678,51.07006542581747]]]}},{"type":"Feature","id":"UUID_f3503c7a-2e01-4301-8d31-0bdccbe5b893","properties":{"id":"UUID_f3503c7a-2e01-4301-8d31-0bdccbe5b893","height_m":3.711,"ground_m":251.017,"height_source":"LoD1 solid top minus bottom","production":"2024","laser":"2016","footprints":"2022"},"geometry":{"type":"Polygon","coordinates":[[[13.608599231221346,51.070129702601015],[13.608728287106764,51.070098009955245],[13.60869939880561,51.07005131642941],[13.608641938491678,51.07006542581747],[13.6085703430316,51.07008300904438],[13.608599231221346,51.070129702601015]]]}},{"type":"Feature","id":"DESNATPU1000FIhl","properties":{"id":"DESNATPU1000FIhl","height_m":9.022,"ground_m":221.649,"height_source":"LoD1 solid top minus bottom","production":"2024","laser":"2016","footprints":"2022"},"geometry":{"type":"Polygon","coordinates":[[[13.614521842638093,51.08292449263699],[13.61450928685216,51.08295097186217],[13.614606971244005,51.08296921621946],[13.614600118922732,51.08298352368282],[13.614629367173757,51.08298899629934],[13.614635920609265,51.08297513493815],[13.614682349950712,51.082983778832016],[13.61469498372349,51.08295707568988],[13.614712524189827,51.08292001689104],[13.614539305152775,51.082887657762555],[13.614521842638093,51.08292449263699]]]}},{"type":"Feature","id":"DESNATPU1000F88h","properties":{"id":"DESNATPU1000F88h","height_m":3.238,"ground_m":255.762,"height_source":"LoD1 solid top minus bottom","production":"2024","laser":"2016","footprints":"2022"},"geometry":{"type":"Polygon","coordinates":[[[13.62229719909249,51.06800963333622],[13.622253309658554,51.068016849904986],[13.622207842730052,51.06802431764945],[13.62216365990152,51.06803180051419],[13.622117904916147,51.0680393547573],[13.622074445868405,51.06804649539652],[13.622029552537828,51.0680538709119],[13.621983509480998,51.068061511635634],[13.622092492471776,51.06832314211239],[13.622137100960682,51.0683157542212],[13.622182425506326,51.06830828482493],[13.622212833882092,51.06830324752824],[13.622227033967249,51.068300896899196],[13.622271642414276,51.0682935089563],[13.622316393527557,51.06828612267809],[13.622361432389457,51.06827865883804],[13.62240604106154,51.0682712618537],[13.622450218743484,51.068263958694956],[13.622341091182287,51.06800232685291],[13.62229719909249,51.06800963333622]]]}},{"type":"Feature","id":"DESNATPU1000Cowq","properties":{"id":"DESNATPU1000Cowq","height_m":6.285,"ground_m":230.999,"height_source":"LoD1 solid top minus bottom","production":"2024","laser":"2016","footprints":"2022"},"geometry":{"type":"Polygon","coordinates":[[[13.610410088144219,51.080501020719076],[13.610483713897024,51.08051196805602],[13.61050264711766,51.08046138306754],[13.610429018746741,51.08045052564028],[13.610410088144219,51.080501020719076]]]}},{"type":"Feature","id":"DESNATPU1000D0cq","properties":{"id":"DESNATPU1000D0cq","height_m":5.829,"ground_m":253.203,"height_source":"LoD1 solid top minus bottom","production":"2024","laser":"2016","footprints":"2022"},"geometry":{"type":"Polygon","coordinates":[[[13.620988629821689,51.07069981655492],[13.620845853658365,51.07068671088648],[13.62084618713585,51.07068509609286],[13.620798644445806,51.0706806681276],[13.620730457524674,51.07067446772786],[13.620691918504445,51.070760884699006],[13.620968915354865,51.07078681543343],[13.620988629821689,51.07069981655492]]]}},{"type":"Feature","id":"DESNATPU1000HSpn","properties":{"id":"DESNATPU1000HSpn","height_m":6.626,"ground_m":242.091,"height_source":"LoD1 solid top minus bottom","production":"2024","laser":"2016","footprints":"2022"},"geometry":{"type":"Polygon","coordinates":[[[13.60858588764396,51.08089308479411],[13.608652143906054,51.08089270439435],[13.608651223272265,51.08082821411784],[13.608584967102319,51.08082859451779],[13.60858588764396,51.08089308479411]]]}},{"type":"Feature","id":"DESNATPU1000GbAx","properties":{"id":"DESNATPU1000GbAx","height_m":5.451,"ground_m":129.767,"height_source":"LoD1 solid top minus bottom","production":"2024","laser":"2016","footprints":"2022"},"geometry":{"type":"Polygon","coordinates":[[[13.623253735593462,51.081478192934064],[13.623355426693669,51.08156347441739],[13.623415663222838,51.08153504677021],[13.62340130986096,51.081523186938334],[13.623423172925513,51.08151292270118],[13.623368283150098,51.08146704188426],[13.623347723262357,51.08147669195489],[13.623314844408027,51.08144923603747],[13.623253735593462,51.081478192934064]]]}},{"type":"Feature","id":"DESNATPU1000Flne","properties":{"id":"DESNATPU1000Flne","height_m":3.697,"ground_m":231.838,"height_source":"LoD1 solid top minus bottom","production":"2024","laser":"2016","footprints":"2022"},"geometry":{"type":"Polygon","coordinates":[[[13.610197895701232,51.0800163869068],[13.610285654963741,51.080017790054455],[13.610288119404705,51.079964131554824],[13.610200074812912,51.07996272501601],[13.610197895701232,51.0800163869068]]]}},{"type":"Feature","id":"DESNATP1iE0000D5","properties":{"id":"DESNATP1iE0000D5","height_m":11.245,"ground_m":208.785,"height_source":"LoD1 solid top minus bottom","production":"2024","laser":"2016","footprints":"2022"},"geometry":{"type":"Polygon","coordinates":[[[13.618902886611435,51.08178348109872],[13.618815965328874,51.08178162670752],[13.61881172952392,51.0818600938575],[13.618898650685543,51.08186195724271],[13.618902886611435,51.08178348109872]]]}},{"type":"Feature","id":"DESNATPU1000DMcn","properties":{"id":"DESNATPU1000DMcn","height_m":5.019,"ground_m":186.505,"height_source":"LoD1 solid top minus bottom","production":"2024","laser":"2016","footprints":"2022"},"geometry":{"type":"Polygon","coordinates":[[[13.627373556153689,51.08091278789946],[13.627276070652563,51.08092639147091],[13.627291335581933,51.080970186383205],[13.627388961229899,51.08095667437366],[13.627373556153689,51.08091278789946]]]}},{"type":"Feature","id":"DESNATPU1000Ci4x","properties":{"id":"DESNATPU1000Ci4x","height_m":5.633,"ground_m":159.134,"height_source":"LoD1 solid top minus bottom","production":"2024","laser":"2016","footprints":"2022"},"geometry":{"type":"Polygon","coordinates":[[[13.613371729290161,51.079023311300205],[13.613392607519343,51.07896006888855],[13.613284815844876,51.07894593023516],[13.613284490102982,51.07894727531021],[13.613263937475827,51.079009172626634],[13.613371729290161,51.079023311300205]]]}},{"type":"Feature","id":"UUID_cc95131c-1aa6-41d2-bed7-2eb25169edc2","properties":{"id":"UUID_cc95131c-1aa6-41d2-bed7-2eb25169edc2","height_m":6.314,"ground_m":128.833,"height_source":"LoD1 solid top minus bottom","production":"2024","laser":"2016","footprints":"2022"},"geometry":{"type":"Polygon","coordinates":[[[13.622919659985353,51.0815322619769],[13.622886438548205,51.08149134849533],[13.622885285570097,51.0814917126143],[13.622871594153889,51.08149602978389],[13.62290426790271,51.08153711667568],[13.622919659985353,51.0815322619769]]]}},{"type":"Feature","id":"UUID_7431266b-5345-4d02-bdc6-02594d68f50b","properties":{"id":"UUID_7431266b-5345-4d02-bdc6-02594d68f50b","height_m":8.423,"ground_m":128.833,"height_source":"LoD1 solid top minus bottom","production":"2024","laser":"2016","footprints":"2022"},"geometry":{"type":"Polygon","coordinates":[[[13.622919659985353,51.0815322619769],[13.622980681139992,51.08151299858815],[13.623039281046104,51.08149449802221],[13.622937033002332,51.08136597174279],[13.622815726079303,51.08140426429794],[13.622885285570097,51.0814917126143],[13.622886438548205,51.08149134849533],[13.622919659985353,51.0815322619769]]]}},{"type":"Feature","id":"UUID_ec650c78-8cc8-434f-b5ca-38b704973a18","properties":{"id":"UUID_ec650c78-8cc8-434f-b5ca-38b704973a18","height_m":4.144,"ground_m":238.201,"height_source":"LoD1 solid top minus bottom","production":"2024","laser":"2016","footprints":"2022"},"geometry":{"type":"Polygon","coordinates":[[[13.60178745602604,51.080807670306285],[13.601787856137065,51.08083417727759],[13.601919092124517,51.080833139093],[13.601918870875789,51.08080732671793],[13.60178745602604,51.080807670306285]]]}},{"type":"Feature","id":"UUID_19686e0a-b921-4304-bc17-9c0a22fa6340","properties":{"id":"UUID_19686e0a-b921-4304-bc17-9c0a22fa6340","height_m":4.079,"ground_m":238.201,"height_source":"LoD1 solid top minus bottom","production":"2024","laser":"2016","footprints":"2022"},"geometry":{"type":"Polygon","coordinates":[[[13.601903885714641,51.08073610328],[13.601786369825874,51.080736676061285],[13.60178745602604,51.080807670306285],[13.601904578627545,51.080807362607175],[13.601903885714641,51.08073610328]]]}},{"type":"Feature","id":"UUID_a6c6fb91-954d-4442-9e99-c6ebfa766240","properties":{"id":"UUID_a6c6fb91-954d-4442-9e99-c6ebfa766240","height_m":10.099,"ground_m":238.201,"height_source":"LoD1 solid top minus bottom","production":"2024","laser":"2016","footprints":"2022"},"geometry":{"type":"Polygon","coordinates":[[[13.601918870875789,51.08080732671793],[13.602326936169934,51.08080627147499],[13.602325620180771,51.08068413165986],[13.601903399872398,51.08068591688031],[13.601903885714641,51.08073610328],[13.601904578627545,51.080807362607175],[13.601918870875789,51.08080732671793]]]}},{"type":"Feature","id":"DESNATP1DF0000Bl","properties":{"id":"DESNATP1DF0000Bl","height_m":3.0,"ground_m":132.9,"height_source":"LoD1 solid top minus bottom","production":"2024","laser":"2016","footprints":"2022"},"geometry":{"type":"Polygon","coordinates":[[[13.62192709790493,51.08051766484191],[13.622036458038853,51.08056379281187],[13.622120395694933,51.08048483522817],[13.622011035660664,51.08043870733692],[13.62192709790493,51.08051766484191]]]}},{"type":"Feature","id":"DESNATPU1000DIr7","properties":{"id":"DESNATPU1000DIr7","height_m":4.489,"ground_m":250.836,"height_source":"LoD1 solid top minus bottom","production":"2024","laser":"2016","footprints":"2022"},"geometry":{"type":"Polygon","coordinates":[[[13.621873460990129,51.070228861065324],[13.621882266770722,51.070249558718324],[13.621940948508984,51.07023936916371],[13.622016986023478,51.07022632660367],[13.622013252478544,51.07021746950836],[13.62198280694213,51.070218909144124],[13.621935288302923,51.07022329500063],[13.621873460990129,51.070228861065324]]]}},{"type":"Feature","id":"DESNATP1DF0000B6","properties":{"id":"DESNATP1DF0000B6","height_m":6.476,"ground_m":165.568,"height_source":"LoD1 solid top minus bottom","production":"2024","laser":"2016","footprints":"2022"},"geometry":{"type":"Polygon","coordinates":[[[13.611468649437752,51.07843780698488],[13.61130281519504,51.0784288313724],[13.611292426197059,51.07850498599848],[13.611458260978612,51.078513952637955],[13.611468649437752,51.07843780698488]]]}},{"type":"Feature","id":"DESNATPU1000D0Xw","properties":{"id":"DESNATPU1000D0Xw","height_m":6.906,"ground_m":252.986,"height_source":"LoD1 solid top minus bottom","production":"2024","laser":"2016","footprints":"2022"},"geometry":{"type":"Polygon","coordinates":[[[13.624133980200446,51.069290011494836],[13.624162623108768,51.0693589647693],[13.624293290226593,51.06933748092937],[13.62426408173414,51.06926834117143],[13.624133980200446,51.069290011494836]]]}},{"type":"Feature","id":"UUID_5f3bc7f5-7e1b-4fc0-915a-3e37239fd356","properties":{"id":"UUID_5f3bc7f5-7e1b-4fc0-915a-3e37239fd356","height_m":10.298,"ground_m":255.379,"height_source":"LoD1 solid top minus bottom","production":"2024","laser":"2016","footprints":"2022"},"geometry":{"type":"Polygon","coordinates":[[[13.601540987359495,51.07636994316726],[13.601251047320353,51.07618545485323],[13.601215559133351,51.076207683387416],[13.601506080823661,51.07639181903044],[13.601540856486826,51.07637002253793],[13.601540987359495,51.07636994316726]]]}},{"type":"Feature","id":"UUID_a9ca64b6-bee1-46ec-9b16-d71c5a9f8427","properties":{"id":"UUID_a9ca64b6-bee1-46ec-9b16-d71c5a9f8427","height_m":10.292,"ground_m":255.379,"height_source":"LoD1 solid top minus bottom","production":"2024","laser":"2016","footprints":"2022"},"geometry":{"type":"Polygon","coordinates":[[[13.601540987359495,51.07636994316726],[13.601540856486826,51.07637002253793],[13.60160809405741,51.07641264416932],[13.601652472428816,51.0763848473278],[13.60124526092946,51.076126913484416],[13.601201897754152,51.07615418274506],[13.601251061861758,51.07618544603431],[13.601251047320353,51.07618545485323],[13.601540987359495,51.07636994316726]]]}},{"type":"Feature","id":"UUID_3e36a5b3-b960-4abd-bbb7-a157fdf73dad","properties":{"id":"UUID_3e36a5b3-b960-4abd-bbb7-a157fdf73dad","height_m":3.799,"ground_m":245.964,"height_source":"LoD1 solid top minus bottom","production":"2024","laser":"2016","footprints":"2022"},"geometry":{"type":"Polygon","coordinates":[[[13.609057375067845,51.069351132615644],[13.60894786388173,51.06937608870199],[13.608963598411293,51.06940352460101],[13.609073278448,51.06937865144576],[13.609057490022472,51.069351107004856],[13.609057375067845,51.069351132615644]]]}},{"type":"Feature","id":"UUID_44034bfa-e77a-4def-ad9a-d69ab216b935","properties":{"id":"UUID_44034bfa-e77a-4def-ad9a-d69ab216b935","height_m":3.014,"ground_m":245.964,"height_source":"LoD1 solid top minus bottom","production":"2024","laser":"2016","footprints":"2022"},"geometry":{"type":"Polygon","coordinates":[[[13.609281905975244,51.069465047257424],[13.60934313083634,51.06945102731381],[13.609291869752376,51.06936120734102],[13.609230362324688,51.06937513396573],[13.60928187716918,51.06946505590762],[13.609281905975244,51.069465047257424]]]}},{"type":"Feature","id":"UUID_d9c5f5f1-7a50-41f9-a540-25bcd9adf0e0","properties":{"id":"UUID_d9c5f5f1-7a50-41f9-a540-25bcd9adf0e0","height_m":7.77,"ground_m":245.964,"height_source":"LoD1 solid top minus bottom","production":"2024","laser":"2016","footprints":"2022"},"geometry":{"type":"Polygon","coordinates":[[[13.609057490022472,51.069351107004856],[13.609073249641952,51.06937866009591],[13.60914106874352,51.06949700499354],[13.609201916244631,51.06948319646376],[13.60928187716918,51.06946505590762],[13.609230362324688,51.06937513396573],[13.609175836158071,51.069279969248164],[13.609095862593145,51.06929806461597],[13.609035002115231,51.06931183696384],[13.609057375067845,51.069351132615644],[13.609057490022472,51.069351107004856]]]}},{"type":"Feature","id":"DESNATP1iE0000Ed","properties":{"id":"DESNATP1iE0000Ed","height_m":3.206,"ground_m":145.678,"height_source":"LoD1 solid top minus bottom","production":"2024","laser":"2016","footprints":"2022"},"geometry":{"type":"Polygon","coordinates":[[[13.617947010797094,51.080322433900314],[13.61786261353469,51.080306399810226],[13.617834007384307,51.08036613429283],[13.61791841901643,51.080382168572946],[13.617947010797094,51.080322433900314]]]}},{"type":"Feature","id":"DESNATPU1000Dtwm","properties":{"id":"DESNATPU1000Dtwm","height_m":6.517,"ground_m":218.305,"height_source":"LoD1 solid top minus bottom","production":"2024","laser":"2016","footprints":"2022"},"geometry":{"type":"Polygon","coordinates":[[[13.606311852047469,51.08007482169862],[13.606157062375713,51.08009959507555],[13.60618338763098,51.08016328220069],[13.60633817480121,51.08013859868784],[13.606311852047469,51.08007482169862]]]}},{"type":"Feature","id":"DESNATPU1000GVvj","properties":{"id":"DESNATPU1000GVvj","height_m":2.586,"ground_m":138.675,"height_source":"LoD1 solid top minus bottom","production":"2024","laser":"2016","footprints":"2022"},"geometry":{"type":"Polygon","coordinates":[[[13.629112464384376,51.083212358897114],[13.629203744864958,51.08318663051295],[13.629174688019646,51.08314564179527],[13.629083552988437,51.08317128193338],[13.629112464384376,51.083212358897114]]]}},{"type":"Feature","id":"DESNATPU1000Cl1J","properties":{"id":"DESNATPU1000Cl1J","height_m":2.971,"ground_m":243.229,"height_source":"LoD1 solid top minus bottom","production":"2024","laser":"2016","footprints":"2022"},"geometry":{"type":"Polygon","coordinates":[[[13.609925244894661,51.08197297402505],[13.609914803448175,51.08203553056569],[13.609985765687146,51.08204015147873],[13.609996204344725,51.08197768482831],[13.609925244894661,51.08197297402505]]]}},{"type":"Feature","id":"DESNATPU1000EII9","properties":{"id":"DESNATPU1000EII9","height_m":4.545,"ground_m":254.074,"height_source":"LoD1 solid top minus bottom","production":"2024","laser":"2016","footprints":"2022"},"geometry":{"type":"Polygon","coordinates":[[[13.624763867559901,51.06859156913484],[13.624757183813477,51.0685762924282],[13.62475117617272,51.06856228268765],[13.624745160541686,51.06854854264082],[13.624738880868973,51.06853408005181],[13.624733005261481,51.06852043158124],[13.624727134986651,51.06850660331433],[13.62472099267663,51.06849232219928],[13.624714974398575,51.06847867204889],[13.624708697409009,51.06846411956024],[13.624702819154203,51.068450560986136],[13.624696666200006,51.06843663946184],[13.624690801275568,51.068422631397056],[13.624689726447436,51.06842037051529],[13.62468330146325,51.06840599614234],[13.624677296530656,51.068391896499925],[13.624671288936899,51.06837788675521],[13.624664863964073,51.068363512381225],[13.624659131079545,51.06834986558584],[13.624653135099765,51.068335945906085],[13.624647245273499,51.06832229726324],[13.6246409576663,51.06830810436294],[13.624635084779834,51.06829436598936],[13.624629475938868,51.068281350157584],[13.623925790039094,51.0684025656399],[13.623866685672832,51.068412661277655],[13.623873217486349,51.068427756389326],[13.623913973839713,51.06852185272747],[13.623915029968654,51.06852474290194],[13.623920385269047,51.06853667663063],[13.623920910667657,51.06853821161581],[13.623922780224374,51.06854255023715],[13.623851050419688,51.06855483538325],[13.623782475561045,51.06856661805821],[13.623707157322059,51.06857958029798],[13.623636719536268,51.06859161073889],[13.6236890825648,51.068712552858095],[13.623789816936698,51.06894467764304],[13.623812198027826,51.068940804421395],[13.62393256167204,51.06892018889142],[13.624034996632636,51.0689025096991],[13.62407516890957,51.068895518488524],[13.624098554060806,51.06889147717353],[13.624129107969601,51.06888635116177],[13.62417243788521,51.06887876758348],[13.624741702173914,51.06878078949398],[13.624738234929186,51.0687725651243],[13.624724474003324,51.06874083799752],[13.624706841799345,51.06870007237965],[13.624684664901281,51.06864891140405],[13.624666890084479,51.068608144101105],[13.624763867559901,51.06859156913484]]]}}]}