{"type":"FeatureCollection","features":[{"type":"Feature","id":"DESNATP1CG00006H","properties":{"id":"DESNATP1CG00006H","height_m":2.809,"ground_m":303.74,"height_source":"LoD1 solid top minus bottom","production":"2024","laser":"2016","footprints":"2022"},"geometry":{"type":"Polygon","coordinates":[[[13.608356675894662,51.035515381863135],[13.608276732027191,51.03550728927568],[13.608255748646682,51.03557783222833],[13.60835159028424,51.03559087146708],[13.608367779599137,51.0355541839959],[13.60834238640011,51.03555149842195],[13.608356675894662,51.035515381863135]]]}},{"type":"Feature","id":"UUID_b8ac54fb-4947-488e-9990-30bafcd8fb40","properties":{"id":"UUID_b8ac54fb-4947-488e-9990-30bafcd8fb40","height_m":7.839,"ground_m":273.223,"height_source":"LoD1 solid top minus bottom","production":"2024","laser":"2016","footprints":"2022"},"geometry":{"type":"Polygon","coordinates":[[[13.611781913199243,51.04316068743485],[13.611659909171024,51.04313754690545],[13.61160420938782,51.04325424356912],[13.611727302058611,51.043277720835945],[13.611781913199243,51.04316068743485]]]}},{"type":"Feature","id":"UUID_72685c52-6f16-4313-880d-2e1a1e5d2433","properties":{"id":"UUID_72685c52-6f16-4313-880d-2e1a1e5d2433","height_m":8.877,"ground_m":273.223,"height_source":"LoD1 solid top minus bottom","production":"2024","laser":"2016","footprints":"2022"},"geometry":{"type":"Polygon","coordinates":[[[13.612003214429702,51.04313479050453],[13.611899750113997,51.043115161870055],[13.611811009521656,51.043098334007674],[13.611781331754438,51.04316057261157],[13.611781913199243,51.04316068743485],[13.611727302058611,51.043277720835945],[13.61172789776501,51.04327783582891],[13.61169974523233,51.04333676512748],[13.611754497017436,51.043347217946895],[13.611787277874008,51.04335345282008],[13.611889534843122,51.04337292332177],[13.61199819419151,51.04314525266518],[13.612003214429702,51.04313479050453]]]}},{"type":"Feature","id":"DESNATPU1000Cp4L","properties":{"id":"DESNATPU1000Cp4L","height_m":8.969,"ground_m":285.327,"height_source":"LoD1 solid top minus bottom","production":"2024","laser":"2016","footprints":"2022"},"geometry":{"type":"Polygon","coordinates":[[[13.626050550107754,51.04339900253721],[13.626044133584154,51.04347123058973],[13.626135904164837,51.04347455780907],[13.626184497610025,51.043476298195046],[13.626191056520256,51.04340407180971],[13.626050550107754,51.04339900253721]]]}},{"type":"Feature","id":"UUID_1b1677cf-8fea-4213-a5e9-f6e97d99fa17","properties":{"id":"UUID_1b1677cf-8fea-4213-a5e9-f6e97d99fa17","height_m":4.149,"ground_m":276.785,"height_source":"LoD1 solid top minus bottom","production":"2024","laser":"2016","footprints":"2022"},"geometry":{"type":"Polygon","coordinates":[[[13.603092134427982,51.04386441372449],[13.603127734755104,51.04386178167497],[13.603121401353087,51.04382335086506],[13.603111319389004,51.043824174609504],[13.603084724765845,51.04382619487142],[13.603092134427982,51.04386441372449]]]}},{"type":"Feature","id":"UUID_65a9d47c-36be-4027-8214-c241ec74aad6","properties":{"id":"UUID_65a9d47c-36be-4027-8214-c241ec74aad6","height_m":6.788,"ground_m":276.785,"height_source":"LoD1 solid top minus bottom","production":"2024","laser":"2016","footprints":"2022"},"geometry":{"type":"Polygon","coordinates":[[[13.603127734755104,51.04386178167497],[13.603132439110853,51.043890345687295],[13.603210701400679,51.04388507603184],[13.603274240309709,51.04388079943077],[13.603292539589503,51.04387948934529],[13.603287450585029,51.043849481863894],[13.603269291217053,51.04385088355076],[13.603261744214695,51.04381248320807],[13.603239435830362,51.04381428494762],[13.603198942541171,51.043817389130666],[13.603125762938689,51.04382299831849],[13.603121401353087,51.04382335086506],[13.603127734755104,51.04386178167497]]]}},{"type":"Feature","id":"DESNATPU1000Hwpq","properties":{"id":"DESNATPU1000Hwpq","height_m":2.556,"ground_m":293.482,"height_source":"LoD1 solid top minus bottom","production":"2024","laser":"2016","footprints":"2022"},"geometry":{"type":"Polygon","coordinates":[[[13.618234133895847,51.043021643832596],[13.618277035382706,51.04297493797912],[13.618203090236593,51.042947894040644],[13.618160046099202,51.042994598180485],[13.618234133895847,51.043021643832596]]]}},{"type":"Feature","id":"DESNATPU1000I4nP","properties":{"id":"DESNATPU1000I4nP","height_m":7.871,"ground_m":282.053,"height_source":"LoD1 solid top minus bottom","production":"2024","laser":"2016","footprints":"2022"},"geometry":{"type":"Polygon","coordinates":[[[13.622970324372758,51.044962316855376],[13.622914080068874,51.04497029631123],[13.622923033665103,51.044995492216266],[13.622905124942063,51.04499806899458],[13.62291290169691,51.04501965384294],[13.62292637356282,51.04501756435672],[13.622935216556147,51.045041679800526],[13.62299554528604,51.045033073990986],[13.623042378408229,51.04502639549821],[13.623017084789703,51.04495568248106],[13.622970324372758,51.044962316855376]]]}},{"type":"Feature","id":"DESNATPU1000C0CD","properties":{"id":"DESNATPU1000C0CD","height_m":5.176,"ground_m":297.755,"height_source":"LoD1 solid top minus bottom","production":"2024","laser":"2016","footprints":"2022"},"geometry":{"type":"Polygon","coordinates":[[[13.624691465490669,51.04072154394707],[13.624730329528708,51.04084943183721],[13.624884079201124,51.04083091711855],[13.624845217414991,51.04070293937757],[13.624691465490669,51.04072154394707]]]}},{"type":"Feature","id":"DESNATPU1000BBFI","properties":{"id":"DESNATPU1000BBFI","height_m":2.626,"ground_m":303.623,"height_source":"LoD1 solid top minus bottom","production":"2024","laser":"2016","footprints":"2022"},"geometry":{"type":"Polygon","coordinates":[[[13.608039421435072,51.03630135001848],[13.60791288283146,51.036283115584546],[13.607889881461734,51.03634624218143],[13.608016562808555,51.03636447833987],[13.608039421435072,51.03630135001848]]]}},{"type":"Feature","id":"UUID_ec617306-73bf-494a-91ab-6852cb4ec5b8","properties":{"id":"UUID_ec617306-73bf-494a-91ab-6852cb4ec5b8","height_m":2.88,"ground_m":285.138,"height_source":"LoD1 solid top minus bottom","production":"2024","laser":"2016","footprints":"2022"},"geometry":{"type":"Polygon","coordinates":[[[13.62259982330495,51.04452282532519],[13.622597367720683,51.04446565502851],[13.622460112844593,51.044468218838915],[13.622465447692766,51.04451777006034],[13.62250238319701,51.04451915871495],[13.62259982330495,51.04452282532519]]]}},{"type":"Feature","id":"UUID_3f4d91fa-d30c-44f7-94dd-cc888abef983","properties":{"id":"UUID_3f4d91fa-d30c-44f7-94dd-cc888abef983","height_m":3.0,"ground_m":285.138,"height_source":"LoD1 solid top minus bottom","production":"2024","laser":"2016","footprints":"2022"},"geometry":{"type":"Polygon","coordinates":[[[13.622501401906133,51.044527231830585],[13.622600069944054,51.044528457833614],[13.62259982330495,51.04452282532519],[13.62250238319701,51.04451915871495],[13.622501401906133,51.044527231830585]]]}},{"type":"Feature","id":"DESNATP1CG00005X","properties":{"id":"DESNATP1CG00005X","height_m":2.819,"ground_m":284.494,"height_source":"LoD1 solid top minus bottom","production":"2024","laser":"2016","footprints":"2022"},"geometry":{"type":"Polygon","coordinates":[[[13.622999153018416,51.04451787313196],[13.622998691047782,51.04445695828206],[13.622901248885457,51.04445913741236],[13.622904048430312,51.04451722903787],[13.622999153018416,51.04451787313196]]]}},{"type":"Feature","id":"DESNATPU1000Hm1j","properties":{"id":"DESNATPU1000Hm1j","height_m":3.227,"ground_m":280.189,"height_source":"LoD1 solid top minus bottom","production":"2024","laser":"2016","footprints":"2022"},"geometry":{"type":"Polygon","coordinates":[[[13.624259822580191,51.045457981502516],[13.62422176933482,51.04537246899281],[13.624136344960322,51.04538931429492],[13.62417631594023,51.045473653346235],[13.624259822580191,51.045457981502516]]]}},{"type":"Feature","id":"UUID_640ccc6e-807c-48c2-b458-7c9b3b7e518c","properties":{"id":"UUID_640ccc6e-807c-48c2-b458-7c9b3b7e518c","height_m":6.97,"ground_m":296.303,"height_source":"LoD1 solid top minus bottom","production":"2024","laser":"2016","footprints":"2022"},"geometry":{"type":"Polygon","coordinates":[[[13.625096743798434,51.04147246042709],[13.625099088857638,51.04145588698578],[13.62504525498697,51.04145295136299],[13.62504525445468,51.041452969342686],[13.625043053571263,51.04146949052158],[13.625096743798434,51.04147246042709]]]}},{"type":"Feature","id":"UUID_4f77e4e4-1027-42a4-97e6-6d1ae7c73a78","properties":{"id":"UUID_4f77e4e4-1027-42a4-97e6-6d1ae7c73a78","height_m":8.909,"ground_m":296.303,"height_source":"LoD1 solid top minus bottom","production":"2024","laser":"2016","footprints":"2022"},"geometry":{"type":"Polygon","coordinates":[[[13.625099089922179,51.041455851026406],[13.625159189059886,51.04145916609951],[13.625162098676823,51.04143797690974],[13.625169867030005,51.04138276150655],[13.625013782259668,51.04137409034287],[13.625003526505857,51.041450679750355],[13.62504525498697,51.04145295136299],[13.625099088857638,51.04145588698578],[13.625099089922179,51.041455851026406]]]}},{"type":"Feature","id":"DESNATPU1000HfeA","properties":{"id":"DESNATPU1000HfeA","height_m":3.11,"ground_m":290.532,"height_source":"LoD1 solid top minus bottom","production":"2024","laser":"2016","footprints":"2022"},"geometry":{"type":"Polygon","coordinates":[[[13.617844765373373,51.0435215181845],[13.617862034577339,51.04357397164638],[13.617985340959466,51.04355780378116],[13.617968214225282,51.04350535202288],[13.617844765373373,51.0435215181845]]]}},{"type":"Feature","id":"DESNATPU1000FlGJ","properties":{"id":"DESNATPU1000FlGJ","height_m":9.743,"ground_m":303.939,"height_source":"LoD1 solid top minus bottom","production":"2024","laser":"2016","footprints":"2022"},"geometry":{"type":"Polygon","coordinates":[[[13.608907710348035,51.03509340898547],[13.609066535758997,51.0351193110257],[13.609111320427965,51.03500976983338],[13.608952489980217,51.03498404765212],[13.608907710348035,51.03509340898547]]]}},{"type":"Feature","id":"DESNATPU1000I92A","properties":{"id":"DESNATPU1000I92A","height_m":2.431,"ground_m":281.036,"height_source":"LoD1 solid top minus bottom","production":"2024","laser":"2016","footprints":"2022"},"geometry":{"type":"Polygon","coordinates":[[[13.619588111812106,51.04534563062571],[13.619606058289273,51.04539458454399],[13.619704202850217,51.04538036586492],[13.619709991341216,51.045396801450586],[13.619767878198777,51.0453883123487],[13.619744918548625,51.04532562992207],[13.619588111812106,51.04534563062571]]]}},{"type":"Feature","id":"UUID_884eeb9c-471a-4e1e-8f87-cd3a5fa64084","properties":{"id":"UUID_884eeb9c-471a-4e1e-8f87-cd3a5fa64084","height_m":3.916,"ground_m":290.958,"height_source":"LoD1 solid top minus bottom","production":"2024","laser":"2016","footprints":"2022"},"geometry":{"type":"Polygon","coordinates":[[[13.630023793378443,51.04255561681985],[13.630006930474599,51.04254696573043],[13.629976430272867,51.04257070930647],[13.629993278919317,51.042579360233105],[13.630023793378443,51.04255561681985]]]}},{"type":"Feature","id":"UUID_00b1ed98-cf3c-42cd-9a77-89f161440c10","properties":{"id":"UUID_00b1ed98-cf3c-42cd-9a77-89f161440c10","height_m":8.871,"ground_m":290.958,"height_source":"LoD1 solid top minus bottom","production":"2024","laser":"2016","footprints":"2022"},"geometry":{"type":"Polygon","coordinates":[[[13.629962526661075,51.042456425503254],[13.629924465443427,51.0424864744204],[13.629966571150202,51.04250791271287],[13.630021297404793,51.04253577604409],[13.63008226836917,51.04248831549452],[13.629985310811609,51.04243843689826],[13.629962526661075,51.042456425503254]]]}},{"type":"Feature","id":"UUID_b303ed71-8f31-4307-a21a-ad3ae2dcfc2d","properties":{"id":"UUID_b303ed71-8f31-4307-a21a-ad3ae2dcfc2d","height_m":7.475,"ground_m":290.958,"height_source":"LoD1 solid top minus bottom","production":"2024","laser":"2016","footprints":"2022"},"geometry":{"type":"Polygon","coordinates":[[[13.629905998410546,51.042477076077766],[13.629924465443427,51.0424864744204],[13.629962526661075,51.042456425503254],[13.62994439895788,51.04244713006769],[13.629905998410546,51.042477076077766]]]}},{"type":"Feature","id":"UUID_19e37084-efa6-453d-8b2d-cc744cf2bfbe","properties":{"id":"UUID_19e37084-efa6-453d-8b2d-cc744cf2bfbe","height_m":3.848,"ground_m":290.958,"height_source":"LoD1 solid top minus bottom","production":"2024","laser":"2016","footprints":"2022"},"geometry":{"type":"Polygon","coordinates":[[[13.629921892834577,51.04254273125962],[13.629976430272867,51.04257070930647],[13.630006930474599,51.04254696573043],[13.630021297404793,51.04253577604409],[13.629966571150202,51.04250791271287],[13.629921892834577,51.04254273125962]]]}},{"type":"Feature","id":"DESNATP1h60000Km","properties":{"id":"DESNATP1h60000Km","height_m":7.284,"ground_m":289.944,"height_source":"LoD1 solid top minus bottom","production":"2024","laser":"2016","footprints":"2022"},"geometry":{"type":"Polygon","coordinates":[[[13.622743637024557,51.04301721696311],[13.622724192105776,51.04294944154511],[13.62256568260971,51.042967528628296],[13.622585013221626,51.043035302726],[13.622743637024557,51.04301721696311]]]}},{"type":"Feature","id":"DESNATPU1000BMQC","properties":{"id":"DESNATPU1000BMQC","height_m":8.003,"ground_m":284.583,"height_source":"LoD1 solid top minus bottom","production":"2024","laser":"2016","footprints":"2022"},"geometry":{"type":"Polygon","coordinates":[[[13.623341271435939,51.04404392753138],[13.623233372201286,51.04404085774719],[13.623228141361398,51.044116247165746],[13.623467026377144,51.04412319817629],[13.623468191308438,51.04405646605164],[13.62334054220703,51.04405408999336],[13.623341271435939,51.04404392753138]]]}},{"type":"Feature","id":"UUID_9e2ae2d9-05de-4e9d-86be-7057cace9961","properties":{"id":"UUID_9e2ae2d9-05de-4e9d-86be-7057cace9961","height_m":6.751,"ground_m":297.961,"height_source":"LoD1 solid top minus bottom","production":"2024","laser":"2016","footprints":"2022"},"geometry":{"type":"Polygon","coordinates":[[[13.628430660018799,51.03871581368179],[13.62843228536241,51.03869506797528],[13.628435012442567,51.03866019824034],[13.62838983545967,51.03865885859085],[13.628390049726582,51.03865643300206],[13.628354568834554,51.03865520715182],[13.62835487336602,51.03864972501037],[13.628304861628632,51.038647878926895],[13.628304549126634,51.03865363076402],[13.6282616562415,51.038652227947665],[13.628258608042273,51.03868975583077],[13.628256944888934,51.03871033022475],[13.62838534304705,51.038714382457876],[13.628430660018799,51.03871581368179]]]}},{"type":"Feature","id":"UUID_39426b3d-7cb3-4d0d-bb49-77ed79d2d7f7","properties":{"id":"UUID_39426b3d-7cb3-4d0d-bb49-77ed79d2d7f7","height_m":5.731,"ground_m":297.961,"height_source":"LoD1 solid top minus bottom","production":"2024","laser":"2016","footprints":"2022"},"geometry":{"type":"Polygon","coordinates":[[[13.628256496959212,51.038715837661506],[13.628255129008949,51.03873317804902],[13.628383517407457,51.03873756290947],[13.62838534304705,51.038714382457876],[13.628256944888934,51.03871033022475],[13.628256496959212,51.038715837661506]]]}},{"type":"Feature","id":"DESNATPU1000Cr7E","properties":{"id":"DESNATPU1000Cr7E","height_m":2.847,"ground_m":282.643,"height_source":"LoD1 solid top minus bottom","production":"2024","laser":"2016","footprints":"2022"},"geometry":{"type":"Polygon","coordinates":[[[13.622621279663791,51.0450345445711],[13.622632089504217,51.0450789174094],[13.622730669640237,51.045069197813795],[13.622719859707514,51.04502482498383],[13.622621279663791,51.0450345445711]]]}},{"type":"Feature","id":"DESNATPU1000CzGi","properties":{"id":"DESNATPU1000CzGi","height_m":3.247,"ground_m":291.891,"height_source":"LoD1 solid top minus bottom","production":"2024","laser":"2016","footprints":"2022"},"geometry":{"type":"Polygon","coordinates":[[[13.62055038500043,51.04348449454328],[13.620530183755514,51.04344036135294],[13.620472960248861,51.04345109790707],[13.620519393648776,51.04353659371837],[13.620569501902471,51.04352719403919],[13.62055038500043,51.04348449454328]]]}},{"type":"Feature","id":"DESNATP1h60000Kg","properties":{"id":"DESNATP1h60000Kg","height_m":7.153,"ground_m":293.361,"height_source":"LoD1 solid top minus bottom","production":"2024","laser":"2016","footprints":"2022"},"geometry":{"type":"Polygon","coordinates":[[[13.620453147630817,51.04228169601365],[13.620428468505159,51.04220248227942],[13.620261796525178,51.04222312279496],[13.620286475376135,51.04230233656201],[13.620453147630817,51.04228169601365]]]}},{"type":"Feature","id":"DESNATPU1000Hchq","properties":{"id":"DESNATPU1000Hchq","height_m":2.726,"ground_m":283.124,"height_source":"LoD1 solid top minus bottom","production":"2024","laser":"2016","footprints":"2022"},"geometry":{"type":"Polygon","coordinates":[[[13.62169639390226,51.04540612851959],[13.621560192887745,51.04542403673248],[13.62157457772007,51.045468092120935],[13.62171091880058,51.04545027547267],[13.62169639390226,51.04540612851959]]]}},{"type":"Feature","id":"DESNATPU1000BbwO","properties":{"id":"DESNATPU1000BbwO","height_m":4.163,"ground_m":288.745,"height_source":"LoD1 solid top minus bottom","production":"2024","laser":"2016","footprints":"2022"},"geometry":{"type":"Polygon","coordinates":[[[13.61196497373091,51.04094436449839],[13.61224551386475,51.04102224840905],[13.612350271158675,51.040872410291975],[13.612069303959178,51.04079452155551],[13.61196497373091,51.04094436449839]]]}},{"type":"Feature","id":"DESNATPU1000EwT1","properties":{"id":"DESNATPU1000EwT1","height_m":5.827,"ground_m":291.055,"height_source":"LoD1 solid top minus bottom","production":"2024","laser":"2016","footprints":"2022"},"geometry":{"type":"Polygon","coordinates":[[[13.625078302410255,51.042235117531405],[13.625082408157215,51.042318081065666],[13.62522214183226,51.042315408468006],[13.625218321036295,51.04223244829205],[13.625078302410255,51.042235117531405]]]}},{"type":"Feature","id":"UUID_c6a3b54e-bb1f-471e-8f80-2cede5220b94","properties":{"id":"UUID_c6a3b54e-bb1f-471e-8f80-2cede5220b94","height_m":8.942,"ground_m":286.951,"height_source":"LoD1 solid top minus bottom","production":"2024","laser":"2016","footprints":"2022"},"geometry":{"type":"Polygon","coordinates":[[[13.630467566019417,51.042914062496095],[13.630459556966128,51.04290992179429],[13.630422323693336,51.0429389823555],[13.630438487058488,51.042947175536355],[13.630414683398788,51.04296587171713],[13.630455022396468,51.04298629090316],[13.630511243866918,51.043014756066135],[13.63058612477684,51.04295612713254],[13.630535035373377,51.04293068083657],[13.630534539920141,51.042931034748975],[13.630488863950218,51.04290777421492],[13.630488737463551,51.04290770978175],[13.630480853040321,51.04290369644362],[13.630467566019417,51.042914062496095]]]}},{"type":"Feature","id":"UUID_03ee8284-8978-4e86-b628-3a823f2b3045","properties":{"id":"UUID_03ee8284-8978-4e86-b628-3a823f2b3045","height_m":4.156,"ground_m":286.951,"height_source":"LoD1 solid top minus bottom","production":"2024","laser":"2016","footprints":"2022"},"geometry":{"type":"Polygon","coordinates":[[[13.630640600832272,51.04294315915561],[13.630567243747228,51.04290560818904],[13.63053789135947,51.0429286459238],[13.630535035373377,51.04293068083657],[13.630586110516555,51.04295612696543],[13.630586154092667,51.042956100497186],[13.630609349555117,51.04296770346094],[13.630640600832272,51.04294315915561]]]}},{"type":"Feature","id":"UUID_0dc9cb0a-b550-4f38-a2e0-3332bd09d96c","properties":{"id":"UUID_0dc9cb0a-b550-4f38-a2e0-3332bd09d96c","height_m":3.919,"ground_m":291.016,"height_source":"LoD1 solid top minus bottom","production":"2024","laser":"2016","footprints":"2022"},"geometry":{"type":"Polygon","coordinates":[[[13.63023646958027,51.04229983187633],[13.630289591052357,51.04232696582731],[13.630320252566348,51.04230306218716],[13.630334050210804,51.04229230644536],[13.63028099952167,51.04226519133],[13.63023646958027,51.04229983187633]]]}},{"type":"Feature","id":"UUID_86828df5-6c3a-4f78-a824-e027e93252e3","properties":{"id":"UUID_86828df5-6c3a-4f78-a824-e027e93252e3","height_m":7.585,"ground_m":291.016,"height_source":"LoD1 solid top minus bottom","production":"2024","laser":"2016","footprints":"2022"},"geometry":{"type":"Polygon","coordinates":[[[13.630220852033817,51.04223444977081],[13.630238137364653,51.04224328564116],[13.630273471304474,51.042215731678915],[13.630256183325525,51.04220698571242],[13.630220852033817,51.04223444977081]]]}},{"type":"Feature","id":"UUID_ce81138a-94b2-4a0d-bf0a-4783b5bd4ebc","properties":{"id":"UUID_ce81138a-94b2-4a0d-bf0a-4783b5bd4ebc","height_m":8.899,"ground_m":291.016,"height_source":"LoD1 solid top minus bottom","production":"2024","laser":"2016","footprints":"2022"},"geometry":{"type":"Polygon","coordinates":[[[13.630334050210804,51.04229230644536],[13.630395592318665,51.04224432184216],[13.630299606613649,51.0421953541918],[13.630238137364653,51.04224328564116],[13.630334050210804,51.04229230644536]]]}},{"type":"Feature","id":"UUID_c395cb94-f75c-4812-96c0-19cc2235f00e","properties":{"id":"UUID_c395cb94-f75c-4812-96c0-19cc2235f00e","height_m":3.899,"ground_m":291.016,"height_source":"LoD1 solid top minus bottom","production":"2024","laser":"2016","footprints":"2022"},"geometry":{"type":"Polygon","coordinates":[[[13.630337960441588,51.04231208285461],[13.630320252566348,51.04230306218716],[13.630289591052357,51.04232696582731],[13.630307298400306,51.042336004479104],[13.630337960441588,51.04231208285461]]]}},{"type":"Feature","id":"DESNATP1h60000Ko","properties":{"id":"DESNATP1h60000Ko","height_m":7.44,"ground_m":289.434,"height_source":"LoD1 solid top minus bottom","production":"2024","laser":"2016","footprints":"2022"},"geometry":{"type":"Polygon","coordinates":[[[13.622282232312102,51.04317959584821],[13.622382848259852,51.04316795807863],[13.622354096057904,51.043068192775635],[13.622253440739673,51.04307972213992],[13.622282232312102,51.04317959584821]]]}},{"type":"Feature","id":"DESNATPU1000BBGN","properties":{"id":"DESNATPU1000BBGN","height_m":7.681,"ground_m":280.129,"height_source":"LoD1 solid top minus bottom","production":"2024","laser":"2016","footprints":"2022"},"geometry":{"type":"Polygon","coordinates":[[[13.603715369564622,51.04695674461799],[13.603864290498812,51.04695744475482],[13.603865088141307,51.04686923310513],[13.603716162083467,51.046868712766646],[13.603715369564622,51.04695674461799]]]}},{"type":"Feature","id":"DESNATP1h60000LN","properties":{"id":"DESNATP1h60000LN","height_m":2.708,"ground_m":304.14,"height_source":"LoD1 solid top minus bottom","production":"2024","laser":"2016","footprints":"2022"},"geometry":{"type":"Polygon","coordinates":[[[13.608092809334867,51.03575249587916],[13.608071986105934,51.03581768087885],[13.608157836656448,51.035828586825936],[13.608178659770395,51.03576340181016],[13.608092809334867,51.03575249587916]]]}},{"type":"Feature","id":"DESNATP1h60000Kk","properties":{"id":"DESNATP1h60000Kk","height_m":7.412,"ground_m":289.434,"height_source":"LoD1 solid top minus bottom","production":"2024","laser":"2016","footprints":"2022"},"geometry":{"type":"Polygon","coordinates":[[[13.622253440739673,51.04307972213992],[13.622145929096488,51.043092033899754],[13.62217472017758,51.04319191662245],[13.622282232312102,51.04317959584821],[13.622253440739673,51.04307972213992]]]}},{"type":"Feature","id":"DESNATP1h60000Kq","properties":{"id":"DESNATP1h60000Kq","height_m":2.82,"ground_m":291.622,"height_source":"LoD1 solid top minus bottom","production":"2024","laser":"2016","footprints":"2022"},"geometry":{"type":"Polygon","coordinates":[[[13.622068486747006,51.04302171295451],[13.622046640924323,51.042931039970796],[13.621961677151212,51.04294258324991],[13.621987051008306,51.04303117551202],[13.622068486747006,51.04302171295451]]]}},{"type":"Feature","id":"DESNATP1h60000JQ","properties":{"id":"DESNATP1h60000JQ","height_m":2.743,"ground_m":277.734,"height_source":"LoD1 solid top minus bottom","production":"2024","laser":"2016","footprints":"2022"},"geometry":{"type":"Polygon","coordinates":[[[13.603690092016388,51.04412997382036],[13.60368647893514,51.04418703612634],[13.603767460668221,51.04418907391894],[13.60377105938973,51.044132011439316],[13.603690092016388,51.04412997382036]]]}},{"type":"Feature","id":"UUID_33d4b835-8507-4ed9-9f03-ff54a3303f96","properties":{"id":"UUID_33d4b835-8507-4ed9-9f03-ff54a3303f96","height_m":8.798,"ground_m":280.895,"height_source":"LoD1 solid top minus bottom","production":"2024","laser":"2016","footprints":"2022"},"geometry":{"type":"Polygon","coordinates":[[[13.625912104208386,51.044307823103274],[13.62583009979026,51.04398886733903],[13.625736960883538,51.0439984826639],[13.625643220867005,51.04400816278872],[13.625656909979538,51.04406138231924],[13.625656938500722,51.044061382654675],[13.625671846450048,51.04411921192596],[13.62567188949793,51.04411920343927],[13.625740475625335,51.044385392629785],[13.62583407377923,51.04437571075628],[13.62592707081859,51.04436609368342],[13.625923754064415,51.044352835015644],[13.625912104208386,51.044307823103274]]]}},{"type":"Feature","id":"UUID_6f224a2f-4c2c-4e2a-b833-e55f9bee85d2","properties":{"id":"UUID_6f224a2f-4c2c-4e2a-b833-e55f9bee85d2","height_m":8.79,"ground_m":280.895,"height_source":"LoD1 solid top minus bottom","production":"2024","laser":"2016","footprints":"2022"},"geometry":{"type":"Polygon","coordinates":[[[13.625656909979538,51.04406138231924],[13.625635735127622,51.04406347145296],[13.625650711959683,51.044121382473904],[13.625671846450048,51.04411921192596],[13.625656938500722,51.044061382654675],[13.625656909979538,51.04406138231924]]]}},{"type":"Feature","id":"UUID_410e7b29-8201-466d-8b19-688ccd7beea3","properties":{"id":"UUID_410e7b29-8201-466d-8b19-688ccd7beea3","height_m":5.842,"ground_m":296.49,"height_source":"LoD1 solid top minus bottom","production":"2024","laser":"2016","footprints":"2022"},"geometry":{"type":"Polygon","coordinates":[[[13.630136428236552,51.03908226842502],[13.63013722515483,51.03908233172519],[13.63019023332376,51.03882105070774],[13.629874222796776,51.03879614935995],[13.629241519968854,51.03874628213985],[13.629105060581344,51.03947446129435],[13.629049086591333,51.039773162765016],[13.629588421668313,51.03981700786169],[13.629978651979298,51.03984832881889],[13.630042547040373,51.03953573572024],[13.630063050604925,51.03943542564809],[13.630063676683907,51.0394354779529],[13.630136428236552,51.03908226842502]]]}},{"type":"Feature","id":"UUID_6face75f-5848-47f8-bb5a-9535ee4ca568","properties":{"id":"UUID_6face75f-5848-47f8-bb5a-9535ee4ca568","height_m":5.435,"ground_m":296.49,"height_source":"LoD1 solid top minus bottom","production":"2024","laser":"2016","footprints":"2022"},"geometry":{"type":"Polygon","coordinates":[[[13.63015274705622,51.03936372401893],[13.630211803337787,51.039368463154005],[13.630226649457878,51.03929552429968],[13.630237019879958,51.039243756398825],[13.630251358608334,51.039173509484975],[13.63019287293457,51.039168777057746],[13.630192588282465,51.03916875573495],[13.63015267602547,51.039363714193264],[13.63015274705622,51.03936372401893]]]}},{"type":"Feature","id":"UUID_d3c16763-90db-4807-bb07-1a9510856d1c","properties":{"id":"UUID_d3c16763-90db-4807-bb07-1a9510856d1c","height_m":5.022,"ground_m":296.49,"height_source":"LoD1 solid top minus bottom","production":"2024","laser":"2016","footprints":"2022"},"geometry":{"type":"Polygon","coordinates":[[[13.630631100393206,51.03854827210626],[13.63056928153654,51.03884626730948],[13.630657052813776,51.038853348174456],[13.630676920491505,51.038755197845354],[13.630717374460598,51.03855531739691],[13.630631100393206,51.03854827210626]]]}},{"type":"Feature","id":"UUID_a48ae1c6-c009-4f82-8995-10b38d7c78ec","properties":{"id":"UUID_a48ae1c6-c009-4f82-8995-10b38d7c78ec","height_m":5.951,"ground_m":296.49,"height_source":"LoD1 solid top minus bottom","production":"2024","laser":"2016","footprints":"2022"},"geometry":{"type":"Polygon","coordinates":[[[13.630191301528761,51.03881578435321],[13.629875407821812,51.03879030882744],[13.629874222796776,51.03879614935995],[13.63019023332376,51.03882105070774],[13.630191301528761,51.03881578435321]]]}},{"type":"Feature","id":"UUID_f974f759-80c8-4c83-b6c6-bc1c34dda2c7","properties":{"id":"UUID_f974f759-80c8-4c83-b6c6-bc1c34dda2c7","height_m":4.928,"ground_m":296.49,"height_source":"LoD1 solid top minus bottom","production":"2024","laser":"2016","footprints":"2022"},"geometry":{"type":"Polygon","coordinates":[[[13.630763610051247,51.038762194011106],[13.630784401209635,51.03866077204844],[13.630804559007219,51.038562445235975],[13.630717374460598,51.03855531739691],[13.630676920491505,51.038755197845354],[13.630763610051247,51.038762194011106]]]}},{"type":"Feature","id":"UUID_e2b5836b-7653-49fc-ab40-233b73aa9e14","properties":{"id":"UUID_e2b5836b-7653-49fc-ab40-233b73aa9e14","height_m":5.34,"ground_m":296.49,"height_source":"LoD1 solid top minus bottom","production":"2024","laser":"2016","footprints":"2022"},"geometry":{"type":"Polygon","coordinates":[[[13.630651385148452,51.038450486383674],[13.629956444340976,51.03839269926967],[13.629875407821812,51.03879030882744],[13.630191301528761,51.03881578435321],[13.63056928153654,51.03884626730948],[13.630631100393206,51.03854827210626],[13.630651385148452,51.038450486383674]]]}},{"type":"Feature","id":"UUID_406aa60a-c06f-495f-80ea-5da8a54208f2","properties":{"id":"UUID_406aa60a-c06f-495f-80ea-5da8a54208f2","height_m":4.926,"ground_m":296.49,"height_source":"LoD1 solid top minus bottom","production":"2024","laser":"2016","footprints":"2022"},"geometry":{"type":"Polygon","coordinates":[[[13.630827658365668,51.038664336520476],[13.630784401209635,51.03866077204844],[13.630763610051247,51.038762194011106],[13.630807267876811,51.03876571822034],[13.630827658365668,51.038664336520476]]]}},{"type":"Feature","id":"UUID_42b441a5-e899-44ab-8460-25ae81f32d41","properties":{"id":"UUID_42b441a5-e899-44ab-8460-25ae81f32d41","height_m":7.346,"ground_m":296.49,"height_source":"LoD1 solid top minus bottom","production":"2024","laser":"2016","footprints":"2022"},"geometry":{"type":"Polygon","coordinates":[[[13.630063676683907,51.0394354779529],[13.630100219535851,51.03943844238219],[13.630136762127536,51.039441415789945],[13.63015274705622,51.03936372401893],[13.63015267602547,51.039363714193264],[13.630192588282465,51.03916875573495],[13.63019287293457,51.039168777057746],[13.630209085097503,51.039088210188055],[13.630172756664598,51.039085239312165],[13.63013722515483,51.03908233172519],[13.630136428236552,51.03908226842502],[13.630063676683907,51.0394354779529]]]}},{"type":"Feature","id":"UUID_f37e5766-8aa4-4336-9473-69a83cd3321e","properties":{"id":"UUID_f37e5766-8aa4-4336-9473-69a83cd3321e","height_m":8.297,"ground_m":296.49,"height_source":"LoD1 solid top minus bottom","production":"2024","laser":"2016","footprints":"2022"},"geometry":{"type":"Polygon","coordinates":[[[13.629022365854109,51.039468365105435],[13.62896791821782,51.039766562855064],[13.629049086591333,51.039773162765016],[13.629105060581344,51.03947446129435],[13.629022365854109,51.039468365105435]]]}},{"type":"Feature","id":"DESNATPU1000BL2r","properties":{"id":"DESNATPU1000BL2r","height_m":4.701,"ground_m":293.471,"height_source":"LoD1 solid top minus bottom","production":"2024","laser":"2016","footprints":"2022"},"geometry":{"type":"Polygon","coordinates":[[[13.618933760044984,51.042254566886115],[13.619097451818384,51.04223391103054],[13.619079699403864,51.0421780077221],[13.618916036340547,51.04219866389153],[13.618933760044984,51.042254566886115]]]}},{"type":"Feature","id":"UUID_29d8ae7c-6d67-4fc3-b76e-7529f8caf5f2","properties":{"id":"UUID_29d8ae7c-6d67-4fc3-b76e-7529f8caf5f2","height_m":2.974,"ground_m":297.475,"height_source":"LoD1 solid top minus bottom","production":"2024","laser":"2016","footprints":"2022"},"geometry":{"type":"Polygon","coordinates":[[[13.627972578813786,51.03852831017628],[13.62804383904717,51.038532240451374],[13.62805254180948,51.038469400779086],[13.627981281406017,51.038465479499855],[13.627972578813786,51.03852831017628]]]}},{"type":"Feature","id":"UUID_89f0073a-3fa1-497a-b32f-783a6c53b003","properties":{"id":"UUID_89f0073a-3fa1-497a-b32f-783a6c53b003","height_m":4.871,"ground_m":297.475,"height_source":"LoD1 solid top minus bottom","production":"2024","laser":"2016","footprints":"2022"},"geometry":{"type":"Polygon","coordinates":[[[13.62795028944935,51.03840500653667],[13.627942204939869,51.03846332999411],[13.627981281406017,51.038465479499855],[13.62805254180948,51.038469400779086],[13.628060625916227,51.03841108630289],[13.62795028944935,51.03840500653667]]]}},{"type":"Feature","id":"DESNATPU1000IOv8","properties":{"id":"DESNATPU1000IOv8","height_m":7.568,"ground_m":283.477,"height_source":"LoD1 solid top minus bottom","production":"2024","laser":"2016","footprints":"2022"},"geometry":{"type":"Polygon","coordinates":[[[13.628535699969726,51.04369906391948],[13.628551369832037,51.043569389340476],[13.628473304823777,51.04356568530378],[13.628457777350098,51.04369536154449],[13.628535699969726,51.04369906391948]]]}},{"type":"Feature","id":"DESNATP1h60000Kh","properties":{"id":"DESNATP1h60000Kh","height_m":6.973,"ground_m":292.889,"height_source":"LoD1 solid top minus bottom","production":"2024","laser":"2016","footprints":"2022"},"geometry":{"type":"Polygon","coordinates":[[[13.621566708118307,51.04271936851674],[13.62154094018482,51.04262726424526],[13.621392764154711,51.042643744980396],[13.621440549584186,51.042814437859505],[13.621547305886445,51.04280256748873],[13.62152530218879,51.04272397909816],[13.621566708118307,51.04271936851674]]]}},{"type":"Feature","id":"UUID_bb0144ae-23a6-49a9-84b7-71ddb8a3a26e","properties":{"id":"UUID_bb0144ae-23a6-49a9-84b7-71ddb8a3a26e","height_m":5.373,"ground_m":279.522,"height_source":"LoD1 solid top minus bottom","production":"2024","laser":"2016","footprints":"2022"},"geometry":{"type":"Polygon","coordinates":[[[13.623088833104887,51.04547559324857],[13.623098158474308,51.04549306855542],[13.623154437498032,51.04548105157409],[13.623145111843117,51.04546358526138],[13.623088833104887,51.04547559324857]]]}},{"type":"Feature","id":"UUID_1e004909-8bf9-4d43-8d98-8444dd5d48f5","properties":{"id":"UUID_1e004909-8bf9-4d43-8d98-8444dd5d48f5","height_m":4.606,"ground_m":279.522,"height_source":"LoD1 solid top minus bottom","production":"2024","laser":"2016","footprints":"2022"},"geometry":{"type":"Polygon","coordinates":[[[13.623019902271968,51.04541441120921],[13.62293638677846,51.04543036983889],[13.622957354313497,51.04547378318532],[13.623041186552882,51.045457729350076],[13.623019902271968,51.04541441120921]]]}},{"type":"Feature","id":"UUID_0b6deaed-1b20-4f13-890d-32f785b16b71","properties":{"id":"UUID_0b6deaed-1b20-4f13-890d-32f785b16b71","height_m":6.709,"ground_m":279.522,"height_source":"LoD1 solid top minus bottom","production":"2024","laser":"2016","footprints":"2022"},"geometry":{"type":"Polygon","coordinates":[[[13.62301827425852,51.045411100597995],[13.623020605325804,51.04541427560605],[13.623019902271968,51.04541441120921],[13.623041186552882,51.045457729350076],[13.623041430322841,51.04545768725762],[13.623053658778984,51.04548310159787],[13.623088833104887,51.04547559324857],[13.623145111843117,51.04546358526138],[13.623194642834793,51.04545301755805],[13.62315765742298,51.04538207689582],[13.62301827425852,51.045411100597995]]]}},{"type":"Feature","id":"UUID_cf059319-c78c-40f9-8666-260238f5cd19","properties":{"id":"UUID_cf059319-c78c-40f9-8666-260238f5cd19","height_m":4.756,"ground_m":287.267,"height_source":"LoD1 solid top minus bottom","production":"2024","laser":"2016","footprints":"2022"},"geometry":{"type":"Polygon","coordinates":[[[13.629209962696644,51.04334024206939],[13.6292073302289,51.0433893128038],[13.629242260267743,51.04338999233949],[13.629245119889722,51.04333660764355],[13.629210192544535,51.043335838210446],[13.629209919915466,51.043340241567535],[13.629209962696644,51.04334024206939]]]}},{"type":"Feature","id":"UUID_27d5002c-938a-4986-9232-2400ea7d5116","properties":{"id":"UUID_27d5002c-938a-4986-9232-2400ea7d5116","height_m":7.116,"ground_m":287.267,"height_source":"LoD1 solid top minus bottom","production":"2024","laser":"2016","footprints":"2022"},"geometry":{"type":"Polygon","coordinates":[[[13.629209962696644,51.04334024206939],[13.629209919915466,51.043340241567535],[13.629195379622189,51.0433398911405],[13.629182641491544,51.04333164803914],[13.629163825737988,51.04333115752355],[13.629153035222732,51.04333764077216],[13.629150609951465,51.04333909616102],[13.629095152950423,51.04333790599619],[13.629090007828333,51.04343487977995],[13.6291477893937,51.043436097216585],[13.629204772378989,51.04343730525673],[13.6292073302289,51.0433893128038],[13.629209962696644,51.04334024206939]]]}},{"type":"Feature","id":"DESNATPU1000CqWo","properties":{"id":"DESNATPU1000CqWo","height_m":6.086,"ground_m":278.596,"height_source":"LoD1 solid top minus bottom","production":"2024","laser":"2016","footprints":"2022"},"geometry":{"type":"Polygon","coordinates":[[[13.619181737258307,51.04567455877533],[13.619173858697001,51.04564685724876],[13.619191611890555,51.0456447288518],[13.619186509222368,51.04562586424827],[13.619177293999213,51.04559177990151],[13.619172332174168,51.045573456539856],[13.619119379275183,51.0455791258997],[13.619095104291091,51.045570295718576],[13.619073775173955,51.045572741562424],[13.619055677129067,51.045586466803336],[13.619046805887656,51.0455873511956],[13.619055180658599,51.045617073021525],[13.619055839531002,51.045619383009125],[13.619041747919816,51.04563270594448],[13.619044315845626,51.045641819195026],[13.619049621052977,51.045660587275705],[13.61906694107895,51.04565863363821],[13.619074956841887,51.04568651665303],[13.619181737258307,51.04567455877533]]]}},{"type":"Feature","id":"UUID_c872420e-55e9-473e-9312-00de14fa89b8","properties":{"id":"UUID_c872420e-55e9-473e-9312-00de14fa89b8","height_m":3.147,"ground_m":277.029,"height_source":"LoD1 solid top minus bottom","production":"2024","laser":"2016","footprints":"2022"},"geometry":{"type":"Polygon","coordinates":[[[13.60384066564152,51.04408062081166],[13.603843061350508,51.04400093558186],[13.60378834403211,51.044000281821326],[13.603785948229305,51.04407996704928],[13.60384066564152,51.04408062081166]]]}},{"type":"Feature","id":"UUID_967488fe-436e-4315-a857-9f0b88d8d5b7","properties":{"id":"UUID_967488fe-436e-4315-a857-9f0b88d8d5b7","height_m":2.76,"ground_m":277.029,"height_source":"LoD1 solid top minus bottom","production":"2024","laser":"2016","footprints":"2022"},"geometry":{"type":"Polygon","coordinates":[[[13.603786842061794,51.04405023791484],[13.603745344130477,51.044049742081626],[13.60374445027144,51.04407947121555],[13.603785948229305,51.04407996704928],[13.603786842061794,51.04405023791484]]]}},{"type":"Feature","id":"UUID_e105a347-c8ba-4020-9993-439d925e2550","properties":{"id":"UUID_e105a347-c8ba-4020-9993-439d925e2550","height_m":6.253,"ground_m":273.305,"height_source":"LoD1 solid top minus bottom","production":"2024","laser":"2016","footprints":"2022"},"geometry":{"type":"Polygon","coordinates":[[[13.603167115815735,51.043368267483515],[13.60339165269422,51.043278143626466],[13.603306184296684,51.04319339736497],[13.603081616714409,51.043283601627856],[13.603167115815735,51.043368267483515]]]}},{"type":"Feature","id":"UUID_c75e1f6a-a653-49fa-9719-0d8ab29d9388","properties":{"id":"UUID_c75e1f6a-a653-49fa-9719-0d8ab29d9388","height_m":5.495,"ground_m":273.305,"height_source":"LoD1 solid top minus bottom","production":"2024","laser":"2016","footprints":"2022"},"geometry":{"type":"Polygon","coordinates":[[[13.603020138745258,51.04322271257033],[13.603081616714409,51.043283601627856],[13.603170739138358,51.043247804723144],[13.603109235552,51.04318681648333],[13.603020138745258,51.04322271257033]]]}},{"type":"Feature","id":"UUID_469bec13-b7fd-4c10-b945-679a645b4539","properties":{"id":"UUID_469bec13-b7fd-4c10-b945-679a645b4539","height_m":7.495,"ground_m":291.472,"height_source":"LoD1 solid top minus bottom","production":"2024","laser":"2016","footprints":"2022"},"geometry":{"type":"Polygon","coordinates":[[[13.628628569349061,51.04293575135692],[13.628617627350051,51.04301692839404],[13.628697523329507,51.04302091462101],[13.628749372394262,51.0430235015139],[13.62875973916824,51.04294295621641],[13.628628569349061,51.04293575135692]]]}},{"type":"Feature","id":"UUID_d378ddf7-2282-4f46-892f-bd3c1f021ed6","properties":{"id":"UUID_d378ddf7-2282-4f46-892f-bd3c1f021ed6","height_m":5.44,"ground_m":291.472,"height_source":"LoD1 solid top minus bottom","production":"2024","laser":"2016","footprints":"2022"},"geometry":{"type":"Polygon","coordinates":[[[13.628695619483072,51.04303707962647],[13.628697523329507,51.04302091462101],[13.628617627350051,51.04301692839404],[13.62861541631121,51.04303335058934],[13.628695619483072,51.04303707962647]]]}},{"type":"Feature","id":"DESNATPU1000Fxky","properties":{"id":"DESNATPU1000Fxky","height_m":2.822,"ground_m":293.1,"height_source":"LoD1 solid top minus bottom","production":"2024","laser":"2016","footprints":"2022"},"geometry":{"type":"Polygon","coordinates":[[[13.619999535721092,51.043387233485674],[13.620014364355898,51.04344028730737],[13.62009852251466,51.04343093920588],[13.620083693786277,51.04337788539407],[13.619999535721092,51.043387233485674]]]}},{"type":"Feature","id":"DESNATPU1000Gtcy","properties":{"id":"DESNATPU1000Gtcy","height_m":12.094,"ground_m":292.878,"height_source":"LoD1 solid top minus bottom","production":"2024","laser":"2016","footprints":"2022"},"geometry":{"type":"Polygon","coordinates":[[[13.630575538586418,51.04160837949901],[13.630599399451727,51.04149579733407],[13.630228137857243,51.0414602403567],[13.63017598424576,51.04167599989391],[13.630546669170226,51.04171182005992],[13.630575538586418,51.04160837949901]]]}},{"type":"Feature","id":"UUID_30e3d99c-e936-4afc-89be-1e70243ddc2a","properties":{"id":"UUID_30e3d99c-e936-4afc-89be-1e70243ddc2a","height_m":5.517,"ground_m":287.797,"height_source":"LoD1 solid top minus bottom","production":"2024","laser":"2016","footprints":"2022"},"geometry":{"type":"Polygon","coordinates":[[[13.618297708668791,51.04411021316717],[13.618450142546944,51.044107608883195],[13.618447855274212,51.044051186881546],[13.618350056155817,51.04405291733722],[13.61829524751246,51.044053888028564],[13.618297708668791,51.04411021316717]]]}},{"type":"Feature","id":"UUID_ef11972f-0914-4c34-a1ec-1a485081bf11","properties":{"id":"UUID_ef11972f-0914-4c34-a1ec-1a485081bf11","height_m":6.008,"ground_m":287.797,"height_source":"LoD1 solid top minus bottom","production":"2024","laser":"2016","footprints":"2022"},"geometry":{"type":"Polygon","coordinates":[[[13.618447855274212,51.044051186881546],[13.61844660474818,51.04402033517795],[13.618348837157956,51.044021967082344],[13.618350056155817,51.04405291733722],[13.618447855274212,51.044051186881546]]]}},{"type":"Feature","id":"DESNATPU1000GC2i","properties":{"id":"DESNATPU1000GC2i","height_m":2.57,"ground_m":292.896,"height_source":"LoD1 solid top minus bottom","production":"2024","laser":"2016","footprints":"2022"},"geometry":{"type":"Polygon","coordinates":[[[13.621929042426675,51.04275351675895],[13.621943743590245,51.042815741665585],[13.622014267718411,51.04280910915641],[13.621999566462097,51.04274688425787],[13.621929042426675,51.04275351675895]]]}},{"type":"Feature","id":"DESNATPU1000EXK4","properties":{"id":"DESNATPU1000EXK4","height_m":7.329,"ground_m":292.781,"height_source":"LoD1 solid top minus bottom","production":"2024","laser":"2016","footprints":"2022"},"geometry":{"type":"Polygon","coordinates":[[[13.625044332500407,51.042071944989395],[13.625047121586594,51.04212710474287],[13.625207558293576,51.04212377646513],[13.625204497123343,51.04206816386641],[13.625044332500407,51.042071944989395]]]}},{"type":"Feature","id":"DESNATPU1000HAau","properties":{"id":"DESNATPU1000HAau","height_m":5.892,"ground_m":284.639,"height_source":"LoD1 solid top minus bottom","production":"2024","laser":"2016","footprints":"2022"},"geometry":{"type":"Polygon","coordinates":[[[13.621240189415433,51.04516036463036],[13.621280290080861,51.04527522837912],[13.621444882199942,51.04525243950038],[13.621404781144857,51.045137575804674],[13.621240189415433,51.04516036463036]]]}},{"type":"Feature","id":"DESNATPU1000HCN6","properties":{"id":"DESNATPU1000HCN6","height_m":1.128,"ground_m":288.323,"height_source":"LoD1 solid top minus bottom","production":"2024","laser":"2016","footprints":"2022"},"geometry":{"type":"Polygon","coordinates":[[[13.62304765101255,51.043249347144865],[13.623033871161033,51.043192079380574],[13.622954701363438,51.04320161427837],[13.622971882275614,51.04325867932025],[13.62304765101255,51.043249347144865]]]}},{"type":"Feature","id":"UUID_5a159aba-8d42-41b6-bb78-e6edec5acb9b","properties":{"id":"UUID_5a159aba-8d42-41b6-bb78-e6edec5acb9b","height_m":6.333,"ground_m":273.806,"height_source":"LoD1 solid top minus bottom","production":"2024","laser":"2016","footprints":"2022"},"geometry":{"type":"Polygon","coordinates":[[[13.617987084784133,51.04563183867273],[13.6178582480353,51.045627527091874],[13.617807373631823,51.04562566634212],[13.617802084803966,51.0456979073077],[13.61785340584821,51.04569914383385],[13.617981066992975,51.04570221847125],[13.617987084784133,51.04563183867273]]]}},{"type":"Feature","id":"UUID_34d6eef3-fffe-4c7b-af54-2ecfa588b086","properties":{"id":"UUID_34d6eef3-fffe-4c7b-af54-2ecfa588b086","height_m":8.493,"ground_m":273.806,"height_source":"LoD1 solid top minus bottom","production":"2024","laser":"2016","footprints":"2022"},"geometry":{"type":"Polygon","coordinates":[[[13.61791785040113,51.04571240627833],[13.617925334778556,51.0457125847262],[13.617925335581248,51.04571255775676],[13.6179753739538,51.04571375208013],[13.617975375024018,51.04571371612089],[13.61798007849637,51.04571386167658],[13.617981066992975,51.04570221847125],[13.617918740423768,51.04570071694392],[13.61785340584821,51.04569914383385],[13.617852630165173,51.04571082552722],[13.61791785040113,51.04571240627833]]]}},{"type":"Feature","id":"UUID_703ded71-b070-445e-adbe-199274af90da","properties":{"id":"UUID_703ded71-b070-445e-adbe-199274af90da","height_m":8.133,"ground_m":273.806,"height_source":"LoD1 solid top minus bottom","production":"2024","laser":"2016","footprints":"2022"},"geometry":{"type":"Polygon","coordinates":[[[13.6179753739538,51.04571375208013],[13.617925335581248,51.04571255775676],[13.617925334778556,51.0457125847262],[13.617924549212155,51.04572939229893],[13.617974446865103,51.0457305220075],[13.6179753739538,51.04571375208013]]]}},{"type":"Feature","id":"UUID_9b3ebd0d-a63a-4e89-a5a5-8ceb940c16e0","properties":{"id":"UUID_9b3ebd0d-a63a-4e89-a5a5-8ceb940c16e0","height_m":8.833,"ground_m":280.647,"height_source":"LoD1 solid top minus bottom","production":"2024","laser":"2016","footprints":"2022"},"geometry":{"type":"Polygon","coordinates":[[[13.61061935195691,51.04716334312649],[13.610669589740697,51.04707400163223],[13.610545856294552,51.047046351936274],[13.610495618304684,51.04713569337613],[13.61061935195691,51.04716334312649]]]}},{"type":"Feature","id":"UUID_dd17b8ba-69f7-46af-b0d8-6af71fe51ecc","properties":{"id":"UUID_dd17b8ba-69f7-46af-b0d8-6af71fe51ecc","height_m":6.699,"ground_m":280.647,"height_source":"LoD1 solid top minus bottom","production":"2024","laser":"2016","footprints":"2022"},"geometry":{"type":"Polygon","coordinates":[[[13.610645073474917,51.047117604885905],[13.61069512803062,51.04712879371374],[13.610719644524686,51.04708518145957],[13.610669589740697,51.04707400163223],[13.610645073474917,51.047117604885905]]]}},{"type":"Feature","id":"DESNATPU1000Gsq8","properties":{"id":"DESNATPU1000Gsq8","height_m":6.661,"ground_m":274.005,"height_source":"LoD1 solid top minus bottom","production":"2024","laser":"2016","footprints":"2022"},"geometry":{"type":"Polygon","coordinates":[[[13.603392962651675,51.04352393770295],[13.603619099416468,51.043617829101656],[13.603667133552582,51.04357172946824],[13.603441139514292,51.043477839867016],[13.603392962651675,51.04352393770295]]]}},{"type":"Feature","id":"DESNATPU1000EH5o","properties":{"id":"DESNATPU1000EH5o","height_m":3.445,"ground_m":282.187,"height_source":"LoD1 solid top minus bottom","production":"2024","laser":"2016","footprints":"2022"},"geometry":{"type":"Polygon","coordinates":[[[13.629289488922426,51.04387778541553],[13.629232698880127,51.04397972903584],[13.62939483178338,51.04401580408386],[13.629451761469463,51.0439139519541],[13.629289488922426,51.04387778541553]]]}},{"type":"Feature","id":"DESNATPU1000GrnO","properties":{"id":"DESNATPU1000GrnO","height_m":2.993,"ground_m":303.69,"height_source":"LoD1 solid top minus bottom","production":"2024","laser":"2016","footprints":"2022"},"geometry":{"type":"Polygon","coordinates":[[[13.629159724192803,51.03602885852512],[13.629164003420966,51.0360916797313],[13.629235231263637,51.03608981743654],[13.629230954592058,51.03602690633353],[13.629159724192803,51.03602885852512]]]}},{"type":"Feature","id":"DESNATPU1000DAka","properties":{"id":"DESNATPU1000DAka","height_m":8.376,"ground_m":280.17,"height_source":"LoD1 solid top minus bottom","production":"2024","laser":"2016","footprints":"2022"},"geometry":{"type":"Polygon","coordinates":[[[13.60676855610718,51.04611594737945],[13.606768152780887,51.04603001461298],[13.606588838133321,51.04602916259237],[13.606476762412592,51.04602823082756],[13.606489908126568,51.04611833541312],[13.60676855610718,51.04611594737945]]]}},{"type":"Feature","id":"DESNATPU1000HofW","properties":{"id":"DESNATPU1000HofW","height_m":4.664,"ground_m":263.692,"height_source":"LoD1 solid top minus bottom","production":"2024","laser":"2016","footprints":"2022"},"geometry":{"type":"Polygon","coordinates":[[[13.612801903680973,51.04676502832524],[13.612901846723927,51.046685997323486],[13.612836490330812,51.04665311659807],[13.612736541878014,51.046732327339825],[13.612801903680973,51.04676502832524]]]}},{"type":"Feature","id":"UUID_e818375a-5eb3-45f4-8212-9be403daa4fb","properties":{"id":"UUID_e818375a-5eb3-45f4-8212-9be403daa4fb","height_m":4.273,"ground_m":275.19,"height_source":"LoD1 solid top minus bottom","production":"2024","laser":"2016","footprints":"2022"},"geometry":{"type":"Polygon","coordinates":[[[13.603251654640406,51.04374431265671],[13.60325343949003,51.04375611480724],[13.603300732072935,51.04375413506033],[13.603302458148189,51.04376314868075],[13.603353075029856,51.04375925716712],[13.603251654640406,51.04374431265671]]]}},{"type":"Feature","id":"UUID_c9c564be-69dc-4b25-8860-51c02f3feff2","properties":{"id":"UUID_c9c564be-69dc-4b25-8860-51c02f3feff2","height_m":3.673,"ground_m":275.19,"height_source":"LoD1 solid top minus bottom","production":"2024","laser":"2016","footprints":"2022"},"geometry":{"type":"Polygon","coordinates":[[[13.603447209024697,51.043726658502656],[13.603342164337693,51.04370462924507],[13.603241482906462,51.04367697746964],[13.603251654640406,51.04374431265671],[13.603353075029856,51.04375925716712],[13.603430762921903,51.04377070746058],[13.603447209024697,51.043726658502656]]]}},{"type":"Feature","id":"DESNATP1CG000065","properties":{"id":"DESNATP1CG000065","height_m":3.437,"ground_m":283.336,"height_source":"LoD1 solid top minus bottom","production":"2024","laser":"2016","footprints":"2022"},"geometry":{"type":"Polygon","coordinates":[[[13.628805599156022,51.043693849795446],[13.628804860621063,51.04366861584965],[13.628814616581954,51.04366915299588],[13.62881267016643,51.043599794360404],[13.6287968304272,51.04359996821457],[13.628796511334448,51.0435900002598],[13.62870824045981,51.04359181521488],[13.628709521559822,51.04365036548876],[13.628729158056245,51.04365011929168],[13.628730062901136,51.0436962908232],[13.628805599156022,51.043693849795446]]]}},{"type":"Feature","id":"DESNATPU1000HgRf","properties":{"id":"DESNATPU1000HgRf","height_m":2.823,"ground_m":285.731,"height_source":"LoD1 solid top minus bottom","production":"2024","laser":"2016","footprints":"2022"},"geometry":{"type":"Polygon","coordinates":[[[13.622671969221487,51.04418358841733],[13.622673745365608,51.044234329723366],[13.62267475006918,51.04425817294538],[13.622835164922485,51.04425583686576],[13.622834157470546,51.044232083542795],[13.622833155400873,51.044198527942],[13.622729548663497,51.04419982490882],[13.622729054331959,51.04418282236243],[13.622693661616951,51.04418329552178],[13.622671969221487,51.04418358841733]]]}},{"type":"Feature","id":"DESNATPU1000CWba","properties":{"id":"DESNATPU1000CWba","height_m":2.762,"ground_m":287.421,"height_source":"LoD1 solid top minus bottom","production":"2024","laser":"2016","footprints":"2022"},"geometry":{"type":"Polygon","coordinates":[[[13.62273102725371,51.04381182248984],[13.622719095485774,51.043757184436885],[13.622630994950391,51.043764779292445],[13.62264306655495,51.04381950893272],[13.62273102725371,51.04381182248984]]]}},{"type":"Feature","id":"DESNATPU1000Cfci","properties":{"id":"DESNATPU1000Cfci","height_m":5.373,"ground_m":278.861,"height_source":"LoD1 solid top minus bottom","production":"2024","laser":"2016","footprints":"2022"},"geometry":{"type":"Polygon","coordinates":[[[13.618588175813874,51.045413941693596],[13.618772697581532,51.04539265118333],[13.618743441328004,51.045292303493525],[13.618558919947489,51.045313593960934],[13.618588175813874,51.045413941693596]]]}},{"type":"Feature","id":"UUID_8d8e8d4d-0d9b-4e39-8ea4-34a47f5d8b0c","properties":{"id":"UUID_8d8e8d4d-0d9b-4e39-8ea4-34a47f5d8b0c","height_m":7.712,"ground_m":288.914,"height_source":"LoD1 solid top minus bottom","production":"2024","laser":"2016","footprints":"2022"},"geometry":{"type":"Polygon","coordinates":[[[13.630084288481026,51.04281154652299],[13.630103993611735,51.04282153490058],[13.63014136625937,51.04279162174156],[13.63012196822866,51.042781861794566],[13.630084288481026,51.04281154652299]]]}},{"type":"Feature","id":"UUID_246e7d62-e1aa-468d-a9d4-86ea7e56cd07","properties":{"id":"UUID_246e7d62-e1aa-468d-a9d4-86ea7e56cd07","height_m":8.832,"ground_m":288.914,"height_source":"LoD1 solid top minus bottom","production":"2024","laser":"2016","footprints":"2022"},"geometry":{"type":"Polygon","coordinates":[[[13.630260795160606,51.042819640900206],[13.630165618957456,51.04277221144214],[13.63014136625937,51.04279162174156],[13.630103993611735,51.04282153490058],[13.63014584938314,51.042842754364436],[13.63019855580621,51.04286946981004],[13.630260795160606,51.042819640900206]]]}},{"type":"Feature","id":"UUID_d66eb749-5b39-4127-a8e7-b48a92a5e3dc","properties":{"id":"UUID_d66eb749-5b39-4127-a8e7-b48a92a5e3dc","height_m":4.062,"ground_m":288.914,"height_source":"LoD1 solid top minus bottom","production":"2024","laser":"2016","footprints":"2022"},"geometry":{"type":"Polygon","coordinates":[[[13.630184968148171,51.04288035389877],[13.63019855580621,51.04286946981004],[13.630170740734451,51.04285537551612],[13.63014584938314,51.042842754364436],[13.630100872409457,51.04287801912594],[13.630126015148239,51.04289082309349],[13.630169174922429,51.04291281324448],[13.630200571646666,51.042888180831156],[13.630184968148171,51.04288035389877]]]}},{"type":"Feature","id":"DESNATPU1000IJZG","properties":{"id":"DESNATPU1000IJZG","height_m":8.185,"ground_m":284.301,"height_source":"LoD1 solid top minus bottom","production":"2024","laser":"2016","footprints":"2022"},"geometry":{"type":"Polygon","coordinates":[[[13.628243549102006,51.04368439355221],[13.628254195457604,51.043579930285325],[13.628181100375128,51.04357700383178],[13.628170313906734,51.043681375518155],[13.628243549102006,51.04368439355221]]]}},{"type":"Feature","id":"DESNATPU1000CHa4","properties":{"id":"DESNATPU1000CHa4","height_m":6.427,"ground_m":293.545,"height_source":"LoD1 solid top minus bottom","production":"2024","laser":"2016","footprints":"2022"},"geometry":{"type":"Polygon","coordinates":[[[13.62050677028386,51.04287477743493],[13.620475492899237,51.042770359447005],[13.620386164961973,51.04278090579732],[13.620416874414452,51.04288522717503],[13.62050677028386,51.04287477743493]]]}},{"type":"Feature","id":"DESNATPU1000Hxg3","properties":{"id":"DESNATPU1000Hxg3","height_m":6.723,"ground_m":292.237,"height_source":"LoD1 solid top minus bottom","production":"2024","laser":"2016","footprints":"2022"},"geometry":{"type":"Polygon","coordinates":[[[13.62128430681345,51.04299690558683],[13.62128463174803,51.042996531715566],[13.621294643939995,51.04298506689025],[13.621287930166083,51.04297095863472],[13.621268569796463,51.04296479484568],[13.621265885892072,51.04295909760396],[13.621145955058058,51.04298178369586],[13.621163938626845,51.04301942466375],[13.621182083738633,51.043057391281764],[13.621302305294432,51.043034528722835],[13.62128430681345,51.04299690558683]]]}},{"type":"Feature","id":"UUID_970374c0-fa43-45fa-9d0c-525575ee4355","properties":{"id":"UUID_970374c0-fa43-45fa-9d0c-525575ee4355","height_m":4.425,"ground_m":281.149,"height_source":"LoD1 solid top minus bottom","production":"2024","laser":"2016","footprints":"2022"},"geometry":{"type":"Polygon","coordinates":[[[13.619613270267694,51.04525515273073],[13.619450321018485,51.04527639366398],[13.619469785374669,51.04533570745739],[13.619670615081349,51.04530952715912],[13.619662530807448,51.04528489883216],[13.619651150478305,51.045250213397004],[13.619613270267694,51.04525515273073]]]}},{"type":"Feature","id":"UUID_02cf8ca5-2a36-48d0-b251-3770dba4e42e","properties":{"id":"UUID_02cf8ca5-2a36-48d0-b251-3770dba4e42e","height_m":4.572,"ground_m":281.149,"height_source":"LoD1 solid top minus bottom","production":"2024","laser":"2016","footprints":"2022"},"geometry":{"type":"Polygon","coordinates":[[[13.619695833210626,51.045244392153634],[13.619662752761164,51.045143531893586],[13.619580189723568,51.04515430143864],[13.619613270267694,51.04525515273073],[13.619695833210626,51.045244392153634]]]}},{"type":"Feature","id":"UUID_5e7027bb-db8d-4be3-9e46-ca49c4ad86c7","properties":{"id":"UUID_5e7027bb-db8d-4be3-9e46-ca49c4ad86c7","height_m":5.39,"ground_m":281.149,"height_source":"LoD1 solid top minus bottom","production":"2024","laser":"2016","footprints":"2022"},"geometry":{"type":"Polygon","coordinates":[[[13.619695833210626,51.045244392153634],[13.619651150478305,51.045250213397004],[13.619662530807448,51.04528489883216],[13.619707213839103,51.045279068594915],[13.619695833210626,51.045244392153634]]]}},{"type":"Feature","id":"DESNATPU1000FG0m","properties":{"id":"DESNATPU1000FG0m","height_m":5.653,"ground_m":287.545,"height_source":"LoD1 solid top minus bottom","production":"2024","laser":"2016","footprints":"2022"},"geometry":{"type":"Polygon","coordinates":[[[13.623779564632652,51.04309471081815],[13.623808263959036,51.04320358501759],[13.62393586381178,51.04319021329685],[13.623914461039707,51.04310901549925],[13.623896588402884,51.043110882407134],[13.623889262513533,51.04308322367696],[13.623779564632652,51.04309471081815]]]}},{"type":"Feature","id":"UUID_467b5948-3227-4a73-b129-cd47781ee2b5","properties":{"id":"UUID_467b5948-3227-4a73-b129-cd47781ee2b5","height_m":2.423,"ground_m":275.333,"height_source":"LoD1 solid top minus bottom","production":"2024","laser":"2016","footprints":"2022"},"geometry":{"type":"Polygon","coordinates":[[[13.618313078028855,51.04568794276065],[13.618325602335158,51.045733055718166],[13.618332906947925,51.045758933936554],[13.618393563283663,51.04575040631444],[13.618377985599658,51.045697154593746],[13.61837788550482,51.0456971624033],[13.618373232985409,51.04568092004098],[13.618313078028855,51.04568794276065]]]}},{"type":"Feature","id":"UUID_b4ea834a-9746-4ff6-b6e8-c507fe29d877","properties":{"id":"UUID_b4ea834a-9746-4ff6-b6e8-c507fe29d877","height_m":2.473,"ground_m":275.333,"height_source":"LoD1 solid top minus bottom","production":"2024","laser":"2016","footprints":"2022"},"geometry":{"type":"Polygon","coordinates":[[[13.618460915209111,51.045687532335776],[13.61841839673824,51.045692515370824],[13.618377985599658,51.045697154593746],[13.618393563283663,51.04575040631444],[13.61847645581884,51.04574059475433],[13.618460915209111,51.045687532335776]]]}},{"type":"Feature","id":"DESNATPU1000Jdrt","properties":{"id":"DESNATPU1000Jdrt","height_m":4.62,"ground_m":280.225,"height_source":"LoD1 solid top minus bottom","production":"2024","laser":"2016","footprints":"2022"},"geometry":{"type":"Polygon","coordinates":[[[13.602684124466208,51.044424385269146],[13.602660060730274,51.044380211734236],[13.602573189241898,51.04439895748463],[13.60247785254967,51.04441931060038],[13.602479878006788,51.04442311187911],[13.60250839057331,51.0444758819954],[13.602513794511403,51.044485928839656],[13.602520617948885,51.04448672988053],[13.602597082502514,51.04448197871244],[13.602708813527709,51.04446200139378],[13.602684124466208,51.044424385269146]]]}},{"type":"Feature","id":"DESNATPU1000EfS9","properties":{"id":"DESNATPU1000EfS9","height_m":2.346,"ground_m":287.951,"height_source":"LoD1 solid top minus bottom","production":"2024","laser":"2016","footprints":"2022"},"geometry":{"type":"Polygon","coordinates":[[[13.626095842278069,51.04303495995665],[13.626095841554717,51.04304221727709],[13.626040924879424,51.043040618336626],[13.62603639463597,51.043088146889446],[13.626095789138882,51.04308835061049],[13.62609579021396,51.04309458275315],[13.626213060401508,51.04309425281109],[13.62621281647204,51.04303498625424],[13.626095842278069,51.04303495995665]]]}},{"type":"Feature","id":"DESNATPU1000G5Vt","properties":{"id":"DESNATPU1000G5Vt","height_m":8.592,"ground_m":292.676,"height_source":"LoD1 solid top minus bottom","production":"2024","laser":"2016","footprints":"2022"},"geometry":{"type":"Polygon","coordinates":[[[13.629505847786108,51.04240026010243],[13.629532126866394,51.04241369804268],[13.629506133700206,51.04243407702633],[13.629486453403624,51.04242422373192],[13.62945258199486,51.042450535595286],[13.629513436944329,51.042481465706466],[13.629500437687849,51.04249174509527],[13.6295517364257,51.042517796833806],[13.629599623844738,51.042480587959695],[13.629625471742795,51.0424602971816],[13.629505847786108,51.04240026010243]]]}},{"type":"Feature","id":"DESNATPU1000BH35","properties":{"id":"DESNATPU1000BH35","height_m":3.471,"ground_m":297.979,"height_source":"LoD1 solid top minus bottom","production":"2024","laser":"2016","footprints":"2022"},"geometry":{"type":"Polygon","coordinates":[[[13.627802287254104,51.03918092736344],[13.627916779924618,51.03918254158938],[13.627919018055236,51.03912609197459],[13.627804530835512,51.039124297954714],[13.627802287254104,51.03918092736344]]]}},{"type":"Feature","id":"UUID_2b493f01-7230-4030-96ac-30a3d3971d69","properties":{"id":"UUID_2b493f01-7230-4030-96ac-30a3d3971d69","height_m":3.779,"ground_m":285.411,"height_source":"LoD1 solid top minus bottom","production":"2024","laser":"2016","footprints":"2022"},"geometry":{"type":"Polygon","coordinates":[[[13.621464650898938,51.04489888014385],[13.621470827150846,51.04492630063633],[13.621597105220161,51.04491582958249],[13.621590788688225,51.04488832650547],[13.621464650898938,51.04489888014385]]]}},{"type":"Feature","id":"UUID_bc2cb0ba-a41f-44e5-9112-3a906b7d49c7","properties":{"id":"UUID_bc2cb0ba-a41f-44e5-9112-3a906b7d49c7","height_m":5.317,"ground_m":285.411,"height_source":"LoD1 solid top minus bottom","production":"2024","laser":"2016","footprints":"2022"},"geometry":{"type":"Polygon","coordinates":[[[13.621449491457826,51.04490014917884],[13.621590788688225,51.04488832650547],[13.621577781191474,51.04483151733847],[13.621437049225996,51.044843526523465],[13.621449491457826,51.04490014917884]]]}},{"type":"Feature","id":"DESNATPU1000Bcf5","properties":{"id":"DESNATPU1000Bcf5","height_m":5.873,"ground_m":288.81,"height_source":"LoD1 solid top minus bottom","production":"2024","laser":"2016","footprints":"2022"},"geometry":{"type":"Polygon","coordinates":[[[13.622137854950628,51.043451675700446],[13.622001606273813,51.043481004926214],[13.622048004015399,51.04356635580987],[13.622184255582617,51.043536936633835],[13.622137854950628,51.043451675700446]]]}},{"type":"Feature","id":"DESNATP1h60000JS","properties":{"id":"DESNATP1h60000JS","height_m":12.644,"ground_m":279.16,"height_source":"LoD1 solid top minus bottom","production":"2024","laser":"2016","footprints":"2022"},"geometry":{"type":"Polygon","coordinates":[[[13.603406521320439,51.04420868207873],[13.603314442445887,51.04419568384207],[13.603294789268803,51.04425101662009],[13.603386868246963,51.04426401487292],[13.603406521320439,51.04420868207873]]]}},{"type":"Feature","id":"DESNATPU1000FRom","properties":{"id":"DESNATPU1000FRom","height_m":3.0,"ground_m":279.847,"height_source":"LoD1 solid top minus bottom","production":"2024","laser":"2016","footprints":"2022"},"geometry":{"type":"Polygon","coordinates":[[[13.61744594728434,51.04498585719123],[13.617472176501389,51.04498652723014],[13.61747243954987,51.04498248350277],[13.617568097584492,51.04498469434727],[13.61757055135046,51.04495019034555],[13.617571042638405,51.04494327156555],[13.617448601123852,51.04493984454861],[13.61744594728434,51.04498585719123]]]}},{"type":"Feature","id":"DESNATPU1000HiU2","properties":{"id":"DESNATPU1000HiU2","height_m":3.564,"ground_m":290.877,"height_source":"LoD1 solid top minus bottom","production":"2024","laser":"2016","footprints":"2022"},"geometry":{"type":"Polygon","coordinates":[[[13.618140033971606,51.04353195279938],[13.618086650126674,51.04353779644746],[13.618104300918857,51.04360140567779],[13.618273040966773,51.043582897031094],[13.618259891597532,51.04353579820349],[13.618147056974845,51.04355002180523],[13.618140033971606,51.04353195279938]]]}},{"type":"Feature","id":"DESNATPU1000CRSq","properties":{"id":"DESNATPU1000CRSq","height_m":10.781,"ground_m":278.614,"height_source":"LoD1 solid top minus bottom","production":"2024","laser":"2016","footprints":"2022"},"geometry":{"type":"Polygon","coordinates":[[[13.605707058455101,51.04587715826179],[13.605757731126934,51.046218327175836],[13.605943245507882,51.046207050950045],[13.605891992944125,51.045866144992814],[13.605707058455101,51.04587715826179]]]}},{"type":"Feature","id":"DESNATPU1000FDTu","properties":{"id":"DESNATPU1000FDTu","height_m":3.777,"ground_m":280.168,"height_source":"LoD1 solid top minus bottom","production":"2024","laser":"2016","footprints":"2022"},"geometry":{"type":"Polygon","coordinates":[[[13.61075261571401,51.04717573704141],[13.610717942652997,51.0472226458871],[13.610631983168744,51.047202262035604],[13.610614179502232,51.04723131351384],[13.610699455287712,51.047251662270895],[13.61074223178919,51.04726197316847],[13.610778213897897,51.047270494612356],[13.61081149978439,51.047278534344116],[13.610845546658966,51.04728688887385],[13.610889342481345,51.04721067240179],[13.61075261571401,51.04717573704141]]]}},{"type":"Feature","id":"DESNATPU1000C64M","properties":{"id":"DESNATPU1000C64M","height_m":5.107,"ground_m":271.774,"height_source":"LoD1 solid top minus bottom","production":"2024","laser":"2016","footprints":"2022"},"geometry":{"type":"Polygon","coordinates":[[[13.611057495039185,51.04336141790273],[13.61117344532496,51.043390944072975],[13.611206210472256,51.0433399835447],[13.611090542808475,51.04331055069531],[13.611057495039185,51.04336141790273]]]}},{"type":"Feature","id":"DESNATPU1000GOTG","properties":{"id":"DESNATPU1000GOTG","height_m":6.311,"ground_m":285.484,"height_source":"LoD1 solid top minus bottom","production":"2024","laser":"2016","footprints":"2022"},"geometry":{"type":"Polygon","coordinates":[[[13.623353356432563,51.04374694205431],[13.623356575110682,51.04375867083856],[13.62337932981885,51.04384284334738],[13.623384593016286,51.043862599962566],[13.623506669582095,51.043849379468625],[13.623475430037235,51.04373381148881],[13.623353356432563,51.04374694205431]]]}},{"type":"Feature","id":"UUID_eb31e7a7-757b-4541-8d28-f909d0849dbd","properties":{"id":"UUID_eb31e7a7-757b-4541-8d28-f909d0849dbd","height_m":6.877,"ground_m":279.596,"height_source":"LoD1 solid top minus bottom","production":"2024","laser":"2016","footprints":"2022"},"geometry":{"type":"Polygon","coordinates":[[[13.623656694386211,51.04547788532178],[13.62369728319879,51.045547609245126],[13.623723710016202,51.04554162540755],[13.62382110147027,51.04551957051985],[13.623784428776682,51.04545681734725],[13.623780228999165,51.04544930372097],[13.623656694386211,51.04547788532178]]]}},{"type":"Feature","id":"UUID_c2c26e3b-d704-4c7e-973d-337943c40de2","properties":{"id":"UUID_c2c26e3b-d704-4c7e-973d-337943c40de2","height_m":4.491,"ground_m":279.596,"height_source":"LoD1 solid top minus bottom","production":"2024","laser":"2016","footprints":"2022"},"geometry":{"type":"Polygon","coordinates":[[[13.623782467168619,51.045548036928444],[13.623807720840748,51.045542165157485],[13.623799986359607,51.0455287644739],[13.623823259741476,51.0455232830549],[13.62382110147027,51.04551957051985],[13.623772341047118,51.04553061519782],[13.623723710016202,51.04554162540755],[13.623734028848876,51.045559283229274],[13.623782467168619,51.045548036928444]]]}},{"type":"Feature","id":"DESNATPU1000JIcN","properties":{"id":"DESNATPU1000JIcN","height_m":7.385,"ground_m":293.542,"height_source":"LoD1 solid top minus bottom","production":"2024","laser":"2016","footprints":"2022"},"geometry":{"type":"Polygon","coordinates":[[[13.620853797963775,51.042573651993074],[13.6208873812795,51.042686910212346],[13.621048284567852,51.042667945364144],[13.62101484347265,51.042554688870645],[13.620853797963775,51.042573651993074]]]}},{"type":"Feature","id":"DESNATP1h60000Lf","properties":{"id":"DESNATP1h60000Lf","height_m":2.64,"ground_m":298.665,"height_source":"LoD1 solid top minus bottom","production":"2024","laser":"2016","footprints":"2022"},"geometry":{"type":"Polygon","coordinates":[[[13.630622664955066,51.03473587881145],[13.630547867884427,51.03477663972185],[13.630600227064336,51.034814835024534],[13.630675024151827,51.034774074081014],[13.630622664955066,51.03473587881145]]]}},{"type":"Feature","id":"UUID_c0ef7f62-8c09-4b81-a2d2-2f0d6474abfe","properties":{"id":"UUID_c0ef7f62-8c09-4b81-a2d2-2f0d6474abfe","height_m":8.87,"ground_m":291.011,"height_source":"LoD1 solid top minus bottom","production":"2024","laser":"2016","footprints":"2022"},"geometry":{"type":"Polygon","coordinates":[[[13.63051373757925,51.0420304147979],[13.630452968571733,51.04207831859448],[13.630547060377854,51.042126202754446],[13.630608466282139,51.04207846824656],[13.63051373757925,51.0420304147979]]]}},{"type":"Feature","id":"UUID_701b3450-df12-4abe-acbe-21b30731ece4","properties":{"id":"UUID_701b3450-df12-4abe-acbe-21b30731ece4","height_m":7.748,"ground_m":291.011,"height_source":"LoD1 solid top minus bottom","production":"2024","laser":"2016","footprints":"2022"},"geometry":{"type":"Polygon","coordinates":[[[13.630438928542686,51.04207117549788],[13.630452968571733,51.04207831859448],[13.630489348120564,51.04204964370756],[13.630475434843834,51.04204255605864],[13.630438928542686,51.04207117549788]]]}},{"type":"Feature","id":"UUID_7b222d2b-760e-478b-a544-daa67707cbd4","properties":{"id":"UUID_7b222d2b-760e-478b-a544-daa67707cbd4","height_m":3.873,"ground_m":291.011,"height_source":"LoD1 solid top minus bottom","production":"2024","laser":"2016","footprints":"2022"},"geometry":{"type":"Polygon","coordinates":[[[13.630501933116939,51.04216127705679],[13.630520019898452,51.04217050897588],[13.630551262725156,51.042146234383345],[13.630533132371337,51.0421370289373],[13.630501933116939,51.04216127705679]]]}},{"type":"Feature","id":"UUID_9267b538-5d15-4e87-bcc6-a0474eda88fd","properties":{"id":"UUID_9267b538-5d15-4e87-bcc6-a0474eda88fd","height_m":3.96,"ground_m":291.011,"height_source":"LoD1 solid top minus bottom","production":"2024","laser":"2016","footprints":"2022"},"geometry":{"type":"Polygon","coordinates":[[[13.63045129835193,51.042135440354706],[13.630501933116939,51.04216127705679],[13.630533132371337,51.0421370289373],[13.630547060377854,51.042126202754446],[13.630496269030106,51.04210035524365],[13.63045129835193,51.042135440354706]]]}},{"type":"Feature","id":"DESNATPU1000I4xO","properties":{"id":"DESNATPU1000I4xO","height_m":6.925,"ground_m":278.36,"height_source":"LoD1 solid top minus bottom","production":"2024","laser":"2016","footprints":"2022"},"geometry":{"type":"Polygon","coordinates":[[[13.623725152654742,51.04568067372656],[13.623772514009401,51.045767384167455],[13.623906042751566,51.04573856041332],[13.623890077824587,51.04570923518776],[13.623899112762336,51.04569801043957],[13.623892632421907,51.04568561375803],[13.623874104925086,51.045680179655015],[13.623858681174863,51.045651850024434],[13.623725152654742,51.04568067372656]]]}},{"type":"Feature","id":"UUID_d75a852f-d1b8-4e4f-a857-7f629fe7e5df","properties":{"id":"UUID_d75a852f-d1b8-4e4f-a857-7f629fe7e5df","height_m":4.649,"ground_m":284.257,"height_source":"LoD1 solid top minus bottom","production":"2024","laser":"2016","footprints":"2022"},"geometry":{"type":"Polygon","coordinates":[[[13.623500052732956,51.04454618499224],[13.623583193818865,51.04454424159861],[13.623581311719567,51.044511961637625],[13.623498156430706,51.04451390486238],[13.623500052732956,51.04454618499224]]]}},{"type":"Feature","id":"UUID_e8b898dc-c21f-4c59-beeb-d7d1c7e331bd","properties":{"id":"UUID_e8b898dc-c21f-4c59-beeb-d7d1c7e331bd","height_m":4.085,"ground_m":284.257,"height_source":"LoD1 solid top minus bottom","production":"2024","laser":"2016","footprints":"2022"},"geometry":{"type":"Polygon","coordinates":[[[13.623504806559827,51.044626925938296],[13.623639796670501,51.044623776659805],[13.6236350571362,51.044543026895504],[13.623583193818865,51.04454424159861],[13.623500052732956,51.04454618499224],[13.623504806559827,51.044626925938296]]]}},{"type":"Feature","id":"DESNATPU1000GdpA","properties":{"id":"DESNATPU1000GdpA","height_m":2.768,"ground_m":299.142,"height_source":"LoD1 solid top minus bottom","production":"2024","laser":"2016","footprints":"2022"},"geometry":{"type":"Polygon","coordinates":[[[13.62964889698518,51.035193177082576],[13.629730251046945,51.03517677468759],[13.62970424221944,51.03512529961789],[13.629622740356556,51.03514188012082],[13.62964889698518,51.035193177082576]]]}},{"type":"Feature","id":"UUID_77cbad73-f3e3-4e1f-ae43-e021e2e96dd9","properties":{"id":"UUID_77cbad73-f3e3-4e1f-ae43-e021e2e96dd9","height_m":9.791,"ground_m":268.198,"height_source":"LoD1 solid top minus bottom","production":"2024","laser":"2016","footprints":"2022"},"geometry":{"type":"Polygon","coordinates":[[[13.61047138016554,51.04349804983201],[13.610465979372933,51.04344684250862],[13.610408888906253,51.04344923922801],[13.61041428990508,51.04350043756373],[13.61047138016554,51.04349804983201]]]}},{"type":"Feature","id":"UUID_5693d57a-7f48-47cb-a9e6-a8ea8379d0c7","properties":{"id":"UUID_5693d57a-7f48-47cb-a9e6-a8ea8379d0c7","height_m":4.782,"ground_m":268.198,"height_source":"LoD1 solid top minus bottom","production":"2024","laser":"2016","footprints":"2022"},"geometry":{"type":"Polygon","coordinates":[[[13.610479768355102,51.04357766554302],[13.610473390498106,51.04351715684967],[13.61047138016554,51.04349804983201],[13.61041428990508,51.04350043756373],[13.610250288899039,51.04350730934537],[13.610258690701928,51.043586934228564],[13.610479768355102,51.04357766554302]]]}},{"type":"Feature","id":"UUID_0f3505b9-05eb-4997-9e5c-af7f2abbc9a3","properties":{"id":"UUID_0f3505b9-05eb-4997-9e5c-af7f2abbc9a3","height_m":6.188,"ground_m":268.198,"height_source":"LoD1 solid top minus bottom","production":"2024","laser":"2016","footprints":"2022"},"geometry":{"type":"Polygon","coordinates":[[[13.610727949217294,51.04343586531319],[13.610720824845302,51.04336835121621],[13.610660720992456,51.043370865113054],[13.610667845008361,51.04343838820278],[13.610727949217294,51.04343586531319]]]}},{"type":"Feature","id":"UUID_0e8353db-e8b1-4e01-8d54-8cff5c0dc8c1","properties":{"id":"UUID_0e8353db-e8b1-4e01-8d54-8cff5c0dc8c1","height_m":7.806,"ground_m":268.198,"height_source":"LoD1 solid top minus bottom","production":"2024","laser":"2016","footprints":"2022"},"geometry":{"type":"Polygon","coordinates":[[[13.610619877648645,51.04350824195187],[13.610473102038988,51.0435144015664],[13.610473390498106,51.04351715684967],[13.610530823831608,51.04351474618937],[13.610533233247496,51.04353767996949],[13.610622589836678,51.04353393118302],[13.610619877648645,51.04350824195187]]]}},{"type":"Feature","id":"UUID_5c16a142-ace7-4e64-9bba-8a3c2527abff","properties":{"id":"UUID_5c16a142-ace7-4e64-9bba-8a3c2527abff","height_m":9.465,"ground_m":268.198,"height_source":"LoD1 solid top minus bottom","production":"2024","laser":"2016","footprints":"2022"},"geometry":{"type":"Polygon","coordinates":[[[13.610689537442296,51.04350532009479],[13.61068719361063,51.043483052578665],[13.61068368055953,51.043449799720534],[13.610729215595292,51.043447894995886],[13.610727949217294,51.04343586531319],[13.610667845008361,51.04343838820278],[13.610465979372933,51.04344684250862],[13.610470758579801,51.04349212505701],[13.610473102038988,51.0435144015664],[13.610619877648645,51.04350824195187],[13.610689537442296,51.04350532009479]]]}},{"type":"Feature","id":"DESNATPU1000HnRO","properties":{"id":"DESNATPU1000HnRO","height_m":7.495,"ground_m":275.433,"height_source":"LoD1 solid top minus bottom","production":"2024","laser":"2016","footprints":"2022"},"geometry":{"type":"Polygon","coordinates":[[[13.61089329551105,51.04296098696396],[13.611118397098934,51.04299927485363],[13.611147093452413,51.042931718887964],[13.610921992166157,51.042893431055504],[13.61089329551105,51.04296098696396]]]}},{"type":"Feature","id":"UUID_d4e30575-ffa8-464c-9779-a6199ebfbec6","properties":{"id":"UUID_d4e30575-ffa8-464c-9779-a6199ebfbec6","height_m":6.785,"ground_m":285.136,"height_source":"LoD1 solid top minus bottom","production":"2024","laser":"2016","footprints":"2022"},"geometry":{"type":"Polygon","coordinates":[[[13.62362586949526,51.043434085080385],[13.623609202715743,51.04343521073803],[13.623630233225914,51.043492374977795],[13.62363759662175,51.0434894040953],[13.62362586949526,51.043434085080385]]]}},{"type":"Feature","id":"UUID_67245bf6-9d0f-449f-9693-88c962c0b6c1","properties":{"id":"UUID_67245bf6-9d0f-449f-9693-88c962c0b6c1","height_m":6.175,"ground_m":285.136,"height_source":"LoD1 solid top minus bottom","production":"2024","laser":"2016","footprints":"2022"},"geometry":{"type":"Polygon","coordinates":[[[13.623741441410065,51.04356185151855],[13.623731825102356,51.04353542482152],[13.623721786574063,51.04350784205013],[13.623640266494958,51.04351965193428],[13.623650141439324,51.043546495362214],[13.623659897376125,51.04357302263339],[13.623681706332365,51.043570230881684],[13.623741441410065,51.04356185151855]]]}},{"type":"Feature","id":"UUID_0681454b-a7ce-46ed-aa94-6e2764a6c22a","properties":{"id":"UUID_0681454b-a7ce-46ed-aa94-6e2764a6c22a","height_m":6.897,"ground_m":285.136,"height_source":"LoD1 solid top minus bottom","production":"2024","laser":"2016","footprints":"2022"},"geometry":{"type":"Polygon","coordinates":[[[13.623609202715743,51.04343521073803],[13.623580957843028,51.04343711730114],[13.623535274259034,51.0434402033627],[13.623565948058785,51.04358400260641],[13.623583902594904,51.04358274823533],[13.623659897376125,51.04357302263339],[13.62365959416457,51.043572182715565],[13.623640266494958,51.04351965193428],[13.623630233225914,51.043492374977795],[13.623609202715743,51.04343521073803]]]}},{"type":"Feature","id":"DESNATPU1000B0k8","properties":{"id":"DESNATPU1000B0k8","height_m":4.337,"ground_m":285.823,"height_source":"LoD1 solid top minus bottom","production":"2024","laser":"2016","footprints":"2022"},"geometry":{"type":"Polygon","coordinates":[[[13.620256406653636,51.04474141635913],[13.620136695670455,51.04476037194036],[13.620166694023029,51.04483583548765],[13.620286432909996,51.04481690718353],[13.620256406653636,51.04474141635913]]]}},{"type":"Feature","id":"UUID_f10fda7c-3ad6-456d-92c9-54b2b59a07fd","properties":{"id":"UUID_f10fda7c-3ad6-456d-92c9-54b2b59a07fd","height_m":5.274,"ground_m":274.486,"height_source":"LoD1 solid top minus bottom","production":"2024","laser":"2016","footprints":"2022"},"geometry":{"type":"Polygon","coordinates":[[[13.617975996429623,51.045553828369236],[13.617977333684527,51.04553765682864],[13.617935995513959,51.045536538423505],[13.617926443319924,51.0455363355201],[13.617925250530336,51.04555244581795],[13.61797599241633,51.045553963216406],[13.617975996429623,51.045553828369236]]]}},{"type":"Feature","id":"UUID_8039ccaa-6a4b-4108-a8a9-cdbceeb9d142","properties":{"id":"UUID_8039ccaa-6a4b-4108-a8a9-cdbceeb9d142","height_m":2.166,"ground_m":274.486,"height_source":"LoD1 solid top minus bottom","production":"2024","laser":"2016","footprints":"2022"},"geometry":{"type":"Polygon","coordinates":[[[13.617811250204493,51.04557211406045],[13.617807373631823,51.04562566634212],[13.617857435691915,51.04562749949785],[13.617861707422215,51.04557361015547],[13.617811250204493,51.04557211406045]]]}},{"type":"Feature","id":"UUID_68ac5644-c28c-4ff4-a044-e3c0a4152032","properties":{"id":"UUID_68ac5644-c28c-4ff4-a044-e3c0a4152032","height_m":7.766,"ground_m":274.486,"height_source":"LoD1 solid top minus bottom","production":"2024","laser":"2016","footprints":"2022"},"geometry":{"type":"Polygon","coordinates":[[[13.617863533294434,51.04555060973383],[13.617861707422215,51.04557361015547],[13.617857435691915,51.04562749949785],[13.6178582480353,51.045627527091874],[13.617922552318158,51.04562968155072],[13.617987084784133,51.04563183867273],[13.617993666698563,51.04555448699587],[13.617975996429623,51.045553828369236],[13.61797599241633,51.045553963216406],[13.61792889920696,51.04555256091472],[13.617925250530336,51.04555244581795],[13.617925248657398,51.04555250874662],[13.617863533294434,51.04555060973383]]]}},{"type":"Feature","id":"DESNATPU1000EN4e","properties":{"id":"DESNATPU1000EN4e","height_m":2.514,"ground_m":304.865,"height_source":"LoD1 solid top minus bottom","production":"2024","laser":"2016","footprints":"2022"},"geometry":{"type":"Polygon","coordinates":[[[13.630223856778974,51.03569923581884],[13.63031604360517,51.03564923632692],[13.630256843361233,51.03560600557961],[13.63016479913931,51.03565600669685],[13.630223856778974,51.03569923581884]]]}},{"type":"Feature","id":"DESNATPU1000EVsp","properties":{"id":"DESNATPU1000EVsp","height_m":5.316,"ground_m":291.002,"height_source":"LoD1 solid top minus bottom","production":"2024","laser":"2016","footprints":"2022"},"geometry":{"type":"Polygon","coordinates":[[[13.61843882558093,51.04364406695566],[13.618456213080666,51.04370695357851],[13.618597810419296,51.04368974229597],[13.61858093966659,51.043628660399094],[13.61843882558093,51.04364406695566]]]}},{"type":"Feature","id":"DESNATPU1000HPxH","properties":{"id":"DESNATPU1000HPxH","height_m":6.0,"ground_m":290.306,"height_source":"LoD1 solid top minus bottom","production":"2024","laser":"2016","footprints":"2022"},"geometry":{"type":"Polygon","coordinates":[[[13.618456213080666,51.04370695357851],[13.61847386357825,51.0437657964673],[13.618615601021032,51.043748676748805],[13.618597810419296,51.04368974229597],[13.618456213080666,51.04370695357851]]]}},{"type":"Feature","id":"DESNATP1h60000L9","properties":{"id":"DESNATP1h60000L9","height_m":2.505,"ground_m":303.505,"height_source":"LoD1 solid top minus bottom","production":"2024","laser":"2016","footprints":"2022"},"geometry":{"type":"Polygon","coordinates":[[[13.607397649553533,51.036528744120126],[13.607414155002902,51.0364867816607],[13.607200054724355,51.03645330293491],[13.607183549094653,51.03649526536291],[13.607397649553533,51.036528744120126]]]}},{"type":"Feature","id":"DESNATPU1000EKvk","properties":{"id":"DESNATPU1000EKvk","height_m":2.784,"ground_m":304.276,"height_source":"LoD1 solid top minus bottom","production":"2024","laser":"2016","footprints":"2022"},"geometry":{"type":"Polygon","coordinates":[[[13.607960013495052,51.03607162220064],[13.608089128765936,51.036089527560065],[13.608104435039774,51.03604519455338],[13.607975465159727,51.036027201012345],[13.607960013495052,51.03607162220064]]]}},{"type":"Feature","id":"DESNATPU1000BN5X","properties":{"id":"DESNATPU1000BN5X","height_m":2.281,"ground_m":294.053,"height_source":"LoD1 solid top minus bottom","production":"2024","laser":"2016","footprints":"2022"},"geometry":{"type":"Polygon","coordinates":[[[13.619305393690862,51.04293586002458],[13.619289670315078,51.04288414447945],[13.61920540712273,51.04289417422094],[13.61922035911375,51.042946402255616],[13.619305393690862,51.04293586002458]]]}},{"type":"Feature","id":"UUID_783d52c0-bb9a-4785-bf86-1f28ebaa0298","properties":{"id":"UUID_783d52c0-bb9a-4785-bf86-1f28ebaa0298","height_m":8.403,"ground_m":293.039,"height_source":"LoD1 solid top minus bottom","production":"2024","laser":"2016","footprints":"2022"},"geometry":{"type":"Polygon","coordinates":[[[13.622913269972337,51.042344500147436],[13.622927431419244,51.04239369673981],[13.623017177876035,51.042383423172055],[13.623068708138858,51.04237748349264],[13.623054615447941,51.042328368664826],[13.623040650992921,51.042279740966556],[13.622899236760075,51.042295790684754],[13.622913269972337,51.042344500147436]]]}},{"type":"Feature","id":"UUID_f8437c1e-d1d9-4b05-be4a-abf28957f216","properties":{"id":"UUID_f8437c1e-d1d9-4b05-be4a-abf28957f216","height_m":8.373,"ground_m":293.039,"height_source":"LoD1 solid top minus bottom","production":"2024","laser":"2016","footprints":"2022"},"geometry":{"type":"Polygon","coordinates":[[[13.62308238095234,51.04232528749592],[13.623054615447941,51.042328368664826],[13.623068708138858,51.04237748349264],[13.623096477136727,51.04237428545279],[13.62308238095234,51.04232528749592]]]}},{"type":"Feature","id":"UUID_65b9b658-2ba3-4d81-bd80-157ee71833d0","properties":{"id":"UUID_65b9b658-2ba3-4d81-bd80-157ee71833d0","height_m":8.637,"ground_m":278.745,"height_source":"LoD1 solid top minus bottom","production":"2024","laser":"2016","footprints":"2022"},"geometry":{"type":"Polygon","coordinates":[[[13.604073255073157,51.04636650304951],[13.604129841641667,51.04643700053006],[13.604235108256603,51.04640297841758],[13.604179255041151,51.04633275953731],[13.604073255073157,51.04636650304951]]]}},{"type":"Feature","id":"UUID_de9b6a03-e7c3-4c40-be2f-c44e988f04b3","properties":{"id":"UUID_de9b6a03-e7c3-4c40-be2f-c44e988f04b3","height_m":7.661,"ground_m":278.745,"height_source":"LoD1 solid top minus bottom","production":"2024","laser":"2016","footprints":"2022"},"geometry":{"type":"Polygon","coordinates":[[[13.604137354428728,51.04622362377905],[13.603994901102089,51.04626886547034],[13.604073255073157,51.04636650304951],[13.604179255041151,51.04633275953731],[13.604215740661974,51.046321144739025],[13.604137354428728,51.04622362377905]]]}},{"type":"Feature","id":"DESNATPU1000J4rh","properties":{"id":"DESNATPU1000J4rh","height_m":3.209,"ground_m":287.505,"height_source":"LoD1 solid top minus bottom","production":"2024","laser":"2016","footprints":"2022"},"geometry":{"type":"Polygon","coordinates":[[[13.62002485141563,51.04438930503422],[13.619994168894795,51.0443042378583],[13.619936957053575,51.04431214150363],[13.619965729181228,51.04439764477552],[13.62002485141563,51.04438930503422]]]}},{"type":"Feature","id":"DESNATPU1000Hcn1","properties":{"id":"DESNATPU1000Hcn1","height_m":6.601,"ground_m":291.303,"height_source":"LoD1 solid top minus bottom","production":"2024","laser":"2016","footprints":"2022"},"geometry":{"type":"Polygon","coordinates":[[[13.621541342684381,51.04305056839984],[13.621559582726254,51.04308486694329],[13.62158798967949,51.04313709150452],[13.621693084683168,51.043114409830544],[13.621647567660792,51.043028259815756],[13.621618281966192,51.04303447924842],[13.621600049004089,51.04302877846197],[13.621580960127316,51.043032690060905],[13.621572059761375,51.04304418601152],[13.621541342684381,51.04305056839984]]]}},{"type":"Feature","id":"DESNATPU1000Fq8a","properties":{"id":"DESNATPU1000Fq8a","height_m":8.914,"ground_m":278.903,"height_source":"LoD1 solid top minus bottom","production":"2024","laser":"2016","footprints":"2022"},"geometry":{"type":"Polygon","coordinates":[[[13.606414313473355,51.04576032253592],[13.60667885232569,51.04576356693955],[13.60668017887117,51.045690829514776],[13.606416326502636,51.045688492597534],[13.606414313473355,51.04576032253592]]]}},{"type":"Feature","id":"DESNATP1h60000Ld","properties":{"id":"DESNATP1h60000Ld","height_m":3.007,"ground_m":298.913,"height_source":"LoD1 solid top minus bottom","production":"2024","laser":"2016","footprints":"2022"},"geometry":{"type":"Polygon","coordinates":[[[13.630495992443988,51.034808154662755],[13.630421174153259,51.03485011131026],[13.630473815658256,51.0348874376592],[13.630548648220653,51.034845481145446],[13.630495992443988,51.034808154662755]]]}},{"type":"Feature","id":"DESNATPU1000I8eH","properties":{"id":"DESNATPU1000I8eH","height_m":7.243,"ground_m":284.299,"height_source":"LoD1 solid top minus bottom","production":"2024","laser":"2016","footprints":"2022"},"geometry":{"type":"Polygon","coordinates":[[[13.620243753475174,51.0450006693133],[13.620286000310598,51.045110432761895],[13.620396776440563,51.045093574820186],[13.620354532027942,51.04498372151123],[13.620243753475174,51.0450006693133]]]}},{"type":"Feature","id":"DESNATP1h60000L7","properties":{"id":"DESNATP1h60000L7","height_m":3.217,"ground_m":302.556,"height_source":"LoD1 solid top minus bottom","production":"2024","laser":"2016","footprints":"2022"},"geometry":{"type":"Polygon","coordinates":[[[13.6068363086347,51.03676876661032],[13.606842968588344,51.03672029282394],[13.606703558798458,51.03671268622764],[13.606696912958967,51.03676116017504],[13.6068363086347,51.03676876661032]]]}},{"type":"Feature","id":"DESNATPU1000GUrY","properties":{"id":"DESNATPU1000GUrY","height_m":6.337,"ground_m":282.606,"height_source":"LoD1 solid top minus bottom","production":"2024","laser":"2016","footprints":"2022"},"geometry":{"type":"Polygon","coordinates":[[[13.618976344602933,51.04492014804411],[13.618774903714451,51.0449443774385],[13.618792530991552,51.045004029357095],[13.61899253865275,51.04498051142477],[13.618976344602933,51.04492014804411]]]}},{"type":"Feature","id":"DESNATPU1000JEfF","properties":{"id":"DESNATPU1000JEfF","height_m":3.78,"ground_m":293.885,"height_source":"LoD1 solid top minus bottom","production":"2024","laser":"2016","footprints":"2022"},"geometry":{"type":"Polygon","coordinates":[[[13.620296006498101,51.04292984419732],[13.620277819633372,51.04285633669766],[13.620208559718103,51.04286265934013],[13.620230314408643,51.04293707230406],[13.620296006498101,51.04292984419732]]]}},{"type":"Feature","id":"DESNATPU1000Fh9R","properties":{"id":"DESNATPU1000Fh9R","height_m":8.902,"ground_m":288.892,"height_source":"LoD1 solid top minus bottom","production":"2024","laser":"2016","footprints":"2022"},"geometry":{"type":"Polygon","coordinates":[[[13.630165618957456,51.04277221144214],[13.630260795160606,51.042819640900206],[13.630285335680222,51.04280014402023],[13.630333259931652,51.04276167626426],[13.630282372379748,51.042736169270704],[13.630269663726702,51.04274627229117],[13.630207807056296,51.04271542076608],[13.630171878418464,51.0427437771039],[13.630190008934145,51.04275298260634],[13.630165618957456,51.04277221144214]]]}},{"type":"Feature","id":"UUID_106ee31e-bacb-40fa-adb6-dc672ad8fe8c","properties":{"id":"UUID_106ee31e-bacb-40fa-adb6-dc672ad8fe8c","height_m":4.091,"ground_m":287.342,"height_source":"LoD1 solid top minus bottom","production":"2024","laser":"2016","footprints":"2022"},"geometry":{"type":"Polygon","coordinates":[[[13.619439551774342,51.04433678828715],[13.619641674251065,51.04431016468316],[13.619704804467734,51.044301845469015],[13.619674929017254,51.044211724692964],[13.619409677086068,51.04424665845778],[13.619439551774342,51.04433678828715]]]}},{"type":"Feature","id":"UUID_733b6321-460e-4690-8d87-f1a21c382715","properties":{"id":"UUID_733b6321-460e-4690-8d87-f1a21c382715","height_m":8.178,"ground_m":287.342,"height_source":"LoD1 solid top minus bottom","production":"2024","laser":"2016","footprints":"2022"},"geometry":{"type":"Polygon","coordinates":[[[13.619641674251065,51.04431016468316],[13.619651283522785,51.04433915463736],[13.619714413510142,51.04433084440819],[13.619704804467734,51.044301845469015],[13.619641674251065,51.04431016468316]]]}},{"type":"Feature","id":"UUID_13329b18-38dc-4e55-802c-20acff3f5558","properties":{"id":"UUID_13329b18-38dc-4e55-802c-20acff3f5558","height_m":6.459,"ground_m":280.377,"height_source":"LoD1 solid top minus bottom","production":"2024","laser":"2016","footprints":"2022"},"geometry":{"type":"Polygon","coordinates":[[[13.623712258240014,51.04528831141976],[13.623730705074841,51.04532389803206],[13.623756573857555,51.04531844719346],[13.623738067563165,51.04528294082175],[13.623719587686994,51.045247506701706],[13.623693892735579,51.045252869649644],[13.623712258240014,51.04528831141976]]]}},{"type":"Feature","id":"UUID_42d5093d-4cce-4a82-8ac1-a03d2f28629c","properties":{"id":"UUID_42d5093d-4cce-4a82-8ac1-a03d2f28629c","height_m":6.929,"ground_m":280.377,"height_source":"LoD1 solid top minus bottom","production":"2024","laser":"2016","footprints":"2022"},"geometry":{"type":"Polygon","coordinates":[[[13.623586475573887,51.04535376463026],[13.62362207435013,51.045346369036096],[13.623730664423428,51.04532382560953],[13.623693892735579,51.045252869649644],[13.623680668384631,51.04522735371749],[13.623536410631875,51.04525721992054],[13.623586475573887,51.04535376463026]]]}},{"type":"Feature","id":"UUID_673972f7-beae-4ec5-9815-712ded2c8118","properties":{"id":"UUID_673972f7-beae-4ec5-9815-712ded2c8118","height_m":3.083,"ground_m":280.377,"height_source":"LoD1 solid top minus bottom","production":"2024","laser":"2016","footprints":"2022"},"geometry":{"type":"Polygon","coordinates":[[[13.62362207435013,51.045346369036096],[13.623638133901194,51.04537730515756],[13.623746365117253,51.04535483842631],[13.623730303103342,51.045323983227604],[13.623730262451929,51.045323910805074],[13.62362207435013,51.045346369036096]]]}},{"type":"Feature","id":"UUID_fc6c1eba-949a-4b67-99ca-0cca56dcefe5","properties":{"id":"UUID_fc6c1eba-949a-4b67-99ca-0cca56dcefe5","height_m":3.232,"ground_m":283.219,"height_source":"LoD1 solid top minus bottom","production":"2024","laser":"2016","footprints":"2022"},"geometry":{"type":"Polygon","coordinates":[[[13.617514296218957,51.044375332233436],[13.617512520484453,51.04443497963071],[13.617594043701779,51.04443515269432],[13.617594054138808,51.044434802091665],[13.617595795781464,51.044376296398404],[13.617514296218957,51.044375332233436]]]}},{"type":"Feature","id":"UUID_b13cf72e-4e15-4bde-87f6-35e4e81eb505","properties":{"id":"UUID_b13cf72e-4e15-4bde-87f6-35e4e81eb505","height_m":6.865,"ground_m":283.219,"height_source":"LoD1 solid top minus bottom","production":"2024","laser":"2016","footprints":"2022"},"geometry":{"type":"Polygon","coordinates":[[[13.617629244311948,51.044469895305475],[13.61763027621363,51.04443523059208],[13.617594054138808,51.044434802091665],[13.617594043701779,51.04443515269432],[13.617512520484453,51.04443497963071],[13.617512511920234,51.04443526730467],[13.617483077920648,51.044434919077105],[13.617482067320168,51.04446886460348],[13.617480953409212,51.04450628019663],[13.617628109378304,51.04450802109605],[13.617629244311948,51.044469895305475]]]}},{"type":"Feature","id":"DESNATPU1000HNVk","properties":{"id":"DESNATPU1000HNVk","height_m":2.647,"ground_m":303.435,"height_source":"LoD1 solid top minus bottom","production":"2024","laser":"2016","footprints":"2022"},"geometry":{"type":"Polygon","coordinates":[[[13.629366499552106,51.03550667863896],[13.629270375470266,51.03555474267257],[13.629325284053868,51.035598373230684],[13.629421125663299,51.03555021590903],[13.629366499552106,51.03550667863896]]]}},{"type":"Feature","id":"UUID_3aac3059-a400-457c-9ffc-192497ee3b79","properties":{"id":"UUID_3aac3059-a400-457c-9ffc-192497ee3b79","height_m":5.845,"ground_m":284.933,"height_source":"LoD1 solid top minus bottom","production":"2024","laser":"2016","footprints":"2022"},"geometry":{"type":"Polygon","coordinates":[[[13.627862286683865,51.043465345064256],[13.627875331551861,51.04340043409523],[13.627768457734458,51.04339166999847],[13.6277190777498,51.04338758286215],[13.62771203907326,51.043423022439036],[13.627705888735258,51.04345253708681],[13.627862286683865,51.043465345064256]]]}},{"type":"Feature","id":"UUID_349a10c4-3d51-4aad-a726-3504f902f4e4","properties":{"id":"UUID_349a10c4-3d51-4aad-a726-3504f902f4e4","height_m":7.484,"ground_m":284.933,"height_source":"LoD1 solid top minus bottom","production":"2024","laser":"2016","footprints":"2022"},"geometry":{"type":"Polygon","coordinates":[[[13.627833520969778,51.04360848114219],[13.627896453508756,51.04361207986793],[13.627959372063266,51.043615669402534],[13.627981364281863,51.04349561066621],[13.62799885556019,51.04341056267109],[13.627875360072668,51.043400434430126],[13.627862286683865,51.043465345064256],[13.627857981328033,51.04348552869403],[13.627833520969778,51.04360848114219]]]}},{"type":"Feature","id":"DESNATPU1000Izvg","properties":{"id":"DESNATPU1000Izvg","height_m":11.672,"ground_m":284.617,"height_source":"LoD1 solid top minus bottom","production":"2024","laser":"2016","footprints":"2022"},"geometry":{"type":"Polygon","coordinates":[[[13.62431208354243,51.0435561605137],[13.624756464166461,51.043531624414534],[13.62474425828778,51.04344281005148],[13.624300023776119,51.043467257891535],[13.62431208354243,51.0435561605137]]]}},{"type":"Feature","id":"DESNATPU1000DXDL","properties":{"id":"DESNATPU1000DXDL","height_m":3.82,"ground_m":302.027,"height_source":"LoD1 solid top minus bottom","production":"2024","laser":"2016","footprints":"2022"},"geometry":{"type":"Polygon","coordinates":[[[13.607358510161236,51.03489266711565],[13.607444485842523,51.034907900720356],[13.607466501753361,51.034858611671645],[13.607380528850454,51.03484328818579],[13.607358510161236,51.03489266711565]]]}},{"type":"Feature","id":"DESNATPU1000DCbI","properties":{"id":"DESNATPU1000DCbI","height_m":7.328,"ground_m":278.025,"height_source":"LoD1 solid top minus bottom","production":"2024","laser":"2016","footprints":"2022"},"geometry":{"type":"Polygon","coordinates":[[[13.611145427073406,51.042663078625374],[13.611142942918919,51.04274614428154],[13.61126557980021,51.042747601799256],[13.611268063735517,51.0426645361388],[13.611145427073406,51.042663078625374]]]}},{"type":"Feature","id":"DESNATPU1000JNp7","properties":{"id":"DESNATPU1000JNp7","height_m":4.951,"ground_m":292.857,"height_source":"LoD1 solid top minus bottom","production":"2024","laser":"2016","footprints":"2022"},"geometry":{"type":"Polygon","coordinates":[[[13.620694765501685,51.043182847745776],[13.620797190054544,51.04316364261582],[13.620765511501125,51.04309672069236],[13.620663229686574,51.04311592747907],[13.620694765501685,51.043182847745776]]]}},{"type":"Feature","id":"DESNATPU1000HZXF","properties":{"id":"DESNATPU1000HZXF","height_m":6.161,"ground_m":275.709,"height_source":"LoD1 solid top minus bottom","production":"2024","laser":"2016","footprints":"2022"},"geometry":{"type":"Polygon","coordinates":[[[13.611413896656515,51.04292263218062],[13.611442901091229,51.042853344158324],[13.61134964236075,51.042837838180596],[13.611231400932589,51.04281818622432],[13.611185617834689,51.0429276263051],[13.611296336310975,51.042946028808636],[13.611397121141868,51.04296269442704],[13.611413896656515,51.04292263218062]]]}},{"type":"Feature","id":"DESNATPU1000CLqP","properties":{"id":"DESNATPU1000CLqP","height_m":8.059,"ground_m":292.367,"height_source":"LoD1 solid top minus bottom","production":"2024","laser":"2016","footprints":"2022"},"geometry":{"type":"Polygon","coordinates":[[[13.62052293167086,51.043204740690854],[13.620607953411186,51.04336321136307],[13.620755537676624,51.04333167938061],[13.62067022761032,51.04317329534325],[13.62052293167086,51.043204740690854]]]}},{"type":"Feature","id":"DESNATPU1000Bog4","properties":{"id":"DESNATPU1000Bog4","height_m":2.651,"ground_m":286.974,"height_source":"LoD1 solid top minus bottom","production":"2024","laser":"2016","footprints":"2022"},"geometry":{"type":"Polygon","coordinates":[[[13.621243806512343,51.04459169164286],[13.621261057064277,51.044649719999825],[13.621339943379503,51.044640218867954],[13.621322404848566,51.04458227705509],[13.621243806512343,51.04459169164286]]]}},{"type":"Feature","id":"DESNATPU1000Dv1I","properties":{"id":"DESNATPU1000Dv1I","height_m":2.31,"ground_m":302.541,"height_source":"LoD1 solid top minus bottom","production":"2024","laser":"2016","footprints":"2022"},"geometry":{"type":"Polygon","coordinates":[[[13.608001414157712,51.03494564349084],[13.607913222948536,51.03492913387521],[13.607893546068993,51.03497701199287],[13.607979225850592,51.03499356364792],[13.608001414157712,51.03494564349084]]]}},{"type":"Feature","id":"DESNATPU1000Jc0d","properties":{"id":"DESNATPU1000Jc0d","height_m":5.349,"ground_m":293.753,"height_source":"LoD1 solid top minus bottom","production":"2024","laser":"2016","footprints":"2022"},"geometry":{"type":"Polygon","coordinates":[[[13.61964383674555,51.042382464603456],[13.61945744056553,51.04240436381354],[13.619480761918028,51.04248409230162],[13.619667144415647,51.04246218389876],[13.61964383674555,51.042382464603456]]]}},{"type":"Feature","id":"DESNATPU1000FOSO","properties":{"id":"DESNATPU1000FOSO","height_m":7.487,"ground_m":292.635,"height_source":"LoD1 solid top minus bottom","production":"2024","laser":"2016","footprints":"2022"},"geometry":{"type":"Polygon","coordinates":[[[13.62562440414459,51.042238663987455],[13.62561768645791,51.042128241182986],[13.625456803328925,51.04213219428091],[13.625463523293998,51.04224252719316],[13.62562440414459,51.042238663987455]]]}},{"type":"Feature","id":"DESNATPU1000BpnQ","properties":{"id":"DESNATPU1000BpnQ","height_m":4.284,"ground_m":279.002,"height_source":"LoD1 solid top minus bottom","production":"2024","laser":"2016","footprints":"2022"},"geometry":{"type":"Polygon","coordinates":[[[13.610479461871313,51.042550932803486],[13.610485105871252,51.0424624190064],[13.610410415695045,51.042460451682864],[13.610404766173339,51.04254914527098],[13.610479461871313,51.042550932803486]]]}},{"type":"Feature","id":"DESNATPU1000Cyl8","properties":{"id":"DESNATPU1000Cyl8","height_m":2.635,"ground_m":280.762,"height_source":"LoD1 solid top minus bottom","production":"2024","laser":"2016","footprints":"2022"},"geometry":{"type":"Polygon","coordinates":[[[13.623402510809077,51.04522641547687],[13.623426080377715,51.04527831278479],[13.623508409919742,51.045263365035574],[13.623484694991866,51.045211555961906],[13.623402510809077,51.04522641547687]]]}},{"type":"Feature","id":"DESNATPU1000Ei1o","properties":{"id":"DESNATPU1000Ei1o","height_m":3.213,"ground_m":302.716,"height_source":"LoD1 solid top minus bottom","production":"2024","laser":"2016","footprints":"2022"},"geometry":{"type":"Polygon","coordinates":[[[13.607276096692148,51.036660085985964],[13.607137688066288,51.03663859765977],[13.607118525275279,51.036692111384],[13.607259356816154,51.036714617840836],[13.607276096692148,51.036660085985964]]]}},{"type":"Feature","id":"DESNATPU1000GzwA","properties":{"id":"DESNATPU1000GzwA","height_m":3.502,"ground_m":277.321,"height_source":"LoD1 solid top minus bottom","production":"2024","laser":"2016","footprints":"2022"},"geometry":{"type":"Polygon","coordinates":[[[13.62421141126704,51.04617903445571],[13.624209142103798,51.04614969065953],[13.624079926184317,51.046153295297835],[13.62408176742894,51.0461826340584],[13.624085131099223,51.04622799823014],[13.62421434722641,51.04622439358772],[13.62421141126704,51.04617903445571]]]}},{"type":"Feature","id":"DESNATPU1000JD4u","properties":{"id":"DESNATPU1000JD4u","height_m":5.664,"ground_m":287.117,"height_source":"LoD1 solid top minus bottom","production":"2024","laser":"2016","footprints":"2022"},"geometry":{"type":"Polygon","coordinates":[[[13.624896226664395,51.04284688046335],[13.624911038971067,51.04292523968223],[13.624995834447196,51.04291887223374],[13.624981036525442,51.0428405042024],[13.624896226664395,51.04284688046335]]]}},{"type":"Feature","id":"DESNATPU1000Ilag","properties":{"id":"DESNATPU1000Ilag","height_m":7.456,"ground_m":275.566,"height_source":"LoD1 solid top minus bottom","production":"2024","laser":"2016","footprints":"2022"},"geometry":{"type":"Polygon","coordinates":[[[13.603446907420807,51.04389797134793],[13.603572239501712,51.043885799797046],[13.603549005743577,51.04379028639251],[13.603423394114818,51.04380227471688],[13.603446907420807,51.04389797134793]]]}},{"type":"Feature","id":"DESNATPU1000H6hh","properties":{"id":"DESNATPU1000H6hh","height_m":3.493,"ground_m":293.656,"height_source":"LoD1 solid top minus bottom","production":"2024","laser":"2016","footprints":"2022"},"geometry":{"type":"Polygon","coordinates":[[[13.619308103317216,51.04309902466198],[13.619197759617714,51.04311156104639],[13.61920941070795,51.043157742766454],[13.619322452111644,51.043145157308096],[13.619308103317216,51.04309902466198]]]}},{"type":"Feature","id":"DESNATPU1000DGR3","properties":{"id":"DESNATPU1000DGR3","height_m":2.478,"ground_m":297.436,"height_source":"LoD1 solid top minus bottom","production":"2024","laser":"2016","footprints":"2022"},"geometry":{"type":"Polygon","coordinates":[[[13.628023385461837,51.03879829136162],[13.627738168193252,51.038777864559385],[13.627727608880035,51.03882386553628],[13.628016269967386,51.0388411942487],[13.628023385461837,51.03879829136162]]]}},{"type":"Feature","id":"DESNATPU1000IQZC","properties":{"id":"DESNATPU1000IQZC","height_m":7.511,"ground_m":298.038,"height_source":"LoD1 solid top minus bottom","production":"2024","laser":"2016","footprints":"2022"},"geometry":{"type":"Polygon","coordinates":[[[13.6279192586968,51.0391082887058],[13.627922831800804,51.03901147629842],[13.627794368333591,51.039009608086836],[13.627791082799721,51.03910633393861],[13.6279192586968,51.0391082887058]]]}},{"type":"Feature","id":"DESNATP1CG00005j","properties":{"id":"DESNATP1CG00005j","height_m":6.873,"ground_m":294.779,"height_source":"LoD1 solid top minus bottom","production":"2024","laser":"2016","footprints":"2022"},"geometry":{"type":"Polygon","coordinates":[[[13.623036509692373,51.04200276245213],[13.62300978352403,51.041917391945255],[13.622870605462957,51.041933593877616],[13.622894493387095,51.04201893996196],[13.623036509692373,51.04200276245213]]]}},{"type":"Feature","id":"DESNATPU1000GVS8","properties":{"id":"DESNATPU1000GVS8","height_m":2.587,"ground_m":298.828,"height_source":"LoD1 solid top minus bottom","production":"2024","laser":"2016","footprints":"2022"},"geometry":{"type":"Polygon","coordinates":[[[13.630216059241357,51.03494887801606],[13.63015966468359,51.034989494686734],[13.630223939701267,51.035025051017456],[13.630280328945771,51.03498461411338],[13.630216059241357,51.03494887801606]]]}},{"type":"Feature","id":"DESNATPU1000E3fC","properties":{"id":"DESNATPU1000E3fC","height_m":5.36,"ground_m":281.789,"height_source":"LoD1 solid top minus bottom","production":"2024","laser":"2016","footprints":"2022"},"geometry":{"type":"Polygon","coordinates":[[[13.618234318157711,51.04491739265118],[13.618206109333903,51.04492092607383],[13.61821882233038,51.04496352324758],[13.618344365880613,51.04494900018175],[13.618319160707557,51.044865966785714],[13.618313057290935,51.04484575035382],[13.618216282531256,51.044857106307525],[13.618234318157711,51.04491739265118]]]}},{"type":"Feature","id":"DESNATPU1000BIdv","properties":{"id":"DESNATPU1000BIdv","height_m":9.024,"ground_m":283.574,"height_source":"LoD1 solid top minus bottom","production":"2024","laser":"2016","footprints":"2022"},"geometry":{"type":"Polygon","coordinates":[[[13.62086931729454,51.045365524520115],[13.620849127789697,51.04531519538277],[13.620768987101357,51.045327981803545],[13.620688588070518,51.045340819078014],[13.620709059960626,51.04539124150634],[13.620770982431267,51.04538136066558],[13.62077537615004,51.04539193430211],[13.620793623285808,51.04538902011047],[13.620806337382326,51.045386993868256],[13.620802088936646,51.04537633201774],[13.62086931729454,51.045365524520115]]]}},{"type":"Feature","id":"UUID_0e6814f6-08c0-49a7-9e1e-f8e279ac4a5b","properties":{"id":"UUID_0e6814f6-08c0-49a7-9e1e-f8e279ac4a5b","height_m":6.798,"ground_m":292.985,"height_source":"LoD1 solid top minus bottom","production":"2024","laser":"2016","footprints":"2022"},"geometry":{"type":"Polygon","coordinates":[[[13.62128222612098,51.04254804156273],[13.621148449040888,51.04256290227111],[13.621156931259579,51.042592877028895],[13.62117423019295,51.042654053533845],[13.621307623038753,51.04263917027585],[13.62128222612098,51.04254804156273]]]}},{"type":"Feature","id":"UUID_c3518ac7-e560-4dd8-a04d-58165d0989b2","properties":{"id":"UUID_c3518ac7-e560-4dd8-a04d-58165d0989b2","height_m":9.956,"ground_m":292.985,"height_source":"LoD1 solid top minus bottom","production":"2024","laser":"2016","footprints":"2022"},"geometry":{"type":"Polygon","coordinates":[[[13.621126365089516,51.04256535756398],[13.621134602737065,51.04259540138134],[13.621156931259579,51.042592877028895],[13.621148449040888,51.04256290227111],[13.621126365089516,51.04256535756398]]]}},{"type":"Feature","id":"UUID_0352b301-829e-4a29-953f-ce2aaf2641b9","properties":{"id":"UUID_0352b301-829e-4a29-953f-ce2aaf2641b9","height_m":4.451,"ground_m":276.447,"height_source":"LoD1 solid top minus bottom","production":"2024","laser":"2016","footprints":"2022"},"geometry":{"type":"Polygon","coordinates":[[[13.62418748170506,51.04629332315829],[13.62414412744669,51.04629281272505],[13.624143188612525,51.04632931312742],[13.624179338905327,51.0463274005737],[13.624178048281767,51.0463661450766],[13.624184965008263,51.04636622651],[13.62418748170506,51.04629332315829]]]}},{"type":"Feature","id":"UUID_71487f57-94da-4f6a-a3f5-5d678b1bb3f5","properties":{"id":"UUID_71487f57-94da-4f6a-a3f5-5d678b1bb3f5","height_m":6.228,"ground_m":276.447,"height_source":"LoD1 solid top minus bottom","production":"2024","laser":"2016","footprints":"2022"},"geometry":{"type":"Polygon","coordinates":[[[13.624228330625735,51.04638176431322],[13.62422719229488,51.04641681449876],[13.624306630443504,51.04641765976791],[13.624311483622831,51.046379047133534],[13.624228330625735,51.04638176431322]]]}},{"type":"Feature","id":"UUID_8efc1da9-4aef-4e70-8b46-6486b89fe877","properties":{"id":"UUID_8efc1da9-4aef-4e70-8b46-6486b89fe877","height_m":4.043,"ground_m":276.447,"height_source":"LoD1 solid top minus bottom","production":"2024","laser":"2016","footprints":"2022"},"geometry":{"type":"Polygon","coordinates":[[[13.624296810187285,51.0462627751589],[13.624368902287483,51.04626213100256],[13.624370831876764,51.04622974305572],[13.62429447825535,51.046230732735246],[13.624296810187285,51.0462627751589]]]}},{"type":"Feature","id":"UUID_0344b042-fdfa-4e21-bf0c-b76085f70f17","properties":{"id":"UUID_0344b042-fdfa-4e21-bf0c-b76085f70f17","height_m":4.525,"ground_m":276.447,"height_source":"LoD1 solid top minus bottom","production":"2024","laser":"2016","footprints":"2022"},"geometry":{"type":"Polygon","coordinates":[[[13.624188500633373,51.04626374828498],[13.624184965008263,51.04636622651],[13.624362575146705,51.04636831744536],[13.624368902287483,51.04626213100256],[13.624188500633373,51.04626374828498]]]}},{"type":"Feature","id":"UUID_fd67e332-0e4c-483e-9368-6fef7743bd93","properties":{"id":"UUID_fd67e332-0e4c-483e-9368-6fef7743bd93","height_m":4.33,"ground_m":276.447,"height_source":"LoD1 solid top minus bottom","production":"2024","laser":"2016","footprints":"2022"},"geometry":{"type":"Polygon","coordinates":[[[13.624228330625735,51.04638176431322],[13.624311483622831,51.046379047133534],[13.624362035194359,51.04637739398799],[13.624362575146705,51.04636831744536],[13.624228818481132,51.04636674280506],[13.624228330625735,51.04638176431322]]]}},{"type":"Feature","id":"DESNATPU1000HheV","properties":{"id":"DESNATPU1000HheV","height_m":7.954,"ground_m":293.583,"height_source":"LoD1 solid top minus bottom","production":"2024","laser":"2016","footprints":"2022"},"geometry":{"type":"Polygon","coordinates":[[[13.620635749454975,51.04227512842194],[13.620633133269305,51.042266194491816],[13.6204990357196,51.042281779103114],[13.62052496044916,51.042370450152134],[13.62073319213054,51.042346270954134],[13.62070969970339,51.04226646875966],[13.620635749454975,51.04227512842194]]]}},{"type":"Feature","id":"DESNATPU1000CQQ1","properties":{"id":"DESNATPU1000CQQ1","height_m":2.506,"ground_m":304.418,"height_source":"LoD1 solid top minus bottom","production":"2024","laser":"2016","footprints":"2022"},"geometry":{"type":"Polygon","coordinates":[[[13.630010604033597,51.03573429042798],[13.629951131470095,51.03569546289324],[13.629889695665481,51.03573287278162],[13.62994888306284,51.03577169700388],[13.630010604033597,51.03573429042798]]]}},{"type":"Feature","id":"DESNATPU1000ELyN","properties":{"id":"DESNATPU1000ELyN","height_m":5.699,"ground_m":295.423,"height_source":"LoD1 solid top minus bottom","production":"2024","laser":"2016","footprints":"2022"},"geometry":{"type":"Polygon","coordinates":[[[13.622292847897935,51.042059591850695],[13.622329554175494,51.0421782822577],[13.622472011763126,51.0421607167229],[13.622435159867523,51.042042114574855],[13.622292847897935,51.042059591850695]]]}},{"type":"Feature","id":"DESNATPU1000HOBJ","properties":{"id":"DESNATPU1000HOBJ","height_m":6.275,"ground_m":293.985,"height_source":"LoD1 solid top minus bottom","production":"2024","laser":"2016","footprints":"2022"},"geometry":{"type":"Polygon","coordinates":[[[13.619665268882372,51.04276285996187],[13.619656466665765,51.042760480762865],[13.61964689729847,51.042760394703606],[13.619637986794887,51.042762618628885],[13.619631100557157,51.0427668089488],[13.619627255767899,51.04277233917793],[13.61962704795182,51.04277837101139],[13.61956877464219,51.04278509284497],[13.619589886145464,51.04285615294747],[13.619754627207561,51.042836731605924],[13.619733775181091,51.04276605230394],[13.619675558942012,51.04277277486477],[13.61967197364797,51.042767174853665],[13.619665268882372,51.04276285996187]]]}},{"type":"Feature","id":"DESNATPU1000GXOX","properties":{"id":"DESNATPU1000GXOX","height_m":3.714,"ground_m":298.177,"height_source":"LoD1 solid top minus bottom","production":"2024","laser":"2016","footprints":"2022"},"geometry":{"type":"Polygon","coordinates":[[[13.628209434098311,51.03891358031874],[13.628213871772449,51.0388550881343],[13.628103995881581,51.03885172980413],[13.62809941547929,51.03891022030929],[13.628209434098311,51.03891358031874]]]}},{"type":"Feature","id":"DESNATPU1000D1SV","properties":{"id":"DESNATPU1000D1SV","height_m":8.436,"ground_m":286.576,"height_source":"LoD1 solid top minus bottom","production":"2024","laser":"2016","footprints":"2022"},"geometry":{"type":"Polygon","coordinates":[[[13.6107790592465,51.0413243443385],[13.61129734003577,51.04147079541086],[13.611376731063729,51.041358427246074],[13.610858147249461,51.04121260242593],[13.6107790592465,51.0413243443385]]]}},{"type":"Feature","id":"DESNATPU1000Bd9N","properties":{"id":"DESNATPU1000Bd9N","height_m":2.396,"ground_m":294.441,"height_source":"LoD1 solid top minus bottom","production":"2024","laser":"2016","footprints":"2022"},"geometry":{"type":"Polygon","coordinates":[[[13.630638083338482,51.034218144698606],[13.630716947878419,51.03417967964109],[13.630673355074235,51.034144096159004],[13.63059449320978,51.034182471288766],[13.630638083338482,51.034218144698606]]]}},{"type":"Feature","id":"DESNATP1h60000LU","properties":{"id":"DESNATP1h60000LU","height_m":2.9,"ground_m":301.883,"height_source":"LoD1 solid top minus bottom","production":"2024","laser":"2016","footprints":"2022"},"geometry":{"type":"Polygon","coordinates":[[[13.629685850379627,51.03527929557647],[13.629564181224897,51.0353099915954],[13.629591535297129,51.03535309202067],[13.629713204547775,51.03532239597421],[13.629685850379627,51.03527929557647]]]}},{"type":"Feature","id":"DESNATPU1000F5If","properties":{"id":"DESNATPU1000F5If","height_m":2.412,"ground_m":293.765,"height_source":"LoD1 solid top minus bottom","production":"2024","laser":"2016","footprints":"2022"},"geometry":{"type":"Polygon","coordinates":[[[13.618870393970056,51.04240809252626],[13.618928651388241,51.042400453570444],[13.61889838069016,51.0422949319048],[13.618836800723807,51.04230061606961],[13.618870393970056,51.04240809252626]]]}},{"type":"Feature","id":"DESNATPU1000ITvn","properties":{"id":"DESNATPU1000ITvn","height_m":3.355,"ground_m":294.668,"height_source":"LoD1 solid top minus bottom","production":"2024","laser":"2016","footprints":"2022"},"geometry":{"type":"Polygon","coordinates":[[[13.629299988341659,51.03483151475033],[13.629248198814663,51.034788550269774],[13.629180200455474,51.03482120645134],[13.629231847376907,51.03486416928899],[13.629299988341659,51.03483151475033]]]}},{"type":"Feature","id":"DESNATPU1000GKtv","properties":{"id":"DESNATPU1000GKtv","height_m":2.218,"ground_m":292.465,"height_source":"LoD1 solid top minus bottom","production":"2024","laser":"2016","footprints":"2022"},"geometry":{"type":"Polygon","coordinates":[[[13.619461989982291,51.04355130103779],[13.619442434640671,51.0434989107404],[13.619359043661042,51.043511235116874],[13.619378881448654,51.04356371869529],[13.619461989982291,51.04355130103779]]]}},{"type":"Feature","id":"DESNATPU1000HQXJ","properties":{"id":"DESNATPU1000HQXJ","height_m":4.24,"ground_m":289.196,"height_source":"LoD1 solid top minus bottom","production":"2024","laser":"2016","footprints":"2022"},"geometry":{"type":"Polygon","coordinates":[[[13.626300138217164,51.04299095801062],[13.62629095084592,51.04308019518964],[13.626541419807522,51.04308551348808],[13.626545778848033,51.04299600371054],[13.626300138217164,51.04299095801062]]]}},{"type":"Feature","id":"UUID_c45fc38f-ca86-416a-8081-42c3526a5696","properties":{"id":"UUID_c45fc38f-ca86-416a-8081-42c3526a5696","height_m":7.74,"ground_m":274.622,"height_source":"LoD1 solid top minus bottom","production":"2024","laser":"2016","footprints":"2022"},"geometry":{"type":"Polygon","coordinates":[[[13.618180992492146,51.045684933077034],[13.61819654192136,51.04574104425696],[13.618196398775696,51.045741060550256],[13.618198216091853,51.04574710733268],[13.618262166724463,51.045740057608654],[13.618325602335158,51.045733055718166],[13.618313092289902,51.04568794292927],[13.618302797099537,51.04565086007437],[13.618239362935693,51.04565781700436],[13.618175413750947,51.04566482176777],[13.618180949441491,51.04568494156095],[13.618180992492146,51.045684933077034]]]}},{"type":"Feature","id":"UUID_6ca552a3-6fe3-4901-81fc-9de81dad574b","properties":{"id":"UUID_6ca552a3-6fe3-4901-81fc-9de81dad574b","height_m":4.321,"ground_m":274.622,"height_source":"LoD1 solid top minus bottom","production":"2024","laser":"2016","footprints":"2022"},"geometry":{"type":"Polygon","coordinates":[[[13.618156888428864,51.04574562941176],[13.618196398775696,51.045741060550256],[13.61819654192136,51.04574104425696],[13.618180992492146,51.045684933077034],[13.618180949441491,51.04568494156095],[13.618140723413491,51.045689591883765],[13.618156888428864,51.04574562941176]]]}},{"type":"Feature","id":"DESNATPU1000Hi3H","properties":{"id":"DESNATPU1000Hi3H","height_m":9.616,"ground_m":277.083,"height_source":"LoD1 solid top minus bottom","production":"2024","laser":"2016","footprints":"2022"},"geometry":{"type":"Polygon","coordinates":[[[13.62400227220937,51.04603448311646],[13.62386348561727,51.04603851439766],[13.623871827020078,51.04615660039303],[13.623890802834104,51.0461560594496],[13.624010611300893,51.04615265900305],[13.62400227220937,51.04603448311646]]]}},{"type":"Feature","id":"DESNATPU1000FJ6i","properties":{"id":"DESNATPU1000FJ6i","height_m":5.982,"ground_m":295.71,"height_source":"LoD1 solid top minus bottom","production":"2024","laser":"2016","footprints":"2022"},"geometry":{"type":"Polygon","coordinates":[[[13.622244067946149,51.04191512909106],[13.622375617890821,51.04189977324445],[13.622351769029443,51.0418189150045],[13.62222021397305,51.04183445062284],[13.622244067946149,51.04191512909106]]]}},{"type":"Feature","id":"DESNATPU1000IPWS","properties":{"id":"DESNATPU1000IPWS","height_m":8.11,"ground_m":271.88,"height_source":"LoD1 solid top minus bottom","production":"2024","laser":"2016","footprints":"2022"},"geometry":{"type":"Polygon","coordinates":[[[13.612339306393984,51.04319202056561],[13.612253328094788,51.04336726200781],[13.612341118515442,51.04338440199479],[13.612427236434083,51.0432092520774],[13.612339306393984,51.04319202056561]]]}},{"type":"Feature","id":"DESNATPU1000F6xW","properties":{"id":"DESNATPU1000F6xW","height_m":3.117,"ground_m":293.253,"height_source":"LoD1 solid top minus bottom","production":"2024","laser":"2016","footprints":"2022"},"geometry":{"type":"Polygon","coordinates":[[[13.621846243386285,51.04273586730147],[13.621820987708507,51.04265436286214],[13.621749401549874,51.04266314104219],[13.621774657106187,51.04274464549593],[13.621846243386285,51.04273586730147]]]}},{"type":"Feature","id":"DESNATPU1000HUl4","properties":{"id":"DESNATPU1000HUl4","height_m":7.376,"ground_m":288.87,"height_source":"LoD1 solid top minus bottom","production":"2024","laser":"2016","footprints":"2022"},"geometry":{"type":"Polygon","coordinates":[[[13.61854730347275,51.04389139728475],[13.618563135049575,51.04394904956746],[13.618610063753248,51.04394393876021],[13.61866766876123,51.04393767713456],[13.618723427730812,51.04393160949122],[13.618697178724233,51.04383570386746],[13.618612724108937,51.043844912563806],[13.618563934957136,51.043850226202565],[13.618574637295964,51.04388848294627],[13.61854730347275,51.04389139728475]]]}},{"type":"Feature","id":"DESNATPU1000JWlW","properties":{"id":"DESNATPU1000JWlW","height_m":2.405,"ground_m":304.238,"height_source":"LoD1 solid top minus bottom","production":"2024","laser":"2016","footprints":"2022"},"geometry":{"type":"Polygon","coordinates":[[[13.608380525597974,51.035927617129545],[13.60821764440283,51.03590513715825],[13.608206124156789,51.03594307629],[13.60837138843466,51.035965998336366],[13.608380525597974,51.035927617129545]]]}},{"type":"Feature","id":"UUID_661c1aea-6a25-42fa-b6d4-42982444b29b","properties":{"id":"UUID_661c1aea-6a25-42fa-b6d4-42982444b29b","height_m":5.392,"ground_m":291.5,"height_source":"LoD1 solid top minus bottom","production":"2024","laser":"2016","footprints":"2022"},"geometry":{"type":"Polygon","coordinates":[[[13.629536333573565,51.04252976569511],[13.629608781148809,51.04256666815011],[13.629671851922462,51.04251767665424],[13.629599623844738,51.042480587959695],[13.629536333573565,51.04252976569511]]]}},{"type":"Feature","id":"UUID_a795111b-63c5-4ba3-90be-10fffb9abb10","properties":{"id":"UUID_a795111b-63c5-4ba3-90be-10fffb9abb10","height_m":7.452,"ground_m":291.5,"height_source":"LoD1 solid top minus bottom","production":"2024","laser":"2016","footprints":"2022"},"geometry":{"type":"Polygon","coordinates":[[[13.629536333573565,51.04252976569511],[13.6295517364257,51.042517796833806],[13.629500437687849,51.04249174509527],[13.629484966448965,51.04250361422514],[13.629536333573565,51.04252976569511]]]}},{"type":"Feature","id":"UUID_c73b1fb4-3938-4ecf-b8fb-796e1a7373c4","properties":{"id":"UUID_c73b1fb4-3938-4ecf-b8fb-796e1a7373c4","height_m":3.951,"ground_m":290.058,"height_source":"LoD1 solid top minus bottom","production":"2024","laser":"2016","footprints":"2022"},"geometry":{"type":"Polygon","coordinates":[[[13.629487294185934,51.04288395424923],[13.6294430615268,51.042918148332525],[13.629495395265282,51.04294491368307],[13.62953944412046,51.042910663466714],[13.629487294185934,51.04288395424923]]]}},{"type":"Feature","id":"UUID_3de7197d-4a52-45ab-93bb-e90fe34d4379","properties":{"id":"UUID_3de7197d-4a52-45ab-93bb-e90fe34d4379","height_m":3.881,"ground_m":290.058,"height_source":"LoD1 solid top minus bottom","production":"2024","laser":"2016","footprints":"2022"},"geometry":{"type":"Polygon","coordinates":[[[13.629495395265282,51.04294491368307],[13.629513608100707,51.0429542281715],[13.629545293055953,51.04292950938362],[13.629527165254684,51.0429202138833],[13.629495395265282,51.04294491368307]]]}},{"type":"Feature","id":"UUID_ed869e27-b12e-4965-b531-1caf55ed64ec","properties":{"id":"UUID_ed869e27-b12e-4965-b531-1caf55ed64ec","height_m":8.889,"ground_m":290.058,"height_source":"LoD1 solid top minus bottom","production":"2024","laser":"2016","footprints":"2022"},"geometry":{"type":"Polygon","coordinates":[[[13.62953944412046,51.042910663466714],[13.62960250171105,51.04286165386828],[13.629506106355201,51.04281205126061],[13.629442564149162,51.04286104613066],[13.62953944412046,51.042910663466714]]]}},{"type":"Feature","id":"UUID_825ea922-87d6-4c47-8dde-2a8c1bfda821","properties":{"id":"UUID_825ea922-87d6-4c47-8dde-2a8c1bfda821","height_m":7.619,"ground_m":290.058,"height_source":"LoD1 solid top minus bottom","production":"2024","laser":"2016","footprints":"2022"},"geometry":{"type":"Polygon","coordinates":[[[13.629426726589893,51.042852937569116],[13.629442564149162,51.04286104613066],[13.629479685144208,51.04283242521784],[13.629463664592688,51.042824233578315],[13.629426726589893,51.042852937569116]]]}},{"type":"Feature","id":"DESNATP1h60000LA","properties":{"id":"DESNATP1h60000LA","height_m":6.731,"ground_m":297.869,"height_source":"LoD1 solid top minus bottom","production":"2024","laser":"2016","footprints":"2022"},"geometry":{"type":"Polygon","coordinates":[[[13.628356878714166,51.039114100915995],[13.628190979538072,51.03910859220431],[13.62818401419022,51.039191812376174],[13.628349913396878,51.03919733008981],[13.628356878714166,51.039114100915995]]]}},{"type":"Feature","id":"UUID_dc5c0cfb-a5df-4f8b-9d66-60dab24ef1fb","properties":{"id":"UUID_dc5c0cfb-a5df-4f8b-9d66-60dab24ef1fb","height_m":3.849,"ground_m":285.613,"height_source":"LoD1 solid top minus bottom","production":"2024","laser":"2016","footprints":"2022"},"geometry":{"type":"Polygon","coordinates":[[[13.618452472614495,51.04433138169808],[13.618428390589196,51.04433191534362],[13.618432612160154,51.04440771309788],[13.618456708485404,51.044407179620386],[13.618452472614495,51.04433138169808]]]}},{"type":"Feature","id":"UUID_a3cc52ab-79ae-45f3-852b-7f37a71b4509","properties":{"id":"UUID_a3cc52ab-79ae-45f3-852b-7f37a71b4509","height_m":3.188,"ground_m":285.613,"height_source":"LoD1 solid top minus bottom","production":"2024","laser":"2016","footprints":"2022"},"geometry":{"type":"Polygon","coordinates":[[[13.618307408522325,51.044395998766475],[13.618309975513604,51.04444205517347],[13.61832420784105,51.04444173783263],[13.618321640835662,51.044395681425804],[13.618307408522325,51.044395998766475]]]}},{"type":"Feature","id":"UUID_a6e6eac4-0806-4214-8a3c-98d4daac448a","properties":{"id":"UUID_a6e6eac4-0806-4214-8a3c-98d4daac448a","height_m":4.433,"ground_m":285.613,"height_source":"LoD1 solid top minus bottom","production":"2024","laser":"2016","footprints":"2022"},"geometry":{"type":"Polygon","coordinates":[[[13.618432612160154,51.04440771309788],[13.618428390589196,51.04433191534362],[13.618318215493598,51.04433436278096],[13.618321640835662,51.044395681425804],[13.61832420784105,51.04444173783263],[13.618434368663193,51.04443929921286],[13.618432612160154,51.04440771309788]]]}},{"type":"Feature","id":"UUID_6456baf4-4f55-465c-8b9e-4117e065fe9e","properties":{"id":"UUID_6456baf4-4f55-465c-8b9e-4117e065fe9e","height_m":6.124,"ground_m":287.299,"height_source":"LoD1 solid top minus bottom","production":"2024","laser":"2016","footprints":"2022"},"geometry":{"type":"Polygon","coordinates":[[[13.618620582631097,51.04100678517087],[13.618625889479171,51.041032190127495],[13.618729563962322,51.04102358633459],[13.618724257058338,51.040998181382214],[13.618620582631097,51.04100678517087]]]}},{"type":"Feature","id":"UUID_43b53126-1981-40a8-b598-030600dc00f1","properties":{"id":"UUID_43b53126-1981-40a8-b598-030600dc00f1","height_m":6.698,"ground_m":287.299,"height_source":"LoD1 solid top minus bottom","production":"2024","laser":"2016","footprints":"2022"},"geometry":{"type":"Polygon","coordinates":[[[13.618709999493667,51.04092983705541],[13.618433811607506,51.04095274156332],[13.618448068504033,51.04102109491029],[13.618724257058338,51.040998181382214],[13.618709999493667,51.04092983705541]]]}},{"type":"Feature","id":"DESNATPU1000GcOn","properties":{"id":"DESNATPU1000GcOn","height_m":3.216,"ground_m":283.703,"height_source":"LoD1 solid top minus bottom","production":"2024","laser":"2016","footprints":"2022"},"geometry":{"type":"Polygon","coordinates":[[[13.624266398816788,51.04477084305108],[13.624373084135806,51.044766793136056],[13.624367402184992,51.04470818200364],[13.624260711673768,51.04471241171127],[13.624266398816788,51.04477084305108]]]}},{"type":"Feature","id":"UUID_b10d4afe-7fc8-4f71-9158-689eddfb358b","properties":{"id":"UUID_b10d4afe-7fc8-4f71-9158-689eddfb358b","height_m":3.16,"ground_m":268.45,"height_source":"LoD1 solid top minus bottom","production":"2024","laser":"2016","footprints":"2022"},"geometry":{"type":"Polygon","coordinates":[[[13.605135062450447,51.04312760584855],[13.605028374645277,51.043129902511104],[13.605030570244034,51.043166512201445],[13.605090856171074,51.043164587918724],[13.605135062450447,51.04312760584855]]]}},{"type":"Feature","id":"UUID_3a69296f-9dfb-4eea-864a-28b7b93eaa07","properties":{"id":"UUID_3a69296f-9dfb-4eea-864a-28b7b93eaa07","height_m":2.548,"ground_m":268.45,"height_source":"LoD1 solid top minus bottom","production":"2024","laser":"2016","footprints":"2022"},"geometry":{"type":"Polygon","coordinates":[[[13.605138059068498,51.04318504386778],[13.605135062450447,51.04312760584855],[13.605090856171074,51.043164587918724],[13.60509180611699,51.04318567882479],[13.605138059068498,51.04318504386778]]]}},{"type":"Feature","id":"DESNATP1h60000JD","properties":{"id":"DESNATP1h60000JD","height_m":3.379,"ground_m":279.799,"height_source":"LoD1 solid top minus bottom","production":"2024","laser":"2016","footprints":"2022"},"geometry":{"type":"Polygon","coordinates":[[[13.604002882793154,51.04691068224494],[13.60392159582676,51.04691199537271],[13.603925936314921,51.04701911770121],[13.604120282644082,51.0470159985903],[13.604118000616051,51.04695950438266],[13.604004927046748,51.04696131918252],[13.604002882793154,51.04691068224494]]]}},{"type":"Feature","id":"DESNATP1h60000Ki","properties":{"id":"DESNATP1h60000Ki","height_m":2.771,"ground_m":292.814,"height_source":"LoD1 solid top minus bottom","production":"2024","laser":"2016","footprints":"2022"},"geometry":{"type":"Polygon","coordinates":[[[13.622325000628395,51.04266983862882],[13.622300601668066,51.04260174393067],[13.622174765440178,51.042619658123805],[13.622199163957676,51.0426877618365],[13.622325000628395,51.04266983862882]]]}},{"type":"Feature","id":"DESNATPU1000FVfY","properties":{"id":"DESNATPU1000FVfY","height_m":2.431,"ground_m":293.996,"height_source":"LoD1 solid top minus bottom","production":"2024","laser":"2016","footprints":"2022"},"geometry":{"type":"Polygon","coordinates":[[[13.630350874652763,51.03426037290631],[13.630251070489196,51.03431244144731],[13.630306871123883,51.03435482299465],[13.6304066753178,51.03430275440656],[13.630350874652763,51.03426037290631]]]}},{"type":"Feature","id":"UUID_9caf8627-56b6-4f6a-8aac-414f1f4440aa","properties":{"id":"UUID_9caf8627-56b6-4f6a-8aac-414f1f4440aa","height_m":6.728,"ground_m":293.141,"height_source":"LoD1 solid top minus bottom","production":"2024","laser":"2016","footprints":"2022"},"geometry":{"type":"Polygon","coordinates":[[[13.620687563598509,51.04265396669029],[13.620687640882283,51.04265424638483],[13.620690074716574,51.04265395136572],[13.620760515966534,51.0426453042083],[13.620732930378217,51.0425558582043],[13.620662479004404,51.042564370330524],[13.620591197315221,51.04257298052864],[13.62061864804851,51.04266215518575],[13.620687563598509,51.04265396669029]]]}},{"type":"Feature","id":"UUID_41973ac8-ef37-4b46-a725-5e9e144a55af","properties":{"id":"UUID_41973ac8-ef37-4b46-a725-5e9e144a55af","height_m":3.608,"ground_m":293.141,"height_source":"LoD1 solid top minus bottom","production":"2024","laser":"2016","footprints":"2022"},"geometry":{"type":"Polygon","coordinates":[[[13.62061864804851,51.04266215518575],[13.620610228725784,51.0426718581473],[13.620615422782397,51.042689096046495],[13.620695166831199,51.04267942562537],[13.620687563598509,51.04265396669029],[13.62061864804851,51.04266215518575]]]}},{"type":"Feature","id":"UUID_50cfc511-b3fd-4435-8f7c-375d1d96eb04","properties":{"id":"UUID_50cfc511-b3fd-4435-8f7c-375d1d96eb04","height_m":4.627,"ground_m":284.744,"height_source":"LoD1 solid top minus bottom","production":"2024","laser":"2016","footprints":"2022"},"geometry":{"type":"Polygon","coordinates":[[[13.620522767809938,51.04500153526478],[13.620539548103016,51.04504175208738],[13.620556636780393,51.04503893217352],[13.620540114236945,51.04499868242417],[13.620522767809938,51.04500153526478]]]}},{"type":"Feature","id":"UUID_e966039b-952b-4687-a759-e7c3717639a2","properties":{"id":"UUID_e966039b-952b-4687-a759-e7c3717639a2","height_m":6.915,"ground_m":284.744,"height_source":"LoD1 solid top minus bottom","production":"2024","laser":"2016","footprints":"2022"},"geometry":{"type":"Polygon","coordinates":[[[13.6206758845467,51.04501926024806],[13.620644725158488,51.04494443062713],[13.62055039216302,51.04496004403266],[13.620581811041697,51.045034777819524],[13.6206758845467,51.04501926024806]]]}},{"type":"Feature","id":"UUID_2df29a6b-56b9-4496-a224-3a5cf50ec542","properties":{"id":"UUID_2df29a6b-56b9-4496-a224-3a5cf50ec542","height_m":5.45,"ground_m":284.744,"height_source":"LoD1 solid top minus bottom","production":"2024","laser":"2016","footprints":"2022"},"geometry":{"type":"Polygon","coordinates":[[[13.620559319363718,51.0449812829039],[13.620534659855304,51.04498539836463],[13.620540114236945,51.04499868242417],[13.620556636780393,51.04503893217352],[13.620581811041697,51.045034777819524],[13.620559319363718,51.0449812829039]]]}},{"type":"Feature","id":"UUID_35e79146-9fb0-42df-add3-3bbc0cfba15a","properties":{"id":"UUID_35e79146-9fb0-42df-add3-3bbc0cfba15a","height_m":7.036,"ground_m":272.897,"height_source":"LoD1 solid top minus bottom","production":"2024","laser":"2016","footprints":"2022"},"geometry":{"type":"Polygon","coordinates":[[[13.617518726801695,51.045717253654594],[13.617420268123553,51.045713705659274],[13.61741699026496,51.04574809198835],[13.617413230489584,51.045787643576325],[13.617561718476066,51.045793177351726],[13.617565495063,51.045753536028656],[13.617568775220864,51.04571906878631],[13.617518767100087,51.045716858440414],[13.617518726801695,51.045717253654594]]]}},{"type":"Feature","id":"UUID_a5141140-e443-4d79-b280-1bfd67f006b5","properties":{"id":"UUID_a5141140-e443-4d79-b280-1bfd67f006b5","height_m":3.355,"ground_m":272.897,"height_source":"LoD1 solid top minus bottom","production":"2024","laser":"2016","footprints":"2022"},"geometry":{"type":"Polygon","coordinates":[[[13.617382087470043,51.04568367602768],[13.617379667566286,51.04571224505879],[13.61742028747018,51.04571353502163],[13.617420268123553,51.045713705659274],[13.617518726801695,51.045717253654594],[13.617518767100087,51.045716858440414],[13.617521181565769,51.045688469201984],[13.617382087470043,51.04568367602768]]]}},{"type":"Feature","id":"DESNATPU1000Ika9","properties":{"id":"DESNATPU1000Ika9","height_m":6.808,"ground_m":281.13,"height_source":"LoD1 solid top minus bottom","production":"2024","laser":"2016","footprints":"2022"},"geometry":{"type":"Polygon","coordinates":[[[13.625058984164351,51.04422710358648],[13.625063403198233,51.04415494201745],[13.6250348926093,51.04415424683806],[13.625021191365205,51.04414482286331],[13.625022436747042,51.04412685157314],[13.62496042971706,51.04412522265973],[13.624959597293678,51.04413888218207],[13.624914404462508,51.044137900743365],[13.624912274501316,51.04416647333032],[13.624891171444833,51.04416613507179],[13.624887635167639,51.04422292904122],[13.624959057008217,51.04422457884685],[13.624959332708878,51.04422008560509],[13.624987843336726,51.0442207808032],[13.624987567638817,51.04422527404507],[13.625058984164351,51.04422710358648]]]}},{"type":"Feature","id":"DESNATPU1000D2mE","properties":{"id":"DESNATPU1000D2mE","height_m":2.279,"ground_m":293.585,"height_source":"LoD1 solid top minus bottom","production":"2024","laser":"2016","footprints":"2022"},"geometry":{"type":"Polygon","coordinates":[[[13.620518687483267,51.042925009002346],[13.620535126330156,51.04298149910005],[13.62061171228626,51.04297251089134],[13.62059527067876,51.042916110701874],[13.620518687483267,51.042925009002346]]]}},{"type":"Feature","id":"DESNATPU1000FoZs","properties":{"id":"DESNATPU1000FoZs","height_m":6.008,"ground_m":285.775,"height_source":"LoD1 solid top minus bottom","production":"2024","laser":"2016","footprints":"2022"},"geometry":{"type":"Polygon","coordinates":[[[13.628221170011926,51.043413352509994],[13.62809823547186,51.04340741282118],[13.62809538998433,51.04343130071642],[13.628085222158,51.04351472603994],[13.62830616526664,51.04352532349921],[13.628313524495715,51.04346452747538],[13.62824899381116,51.04346143180547],[13.628251989792378,51.04343727588443],[13.628254502193904,51.04341500281037],[13.628221170011926,51.043413352509994]]]}},{"type":"Feature","id":"DESNATPU1000Jgus","properties":{"id":"DESNATPU1000Jgus","height_m":8.033,"ground_m":270.277,"height_source":"LoD1 solid top minus bottom","production":"2024","laser":"2016","footprints":"2022"},"geometry":{"type":"Polygon","coordinates":[[[13.609669028863738,51.04346305614489],[13.60989340330455,51.04347421489222],[13.6099008619415,51.04341423947371],[13.609676470567296,51.04340317946079],[13.609669028863738,51.04346305614489]]]}},{"type":"Feature","id":"UUID_279aa055-707a-4ead-86eb-edb23d87bb76","properties":{"id":"UUID_279aa055-707a-4ead-86eb-edb23d87bb76","height_m":6.898,"ground_m":287.808,"height_source":"LoD1 solid top minus bottom","production":"2024","laser":"2016","footprints":"2022"},"geometry":{"type":"Polygon","coordinates":[[[13.620017603662363,51.044277958350214],[13.620024754097624,51.04430040832159],[13.62009936186573,51.044290857502105],[13.62009231559683,51.04426874150557],[13.620017603662363,51.044277958350214]]]}},{"type":"Feature","id":"UUID_09bc3c66-684a-4b59-926c-2eee65d634e8","properties":{"id":"UUID_09bc3c66-684a-4b59-926c-2eee65d634e8","height_m":7.966,"ground_m":287.808,"height_source":"LoD1 solid top minus bottom","production":"2024","laser":"2016","footprints":"2022"},"geometry":{"type":"Polygon","coordinates":[[[13.620017603662363,51.044277958350214],[13.62009231559683,51.04426874150557],[13.620135556309293,51.04426340667557],[13.620108690427985,51.044178555462736],[13.619990699583465,51.04419343939862],[13.620017603662363,51.044277958350214]]]}},{"type":"Feature","id":"DESNATPU1000IZ22","properties":{"id":"DESNATPU1000IZ22","height_m":5.452,"ground_m":293.265,"height_source":"LoD1 solid top minus bottom","production":"2024","laser":"2016","footprints":"2022"},"geometry":{"type":"Polygon","coordinates":[[[13.617811990769695,51.04303574348405],[13.61790589907009,51.04302471369335],[13.617880113747905,51.04293726674767],[13.617753709197975,51.04295213883239],[13.617775092648541,51.04302451546369],[13.617758919726208,51.04302630261585],[13.617768280031308,51.043056899535195],[13.617816513621019,51.043051534694875],[13.617811990769695,51.04303574348405]]]}},{"type":"Feature","id":"DESNATP1h60000JH","properties":{"id":"DESNATP1h60000JH","height_m":5.678,"ground_m":278.106,"height_source":"LoD1 solid top minus bottom","production":"2024","laser":"2016","footprints":"2022"},"geometry":{"type":"Polygon","coordinates":[[[13.6041933583186,51.04684979979917],[13.604172347569696,51.04698398495863],[13.604301502753922,51.04699202952696],[13.604322527395455,51.046857844511905],[13.6041933583186,51.04684979979917]]]}},{"type":"Feature","id":"DESNATP1h60000LW","properties":{"id":"DESNATP1h60000LW","height_m":3.01,"ground_m":298.06,"height_source":"LoD1 solid top minus bottom","production":"2024","laser":"2016","footprints":"2022"},"geometry":{"type":"Polygon","coordinates":[[[13.629924391522065,51.034996565615344],[13.629821831931507,51.03501915846239],[13.62984741243733,51.03506533161803],[13.62994997211826,51.035042738749404],[13.629924391522065,51.034996565615344]]]}},{"type":"Feature","id":"DESNATPU1000DU3S","properties":{"id":"DESNATPU1000DU3S","height_m":3.914,"ground_m":304.103,"height_source":"LoD1 solid top minus bottom","production":"2024","laser":"2016","footprints":"2022"},"geometry":{"type":"Polygon","coordinates":[[[13.60915739449777,51.03569651992739],[13.609056489028108,51.035679670993126],[13.609029462305239,51.03574391898532],[13.609130367903749,51.03576076794375],[13.60915739449777,51.03569651992739]]]}},{"type":"Feature","id":"DESNATPU1000GIGX","properties":{"id":"DESNATPU1000GIGX","height_m":2.312,"ground_m":289.216,"height_source":"LoD1 solid top minus bottom","production":"2024","laser":"2016","footprints":"2022"},"geometry":{"type":"Polygon","coordinates":[[[13.62130674510659,51.04344717885127],[13.621345946477183,51.043520214667666],[13.621422464130903,51.04350394080913],[13.621383407925178,51.04343081680148],[13.62130674510659,51.04344717885127]]]}},{"type":"Feature","id":"DESNATPU1000JRBA","properties":{"id":"DESNATPU1000JRBA","height_m":3.161,"ground_m":288.36,"height_source":"LoD1 solid top minus bottom","production":"2024","laser":"2016","footprints":"2022"},"geometry":{"type":"Polygon","coordinates":[[[13.62170406050658,51.04413847945533],[13.621626682409353,51.04415006700435],[13.62166120495077,51.044241393180975],[13.621738728466779,51.044229717394046],[13.62173131349953,51.04421038497275],[13.62170406050658,51.04413847945533]]]}},{"type":"Feature","id":"DESNATPU1000EFzK","properties":{"id":"DESNATPU1000EFzK","height_m":2.778,"ground_m":295.878,"height_source":"LoD1 solid top minus bottom","production":"2024","laser":"2016","footprints":"2022"},"geometry":{"type":"Polygon","coordinates":[[[13.621805398951317,51.041950523512476],[13.62181278813727,51.04197552120934],[13.621825263848677,51.04201658639604],[13.621912590947858,51.042006105284806],[13.621900260428546,51.041964951890186],[13.621892725930179,51.04194004241504],[13.621805398951317,51.041950523512476]]]}},{"type":"Feature","id":"UUID_ecf72010-2358-4367-9bfd-c98a118bc9a2","properties":{"id":"UUID_ecf72010-2358-4367-9bfd-c98a118bc9a2","height_m":4.317,"ground_m":280.729,"height_source":"LoD1 solid top minus bottom","production":"2024","laser":"2016","footprints":"2022"},"geometry":{"type":"Polygon","coordinates":[[[13.609347728597507,51.042435048701535],[13.60932161088918,51.04242546610901],[13.609284757561525,51.042465226163976],[13.609310861293478,51.04247479960531],[13.609347728597507,51.042435048701535]]]}},{"type":"Feature","id":"UUID_1d9473b5-2407-47e6-844c-4a6a64eafa8a","properties":{"id":"UUID_1d9473b5-2407-47e6-844c-4a6a64eafa8a","height_m":8.287,"ground_m":280.729,"height_source":"LoD1 solid top minus bottom","production":"2024","laser":"2016","footprints":"2022"},"geometry":{"type":"Polygon","coordinates":[[[13.609347728597507,51.042435048701535],[13.609336820324911,51.04244680761299],[13.609310861293478,51.04247479960531],[13.609537029510966,51.04255833797619],[13.609563279038309,51.04253016953122],[13.609590825401998,51.042500613605085],[13.609364076197597,51.04241742814219],[13.609347728597507,51.042435048701535]]]}},{"type":"Feature","id":"DESNATPU1000FTE6","properties":{"id":"DESNATPU1000FTE6","height_m":2.464,"ground_m":295.689,"height_source":"LoD1 solid top minus bottom","production":"2024","laser":"2016","footprints":"2022"},"geometry":{"type":"Polygon","coordinates":[[[13.622066488958493,51.041933719079324],[13.62207940048722,51.0419841420739],[13.622205166696697,51.04197141611084],[13.622192257701439,51.04192090323069],[13.622066488958493,51.041933719079324]]]}},{"type":"Feature","id":"DESNATPU1000DwIT","properties":{"id":"DESNATPU1000DwIT","height_m":3.933,"ground_m":288.153,"height_source":"LoD1 solid top minus bottom","production":"2024","laser":"2016","footprints":"2022"},"geometry":{"type":"Polygon","coordinates":[[[13.626747652643711,51.04327027876177],[13.62675747173452,51.04321319885139],[13.626672618356766,51.043207525309484],[13.626662941766675,51.04326460688794],[13.626747652643711,51.04327027876177]]]}},{"type":"Feature","id":"DESNATPU1000DsSV","properties":{"id":"DESNATPU1000DsSV","height_m":2.805,"ground_m":287.712,"height_source":"LoD1 solid top minus bottom","production":"2024","laser":"2016","footprints":"2022"},"geometry":{"type":"Polygon","coordinates":[[[13.626041502631752,51.04303459084501],[13.625968260650836,51.04303184113487],[13.625957938701488,51.04313963543745],[13.626031162233595,51.04314301444449],[13.62603639463597,51.043088146889446],[13.626040924879424,51.043040618336626],[13.626041502631752,51.04303459084501]]]}},{"type":"Feature","id":"UUID_f0624471-f69d-42cc-8997-8a8701172233","properties":{"id":"UUID_f0624471-f69d-42cc-8997-8a8701172233","height_m":5.558,"ground_m":286.717,"height_source":"LoD1 solid top minus bottom","production":"2024","laser":"2016","footprints":"2022"},"geometry":{"type":"Polygon","coordinates":[[[13.61807828041209,51.04405348072252],[13.618067001205507,51.04405379698454],[13.618065606869203,51.0440191575316],[13.61800142400816,51.04402018809195],[13.617949572413279,51.04402102272597],[13.6179521185355,51.04408742101365],[13.61800402564154,51.04408664099258],[13.618008963806487,51.044086564498976],[13.618079324522183,51.0440855080699],[13.61807828041209,51.04405348072252]]]}},{"type":"Feature","id":"UUID_29a65210-185d-4165-b32d-d1f4f42f4b53","properties":{"id":"UUID_29a65210-185d-4165-b32d-d1f4f42f4b53","height_m":3.91,"ground_m":286.717,"height_source":"LoD1 solid top minus bottom","production":"2024","laser":"2016","footprints":"2022"},"geometry":{"type":"Polygon","coordinates":[[[13.6179521185355,51.04408742101365],[13.61795278847824,51.04410469545393],[13.618009593664018,51.044103748534994],[13.618008963806487,51.044086564498976],[13.6179521185355,51.04408742101365]]]}},{"type":"Feature","id":"UUID_14f76ee4-8d08-4556-9f2a-c2fded6552bf","properties":{"id":"UUID_14f76ee4-8d08-4556-9f2a-c2fded6552bf","height_m":15.076,"ground_m":280.849,"height_source":"LoD1 solid top minus bottom","production":"2024","laser":"2016","footprints":"2022"},"geometry":{"type":"Polygon","coordinates":[[[13.630536436300899,51.04390679407152],[13.630505567780158,51.04390575783988],[13.630502954388485,51.0439358446619],[13.630534391231638,51.04393695949817],[13.630536436300899,51.04390679407152]]]}},{"type":"Feature","id":"UUID_6fe990c6-dcfc-4b11-947e-77c2670fa700","properties":{"id":"UUID_6fe990c6-dcfc-4b11-947e-77c2670fa700","height_m":10.264,"ground_m":280.849,"height_source":"LoD1 solid top minus bottom","production":"2024","laser":"2016","footprints":"2022"},"geometry":{"type":"Polygon","coordinates":[[[13.630534391231638,51.04393695949817],[13.630535132251783,51.0439369861683],[13.630532245374235,51.043968607583196],[13.630602925961275,51.043971198506924],[13.630732635564689,51.043975299437285],[13.630781363919352,51.04397684164375],[13.630786876178957,51.04390358656582],[13.630788916791497,51.04387646969911],[13.630539052991896,51.04386837080607],[13.630535866143022,51.043906778396746],[13.630536436300899,51.04390679407152],[13.630534391231638,51.04393695949817]]]}},{"type":"Feature","id":"UUID_c787b968-0fa5-4434-944c-cade4e25cb72","properties":{"id":"UUID_c787b968-0fa5-4434-944c-cade4e25cb72","height_m":9.525,"ground_m":280.849,"height_source":"LoD1 solid top minus bottom","production":"2024","laser":"2016","footprints":"2022"},"geometry":{"type":"Polygon","coordinates":[[[13.630998932135586,51.04404491347374],[13.63100040204656,51.04402698972417],[13.630861939964232,51.04402266064286],[13.630861936253613,51.04402278650093],[13.630860550792919,51.04404074721031],[13.630998932135586,51.04404491347374]]]}},{"type":"Feature","id":"UUID_7b50c4a0-bf70-4198-969f-a20bb69e1bef","properties":{"id":"UUID_7b50c4a0-bf70-4198-969f-a20bb69e1bef","height_m":9.163,"ground_m":280.849,"height_source":"LoD1 solid top minus bottom","production":"2024","laser":"2016","footprints":"2022"},"geometry":{"type":"Polygon","coordinates":[[[13.630841410131339,51.04394191505903],[13.630844237623089,51.04390552666853],[13.630786876178957,51.04390358656582],[13.630784131025248,51.04394008383549],[13.630781363919352,51.04397684164375],[13.630838610677717,51.04397783614345],[13.630841410131339,51.04394191505903]]]}},{"type":"Feature","id":"UUID_efbc660f-0000-473d-88b8-3ae9a26e9689","properties":{"id":"UUID_efbc660f-0000-473d-88b8-3ae9a26e9689","height_m":9.721,"ground_m":280.849,"height_source":"LoD1 solid top minus bottom","production":"2024","laser":"2016","footprints":"2022"},"geometry":{"type":"Polygon","coordinates":[[[13.631014761304217,51.04384427695793],[13.630876099056739,51.04383998151798],[13.630873004309978,51.04387914560529],[13.631011680934542,51.043883441216835],[13.631014761304217,51.04384427695793]]]}},{"type":"Feature","id":"UUID_db6bb9af-69ea-4d5b-954b-20aabbe7a4a7","properties":{"id":"UUID_db6bb9af-69ea-4d5b-954b-20aabbe7a4a7","height_m":10.298,"ground_m":280.849,"height_source":"LoD1 solid top minus bottom","production":"2024","laser":"2016","footprints":"2022"},"geometry":{"type":"Polygon","coordinates":[[[13.63100040204656,51.04402698972417],[13.631000402841611,51.04402696275459],[13.631027168109577,51.04402782488397],[13.631038304574426,51.043884265712954],[13.631011661638707,51.04388361185717],[13.631011680934542,51.043883441216835],[13.630873004309978,51.04387914560529],[13.63087298554372,51.04387929826586],[13.630846366416124,51.04387832090447],[13.630844237623089,51.04390552666853],[13.630838610677717,51.04397783614345],[13.630835173907888,51.044021825445256],[13.630861936253613,51.04402278650093],[13.630861939964232,51.04402266064286],[13.63100040204656,51.04402698972417]]]}},{"type":"Feature","id":"DESNATPU1000FuGT","properties":{"id":"DESNATPU1000FuGT","height_m":3.057,"ground_m":287.214,"height_source":"LoD1 solid top minus bottom","production":"2024","laser":"2016","footprints":"2022"},"geometry":{"type":"Polygon","coordinates":[[[13.621591379936792,51.044363773311375],[13.621605178014924,51.04445161756794],[13.621716948886924,51.04443962632059],[13.621672075706567,51.04435096590045],[13.621591379936792,51.044363773311375]]]}},{"type":"Feature","id":"DESNATPU1000BGct","properties":{"id":"DESNATPU1000BGct","height_m":3.532,"ground_m":302.813,"height_source":"LoD1 solid top minus bottom","production":"2024","laser":"2016","footprints":"2022"},"geometry":{"type":"Polygon","coordinates":[[[13.607256064514502,51.03513182894721],[13.607344443121065,51.0351430444149],[13.607360672876181,51.03509170796453],[13.607272579517401,51.03508049590856],[13.607256064514502,51.03513182894721]]]}},{"type":"Feature","id":"DESNATP1h60000LZ","properties":{"id":"DESNATP1h60000LZ","height_m":2.696,"ground_m":297.939,"height_source":"LoD1 solid top minus bottom","production":"2024","laser":"2016","footprints":"2022"},"geometry":{"type":"Polygon","coordinates":[[[13.630238113181237,51.03485152672779],[13.630161573793883,51.03488750968058],[13.630207968919175,51.03492674137776],[13.630284508336404,51.03489075839504],[13.630238113181237,51.03485152672779]]]}},{"type":"Feature","id":"DESNATPU1000Hfqu","properties":{"id":"DESNATPU1000Hfqu","height_m":8.366,"ground_m":266.861,"height_source":"LoD1 solid top minus bottom","production":"2024","laser":"2016","footprints":"2022"},"geometry":{"type":"Polygon","coordinates":[[[13.612570299892178,51.04427940700036],[13.612630530726907,51.044182907974196],[13.61251752925726,51.0441548571556],[13.612457155620652,51.044251354429115],[13.612570299892178,51.04427940700036]]]}},{"type":"Feature","id":"DESNATPU1000HLMv","properties":{"id":"DESNATPU1000HLMv","height_m":7.278,"ground_m":304.199,"height_source":"LoD1 solid top minus bottom","production":"2024","laser":"2016","footprints":"2022"},"geometry":{"type":"Polygon","coordinates":[[[13.609130930617027,51.035111750036535],[13.609101324486197,51.03517641699597],[13.609223747282652,51.03519864801695],[13.609253210680897,51.03513397932853],[13.609130930617027,51.035111750036535]]]}},{"type":"Feature","id":"UUID_47514d23-0d7e-42a6-acf9-2ad79fd293b3","properties":{"id":"UUID_47514d23-0d7e-42a6-acf9-2ad79fd293b3","height_m":2.904,"ground_m":277.97,"height_source":"LoD1 solid top minus bottom","production":"2024","laser":"2016","footprints":"2022"},"geometry":{"type":"Polygon","coordinates":[[[13.604446221234623,51.04699537662447],[13.604432843447611,51.04702656640463],[13.604517225851664,51.04704093767721],[13.604530603316343,51.04700975687683],[13.604446221234623,51.04699537662447]]]}},{"type":"Feature","id":"UUID_ffc37d5a-6fa1-4db6-8c27-35c0ca3b4787","properties":{"id":"UUID_ffc37d5a-6fa1-4db6-8c27-35c0ca3b4787","height_m":7.573,"ground_m":277.97,"height_source":"LoD1 solid top minus bottom","production":"2024","laser":"2016","footprints":"2022"},"geometry":{"type":"Polygon","coordinates":[[[13.604432843447611,51.04702656640463],[13.604299421527358,51.04700383943691],[13.604273753683037,51.04706372291175],[13.604491558265856,51.04710082120156],[13.604517225851664,51.04704093767721],[13.604432843447611,51.04702656640463]]]}},{"type":"Feature","id":"DESNATPU1000G64U","properties":{"id":"DESNATPU1000G64U","height_m":2.957,"ground_m":274.624,"height_source":"LoD1 solid top minus bottom","production":"2024","laser":"2016","footprints":"2022"},"geometry":{"type":"Polygon","coordinates":[[[13.603513009326017,51.04366994369743],[13.60341933922067,51.043639686960546],[13.603384074878692,51.04368333114714],[13.6035221062429,51.04372796726355],[13.60357557840944,51.0436623279375],[13.603530932053216,51.04364794519871],[13.603513009326017,51.04366994369743]]]}},{"type":"Feature","id":"UUID_14642c33-98e1-40cf-b519-1895a61a2ce7","properties":{"id":"UUID_14642c33-98e1-40cf-b519-1895a61a2ce7","height_m":2.156,"ground_m":274.898,"height_source":"LoD1 solid top minus bottom","production":"2024","laser":"2016","footprints":"2022"},"geometry":{"type":"Polygon","coordinates":[[[13.62427537236035,51.046573697501465],[13.624280003356214,51.04655992083388],[13.624166008997191,51.046544729602495],[13.62416139196418,51.04655851542309],[13.62427537236035,51.046573697501465]]]}},{"type":"Feature","id":"UUID_9f578e6f-e3c5-4c19-8de3-a6c8e55c3bc2","properties":{"id":"UUID_9f578e6f-e3c5-4c19-8de3-a6c8e55c3bc2","height_m":2.37,"ground_m":274.898,"height_source":"LoD1 solid top minus bottom","production":"2024","laser":"2016","footprints":"2022"},"geometry":{"type":"Polygon","coordinates":[[[13.624352120314756,51.04656952896327],[13.624364279475104,51.046533268561134],[13.624178168295629,51.04650846922067],[13.624166008997191,51.046544729602495],[13.624280003356214,51.04655992083388],[13.624352120314756,51.04656952896327]]]}},{"type":"Feature","id":"UUID_666910a2-7716-4a0b-9169-e6bc136b50db","properties":{"id":"UUID_666910a2-7716-4a0b-9169-e6bc136b50db","height_m":5.205,"ground_m":288.212,"height_source":"LoD1 solid top minus bottom","production":"2024","laser":"2016","footprints":"2022"},"geometry":{"type":"Polygon","coordinates":[[[13.623417587094487,51.04304309918652],[13.623398686263316,51.04304548449135],[13.623391440988614,51.0430463973591],[13.623362402312999,51.04305006613321],[13.623368312058966,51.04306918287471],[13.623397210467372,51.04316264556636],[13.623426275066832,51.043159067018514],[13.623452476409888,51.04315583243946],[13.623421506902767,51.04305571754146],[13.623417587094487,51.04304309918652]]]}},{"type":"Feature","id":"UUID_690b3216-900c-4c46-bdff-f029fb215f2e","properties":{"id":"UUID_690b3216-900c-4c46-bdff-f029fb215f2e","height_m":2.653,"ground_m":288.212,"height_source":"LoD1 solid top minus bottom","production":"2024","laser":"2016","footprints":"2022"},"geometry":{"type":"Polygon","coordinates":[[[13.623398686263316,51.04304548449135],[13.623383809526157,51.04299729574381],[13.62334750135552,51.043001733208],[13.623362402312999,51.04305006613321],[13.623398686263316,51.04304548449135]]]}},{"type":"Feature","id":"UUID_90123f9a-297f-4c1a-b504-1716fe9f5cca","properties":{"id":"UUID_90123f9a-297f-4c1a-b504-1716fe9f5cca","height_m":3.365,"ground_m":284.299,"height_source":"LoD1 solid top minus bottom","production":"2024","laser":"2016","footprints":"2022"},"geometry":{"type":"Polygon","coordinates":[[[13.630341868552264,51.04349761787973],[13.630261982934313,51.043493731825635],[13.630228407125257,51.04349211521467],[13.630216726818283,51.04349152865034],[13.63020614233953,51.04357953567228],[13.630325002333251,51.04358531746631],[13.630341868552264,51.04349761787973]]]}},{"type":"Feature","id":"UUID_3fc072c8-2c2f-4d19-972a-e257230fc3c8","properties":{"id":"UUID_3fc072c8-2c2f-4d19-972a-e257230fc3c8","height_m":3.55,"ground_m":284.299,"height_source":"LoD1 solid top minus bottom","production":"2024","laser":"2016","footprints":"2022"},"geometry":{"type":"Polygon","coordinates":[[[13.630341868552264,51.04349761787973],[13.630347733189977,51.043467092539],[13.63026748088775,51.04346258167573],[13.630261982934313,51.043493731825635],[13.630341868552264,51.04349761787973]]]}},{"type":"Feature","id":"DESNATPU1000Fsqc","properties":{"id":"DESNATPU1000Fsqc","height_m":8.947,"ground_m":286.08,"height_source":"LoD1 solid top minus bottom","production":"2024","laser":"2016","footprints":"2022"},"geometry":{"type":"Polygon","coordinates":[[[13.611185619834584,51.0418199243421],[13.611382881428565,51.041539169434735],[13.611254569843942,51.04150338130692],[13.611057450232819,51.04178413768945],[13.611185619834584,51.0418199243421]]]}},{"type":"Feature","id":"DESNATPU1000BIDs","properties":{"id":"DESNATPU1000BIDs","height_m":4.698,"ground_m":291.166,"height_source":"LoD1 solid top minus bottom","production":"2024","laser":"2016","footprints":"2022"},"geometry":{"type":"Polygon","coordinates":[[[13.62292904730228,51.04274283209801],[13.62293771781733,51.04277323160965],[13.622939651588924,51.04278017898908],[13.62302309499183,51.04277082036411],[13.623028265967138,51.04278886724786],[13.623059755656467,51.042785281396164],[13.623054447398333,51.04276705303669],[13.623114994512644,51.0427601224411],[13.623104458724445,51.04272286630325],[13.623097305155634,51.042697592688455],[13.622921825191144,51.04271746773471],[13.62292904730228,51.04274283209801]]]}},{"type":"Feature","id":"DESNATPU1000BUxU","properties":{"id":"DESNATPU1000BUxU","height_m":2.269,"ground_m":297.831,"height_source":"LoD1 solid top minus bottom","production":"2024","laser":"2016","footprints":"2022"},"geometry":{"type":"Polygon","coordinates":[[[13.630377001446877,51.03483515082518],[13.630442490906885,51.03480048608812],[13.63038765850798,51.03475910518825],[13.630322026488825,51.034793768223686],[13.630377001446877,51.03483515082518]]]}},{"type":"Feature","id":"DESNATPU1000DGxM","properties":{"id":"DESNATPU1000DGxM","height_m":2.92,"ground_m":301.124,"height_source":"LoD1 solid top minus bottom","production":"2024","laser":"2016","footprints":"2022"},"geometry":{"type":"Polygon","coordinates":[[[13.607514875919435,51.034527616269806],[13.607481680223552,51.034585405375374],[13.607553558997907,51.034604607682816],[13.607588836785878,51.034546348753636],[13.607514875919435,51.034527616269806]]]}},{"type":"Feature","id":"DESNATPU1000I6j1","properties":{"id":"DESNATPU1000I6j1","height_m":10.909,"ground_m":297.517,"height_source":"LoD1 solid top minus bottom","production":"2024","laser":"2016","footprints":"2022"},"geometry":{"type":"Polygon","coordinates":[[[13.625680975646329,51.04115560390762],[13.625671582865234,51.04115486393015],[13.625681540608843,51.041107588061436],[13.625534557314563,51.04109506772277],[13.62550972241172,51.04121123464266],[13.625655853142698,51.04122365505389],[13.625662813212992,51.04119091255146],[13.625673344117956,51.04119175584494],[13.625680975646329,51.04115560390762]]]}},{"type":"Feature","id":"DESNATPU1000IFNC","properties":{"id":"DESNATPU1000IFNC","height_m":11.117,"ground_m":294.356,"height_source":"LoD1 solid top minus bottom","production":"2024","laser":"2016","footprints":"2022"},"geometry":{"type":"Polygon","coordinates":[[[13.629267352996509,51.04226436677594],[13.629410740315578,51.042152377496926],[13.62923352170473,51.042062167641745],[13.629090570007353,51.04217389202695],[13.629267352996509,51.04226436677594]]]}},{"type":"Feature","id":"DESNATPU1000CZzB","properties":{"id":"DESNATPU1000CZzB","height_m":2.694,"ground_m":283.008,"height_source":"LoD1 solid top minus bottom","production":"2024","laser":"2016","footprints":"2022"},"geometry":{"type":"Polygon","coordinates":[[[13.621338269200669,51.04549426180645],[13.62143608821832,51.04548138677919],[13.621421412956353,51.04543750780648],[13.621323739306517,51.0454502946065],[13.621338269200669,51.04549426180645]]]}},{"type":"Feature","id":"UUID_da11125e-f0fd-4f87-8f36-b51150f0d3d9","properties":{"id":"UUID_da11125e-f0fd-4f87-8f36-b51150f0d3d9","height_m":6.759,"ground_m":294.071,"height_source":"LoD1 solid top minus bottom","production":"2024","laser":"2016","footprints":"2022"},"geometry":{"type":"Polygon","coordinates":[[[13.619911146563298,51.04281891260502],[13.620036264017386,51.04280411292011],[13.620006667919762,51.04270556009132],[13.61998146855639,51.0427086798291],[13.619981429248748,51.04270856245618],[13.619928775539298,51.04271483823467],[13.619928788196557,51.042714892342026],[13.61988169065289,51.0427204513292],[13.619911146563298,51.04281891260502]]]}},{"type":"Feature","id":"UUID_7c592c32-db3f-4adf-9558-5fe07bc94307","properties":{"id":"UUID_7c592c32-db3f-4adf-9558-5fe07bc94307","height_m":7.871,"ground_m":294.071,"height_source":"LoD1 solid top minus bottom","production":"2024","laser":"2016","footprints":"2022"},"geometry":{"type":"Polygon","coordinates":[[[13.619938742198539,51.042696754154356],[13.619926577690475,51.042707671853215],[13.619928775539298,51.04271483823467],[13.619981429248748,51.04270856245618],[13.619979260713754,51.04270136944299],[13.619962650131386,51.04269388896354],[13.619938742198539,51.042696754154356]]]}},{"type":"Feature","id":"UUID_7e5ec29d-133e-431f-b743-10446f5dcedc","properties":{"id":"UUID_7e5ec29d-133e-431f-b743-10446f5dcedc","height_m":6.736,"ground_m":287.807,"height_source":"LoD1 solid top minus bottom","production":"2024","laser":"2016","footprints":"2022"},"geometry":{"type":"Polygon","coordinates":[[[13.623583065603613,51.04320476367345],[13.623573890533823,51.04317308126843],[13.623574506125076,51.04317300758263],[13.623564870079935,51.0431419582481],[13.62351762191226,51.04314778671574],[13.623452476409888,51.04315583243946],[13.623480582038182,51.04324717242039],[13.623544939083153,51.04323926128086],[13.623591399292748,51.04323354942239],[13.623582406964555,51.04320484584521],[13.623583065603613,51.04320476367345]]]}},{"type":"Feature","id":"UUID_80e6b8f7-3337-4cc6-be84-30ba87573d89","properties":{"id":"UUID_80e6b8f7-3337-4cc6-be84-30ba87573d89","height_m":6.043,"ground_m":287.807,"height_source":"LoD1 solid top minus bottom","production":"2024","laser":"2016","footprints":"2022"},"geometry":{"type":"Polygon","coordinates":[[[13.623606317613655,51.04320189001107],[13.623596554925046,51.043170299609244],[13.623574506125076,51.04317300758263],[13.623573890533823,51.04317308126843],[13.623583065603613,51.04320476367345],[13.623606317613655,51.04320189001107]]]}},{"type":"Feature","id":"DESNATPU1000FawA","properties":{"id":"DESNATPU1000FawA","height_m":2.919,"ground_m":289.288,"height_source":"LoD1 solid top minus bottom","production":"2024","laser":"2016","footprints":"2022"},"geometry":{"type":"Polygon","coordinates":[[[13.622033734925601,51.04335494256013],[13.622069844200727,51.04342164658549],[13.622172636627566,51.043399656766084],[13.622136532555185,51.043332772974644],[13.622033734925601,51.04335494256013]]]}},{"type":"Feature","id":"DESNATPU1000C2Xk","properties":{"id":"DESNATPU1000C2Xk","height_m":5.446,"ground_m":293.648,"height_source":"LoD1 solid top minus bottom","production":"2024","laser":"2016","footprints":"2022"},"geometry":{"type":"Polygon","coordinates":[[[13.622539358499894,51.04244874628567],[13.622522772224947,51.04238272218135],[13.622396437243989,51.04239535185464],[13.62241302600978,51.04246128607707],[13.62242078867218,51.042492942937145],[13.622547266513921,51.042480314920674],[13.622539358499894,51.04244874628567]]]}},{"type":"Feature","id":"DESNATPU1000Eqp2","properties":{"id":"DESNATPU1000Eqp2","height_m":7.843,"ground_m":279.342,"height_source":"LoD1 solid top minus bottom","production":"2024","laser":"2016","footprints":"2022"},"geometry":{"type":"Polygon","coordinates":[[[13.603786996923379,51.04517813133358],[13.603417735861587,51.04524602240008],[13.603447463818942,51.04531535389576],[13.603819198384995,51.04524587354929],[13.603786996923379,51.04517813133358]]]}},{"type":"Feature","id":"UUID_58ea8fec-36a1-4fe8-87f4-3cfab56956d2","properties":{"id":"UUID_58ea8fec-36a1-4fe8-87f4-3cfab56956d2","height_m":9.082,"ground_m":292.378,"height_source":"LoD1 solid top minus bottom","production":"2024","laser":"2016","footprints":"2022"},"geometry":{"type":"Polygon","coordinates":[[[13.629789704388243,51.042109311889895],[13.629770902557569,51.04210498163461],[13.62974232316583,51.04215500714952],[13.629772508715737,51.042161746116065],[13.629789704388243,51.042109311889895]]]}},{"type":"Feature","id":"UUID_fdbe5876-1329-417d-8109-d8aff0c659e3","properties":{"id":"UUID_fdbe5876-1329-417d-8109-d8aff0c659e3","height_m":11.782,"ground_m":292.378,"height_source":"LoD1 solid top minus bottom","production":"2024","laser":"2016","footprints":"2022"},"geometry":{"type":"Polygon","coordinates":[[[13.629940023336438,51.042194106499714],[13.629980705684979,51.04220285700509],[13.629995650539888,51.04217497415042],[13.629954820308344,51.042166401775724],[13.629932042933468,51.04219238520566],[13.629940023336438,51.042194106499714]]]}},{"type":"Feature","id":"UUID_2ace9e1b-3ae7-4d93-87a2-6d454e02a0a7","properties":{"id":"UUID_2ace9e1b-3ae7-4d93-87a2-6d454e02a0a7","height_m":11.609,"ground_m":292.378,"height_source":"LoD1 solid top minus bottom","production":"2024","laser":"2016","footprints":"2022"},"geometry":{"type":"Polygon","coordinates":[[[13.630182875861147,51.04198885622043],[13.630223777813164,51.041966457564754],[13.630136929842509,51.04187806378699],[13.630130102273997,51.04187111311841],[13.630065343970031,51.0419062718739],[13.62995183210328,51.0419678918692],[13.63009008138179,51.04203967583692],[13.630182875861147,51.04198885622043]]]}},{"type":"Feature","id":"UUID_f6b4e076-73e3-4a5e-a49e-f0fb52aa70c9","properties":{"id":"UUID_f6b4e076-73e3-4a5e-a49e-f0fb52aa70c9","height_m":11.756,"ground_m":292.378,"height_source":"LoD1 solid top minus bottom","production":"2024","laser":"2016","footprints":"2022"},"geometry":{"type":"Polygon","coordinates":[[[13.630032318810853,51.042078010168424],[13.630073488795285,51.04203105490357],[13.62995183210328,51.0419678918692],[13.629932162514518,51.041957679055415],[13.629871960243012,51.042028422351],[13.629873140843413,51.042029020736756],[13.62980094017457,51.042111898718744],[13.629968725848562,51.042150539334145],[13.630032318810853,51.042078010168424]]]}},{"type":"Feature","id":"UUID_54d0b443-39ec-4226-9a65-af024668e50c","properties":{"id":"UUID_54d0b443-39ec-4226-9a65-af024668e50c","height_m":10.969,"ground_m":292.378,"height_source":"LoD1 solid top minus bottom","production":"2024","laser":"2016","footprints":"2022"},"geometry":{"type":"Polygon","coordinates":[[[13.629853323342262,51.04201898603498],[13.629871960243012,51.042028422351],[13.629932162514518,51.041957679055415],[13.629853323342262,51.04201898603498]]]}},{"type":"Feature","id":"UUID_f9c65b0f-b292-4c25-878b-c8f78358170c","properties":{"id":"UUID_f9c65b0f-b292-4c25-878b-c8f78358170c","height_m":11.677,"ground_m":292.378,"height_source":"LoD1 solid top minus bottom","production":"2024","laser":"2016","footprints":"2022"},"geometry":{"type":"Polygon","coordinates":[[[13.630229276223638,51.04197204370156],[13.630223777813164,51.041966457564754],[13.630200332837704,51.04197929449054],[13.630182875861147,51.04198885622043],[13.630204865142595,51.042012315850975],[13.630224495980354,51.04200498287788],[13.63024525181785,51.04199723142601],[13.630223119923057,51.04197377013132],[13.630229276223638,51.04197204370156]]]}},{"type":"Feature","id":"UUID_cd857bf0-3e40-4e01-8b8d-b784792d2e2d","properties":{"id":"UUID_cd857bf0-3e40-4e01-8b8d-b784792d2e2d","height_m":11.243,"ground_m":292.378,"height_source":"LoD1 solid top minus bottom","production":"2024","laser":"2016","footprints":"2022"},"geometry":{"type":"Polygon","coordinates":[[[13.629789704388243,51.042109311889895],[13.629773637024067,51.04215831503858],[13.629932042933468,51.04219238520566],[13.629968725848562,51.042150539334145],[13.629789704388243,51.042109311889895]]]}},{"type":"Feature","id":"UUID_954e9c00-e88f-4a10-9b26-0249a5af361b","properties":{"id":"UUID_954e9c00-e88f-4a10-9b26-0249a5af361b","height_m":11.661,"ground_m":292.378,"height_source":"LoD1 solid top minus bottom","production":"2024","laser":"2016","footprints":"2022"},"geometry":{"type":"Polygon","coordinates":[[[13.629772508715737,51.042161746116065],[13.62974774186836,51.04223726644542],[13.629920624976899,51.042252063584044],[13.629940023336438,51.042194106499714],[13.629773637024067,51.04215831503858],[13.629772508715737,51.042161746116065]]]}},{"type":"Feature","id":"UUID_3e60d35f-76a4-4075-8b96-df21f5d86f8e","properties":{"id":"UUID_3e60d35f-76a4-4075-8b96-df21f5d86f8e","height_m":11.3,"ground_m":292.378,"height_source":"LoD1 solid top minus bottom","production":"2024","laser":"2016","footprints":"2022"},"geometry":{"type":"Polygon","coordinates":[[[13.63009008138179,51.04203967583692],[13.630073488795285,51.04203105490357],[13.630043138943696,51.04206567276207],[13.630032318810853,51.042078010168424],[13.630065764400545,51.04209512919559],[13.630079630688941,51.04208446421792],[13.630095248478531,51.04207245284018],[13.630061808197587,51.04205515402419],[13.63009008138179,51.04203967583692]]]}},{"type":"Feature","id":"UUID_d8485e13-13c5-4105-8766-769354fc573f","properties":{"id":"UUID_d8485e13-13c5-4105-8766-769354fc573f","height_m":11.643,"ground_m":292.378,"height_source":"LoD1 solid top minus bottom","production":"2024","laser":"2016","footprints":"2022"},"geometry":{"type":"Polygon","coordinates":[[[13.630207041325532,51.041856313312564],[13.630136929842509,51.04187806378699],[13.63018195334959,51.04192388917638],[13.630229276223638,51.04197204370156],[13.63030798291594,51.04195003420059],[13.630278543130478,51.04189672951647],[13.630260993135549,51.04186494947948],[13.63024984882428,51.04184620339772],[13.630207041325532,51.041856313312564]]]}},{"type":"Feature","id":"UUID_a3fd3219-601f-4ef0-894f-1fdf133fa8bc","properties":{"id":"UUID_a3fd3219-601f-4ef0-894f-1fdf133fa8bc","height_m":9.171,"ground_m":292.378,"height_source":"LoD1 solid top minus bottom","production":"2024","laser":"2016","footprints":"2022"},"geometry":{"type":"Polygon","coordinates":[[[13.630130102273997,51.04187111311841],[13.630120033870986,51.04186086900169],[13.630048302763813,51.04188916530532],[13.630065343970031,51.0419062718739],[13.630130102273997,51.04187111311841]]]}},{"type":"Feature","id":"DESNATPU1000BnUA","properties":{"id":"DESNATPU1000BnUA","height_m":2.914,"ground_m":293.899,"height_source":"LoD1 solid top minus bottom","production":"2024","laser":"2016","footprints":"2022"},"geometry":{"type":"Polygon","coordinates":[[[13.630198677791968,51.03443503111636],[13.630267234579582,51.03440274061047],[13.630216162803732,51.03435960511184],[13.630147606045437,51.034391895588215],[13.630198677791968,51.03443503111636]]]}},{"type":"Feature","id":"UUID_11aedd80-eedb-4db6-8bf1-3907a878c01f","properties":{"id":"UUID_11aedd80-eedb-4db6-8bf1-3907a878c01f","height_m":11.818,"ground_m":290.349,"height_source":"LoD1 solid top minus bottom","production":"2024","laser":"2016","footprints":"2022"},"geometry":{"type":"Polygon","coordinates":[[[13.62939292474592,51.04264003721522],[13.629452631111326,51.042593884125985],[13.629383658120888,51.04255864106291],[13.629313926331555,51.042523011353154],[13.62929582718199,51.04253691801655],[13.629295883426575,51.042536945655215],[13.62922530187781,51.04259148743703],[13.62929472680691,51.04262736540288],[13.629363294707636,51.042662801611826],[13.629363407197195,51.04266285688908],[13.62939292474592,51.04264003721522]]]}},{"type":"Feature","id":"UUID_c06fc946-06c8-4527-9316-4145bc19cde0","properties":{"id":"UUID_c06fc946-06c8-4527-9316-4145bc19cde0","height_m":10.505,"ground_m":290.349,"height_source":"LoD1 solid top minus bottom","production":"2024","laser":"2016","footprints":"2022"},"geometry":{"type":"Polygon","coordinates":[[[13.629225259628017,51.04259146895547],[13.62922530187781,51.04259148743703],[13.629247277529112,51.04257450972748],[13.629271854811801,51.042555522058024],[13.629295883426575,51.042536945655215],[13.62929582718199,51.04253691801655],[13.629279384266733,51.04252854153708],[13.6292552870025,51.042547027201564],[13.629230635627227,51.042565920037724],[13.62924721584138,51.04257447799396],[13.629225259628017,51.04259146895547]]]}},{"type":"Feature","id":"UUID_13e9855b-d14f-4465-b6ee-a8b6f121e171","properties":{"id":"UUID_13e9855b-d14f-4465-b6ee-a8b6f121e171","height_m":10.922,"ground_m":290.349,"height_source":"LoD1 solid top minus bottom","production":"2024","laser":"2016","footprints":"2022"},"geometry":{"type":"Polygon","coordinates":[[[13.629070060127829,51.04275270882331],[13.629046649496653,51.04275324353774],[13.629049315440335,51.042798239668514],[13.629072820873562,51.04279787693211],[13.629070060127829,51.04275270882331]]]}},{"type":"Feature","id":"UUID_52acdf29-d171-4bee-bb4f-13331950e168","properties":{"id":"UUID_52acdf29-d171-4bee-bb4f-13331950e168","height_m":10.188,"ground_m":290.349,"height_source":"LoD1 solid top minus bottom","production":"2024","laser":"2016","footprints":"2022"},"geometry":{"type":"Polygon","coordinates":[[[13.629151713041024,51.04264835005574],[13.62917437525903,51.04263082146875],[13.629156522269277,51.04262170634308],[13.629133965145847,51.04263923880939],[13.629111262219077,51.0426568774765],[13.62912889656566,51.04266596940826],[13.629151713041024,51.04264835005574]]]}},{"type":"Feature","id":"UUID_42fa99a6-e2ea-4048-bee5-1d85103a7949","properties":{"id":"UUID_42fa99a6-e2ea-4048-bee5-1d85103a7949","height_m":10.029,"ground_m":290.349,"height_source":"LoD1 solid top minus bottom","production":"2024","laser":"2016","footprints":"2022"},"geometry":{"type":"Polygon","coordinates":[[[13.62907643774768,51.042870582567495],[13.629078845752556,51.04291900199227],[13.62907974102134,51.04293699843638],[13.629168853855061,51.042935130131745],[13.629258309460047,51.042933247794025],[13.629255212244379,51.04287385785821],[13.629264061559551,51.042873691873694],[13.629262650244037,51.04284417837556],[13.629253798281045,51.04284443425859],[13.629251101844142,51.042795148128974],[13.62916174719207,51.042796519045105],[13.629072578184351,51.0427978830779],[13.629076280619577,51.042870589717054],[13.62907643774768,51.042870582567495]]]}},{"type":"Feature","id":"UUID_4a080f49-d6b5-4db8-b6f8-59d6dd3e16e3","properties":{"id":"UUID_4a080f49-d6b5-4db8-b6f8-59d6dd3e16e3","height_m":9.887,"ground_m":290.349,"height_source":"LoD1 solid top minus bottom","production":"2024","laser":"2016","footprints":"2022"},"geometry":{"type":"Polygon","coordinates":[[[13.629410767207997,51.042649329390635],[13.62939292474592,51.04264003721522],[13.629363407197195,51.04266285688908],[13.629381279774242,51.04267209546434],[13.629410767207997,51.042649329390635]]]}},{"type":"Feature","id":"UUID_89bf5b2b-b776-4bf4-a937-64e7ec134552","properties":{"id":"UUID_89bf5b2b-b776-4bf4-a937-64e7ec134552","height_m":11.329,"ground_m":290.349,"height_source":"LoD1 solid top minus bottom","production":"2024","laser":"2016","footprints":"2022"},"geometry":{"type":"Polygon","coordinates":[[[13.62912889656566,51.04266596940826],[13.629129107284037,51.04266607979593],[13.629067657436714,51.04271329142313],[13.629158451421409,51.04273226157846],[13.62924870677757,51.0427511174289],[13.62927089440644,51.04273402126206],[13.629363294707636,51.042662801611826],[13.629294501828133,51.042627254848234],[13.629225259628017,51.04259146895547],[13.62919044166694,51.042618426126495],[13.62912889656566,51.04266596940826]]]}},{"type":"Feature","id":"UUID_4934ba92-2627-4d28-9f8f-cb0d57f80cc8","properties":{"id":"UUID_4934ba92-2627-4d28-9f8f-cb0d57f80cc8","height_m":9.978,"ground_m":290.349,"height_source":"LoD1 solid top minus bottom","production":"2024","laser":"2016","footprints":"2022"},"geometry":{"type":"Polygon","coordinates":[[[13.629078845752556,51.04291900199227],[13.62907643774768,51.042870582567495],[13.629076280619577,51.042870589717054],[13.629054726415035,51.04287105628285],[13.629057428820518,51.04291965002851],[13.629078845752556,51.04291900199227]]]}},{"type":"Feature","id":"UUID_58f9e2d8-cbd0-4295-8dde-5dcb7f6b6333","properties":{"id":"UUID_58f9e2d8-cbd0-4295-8dde-5dcb7f6b6333","height_m":11.303,"ground_m":290.349,"height_source":"LoD1 solid top minus bottom","production":"2024","laser":"2016","footprints":"2022"},"geometry":{"type":"Polygon","coordinates":[[[13.629072820873562,51.04279787693211],[13.629162275351137,51.042796507255034],[13.629251101844142,51.042795148128974],[13.62924870677757,51.0427511174289],[13.629158536451921,51.04273228056189],[13.629067657436714,51.04271329142313],[13.629070060127829,51.04275270882331],[13.629072820873562,51.04279787693211]]]}},{"type":"Feature","id":"UUID_7f978bb6-9658-49c6-b6be-fbe6d8f489db","properties":{"id":"UUID_7f978bb6-9658-49c6-b6be-fbe6d8f489db","height_m":7.849,"ground_m":286.951,"height_source":"LoD1 solid top minus bottom","production":"2024","laser":"2016","footprints":"2022"},"geometry":{"type":"Polygon","coordinates":[[[13.630587897554598,51.04280989524631],[13.630550080778194,51.04283939865853],[13.630557947225151,51.04284353768297],[13.630545682314846,51.04285310635528],[13.630558050012956,51.042859402485675],[13.630608138056692,51.04282011463661],[13.630587897554598,51.04280989524631]]]}},{"type":"Feature","id":"UUID_b9037577-24e4-4239-9be8-fe17bcba0691","properties":{"id":"UUID_b9037577-24e4-4239-9be8-fe17bcba0691","height_m":4.144,"ground_m":286.951,"height_source":"LoD1 solid top minus bottom","production":"2024","laser":"2016","footprints":"2022"},"geometry":{"type":"Polygon","coordinates":[[[13.630649377587936,51.042906750549655],[13.630649552687276,51.042906617706976],[13.630633449520298,51.04289831734517],[13.630599121184309,51.04288063057714],[13.630596445550639,51.042882838471336],[13.630567243747228,51.04290560818904],[13.630601659771488,51.04292322405017],[13.630640600832272,51.04294315915561],[13.630672287836575,51.04291835015881],[13.630649377587936,51.042906750549655]]]}},{"type":"Feature","id":"UUID_435670e7-ec98-4618-b7b1-da31a8542396","properties":{"id":"UUID_435670e7-ec98-4618-b7b1-da31a8542396","height_m":9.018,"ground_m":286.951,"height_source":"LoD1 solid top minus bottom","production":"2024","laser":"2016","footprints":"2022"},"geometry":{"type":"Polygon","coordinates":[[[13.630608138056692,51.04282011463661],[13.630558050012956,51.042859402485675],[13.630599369175496,51.04288044463093],[13.630599135179484,51.04288063973411],[13.630649552687276,51.042906617706976],[13.630724134259168,51.04284845281197],[13.63063208681655,51.042801330187274],[13.630608138056692,51.04282011463661]]]}},{"type":"Feature","id":"DESNATP1h60000Je","properties":{"id":"DESNATP1h60000Je","height_m":3.418,"ground_m":277.98,"height_source":"LoD1 solid top minus bottom","production":"2024","laser":"2016","footprints":"2022"},"geometry":{"type":"Polygon","coordinates":[[[13.606499328630317,51.045613311836156],[13.606623883916003,51.045613367187485],[13.606623984740853,51.04552490440218],[13.606499429692457,51.04552484905279],[13.606499328630317,51.045613311836156]]]}},{"type":"Feature","id":"DESNATPU1000CMSy","properties":{"id":"DESNATPU1000CMSy","height_m":2.348,"ground_m":290.398,"height_source":"LoD1 solid top minus bottom","production":"2024","laser":"2016","footprints":"2022"},"geometry":{"type":"Polygon","coordinates":[[[13.621044765906131,51.04375305932604],[13.62100971172647,51.0436941013926],[13.62094305202125,51.04370986181149],[13.620977820917894,51.04376881639847],[13.621044765906131,51.04375305932604]]]}},{"type":"Feature","id":"UUID_6f4605d3-cac8-4f97-b603-ccdbff8b1cf1","properties":{"id":"UUID_6f4605d3-cac8-4f97-b603-ccdbff8b1cf1","height_m":6.103,"ground_m":281.097,"height_source":"LoD1 solid top minus bottom","production":"2024","laser":"2016","footprints":"2022"},"geometry":{"type":"Polygon","coordinates":[[[13.622962010534346,51.045215739763755],[13.62288829345563,51.04522890009882],[13.622886815396537,51.04522582507002],[13.622703090303176,51.04525882232206],[13.622716720590148,51.04528891158106],[13.622729921739975,51.045318078497345],[13.622913421803945,51.04528594187604],[13.62298813456734,51.04527288318748],[13.622974660044465,51.045243308395655],[13.62296208350603,51.04521572654169],[13.622960675879815,51.04521263944685],[13.622960618569511,51.04521264776448],[13.622962010534346,51.045215739763755]]]}},{"type":"Feature","id":"UUID_e0f1565a-ab73-4977-b950-cc6498f5afc1","properties":{"id":"UUID_e0f1565a-ab73-4977-b950-cc6498f5afc1","height_m":6.726,"ground_m":281.097,"height_source":"LoD1 solid top minus bottom","production":"2024","laser":"2016","footprints":"2022"},"geometry":{"type":"Polygon","coordinates":[[[13.622703090303176,51.04525882232206],[13.622667877142872,51.045181067727974],[13.62253842689665,51.04520420062544],[13.622568048350443,51.045271349584596],[13.62259879261237,51.04534104778787],[13.622729147381978,51.04531821325836],[13.622729921739975,51.045318078497345],[13.622703090303176,51.04525882232206]]]}},{"type":"Feature","id":"UUID_641bcec0-7520-4246-87b1-4a258beabab4","properties":{"id":"UUID_641bcec0-7520-4246-87b1-4a258beabab4","height_m":4.066,"ground_m":281.097,"height_source":"LoD1 solid top minus bottom","production":"2024","laser":"2016","footprints":"2022"},"geometry":{"type":"Polygon","coordinates":[[[13.62252158457112,51.04525065763439],[13.622514256764545,51.045257226055575],[13.62252387930139,51.0452791024763],[13.622568048350443,51.045271349584596],[13.62253842689665,51.04520420062544],[13.622502658011433,51.04521059566468],[13.622484884936876,51.04522783252283],[13.622494003685327,51.04524745476446],[13.62252158457112,51.04525065763439]]]}},{"type":"Feature","id":"UUID_dd75cfa8-cb81-417d-bd89-c4560ab97a49","properties":{"id":"UUID_dd75cfa8-cb81-417d-bd89-c4560ab97a49","height_m":8.572,"ground_m":281.097,"height_source":"LoD1 solid top minus bottom","production":"2024","laser":"2016","footprints":"2022"},"geometry":{"type":"Polygon","coordinates":[[[13.62298813456734,51.04527288318748],[13.623093127141834,51.045253796226746],[13.623059547336203,51.04517866896069],[13.622953844538536,51.045197657591835],[13.622960618569511,51.04521264776448],[13.622960675879815,51.04521263944685],[13.62298813456734,51.04527288318748]]]}},{"type":"Feature","id":"DESNATPU1000GRxc","properties":{"id":"DESNATPU1000GRxc","height_m":6.693,"ground_m":293.84,"height_source":"LoD1 solid top minus bottom","production":"2024","laser":"2016","footprints":"2022"},"geometry":{"type":"Polygon","coordinates":[[[13.620025805296244,51.04310327570447],[13.62001436439894,51.043113842238306],[13.620030301736369,51.04316798831097],[13.620035884618005,51.043167334802156],[13.620045701999446,51.04320180390999],[13.620106800806568,51.04319458461658],[13.620172251818703,51.0431868411317],[13.620146351585497,51.04309831419216],[13.620081243475017,51.04310604372543],[13.620069189584164,51.04310747515393],[13.620052428226607,51.04310026269721],[13.620025805296244,51.04310327570447]]]}},{"type":"Feature","id":"DESNATPU1000CcyU","properties":{"id":"DESNATPU1000CcyU","height_m":4.242,"ground_m":272.535,"height_source":"LoD1 solid top minus bottom","production":"2024","laser":"2016","footprints":"2022"},"geometry":{"type":"Polygon","coordinates":[[[13.61269538926697,51.04293823084911],[13.612578600542301,51.042875656010175],[13.612533760987922,51.04291064590467],[13.612653652927056,51.04297057772155],[13.61269538926697,51.04293823084911]]]}},{"type":"Feature","id":"DESNATPU1000DqPs","properties":{"id":"DESNATPU1000DqPs","height_m":5.397,"ground_m":297.261,"height_source":"LoD1 solid top minus bottom","production":"2024","laser":"2016","footprints":"2022"},"geometry":{"type":"Polygon","coordinates":[[[13.627360621786256,51.03853103345185],[13.627360140203658,51.038610076073226],[13.627491639418173,51.038610541547676],[13.627491974990184,51.03859435812871],[13.627513083513044,51.0385944262028],[13.627513350781514,51.038561245252886],[13.627492099684577,51.03856117550416],[13.627492268678965,51.0385313208017],[13.627360621786256,51.03853103345185]]]}},{"type":"Feature","id":"UUID_dee3c7db-1672-4355-957a-189147f0cef6","properties":{"id":"UUID_dee3c7db-1672-4355-957a-189147f0cef6","height_m":8.85,"ground_m":288.631,"height_source":"LoD1 solid top minus bottom","production":"2024","laser":"2016","footprints":"2022"},"geometry":{"type":"Polygon","coordinates":[[[13.629973670759377,51.042920053840795],[13.629949732282064,51.042938478557886],[13.630046426844059,51.042987634654786],[13.630108093279851,51.04293934590011],[13.630056045925638,51.04291301584537],[13.630011855549414,51.04289066284396],[13.629973670759377,51.042920053840795]]]}},{"type":"Feature","id":"UUID_750245da-0723-449c-9e36-02c5a19b3360","properties":{"id":"UUID_750245da-0723-449c-9e36-02c5a19b3360","height_m":4.34,"ground_m":288.631,"height_source":"LoD1 solid top minus bottom","production":"2024","laser":"2016","footprints":"2022"},"geometry":{"type":"Polygon","coordinates":[[[13.630139241316586,51.042936203785345],[13.630169174922429,51.04291281324448],[13.630125424702946,51.042890528396754],[13.630100872409457,51.04287801912594],[13.630056045925638,51.04291301584537],[13.630080713368095,51.04292549050355],[13.630108093279851,51.04293934590011],[13.630122798106921,51.04292782742288],[13.630139241316586,51.042936203785345]]]}},{"type":"Feature","id":"UUID_57f7d361-0fb4-479e-827b-bfae62e021c3","properties":{"id":"UUID_57f7d361-0fb4-479e-827b-bfae62e021c3","height_m":7.679,"ground_m":288.631,"height_source":"LoD1 solid top minus bottom","production":"2024","laser":"2016","footprints":"2022"},"geometry":{"type":"Polygon","coordinates":[[[13.629956665131331,51.04291140107182],[13.629973670759377,51.042920053840795],[13.630011855549414,51.04289066284396],[13.629994342389992,51.042881806284875],[13.629956665131331,51.04291140107182]]]}},{"type":"Feature","id":"UUID_4316a1a0-c00b-44e9-9a7c-47e68145d63b","properties":{"id":"UUID_4316a1a0-c00b-44e9-9a7c-47e68145d63b","height_m":9.298,"ground_m":283.482,"height_source":"LoD1 solid top minus bottom","production":"2024","laser":"2016","footprints":"2022"},"geometry":{"type":"Polygon","coordinates":[[[13.626963182998274,51.043483201981736],[13.626804517214087,51.04344095913323],[13.626777209406267,51.04362634309027],[13.626776212768632,51.04362627742052],[13.6267591959889,51.0437376532417],[13.626760080405742,51.043737654642],[13.626747555881312,51.043813857783206],[13.626911759105697,51.04382325149461],[13.626963182998274,51.043483201981736]]]}},{"type":"Feature","id":"UUID_ac00ec8c-1564-4a7d-bccb-0707695cbae3","properties":{"id":"UUID_ac00ec8c-1564-4a7d-bccb-0707695cbae3","height_m":4.895,"ground_m":283.482,"height_source":"LoD1 solid top minus bottom","production":"2024","laser":"2016","footprints":"2022"},"geometry":{"type":"Polygon","coordinates":[[[13.626776212768632,51.04362627742052],[13.626663581037704,51.04361925223794],[13.626652497646807,51.043685310250126],[13.626718210941933,51.043691838027975],[13.626765476253306,51.043696530243565],[13.626776212768632,51.04362627742052]]]}},{"type":"Feature","id":"UUID_7d2bd23e-ae3f-4543-94f4-ee200e705fc3","properties":{"id":"UUID_7d2bd23e-ae3f-4543-94f4-ee200e705fc3","height_m":10.164,"ground_m":283.482,"height_source":"LoD1 solid top minus bottom","production":"2024","laser":"2016","footprints":"2022"},"geometry":{"type":"Polygon","coordinates":[[[13.626711145623638,51.043737799009286],[13.6267591959889,51.0437376532417],[13.626765476253306,51.043696530243565],[13.626718210941933,51.043691838027975],[13.626711145623638,51.043737799009286]]]}},{"type":"Feature","id":"DESNATPU1000B18i","properties":{"id":"DESNATPU1000B18i","height_m":2.396,"ground_m":297.697,"height_source":"LoD1 solid top minus bottom","production":"2024","laser":"2016","footprints":"2022"},"geometry":{"type":"Polygon","coordinates":[[[13.625830891743677,51.04118134225231],[13.625831875682046,51.041135552598256],[13.62578801834042,51.04113533360722],[13.625788972693545,51.04111561424182],[13.625729684574308,51.04111382884188],[13.625726186917117,51.04116791642821],[13.625783286339386,51.041167985410816],[13.62578147307216,51.04118105785905],[13.625830891743677,51.04118134225231]]]}},{"type":"Feature","id":"UUID_0acd3a78-0a49-4905-b27b-078cbd709c3c","properties":{"id":"UUID_0acd3a78-0a49-4905-b27b-078cbd709c3c","height_m":7.716,"ground_m":291.707,"height_source":"LoD1 solid top minus bottom","production":"2024","laser":"2016","footprints":"2022"},"geometry":{"type":"Polygon","coordinates":[[[13.629652434916721,51.04237320170337],[13.629703876212536,51.042399255047556],[13.629715863599674,51.04238990803262],[13.629663400556376,51.04236415746578],[13.629652434916721,51.04237320170337]]]}},{"type":"Feature","id":"UUID_b333f86f-3467-469a-a298-1c468b165f1e","properties":{"id":"UUID_b333f86f-3467-469a-a298-1c468b165f1e","height_m":5.208,"ground_m":291.707,"height_source":"LoD1 solid top minus bottom","production":"2024","laser":"2016","footprints":"2022"},"geometry":{"type":"Polygon","coordinates":[[[13.629654087398666,51.04243806040147],[13.629726888512748,51.04247506585258],[13.629788406338271,51.042425516505496],[13.629715863599674,51.04238990803262],[13.629654087398666,51.04243806040147]]]}},{"type":"Feature","id":"UUID_51b4c4a4-e9ef-4d90-ac79-a9a0a181860e","properties":{"id":"UUID_51b4c4a4-e9ef-4d90-ac79-a9a0a181860e","height_m":8.117,"ground_m":280.769,"height_source":"LoD1 solid top minus bottom","production":"2024","laser":"2016","footprints":"2022"},"geometry":{"type":"Polygon","coordinates":[[[13.62938163826428,51.044157351542445],[13.629543262497698,51.04419135203152],[13.629583866780525,51.044115307051705],[13.629421977399872,51.044081114655256],[13.62938163826428,51.044157351542445]]]}},{"type":"Feature","id":"UUID_d4e81d99-4d2b-472b-9441-6a92f859ff3a","properties":{"id":"UUID_d4e81d99-4d2b-472b-9441-6a92f859ff3a","height_m":8.587,"ground_m":280.769,"height_source":"LoD1 solid top minus bottom","production":"2024","laser":"2016","footprints":"2022"},"geometry":{"type":"Polygon","coordinates":[[[13.629508451148356,51.044070617852036],[13.629494564635154,51.044096444669066],[13.629583866780525,51.044115307051705],[13.629597622516874,51.04408955962738],[13.629508451148356,51.044070617852036]]]}},{"type":"Feature","id":"UUID_ca0438dc-4d26-4fa6-b914-f4da784335d1","properties":{"id":"UUID_ca0438dc-4d26-4fa6-b914-f4da784335d1","height_m":4.909,"ground_m":286.154,"height_source":"LoD1 solid top minus bottom","production":"2024","laser":"2016","footprints":"2022"},"geometry":{"type":"Polygon","coordinates":[[[13.620463096366063,51.044763263431854],[13.620449180294326,51.04472700134634],[13.620423696992436,51.04473099914231],[13.620437999955849,51.04476720284759],[13.62046285259753,51.04476330551895],[13.620463096366063,51.044763263431854]]]}},{"type":"Feature","id":"UUID_7703c9f4-5705-4b4a-87e1-d38a1cb68203","properties":{"id":"UUID_7703c9f4-5705-4b4a-87e1-d38a1cb68203","height_m":6.293,"ground_m":286.154,"height_source":"LoD1 solid top minus bottom","production":"2024","laser":"2016","footprints":"2022"},"geometry":{"type":"Polygon","coordinates":[[[13.620546077470879,51.0446927668637],[13.620493906603292,51.04470096410713],[13.620442294825114,51.04470906900495],[13.62044936675255,51.04472696757566],[13.620449180294326,51.04472700134634],[13.620463096366063,51.044763263431854],[13.62046285259753,51.04476330551895],[13.620472722586776,51.04478834157006],[13.620524749346247,51.04478019659246],[13.620577335195797,51.044771959268765],[13.620560167301033,51.04472846443136],[13.620546077470879,51.0446927668637]]]}},{"type":"Feature","id":"DESNATPU1000FpO9","properties":{"id":"DESNATPU1000FpO9","height_m":6.386,"ground_m":279.085,"height_source":"LoD1 solid top minus bottom","production":"2024","laser":"2016","footprints":"2022"},"geometry":{"type":"Polygon","coordinates":[[[13.606384427098972,51.04608637547033],[13.606376229483045,51.045781496484125],[13.606215786549724,51.04578170529476],[13.606223625775039,51.04608660700094],[13.606384427098972,51.04608637547033]]]}},{"type":"Feature","id":"DESNATPU1000FQ1T","properties":{"id":"DESNATPU1000FQ1T","height_m":3.723,"ground_m":275.787,"height_source":"LoD1 solid top minus bottom","production":"2024","laser":"2016","footprints":"2022"},"geometry":{"type":"Polygon","coordinates":[[[13.617433237454943,51.04531691814002],[13.61742982769914,51.04536436071233],[13.6174550588635,51.045365018945915],[13.617455464525687,51.04536097690609],[13.617551820327805,51.045363735594506],[13.617555109524556,51.04532033843214],[13.617433237454943,51.04531691814002]]]}},{"type":"Feature","id":"DESNATPU1000FE84","properties":{"id":"DESNATPU1000FE84","height_m":8.657,"ground_m":284.318,"height_source":"LoD1 solid top minus bottom","production":"2024","laser":"2016","footprints":"2022"},"geometry":{"type":"Polygon","coordinates":[[[13.62776016744586,51.043589678797595],[13.627492716442003,51.04356468489135],[13.627474639556208,51.04364055310419],[13.627742373538926,51.043665640302535],[13.627813360694947,51.043672319325275],[13.62782347907458,51.04362920893155],[13.62776016744586,51.043589678797595]]]}},{"type":"Feature","id":"UUID_b55c24a8-9ef8-4a0e-a40b-92ce04d52748","properties":{"id":"UUID_b55c24a8-9ef8-4a0e-a40b-92ce04d52748","height_m":6.853,"ground_m":283.808,"height_source":"LoD1 solid top minus bottom","production":"2024","laser":"2016","footprints":"2022"},"geometry":{"type":"Polygon","coordinates":[[[13.629002845174716,51.04366686503006],[13.629000217188961,51.04362783168873],[13.628998186334638,51.04359756450527],[13.628894441054488,51.04359877537832],[13.628894440258225,51.04359880234787],[13.62881267016643,51.043599794360404],[13.628813516218313,51.04363008361699],[13.628814616581954,51.04366915299588],[13.628893191384112,51.04366815946211],[13.629002845174716,51.04366686503006]]]}},{"type":"Feature","id":"UUID_ccf7274f-b1d7-4d1b-9d74-dc27e9abe3b0","properties":{"id":"UUID_ccf7274f-b1d7-4d1b-9d74-dc27e9abe3b0","height_m":5.873,"ground_m":283.808,"height_source":"LoD1 solid top minus bottom","production":"2024","laser":"2016","footprints":"2022"},"geometry":{"type":"Polygon","coordinates":[[[13.6287968304272,51.04359996821457],[13.628812670697304,51.04359977638068],[13.628835574677792,51.04359950555564],[13.628894440258225,51.04359880234787],[13.628894441054488,51.04359877537832],[13.62889247859539,51.043529956133774],[13.628833541269126,51.0435306764843],[13.62879472550828,51.043531147296186],[13.628796525594915,51.04359000042714],[13.6287968304272,51.04359996821457]]]}},{"type":"Feature","id":"DESNATPU1000HqEM","properties":{"id":"DESNATPU1000HqEM","height_m":2.951,"ground_m":304.508,"height_source":"LoD1 solid top minus bottom","production":"2024","laser":"2016","footprints":"2022"},"geometry":{"type":"Polygon","coordinates":[[[13.630502420898742,51.03544980724083],[13.630422880092071,51.03549613308631],[13.630485890642928,51.0355349388974],[13.630560298736746,51.03548951510412],[13.630502420898742,51.03544980724083]]]}},{"type":"Feature","id":"DESNATPU1000Hk6m","properties":{"id":"DESNATPU1000Hk6m","height_m":2.588,"ground_m":296.037,"height_source":"LoD1 solid top minus bottom","production":"2024","laser":"2016","footprints":"2022"},"geometry":{"type":"Polygon","coordinates":[[[13.626923426957022,51.04250708730464],[13.626916989070098,51.04256078963473],[13.627002316945163,51.04256484984449],[13.627008614790666,51.04251105593498],[13.626923426957022,51.04250708730464]]]}},{"type":"Feature","id":"DESNATPU1000JdfC","properties":{"id":"DESNATPU1000JdfC","height_m":2.607,"ground_m":284.763,"height_source":"LoD1 solid top minus bottom","production":"2024","laser":"2016","footprints":"2022"},"geometry":{"type":"Polygon","coordinates":[[[13.629166479740821,51.04359741653134],[13.62915707812969,51.043543798072335],[13.62907202142441,51.043549814752375],[13.629081568196858,51.04360334499186],[13.629166479740821,51.04359741653134]]]}},{"type":"Feature","id":"DESNATP1h60000Jg","properties":{"id":"DESNATP1h60000Jg","height_m":5.178,"ground_m":277.705,"height_source":"LoD1 solid top minus bottom","production":"2024","laser":"2016","footprints":"2022"},"geometry":{"type":"Polygon","coordinates":[[[13.60611402843867,51.04571415030845],[13.606109089791627,51.04562726413263],[13.605943648206543,51.045631001143356],[13.605948586544137,51.045717887323725],[13.60611402843867,51.04571415030845]]]}},{"type":"Feature","id":"DESNATPU1000FFLd","properties":{"id":"DESNATPU1000FFLd","height_m":5.649,"ground_m":286.573,"height_source":"LoD1 solid top minus bottom","production":"2024","laser":"2016","footprints":"2022"},"geometry":{"type":"Polygon","coordinates":[[[13.622671063491447,51.044010669834044],[13.622803330866509,51.044009800631414],[13.622801553553666,51.04390618062532],[13.622669143868514,51.043907048147396],[13.622671063491447,51.044010669834044]]]}},{"type":"Feature","id":"DESNATPU1000HNbP","properties":{"id":"DESNATPU1000HNbP","height_m":2.776,"ground_m":292.405,"height_source":"LoD1 solid top minus bottom","production":"2024","laser":"2016","footprints":"2022"},"geometry":{"type":"Polygon","coordinates":[[[13.619501718530143,51.043438548803316],[13.619454154977573,51.0434453611322],[13.619491968889697,51.04355057604922],[13.619617467177957,51.04353263376315],[13.619604281001447,51.04349632622974],[13.619526774238274,51.04350746121813],[13.619501718530143,51.043438548803316]]]}},{"type":"Feature","id":"DESNATPU1000J4Tx","properties":{"id":"DESNATPU1000J4Tx","height_m":4.166,"ground_m":284.2,"height_source":"LoD1 solid top minus bottom","production":"2024","laser":"2016","footprints":"2022"},"geometry":{"type":"Polygon","coordinates":[[[13.62630217912277,51.043703225390715],[13.626193360974778,51.043702305848704],[13.626191112440502,51.04375902506476],[13.626299938699036,51.043759674914526],[13.62630217912277,51.043703225390715]]]}},{"type":"Feature","id":"DESNATPU1000BOiH","properties":{"id":"DESNATPU1000BOiH","height_m":2.922,"ground_m":276.66,"height_source":"LoD1 solid top minus bottom","production":"2024","laser":"2016","footprints":"2022"},"geometry":{"type":"Polygon","coordinates":[[[13.623890802834104,51.0461560594496],[13.623891136858768,51.04621266513515],[13.623994048333513,51.04621090928526],[13.623994727849803,51.04618508947751],[13.62408176742894,51.0461826340584],[13.624079926184317,51.046153295297835],[13.624010611300893,51.04615265900305],[13.623890802834104,51.0461560594496]]]}},{"type":"Feature","id":"DESNATPU1000ItBT","properties":{"id":"DESNATPU1000ItBT","height_m":4.571,"ground_m":265.824,"height_source":"LoD1 solid top minus bottom","production":"2024","laser":"2016","footprints":"2022"},"geometry":{"type":"Polygon","coordinates":[[[13.612423142592455,51.044353650405],[13.61245487928694,51.04430366655317],[13.612375449561467,51.04428356832844],[13.612343710109752,51.04433364205624],[13.612423142592455,51.044353650405]]]}},{"type":"Feature","id":"DESNATPU1000EDjj","properties":{"id":"DESNATPU1000EDjj","height_m":3.033,"ground_m":293.901,"height_source":"LoD1 solid top minus bottom","production":"2024","laser":"2016","footprints":"2022"},"geometry":{"type":"Polygon","coordinates":[[[13.629510607709573,51.03471204041752],[13.629591984714734,51.03467549410987],[13.629550562806216,51.034638856512714],[13.629469328411114,51.034675404464295],[13.629510607709573,51.03471204041752]]]}},{"type":"Feature","id":"UUID_215351d6-cc66-48f3-8503-cc7a43a593ae","properties":{"id":"UUID_215351d6-cc66-48f3-8503-cc7a43a593ae","height_m":3.563,"ground_m":271.063,"height_source":"LoD1 solid top minus bottom","production":"2024","laser":"2016","footprints":"2022"},"geometry":{"type":"Polygon","coordinates":[[[13.61298415778374,51.04445095993779],[13.613027260830368,51.04445791051288],[13.613084106975366,51.04446707458347],[13.613105648655925,51.04441403784578],[13.613044555720535,51.04441523725261],[13.613041001602749,51.04441530298479],[13.613000947741488,51.044409431792076],[13.61298415778374,51.04445095993779]]]}},{"type":"Feature","id":"UUID_d56e8417-793e-4bd2-8969-acef6e9333c8","properties":{"id":"UUID_d56e8417-793e-4bd2-8969-acef6e9333c8","height_m":4.236,"ground_m":271.063,"height_source":"LoD1 solid top minus bottom","production":"2024","laser":"2016","footprints":"2022"},"geometry":{"type":"Polygon","coordinates":[[[13.613184543555246,51.04436655596586],[13.613038663177392,51.04436941102695],[13.613041001602749,51.04441530298479],[13.613105648655925,51.04441403784578],[13.613105663990488,51.04441400205586],[13.613186882124742,51.04441244792193],[13.613184543555246,51.04436655596586]]]}},{"type":"Feature","id":"UUID_f0498187-e86d-4f84-9904-1cb21578bc84","properties":{"id":"UUID_f0498187-e86d-4f84-9904-1cb21578bc84","height_m":8.507,"ground_m":287.598,"height_source":"LoD1 solid top minus bottom","production":"2024","laser":"2016","footprints":"2022"},"geometry":{"type":"Polygon","coordinates":[[[13.626850427638669,51.04325602758011],[13.626847389383057,51.04335878154459],[13.626956053515338,51.043360058389865],[13.626959091530704,51.043257304420734],[13.626850427638669,51.04325602758011]]]}},{"type":"Feature","id":"UUID_d1c178ee-e2e2-47e5-b05a-eda2a28eec27","properties":{"id":"UUID_d1c178ee-e2e2-47e5-b05a-eda2a28eec27","height_m":6.111,"ground_m":287.598,"height_source":"LoD1 solid top minus bottom","production":"2024","laser":"2016","footprints":"2022"},"geometry":{"type":"Polygon","coordinates":[[[13.626850427638669,51.04325602758011],[13.626807404155,51.043255522010455],[13.626805884981865,51.04330689899201],[13.626848908513095,51.0433074045626],[13.626850427638669,51.04325602758011]]]}},{"type":"Feature","id":"DESNATPU1000IDKz","properties":{"id":"DESNATPU1000IDKz","height_m":3.166,"ground_m":293.534,"height_source":"LoD1 solid top minus bottom","production":"2024","laser":"2016","footprints":"2022"},"geometry":{"type":"Polygon","coordinates":[[[13.630102265795387,51.03437688533651],[13.630005026895764,51.034433839953394],[13.630061522355653,51.03447200306237],[13.630158470812738,51.034415224853475],[13.630102265795387,51.03437688533651]]]}},{"type":"Feature","id":"DESNATPU1000Ildc","properties":{"id":"DESNATPU1000Ildc","height_m":2.857,"ground_m":299.577,"height_source":"LoD1 solid top minus bottom","production":"2024","laser":"2016","footprints":"2022"},"geometry":{"type":"Polygon","coordinates":[[[13.629990695761105,51.03510355913237],[13.629907459826468,51.035116072660436],[13.62992730616607,51.03516855458551],[13.630010544841202,51.035155951145384],[13.629990695761105,51.03510355913237]]]}},{"type":"Feature","id":"DESNATP1h60000Jy","properties":{"id":"DESNATP1h60000Jy","height_m":2.496,"ground_m":279.596,"height_source":"LoD1 solid top minus bottom","production":"2024","laser":"2016","footprints":"2022"},"geometry":{"type":"Polygon","coordinates":[[[13.624138213342631,51.04555833219786],[13.624114538263491,51.04551477927422],[13.624006408821817,51.04553813784925],[13.623983572773959,51.04549612358297],[13.62387910465114,51.04551868880667],[13.62389880202021,51.04555492861749],[13.623918486575995,51.04555068191968],[13.62394528609602,51.04560000019763],[13.624138213342631,51.04555833219786]]]}},{"type":"Feature","id":"DESNATPU1000G6sK","properties":{"id":"DESNATPU1000G6sK","height_m":2.374,"ground_m":284.225,"height_source":"LoD1 solid top minus bottom","production":"2024","laser":"2016","footprints":"2022"},"geometry":{"type":"Polygon","coordinates":[[[13.629264909651079,51.043593598056546],[13.629193676293115,51.04359042428607],[13.62918640507035,51.04365310991547],[13.629257493265392,51.04365637191689],[13.629264909651079,51.043593598056546]]]}},{"type":"Feature","id":"DESNATPU1000H0s4","properties":{"id":"DESNATPU1000H0s4","height_m":9.55,"ground_m":294.826,"height_source":"LoD1 solid top minus bottom","production":"2024","laser":"2016","footprints":"2022"},"geometry":{"type":"Polygon","coordinates":[[[13.628242377997152,51.042555312310625],[13.628250049531788,51.04260033125279],[13.628253076144086,51.04261811890785],[13.628257318393032,51.042643528886884],[13.628689755807667,51.04261245265668],[13.628682066027489,51.042569969549014],[13.628674059118607,51.04252566613868],[13.628497386990057,51.0425377116725],[13.628242377997152,51.042555312310625]]]}},{"type":"Feature","id":"UUID_23c2ef93-e0f6-4155-bce6-2adc8260f674","properties":{"id":"UUID_23c2ef93-e0f6-4155-bce6-2adc8260f674","height_m":4.519,"ground_m":290.063,"height_source":"LoD1 solid top minus bottom","production":"2024","laser":"2016","footprints":"2022"},"geometry":{"type":"Polygon","coordinates":[[[13.629613679489033,51.04278741308913],[13.629664684720419,51.04281327248083],[13.629677985884474,51.04280291567771],[13.629708486126832,51.042779181172705],[13.62965705363184,51.042753298803504],[13.629613679489033,51.04278741308913]]]}},{"type":"Feature","id":"UUID_e1162bef-d5e4-4d94-b80e-66e8dea922c2","properties":{"id":"UUID_e1162bef-d5e4-4d94-b80e-66e8dea922c2","height_m":7.596,"ground_m":290.063,"height_source":"LoD1 solid top minus bottom","production":"2024","laser":"2016","footprints":"2022"},"geometry":{"type":"Polygon","coordinates":[[[13.629567790223911,51.04276414969062],[13.629550854173237,51.04275556062858],[13.629513910973374,51.04278444444528],[13.629530633920012,51.04279300403444],[13.629567790223911,51.04276414969062]]]}},{"type":"Feature","id":"UUID_518a05eb-0a08-4b4b-bc70-0ecd28cef050","properties":{"id":"UUID_518a05eb-0a08-4b4b-bc70-0ecd28cef050","height_m":8.894,"ground_m":290.063,"height_source":"LoD1 solid top minus bottom","production":"2024","laser":"2016","footprints":"2022"},"geometry":{"type":"Polygon","coordinates":[[[13.629530633920012,51.04279300403444],[13.629506106355201,51.04281205126061],[13.62960250171105,51.04286165386828],[13.629664684720419,51.04281327248083],[13.629613679489033,51.04278741308913],[13.629567790223911,51.04276414969062],[13.629530633920012,51.04279300403444]]]}},{"type":"Feature","id":"UUID_40b64711-780f-4d31-8614-7db462cc6484","properties":{"id":"UUID_40b64711-780f-4d31-8614-7db462cc6484","height_m":4.412,"ground_m":290.063,"height_source":"LoD1 solid top minus bottom","production":"2024","laser":"2016","footprints":"2022"},"geometry":{"type":"Polygon","coordinates":[[[13.629726773690697,51.04278837959593],[13.629708486126832,51.042779181172705],[13.629677985884474,51.04280291567771],[13.629696256273382,51.04281221282693],[13.629726773690697,51.04278837959593]]]}},{"type":"Feature","id":"DESNATPU1000ILdl","properties":{"id":"DESNATPU1000ILdl","height_m":3.279,"ground_m":281.276,"height_source":"LoD1 solid top minus bottom","production":"2024","laser":"2016","footprints":"2022"},"geometry":{"type":"Polygon","coordinates":[[[13.630544877273094,51.04410914483821],[13.630554339311537,51.04406402109735],[13.630491017401383,51.04405860266422],[13.630495587343917,51.04402457287415],[13.630419668436216,51.04402062550435],[13.630412565821354,51.04407764760569],[13.630457456510886,51.044088875359414],[13.630544877273094,51.04410914483821]]]}},{"type":"Feature","id":"UUID_4effb981-9978-4bff-ba3d-60764848e889","properties":{"id":"UUID_4effb981-9978-4bff-ba3d-60764848e889","height_m":4.789,"ground_m":270.181,"height_source":"LoD1 solid top minus bottom","production":"2024","laser":"2016","footprints":"2022"},"geometry":{"type":"Polygon","coordinates":[[[13.612863981151063,51.04436221160073],[13.612876865860972,51.04434635704105],[13.612833001039503,51.04433196017149],[13.612819767054273,51.04434756776972],[13.612863981151063,51.04436221160073]]]}},{"type":"Feature","id":"UUID_2a3407e0-2080-43b0-aa0d-29bedd9b693c","properties":{"id":"UUID_2a3407e0-2080-43b0-aa0d-29bedd9b693c","height_m":5.171,"ground_m":270.181,"height_source":"LoD1 solid top minus bottom","production":"2024","laser":"2016","footprints":"2022"},"geometry":{"type":"Polygon","coordinates":[[[13.613008934255735,51.04429009979707],[13.612898878100966,51.044254170484855],[13.612885568292569,51.044269930071216],[13.612840615662853,51.0443229946303],[13.612833001039503,51.04433196017149],[13.612876865860972,51.04434635704105],[13.612944252560709,51.044368470291325],[13.613008934255735,51.04429009979707]]]}},{"type":"Feature","id":"DESNATPU1000GluZ","properties":{"id":"DESNATPU1000GluZ","height_m":11.834,"ground_m":302.921,"height_source":"LoD1 solid top minus bottom","production":"2024","laser":"2016","footprints":"2022"},"geometry":{"type":"Polygon","coordinates":[[[13.60923653747765,51.034851949323574],[13.609280850014668,51.0347538685172],[13.609080824736083,51.03469353676206],[13.609026308583735,51.034814185364084],[13.60923653747765,51.034851949323574]]]}},{"type":"Feature","id":"DESNATP1h60000Kt","properties":{"id":"DESNATP1h60000Kt","height_m":3.134,"ground_m":293.582,"height_source":"LoD1 solid top minus bottom","production":"2024","laser":"2016","footprints":"2022"},"geometry":{"type":"Polygon","coordinates":[[[13.623220864577068,51.04224256507507],[13.62307778448991,51.04225658994798],[13.623089766032477,51.04230522125593],[13.623232860526452,51.04229119653758],[13.623220864577068,51.04224256507507]]]}},{"type":"Feature","id":"DESNATPU1000EJiG","properties":{"id":"DESNATPU1000EJiG","height_m":4.696,"ground_m":297.034,"height_source":"LoD1 solid top minus bottom","production":"2024","laser":"2016","footprints":"2022"},"geometry":{"type":"Polygon","coordinates":[[[13.627151211092487,51.03832892921613],[13.627081793546628,51.03833216047028],[13.62710169255722,51.0385034407215],[13.627171113015208,51.03850011955903],[13.627151211092487,51.03832892921613]]]}},{"type":"Feature","id":"DESNATPU1000IbKd","properties":{"id":"DESNATPU1000IbKd","height_m":4.154,"ground_m":287.185,"height_source":"LoD1 solid top minus bottom","production":"2024","laser":"2016","footprints":"2022"},"geometry":{"type":"Polygon","coordinates":[[[13.619405315307846,51.04430604150508],[13.619386686573733,51.044246467772226],[13.619300274079773,51.04425673299299],[13.619320339572884,51.04431787950044],[13.619405315307846,51.04430604150508]]]}},{"type":"Feature","id":"DESNATPU1000EDen","properties":{"id":"DESNATPU1000EDen","height_m":6.839,"ground_m":298.175,"height_source":"LoD1 solid top minus bottom","production":"2024","laser":"2016","footprints":"2022"},"geometry":{"type":"Polygon","coordinates":[[[13.628424857812648,51.03884950711793],[13.628428752826759,51.03880455197965],[13.628353653052926,51.03880214164952],[13.628354163121614,51.03879935981399],[13.628344290673722,51.038795556806654],[13.628324483948651,51.03879487465605],[13.628314116588976,51.03879817028851],[13.628313894352665,51.03880086557287],[13.62824905575695,51.038798755487456],[13.628245231864653,51.03884371145541],[13.628241402123052,51.038888865199766],[13.628420956949858,51.03889466003263],[13.628424857812648,51.03884950711793]]]}},{"type":"Feature","id":"DESNATPU1000Hb3u","properties":{"id":"DESNATPU1000Hb3u","height_m":3.075,"ground_m":277.471,"height_source":"LoD1 solid top minus bottom","production":"2024","laser":"2016","footprints":"2022"},"geometry":{"type":"Polygon","coordinates":[[[13.624225584606354,51.04618216899983],[13.624226974597576,51.04623155676698],[13.62429447825535,51.046230732735246],[13.624370831876764,51.04622974305572],[13.62436929912016,51.046180353610296],[13.624225584606354,51.04618216899983]]]}},{"type":"Feature","id":"UUID_8a29acb8-8eca-427a-90ed-c218877b3568","properties":{"id":"UUID_8a29acb8-8eca-427a-90ed-c218877b3568","height_m":5.043,"ground_m":283.845,"height_source":"LoD1 solid top minus bottom","production":"2024","laser":"2016","footprints":"2022"},"geometry":{"type":"Polygon","coordinates":[[[13.6188170370954,51.0447638198585],[13.618826779899944,51.04479118372978],[13.61884024862592,51.044829014496734],[13.618860689410173,51.044826207471196],[13.618943197826924,51.04481486223978],[13.618920607659234,51.04474939618381],[13.6188170370954,51.0447638198585]]]}},{"type":"Feature","id":"UUID_9d28b09b-4661-41d8-99b8-241d21b815f3","properties":{"id":"UUID_9d28b09b-4661-41d8-99b8-241d21b815f3","height_m":4.032,"ground_m":283.845,"height_source":"LoD1 solid top minus bottom","production":"2024","laser":"2016","footprints":"2022"},"geometry":{"type":"Polygon","coordinates":[[[13.618860689410173,51.044826207471196],[13.61884024862592,51.044829014496734],[13.618833955231745,51.044811340859624],[13.618826779899944,51.04479118372978],[13.61877893232272,51.04479790250155],[13.618783820204754,51.044811989317566],[13.61878392600194,51.044812269350295],[13.618785909320644,51.04481801232525],[13.618794043410098,51.04484142725403],[13.61886280001656,51.04483198792113],[13.618860689410173,51.044826207471196]]]}},{"type":"Feature","id":"DESNATPU1000EeFh","properties":{"id":"DESNATPU1000EeFh","height_m":4.302,"ground_m":292.62,"height_source":"LoD1 solid top minus bottom","production":"2024","laser":"2016","footprints":"2022"},"geometry":{"type":"Polygon","coordinates":[[[13.620853878017039,51.043080137409106],[13.620765511501125,51.04309672069236],[13.620797190054544,51.04316364261582],[13.62088555668742,51.043147059309696],[13.620853878017039,51.043080137409106]]]}},{"type":"Feature","id":"DESNATPU1000BfxL","properties":{"id":"DESNATPU1000BfxL","height_m":2.786,"ground_m":289.878,"height_source":"LoD1 solid top minus bottom","production":"2024","laser":"2016","footprints":"2022"},"geometry":{"type":"Polygon","coordinates":[[[13.621859726380139,51.04331071345605],[13.62177767700709,51.043325933129886],[13.621801962183984,51.04337765937334],[13.621884014308884,51.043362349784935],[13.621859726380139,51.04331071345605]]]}},{"type":"Feature","id":"DESNATPU1000JItv","properties":{"id":"DESNATPU1000JItv","height_m":3.07,"ground_m":293.685,"height_source":"LoD1 solid top minus bottom","production":"2024","laser":"2016","footprints":"2022"},"geometry":{"type":"Polygon","coordinates":[[[13.62965973142361,51.034665856772875],[13.629760489968797,51.034615328733025],[13.629703348616168,51.03457005344862],[13.629602587456947,51.034620671338566],[13.62965973142361,51.034665856772875]]]}},{"type":"Feature","id":"DESNATPU1000BzpZ","properties":{"id":"DESNATPU1000BzpZ","height_m":4.484,"ground_m":294.153,"height_source":"LoD1 solid top minus bottom","production":"2024","laser":"2016","footprints":"2022"},"geometry":{"type":"Polygon","coordinates":[[[13.621298742719192,51.04222233093236],[13.6212594995069,51.04222762342232],[13.62120880024078,51.04223439946316],[13.62123015979556,51.042298141909434],[13.621318200552198,51.04228766966075],[13.621298742719192,51.04222233093236]]]}},{"type":"Feature","id":"DESNATPU1000IBMe","properties":{"id":"DESNATPU1000IBMe","height_m":8.827,"ground_m":290.45,"height_source":"LoD1 solid top minus bottom","production":"2024","laser":"2016","footprints":"2022"},"geometry":{"type":"Polygon","coordinates":[[[13.620599326880006,51.04386015132601],[13.620720133474926,51.04383208033956],[13.620683475199403,51.04376950618361],[13.620562808681044,51.04379766871516],[13.620599326880006,51.04386015132601]]]}},{"type":"Feature","id":"UUID_aa9a1fc7-c72b-414f-a4c6-8decfebda5a4","properties":{"id":"UUID_aa9a1fc7-c72b-414f-a4c6-8decfebda5a4","height_m":2.932,"ground_m":285.813,"height_source":"LoD1 solid top minus bottom","production":"2024","laser":"2016","footprints":"2022"},"geometry":{"type":"Polygon","coordinates":[[[13.622754582579464,51.04416093757036],[13.622692366481441,51.04416106761183],[13.622693661616951,51.04418329552178],[13.622729054331959,51.04418282236243],[13.622752450275202,51.044181848082076],[13.622754582579464,51.04416093757036]]]}},{"type":"Feature","id":"UUID_2de8b78f-6a9b-4a78-bae5-fb7713133e7c","properties":{"id":"UUID_2de8b78f-6a9b-4a78-bae5-fb7713133e7c","height_m":6.334,"ground_m":285.813,"height_source":"LoD1 solid top minus bottom","production":"2024","laser":"2016","footprints":"2022"},"geometry":{"type":"Polygon","coordinates":[[[13.622858000105166,51.04416072650164],[13.62285726643615,51.04418546651866],[13.622944141308809,51.04418363053542],[13.622943698760064,51.04416054935032],[13.622858000105166,51.04416072650164]]]}},{"type":"Feature","id":"UUID_2caf2cff-eafe-4e61-bf40-eae95e5ca54b","properties":{"id":"UUID_2caf2cff-eafe-4e61-bf40-eae95e5ca54b","height_m":4.194,"ground_m":285.813,"height_source":"LoD1 solid top minus bottom","production":"2024","laser":"2016","footprints":"2022"},"geometry":{"type":"Polygon","coordinates":[[[13.622942399100511,51.0440922863584],[13.622688564099821,51.044095913665444],[13.622692366481441,51.04416106761183],[13.622754582579464,51.04416093757036],[13.622858000105166,51.04416072650164],[13.622943698760064,51.04416054935032],[13.622942399100511,51.0440922863584]]]}},{"type":"Feature","id":"DESNATP1h60000L5","properties":{"id":"DESNATP1h60000L5","height_m":2.541,"ground_m":297.55,"height_source":"LoD1 solid top minus bottom","production":"2024","laser":"2016","footprints":"2022"},"geometry":{"type":"Polygon","coordinates":[[[13.625798165157583,51.04124509529324],[13.6256810753739,51.04123755806805],[13.625672994835373,51.04128743699782],[13.625611075525887,51.04128345328581],[13.625605648167866,51.04131694224315],[13.625741261081519,51.041325677620144],[13.625734839319477,51.041365297090415],[13.625821076395255,51.041370852706685],[13.625832996421336,51.0412972684712],[13.625790155614164,51.04129450743073],[13.625798165157583,51.04124509529324]]]}},{"type":"Feature","id":"DESNATPU1000Gcg1","properties":{"id":"DESNATPU1000Gcg1","height_m":8.428,"ground_m":280.461,"height_source":"LoD1 solid top minus bottom","production":"2024","laser":"2016","footprints":"2022"},"geometry":{"type":"Polygon","coordinates":[[[13.603486631967804,51.046390942515124],[13.603670966018145,51.04661347340768],[13.603830042778759,51.04656105647185],[13.603645848072494,51.0463386174256],[13.603486631967804,51.046390942515124]]]}},{"type":"Feature","id":"DESNATPU1000IJIJ","properties":{"id":"DESNATPU1000IJIJ","height_m":5.721,"ground_m":274.173,"height_source":"LoD1 solid top minus bottom","production":"2024","laser":"2016","footprints":"2022"},"geometry":{"type":"Polygon","coordinates":[[[13.623860001142285,51.04633901841618],[13.623866860183742,51.04643973051837],[13.624027058591032,51.04643532184075],[13.624020341815205,51.04633461142444],[13.623860001142285,51.04633901841618]]]}},{"type":"Feature","id":"DESNATPU1000Bljr","properties":{"id":"DESNATPU1000Bljr","height_m":3.0,"ground_m":286.784,"height_source":"LoD1 solid top minus bottom","production":"2024","laser":"2016","footprints":"2022"},"geometry":{"type":"Polygon","coordinates":[[[13.625303604663848,51.043177713862086],[13.625406291185694,51.043183328386334],[13.625437445278303,51.04302721712206],[13.625450997036328,51.042959749371015],[13.625364325059197,51.04295288439766],[13.625325728321346,51.04301825892044],[13.625303604663848,51.043177713862086]]]}},{"type":"Feature","id":"DESNATPU1000BmUL","properties":{"id":"DESNATPU1000BmUL","height_m":8.556,"ground_m":292.676,"height_source":"LoD1 solid top minus bottom","production":"2024","laser":"2016","footprints":"2022"},"geometry":{"type":"Polygon","coordinates":[[[13.629505847786108,51.04240026010243],[13.629625471742795,51.0424602971816],[13.629654087398666,51.04243806040147],[13.629703876212536,51.042399255047556],[13.629652434916721,51.04237320170337],[13.6296369557984,51.04238534055],[13.629575818341074,51.04235431725966],[13.629540916993067,51.042381696226336],[13.629560306775849,51.042391725964016],[13.6295356315314,51.042410951324186],[13.629509352451624,51.04239751338472],[13.629505847786108,51.04240026010243]]]}},{"type":"Feature","id":"UUID_207c1eba-66e3-4fad-bc4c-6bf366805914","properties":{"id":"UUID_207c1eba-66e3-4fad-bc4c-6bf366805914","height_m":3.057,"ground_m":289.202,"height_source":"LoD1 solid top minus bottom","production":"2024","laser":"2016","footprints":"2022"},"geometry":{"type":"Polygon","coordinates":[[[13.622443426319315,51.043206172930056],[13.62239889541384,51.043211763189355],[13.622405406888127,51.04323270365532],[13.622450111070124,51.043227043492344],[13.622443426319315,51.043206172930056]]]}},{"type":"Feature","id":"UUID_69bc970a-a0d8-4db7-8583-d31d2a5b6d34","properties":{"id":"UUID_69bc970a-a0d8-4db7-8583-d31d2a5b6d34","height_m":2.91,"ground_m":289.202,"height_source":"LoD1 solid top minus bottom","production":"2024","laser":"2016","footprints":"2022"},"geometry":{"type":"Polygon","coordinates":[[[13.622458520820313,51.04328738657148],[13.622455561321484,51.043277989996426],[13.62246601403071,51.043276674341215],[13.622463546024322,51.04326898323255],[13.6224006697066,51.04327698317723],[13.622299718322168,51.04328982206686],[13.62230629565065,51.04330757980141],[13.622313640078438,51.04332736999876],[13.622464558298024,51.043306513858056],[13.622458520820313,51.04328738657148]]]}},{"type":"Feature","id":"UUID_58146e56-ada7-4afb-9793-dd6e397e7623","properties":{"id":"UUID_58146e56-ada7-4afb-9793-dd6e397e7623","height_m":3.065,"ground_m":289.202,"height_source":"LoD1 solid top minus bottom","production":"2024","laser":"2016","footprints":"2022"},"geometry":{"type":"Polygon","coordinates":[[[13.6224006697066,51.04327698317723],[13.622463546024322,51.04326898323255],[13.622450111070124,51.043227043492344],[13.622405406888127,51.04323270365532],[13.622387221613543,51.04323500730285],[13.6224006697066,51.04327698317723]]]}},{"type":"Feature","id":"DESNATP1h60000Jf","properties":{"id":"DESNATP1h60000Jf","height_m":7.662,"ground_m":276.472,"height_source":"LoD1 solid top minus bottom","production":"2024","laser":"2016","footprints":"2022"},"geometry":{"type":"Polygon","coordinates":[[[13.605573435438268,51.045590899901626],[13.60562252539655,51.0456412438573],[13.605711886328056,51.0456066169511],[13.60566279630802,51.04555627303221],[13.605573435438268,51.045590899901626]]]}},{"type":"Feature","id":"DESNATPU1000JMVw","properties":{"id":"DESNATPU1000JMVw","height_m":10.238,"ground_m":297.36,"height_source":"LoD1 solid top minus bottom","production":"2024","laser":"2016","footprints":"2022"},"geometry":{"type":"Polygon","coordinates":[[[13.627802328285838,51.03830418447177],[13.627807288124858,51.038345358612105],[13.62787699348102,51.038342040376804],[13.627877454952129,51.038345732916646],[13.627961868165384,51.03834186789824],[13.62796141199863,51.03833799556146],[13.628021257485429,51.038335280905784],[13.628016599548431,51.038294020390175],[13.628012097693786,51.03825423655511],[13.627797553040544,51.03826448734709],[13.627802328285838,51.03830418447177]]]}},{"type":"Feature","id":"UUID_8994ce0e-338a-4546-992b-6a2fef5c946d","properties":{"id":"UUID_8994ce0e-338a-4546-992b-6a2fef5c946d","height_m":5.735,"ground_m":289.916,"height_source":"LoD1 solid top minus bottom","production":"2024","laser":"2016","footprints":"2022"},"geometry":{"type":"Polygon","coordinates":[[[13.619316547106418,51.04391476049419],[13.619303660015508,51.04392597535163],[13.619309074100705,51.043940598950286],[13.619325770736179,51.04394615603948],[13.619329217428064,51.04394730289888],[13.619345797873553,51.043990835952734],[13.619469881414592,51.04397205874526],[13.619452705904644,51.043926944908286],[13.619440888480158,51.043895941399555],[13.61936714631967,51.04390710277397],[13.619316547106418,51.04391476049419]]]}},{"type":"Feature","id":"UUID_50100bbf-e72d-4086-8242-dbbeeec7584b","properties":{"id":"UUID_50100bbf-e72d-4086-8242-dbbeeec7584b","height_m":4.311,"ground_m":289.916,"height_source":"LoD1 solid top minus bottom","production":"2024","laser":"2016","footprints":"2022"},"geometry":{"type":"Polygon","coordinates":[[[13.619361324182629,51.04389180887661],[13.61936714631967,51.04390710277397],[13.619440888480158,51.043895941399555],[13.619435066320086,51.04388064750566],[13.619361324182629,51.04389180887661]]]}},{"type":"Feature","id":"UUID_90dcfc62-1e8a-483f-88be-6a74e9dbe7ed","properties":{"id":"UUID_90dcfc62-1e8a-483f-88be-6a74e9dbe7ed","height_m":7.173,"ground_m":280.131,"height_source":"LoD1 solid top minus bottom","production":"2024","laser":"2016","footprints":"2022"},"geometry":{"type":"Polygon","coordinates":[[[13.617846501212572,51.0450683847779],[13.617974774001862,51.04507241991941],[13.61797812841323,51.04503209012091],[13.6179814334278,51.044992461190034],[13.617917149180544,51.04499062175093],[13.617917151588573,51.044990540842626],[13.617867251441782,51.04498904236466],[13.617867273729667,51.04498877283899],[13.61785229985726,51.044988595733344],[13.617850324961887,51.045021396738385],[13.617849911665074,51.04502138285705],[13.617849425233905,51.04502813982183],[13.617846837326882,51.0450638023355],[13.617846922892005,51.04506380334754],[13.617846501212572,51.0450683847779]]]}},{"type":"Feature","id":"UUID_54947d2d-f320-4586-a241-c693cef3989d","properties":{"id":"UUID_54947d2d-f320-4586-a241-c693cef3989d","height_m":4.606,"ground_m":280.131,"height_source":"LoD1 solid top minus bottom","production":"2024","laser":"2016","footprints":"2022"},"geometry":{"type":"Polygon","coordinates":[[[13.617815702325569,51.045063074355326],[13.617846837326882,51.0450638023355],[13.617849911665074,51.04502138285705],[13.617818547369174,51.04502021150964],[13.617815702325569,51.045063074355326]]]}},{"type":"Feature","id":"UUID_091a1529-2386-45bb-98a0-0eb304911f2e","properties":{"id":"UUID_091a1529-2386-45bb-98a0-0eb304911f2e","height_m":4.52,"ground_m":280.131,"height_source":"LoD1 solid top minus bottom","production":"2024","laser":"2016","footprints":"2022"},"geometry":{"type":"Polygon","coordinates":[[[13.617870166881957,51.044944291825],[13.617867273729667,51.04498877283899],[13.617867251441782,51.04498904236466],[13.617917151588573,51.044990540842626],[13.617920486163243,51.04494560640657],[13.617870166881957,51.044944291825]]]}},{"type":"Feature","id":"DESNATPU1000GHlb","properties":{"id":"DESNATPU1000GHlb","height_m":3.006,"ground_m":278.198,"height_source":"LoD1 solid top minus bottom","production":"2024","laser":"2016","footprints":"2022"},"geometry":{"type":"Polygon","coordinates":[[[13.602956083960231,51.04393886796806],[13.602959758776212,51.04397794147679],[13.603088673791282,51.043974716338035],[13.603086328275866,51.04393412991631],[13.602956083960231,51.04393886796806]]]}},{"type":"Feature","id":"DESNATPU1000IUGg","properties":{"id":"DESNATPU1000IUGg","height_m":8.075,"ground_m":278.646,"height_source":"LoD1 solid top minus bottom","production":"2024","laser":"2016","footprints":"2022"},"geometry":{"type":"Polygon","coordinates":[[[13.60545312087001,51.04629994592329],[13.605731812732973,51.04628330700174],[13.605719239121155,51.046193676788626],[13.605439856335169,51.04620958799409],[13.60545312087001,51.04629994592329]]]}},{"type":"Feature","id":"DESNATPU1000I4rY","properties":{"id":"DESNATPU1000I4rY","height_m":9.8,"ground_m":288.688,"height_source":"LoD1 solid top minus bottom","production":"2024","laser":"2016","footprints":"2022"},"geometry":{"type":"Polygon","coordinates":[[[13.625500463195273,51.0429175246701],[13.625825320647172,51.04294032050104],[13.625830812293772,51.042908999604705],[13.625840925609618,51.04285165343452],[13.62551620871009,51.042828949227115],[13.625500463195273,51.0429175246701]]]}},{"type":"Feature","id":"DESNATPU1000JVlQ","properties":{"id":"DESNATPU1000JVlQ","height_m":3.474,"ground_m":303.066,"height_source":"LoD1 solid top minus bottom","production":"2024","laser":"2016","footprints":"2022"},"geometry":{"type":"Polygon","coordinates":[[[13.607450237532609,51.035158514221784],[13.607535455280914,51.03517050124438],[13.607553220850551,51.03512026223034],[13.607468003189318,51.0351082752213],[13.607450237532609,51.035158514221784]]]}},{"type":"Feature","id":"DESNATPU1000G9YG","properties":{"id":"DESNATPU1000G9YG","height_m":7.529,"ground_m":278.335,"height_source":"LoD1 solid top minus bottom","production":"2024","laser":"2016","footprints":"2022"},"geometry":{"type":"Polygon","coordinates":[[[13.610902970751564,51.042656599505015],[13.611137089016903,51.04266522777075],[13.61114405316043,51.04258976946747],[13.610909935273662,51.04258114121854],[13.610902970751564,51.042656599505015]]]}},{"type":"Feature","id":"DESNATPU1000BYPc","properties":{"id":"DESNATPU1000BYPc","height_m":2.881,"ground_m":284.893,"height_source":"LoD1 solid top minus bottom","production":"2024","laser":"2016","footprints":"2022"},"geometry":{"type":"Polygon","coordinates":[[[13.623681706332365,51.043570230881684],[13.623583902594904,51.04358274823533],[13.623598146211066,51.04362680171896],[13.623695950037932,51.04361428435416],[13.623681706332365,51.043570230881684]]]}},{"type":"Feature","id":"UUID_56fe4659-07a2-46a2-a465-4bcaffbd7fe7","properties":{"id":"UUID_56fe4659-07a2-46a2-a465-4bcaffbd7fe7","height_m":4.515,"ground_m":284.974,"height_source":"LoD1 solid top minus bottom","production":"2024","laser":"2016","footprints":"2022"},"geometry":{"type":"Polygon","coordinates":[[[13.619513387083817,51.04455333910632],[13.619445194570789,51.04456205705356],[13.619471621316363,51.04462517620087],[13.619470489640937,51.044625333697915],[13.619485560860804,51.044663021447654],[13.619485976560298,51.04466295441484],[13.619551202689944,51.044652771517825],[13.619513387083817,51.04455333910632]]]}},{"type":"Feature","id":"UUID_22346c60-dd43-4848-9fb9-827622684cb4","properties":{"id":"UUID_22346c60-dd43-4848-9fb9-827622684cb4","height_m":3.662,"ground_m":284.974,"height_source":"LoD1 solid top minus bottom","production":"2024","laser":"2016","footprints":"2022"},"geometry":{"type":"Polygon","coordinates":[[[13.619485560860804,51.044663021447654],[13.619470489640937,51.044625333697915],[13.619384138158267,51.044637362326895],[13.619361332706154,51.04464053719645],[13.61938473894164,51.04471648063109],[13.619410643194287,51.04471272185204],[13.619499975649688,51.04469975717788],[13.619485976560298,51.04466295441484],[13.619485560860804,51.044663021447654]]]}},{"type":"Feature","id":"UUID_f6caf78e-affd-41d1-9c80-ed76c81b9e86","properties":{"id":"UUID_f6caf78e-affd-41d1-9c80-ed76c81b9e86","height_m":4.978,"ground_m":302.603,"height_source":"LoD1 solid top minus bottom","production":"2024","laser":"2016","footprints":"2022"},"geometry":{"type":"Polygon","coordinates":[[[13.607690758668427,51.036563514661694],[13.607687666044082,51.0365734240659],[13.607671239625226,51.03662655680596],[13.607809100684118,51.036643478526024],[13.607828340246986,51.03658166507033],[13.607828734691463,51.03658040175735],[13.607839387917135,51.036546184428545],[13.607701396385929,51.03652934212517],[13.607690758668427,51.036563514661694]]]}},{"type":"Feature","id":"UUID_4b81e813-c857-4e00-8d52-a7e954d9f37a","properties":{"id":"UUID_4b81e813-c857-4e00-8d52-a7e954d9f37a","height_m":4.107,"ground_m":302.603,"height_source":"LoD1 solid top minus bottom","production":"2024","laser":"2016","footprints":"2022"},"geometry":{"type":"Polygon","coordinates":[[[13.607863014377836,51.03658594517106],[13.607828340246986,51.03658166507033],[13.607809100684118,51.036643478526024],[13.607814060093984,51.03664409518029],[13.60782338338787,51.036613800940316],[13.607853083337398,51.03661748219998],[13.607863014377836,51.03658594517106]]]}},{"type":"Feature","id":"DESNATPU1000DtXE","properties":{"id":"DESNATPU1000DtXE","height_m":2.471,"ground_m":293.713,"height_source":"LoD1 solid top minus bottom","production":"2024","laser":"2016","footprints":"2022"},"geometry":{"type":"Polygon","coordinates":[[[13.619419802900772,51.0431152547428],[13.61952229121368,51.043103515653705],[13.619509232529296,51.043058126704764],[13.619406744313705,51.04306986578326],[13.619419802900772,51.0431152547428]]]}},{"type":"Feature","id":"DESNATPU1000Bu2i","properties":{"id":"DESNATPU1000Bu2i","height_m":2.655,"ground_m":293.319,"height_source":"LoD1 solid top minus bottom","production":"2024","laser":"2016","footprints":"2022"},"geometry":{"type":"Polygon","coordinates":[[[13.620644952509926,51.042833152397826],[13.62067059723172,51.04293030946941],[13.620745725018367,51.04292238311857],[13.620734436241039,51.042879803023276],[13.620739158126817,51.04287931917801],[13.620724514149861,51.04282482874936],[13.620644952509926,51.042833152397826]]]}},{"type":"Feature","id":"DESNATP1h60000KD","properties":{"id":"DESNATP1h60000KD","height_m":3.343,"ground_m":283.729,"height_source":"LoD1 solid top minus bottom","production":"2024","laser":"2016","footprints":"2022"},"geometry":{"type":"Polygon","coordinates":[[[13.62226900149968,51.04519504411657],[13.622267032899227,51.04513830222885],[13.622127327025927,51.04514022523696],[13.62212928119473,51.04519696695755],[13.62226900149968,51.04519504411657]]]}},{"type":"Feature","id":"DESNATPU1000HTgX","properties":{"id":"DESNATPU1000HTgX","height_m":4.314,"ground_m":282.409,"height_source":"LoD1 solid top minus bottom","production":"2024","laser":"2016","footprints":"2022"},"geometry":{"type":"Polygon","coordinates":[[[13.602449364873198,51.044724075045934],[13.602455148606744,51.04471865849366],[13.602482625534128,51.04471483234111],[13.602490929287386,51.044718115166084],[13.602560717032123,51.04470817615294],[13.602526843154061,51.04461359648168],[13.602442700113336,51.04462556707293],[13.60244895120955,51.04464301628867],[13.602351975021733,51.04465715352593],[13.602379490165204,51.0447340579176],[13.602449364873198,51.044724075045934]]]}},{"type":"Feature","id":"UUID_b74252a7-3196-42e3-ae0f-dbeb94f6c0da","properties":{"id":"UUID_b74252a7-3196-42e3-ae0f-dbeb94f6c0da","height_m":7.511,"ground_m":293.505,"height_source":"LoD1 solid top minus bottom","production":"2024","laser":"2016","footprints":"2022"},"geometry":{"type":"Polygon","coordinates":[[[13.619656010369926,51.04316698495119],[13.619688400959959,51.04326269311949],[13.619822459924062,51.04324467187593],[13.619790061755234,51.04314872983868],[13.619656010369926,51.04316698495119]]]}},{"type":"Feature","id":"UUID_11dc2583-2afc-4205-a194-dca3b9b90c14","properties":{"id":"UUID_11dc2583-2afc-4205-a194-dca3b9b90c14","height_m":4.462,"ground_m":293.505,"height_source":"LoD1 solid top minus bottom","production":"2024","laser":"2016","footprints":"2022"},"geometry":{"type":"Polygon","coordinates":[[[13.619822553117398,51.04311193662996],[13.619779691091873,51.04311800424487],[13.619793221685491,51.043158083886134],[13.619836353522784,51.04315157879697],[13.619822553117398,51.04311193662996]]]}},{"type":"Feature","id":"UUID_b65b7272-3a83-4542-a308-6b93e45fee92","properties":{"id":"UUID_b65b7272-3a83-4542-a308-6b93e45fee92","height_m":5.091,"ground_m":293.505,"height_source":"LoD1 solid top minus bottom","production":"2024","laser":"2016","footprints":"2022"},"geometry":{"type":"Polygon","coordinates":[[[13.619790061755234,51.04314872983868],[13.619779691091873,51.04311800424487],[13.61973516738286,51.04312430402006],[13.619745960383293,51.04315473783816],[13.619790061755234,51.04314872983868]]]}},{"type":"Feature","id":"UUID_c6c8e1a6-178c-41d9-94ea-e35243b41418","properties":{"id":"UUID_c6c8e1a6-178c-41d9-94ea-e35243b41418","height_m":5.932,"ground_m":287.91,"height_source":"LoD1 solid top minus bottom","production":"2024","laser":"2016","footprints":"2022"},"geometry":{"type":"Polygon","coordinates":[[[13.624383751593998,51.04288486934734],[13.624474852742289,51.04287848657732],[13.624463923950884,51.04281737657342],[13.62445731515724,51.04278042758442],[13.62436611144889,51.04278690805546],[13.624383751593998,51.04288486934734]]]}},{"type":"Feature","id":"UUID_c3c99216-7944-4d30-98f6-7b9ee49a48eb","properties":{"id":"UUID_c3c99216-7944-4d30-98f6-7b9ee49a48eb","height_m":3.953,"ground_m":287.91,"height_source":"LoD1 solid top minus bottom","production":"2024","laser":"2016","footprints":"2022"},"geometry":{"type":"Polygon","coordinates":[[[13.624474852742289,51.04287848657732],[13.624519981699093,51.04287532167833],[13.6245089527612,51.042814219493025],[13.624463923950884,51.04281737657342],[13.624474852742289,51.04287848657732]]]}},{"type":"Feature","id":"DESNATP1CG000066","properties":{"id":"DESNATP1CG000066","height_m":5.903,"ground_m":284.667,"height_source":"LoD1 solid top minus bottom","production":"2024","laser":"2016","footprints":"2022"},"geometry":{"type":"Polygon","coordinates":[[[13.628756773305332,51.04350720332235],[13.62859394504938,51.043499581966344],[13.628590958632298,51.04354998848689],[13.628750036180787,51.043556612578705],[13.628756773305332,51.04350720332235]]]}},{"type":"Feature","id":"DESNATPU1000HKiz","properties":{"id":"DESNATPU1000HKiz","height_m":5.068,"ground_m":277.37,"height_source":"LoD1 solid top minus bottom","production":"2024","laser":"2016","footprints":"2022"},"geometry":{"type":"Polygon","coordinates":[[[13.604405531941378,51.04685111985553],[13.60454968574448,51.04686327320747],[13.604558662027062,51.04682093351131],[13.604414508352622,51.04680878017136],[13.604405531941378,51.04685111985553]]]}},{"type":"Feature","id":"DESNATPU1000J30q","properties":{"id":"DESNATPU1000J30q","height_m":5.803,"ground_m":276.645,"height_source":"LoD1 solid top minus bottom","production":"2024","laser":"2016","footprints":"2022"},"geometry":{"type":"Polygon","coordinates":[[[13.60311251890454,51.043755842226126],[13.603120305012604,51.04379577424588],[13.603106006779175,51.043796862343406],[13.603111319389004,51.043824174609504],[13.603125762938689,51.04382299831849],[13.603239435830362,51.04381428494762],[13.603226210561132,51.04374649958371],[13.60311251890454,51.043755842226126]]]}},{"type":"Feature","id":"DESNATPU1000E5ui","properties":{"id":"DESNATPU1000E5ui","height_m":2.826,"ground_m":289.306,"height_source":"LoD1 solid top minus bottom","production":"2024","laser":"2016","footprints":"2022"},"geometry":{"type":"Polygon","coordinates":[[[13.628259991309822,51.04321226676621],[13.628252741850062,51.04329783971195],[13.628338107700342,51.043301629596264],[13.628346727215092,51.04321506551495],[13.628259991309822,51.04321226676621]]]}},{"type":"Feature","id":"DESNATPU1000B1N9","properties":{"id":"DESNATPU1000B1N9","height_m":2.873,"ground_m":294.373,"height_source":"LoD1 solid top minus bottom","production":"2024","laser":"2016","footprints":"2022"},"geometry":{"type":"Polygon","coordinates":[[[13.63049422512616,51.03427931965007],[13.63056723154719,51.03423637947202],[13.630518566492496,51.03420352431076],[13.630445705305705,51.034246376231046],[13.63049422512616,51.03427931965007]]]}},{"type":"Feature","id":"DESNATPU1000FqVc","properties":{"id":"DESNATPU1000FqVc","height_m":6.82,"ground_m":289.711,"height_source":"LoD1 solid top minus bottom","production":"2024","laser":"2016","footprints":"2022"},"geometry":{"type":"Polygon","coordinates":[[[13.624033224262748,51.04267408386151],[13.624183484456376,51.04265319078262],[13.62415139559767,51.04256144434865],[13.624001133024477,51.04258242728719],[13.624033224262748,51.04267408386151]]]}},{"type":"Feature","id":"DESNATPU1000DG68","properties":{"id":"DESNATPU1000DG68","height_m":2.491,"ground_m":294.089,"height_source":"LoD1 solid top minus bottom","production":"2024","laser":"2016","footprints":"2022"},"geometry":{"type":"Polygon","coordinates":[[[13.618809248071683,51.042897532132685],[13.618825921879479,51.04294125522731],[13.618922936691229,51.042926484287236],[13.618906120194948,51.04288275952029],[13.618809248071683,51.042897532132685]]]}},{"type":"Feature","id":"UUID_4d76462d-ee53-4d9e-aff7-4bb7e08f1fc3","properties":{"id":"UUID_4d76462d-ee53-4d9e-aff7-4bb7e08f1fc3","height_m":7.064,"ground_m":292.975,"height_source":"LoD1 solid top minus bottom","production":"2024","laser":"2016","footprints":"2022"},"geometry":{"type":"Polygon","coordinates":[[[13.623913033874027,51.04225931544392],[13.62392926616129,51.04224443436832],[13.623923421846138,51.04222503064846],[13.623899875303545,51.04221475317354],[13.623913033874027,51.04225931544392]]]}},{"type":"Feature","id":"UUID_c0c32d2a-6091-404b-a631-056e6366892e","properties":{"id":"UUID_c0c32d2a-6091-404b-a631-056e6366892e","height_m":6.134,"ground_m":292.975,"height_source":"LoD1 solid top minus bottom","production":"2024","laser":"2016","footprints":"2022"},"geometry":{"type":"Polygon","coordinates":[[[13.62389795607843,51.04220827361589],[13.623837549730464,51.04221529620201],[13.623846416643854,51.042244861612986],[13.623858748428495,51.042286032793875],[13.623918829015846,51.04227893441653],[13.623912990028451,51.0422593508995],[13.623913033874027,51.04225931544392],[13.62390665563807,51.042237711149724],[13.623899875303545,51.04221475317354],[13.623899903290827,51.042214771489085],[13.62389795607843,51.04220827361589]]]}},{"type":"Feature","id":"UUID_e3cf99a7-3564-4208-a9c0-298006a74940","properties":{"id":"UUID_e3cf99a7-3564-4208-a9c0-298006a74940","height_m":4.457,"ground_m":292.975,"height_source":"LoD1 solid top minus bottom","production":"2024","laser":"2016","footprints":"2022"},"geometry":{"type":"Polygon","coordinates":[[[13.623821322507672,51.042286329464375],[13.6236523603025,51.04230679495979],[13.623653606724755,51.04231190865772],[13.623822491363216,51.04229021020929],[13.623821322507672,51.042286329464375]]]}},{"type":"Feature","id":"UUID_6c3535cb-155b-4e60-a9af-24a89a61fb72","properties":{"id":"UUID_6c3535cb-155b-4e60-a9af-24a89a61fb72","height_m":5.798,"ground_m":292.975,"height_source":"LoD1 solid top minus bottom","production":"2024","laser":"2016","footprints":"2022"},"geometry":{"type":"Polygon","coordinates":[[[13.623851100594077,51.04228272324342],[13.623852406724714,51.04228678546418],[13.623858748428495,51.042286032793875],[13.623846740645481,51.042245962571656],[13.623837549730464,51.04221529620201],[13.623834304391302,51.042204466411725],[13.623816409952658,51.04219697136177],[13.623789204048641,51.04220042800717],[13.623777764226904,51.0422109949194],[13.623633429027516,51.04222887266969],[13.623643575510203,51.04227061167106],[13.6236523603025,51.04230679495979],[13.623821322507672,51.042286329464375],[13.623851100594077,51.04228272324342]]]}},{"type":"Feature","id":"DESNATPU1000IPBd","properties":{"id":"DESNATPU1000IPBd","height_m":6.972,"ground_m":284.961,"height_source":"LoD1 solid top minus bottom","production":"2024","laser":"2016","footprints":"2022"},"geometry":{"type":"Polygon","coordinates":[[[13.626131462684153,51.043523427358416],[13.626135904164837,51.04347455780907],[13.626044133584154,51.04347123058973],[13.626039406798768,51.04352009678146],[13.626131462684153,51.043523427358416]]]}},{"type":"Feature","id":"UUID_446b9da8-7d3c-46ed-ae7b-18f4d0a32702","properties":{"id":"UUID_446b9da8-7d3c-46ed-ae7b-18f4d0a32702","height_m":4.413,"ground_m":277.659,"height_source":"LoD1 solid top minus bottom","production":"2024","laser":"2016","footprints":"2022"},"geometry":{"type":"Polygon","coordinates":[[[13.602372797370618,51.04357236236409],[13.602345513614504,51.04358353807262],[13.602378083808773,51.043615223234205],[13.602405382106825,51.043604038699044],[13.602372797370618,51.04357236236409]]]}},{"type":"Feature","id":"UUID_91f97163-95f1-412b-84ec-aa0f7acd8c3b","properties":{"id":"UUID_91f97163-95f1-412b-84ec-aa0f7acd8c3b","height_m":6.859,"ground_m":277.659,"height_source":"LoD1 solid top minus bottom","production":"2024","laser":"2016","footprints":"2022"},"geometry":{"type":"Polygon","coordinates":[[[13.602372797370618,51.04357236236409],[13.602405382106825,51.043604038699044],[13.6025150056825,51.043559215712],[13.60248074166782,51.04352598152297],[13.602445840666832,51.043492110195956],[13.602336082699269,51.04353666172107],[13.602371065426452,51.04357065996016],[13.602372797370618,51.04357236236409]]]}},{"type":"Feature","id":"DESNATPU1000D537","properties":{"id":"DESNATPU1000D537","height_m":5.488,"ground_m":281.486,"height_source":"LoD1 solid top minus bottom","production":"2024","laser":"2016","footprints":"2022"},"geometry":{"type":"Polygon","coordinates":[[[13.610456250737334,51.04229210845087],[13.610583667915748,51.042329235757784],[13.610629172585927,51.042267275554856],[13.610501758228867,51.042230058400335],[13.610456250737334,51.04229210845087]]]}},{"type":"Feature","id":"DESNATPU1000GfEU","properties":{"id":"DESNATPU1000GfEU","height_m":7.78,"ground_m":284.811,"height_source":"LoD1 solid top minus bottom","production":"2024","laser":"2016","footprints":"2022"},"geometry":{"type":"Polygon","coordinates":[[[13.61877778362635,51.04465954098168],[13.618801415445946,51.04465640297214],[13.618804411987881,51.04466597094468],[13.618891486240843,51.04465458978705],[13.618868831150216,51.04458651498835],[13.618782039560458,51.044597989399506],[13.618794469570233,51.04463572695912],[13.618770837760744,51.04463886496734],[13.61877778362635,51.04465954098168]]]}},{"type":"Feature","id":"DESNATPU1000JKq7","properties":{"id":"DESNATPU1000JKq7","height_m":3.065,"ground_m":283.718,"height_source":"LoD1 solid top minus bottom","production":"2024","laser":"2016","footprints":"2022"},"geometry":{"type":"Polygon","coordinates":[[[13.62046405237987,51.045192563338546],[13.620485692068673,51.04525648905554],[13.620579821340144,51.045243912920796],[13.620560863538117,51.04517950628047],[13.62046405237987,51.045192563338546]]]}},{"type":"Feature","id":"DESNATPU1000DbAU","properties":{"id":"DESNATPU1000DbAU","height_m":2.761,"ground_m":293.927,"height_source":"LoD1 solid top minus bottom","production":"2024","laser":"2016","footprints":"2022"},"geometry":{"type":"Polygon","coordinates":[[[13.619388730196928,51.04292533364144],[13.619374905989842,51.04287211173993],[13.619289670315078,51.04288414447945],[13.619305393690862,51.04293586002458],[13.619388730196928,51.04292533364144]]]}},{"type":"Feature","id":"UUID_f9eb3941-f4d6-4873-8365-fbd4f5e0baff","properties":{"id":"UUID_f9eb3941-f4d6-4873-8365-fbd4f5e0baff","height_m":4.637,"ground_m":289.209,"height_source":"LoD1 solid top minus bottom","production":"2024","laser":"2016","footprints":"2022"},"geometry":{"type":"Polygon","coordinates":[[[13.62494005854686,51.042410067916265],[13.624952440507593,51.04247029567973],[13.624965583235971,51.04253421951259],[13.625052610329046,51.0425285797369],[13.625030856474973,51.04242015627736],[13.62503160012867,51.042420093083734],[13.625027127001612,51.04240157787418],[13.62494005854686,51.042410067916265]]]}},{"type":"Feature","id":"UUID_ae390692-d55c-49b8-bdee-de5b7013243f","properties":{"id":"UUID_ae390692-d55c-49b8-bdee-de5b7013243f","height_m":4.111,"ground_m":289.209,"height_source":"LoD1 solid top minus bottom","production":"2024","laser":"2016","footprints":"2022"},"geometry":{"type":"Polygon","coordinates":[[[13.624952440507593,51.04247029567973],[13.62492876619719,51.04247299377268],[13.624943901391768,51.04253562807987],[13.624965583235971,51.04253421951259],[13.624952440507593,51.04247029567973]]]}},{"type":"Feature","id":"UUID_30e093f4-3bc4-48b7-906f-8087d5fe2694","properties":{"id":"UUID_30e093f4-3bc4-48b7-906f-8087d5fe2694","height_m":4.814,"ground_m":289.209,"height_source":"LoD1 solid top minus bottom","production":"2024","laser":"2016","footprints":"2022"},"geometry":{"type":"Polygon","coordinates":[[[13.625145157879276,51.04241018798534],[13.62503160012867,51.042420093083734],[13.625030856474973,51.04242015627736],[13.625052610329046,51.0425285797369],[13.625048739447418,51.04249791311353],[13.625163632977948,51.042489633456135],[13.625145157879276,51.04241018798534]]]}},{"type":"Feature","id":"DESNATPU1000GGv5","properties":{"id":"DESNATPU1000GGv5","height_m":8.127,"ground_m":281.178,"height_source":"LoD1 solid top minus bottom","production":"2024","laser":"2016","footprints":"2022"},"geometry":{"type":"Polygon","coordinates":[[[13.60236655720778,51.04537753142625],[13.602381976222462,51.04558095736728],[13.602625145388279,51.04557370336436],[13.602610010526558,51.0453702808575],[13.60236655720778,51.04537753142625]]]}},{"type":"Feature","id":"DESNATPU1000HCTz","properties":{"id":"DESNATPU1000HCTz","height_m":5.038,"ground_m":291.225,"height_source":"LoD1 solid top minus bottom","production":"2024","laser":"2016","footprints":"2022"},"geometry":{"type":"Polygon","coordinates":[[[13.62032459027799,51.04359836885815],[13.620191712010744,51.043624156567404],[13.620234232684064,51.043717457158635],[13.62037103377651,51.04369360423938],[13.62032459027799,51.04359836885815]]]}},{"type":"Feature","id":"DESNATPU1000JGUz","properties":{"id":"DESNATPU1000JGUz","height_m":6.664,"ground_m":285.377,"height_source":"LoD1 solid top minus bottom","production":"2024","laser":"2016","footprints":"2022"},"geometry":{"type":"Polygon","coordinates":[[[13.618712311826728,51.04450675882126],[13.618860099763063,51.04448773186359],[13.618830571128404,51.04439655379598],[13.61868264353906,51.044415489134884],[13.618712311826728,51.04450675882126]]]}},{"type":"Feature","id":"DESNATPU1000GDYy","properties":{"id":"DESNATPU1000GDYy","height_m":3.471,"ground_m":292.364,"height_source":"LoD1 solid top minus bottom","production":"2024","laser":"2016","footprints":"2022"},"geometry":{"type":"Polygon","coordinates":[[[13.623266397308909,51.042421612105],[13.62315684038342,51.04243176036424],[13.623169939054922,51.04249901129155],[13.623282852714853,51.04248727483811],[13.623266397308909,51.042421612105]]]}},{"type":"Feature","id":"DESNATPU1000GHHH","properties":{"id":"DESNATPU1000GHHH","height_m":5.946,"ground_m":288.07,"height_source":"LoD1 solid top minus bottom","production":"2024","laser":"2016","footprints":"2022"},"geometry":{"type":"Polygon","coordinates":[[[13.62208704541811,51.043765021343624],[13.622136905737683,51.04386830903484],[13.622303615691465,51.04383646103045],[13.622288566715309,51.04380516791459],[13.622259944127693,51.04374574661215],[13.622254042909034,51.043733086871576],[13.62208704541811,51.043765021343624]]]}},{"type":"Feature","id":"DESNATPU1000Gkjs","properties":{"id":"DESNATPU1000Gkjs","height_m":4.823,"ground_m":268.669,"height_source":"LoD1 solid top minus bottom","production":"2024","laser":"2016","footprints":"2022"},"geometry":{"type":"Polygon","coordinates":[[[13.604527390224737,51.043047822175716],[13.604458718990653,51.04304016741433],[13.604442154080783,51.04309770458033],[13.604422690006563,51.043166268496684],[13.604491213415628,51.04317410137277],[13.60451067739241,51.04310553744434],[13.604527390224737,51.043047822175716]]]}},{"type":"Feature","id":"UUID_a29fec97-a0d8-4092-8b02-ce2f13746192","properties":{"id":"UUID_a29fec97-a0d8-4092-8b02-ce2f13746192","height_m":3.795,"ground_m":290.59,"height_source":"LoD1 solid top minus bottom","production":"2024","laser":"2016","footprints":"2022"},"geometry":{"type":"Polygon","coordinates":[[[13.62994121321383,51.04262281535835],[13.629921931498746,51.04261298479737],[13.629891010238598,51.04263697521766],[13.629910260253947,51.042646913327644],[13.62994121321383,51.04262281535835]]]}},{"type":"Feature","id":"UUID_ae5f41fc-dfd6-43eb-9326-c5d9c0361e38","properties":{"id":"UUID_ae5f41fc-dfd6-43eb-9326-c5d9c0361e38","height_m":7.599,"ground_m":290.59,"height_source":"LoD1 solid top minus bottom","production":"2024","laser":"2016","footprints":"2022"},"geometry":{"type":"Polygon","coordinates":[[[13.62978154550411,51.04259810109164],[13.629766141816162,51.04259027644522],[13.629726866856833,51.04262084165129],[13.629742322283859,51.042628846768956],[13.62978154550411,51.04259810109164]]]}},{"type":"Feature","id":"UUID_a24f790e-2a69-4431-8ec4-46370d6707be","properties":{"id":"UUID_a24f790e-2a69-4431-8ec4-46370d6707be","height_m":8.863,"ground_m":290.59,"height_source":"LoD1 solid top minus bottom","production":"2024","laser":"2016","footprints":"2022"},"geometry":{"type":"Polygon","coordinates":[[[13.629815093495102,51.042695888332545],[13.629877958223497,51.04264711014192],[13.62978154550411,51.04259810109164],[13.629718811673511,51.04264727645657],[13.629815093495102,51.042695888332545]]]}},{"type":"Feature","id":"UUID_4f3b1218-6b2d-410c-9082-d26c20acb155","properties":{"id":"UUID_4f3b1218-6b2d-410c-9082-d26c20acb155","height_m":6.214,"ground_m":290.59,"height_source":"LoD1 solid top minus bottom","production":"2024","laser":"2016","footprints":"2022"},"geometry":{"type":"Polygon","coordinates":[[[13.629877958223497,51.04264711014192],[13.629891010238598,51.04263697521766],[13.629921931498746,51.04261298479737],[13.629872068947723,51.04258756158439],[13.629828262008582,51.04262185073418],[13.629877958223497,51.04264711014192]]]}},{"type":"Feature","id":"DESNATPU1000CmUI","properties":{"id":"DESNATPU1000CmUI","height_m":2.805,"ground_m":288.465,"height_source":"LoD1 solid top minus bottom","production":"2024","laser":"2016","footprints":"2022"},"geometry":{"type":"Polygon","coordinates":[[[13.618549420779148,51.04393435478911],[13.618475324293254,51.04393823609418],[13.61848080186373,51.044007780595216],[13.618560694319505,51.043998967709484],[13.618549420779148,51.04393435478911]]]}},{"type":"Feature","id":"DESNATPU1000HuBF","properties":{"id":"DESNATPU1000HuBF","height_m":6.844,"ground_m":289.513,"height_source":"LoD1 solid top minus bottom","production":"2024","laser":"2016","footprints":"2022"},"geometry":{"type":"Polygon","coordinates":[[[13.628657197155903,51.043217477369666],[13.628796485559807,51.04322513717743],[13.628809024666714,51.04313382580436],[13.6286695912762,51.043126254238615],[13.628657197155903,51.043217477369666]]]}},{"type":"Feature","id":"DESNATPU1000IANx","properties":{"id":"DESNATPU1000IANx","height_m":3.92,"ground_m":293.452,"height_source":"LoD1 solid top minus bottom","production":"2024","laser":"2016","footprints":"2022"},"geometry":{"type":"Polygon","coordinates":[[[13.619083060584813,51.042156599186605],[13.619105345067194,51.04223231362702],[13.61916503643282,51.042225374965874],[13.61914260925634,51.04214965885094],[13.619083060584813,51.042156599186605]]]}},{"type":"Feature","id":"DESNATPU1000IOj8","properties":{"id":"DESNATPU1000IOj8","height_m":3.898,"ground_m":293.59,"height_source":"LoD1 solid top minus bottom","production":"2024","laser":"2016","footprints":"2022"},"geometry":{"type":"Polygon","coordinates":[[[13.62022236239269,51.04314518382059],[13.620243773358407,51.04320236217539],[13.620335046781753,51.043188781288684],[13.620313778312017,51.04313160463333],[13.62022236239269,51.04314518382059]]]}},{"type":"Feature","id":"UUID_5a076587-2d52-43d0-947b-dff1f68b599a","properties":{"id":"UUID_5a076587-2d52-43d0-947b-dff1f68b599a","height_m":3.925,"ground_m":290.989,"height_source":"LoD1 solid top minus bottom","production":"2024","laser":"2016","footprints":"2022"},"geometry":{"type":"Polygon","coordinates":[[[13.6306836574025,51.0420199058342],[13.630700802794223,51.04202865006685],[13.630732338581838,51.04200410906988],[13.630715179198123,51.04199535568489],[13.6306836574025,51.0420199058342]]]}},{"type":"Feature","id":"UUID_d0f4b7ab-e4bf-4afe-8000-c523243f676d","properties":{"id":"UUID_d0f4b7ab-e4bf-4afe-8000-c523243f676d","height_m":8.892,"ground_m":290.989,"height_source":"LoD1 solid top minus bottom","production":"2024","laser":"2016","footprints":"2022"},"geometry":{"type":"Polygon","coordinates":[[[13.630668881970074,51.04203141456167],[13.630618031230535,51.04200564734404],[13.630574292187479,51.04198348869111],[13.630537971163363,51.042011633704966],[13.63051373757925,51.0420304147979],[13.630608466282139,51.04207846824656],[13.630668881970074,51.04203141456167]]]}},{"type":"Feature","id":"UUID_54516885-2f7d-48eb-923c-baca9a4f46e7","properties":{"id":"UUID_54516885-2f7d-48eb-923c-baca9a4f46e7","height_m":7.721,"ground_m":290.989,"height_source":"LoD1 solid top minus bottom","production":"2024","laser":"2016","footprints":"2022"},"geometry":{"type":"Polygon","coordinates":[[[13.630522367898791,51.04200380681832],[13.630537971163363,51.042011633704966],[13.630574292187479,51.04198348869111],[13.630558438343307,51.04197545203434],[13.630522367898791,51.04200380681832]]]}},{"type":"Feature","id":"UUID_e7167d62-ced5-4639-aa24-1307f185d399","properties":{"id":"UUID_e7167d62-ced5-4639-aa24-1307f185d399","height_m":4.049,"ground_m":290.989,"height_source":"LoD1 solid top minus bottom","production":"2024","laser":"2016","footprints":"2022"},"geometry":{"type":"Polygon","coordinates":[[[13.630668881970074,51.04203141456167],[13.630715179198123,51.04199535568489],[13.63066417956371,51.0419693169533],[13.630618031230535,51.04200564734404],[13.630668881970074,51.04203141456167]]]}},{"type":"Feature","id":"DESNATPU1000HCwE","properties":{"id":"DESNATPU1000HCwE","height_m":3.689,"ground_m":283.279,"height_source":"LoD1 solid top minus bottom","production":"2024","laser":"2016","footprints":"2022"},"geometry":{"type":"Polygon","coordinates":[[[13.626568439054038,51.04382059281592],[13.626574183393572,51.04385258537768],[13.626577381625395,51.043870339120005],[13.626720895073436,51.043860604688724],[13.626712097613476,51.0438107701718],[13.626568439054038,51.04382059281592]]]}},{"type":"Feature","id":"DESNATPU1000D9ad","properties":{"id":"DESNATPU1000D9ad","height_m":3.127,"ground_m":298.285,"height_source":"LoD1 solid top minus bottom","production":"2024","laser":"2016","footprints":"2022"},"geometry":{"type":"Polygon","coordinates":[[[13.630850012483272,51.03467828097668],[13.630913962165323,51.03464260870668],[13.630857389454194,51.03460219686419],[13.63079315463091,51.034637865762164],[13.630850012483272,51.03467828097668]]]}},{"type":"Feature","id":"DESNATPU1000FLtm","properties":{"id":"DESNATPU1000FLtm","height_m":7.145,"ground_m":297.73,"height_source":"LoD1 solid top minus bottom","production":"2024","laser":"2016","footprints":"2022"},"geometry":{"type":"Polygon","coordinates":[[[13.625583642937496,51.040858842025294],[13.62556585991182,51.04093435372174],[13.62567808909619,51.04094511633646],[13.62569630239272,51.0408695197544],[13.625583642937496,51.040858842025294]]]}},{"type":"Feature","id":"DESNATPU1000DyNN","properties":{"id":"DESNATPU1000DyNN","height_m":7.088,"ground_m":289.729,"height_source":"LoD1 solid top minus bottom","production":"2024","laser":"2016","footprints":"2022"},"geometry":{"type":"Polygon","coordinates":[[[13.612470778921965,51.04074443220297],[13.612562570275415,51.04060837906348],[13.612421625812072,51.04057055368223],[13.611931284252572,51.04043927786755],[13.611839631310877,51.04057542209509],[13.612329828752838,51.040706786505176],[13.612470778921965,51.04074443220297]]]}},{"type":"Feature","id":"UUID_c6eba316-67de-4f1a-b9b7-51616afe9acc","properties":{"id":"UUID_c6eba316-67de-4f1a-b9b7-51616afe9acc","height_m":6.894,"ground_m":283.249,"height_source":"LoD1 solid top minus bottom","production":"2024","laser":"2016","footprints":"2022"},"geometry":{"type":"Polygon","coordinates":[[[13.626961133469596,51.04380341760174],[13.626978009898947,51.043879156850686],[13.627222575678706,51.043853162729775],[13.627218197469299,51.04383719373825],[13.627201971724755,51.043778036214206],[13.626961133469596,51.04380341760174]]]}},{"type":"Feature","id":"UUID_d12b5f89-ad8e-4695-908b-44f194674dc4","properties":{"id":"UUID_d12b5f89-ad8e-4695-908b-44f194674dc4","height_m":7.452,"ground_m":283.249,"height_source":"LoD1 solid top minus bottom","production":"2024","laser":"2016","footprints":"2022"},"geometry":{"type":"Polygon","coordinates":[[[13.627218197469299,51.04383719373825],[13.627314341817053,51.04382771146182],[13.627297419668308,51.043767979213754],[13.627201971724755,51.043778036214206],[13.627218197469299,51.04383719373825]]]}},{"type":"Feature","id":"DESNATPU1000Fad3","properties":{"id":"DESNATPU1000Fad3","height_m":3.013,"ground_m":295.886,"height_source":"LoD1 solid top minus bottom","production":"2024","laser":"2016","footprints":"2022"},"geometry":{"type":"Polygon","coordinates":[[[13.624696890411796,51.04148250354661],[13.624705902800493,51.04153944522525],[13.624846581378137,51.04152887038801],[13.624831756547927,51.041427345087385],[13.624770984782081,51.041432295467516],[13.624765331873627,51.04140641909806],[13.624733299473718,51.04140909972112],[13.624744167534631,51.041480451998616],[13.624696890411796,51.04148250354661]]]}},{"type":"Feature","id":"DESNATPU1000EXQH","properties":{"id":"DESNATPU1000EXQH","height_m":6.774,"ground_m":287.47,"height_source":"LoD1 solid top minus bottom","production":"2024","laser":"2016","footprints":"2022"},"geometry":{"type":"Polygon","coordinates":[[[13.623219989932977,51.04364536895319],[13.62332288768093,51.04363426086212],[13.623295500446101,51.04353312697042],[13.62319260558187,51.043544145140906],[13.623219989932977,51.04364536895319]]]}},{"type":"Feature","id":"UUID_999e493b-a878-42d3-b3d9-800a9d226c42","properties":{"id":"UUID_999e493b-a878-42d3-b3d9-800a9d226c42","height_m":5.456,"ground_m":284.079,"height_source":"LoD1 solid top minus bottom","production":"2024","laser":"2016","footprints":"2022"},"geometry":{"type":"Polygon","coordinates":[[[13.6195844124094,51.04491771017929],[13.619567723242612,51.04487541691435],[13.619566516370332,51.044872345045974],[13.619552724700664,51.044837199450086],[13.61947790919767,51.044848905783596],[13.619379014971779,51.04486438342196],[13.619394059368377,51.04490249353498],[13.6194107225368,51.04494469658823],[13.619482812618918,51.044933497678315],[13.6195844124094,51.04491771017929]]]}},{"type":"Feature","id":"UUID_0e711f65-2291-48d8-9605-3189b7acddd5","properties":{"id":"UUID_0e711f65-2291-48d8-9605-3189b7acddd5","height_m":3.991,"ground_m":284.079,"height_source":"LoD1 solid top minus bottom","production":"2024","laser":"2016","footprints":"2022"},"geometry":{"type":"Polygon","coordinates":[[[13.619488559927069,51.044946515459635],[13.619589184031723,51.04493043764768],[13.61958654832753,51.04492312220269],[13.6195844124094,51.04491771017929],[13.619482812618918,51.044933497678315],[13.619488559927069,51.044946515459635]]]}},{"type":"Feature","id":"UUID_2f13f9b4-e3dd-4354-a6fb-505d465b0a87","properties":{"id":"UUID_2f13f9b4-e3dd-4354-a6fb-505d465b0a87","height_m":4.041,"ground_m":284.079,"height_source":"LoD1 solid top minus bottom","production":"2024","laser":"2016","footprints":"2022"},"geometry":{"type":"Polygon","coordinates":[[[13.61947790919767,51.044848905783596],[13.61947273500837,51.04483580484248],[13.6193738410761,51.04485127348689],[13.619379014971779,51.04486438342196],[13.61947790919767,51.044848905783596]]]}},{"type":"Feature","id":"DESNATPU1000BG8O","properties":{"id":"DESNATPU1000BG8O","height_m":2.832,"ground_m":303.402,"height_source":"LoD1 solid top minus bottom","production":"2024","laser":"2016","footprints":"2022"},"geometry":{"type":"Polygon","coordinates":[[[13.608155181958205,51.03519791223881],[13.608063194398966,51.03518194206343],[13.60803979780253,51.035238768891105],[13.608134662109213,51.0352529837449],[13.608155181958205,51.03519791223881]]]}},{"type":"Feature","id":"UUID_1ab515fb-f0d4-4720-84df-4cf3c88dfda7","properties":{"id":"UUID_1ab515fb-f0d4-4720-84df-4cf3c88dfda7","height_m":7.483,"ground_m":290.93,"height_source":"LoD1 solid top minus bottom","production":"2024","laser":"2016","footprints":"2022"},"geometry":{"type":"Polygon","coordinates":[[[13.629992998997041,51.04240992938853],[13.630010566898896,51.042418858534795],[13.630047983793776,51.042389854213525],[13.63003023210528,51.04238086896038],[13.629992998997041,51.04240992938853]]]}},{"type":"Feature","id":"UUID_46e5a981-a822-4936-824d-48f409ee3bda","properties":{"id":"UUID_46e5a981-a822-4936-824d-48f409ee3bda","height_m":3.844,"ground_m":290.93,"height_source":"LoD1 solid top minus bottom","production":"2024","laser":"2016","footprints":"2022"},"geometry":{"type":"Polygon","coordinates":[[[13.63015775397745,51.042429487082444],[13.630190386614895,51.04240405079902],[13.630137743269588,51.04237763285302],[13.630093199854059,51.04241272283553],[13.630145387154306,51.04243912646234],[13.63015775397745,51.042429487082444]]]}},{"type":"Feature","id":"UUID_6dd48d53-e75e-4ca0-8a60-f94c19610a78","properties":{"id":"UUID_6dd48d53-e75e-4ca0-8a60-f94c19610a78","height_m":3.881,"ground_m":290.93,"height_source":"LoD1 solid top minus bottom","production":"2024","laser":"2016","footprints":"2022"},"geometry":{"type":"Polygon","coordinates":[[[13.630208028240043,51.042412899842915],[13.630190386614895,51.04240405079902],[13.63015775397745,51.042429487082444],[13.630175887020414,51.04243860268795],[13.630208028240043,51.042412899842915]]]}},{"type":"Feature","id":"UUID_8547dffe-e91d-468f-bc79-0754a43d085f","properties":{"id":"UUID_8547dffe-e91d-468f-bc79-0754a43d085f","height_m":8.887,"ground_m":290.93,"height_source":"LoD1 solid top minus bottom","production":"2024","laser":"2016","footprints":"2022"},"geometry":{"type":"Polygon","coordinates":[[[13.630145387154306,51.04243912646234],[13.630093199854059,51.04241272283553],[13.630047983793776,51.042389854213525],[13.630010566898896,51.042418858534795],[13.629985310811609,51.04243843689826],[13.63008226836917,51.04248831549452],[13.630145387154306,51.04243912646234]]]}},{"type":"Feature","id":"DESNATPU1000DNck","properties":{"id":"DESNATPU1000DNck","height_m":2.62,"ground_m":287.443,"height_source":"LoD1 solid top minus bottom","production":"2024","laser":"2016","footprints":"2022"},"geometry":{"type":"Polygon","coordinates":[[[13.6224699271011,51.043894987483014],[13.622461299537935,51.04383957898644],[13.622372404514843,51.043845095897886],[13.622381031972708,51.04390050440015],[13.6224699271011,51.043894987483014]]]}},{"type":"Feature","id":"DESNATPU1000D47o","properties":{"id":"DESNATPU1000D47o","height_m":6.829,"ground_m":279.208,"height_source":"LoD1 solid top minus bottom","production":"2024","laser":"2016","footprints":"2022"},"geometry":{"type":"Polygon","coordinates":[[[13.6182430885947,51.045293852395915],[13.618266956026797,51.04537390230273],[13.618379057937839,51.04536047927626],[13.618355184968951,51.045280609186996],[13.618326690714094,51.045284139264666],[13.6182430885947,51.045293852395915]]]}},{"type":"Feature","id":"DESNATPU1000JPFR","properties":{"id":"DESNATPU1000JPFR","height_m":10.481,"ground_m":295.774,"height_source":"LoD1 solid top minus bottom","production":"2024","laser":"2016","footprints":"2022"},"geometry":{"type":"Polygon","coordinates":[[[13.629306344145329,51.0417117563851],[13.629120333420042,51.041716498930036],[13.629088171562948,51.04173806446988],[13.62906784499609,51.0417259552773],[13.629011518061587,51.04176396421777],[13.629032412372698,51.04177617001073],[13.628999661459819,51.041798358123415],[13.629006378666213,51.04189457180544],[13.62917782639253,51.04189028810913],[13.629175215393197,51.04184826030028],[13.629173814076932,51.04182324339911],[13.629211930536723,51.041822251664215],[13.629389940202032,51.041817954704236],[13.629383572415879,51.041709874421585],[13.629306344145329,51.0417117563851]]]}},{"type":"Feature","id":"DESNATP1CG00005b","properties":{"id":"DESNATP1CG00005b","height_m":7.156,"ground_m":292.766,"height_source":"LoD1 solid top minus bottom","production":"2024","laser":"2016","footprints":"2022"},"geometry":{"type":"Polygon","coordinates":[[[13.618887340866777,51.043334344795895],[13.619027368907838,51.043317573091294],[13.619002524391444,51.04323439120364],[13.618862138481658,51.043251212605846],[13.618887340866777,51.043334344795895]]]}},{"type":"Feature","id":"DESNATPU1000JaMF","properties":{"id":"DESNATPU1000JaMF","height_m":2.747,"ground_m":303.967,"height_source":"LoD1 solid top minus bottom","production":"2024","laser":"2016","footprints":"2022"},"geometry":{"type":"Polygon","coordinates":[[[13.629613946351991,51.03591040706256],[13.629556022116788,51.035944800346094],[13.629636729440897,51.03599871553308],[13.629694505799925,51.035964500335204],[13.629613946351991,51.03591040706256]]]}},{"type":"Feature","id":"DESNATPU1000BoQe","properties":{"id":"DESNATPU1000BoQe","height_m":2.974,"ground_m":303.229,"height_source":"LoD1 solid top minus bottom","production":"2024","laser":"2016","footprints":"2022"},"geometry":{"type":"Polygon","coordinates":[[[13.630885239380035,51.035094529170905],[13.630822543110323,51.035131205339944],[13.630880711290372,51.03517073658953],[13.630943404919275,51.03513415028833],[13.630885239380035,51.035094529170905]]]}},{"type":"Feature","id":"DESNATPU1000EcOU","properties":{"id":"DESNATPU1000EcOU","height_m":10.954,"ground_m":279.583,"height_source":"LoD1 solid top minus bottom","production":"2024","laser":"2016","footprints":"2022"},"geometry":{"type":"Polygon","coordinates":[[[13.62765321572584,51.0438688326248],[13.627584340519835,51.04414788497017],[13.627708089227376,51.04416012983132],[13.627774816659006,51.043881321984585],[13.62765321572584,51.0438688326248]]]}},{"type":"Feature","id":"DESNATPU1000HCsk","properties":{"id":"DESNATPU1000HCsk","height_m":2.861,"ground_m":282.809,"height_source":"LoD1 solid top minus bottom","production":"2024","laser":"2016","footprints":"2022"},"geometry":{"type":"Polygon","coordinates":[[[13.619653505262386,51.04509900635783],[13.61967525504156,51.04515439020512],[13.619776729845857,51.045138502138634],[13.619754977280316,51.045083208207366],[13.619653505262386,51.04509900635783]]]}},{"type":"Feature","id":"DESNATP1CG00006I","properties":{"id":"DESNATP1CG00006I","height_m":2.586,"ground_m":304.03,"height_source":"LoD1 solid top minus bottom","production":"2024","laser":"2016","footprints":"2022"},"geometry":{"type":"Polygon","coordinates":[[[13.607430582542543,51.03531459628412],[13.607404080454053,51.035380307030664],[13.607473533730575,51.03539243895494],[13.607500977012835,51.03532673041654],[13.607430582542543,51.03531459628412]]]}},{"type":"Feature","id":"UUID_6e495aa4-02e0-48ea-865f-6cce902e1f42","properties":{"id":"UUID_6e495aa4-02e0-48ea-865f-6cce902e1f42","height_m":5.295,"ground_m":268.528,"height_source":"LoD1 solid top minus bottom","production":"2024","laser":"2016","footprints":"2022"},"geometry":{"type":"Polygon","coordinates":[[[13.604651418052288,51.043109358429426],[13.60470475435554,51.04310513908583],[13.60473719927878,51.043102576787234],[13.604729141479863,51.04306262364599],[13.604724672252711,51.043040447527936],[13.604639024342895,51.04304706887865],[13.604651418052288,51.043109358429426]]]}},{"type":"Feature","id":"UUID_69703023-89fa-4a24-a324-3cc154b2afae","properties":{"id":"UUID_69703023-89fa-4a24-a324-3cc154b2afae","height_m":6.001,"ground_m":268.528,"height_source":"LoD1 solid top minus bottom","production":"2024","laser":"2016","footprints":"2022"},"geometry":{"type":"Polygon","coordinates":[[[13.604729141479863,51.04306262364599],[13.60473719927878,51.043102576787234],[13.604816431498115,51.043096310427906],[13.60480864133399,51.04305646840367],[13.604729141479863,51.04306262364599]]]}},{"type":"Feature","id":"UUID_16918fc8-87fb-4dc6-82f6-4abd5aee47e1","properties":{"id":"UUID_16918fc8-87fb-4dc6-82f6-4abd5aee47e1","height_m":5.562,"ground_m":289.901,"height_source":"LoD1 solid top minus bottom","production":"2024","laser":"2016","footprints":"2022"},"geometry":{"type":"Polygon","coordinates":[[[13.621953714287976,51.04324410476332],[13.622026788616251,51.0432246243772],[13.622016649732235,51.04320959446412],[13.621943884348806,51.04322924036077],[13.621953714287976,51.04324410476332]]]}},{"type":"Feature","id":"UUID_fa3cc66c-a324-4e6d-a916-05f19bab5f2c","properties":{"id":"UUID_fa3cc66c-a324-4e6d-a916-05f19bab5f2c","height_m":7.202,"ground_m":289.901,"height_source":"LoD1 solid top minus bottom","production":"2024","laser":"2016","footprints":"2022"},"geometry":{"type":"Polygon","coordinates":[[[13.622026788616251,51.0432246243772],[13.621953714287976,51.04324410476332],[13.621905256855456,51.04325702277022],[13.621923701322256,51.04328444403871],[13.621952392906042,51.0433270943452],[13.622067565201956,51.043296527424495],[13.622038616844364,51.04325387411854],[13.622036129497289,51.043250202632564],[13.622042885197478,51.04324848370079],[13.622026788616251,51.0432246243772]]]}},{"type":"Feature","id":"DESNATPU1000BE2o","properties":{"id":"DESNATPU1000BE2o","height_m":4.269,"ground_m":284.376,"height_source":"LoD1 solid top minus bottom","production":"2024","laser":"2016","footprints":"2022"},"geometry":{"type":"Polygon","coordinates":[[[13.62374398572605,51.04365891567019],[13.623859219306043,51.04364552428755],[13.623842776187079,51.04358903463077],[13.623727257534343,51.0436024226393],[13.62374398572605,51.04365891567019]]]}},{"type":"Feature","id":"DESNATPU1000Gjpy","properties":{"id":"DESNATPU1000Gjpy","height_m":3.502,"ground_m":302.589,"height_source":"LoD1 solid top minus bottom","production":"2024","laser":"2016","footprints":"2022"},"geometry":{"type":"Polygon","coordinates":[[[13.608257170963597,51.034760565488476],[13.60816978872265,51.034735153638444],[13.608062713496366,51.03488145327246],[13.608150093257276,51.034906955101526],[13.608257170963597,51.034760565488476]]]}},{"type":"Feature","id":"DESNATPU1000HrMy","properties":{"id":"DESNATPU1000HrMy","height_m":3.113,"ground_m":283.013,"height_source":"LoD1 solid top minus bottom","production":"2024","laser":"2016","footprints":"2022"},"geometry":{"type":"Polygon","coordinates":[[[13.617507177074613,51.04456319224299],[13.617505484102889,51.04461047527399],[13.617613424320577,51.04461220188256],[13.617631390143956,51.044612504342815],[13.617633368201613,51.044565224683005],[13.617507177074613,51.04456319224299]]]}},{"type":"Feature","id":"DESNATP1CG00006J","properties":{"id":"DESNATP1CG00006J","height_m":2.736,"ground_m":302.439,"height_source":"LoD1 solid top minus bottom","production":"2024","laser":"2016","footprints":"2022"},"geometry":{"type":"Polygon","coordinates":[[[13.609441989856508,51.03483583296817],[13.609492387827633,51.03476553192994],[13.609431706909264,51.03475052891846],[13.609383632619451,51.034818483433995],[13.609441989856508,51.03483583296817]]]}},{"type":"Feature","id":"UUID_21bf041d-5e92-4ae1-91ba-72617bc49c02","properties":{"id":"UUID_21bf041d-5e92-4ae1-91ba-72617bc49c02","height_m":5.308,"ground_m":275.256,"height_source":"LoD1 solid top minus bottom","production":"2024","laser":"2016","footprints":"2022"},"geometry":{"type":"Polygon","coordinates":[[[13.602872870454924,51.04334766314709],[13.60284280473928,51.043318076454995],[13.602810453426015,51.043331269062705],[13.602788789903888,51.04334009295859],[13.602818943864936,51.043369590789766],[13.602872870454924,51.04334766314709]]]}},{"type":"Feature","id":"UUID_ba7b0963-a677-432d-b447-30e0d1c72ce1","properties":{"id":"UUID_ba7b0963-a677-432d-b447-30e0d1c72ce1","height_m":8.128,"ground_m":275.256,"height_source":"LoD1 solid top minus bottom","production":"2024","laser":"2016","footprints":"2022"},"geometry":{"type":"Polygon","coordinates":[[[13.603006527598877,51.04339539512924],[13.602932804974042,51.043323289270724],[13.602872870454924,51.04334766314709],[13.602818943864936,51.043369590789766],[13.602892583526575,51.0434416057982],[13.603006527598877,51.04339539512924]]]}},{"type":"Feature","id":"UUID_886aa8ff-7ab5-42b9-bc69-9d181ff26701","properties":{"id":"UUID_886aa8ff-7ab5-42b9-bc69-9d181ff26701","height_m":7.496,"ground_m":275.351,"height_source":"LoD1 solid top minus bottom","production":"2024","laser":"2016","footprints":"2022"},"geometry":{"type":"Polygon","coordinates":[[[13.61758460176588,51.04536475291075],[13.617568209708491,51.045364289202816],[13.617551820327805,51.045363735594506],[13.617455464525687,51.04536097690609],[13.6174550588635,51.045365018945915],[13.617452577223315,51.04540093451078],[13.617449805073658,51.04544085750567],[13.617578805278178,51.04544445203497],[13.617579079025893,51.04544004871522],[13.617579121808795,51.04544004922134],[13.617581702989595,51.04540462045267],[13.617582504656468,51.04539350562513],[13.617582461873607,51.04539350511901],[13.61758460176588,51.04536475291075]]]}},{"type":"Feature","id":"UUID_0ead8993-8640-45a4-b393-20df3844bcc9","properties":{"id":"UUID_0ead8993-8640-45a4-b393-20df3844bcc9","height_m":4.795,"ground_m":275.351,"height_source":"LoD1 solid top minus bottom","production":"2024","laser":"2016","footprints":"2022"},"geometry":{"type":"Polygon","coordinates":[[[13.617614284883166,51.04544109470378],[13.617617104921486,51.04540866342102],[13.61761823813387,51.04539455785437],[13.617582504656468,51.04539350562513],[13.617579121808795,51.04544004922134],[13.617614284883166,51.04544109470378]]]}},{"type":"Feature","id":"DESNATPU1000IyoB","properties":{"id":"DESNATPU1000IyoB","height_m":5.969,"ground_m":287.189,"height_source":"LoD1 solid top minus bottom","production":"2024","laser":"2016","footprints":"2022"},"geometry":{"type":"Polygon","coordinates":[[[13.624264190439574,51.043169618251525],[13.624246496475537,51.04309755607724],[13.624255426944828,51.043089837329134],[13.624251319051531,51.04307441098091],[13.624231187841348,51.04306536085782],[13.624207010737043,51.043067684174176],[13.624197940324544,51.04307531134126],[13.624097516202399,51.04308483058837],[13.624122138108126,51.0431830539822],[13.624264190439574,51.043169618251525]]]}},{"type":"Feature","id":"UUID_525aee3e-cce2-459b-b1f7-132e1661e7a2","properties":{"id":"UUID_525aee3e-cce2-459b-b1f7-132e1661e7a2","height_m":4.193,"ground_m":294.729,"height_source":"LoD1 solid top minus bottom","production":"2024","laser":"2016","footprints":"2022"},"geometry":{"type":"Polygon","coordinates":[[[13.625608465057448,51.04202047782783],[13.625626024207643,51.04206003760622],[13.625714992579951,51.042058179236065],[13.625712740787703,51.042018098045304],[13.625608465057448,51.04202047782783]]]}},{"type":"Feature","id":"UUID_ace7b77b-68dc-4fbf-b718-7fb77cc56617","properties":{"id":"UUID_ace7b77b-68dc-4fbf-b718-7fb77cc56617","height_m":7.235,"ground_m":294.729,"height_source":"LoD1 solid top minus bottom","production":"2024","laser":"2016","footprints":"2022"},"geometry":{"type":"Polygon","coordinates":[[[13.625512545991828,51.04189714409573],[13.625519819944861,51.04202250179242],[13.625608465057448,51.04202047782783],[13.625712740787703,51.042018098045304],[13.62571222463965,51.04200902705678],[13.625705679681012,51.041892760851844],[13.625512545991828,51.04189714409573]]]}},{"type":"Feature","id":"UUID_5fa427c7-8b71-4eec-9d38-95e3888a1ce7","properties":{"id":"UUID_5fa427c7-8b71-4eec-9d38-95e3888a1ce7","height_m":4.371,"ground_m":294.729,"height_source":"LoD1 solid top minus bottom","production":"2024","laser":"2016","footprints":"2022"},"geometry":{"type":"Polygon","coordinates":[[[13.625748450423186,51.0420574755747],[13.625746195274129,51.04200834741292],[13.62571222463965,51.04200902705678],[13.625714992579951,51.042058179236065],[13.625748450423186,51.0420574755747]]]}},{"type":"Feature","id":"DESNATPU1000G82y","properties":{"id":"DESNATPU1000G82y","height_m":2.774,"ground_m":299.215,"height_source":"LoD1 solid top minus bottom","production":"2024","laser":"2016","footprints":"2022"},"geometry":{"type":"Polygon","coordinates":[[[13.630038740187123,51.03506558750327],[13.630095106530236,51.03510815563581],[13.630198120894937,51.03505369675519],[13.630141609292176,51.03501121689896],[13.630038740187123,51.03506558750327]]]}},{"type":"Feature","id":"UUID_fa92222d-306f-4a93-b952-ec8283c8b6ef","properties":{"id":"UUID_fa92222d-306f-4a93-b952-ec8283c8b6ef","height_m":2.515,"ground_m":274.75,"height_source":"LoD1 solid top minus bottom","production":"2024","laser":"2016","footprints":"2022"},"geometry":{"type":"Polygon","coordinates":[[[13.604087168580204,51.043816968552896],[13.604164637345589,51.043816733846896],[13.604164616265702,51.04379845084861],[13.604087295268902,51.043798516452874],[13.604087168580204,51.043816968552896]]]}},{"type":"Feature","id":"UUID_5734a9c9-f31c-4f94-96d7-2bbee43e1e40","properties":{"id":"UUID_5734a9c9-f31c-4f94-96d7-2bbee43e1e40","height_m":9.108,"ground_m":274.75,"height_source":"LoD1 solid top minus bottom","production":"2024","laser":"2016","footprints":"2022"},"geometry":{"type":"Polygon","coordinates":[[[13.604164637345589,51.043816733846896],[13.604087168580204,51.043816968552896],[13.604087166418408,51.043817040471005],[13.604040373430413,51.04381711099789],[13.604040694313015,51.04387382461961],[13.604040902342286,51.04390866594375],[13.604238632777086,51.04390832997626],[13.604238428652383,51.0438733538049],[13.604238111581198,51.04381650533541],[13.604164640858311,51.04381661698],[13.604164637345589,51.043816733846896]]]}},{"type":"Feature","id":"DESNATPU1000CaBS","properties":{"id":"DESNATPU1000CaBS","height_m":2.974,"ground_m":289.679,"height_source":"LoD1 solid top minus bottom","production":"2024","laser":"2016","footprints":"2022"},"geometry":{"type":"Polygon","coordinates":[[[13.612759805542735,51.04056683497229],[13.613012062093187,51.040636467445125],[13.613043663993048,51.04059088837969],[13.612791544864233,51.04052143746489],[13.612759805542735,51.04056683497229]]]}},{"type":"Feature","id":"DESNATPU1000ICL6","properties":{"id":"DESNATPU1000ICL6","height_m":2.872,"ground_m":302.034,"height_source":"LoD1 solid top minus bottom","production":"2024","laser":"2016","footprints":"2022"},"geometry":{"type":"Polygon","coordinates":[[[13.607673612167998,51.034897123674284],[13.607574189777525,51.03487750329035],[13.607551060058334,51.034925412149875],[13.607654335488096,51.03494211077582],[13.607673612167998,51.034897123674284]]]}},{"type":"Feature","id":"DESNATPU1000CNs2","properties":{"id":"DESNATPU1000CNs2","height_m":7.375,"ground_m":271.842,"height_source":"LoD1 solid top minus bottom","production":"2024","laser":"2016","footprints":"2022"},"geometry":{"type":"Polygon","coordinates":[[[13.61194780188365,51.04334690629496],[13.611913523404727,51.04341511557949],[13.612124817254907,51.04345728433842],[13.612111015547333,51.0434847288745],[13.612175112261724,51.04349754073048],[13.612188774018746,51.0434700045951],[13.61223727301949,51.043479663487986],[13.612271543015149,51.04341172379967],[13.61194780188365,51.04334690629496]]]}},{"type":"Feature","id":"DESNATPU1000Fd4b","properties":{"id":"DESNATPU1000Fd4b","height_m":3.053,"ground_m":279.844,"height_source":"LoD1 solid top minus bottom","production":"2024","laser":"2016","footprints":"2022"},"geometry":{"type":"Polygon","coordinates":[[[13.602451740654836,51.044248850953586],[13.602316017024037,51.044265924097616],[13.602242240820134,51.044275212724926],[13.602257636846666,51.044322969797754],[13.60227436766799,51.044321641110244],[13.6023315461795,51.044314474135895],[13.60234711149981,51.04431252896753],[13.602467115245757,51.04429732718097],[13.602451740654836,51.044248850953586]]]}},{"type":"Feature","id":"DESNATPU1000DLaZ","properties":{"id":"DESNATPU1000DLaZ","height_m":2.891,"ground_m":289.956,"height_source":"LoD1 solid top minus bottom","production":"2024","laser":"2016","footprints":"2022"},"geometry":{"type":"Polygon","coordinates":[[[13.62169616983917,51.04334691464601],[13.62161560894124,51.0433648496556],[13.62164732121031,51.043421070096606],[13.621727887530493,51.04340295526939],[13.62169616983917,51.04334691464601]]]}},{"type":"Feature","id":"UUID_2e714e14-3b9c-4869-a3c6-d5b8c054b3bd","properties":{"id":"UUID_2e714e14-3b9c-4869-a3c6-d5b8c054b3bd","height_m":3.043,"ground_m":293.92,"height_source":"LoD1 solid top minus bottom","production":"2024","laser":"2016","footprints":"2022"},"geometry":{"type":"Polygon","coordinates":[[[13.619762669011214,51.043042289156446],[13.61974803606994,51.04299802374843],[13.619663995723007,51.043006311815425],[13.619676422778204,51.0430542382986],[13.619710514468675,51.04304951499646],[13.619762669011214,51.043042289156446]]]}},{"type":"Feature","id":"UUID_105f491d-20bf-4f9a-a4a3-4bf172befa45","properties":{"id":"UUID_105f491d-20bf-4f9a-a4a3-4bf172befa45","height_m":2.932,"ground_m":293.92,"height_source":"LoD1 solid top minus bottom","production":"2024","laser":"2016","footprints":"2022"},"geometry":{"type":"Polygon","coordinates":[[[13.619769985358428,51.043064426354626],[13.619762669011214,51.043042289156446],[13.619710514468675,51.04304951499646],[13.619718273394273,51.04307163943974],[13.619769985358428,51.043064426354626]]]}},{"type":"Feature","id":"DESNATPU1000IAnn","properties":{"id":"DESNATPU1000IAnn","height_m":2.845,"ground_m":293.082,"height_source":"LoD1 solid top minus bottom","production":"2024","laser":"2016","footprints":"2022"},"geometry":{"type":"Polygon","coordinates":[[[13.619885873055345,51.04340054968711],[13.61990112403192,51.04345378837113],[13.6199824355054,51.04344422687331],[13.619966608681267,51.043391161259095],[13.619885873055345,51.04340054968711]]]}},{"type":"Feature","id":"DESNATPU1000Du70","properties":{"id":"DESNATPU1000Du70","height_m":2.96,"ground_m":284.826,"height_source":"LoD1 solid top minus bottom","production":"2024","laser":"2016","footprints":"2022"},"geometry":{"type":"Polygon","coordinates":[[[13.623520107284842,51.04383928576617],[13.623542590823828,51.04390855368959],[13.623627518951638,51.043908366962455],[13.623597843985923,51.043827116647066],[13.623520107284842,51.04383928576617]]]}},{"type":"Feature","id":"DESNATPU1000D8Ol","properties":{"id":"DESNATPU1000D8Ol","height_m":10.332,"ground_m":285.221,"height_source":"LoD1 solid top minus bottom","production":"2024","laser":"2016","footprints":"2022"},"geometry":{"type":"Polygon","coordinates":[[[13.610473261194906,51.04179032222052],[13.610977135359915,51.04192257431423],[13.61103839151214,51.04182995524296],[13.610534520856804,51.04169761351992],[13.610473261194906,51.04179032222052]]]}},{"type":"Feature","id":"DESNATPU1000CvMU","properties":{"id":"DESNATPU1000CvMU","height_m":7.019,"ground_m":280.406,"height_source":"LoD1 solid top minus bottom","production":"2024","laser":"2016","footprints":"2022"},"geometry":{"type":"Polygon","coordinates":[[[13.624533029425034,51.04431318186971],[13.62468481231397,51.0443181158834],[13.624691137573365,51.04423941189241],[13.624633704463355,51.044237476918745],[13.624573577812898,51.044234970634896],[13.624539804061458,51.04423376373747],[13.624533029425034,51.04431318186971]]]}},{"type":"Feature","id":"UUID_5b38d2fb-b4a4-41cd-8a60-104e5aa8ab20","properties":{"id":"UUID_5b38d2fb-b4a4-41cd-8a60-104e5aa8ab20","height_m":7.81,"ground_m":296.565,"height_source":"LoD1 solid top minus bottom","production":"2024","laser":"2016","footprints":"2022"},"geometry":{"type":"Polygon","coordinates":[[[13.62557268844054,51.04156160416477],[13.625573728673835,51.04152645386659],[13.625512036728196,51.041525863129436],[13.625450230706257,51.041525271017804],[13.625446198477238,51.04156029619071],[13.625442124596841,51.04164010589019],[13.62550637947452,51.04164086170475],[13.625570520276181,51.0416416161422],[13.625571415679792,51.041609431822806],[13.62557268844054,51.04156160416477]]]}},{"type":"Feature","id":"UUID_03430c46-dfc7-4f0a-95ec-688d224e34a0","properties":{"id":"UUID_03430c46-dfc7-4f0a-95ec-688d224e34a0","height_m":5.264,"ground_m":296.565,"height_source":"LoD1 solid top minus bottom","production":"2024","laser":"2016","footprints":"2022"},"geometry":{"type":"Polygon","coordinates":[[[13.625608496584036,51.041609688100365],[13.625571415679792,51.041609431822806],[13.625570520276181,51.0416416161422],[13.625607538845939,51.04164205154629],[13.625608496584036,51.041609688100365]]]}},{"type":"Feature","id":"DESNATPU1000Ir8z","properties":{"id":"DESNATPU1000Ir8z","height_m":7.005,"ground_m":292.12,"height_source":"LoD1 solid top minus bottom","production":"2024","laser":"2016","footprints":"2022"},"geometry":{"type":"Polygon","coordinates":[[[13.618307617705334,51.04331687989672],[13.618296926828688,51.04332619611506],[13.618300292152549,51.04333774691911],[13.618315223547263,51.04334412862237],[13.618324045961986,51.043373639976494],[13.618480803744992,51.043355079285824],[13.61845642266287,51.0432731347956],[13.61829995035426,51.04329169882816],[13.618307617705334,51.04331687989672]]]}},{"type":"Feature","id":"DESNATPU1000BWuw","properties":{"id":"DESNATPU1000BWuw","height_m":7.027,"ground_m":291.416,"height_source":"LoD1 solid top minus bottom","production":"2024","laser":"2016","footprints":"2022"},"geometry":{"type":"Polygon","coordinates":[[[13.62251006249228,51.04281603380901],[13.62251406184713,51.04283028985525],[13.62253068089525,51.0428375002804],[13.622543887750043,51.04288280069828],[13.622666846897717,51.04286860226563],[13.62264950325979,51.04280886434138],[13.622653939916084,51.04280837705688],[13.622646426214262,51.042782748443024],[13.62251917590045,51.04279734591829],[13.622521782622613,51.042805650183944],[13.62251006249228,51.04281603380901]]]}},{"type":"Feature","id":"DESNATPU1000IMcM","properties":{"id":"DESNATPU1000IMcM","height_m":2.926,"ground_m":284.802,"height_source":"LoD1 solid top minus bottom","production":"2024","laser":"2016","footprints":"2022"},"geometry":{"type":"Polygon","coordinates":[[[13.621591191507878,51.044961264271905],[13.621604314363527,51.04503821905695],[13.621657638153494,51.045034441473106],[13.621662296805075,51.04506012639616],[13.62171203938784,51.045056846125114],[13.621695976990098,51.044953956918675],[13.621591191507878,51.044961264271905]]]}},{"type":"Feature","id":"DESNATPU1000BWTr","properties":{"id":"DESNATPU1000BWTr","height_m":10.536,"ground_m":296.949,"height_source":"LoD1 solid top minus bottom","production":"2024","laser":"2016","footprints":"2022"},"geometry":{"type":"Polygon","coordinates":[[[13.628903444198633,51.04143840960379],[13.628865835234533,51.04145604419141],[13.628842614422641,51.04155163681188],[13.629002642229867,51.04156691398632],[13.629012032498633,51.04156774359563],[13.629022403418837,51.041525688230415],[13.62902824816547,51.04150165563653],[13.629067227213739,51.041505260486055],[13.629243759202286,51.04152198997285],[13.629269022010599,51.041415180013104],[13.629005710006702,51.04139050785521],[13.628970126684099,51.04140717701513],[13.628953568877414,51.0413930436358],[13.628886746457466,51.04142418464338],[13.628903444198633,51.04143840960379]]]}},{"type":"Feature","id":"UUID_6523060b-0473-449f-b51c-d6921c41727f","properties":{"id":"UUID_6523060b-0473-449f-b51c-d6921c41727f","height_m":7.361,"ground_m":273.579,"height_source":"LoD1 solid top minus bottom","production":"2024","laser":"2016","footprints":"2022"},"geometry":{"type":"Polygon","coordinates":[[[13.617564245331579,51.04562683719779],[13.617564145504405,51.04562683601682],[13.617566900403421,51.04558892724327],[13.617567528384336,51.045580292422706],[13.617567628211411,51.04558029360366],[13.617569630866338,51.04555135991344],[13.61752758499894,51.04555005313215],[13.61744049043245,51.04554767378643],[13.617437829832156,51.04558528690514],[13.617434828249078,51.0456276442805],[13.617563828970749,51.045631238830246],[13.617564245331579,51.04562683719779]]]}},{"type":"Feature","id":"UUID_10d19707-c92e-4dee-86b1-6cd53359aa13","properties":{"id":"UUID_10d19707-c92e-4dee-86b1-6cd53359aa13","height_m":7.341,"ground_m":273.579,"height_source":"LoD1 solid top minus bottom","production":"2024","laser":"2016","footprints":"2022"},"geometry":{"type":"Polygon","coordinates":[[[13.61760326200497,51.045581344657606],[13.617567528384336,51.045580292422706],[13.617564145504405,51.04562683601682],[13.617599308719715,51.045627881504814],[13.61760326200497,51.045581344657606]]]}},{"type":"Feature","id":"DESNATPU1000B7uM","properties":{"id":"DESNATPU1000B7uM","height_m":7.015,"ground_m":280.989,"height_source":"LoD1 solid top minus bottom","production":"2024","laser":"2016","footprints":"2022"},"geometry":{"type":"Polygon","coordinates":[[[13.61748799250659,51.04480028993939],[13.617482598920866,51.0448760369234],[13.617595493565915,51.04487908117783],[13.617600601752589,51.04480333081316],[13.617586346332686,51.04480298231285],[13.61748799250659,51.04480028993939]]]}},{"type":"Feature","id":"DESNATPU1000J82I","properties":{"id":"DESNATPU1000J82I","height_m":7.955,"ground_m":289.678,"height_source":"LoD1 solid top minus bottom","production":"2024","laser":"2016","footprints":"2022"},"geometry":{"type":"Polygon","coordinates":[[[13.6292194304489,51.04324035130675],[13.629220980805716,51.04318299434479],[13.629148109120322,51.043182184462346],[13.62907438181776,51.043181364496505],[13.629072965922127,51.043238992823824],[13.629126017118967,51.04323952526848],[13.62913256487628,51.043249674208745],[13.629146354648752,51.04324983597982],[13.629157663117892,51.043249968640936],[13.629166094041995,51.043239815558714],[13.6292194304489,51.04324035130675]]]}},{"type":"Feature","id":"UUID_a9ff3f66-2374-4909-8c85-d3c75226e4d3","properties":{"id":"UUID_a9ff3f66-2374-4909-8c85-d3c75226e4d3","height_m":4.661,"ground_m":287.385,"height_source":"LoD1 solid top minus bottom","production":"2024","laser":"2016","footprints":"2022"},"geometry":{"type":"Polygon","coordinates":[[[13.61130298278713,51.04110556734154],[13.611281508014477,51.04113202130257],[13.61124664468287,51.04117497115486],[13.611369744934816,51.04121040959245],[13.61141980768219,51.0411438268919],[13.61130298278713,51.04110556734154]]]}},{"type":"Feature","id":"UUID_eef36435-3630-4c7f-95b6-93313df41aca","properties":{"id":"UUID_eef36435-3630-4c7f-95b6-93313df41aca","height_m":4.988,"ground_m":287.385,"height_source":"LoD1 solid top minus bottom","production":"2024","laser":"2016","footprints":"2022"},"geometry":{"type":"Polygon","coordinates":[[[13.610929828695038,51.04108378466209],[13.610969255762942,51.04103658151094],[13.61098242267349,51.04102082043716],[13.610808192234705,51.04101802981212],[13.610791624392496,51.041044002440486],[13.610929828695038,51.04108378466209]]]}},{"type":"Feature","id":"UUID_37dccad3-0f92-4958-875b-e625bb7b33da","properties":{"id":"UUID_37dccad3-0f92-4958-875b-e625bb7b33da","height_m":4.616,"ground_m":287.385,"height_source":"LoD1 solid top minus bottom","production":"2024","laser":"2016","footprints":"2022"},"geometry":{"type":"Polygon","coordinates":[[[13.610791624392496,51.041044002440486],[13.610766135637324,51.04108398799915],[13.610940223723812,51.04108677699371],[13.610791624392496,51.041044002440486]]]}},{"type":"Feature","id":"UUID_72d87141-5f55-44da-9f6e-96969de756cd","properties":{"id":"UUID_72d87141-5f55-44da-9f6e-96969de756cd","height_m":3.697,"ground_m":287.385,"height_source":"LoD1 solid top minus bottom","production":"2024","laser":"2016","footprints":"2022"},"geometry":{"type":"Polygon","coordinates":[[[13.610969255762942,51.04103658151094],[13.610929828695038,51.04108378466209],[13.610940223723812,51.04108677699371],[13.61124664468287,51.04117497115486],[13.611281508014477,51.04113202130257],[13.610969255762942,51.04103658151094]]]}},{"type":"Feature","id":"DESNATPU1000G1BP","properties":{"id":"DESNATPU1000G1BP","height_m":6.706,"ground_m":291.816,"height_source":"LoD1 solid top minus bottom","production":"2024","laser":"2016","footprints":"2022"},"geometry":{"type":"Polygon","coordinates":[[[13.620947911363713,51.043237814891974],[13.620903749336163,51.043245387390265],[13.620940077597897,51.043323875156375],[13.620983827901556,51.04331575820683],[13.621142906581804,51.043286249907034],[13.62109829182242,51.04318895903289],[13.62093880165774,51.04321792283643],[13.620947911363713,51.043237814891974]]]}},{"type":"Feature","id":"DESNATPU1000FSvz","properties":{"id":"DESNATPU1000FSvz","height_m":2.845,"ground_m":294.079,"height_source":"LoD1 solid top minus bottom","production":"2024","laser":"2016","footprints":"2022"},"geometry":{"type":"Polygon","coordinates":[[[13.628139992371432,51.042829295293636],[13.628273193541833,51.04283049925799],[13.628272569920325,51.0427839982758],[13.628139368883307,51.04278279431176],[13.628139992371432,51.042829295293636]]]}},{"type":"Feature","id":"DESNATPU1000GDVQ","properties":{"id":"DESNATPU1000GDVQ","height_m":6.467,"ground_m":282.942,"height_source":"LoD1 solid top minus bottom","production":"2024","laser":"2016","footprints":"2022"},"geometry":{"type":"Polygon","coordinates":[[[13.619751820004744,51.04515583415058],[13.619788158741214,51.04524835141628],[13.619944234981777,51.045224115120554],[13.61990790129492,51.04513141810438],[13.619751820004744,51.04515583415058]]]}},{"type":"Feature","id":"UUID_eb506ca4-aa96-40a0-bb8f-f3e5d299417b","properties":{"id":"UUID_eb506ca4-aa96-40a0-bb8f-f3e5d299417b","height_m":2.763,"ground_m":271.681,"height_source":"LoD1 solid top minus bottom","production":"2024","laser":"2016","footprints":"2022"},"geometry":{"type":"Polygon","coordinates":[[[13.60989259700682,51.043241898511525],[13.609864546305324,51.04323920865465],[13.60985823777827,51.04326505139003],[13.609886403115182,51.04326772462607],[13.60989259700682,51.043241898511525]]]}},{"type":"Feature","id":"UUID_7f460fca-b9de-4d90-bf2d-8bbabfc0b2c2","properties":{"id":"UUID_7f460fca-b9de-4d90-bf2d-8bbabfc0b2c2","height_m":3.079,"ground_m":271.681,"height_source":"LoD1 solid top minus bottom","production":"2024","laser":"2016","footprints":"2022"},"geometry":{"type":"Polygon","coordinates":[[[13.60985823777827,51.04326505139003],[13.609864546305324,51.04323920865465],[13.609631578221936,51.043216850253835],[13.609620487075125,51.04326330195253],[13.609677102925648,51.04326865192558],[13.609853198162456,51.04328567530302],[13.60985823777827,51.04326505139003]]]}},{"type":"Feature","id":"DESNATPU1000EBZM","properties":{"id":"DESNATPU1000EBZM","height_m":5.839,"ground_m":297.338,"height_source":"LoD1 solid top minus bottom","production":"2024","laser":"2016","footprints":"2022"},"geometry":{"type":"Polygon","coordinates":[[[13.62693525395851,51.03851722281099],[13.627076785516346,51.03851124176409],[13.627066713405663,51.038417686375624],[13.62692503422832,51.038423845534204],[13.62693525395851,51.03851722281099]]]}},{"type":"Feature","id":"DESNATPU1000FI4t","properties":{"id":"DESNATPU1000FI4t","height_m":2.625,"ground_m":293.403,"height_source":"LoD1 solid top minus bottom","production":"2024","laser":"2016","footprints":"2022"},"geometry":{"type":"Polygon","coordinates":[[[13.630003106540789,51.034484447927426],[13.629953048868446,51.03444078462476],[13.62988380013705,51.0344723473951],[13.629933852474489,51.03451619052445],[13.630003106540789,51.034484447927426]]]}},{"type":"Feature","id":"DESNATPU1000DgJx","properties":{"id":"DESNATPU1000DgJx","height_m":2.131,"ground_m":293.98,"height_source":"LoD1 solid top minus bottom","production":"2024","laser":"2016","footprints":"2022"},"geometry":{"type":"Polygon","coordinates":[[[13.620005320427444,51.043047106464705],[13.619991148678105,51.042990193415136],[13.619904802371956,51.043000235032274],[13.619921644489832,51.043056091479905],[13.620005320427444,51.043047106464705]]]}},{"type":"Feature","id":"DESNATPU1000F9SU","properties":{"id":"DESNATPU1000F9SU","height_m":3.241,"ground_m":267.213,"height_source":"LoD1 solid top minus bottom","production":"2024","laser":"2016","footprints":"2022"},"geometry":{"type":"Polygon","coordinates":[[[13.612854020091186,51.04449509954843],[13.612815397000379,51.0445702720351],[13.612983287471515,51.04460427993134],[13.613021627792792,51.044529014104555],[13.612937114905886,51.044511913545854],[13.612854020091186,51.04449509954843]]]}},{"type":"Feature","id":"DESNATPU1000JPAb","properties":{"id":"DESNATPU1000JPAb","height_m":7.416,"ground_m":285.628,"height_source":"LoD1 solid top minus bottom","production":"2024","laser":"2016","footprints":"2022"},"geometry":{"type":"Polygon","coordinates":[[[13.62755222282475,51.04352733453742],[13.627598271757307,51.04353167039753],[13.62762013571449,51.04343867006708],[13.627535063020165,51.04343074633546],[13.627525104644452,51.04342982000696],[13.627506515034842,51.04350855995469],[13.627503243158705,51.04352273041982],[13.62755222282475,51.04352733453742]]]}},{"type":"Feature","id":"DESNATPU1000Czso","properties":{"id":"DESNATPU1000Czso","height_m":7.719,"ground_m":276.59,"height_source":"LoD1 solid top minus bottom","production":"2024","laser":"2016","footprints":"2022"},"geometry":{"type":"Polygon","coordinates":[[[13.602604939076627,51.043547701016585],[13.602752255008255,51.04348759080766],[13.602675328517217,51.043412928440276],[13.60252830063737,51.043472952067255],[13.602604939076627,51.043547701016585]]]}},{"type":"Feature","id":"DESNATPU1000IHtv","properties":{"id":"DESNATPU1000IHtv","height_m":6.731,"ground_m":278.735,"height_source":"LoD1 solid top minus bottom","production":"2024","laser":"2016","footprints":"2022"},"geometry":{"type":"Polygon","coordinates":[[[13.617961318107078,51.04526569969388],[13.617969574911944,51.04518000435468],[13.617837905970626,51.04517502974212],[13.617833764072655,51.04521832689698],[13.6178055462193,51.0452173636288],[13.617801828648462,51.045255989453835],[13.617836458584527,51.04525720842348],[13.617836195565708,51.045261252151704],[13.617961318107078,51.04526569969388]]]}},{"type":"Feature","id":"DESNATPU1000I4U6","properties":{"id":"DESNATPU1000I4U6","height_m":10.72,"ground_m":294.845,"height_source":"LoD1 solid top minus bottom","production":"2024","laser":"2016","footprints":"2022"},"geometry":{"type":"Polygon","coordinates":[[[13.629596315555789,51.04156299628789],[13.62997439566238,51.041599534510425],[13.629998731697581,51.04149990791266],[13.629995177347004,51.04149950652238],[13.630009647990493,51.04143933333479],[13.629638527279765,51.041403866061124],[13.629624053515656,51.04146412909811],[13.629620496518665,51.04146381759511],[13.629596315555789,51.04156299628789]]]}},{"type":"Feature","id":"UUID_921e1a65-4343-44b3-b24a-072ebdf65d10","properties":{"id":"UUID_921e1a65-4343-44b3-b24a-072ebdf65d10","height_m":4.839,"ground_m":297.138,"height_source":"LoD1 solid top minus bottom","production":"2024","laser":"2016","footprints":"2022"},"geometry":{"type":"Polygon","coordinates":[[[13.62547193366126,51.041375163756875],[13.62544886476673,51.0413738132427],[13.625441161682406,51.04142201491],[13.625464270453236,51.04142346481738],[13.62547193366126,51.041375163756875]]]}},{"type":"Feature","id":"UUID_6bf40787-c156-498d-ba7a-b8e78d347c31","properties":{"id":"UUID_6bf40787-c156-498d-ba7a-b8e78d347c31","height_m":7.569,"ground_m":297.138,"height_source":"LoD1 solid top minus bottom","production":"2024","laser":"2016","footprints":"2022"},"geometry":{"type":"Polygon","coordinates":[[[13.62547771959261,51.04133872033446],[13.625464270453236,51.04142346481738],[13.625606325080238,51.04143241101715],[13.625619956414125,51.041347767584654],[13.62547771959261,51.04133872033446]]]}},{"type":"Feature","id":"DESNATPU1000Iz8c","properties":{"id":"DESNATPU1000Iz8c","height_m":4.243,"ground_m":295.402,"height_source":"LoD1 solid top minus bottom","production":"2024","laser":"2016","footprints":"2022"},"geometry":{"type":"Polygon","coordinates":[[[13.622832199939461,51.04166531241866],[13.62282543063633,51.04163623028797],[13.622818915614738,51.04160819433891],[13.62273952193634,51.041615747988985],[13.62263589155403,51.041627656284604],[13.622644364193583,51.04165605705178],[13.622653148152608,51.04168550467303],[13.622756200268743,51.04167385933556],[13.622832199939461,51.04166531241866]]]}},{"type":"Feature","id":"DESNATPU1000BK8Z","properties":{"id":"DESNATPU1000BK8Z","height_m":8.187,"ground_m":294.123,"height_source":"LoD1 solid top minus bottom","production":"2024","laser":"2016","footprints":"2022"},"geometry":{"type":"Polygon","coordinates":[[[13.621136620200467,51.042243979626804],[13.621135306301813,51.04224018707235],[13.621202759183365,51.04223127057082],[13.621204075756268,51.042234973226265],[13.62120880024078,51.04223439946316],[13.6212594995069,51.04222762342232],[13.621245463651528,51.04218626997747],[13.621257331838066,51.04217570836504],[13.62124979765336,51.042150798851715],[13.621233025775952,51.042143946157616],[13.621219933640354,51.042099636161204],[13.621173407265145,51.042105202405814],[13.621152706683064,51.042096145028346],[13.621105039506702,51.04210169778461],[13.621090812304335,51.042114839508436],[13.621044000699992,51.04212040233587],[13.621062806526732,51.04218366503051],[13.62105164862462,51.04219432493488],[13.621052397453976,51.04219793096265],[13.621069578438878,51.04220541801875],[13.621082770351428,51.04225116808555],[13.621136620200467,51.042243979626804]]]}},{"type":"Feature","id":"DESNATPU1000Iqf7","properties":{"id":"DESNATPU1000Iqf7","height_m":5.532,"ground_m":286.757,"height_source":"LoD1 solid top minus bottom","production":"2024","laser":"2016","footprints":"2022"},"geometry":{"type":"Polygon","coordinates":[[[13.622456389769313,51.04403394921125],[13.62259524373472,51.04403225859155],[13.622592059498075,51.04392799248889],[13.62245320584447,51.04392968310723],[13.622456389769313,51.04403394921125]]]}},{"type":"Feature","id":"DESNATPU1000DSro","properties":{"id":"DESNATPU1000DSro","height_m":5.746,"ground_m":289.202,"height_source":"LoD1 solid top minus bottom","production":"2024","laser":"2016","footprints":"2022"},"geometry":{"type":"Polygon","coordinates":[[[13.625963346390996,51.04291829203316],[13.625989410574348,51.042770214449476],[13.625856879553371,51.04276083215511],[13.625840925609618,51.04285165343452],[13.625830812293772,51.042908999604705],[13.625963346390996,51.04291829203316]]]}},{"type":"Feature","id":"DESNATPU1000ICJN","properties":{"id":"DESNATPU1000ICJN","height_m":6.137,"ground_m":279.038,"height_source":"LoD1 solid top minus bottom","production":"2024","laser":"2016","footprints":"2022"},"geometry":{"type":"Polygon","coordinates":[[[13.624254208769864,51.04566528431767],[13.624209916871482,51.045584248803785],[13.624088171937073,51.04561068462498],[13.624131020426715,51.04568939199754],[13.624118383039015,51.04569220189283],[13.62413698305203,51.045726486259554],[13.624256064516004,51.04570039673507],[13.624238558458385,51.04566867027718],[13.624254208769864,51.04566528431767]]]}},{"type":"Feature","id":"UUID_68cf02c0-dbc7-4930-a289-7fef8dcec816","properties":{"id":"UUID_68cf02c0-dbc7-4930-a289-7fef8dcec816","height_m":9.426,"ground_m":296.331,"height_source":"LoD1 solid top minus bottom","production":"2024","laser":"2016","footprints":"2022"},"geometry":{"type":"Polygon","coordinates":[[[13.629066565744226,51.04002427183542],[13.628945588543676,51.04061577723961],[13.629568048634212,51.0406665240414],[13.63012506497884,51.040711931910074],[13.630235865347464,51.04016850839855],[13.630245821310226,51.04011967634757],[13.62946121563013,51.04005620392981],[13.629066565744226,51.04002427183542]]]}},{"type":"Feature","id":"UUID_2399f0c0-dc27-490e-ba21-19be65875fde","properties":{"id":"UUID_2399f0c0-dc27-490e-ba21-19be65875fde","height_m":9.608,"ground_m":296.331,"height_source":"LoD1 solid top minus bottom","production":"2024","laser":"2016","footprints":"2022"},"geometry":{"type":"Polygon","coordinates":[[[13.62947130316706,51.04000680692655],[13.629076716833167,51.0399746687715],[13.629066565744226,51.04002427183542],[13.62946121563013,51.04005620392981],[13.62947130316706,51.04000680692655]]]}},{"type":"Feature","id":"UUID_d4359ec7-d6ae-4e6e-aa73-3428df240c4c","properties":{"id":"UUID_d4359ec7-d6ae-4e6e-aa73-3428df240c4c","height_m":5.685,"ground_m":296.331,"height_source":"LoD1 solid top minus bottom","production":"2024","laser":"2016","footprints":"2022"},"geometry":{"type":"Polygon","coordinates":[[[13.630244078237391,51.040870910905625],[13.630472344497724,51.04088962088759],[13.630788724396917,51.04091555007699],[13.630909652716708,51.04032299912706],[13.6303646853442,51.0402788423432],[13.630244078237391,51.040870910905625]]]}},{"type":"Feature","id":"UUID_c1ac492d-1969-49df-860e-429d06277a4f","properties":{"id":"UUID_c1ac492d-1969-49df-860e-429d06277a4f","height_m":5.803,"ground_m":296.331,"height_source":"LoD1 solid top minus bottom","production":"2024","laser":"2016","footprints":"2022"},"geometry":{"type":"Polygon","coordinates":[[[13.630235865347464,51.04016850839855],[13.63012506497884,51.040711931910074],[13.630273985122619,51.04072407348623],[13.6303646853442,51.0402788423432],[13.630374709369713,51.040229633375446],[13.630307045710586,51.040174270911464],[13.630235865347464,51.04016850839855]]]}},{"type":"Feature","id":"UUID_63f9f66c-9f60-4018-9935-cbd0ce571b74","properties":{"id":"UUID_63f9f66c-9f60-4018-9935-cbd0ce571b74","height_m":7.856,"ground_m":296.331,"height_source":"LoD1 solid top minus bottom","production":"2024","laser":"2016","footprints":"2022"},"geometry":{"type":"Polygon","coordinates":[[[13.630472344497724,51.04088962088759],[13.63046234136184,51.040938119658634],[13.630778836457264,51.04096402324448],[13.630788724396917,51.04091555007699],[13.630472344497724,51.04088962088759]]]}},{"type":"Feature","id":"UUID_63ceaad6-a782-4b01-b7f4-f018b4fd3485","properties":{"id":"UUID_63ceaad6-a782-4b01-b7f4-f018b4fd3485","height_m":5.745,"ground_m":296.331,"height_source":"LoD1 solid top minus bottom","production":"2024","laser":"2016","footprints":"2022"},"geometry":{"type":"Polygon","coordinates":[[[13.629568048634212,51.0406665240414],[13.62953792122219,51.04081302596394],[13.630244078237391,51.040870910905625],[13.630273985122619,51.04072407348623],[13.629568048634212,51.0406665240414]]]}},{"type":"Feature","id":"DESNATPU1000EnAy","properties":{"id":"DESNATPU1000EnAy","height_m":2.319,"ground_m":307.23,"height_source":"LoD1 solid top minus bottom","production":"2024","laser":"2016","footprints":"2022"},"geometry":{"type":"Polygon","coordinates":[[[13.607005894320377,51.03569783386199],[13.606942775511095,51.03568610992193],[13.606884234491504,51.03581185354328],[13.606947353455627,51.03582357751592],[13.607005894320377,51.03569783386199]]]}},{"type":"Feature","id":"DESNATP1h60000Jm","properties":{"id":"DESNATP1h60000Jm","height_m":4.65,"ground_m":285.142,"height_source":"LoD1 solid top minus bottom","production":"2024","laser":"2016","footprints":"2022"},"geometry":{"type":"Polygon","coordinates":[[[13.620907555697997,51.04490178547361],[13.620925369010951,51.044943255461895],[13.620973575033634,51.04493502922222],[13.621003397734572,51.04500444719524],[13.62107739896173,51.0449918129938],[13.621061373917094,51.044954491906665],[13.621118226194664,51.04494478487153],[13.621129274999566,51.04497049126166],[13.62120439462458,51.04495766333836],[13.621161734411377,51.0448583901504],[13.620907555697997,51.04490178547361]]]}},{"type":"Feature","id":"DESNATPU1000GVLb","properties":{"id":"DESNATPU1000GVLb","height_m":4.68,"ground_m":288.193,"height_source":"LoD1 solid top minus bottom","production":"2024","laser":"2016","footprints":"2022"},"geometry":{"type":"Polygon","coordinates":[[[13.62186098894279,51.04406613825178],[13.621687917832176,51.04410078835045],[13.62170406050658,51.04413847945533],[13.62173131349953,51.04421038497275],[13.621909353404453,51.04418136905029],[13.62186098894279,51.04406613825178]]]}},{"type":"Feature","id":"DESNATP1h60000Kc","properties":{"id":"DESNATP1h60000Kc","height_m":2.976,"ground_m":287.479,"height_source":"LoD1 solid top minus bottom","production":"2024","laser":"2016","footprints":"2022"},"geometry":{"type":"Polygon","coordinates":[[[13.617949725724472,51.04384282868411],[13.617841998342241,51.0438450348276],[13.617849165320308,51.04398432190263],[13.617956907553646,51.04398210693393],[13.617949725724472,51.04384282868411]]]}},{"type":"Feature","id":"DESNATPU1000DYbP","properties":{"id":"DESNATPU1000DYbP","height_m":3.144,"ground_m":301.756,"height_source":"LoD1 solid top minus bottom","production":"2024","laser":"2016","footprints":"2022"},"geometry":{"type":"Polygon","coordinates":[[[13.607787472352314,51.034661532806716],[13.607768631491913,51.03470483443684],[13.607864832041699,51.03472153851184],[13.607883815395866,51.03467823856435],[13.607787472352314,51.034661532806716]]]}},{"type":"Feature","id":"DESNATPU1000FKjP","properties":{"id":"DESNATPU1000FKjP","height_m":8.237,"ground_m":289.901,"height_source":"LoD1 solid top minus bottom","production":"2024","laser":"2016","footprints":"2022"},"geometry":{"type":"Polygon","coordinates":[[[13.62916649338099,51.043124800156214],[13.629159953594256,51.04311438152202],[13.629150199533315,51.04311426709601],[13.629134855425882,51.04311408709086],[13.629128275707004,51.0431243518178],[13.629076082915008,51.04312373951458],[13.62907438181776,51.043181364496505],[13.629148194682386,51.043182185466094],[13.629220980805716,51.04318299434479],[13.629222679067661,51.04312545925792],[13.62916649338099,51.043124800156214]]]}},{"type":"Feature","id":"DESNATPU1000G8SJ","properties":{"id":"DESNATPU1000G8SJ","height_m":2.31,"ground_m":297.826,"height_source":"LoD1 solid top minus bottom","production":"2024","laser":"2016","footprints":"2022"},"geometry":{"type":"Polygon","coordinates":[[[13.630466981554978,51.03473899135464],[13.630519353077183,51.03478160239272],[13.630586935969065,51.034748490917295],[13.630534564421023,51.03470587990909],[13.630466981554978,51.03473899135464]]]}},{"type":"Feature","id":"UUID_cb7546e9-b6b3-4dc1-b9ee-fa9a69393f5d","properties":{"id":"UUID_cb7546e9-b6b3-4dc1-b9ee-fa9a69393f5d","height_m":6.537,"ground_m":288.768,"height_source":"LoD1 solid top minus bottom","production":"2024","laser":"2016","footprints":"2022"},"geometry":{"type":"Polygon","coordinates":[[[13.621376153956655,51.04404998750592],[13.621439113035509,51.04418292698579],[13.621568410250779,51.04415862442011],[13.621505404848083,51.04402579238001],[13.621376153956655,51.04404998750592]]]}},{"type":"Feature","id":"UUID_9c5aac6f-cead-4d62-ba9e-97485b8256ba","properties":{"id":"UUID_9c5aac6f-cead-4d62-ba9e-97485b8256ba","height_m":5.654,"ground_m":288.768,"height_source":"LoD1 solid top minus bottom","production":"2024","laser":"2016","footprints":"2022"},"geometry":{"type":"Polygon","coordinates":[[[13.621568410250779,51.04415862442011],[13.621625032509469,51.04414797915885],[13.621591211847532,51.04407626593373],[13.621534403747981,51.044086926972106],[13.621568410250779,51.04415862442011]]]}},{"type":"Feature","id":"DESNATPU1000IabA","properties":{"id":"DESNATPU1000IabA","height_m":6.045,"ground_m":290.06,"height_source":"LoD1 solid top minus bottom","production":"2024","laser":"2016","footprints":"2022"},"geometry":{"type":"Polygon","coordinates":[[[13.621170613484242,51.0437319989316],[13.62134057831204,51.04369623379644],[13.621284266910605,51.043589272451634],[13.62111416516834,51.043624856028984],[13.621170613484242,51.0437319989316]]]}},{"type":"Feature","id":"UUID_abf3a3e3-22b1-41e4-abac-daa79b16a27a","properties":{"id":"UUID_abf3a3e3-22b1-41e4-abac-daa79b16a27a","height_m":6.17,"ground_m":296.405,"height_source":"LoD1 solid top minus bottom","production":"2024","laser":"2016","footprints":"2022"},"geometry":{"type":"Polygon","coordinates":[[[13.63032798773539,51.04006392079217],[13.630364124436225,51.03990024956443],[13.62997681809869,51.039869395842494],[13.629962445531042,51.04003458114815],[13.630132643857719,51.04004824039768],[13.63032798773539,51.04006392079217]]]}},{"type":"Feature","id":"UUID_c9d86f78-bdd9-4084-acec-31e1fee86436","properties":{"id":"UUID_c9d86f78-bdd9-4084-acec-31e1fee86436","height_m":7.546,"ground_m":296.405,"height_source":"LoD1 solid top minus bottom","production":"2024","laser":"2016","footprints":"2022"},"geometry":{"type":"Polygon","coordinates":[[[13.630132643857719,51.04004824039768],[13.630127349927458,51.04007441983447],[13.630322224413305,51.04009005876348],[13.63032798773539,51.04006392079217],[13.630132643857719,51.04004824039768]]]}},{"type":"Feature","id":"UUID_b121a6f4-b7f5-4073-93fd-ea696561ebe0","properties":{"id":"UUID_b121a6f4-b7f5-4073-93fd-ea696561ebe0","height_m":4.045,"ground_m":296.405,"height_source":"LoD1 solid top minus bottom","production":"2024","laser":"2016","footprints":"2022"},"geometry":{"type":"Polygon","coordinates":[[[13.629569662807754,51.03990987414194],[13.629411479952394,51.03989461935762],[13.629397514300397,51.03995217246201],[13.629558001526997,51.03996765213533],[13.629569662807754,51.03990987414194]]]}},{"type":"Feature","id":"UUID_b917b2e9-c035-4b52-a5fe-6d531c9707d3","properties":{"id":"UUID_b917b2e9-c035-4b52-a5fe-6d531c9707d3","height_m":6.157,"ground_m":296.405,"height_source":"LoD1 solid top minus bottom","production":"2024","laser":"2016","footprints":"2022"},"geometry":{"type":"Polygon","coordinates":[[[13.629978651979298,51.03984832881889],[13.629588421668313,51.03981700786169],[13.629569662807754,51.03990987414194],[13.629558001526997,51.03996765213533],[13.629551152508245,51.040001565253576],[13.629962445531042,51.04003458114815],[13.62997681809869,51.039869395842494],[13.629978651979298,51.03984832881889]]]}},{"type":"Feature","id":"DESNATPU1000Ei8J","properties":{"id":"DESNATPU1000Ei8J","height_m":6.374,"ground_m":291.621,"height_source":"LoD1 solid top minus bottom","production":"2024","laser":"2016","footprints":"2022"},"geometry":{"type":"Polygon","coordinates":[[[13.621851229378864,51.04304663343375],[13.621987051008306,51.04303117551202],[13.621961677151212,51.04294258324991],[13.621825841246567,51.04295804996596],[13.621851229378864,51.04304663343375]]]}},{"type":"Feature","id":"UUID_3c02f511-af34-418b-b5e3-dd284e104594","properties":{"id":"UUID_3c02f511-af34-418b-b5e3-dd284e104594","height_m":6.559,"ground_m":288.808,"height_source":"LoD1 solid top minus bottom","production":"2024","laser":"2016","footprints":"2022"},"geometry":{"type":"Polygon","coordinates":[[[13.630333259931652,51.04276167626426],[13.630347505668007,51.04275024230753],[13.630296689421618,51.042724736155904],[13.630282372379748,51.042736169270704],[13.630333259931652,51.04276167626426]]]}},{"type":"Feature","id":"UUID_cab3dcca-08c5-4074-93bd-e5a556bcde19","properties":{"id":"UUID_cab3dcca-08c5-4074-93bd-e5a556bcde19","height_m":4.155,"ground_m":288.808,"height_source":"LoD1 solid top minus bottom","production":"2024","laser":"2016","footprints":"2022"},"geometry":{"type":"Polygon","coordinates":[[[13.630359159945849,51.042836351696344],[13.63038679317989,51.042813563645616],[13.630421797198213,51.04278753457764],[13.630347505668007,51.04275024230753],[13.630333259931652,51.04276167626426],[13.630285335680222,51.04280014402023],[13.630359159945849,51.042836351696344]]]}},{"type":"Feature","id":"UUID_b1bd795c-c0e9-4ad9-82fc-d8309a79808b","properties":{"id":"UUID_b1bd795c-c0e9-4ad9-82fc-d8309a79808b","height_m":4.671,"ground_m":277.18,"height_source":"LoD1 solid top minus bottom","production":"2024","laser":"2016","footprints":"2022"},"geometry":{"type":"Polygon","coordinates":[[[13.602222489173707,51.04342758496523],[13.602196388609126,51.043438316149356],[13.602229655379594,51.043470549265734],[13.602255801982604,51.04345971070898],[13.602222489173707,51.04342758496523]]]}},{"type":"Feature","id":"UUID_2c7db56d-2eb8-4fe0-85dd-ba88126381a0","properties":{"id":"UUID_2c7db56d-2eb8-4fe0-85dd-ba88126381a0","height_m":7.026,"ground_m":277.18,"height_source":"LoD1 solid top minus bottom","production":"2024","laser":"2016","footprints":"2022"},"geometry":{"type":"Polygon","coordinates":[[[13.602366848676303,51.04341499481307],[13.602297947646521,51.04334861180281],[13.602187735015512,51.04339405704963],[13.602222532495642,51.04342756749745],[13.602222489173707,51.04342758496523],[13.602255801982604,51.04345971070898],[13.602366848676303,51.04341499481307]]]}},{"type":"Feature","id":"DESNATPU1000CR5A","properties":{"id":"DESNATPU1000CR5A","height_m":3.237,"ground_m":288.081,"height_source":"LoD1 solid top minus bottom","production":"2024","laser":"2016","footprints":"2022"},"geometry":{"type":"Polygon","coordinates":[[[13.622259944127693,51.04374574661215],[13.622288566715309,51.04380516791459],[13.622377375211622,51.04378813903975],[13.622348607248416,51.043728805975185],[13.622259944127693,51.04374574661215]]]}},{"type":"Feature","id":"UUID_0c7b8be1-5dad-4f01-b798-082dc1982905","properties":{"id":"UUID_0c7b8be1-5dad-4f01-b798-082dc1982905","height_m":6.454,"ground_m":291.733,"height_source":"LoD1 solid top minus bottom","production":"2024","laser":"2016","footprints":"2022"},"geometry":{"type":"Polygon","coordinates":[[[13.621194454803074,51.04320527386833],[13.621208726008783,51.043236306151606],[13.621332693406812,51.043213658624424],[13.62139045298338,51.04320310783463],[13.621376305204523,51.04317223890356],[13.62135864862714,51.04313366655851],[13.621349859660668,51.043114497757465],[13.621331832011387,51.04311773836995],[13.621331930765809,51.043117775506964],[13.621270686284925,51.043128950630866],[13.621270227287031,51.04312903514509],[13.621167990403412,51.04314769433161],[13.621176887777773,51.043167053278175],[13.621194454803074,51.04320527386833]]]}},{"type":"Feature","id":"UUID_2d972944-6601-4a14-89e0-6091439a8f3d","properties":{"id":"UUID_2d972944-6601-4a14-89e0-6091439a8f3d","height_m":4.459,"ground_m":291.733,"height_source":"LoD1 solid top minus bottom","production":"2024","laser":"2016","footprints":"2022"},"geometry":{"type":"Polygon","coordinates":[[[13.6212669418836,51.04312053399108],[13.621270686284925,51.043128950630866],[13.621318919013557,51.0431201497313],[13.621331855378024,51.0431177892628],[13.621331930765809,51.043117775506964],[13.621331832011387,51.04311773836995],[13.621318881321448,51.04312006763731],[13.621314996711243,51.04311156840808],[13.62129749812181,51.04310515680065],[13.621276695287172,51.04310913805786],[13.6212669418836,51.04312053399108]]]}},{"type":"Feature","id":"DESNATPU1000IsQF","properties":{"id":"DESNATPU1000IsQF","height_m":2.638,"ground_m":304.632,"height_source":"LoD1 solid top minus bottom","production":"2024","laser":"2016","footprints":"2022"},"geometry":{"type":"Polygon","coordinates":[[[13.630077405137415,51.03561215756],[13.630173761230248,51.03556103797223],[13.630119617228702,51.03552047439269],[13.630023406393551,51.03557150570929],[13.630077405137415,51.03561215756]]]}},{"type":"Feature","id":"DESNATPU1000IfIq","properties":{"id":"DESNATPU1000IfIq","height_m":6.798,"ground_m":284.942,"height_source":"LoD1 solid top minus bottom","production":"2024","laser":"2016","footprints":"2022"},"geometry":{"type":"Polygon","coordinates":[[[13.622347886874145,51.04462827473882],[13.622496883749438,51.04462616422749],[13.622493235836545,51.044527917957765],[13.6223442392765,51.04453002846691],[13.622347886874145,51.04462827473882]]]}},{"type":"Feature","id":"DESNATPU1000GQaU","properties":{"id":"DESNATPU1000GQaU","height_m":5.759,"ground_m":289.083,"height_source":"LoD1 solid top minus bottom","production":"2024","laser":"2016","footprints":"2022"},"geometry":{"type":"Polygon","coordinates":[[[13.626811610632444,51.04308528052507],[13.626813200520234,51.043061422867275],[13.626609739676326,51.0430564508044],[13.62660867511468,51.04307942432974],[13.626593591974206,51.04307910317031],[13.6265918545671,51.043137851823744],[13.626806426711434,51.043139986807354],[13.626811610632444,51.04308528052507]]]}},{"type":"Feature","id":"UUID_955cf349-b27e-46c1-99ca-4766c737b3b2","properties":{"id":"UUID_955cf349-b27e-46c1-99ca-4766c737b3b2","height_m":6.306,"ground_m":275.394,"height_source":"LoD1 solid top minus bottom","production":"2024","laser":"2016","footprints":"2022"},"geometry":{"type":"Polygon","coordinates":[[[13.603882396791777,51.0440918660188],[13.603978770037585,51.044089663002495],[13.603975315655314,51.04403326267425],[13.603967760420597,51.04390969867787],[13.603870821392002,51.04391222766451],[13.603882396791777,51.0440918660188]]]}},{"type":"Feature","id":"UUID_adb52e24-11b1-49b2-96ce-c3a283458b68","properties":{"id":"UUID_adb52e24-11b1-49b2-96ce-c3a283458b68","height_m":6.06,"ground_m":275.394,"height_source":"LoD1 solid top minus bottom","production":"2024","laser":"2016","footprints":"2022"},"geometry":{"type":"Polygon","coordinates":[[[13.604125340631443,51.04402966806524],[13.603975315655314,51.04403326267425],[13.603978770037585,51.044089663002495],[13.604129289718594,51.044086227178525],[13.604125340631443,51.04402966806524]]]}},{"type":"Feature","id":"UUID_02d1dadf-d548-4682-aae4-8bbbd5dcd948","properties":{"id":"UUID_02d1dadf-d548-4682-aae4-8bbbd5dcd948","height_m":2.75,"ground_m":284.446,"height_source":"LoD1 solid top minus bottom","production":"2024","laser":"2016","footprints":"2022"},"geometry":{"type":"Polygon","coordinates":[[[13.619567290388838,51.04478871952002],[13.619584401397711,51.04483217786273],[13.619620736361437,51.04482641991126],[13.619602854873664,51.044782484837796],[13.619567290388838,51.04478871952002]]]}},{"type":"Feature","id":"UUID_c7d4c4ca-3977-4be4-9da0-63738128f023","properties":{"id":"UUID_c7d4c4ca-3977-4be4-9da0-63738128f023","height_m":2.771,"ground_m":284.446,"height_source":"LoD1 solid top minus bottom","production":"2024","laser":"2016","footprints":"2022"},"geometry":{"type":"Polygon","coordinates":[[[13.619655323608777,51.044913053116],[13.61963502774223,51.044861553415856],[13.619620736361437,51.04482641991126],[13.619584401397711,51.04483217786273],[13.619552724700664,51.044837199450086],[13.619566516370332,51.044872345045974],[13.61958654832753,51.04492312220269],[13.619655323608777,51.044913053116]]]}},{"type":"Feature","id":"DESNATPU1000Gojc","properties":{"id":"DESNATPU1000Gojc","height_m":2.241,"ground_m":304.194,"height_source":"LoD1 solid top minus bottom","production":"2024","laser":"2016","footprints":"2022"},"geometry":{"type":"Polygon","coordinates":[[[13.629805723226502,51.03569294852863],[13.629899603488631,51.035638742520284],[13.629844384681443,51.0356007741749],[13.629750504433323,51.035654980139356],[13.629805723226502,51.03569294852863]]]}},{"type":"Feature","id":"DESNATPU1000GVk4","properties":{"id":"DESNATPU1000GVk4","height_m":4.106,"ground_m":303.148,"height_source":"LoD1 solid top minus bottom","production":"2024","laser":"2016","footprints":"2022"},"geometry":{"type":"Polygon","coordinates":[[[13.607537809351891,51.03647658237759],[13.607514435475071,51.036552114797615],[13.60757795664686,51.03655997622783],[13.607601615588015,51.03648444719249],[13.607537809351891,51.03647658237759]]]}},{"type":"Feature","id":"DESNATPU1000GdfP","properties":{"id":"DESNATPU1000GdfP","height_m":3.313,"ground_m":283.64,"height_source":"LoD1 solid top minus bottom","production":"2024","laser":"2016","footprints":"2022"},"geometry":{"type":"Polygon","coordinates":[[[13.622518725780028,51.04485456443126],[13.62251851858479,51.044904832706905],[13.622614240775691,51.04490488186211],[13.622614305259127,51.044854611904555],[13.622518725780028,51.04485456443126]]]}},{"type":"Feature","id":"DESNATPU1000Iju0","properties":{"id":"DESNATPU1000Iju0","height_m":2.723,"ground_m":280.233,"height_source":"LoD1 solid top minus bottom","production":"2024","laser":"2016","footprints":"2022"},"geometry":{"type":"Polygon","coordinates":[[[13.623126125986168,51.04537738875376],[13.623208579749033,51.045363072186596],[13.623185728762085,51.04531100344159],[13.62310341236375,51.04532550147037],[13.623126125986168,51.04537738875376]]]}},{"type":"Feature","id":"DESNATPU1000H4Oq","properties":{"id":"DESNATPU1000H4Oq","height_m":4.264,"ground_m":284.099,"height_source":"LoD1 solid top minus bottom","production":"2024","laser":"2016","footprints":"2022"},"geometry":{"type":"Polygon","coordinates":[[[13.62071068759176,51.045177947382726],[13.620731945668636,51.04523071726127],[13.620815508708937,51.04521749463048],[13.620794390481555,51.045164816347715],[13.62075268298654,51.04517133860685],[13.62071068759176,51.045177947382726]]]}},{"type":"Feature","id":"DESNATPU1000HSOe","properties":{"id":"DESNATPU1000HSOe","height_m":5.36,"ground_m":285.047,"height_source":"LoD1 solid top minus bottom","production":"2024","laser":"2016","footprints":"2022"},"geometry":{"type":"Polygon","coordinates":[[[13.6233018161962,51.044292118420195],[13.623331483784632,51.044311533036606],[13.623331120032544,51.04432861539997],[13.623371622975375,51.044329002622916],[13.623371425767672,51.04433565509967],[13.623423619796737,51.04433626996075],[13.623423809002366,51.044329887178854],[13.623464879709411,51.044330370987474],[13.623467304742631,51.044258185981136],[13.623390160010914,51.044257097354006],[13.623375463494813,51.04424757153077],[13.6233018161962,51.044292118420195]]]}},{"type":"Feature","id":"DESNATPU1000B5gm","properties":{"id":"DESNATPU1000B5gm","height_m":2.506,"ground_m":304.066,"height_source":"LoD1 solid top minus bottom","production":"2024","laser":"2016","footprints":"2022"},"geometry":{"type":"Polygon","coordinates":[[[13.608881794424972,51.03544157910627],[13.608798214681082,51.03542868629332],[13.608780416909509,51.03548147012399],[13.608865092702967,51.03549491557807],[13.608881794424972,51.03544157910627]]]}},{"type":"Feature","id":"UUID_0d44dd3b-f960-44a6-98df-5f75a349e7a9","properties":{"id":"UUID_0d44dd3b-f960-44a6-98df-5f75a349e7a9","height_m":5.953,"ground_m":284.459,"height_source":"LoD1 solid top minus bottom","production":"2024","laser":"2016","footprints":"2022"},"geometry":{"type":"Polygon","coordinates":[[[13.617905598230829,51.04444356826525],[13.618027899886918,51.04444685826004],[13.618033179365023,51.044368681796136],[13.617910878181796,51.04436538281861],[13.617905598230829,51.04444356826525]]]}},{"type":"Feature","id":"UUID_70226385-df67-45c3-8344-059e5948f886","properties":{"id":"UUID_70226385-df67-45c3-8344-059e5948f886","height_m":3.107,"ground_m":284.459,"height_source":"LoD1 solid top minus bottom","production":"2024","laser":"2016","footprints":"2022"},"geometry":{"type":"Polygon","coordinates":[[[13.618033179365023,51.044368681796136],[13.618035574200842,51.04433326879513],[13.617963205353414,51.044331324774106],[13.617960810730105,51.04436672878341],[13.618033179365023,51.044368681796136]]]}},{"type":"Feature","id":"DESNATP1CG00005c","properties":{"id":"DESNATP1CG00005c","height_m":2.815,"ground_m":292.439,"height_source":"LoD1 solid top minus bottom","production":"2024","laser":"2016","footprints":"2022"},"geometry":{"type":"Polygon","coordinates":[[[13.621711750067881,51.0428873235211],[13.62169970999244,51.04284791817458],[13.621589867785278,51.042860903384785],[13.621604719403793,51.04290122321895],[13.621711750067881,51.0428873235211]]]}},{"type":"Feature","id":"DESNATP1CG00005W","properties":{"id":"DESNATP1CG00005W","height_m":2.357,"ground_m":283.697,"height_source":"LoD1 solid top minus bottom","production":"2024","laser":"2016","footprints":"2022"},"geometry":{"type":"Polygon","coordinates":[[[13.618695760660895,51.04482099359666],[13.618692326508306,51.04480935206426],[13.618642174267256,51.04481441580913],[13.618654985495313,51.044859478171226],[13.618794043410098,51.04484142725403],[13.61878391174116,51.04481226918175],[13.618783820204754,51.044811989317566],[13.618695760660895,51.04482099359666]]]}},{"type":"Feature","id":"DESNATPU1000CDLJ","properties":{"id":"DESNATPU1000CDLJ","height_m":9.474,"ground_m":303.904,"height_source":"LoD1 solid top minus bottom","production":"2024","laser":"2016","footprints":"2022"},"geometry":{"type":"Polygon","coordinates":[[[13.608365041393034,51.03526851578811],[13.608520926802846,51.03529258495379],[13.608563730306098,51.0351825707259],[13.608408272973751,51.03515850671366],[13.608396058691165,51.03519010653109],[13.608366954155093,51.03518562312647],[13.608353351604018,51.0352207136747],[13.608381888542667,51.03522510039272],[13.608365041393034,51.03526851578811]]]}},{"type":"Feature","id":"DESNATPU1000Gxs5","properties":{"id":"DESNATPU1000Gxs5","height_m":9.683,"ground_m":284.234,"height_source":"LoD1 solid top minus bottom","production":"2024","laser":"2016","footprints":"2022"},"geometry":{"type":"Polygon","coordinates":[[[13.629972712512645,51.043590828188336],[13.629956582474863,51.04367337439035],[13.630219187549939,51.043693449641026],[13.630235174524469,51.0436109017279],[13.629972712512645,51.043590828188336]]]}},{"type":"Feature","id":"DESNATPU1000J9QB","properties":{"id":"DESNATPU1000J9QB","height_m":7.172,"ground_m":292.928,"height_source":"LoD1 solid top minus bottom","production":"2024","laser":"2016","footprints":"2022"},"geometry":{"type":"Polygon","coordinates":[[[13.625041319435244,51.042014714215654],[13.625044332500407,51.042071944989395],[13.625204497123343,51.04206816386641],[13.625201750431646,51.04201156573972],[13.625041319435244,51.042014714215654]]]}},{"type":"Feature","id":"DESNATPU1000C8z4","properties":{"id":"DESNATPU1000C8z4","height_m":2.465,"ground_m":288.47,"height_source":"LoD1 solid top minus bottom","production":"2024","laser":"2016","footprints":"2022"},"geometry":{"type":"Polygon","coordinates":[[[13.623383809526157,51.04299729574381],[13.623398686263316,51.04304548449135],[13.623417587094487,51.04304309918652],[13.623421506902767,51.04305571754146],[13.623503576258543,51.043046045617366],[13.623491476311711,51.04298550626688],[13.623383809526157,51.04299729574381]]]}},{"type":"Feature","id":"DESNATPU1000De7I","properties":{"id":"DESNATPU1000De7I","height_m":5.332,"ground_m":286.646,"height_source":"LoD1 solid top minus bottom","production":"2024","laser":"2016","footprints":"2022"},"geometry":{"type":"Polygon","coordinates":[[[13.62188991089757,51.04439427325007],[13.621896989323444,51.04444417780292],[13.62201444693208,51.044437649119914],[13.62201673087028,51.04445683108666],[13.622105465823918,51.04445194206221],[13.622103897550947,51.04443267860627],[13.622114186583927,51.044432080489614],[13.622106564173386,51.044381270239064],[13.62188991089757,51.04439427325007]]]}},{"type":"Feature","id":"UUID_d3296482-b218-4359-9d49-09ca12458061","properties":{"id":"UUID_d3296482-b218-4359-9d49-09ca12458061","height_m":5.475,"ground_m":287.779,"height_source":"LoD1 solid top minus bottom","production":"2024","laser":"2016","footprints":"2022"},"geometry":{"type":"Polygon","coordinates":[[[13.628775910893596,51.04337601362011],[13.62877357234379,51.04339240734211],[13.628843772630326,51.04339673833449],[13.628846252167085,51.043380400223306],[13.628846253494224,51.04338035527404],[13.628775910893596,51.04337601362011]]]}},{"type":"Feature","id":"UUID_601e12e5-5d10-46b3-8e08-8de914a81185","properties":{"id":"UUID_601e12e5-5d10-46b3-8e08-8de914a81185","height_m":7.512,"ground_m":287.779,"height_source":"LoD1 solid top minus bottom","production":"2024","laser":"2016","footprints":"2022"},"geometry":{"type":"Polygon","coordinates":[[[13.628769164643199,51.04333248941845],[13.628762525759516,51.04337519107387],[13.628775911955364,51.04337597766069],[13.628775910893596,51.04337601362011],[13.628846253494224,51.04338035527404],[13.628846252167085,51.043380400223306],[13.628899366499484,51.043383631402044],[13.628905932629806,51.04334097385063],[13.628912430027556,51.04329871118284],[13.628775734793015,51.04329018264656],[13.628769164643199,51.04333248941845]]]}},{"type":"Feature","id":"UUID_80d7b7cc-27aa-4d73-9c73-b9395d044d50","properties":{"id":"UUID_80d7b7cc-27aa-4d73-9c73-b9395d044d50","height_m":7.739,"ground_m":288.905,"height_source":"LoD1 solid top minus bottom","production":"2024","laser":"2016","footprints":"2022"},"geometry":{"type":"Polygon","coordinates":[[[13.62056345978116,51.04415514718402],[13.620563446855762,51.04415510206656],[13.620596057130324,51.044149848416836],[13.620627850271719,51.04414472900018],[13.620627823619726,51.044144665734756],[13.620666667408427,51.04413846943953],[13.620638480368033,51.04406925053324],[13.620567938821406,51.04408072023435],[13.62049613590119,51.044092390833676],[13.62052418547711,51.04416142829258],[13.62056345978116,51.04415514718402]]]}},{"type":"Feature","id":"UUID_b08ba8b5-0c53-4c0a-9c18-6e3a11f024ab","properties":{"id":"UUID_b08ba8b5-0c53-4c0a-9c18-6e3a11f024ab","height_m":4.658,"ground_m":288.905,"height_source":"LoD1 solid top minus bottom","production":"2024","laser":"2016","footprints":"2022"},"geometry":{"type":"Polygon","coordinates":[[[13.620563446855762,51.04415510206656],[13.620588472554097,51.044215965170544],[13.620652559270365,51.04420521064692],[13.620627850271719,51.04414472900018],[13.620563446855762,51.04415510206656]]]}},{"type":"Feature","id":"DESNATPU1000FVKr","properties":{"id":"DESNATPU1000FVKr","height_m":2.743,"ground_m":287.078,"height_source":"LoD1 solid top minus bottom","production":"2024","laser":"2016","footprints":"2022"},"geometry":{"type":"Polygon","coordinates":[[[13.620616620969027,51.04463707873992],[13.620700428131219,51.04462520802222],[13.620663768608333,51.0445242338536],[13.620580674655432,51.04453611296349],[13.620616620969027,51.04463707873992]]]}},{"type":"Feature","id":"DESNATPU1000I1jU","properties":{"id":"DESNATPU1000I1jU","height_m":7.526,"ground_m":289.147,"height_source":"LoD1 solid top minus bottom","production":"2024","laser":"2016","footprints":"2022"},"geometry":{"type":"Polygon","coordinates":[[[13.63056647173091,51.042631853147945],[13.630527263728862,51.04261178898561],[13.630555591197638,51.042589638538914],[13.630459744565144,51.04254076258594],[13.630438133171923,51.04255768587117],[13.630421547438667,51.042549307879504],[13.630381538723427,51.04258058414173],[13.63044295427227,51.04261188005427],[13.630426899568294,51.04262419211804],[13.630476791517161,51.04264959745128],[13.630470511176323,51.04265455990961],[13.630510704147992,51.04267508528267],[13.63056647173091,51.042631853147945]]]}},{"type":"Feature","id":"DESNATPU1000ENCA","properties":{"id":"DESNATPU1000ENCA","height_m":3.726,"ground_m":287.885,"height_source":"LoD1 solid top minus bottom","production":"2024","laser":"2016","footprints":"2022"},"geometry":{"type":"Polygon","coordinates":[[[13.624186595380104,51.042938214772846],[13.624061887777435,51.04295125210842],[13.624075415914971,51.04300405626973],[13.624200145252304,51.04299125299249],[13.624186595380104,51.042938214772846]]]}},{"type":"Feature","id":"UUID_6de3c1e3-7a1c-41f7-809e-21eee4867cf9","properties":{"id":"UUID_6de3c1e3-7a1c-41f7-809e-21eee4867cf9","height_m":4.206,"ground_m":297.789,"height_source":"LoD1 solid top minus bottom","production":"2024","laser":"2016","footprints":"2022"},"geometry":{"type":"Polygon","coordinates":[[[13.628183556446364,51.038621004761424],[13.628177484686272,51.0386768697996],[13.628222785683214,51.03867884049543],[13.628259368433238,51.03868043004666],[13.6282616562415,51.038652227947665],[13.628263901191993,51.03862451096619],[13.628183556446364,51.038621004761424]]]}},{"type":"Feature","id":"UUID_eb381530-f0c5-4159-afdb-5e43cab91ab6","properties":{"id":"UUID_eb381530-f0c5-4159-afdb-5e43cab91ab6","height_m":4.163,"ground_m":297.789,"height_source":"LoD1 solid top minus bottom","production":"2024","laser":"2016","footprints":"2022"},"geometry":{"type":"Polygon","coordinates":[[[13.628263901191993,51.03862451096619],[13.6282616562415,51.038652227947665],[13.628304549126634,51.03865363076402],[13.628304861628632,51.038647878926895],[13.628307492396821,51.038626416593],[13.628263901191993,51.03862451096619]]]}},{"type":"Feature","id":"UUID_b2545a7f-d211-4ccb-bec7-1222e95eecd0","properties":{"id":"UUID_b2545a7f-d211-4ccb-bec7-1222e95eecd0","height_m":4.353,"ground_m":297.789,"height_source":"LoD1 solid top minus bottom","production":"2024","laser":"2016","footprints":"2022"},"geometry":{"type":"Polygon","coordinates":[[[13.628222785683214,51.03867884049543],[13.628218885146282,51.03871431696559],[13.628256496959212,51.038715837661506],[13.628259368433238,51.03868043004666],[13.628222785683214,51.03867884049543]]]}},{"type":"Feature","id":"DESNATPU1000GywL","properties":{"id":"DESNATPU1000GywL","height_m":2.937,"ground_m":303.381,"height_source":"LoD1 solid top minus bottom","production":"2024","laser":"2016","footprints":"2022"},"geometry":{"type":"Polygon","coordinates":[[[13.630723771342682,51.0352449782261],[13.630827983709105,51.035193410585364],[13.630774621341267,51.03515051829142],[13.63067040901367,51.0352020858852],[13.630723771342682,51.0352449782261]]]}},{"type":"Feature","id":"DESNATPU1000FYMT","properties":{"id":"DESNATPU1000FYMT","height_m":6.834,"ground_m":293.802,"height_source":"LoD1 solid top minus bottom","production":"2024","laser":"2016","footprints":"2022"},"geometry":{"type":"Polygon","coordinates":[[[13.618612153425255,51.04229683650749],[13.618627404933559,51.042304436009566],[13.618638612056662,51.04230365120803],[13.618644872311735,51.04233921150919],[13.61876085700318,51.04233120284775],[13.618747931252347,51.04225787418784],[13.618631947009705,51.042265873848116],[13.618632968812983,51.0422727655566],[13.618621974260304,51.04227359783535],[13.618609552614469,51.04228308247514],[13.618612153425255,51.04229683650749]]]}},{"type":"Feature","id":"DESNATPU1000GDoS","properties":{"id":"DESNATPU1000GDoS","height_m":8.412,"ground_m":278.642,"height_source":"LoD1 solid top minus bottom","production":"2024","laser":"2016","footprints":"2022"},"geometry":{"type":"Polygon","coordinates":[[[13.605356150773067,51.045928097841454],[13.605299963211403,51.04593642023673],[13.605242084725768,51.04594499221245],[13.605331032380182,51.046189673775686],[13.605390178900167,51.04618259173761],[13.60543483591188,51.04617724326683],[13.60544758230619,51.046175596783506],[13.605356150773067,51.045928097841454]]]}},{"type":"Feature","id":"DESNATPU1000B1fL","properties":{"id":"DESNATPU1000B1fL","height_m":3.418,"ground_m":303.584,"height_source":"LoD1 solid top minus bottom","production":"2024","laser":"2016","footprints":"2022"},"geometry":{"type":"Polygon","coordinates":[[[13.608654136098057,51.034954685522216],[13.608672860716448,51.03490571678096],[13.608451934903334,51.03487223997859],[13.608433212759907,51.0349211187851],[13.608654136098057,51.034954685522216]]]}},{"type":"Feature","id":"DESNATPU1000FxoH","properties":{"id":"DESNATPU1000FxoH","height_m":2.95,"ground_m":293.205,"height_source":"LoD1 solid top minus bottom","production":"2024","laser":"2016","footprints":"2022"},"geometry":{"type":"Polygon","coordinates":[[[13.617769211978816,51.042690086925695],[13.61788702843523,51.042680958686915],[13.617873663521403,51.042612364035286],[13.617755847236912,51.04262149226203],[13.617769211978816,51.042690086925695]]]}},{"type":"Feature","id":"DESNATPU1000Ficc","properties":{"id":"DESNATPU1000Ficc","height_m":6.854,"ground_m":290.963,"height_source":"LoD1 solid top minus bottom","production":"2024","laser":"2016","footprints":"2022"},"geometry":{"type":"Polygon","coordinates":[[[13.621559582726254,51.04308486694329],[13.621508044132032,51.043095859914665],[13.621490104370716,51.043089892780635],[13.621470724917335,51.04309398079334],[13.62146211238626,51.04310539020141],[13.62145479161228,51.04310692257392],[13.621500165746818,51.04319307097827],[13.621606388401306,51.04317085233309],[13.62158798967949,51.04313709150452],[13.621559582726254,51.04308486694329]]]}},{"type":"Feature","id":"UUID_987d91bf-70c2-4852-bf23-d95440b5ef49","properties":{"id":"UUID_987d91bf-70c2-4852-bf23-d95440b5ef49","height_m":5.12,"ground_m":283.795,"height_source":"LoD1 solid top minus bottom","production":"2024","laser":"2016","footprints":"2022"},"geometry":{"type":"Polygon","coordinates":[[[13.624126910660559,51.04452423224488],[13.624118607406622,51.04446262255253],[13.624079656008176,51.044464753903924],[13.624044305230324,51.044466693821526],[13.624052331162675,51.04452803046498],[13.624052341960631,51.04452814750077],[13.62408783219597,51.04452631713825],[13.624126920659204,51.044524309610345],[13.624135266502748,51.044523880977955],[13.62413525437283,51.04452380889136],[13.624126910660559,51.04452423224488]]]}},{"type":"Feature","id":"UUID_e3cb28cd-a68a-4caa-925c-70027b4b031d","properties":{"id":"UUID_e3cb28cd-a68a-4caa-925c-70027b4b031d","height_m":6.099,"ground_m":283.795,"height_source":"LoD1 solid top minus bottom","production":"2024","laser":"2016","footprints":"2022"},"geometry":{"type":"Polygon","coordinates":[[[13.624241379492412,51.04459932231852],[13.624261243812054,51.0445692498652],[13.624259784782572,51.04455734397935],[13.624254923801349,51.04451773566083],[13.62413525437283,51.04452380889136],[13.624140455912027,51.04456347518279],[13.624144167684312,51.044591792788694],[13.62414579662651,51.04460422226894],[13.624241379492412,51.04459932231852]]]}},{"type":"Feature","id":"UUID_339a9a6d-1ed3-493f-8a87-2a349dbbf79a","properties":{"id":"UUID_339a9a6d-1ed3-493f-8a87-2a349dbbf79a","height_m":6.301,"ground_m":283.795,"height_source":"LoD1 solid top minus bottom","production":"2024","laser":"2016","footprints":"2022"},"geometry":{"type":"Polygon","coordinates":[[[13.624052331162675,51.04452803046498],[13.624037040220932,51.04452892957482],[13.624042164103285,51.04456832516735],[13.624045869955783,51.04459684055229],[13.624144167684312,51.044591792788694],[13.62414043325026,51.04456327707058],[13.624135266502748,51.044523880977955],[13.624052341960631,51.04452814750077],[13.624052331162675,51.04452803046498]]]}},{"type":"Feature","id":"DESNATPU1000FmZP","properties":{"id":"DESNATPU1000FmZP","height_m":2.763,"ground_m":304.82,"height_source":"LoD1 solid top minus bottom","production":"2024","laser":"2016","footprints":"2022"},"geometry":{"type":"Polygon","coordinates":[[[13.630378583561201,51.03559903315397],[13.630434416310855,51.03555814000514],[13.630369556827123,51.03552302659519],[13.630313724063772,51.03556391971316],[13.630378583561201,51.03559903315397]]]}},{"type":"Feature","id":"UUID_7498d7e3-9f85-47ba-bbdc-a0f844bf8267","properties":{"id":"UUID_7498d7e3-9f85-47ba-bbdc-a0f844bf8267","height_m":9.511,"ground_m":280.58,"height_source":"LoD1 solid top minus bottom","production":"2024","laser":"2016","footprints":"2022"},"geometry":{"type":"Polygon","coordinates":[[[13.625986777486563,51.044300355668376],[13.625912104208386,51.044307823103274],[13.625923754064415,51.044352835015644],[13.625998687297525,51.04434526271399],[13.625986777486563,51.044300355668376]]]}},{"type":"Feature","id":"UUID_74dfda2b-2d57-4d80-aa11-a2fc440e90d9","properties":{"id":"UUID_74dfda2b-2d57-4d80-aa11-a2fc440e90d9","height_m":8.822,"ground_m":280.58,"height_source":"LoD1 solid top minus bottom","production":"2024","laser":"2016","footprints":"2022"},"geometry":{"type":"Polygon","coordinates":[[[13.626632437415118,51.04431539181833],[13.626601900157292,51.04419992289953],[13.625977163406812,51.04426416282487],[13.625986934885896,51.044300339533144],[13.625986777486563,51.044300355668376],[13.625998687297525,51.04434526271399],[13.625998730079571,51.044345263217025],[13.626007839094216,51.044379723469234],[13.626632437415118,51.04431539181833]]]}},{"type":"Feature","id":"UUID_3982d9eb-e823-4ec9-983d-dc97248568b2","properties":{"id":"UUID_3982d9eb-e823-4ec9-983d-dc97248568b2","height_m":8.632,"ground_m":285.132,"height_source":"LoD1 solid top minus bottom","production":"2024","laser":"2016","footprints":"2022"},"geometry":{"type":"Polygon","coordinates":[[[13.629433114196813,51.043550057579424],[13.629455212601327,51.04355049662218],[13.629460011279447,51.04346910357993],[13.629437374466205,51.0434685413145],[13.629433114196813,51.043550057579424]]]}},{"type":"Feature","id":"UUID_0f804dc6-a7b2-4bf0-9711-4391f71077a4","properties":{"id":"UUID_0f804dc6-a7b2-4bf0-9711-4391f71077a4","height_m":8.351,"ground_m":285.132,"height_source":"LoD1 solid top minus bottom","production":"2024","laser":"2016","footprints":"2022"},"geometry":{"type":"Polygon","coordinates":[[[13.629454071761613,51.0435698181258],[13.629573679924226,51.04357247990635],[13.629579637888469,51.0434720983117],[13.629460011279447,51.04346910357993],[13.629454071761613,51.0435698181258]]]}},{"type":"Feature","id":"UUID_54cb6632-5621-45fc-a6cc-c051bf06534a","properties":{"id":"UUID_54cb6632-5621-45fc-a6cc-c051bf06534a","height_m":7.004,"ground_m":277.63,"height_source":"LoD1 solid top minus bottom","production":"2024","laser":"2016","footprints":"2022"},"geometry":{"type":"Polygon","coordinates":[[[13.617462744880093,51.04516915292732],[13.61746196705207,51.04525277840459],[13.617598589362036,51.04525334252863],[13.617598892400721,51.04521536877515],[13.617599253659849,51.04516968872951],[13.617462744880093,51.04516915292732]]]}},{"type":"Feature","id":"UUID_a02f89ef-45ea-4de4-8869-0091f8748ddd","properties":{"id":"UUID_a02f89ef-45ea-4de4-8869-0091f8748ddd","height_m":4.547,"ground_m":277.63,"height_source":"LoD1 solid top minus bottom","production":"2024","laser":"2016","footprints":"2022"},"geometry":{"type":"Polygon","coordinates":[[[13.617598589362036,51.04525334252863],[13.61762557716026,51.04525345494886],[13.617626133394037,51.04521560109929],[13.617598892400721,51.04521536877515],[13.617598589362036,51.04525334252863]]]}},{"type":"Feature","id":"DESNATPU1000Gdb5","properties":{"id":"DESNATPU1000Gdb5","height_m":3.258,"ground_m":292.198,"height_source":"LoD1 solid top minus bottom","production":"2024","laser":"2016","footprints":"2022"},"geometry":{"type":"Polygon","coordinates":[[[13.61810632300001,51.04313842609252],[13.617975057029694,51.0431354438231],[13.617972172288372,51.043182047294344],[13.618104264991324,51.04318217957591],[13.61810632300001,51.04313842609252]]]}},{"type":"Feature","id":"DESNATPU1000EC46","properties":{"id":"DESNATPU1000EC46","height_m":6.929,"ground_m":293.864,"height_source":"LoD1 solid top minus bottom","production":"2024","laser":"2016","footprints":"2022"},"geometry":{"type":"Polygon","coordinates":[[[13.618955952159718,51.04282363508973],[13.619094611725398,51.042809176317675],[13.619069443718596,51.042724884477636],[13.618932320933084,51.04274044053916],[13.618955952159718,51.04282363508973]]]}},{"type":"Feature","id":"DESNATPU1000DBo5","properties":{"id":"DESNATPU1000DBo5","height_m":10.329,"ground_m":261.355,"height_source":"LoD1 solid top minus bottom","production":"2024","laser":"2016","footprints":"2022"},"geometry":{"type":"Polygon","coordinates":[[[13.613140422987238,51.04661292823344],[13.61305735357158,51.046547372763705],[13.61294596569757,51.04660360574918],[13.613029043109096,51.04666889160334],[13.61317399660062,51.04678329395252],[13.613208324929428,51.04676598517676],[13.613285099411293,51.046727057367896],[13.613140422987238,51.04661292823344]]]}},{"type":"Feature","id":"DESNATPU1000GAOX","properties":{"id":"DESNATPU1000GAOX","height_m":9.332,"ground_m":269.973,"height_source":"LoD1 solid top minus bottom","production":"2024","laser":"2016","footprints":"2022"},"geometry":{"type":"Polygon","coordinates":[[[13.610364130118613,51.043325566029054],[13.610614268700518,51.04331855818739],[13.61060958354988,51.04325105509751],[13.61059350695595,51.04323530608439],[13.61029366242504,51.043239654372236],[13.610256696215437,51.043268891593065],[13.610270211996198,51.04346078276793],[13.61037357773964,51.043457965182704],[13.610364130118613,51.043325566029054]]]}},{"type":"Feature","id":"DESNATPU1000FJuU","properties":{"id":"DESNATPU1000FJuU","height_m":5.971,"ground_m":285.851,"height_source":"LoD1 solid top minus bottom","production":"2024","laser":"2016","footprints":"2022"},"geometry":{"type":"Polygon","coordinates":[[[13.623259688184786,51.04385573267661],[13.62337932981885,51.04384284334738],[13.623356575110682,51.04375867083856],[13.623236793748355,51.043771468567826],[13.623259688184786,51.04385573267661]]]}},{"type":"Feature","id":"DESNATPU1000C2fW","properties":{"id":"DESNATPU1000C2fW","height_m":5.888,"ground_m":293.338,"height_source":"LoD1 solid top minus bottom","production":"2024","laser":"2016","footprints":"2022"},"geometry":{"type":"Polygon","coordinates":[[[13.623419964861878,51.042245810001546],[13.623397644615379,51.042248065093695],[13.62338446417803,51.0422596006898],[13.623387904015027,51.04227349039602],[13.623405217352335,51.04228133838511],[13.62340934036975,51.0422981678489],[13.623419340592035,51.0423390598073],[13.623552110835284,51.042325875323286],[13.623542014674909,51.0422848473519],[13.623532123244795,51.04224461317277],[13.623436985000039,51.04225392432129],[13.623419964861878,51.042245810001546]]]}},{"type":"Feature","id":"DESNATPU1000EcXn","properties":{"id":"DESNATPU1000EcXn","height_m":2.836,"ground_m":288.992,"height_source":"LoD1 solid top minus bottom","production":"2024","laser":"2016","footprints":"2022"},"geometry":{"type":"Polygon","coordinates":[[[13.617671621443975,51.0437066679663],[13.617677581164415,51.04375566026788],[13.617773870532211,51.04375095382964],[13.617767768106242,51.04370195984535],[13.617671621443975,51.0437066679663]]]}},{"type":"Feature","id":"DESNATPU1000CoAT","properties":{"id":"DESNATPU1000CoAT","height_m":2.407,"ground_m":263.397,"height_source":"LoD1 solid top minus bottom","production":"2024","laser":"2016","footprints":"2022"},"geometry":{"type":"Polygon","coordinates":[[[13.612834619668265,51.046782593272496],[13.612896487225933,51.046831979663956],[13.612952527295183,51.046804227035324],[13.612890802327161,51.04675484236594],[13.612834619668265,51.046782593272496]]]}},{"type":"Feature","id":"DESNATPU1000GXkg","properties":{"id":"DESNATPU1000GXkg","height_m":10.498,"ground_m":279.176,"height_source":"LoD1 solid top minus bottom","production":"2024","laser":"2016","footprints":"2022"},"geometry":{"type":"Polygon","coordinates":[[[13.606983702113268,51.04559768360761],[13.606931213719335,51.04559732768704],[13.606878570074407,51.045596915934134],[13.606776320910647,51.045596110593216],[13.606776296293106,51.04560168594993],[13.60676612950504,51.04584496884281],[13.606768152780887,51.04603001461298],[13.606870402360281,51.04603083794801],[13.606975533223688,51.04603167755457],[13.606980593114749,51.04576266780166],[13.606983702113268,51.04559768360761]]]}},{"type":"Feature","id":"DESNATPU1000C26G","properties":{"id":"DESNATPU1000C26G","height_m":2.458,"ground_m":285.132,"height_source":"LoD1 solid top minus bottom","production":"2024","laser":"2016","footprints":"2022"},"geometry":{"type":"Polygon","coordinates":[[[13.629300392735567,51.043464866238104],[13.629293898315014,51.04354473755822],[13.629433114196813,51.043550057579424],[13.629437374466205,51.0434685413145],[13.629300392735567,51.043464866238104]]]}},{"type":"Feature","id":"DESNATPU1000E7Aw","properties":{"id":"DESNATPU1000E7Aw","height_m":3.132,"ground_m":294.025,"height_source":"LoD1 solid top minus bottom","production":"2024","laser":"2016","footprints":"2022"},"geometry":{"type":"Polygon","coordinates":[[[13.630751874080604,51.03415122144772],[13.630829904155453,51.03411202709732],[13.630785445274288,51.03407679322773],[13.630707412572455,51.03411607744761],[13.630751874080604,51.03415122144772]]]}},{"type":"Feature","id":"DESNATPU1000BRpR","properties":{"id":"DESNATPU1000BRpR","height_m":7.005,"ground_m":294.231,"height_source":"LoD1 solid top minus bottom","production":"2024","laser":"2016","footprints":"2022"},"geometry":{"type":"Polygon","coordinates":[[[13.618585272844246,51.04252241338953],[13.618554383004538,51.04252596915541],[13.618566311943491,51.04256710017754],[13.618542894186923,51.04256979101803],[13.61854927299321,51.042591773325746],[13.618560710133096,51.04259045167191],[13.618568627863668,51.04261776702212],[13.61861148440338,51.04261283290282],[13.6186660212993,51.04260655299982],[13.618639824164521,51.04251612467663],[13.618585272844246,51.04252241338953]]]}},{"type":"Feature","id":"DESNATPU1000H97m","properties":{"id":"DESNATPU1000H97m","height_m":7.649,"ground_m":293.467,"height_source":"LoD1 solid top minus bottom","production":"2024","laser":"2016","footprints":"2022"},"geometry":{"type":"Polygon","coordinates":[[[13.618740604006017,51.04313829914159],[13.618751060882962,51.04317329751406],[13.618785003819672,51.04316926518239],[13.618789246620585,51.04318345229353],[13.618814156299042,51.04318049126141],[13.618809536572238,51.043165067658045],[13.618879770193507,51.04315672493793],[13.618869494686258,51.04312234024342],[13.618859517770158,51.043088948304515],[13.6187304317252,51.04310428436659],[13.618740604006017,51.04313829914159]]]}},{"type":"Feature","id":"DESNATPU1000DfUr","properties":{"id":"DESNATPU1000DfUr","height_m":11.521,"ground_m":303.487,"height_source":"LoD1 solid top minus bottom","production":"2024","laser":"2016","footprints":"2022"},"geometry":{"type":"Polygon","coordinates":[[[13.608565738771283,51.03469744036872],[13.60874662747759,51.034725233315285],[13.608776187277527,51.034648785060405],[13.608752463649969,51.03461798935202],[13.608637429660725,51.0345857916379],[13.608565738771283,51.03469744036872]]]}},{"type":"Feature","id":"UUID_470f6327-c63a-466b-84c9-030d444d6639","properties":{"id":"UUID_470f6327-c63a-466b-84c9-030d444d6639","height_m":2.378,"ground_m":296.246,"height_source":"LoD1 solid top minus bottom","production":"2024","laser":"2016","footprints":"2022"},"geometry":{"type":"Polygon","coordinates":[[[13.630517655646306,51.03957450691029],[13.630042547040373,51.03953573572024],[13.62998898754468,51.039797756599995],[13.630369426342794,51.03982880857223],[13.630463870893738,51.03983651636256],[13.630517655646306,51.03957450691029]]]}},{"type":"Feature","id":"UUID_26ab444d-1499-4708-957c-9eab4912e4f5","properties":{"id":"UUID_26ab444d-1499-4708-957c-9eab4912e4f5","height_m":6.322,"ground_m":296.246,"height_source":"LoD1 solid top minus bottom","production":"2024","laser":"2016","footprints":"2022"},"geometry":{"type":"Polygon","coordinates":[[[13.62999089431461,51.039797913850094],[13.62998898754468,51.039797756599995],[13.629978651979298,51.03984832881889],[13.62997681809869,51.039869395842494],[13.630364124436225,51.03990024956443],[13.630369426342794,51.03982880857223],[13.62999089431461,51.039797913850094]]]}},{"type":"Feature","id":"DESNATPU1000HNBm","properties":{"id":"DESNATPU1000HNBm","height_m":1.861,"ground_m":285.402,"height_source":"LoD1 solid top minus bottom","production":"2024","laser":"2016","footprints":"2022"},"geometry":{"type":"Polygon","coordinates":[[[13.621784423745178,51.04480499730144],[13.6217846978725,51.044867861418965],[13.621856025972429,51.0448678932771],[13.621855754416488,51.04480493926075],[13.621784423745178,51.04480499730144]]]}},{"type":"Feature","id":"DESNATPU1000GrI8","properties":{"id":"DESNATPU1000GrI8","height_m":5.586,"ground_m":291.35,"height_source":"LoD1 solid top minus bottom","production":"2024","laser":"2016","footprints":"2022"},"geometry":{"type":"Polygon","coordinates":[[[13.617823269607467,51.04346488695018],[13.617977988630953,51.04344774169431],[13.617951666510944,51.043354353057445],[13.617796939763236,51.04337176797551],[13.617823269607467,51.04346488695018]]]}},{"type":"Feature","id":"DESNATPU1000JcJk","properties":{"id":"DESNATPU1000JcJk","height_m":4.805,"ground_m":294.07,"height_source":"LoD1 solid top minus bottom","production":"2024","laser":"2016","footprints":"2022"},"geometry":{"type":"Polygon","coordinates":[[[13.618215603807492,51.04285670032295],[13.618235052033185,51.04293660808718],[13.618296835313876,51.04293131333851],[13.618310156719854,51.042963036207325],[13.618389076350882,51.04295713466014],[13.6183636754009,51.042842353712075],[13.618215603807492,51.04285670032295]]]}},{"type":"Feature","id":"DESNATPU1000CBty","properties":{"id":"DESNATPU1000CBty","height_m":6.937,"ground_m":293.76,"height_source":"LoD1 solid top minus bottom","production":"2024","laser":"2016","footprints":"2022"},"geometry":{"type":"Polygon","coordinates":[[[13.619943992812585,51.04236164786419],[13.619754896356943,51.0423836955172],[13.619782747459006,51.04247854068591],[13.619971846960748,51.04245640309283],[13.619943992812585,51.04236164786419]]]}},{"type":"Feature","id":"DESNATP1h60000KS","properties":{"id":"DESNATP1h60000KS","height_m":1.965,"ground_m":282.865,"height_source":"LoD1 solid top minus bottom","production":"2024","laser":"2016","footprints":"2022"},"geometry":{"type":"Polygon","coordinates":[[[13.625919844746562,51.043883266018376],[13.625902784131942,51.04383598719923],[13.625741699754697,51.0438590753898],[13.625758745952341,51.04390635406336],[13.625919844746562,51.043883266018376]]]}},{"type":"Feature","id":"DESNATPU1000C4LR","properties":{"id":"DESNATPU1000C4LR","height_m":3.848,"ground_m":285.461,"height_source":"LoD1 solid top minus bottom","production":"2024","laser":"2016","footprints":"2022"},"geometry":{"type":"Polygon","coordinates":[[[13.628348329313157,51.043488767390414],[13.628341874641825,51.04355757777722],[13.628408563121411,51.04356006921436],[13.628415020349543,51.043491168924604],[13.628348329313157,51.043488767390414]]]}},{"type":"Feature","id":"DESNATPU1000BgCU","properties":{"id":"DESNATPU1000BgCU","height_m":6.009,"ground_m":291.402,"height_source":"LoD1 solid top minus bottom","production":"2024","laser":"2016","footprints":"2022"},"geometry":{"type":"Polygon","coordinates":[[[13.618384182773653,51.04355412963348],[13.618538121158087,51.043534456372115],[13.618510303161905,51.04344815463569],[13.618356365053197,51.04346782786281],[13.618384182773653,51.04355412963348]]]}},{"type":"Feature","id":"UUID_45a62034-8e31-46ca-86c4-2fa1f87db040","properties":{"id":"UUID_45a62034-8e31-46ca-86c4-2fa1f87db040","height_m":10.496,"ground_m":278.589,"height_source":"LoD1 solid top minus bottom","production":"2024","laser":"2016","footprints":"2022"},"geometry":{"type":"Polygon","coordinates":[[[13.602951358610236,51.044031924889524],[13.602951952105391,51.04421799693629],[13.603081731568018,51.044217830760665],[13.603081123292364,51.044031758540015],[13.602951358610236,51.044031924889524]]]}},{"type":"Feature","id":"UUID_c028586a-b866-4a75-8227-6157e3f0261e","properties":{"id":"UUID_c028586a-b866-4a75-8227-6157e3f0261e","height_m":3.703,"ground_m":278.589,"height_source":"LoD1 solid top minus bottom","production":"2024","laser":"2016","footprints":"2022"},"geometry":{"type":"Polygon","coordinates":[[[13.603221245117943,51.04403158095145],[13.603081123292364,51.044031758540015],[13.603081335409506,51.04409536848986],[13.603221457427034,51.044095190902546],[13.603221245117943,51.04403158095145]]]}},{"type":"Feature","id":"DESNATPU1000D8OJ","properties":{"id":"DESNATPU1000D8OJ","height_m":8.818,"ground_m":296.019,"height_source":"LoD1 solid top minus bottom","production":"2024","laser":"2016","footprints":"2022"},"geometry":{"type":"Polygon","coordinates":[[[13.628138491923792,51.042527563481215],[13.628252416064337,51.04251972804909],[13.628238813307862,51.04243935105835],[13.628247100103996,51.04243890875859],[13.62823576148118,51.04236881033292],[13.62822732678582,51.04236943075505],[13.628216795223825,51.042305816740644],[13.628101305651219,51.04231354382798],[13.628138491923792,51.042527563481215]]]}},{"type":"Feature","id":"DESNATPU1000GTZM","properties":{"id":"DESNATPU1000GTZM","height_m":8.887,"ground_m":273.512,"height_source":"LoD1 solid top minus bottom","production":"2024","laser":"2016","footprints":"2022"},"geometry":{"type":"Polygon","coordinates":[[[13.612037413228231,51.04303582424109],[13.612002172429207,51.043117151879684],[13.612289275967754,51.043166785665804],[13.612308743035612,51.04312160227907],[13.612324516305035,51.04308545793768],[13.612037413228231,51.04303582424109]]]}},{"type":"Feature","id":"UUID_48588543-4af4-47ba-9b3f-82f2ef07d0de","properties":{"id":"UUID_48588543-4af4-47ba-9b3f-82f2ef07d0de","height_m":6.378,"ground_m":293.761,"height_source":"LoD1 solid top minus bottom","production":"2024","laser":"2016","footprints":"2022"},"geometry":{"type":"Polygon","coordinates":[[[13.61909621567513,51.04253454970158],[13.61909398659531,51.04252795848528],[13.619094086950504,51.042527941685236],[13.619083205099244,51.042494278272045],[13.619083147791645,51.0424942865878],[13.619069958714496,51.042453302601686],[13.618942948011252,51.04246942782127],[13.61896919941105,51.04255085474422],[13.61909621567513,51.04253454970158]]]}},{"type":"Feature","id":"UUID_c5c4923d-41c2-4d8c-854d-7fc370ad032e","properties":{"id":"UUID_c5c4923d-41c2-4d8c-854d-7fc370ad032e","height_m":3.93,"ground_m":293.761,"height_source":"LoD1 solid top minus bottom","production":"2024","laser":"2016","footprints":"2022"},"geometry":{"type":"Polygon","coordinates":[[[13.61911021159645,51.04249082935718],[13.619083205099244,51.042494278272045],[13.619094086950504,51.042527941685236],[13.619121053092051,51.042524411354115],[13.61911021159645,51.04249082935718]]]}},{"type":"Feature","id":"UUID_86f6b482-7fd1-495f-9483-02f961ebeedb","properties":{"id":"UUID_86f6b482-7fd1-495f-9483-02f961ebeedb","height_m":6.179,"ground_m":289.16,"height_source":"LoD1 solid top minus bottom","production":"2024","laser":"2016","footprints":"2022"},"geometry":{"type":"Polygon","coordinates":[[[13.62187312180784,51.04357076842456],[13.621832154958543,51.04349951056263],[13.621795529754037,51.04350788273051],[13.621702444543754,51.04352915036855],[13.62170245773691,51.04352918649606],[13.621697431909155,51.04353029630373],[13.62173839857704,51.043601554211136],[13.62187312180784,51.04357076842456]]]}},{"type":"Feature","id":"UUID_75321df6-cd7f-47a6-b35c-56a56d1a8ffc","properties":{"id":"UUID_75321df6-cd7f-47a6-b35c-56a56d1a8ffc","height_m":4.017,"ground_m":289.16,"height_source":"LoD1 solid top minus bottom","production":"2024","laser":"2016","footprints":"2022"},"geometry":{"type":"Polygon","coordinates":[[[13.62165863792018,51.043453128644074],[13.621702444543754,51.04352915036855],[13.621795529754037,51.04350788273051],[13.621751709536815,51.04343183390197],[13.62165863792018,51.043453128644074]]]}},{"type":"Feature","id":"DESNATPU1000EJMT","properties":{"id":"DESNATPU1000EJMT","height_m":2.242,"ground_m":294.501,"height_source":"LoD1 solid top minus bottom","production":"2024","laser":"2016","footprints":"2022"},"geometry":{"type":"Polygon","coordinates":[[[13.622672596964565,51.04210714481688],[13.622687137747416,51.042160374766276],[13.62276742155656,51.042151698524606],[13.622752883349971,51.04209837868609],[13.622672596964565,51.04210714481688]]]}},{"type":"Feature","id":"DESNATP1h60000Lh","properties":{"id":"DESNATP1h60000Lh","height_m":2.899,"ground_m":297.49,"height_source":"LoD1 solid top minus bottom","production":"2024","laser":"2016","footprints":"2022"},"geometry":{"type":"Polygon","coordinates":[[[13.630816381758297,51.034534053165935],[13.630739632946394,51.034577174468666],[13.630786729880466,51.034610505772534],[13.630863478704914,51.03456738443919],[13.630816381758297,51.034534053165935]]]}},{"type":"Feature","id":"DESNATPU1000GGmy","properties":{"id":"DESNATPU1000GGmy","height_m":7.654,"ground_m":286.606,"height_source":"LoD1 solid top minus bottom","production":"2024","laser":"2016","footprints":"2022"},"geometry":{"type":"Polygon","coordinates":[[[13.62332288768093,51.04363426086212],[13.623429646360673,51.04362283844382],[13.623402404168079,51.04352161635678],[13.623295500446101,51.04353312697042],[13.62332288768093,51.04363426086212]]]}},{"type":"Feature","id":"UUID_ac223108-b48a-4a2d-9833-0fadd3f685e2","properties":{"id":"UUID_ac223108-b48a-4a2d-9833-0fadd3f685e2","height_m":6.089,"ground_m":294.263,"height_source":"LoD1 solid top minus bottom","production":"2024","laser":"2016","footprints":"2022"},"geometry":{"type":"Polygon","coordinates":[[[13.619364897065585,51.04279468085114],[13.619426368433114,51.042787871000684],[13.619426473160829,51.042788186992226],[13.61945825632936,51.04278433578813],[13.619446340561314,51.04274465288708],[13.619435540546279,51.042708706259454],[13.619427810673598,51.042709604163335],[13.619427824132005,51.04270963130128],[13.619349399467854,51.04271905565083],[13.619349360429066,51.04271892928787],[13.619305405393623,51.04272434531244],[13.619316008781109,51.04275970508558],[13.619327727910846,51.042798801133316],[13.619364806063924,51.042794383007674],[13.619364897065585,51.04279468085114]]]}},{"type":"Feature","id":"UUID_908eef50-3d97-4a99-8070-ba6a89cba2b1","properties":{"id":"UUID_908eef50-3d97-4a99-8070-ba6a89cba2b1","height_m":3.541,"ground_m":294.263,"height_source":"LoD1 solid top minus bottom","production":"2024","laser":"2016","footprints":"2022"},"geometry":{"type":"Polygon","coordinates":[[[13.619427824132005,51.04270963130128],[13.619427810673598,51.042709604163335],[13.619419493939956,51.04268225718094],[13.619341041067553,51.042691672198494],[13.619349360429066,51.04271892928787],[13.619349399467854,51.04271905565083],[13.619427824132005,51.04270963130128]]]}},{"type":"Feature","id":"UUID_a5be79fc-df67-493f-a41f-6f1f6d1a1a64","properties":{"id":"UUID_a5be79fc-df67-493f-a41f-6f1f6d1a1a64","height_m":6.824,"ground_m":294.263,"height_source":"LoD1 solid top minus bottom","production":"2024","laser":"2016","footprints":"2022"},"geometry":{"type":"Polygon","coordinates":[[[13.619429464373903,51.042797934748215],[13.619426473160829,51.042788186992226],[13.619426368433114,51.042787871000684],[13.619364897065585,51.04279468085114],[13.619368047724345,51.042805302811495],[13.619429464373903,51.042797934748215]]]}},{"type":"Feature","id":"DESNATPU1000JKUP","properties":{"id":"DESNATPU1000JKUP","height_m":6.536,"ground_m":283.104,"height_source":"LoD1 solid top minus bottom","production":"2024","laser":"2016","footprints":"2022"},"geometry":{"type":"Polygon","coordinates":[[[13.617891791329685,51.04463473954381],[13.618007085667589,51.04463862115291],[13.618013425780314,51.04456459400496],[13.617897991694026,51.0445606208187],[13.617891791329685,51.04463473954381]]]}},{"type":"Feature","id":"UUID_15b41285-82f8-406a-92f3-6f72822b0e65","properties":{"id":"UUID_15b41285-82f8-406a-92f3-6f72822b0e65","height_m":4.418,"ground_m":281.001,"height_source":"LoD1 solid top minus bottom","production":"2024","laser":"2016","footprints":"2022"},"geometry":{"type":"Polygon","coordinates":[[[13.618801756029878,51.04519748736507],[13.618881643528585,51.045188908012236],[13.618872368802855,51.04515443623652],[13.618792367007476,51.04516302322488],[13.618801756029878,51.04519748736507]]]}},{"type":"Feature","id":"UUID_2065e47b-73b5-40d2-bd03-21ba918e7579","properties":{"id":"UUID_2065e47b-73b5-40d2-bd03-21ba918e7579","height_m":6.112,"ground_m":281.001,"height_source":"LoD1 solid top minus bottom","production":"2024","laser":"2016","footprints":"2022"},"geometry":{"type":"Polygon","coordinates":[[[13.618881643528585,51.045188908012236],[13.61905306771157,51.04517051088159],[13.619025952784279,51.045070098636],[13.618854640643326,51.04508857798671],[13.618881643528585,51.045188908012236]]]}},{"type":"Feature","id":"DESNATPU1000DPPL","properties":{"id":"DESNATPU1000DPPL","height_m":6.082,"ground_m":288.116,"height_source":"LoD1 solid top minus bottom","production":"2024","laser":"2016","footprints":"2022"},"geometry":{"type":"Polygon","coordinates":[[[13.624079002800604,51.04282858262157],[13.62409945134938,51.042908770936506],[13.624205912323168,51.04289770402868],[13.624185600870225,51.04281769720659],[13.624079002800604,51.04282858262157]]]}},{"type":"Feature","id":"DESNATPU1000J85w","properties":{"id":"DESNATPU1000J85w","height_m":6.567,"ground_m":287.844,"height_source":"LoD1 solid top minus bottom","production":"2024","laser":"2016","footprints":"2022"},"geometry":{"type":"Polygon","coordinates":[[[13.618741938715289,51.044028682659366],[13.61872676996253,51.04402067947099],[13.618704483412484,51.044021764981494],[13.618691354787602,51.044031502068634],[13.618613210569258,51.04403525467814],[13.61861811704816,51.04407508861657],[13.618623321038173,51.044117390147136],[13.6187377594312,51.04411163843689],[13.618732713807828,51.04406928482587],[13.618730679999066,51.04405229103812],[13.618743808621748,51.044042553946596],[13.618741938715289,51.044028682659366]]]}},{"type":"Feature","id":"UUID_d57a11b5-4024-4dee-96d0-5d8c810b3c19","properties":{"id":"UUID_d57a11b5-4024-4dee-96d0-5d8c810b3c19","height_m":3.318,"ground_m":286.887,"height_source":"LoD1 solid top minus bottom","production":"2024","laser":"2016","footprints":"2022"},"geometry":{"type":"Polygon","coordinates":[[[13.625639770980863,51.04317995940137],[13.62597194560854,51.04322165417296],[13.625974731844213,51.04321330548409],[13.625711082180105,51.0431852945715],[13.625640249445636,51.04317777074333],[13.625639770980863,51.04317995940137]]]}},{"type":"Feature","id":"UUID_9907b961-f4f5-4255-93b4-786845964837","properties":{"id":"UUID_9907b961-f4f5-4255-93b4-786845964837","height_m":6.214,"ground_m":286.887,"height_source":"LoD1 solid top minus bottom","production":"2024","laser":"2016","footprints":"2022"},"geometry":{"type":"Polygon","coordinates":[[[13.625711082180105,51.0431852945715],[13.625726606147467,51.04314276052077],[13.62564886190966,51.04313788927856],[13.625640249445636,51.04317777074333],[13.625711082180105,51.0431852945715]]]}},{"type":"Feature","id":"UUID_bcf4a08f-24c2-449d-bf55-299e991316ca","properties":{"id":"UUID_bcf4a08f-24c2-449d-bf55-299e991316ca","height_m":8.993,"ground_m":286.887,"height_source":"LoD1 solid top minus bottom","production":"2024","laser":"2016","footprints":"2022"},"geometry":{"type":"Polygon","coordinates":[[[13.625955317458809,51.04327162145263],[13.62597194560854,51.04322165417296],[13.625639770980863,51.04317995940137],[13.625511716519735,51.04316388464045],[13.625495143000089,51.04322259366924],[13.625955317458809,51.04327162145263]]]}},{"type":"Feature","id":"DESNATPU1000CRtN","properties":{"id":"DESNATPU1000CRtN","height_m":6.492,"ground_m":293.974,"height_source":"LoD1 solid top minus bottom","production":"2024","laser":"2016","footprints":"2022"},"geometry":{"type":"Polygon","coordinates":[[[13.621872672790145,51.042461029885935],[13.621898492077113,51.04254757703046],[13.621910090780029,51.04254609508093],[13.62191618481299,51.04256667093568],[13.622049603859509,51.04255088784357],[13.622017827486278,51.04244394635877],[13.621872672790145,51.042461029885935]]]}},{"type":"Feature","id":"DESNATPU1000FRoh","properties":{"id":"DESNATPU1000FRoh","height_m":3.272,"ground_m":297.668,"height_source":"LoD1 solid top minus bottom","production":"2024","laser":"2016","footprints":"2022"},"geometry":{"type":"Polygon","coordinates":[[[13.630694191251006,51.034675915481216],[13.630755772878398,51.03463832702073],[13.630696298420288,51.03459958976289],[13.630634719447329,51.03463708829356],[13.630694191251006,51.034675915481216]]]}},{"type":"Feature","id":"DESNATPU1000CaJw","properties":{"id":"DESNATPU1000CaJw","height_m":2.11,"ground_m":285.886,"height_source":"LoD1 solid top minus bottom","production":"2024","laser":"2016","footprints":"2022"},"geometry":{"type":"Polygon","coordinates":[[[13.6205601815618,51.04472846459969],[13.620577335195797,51.044771959268765],[13.620580253593639,51.044779367957744],[13.620662795334209,51.04476640317178],[13.620642694428382,51.044715508480316],[13.6205601815618,51.04472846459969]]]}},{"type":"Feature","id":"UUID_7c1360f8-d3ae-4730-ba73-8d603b808fa3","properties":{"id":"UUID_7c1360f8-d3ae-4730-ba73-8d603b808fa3","height_m":8.691,"ground_m":278.415,"height_source":"LoD1 solid top minus bottom","production":"2024","laser":"2016","footprints":"2022"},"geometry":{"type":"Polygon","coordinates":[[[13.605654147471656,51.04590036733948],[13.605661305254134,51.045899544454834],[13.605639471630296,51.045823742862225],[13.605638586735592,51.045819955249875],[13.60537163069812,51.045849683898886],[13.60539518283495,51.04593000254462],[13.605596465200433,51.04590668459243],[13.605596542668094,51.04590695530635],[13.605654147471656,51.04590036733948]]]}},{"type":"Feature","id":"UUID_9ff5250a-bcd2-46d4-86fe-778809c3cb7f","properties":{"id":"UUID_9ff5250a-bcd2-46d4-86fe-778809c3cb7f","height_m":3.201,"ground_m":278.415,"height_source":"LoD1 solid top minus bottom","production":"2024","laser":"2016","footprints":"2022"},"geometry":{"type":"Polygon","coordinates":[[[13.605596542668094,51.04590695530635],[13.605602167760674,51.04592581776592],[13.605659573202283,51.04591921842443],[13.605654147471656,51.04590036733948],[13.605596542668094,51.04590695530635]]]}},{"type":"Feature","id":"DESNATPU1000ExAm","properties":{"id":"DESNATPU1000ExAm","height_m":2.999,"ground_m":302.053,"height_source":"LoD1 solid top minus bottom","production":"2024","laser":"2016","footprints":"2022"},"geometry":{"type":"Polygon","coordinates":[[[13.607868022758813,51.03678528963978],[13.607713873110828,51.036765017368346],[13.607702591321457,51.03679878653871],[13.607857026241263,51.0368190622232],[13.607868022758813,51.03678528963978]]]}},{"type":"Feature","id":"DESNATPU1000J5wb","properties":{"id":"DESNATPU1000J5wb","height_m":3.971,"ground_m":262.549,"height_source":"LoD1 solid top minus bottom","production":"2024","laser":"2016","footprints":"2022"},"geometry":{"type":"Polygon","coordinates":[[[13.61327468133022,51.046817942670565],[13.613351165247805,51.04677919122997],[13.613285099411293,51.046727057367896],[13.613208324929428,51.04676598517676],[13.61327468133022,51.046817942670565]]]}},{"type":"Feature","id":"DESNATPU1000CeK6","properties":{"id":"DESNATPU1000CeK6","height_m":9.778,"ground_m":281.191,"height_source":"LoD1 solid top minus bottom","production":"2024","laser":"2016","footprints":"2022"},"geometry":{"type":"Polygon","coordinates":[[[13.609200179775536,51.04230756171599],[13.609164507803635,51.04233645427997],[13.609192906406234,51.0423503716963],[13.609236871676133,51.04237179466791],[13.609309603188372,51.04240724730152],[13.609344397991979,51.04237906369369],[13.609528014406726,51.04223052626832],[13.609555057395655,51.0422087253078],[13.609573326397644,51.04219410426058],[13.60950091599687,51.0421584127998],[13.609428815118756,51.042122868864595],[13.609418728145505,51.042131022376594],[13.609200179775536,51.04230756171599]]]}},{"type":"Feature","id":"DESNATPU1000G730","properties":{"id":"DESNATPU1000G730","height_m":6.394,"ground_m":287.667,"height_source":"LoD1 solid top minus bottom","production":"2024","laser":"2016","footprints":"2022"},"geometry":{"type":"Polygon","coordinates":[[[13.625663343646428,51.04304911010386],[13.625822884865615,51.04306168799901],[13.625837134169561,51.04298991178166],[13.625677878397553,51.042977337261966],[13.625663343646428,51.04304911010386]]]}},{"type":"Feature","id":"DESNATPU1000FmPP","properties":{"id":"DESNATPU1000FmPP","height_m":7.046,"ground_m":279.138,"height_source":"LoD1 solid top minus bottom","production":"2024","laser":"2016","footprints":"2022"},"geometry":{"type":"Polygon","coordinates":[[[13.603724194803272,51.04622867006723],[13.603772924888256,51.04628761678767],[13.603884907032656,51.04624992515303],[13.603861748390818,51.04622302923309],[13.603833480746122,51.04619049661692],[13.603724194803272,51.04622867006723]]]}},{"type":"Feature","id":"DESNATPU1000BDfs","properties":{"id":"DESNATPU1000BDfs","height_m":3.0,"ground_m":281.072,"height_source":"LoD1 solid top minus bottom","production":"2024","laser":"2016","footprints":"2022"},"geometry":{"type":"Polygon","coordinates":[[[13.617459713075228,51.04474869539776],[13.61745706269308,51.04479938443087],[13.61748799250659,51.04480028993939],[13.617586346332686,51.04480298231285],[13.617588883404693,51.04475130270949],[13.617459713075228,51.04474869539776]]]}},{"type":"Feature","id":"DESNATP1h60000Lb","properties":{"id":"DESNATP1h60000Lb","height_m":2.537,"ground_m":298.862,"height_source":"LoD1 solid top minus bottom","production":"2024","laser":"2016","footprints":"2022"},"geometry":{"type":"Polygon","coordinates":[[[13.630446095631015,51.034964614272994],[13.630362621447796,51.03491604500373],[13.630310350776597,51.03495176394511],[13.630393825232954,51.03500032426164],[13.630446095631015,51.034964614272994]]]}},{"type":"Feature","id":"DESNATP1h60000KR","properties":{"id":"DESNATP1h60000KR","height_m":3.19,"ground_m":284.024,"height_source":"LoD1 solid top minus bottom","production":"2024","laser":"2016","footprints":"2022"},"geometry":{"type":"Polygon","coordinates":[[[13.623676513068013,51.04460512601974],[13.623678777528541,51.04466205122574],[13.623937451178694,51.0446579571412],[13.623935186401068,51.04460103193774],[13.623676513068013,51.04460512601974]]]}},{"type":"Feature","id":"DESNATPU1000EgC8","properties":{"id":"DESNATPU1000EgC8","height_m":3.153,"ground_m":297.59,"height_source":"LoD1 solid top minus bottom","production":"2024","laser":"2016","footprints":"2022"},"geometry":{"type":"Polygon","coordinates":[[[13.62570957930361,51.041664565013214],[13.625710102989792,51.041709536046945],[13.625809824712722,51.04170917999913],[13.625809443528539,51.041664210642054],[13.62570957930361,51.041664565013214]]]}},{"type":"Feature","id":"DESNATPU1000FLz3","properties":{"id":"DESNATPU1000FLz3","height_m":2.943,"ground_m":289.198,"height_source":"LoD1 solid top minus bottom","production":"2024","laser":"2016","footprints":"2022"},"geometry":{"type":"Polygon","coordinates":[[[13.626062820950962,51.042786545517444],[13.626000171805458,51.04278257142567],[13.625973289456796,51.04295348154228],[13.626035938830006,51.0429574556501],[13.626062820950962,51.042786545517444]]]}},{"type":"Feature","id":"UUID_639d7546-5239-4dc5-ae31-e4c37838601b","properties":{"id":"UUID_639d7546-5239-4dc5-ae31-e4c37838601b","height_m":5.678,"ground_m":289.367,"height_source":"LoD1 solid top minus bottom","production":"2024","laser":"2016","footprints":"2022"},"geometry":{"type":"Polygon","coordinates":[[[13.623160470495746,51.043035393661434],[13.623157370529103,51.04302447563646],[13.62317215053424,51.04301673596247],[13.623168237594554,51.04300436948301],[13.623149961804893,51.04300010731056],[13.62314882310863,51.0429961729567],[13.623137675249652,51.04295742577095],[13.622997103932171,51.04297384526486],[13.623008467713541,51.04301252306496],[13.62301998744293,51.04305171530085],[13.623114091331761,51.04304078255597],[13.623160470495746,51.043035393661434]]]}},{"type":"Feature","id":"UUID_4289b5a4-636b-4f4d-834b-f9945a07d27f","properties":{"id":"UUID_4289b5a4-636b-4f4d-834b-f9945a07d27f","height_m":3.089,"ground_m":289.367,"height_source":"LoD1 solid top minus bottom","production":"2024","laser":"2016","footprints":"2022"},"geometry":{"type":"Polygon","coordinates":[[[13.623122259707571,51.04306839730582],[13.623114091331761,51.04304078255597],[13.62301998744293,51.04305171530085],[13.62302003888639,51.043051904759515],[13.623028067270731,51.043079427936775],[13.623122259707571,51.04306839730582]]]}},{"type":"Feature","id":"DESNATPU1000GO47","properties":{"id":"DESNATPU1000GO47","height_m":6.413,"ground_m":282.957,"height_source":"LoD1 solid top minus bottom","production":"2024","laser":"2016","footprints":"2022"},"geometry":{"type":"Polygon","coordinates":[[[13.62281694276305,51.044892891161325],[13.623029254601262,51.044867604824496],[13.622999645575387,51.04476923252522],[13.62278718889876,51.04479460702964],[13.62281694276305,51.044892891161325]]]}},{"type":"Feature","id":"DESNATPU1000Ilpr","properties":{"id":"DESNATPU1000Ilpr","height_m":7.089,"ground_m":284.394,"height_source":"LoD1 solid top minus bottom","production":"2024","laser":"2016","footprints":"2022"},"geometry":{"type":"Polygon","coordinates":[[[13.622825028135168,51.04452886097957],[13.622826612339779,51.04461494240146],[13.62296287711155,51.044614030191454],[13.622961435261502,51.044527950449925],[13.622825028135168,51.04452886097957]]]}},{"type":"Feature","id":"DESNATPU1000DDGG","properties":{"id":"DESNATPU1000DDGG","height_m":5.507,"ground_m":280.363,"height_source":"LoD1 solid top minus bottom","production":"2024","laser":"2016","footprints":"2022"},"geometry":{"type":"Polygon","coordinates":[[[13.602234757115816,51.0444717099626],[13.602374064161026,51.04444082157288],[13.602356189894467,51.044409042397504],[13.602390801345043,51.044401362669376],[13.602355867889882,51.04433916301744],[13.60218209499584,51.0443776428731],[13.602234757115816,51.0444717099626]]]}},{"type":"Feature","id":"DESNATPU1000HGfk","properties":{"id":"DESNATPU1000HGfk","height_m":6.978,"ground_m":278.872,"height_source":"LoD1 solid top minus bottom","production":"2024","laser":"2016","footprints":"2022"},"geometry":{"type":"Polygon","coordinates":[[[13.623143255998293,51.045549752033104],[13.623142166562037,51.04554992804935],[13.622987300862823,51.04557521707016],[13.62302842982258,51.045674804258084],[13.62320204299624,51.04564609391005],[13.623173990036262,51.045575564257454],[13.62316247973543,51.0455466151613],[13.623143255998293,51.045549752033104]]]}},{"type":"Feature","id":"DESNATPU1000E1oV","properties":{"id":"DESNATPU1000E1oV","height_m":4.584,"ground_m":283.108,"height_source":"LoD1 solid top minus bottom","production":"2024","laser":"2016","footprints":"2022"},"geometry":{"type":"Polygon","coordinates":[[[13.628804860621063,51.04366861584965],[13.628805613416523,51.04369384996278],[13.628806730569865,51.04373186736093],[13.628896569737806,51.04373250782636],[13.628893191384112,51.04366815946211],[13.628814616581954,51.04366915299588],[13.628804860621063,51.04366861584965]]]}},{"type":"Feature","id":"UUID_0e3caa09-8e03-460d-9590-1790cbbe9399","properties":{"id":"UUID_0e3caa09-8e03-460d-9590-1790cbbe9399","height_m":6.795,"ground_m":282.047,"height_source":"LoD1 solid top minus bottom","production":"2024","laser":"2016","footprints":"2022"},"geometry":{"type":"Polygon","coordinates":[[[13.620224816768356,51.045430579674274],[13.620254501538959,51.04542539049737],[13.620250231848127,51.045415447813404],[13.620256974573486,51.04541417847946],[13.620256038541847,51.04541207206475],[13.620219614792981,51.04541840471682],[13.620188066746623,51.04542388663801],[13.620193267912917,51.045436088566255],[13.620224816768356,51.045430579674274]]]}},{"type":"Feature","id":"UUID_719b0cbc-6ce7-45bc-bf08-ec638a42c195","properties":{"id":"UUID_719b0cbc-6ce7-45bc-bf08-ec638a42c195","height_m":6.233,"ground_m":282.047,"height_source":"LoD1 solid top minus bottom","production":"2024","laser":"2016","footprints":"2022"},"geometry":{"type":"Polygon","coordinates":[[[13.620256038541847,51.04541207206475],[13.620223423301832,51.0453382413512],[13.62014140721782,51.04535220126429],[13.620174013521195,51.04542632866369],[13.620256038541847,51.04541207206475]]]}},{"type":"Feature","id":"UUID_2944644e-054f-4740-9d99-cfbb47f053de","properties":{"id":"UUID_2944644e-054f-4740-9d99-cfbb47f053de","height_m":6.073,"ground_m":303.238,"height_source":"LoD1 solid top minus bottom","production":"2024","laser":"2016","footprints":"2022"},"geometry":{"type":"Polygon","coordinates":[[[13.608328121015283,51.03510120199375],[13.608254722014577,51.03508985992844],[13.60817827685849,51.03527729873918],[13.608256554438608,51.03528910364352],[13.608265409626942,51.03526584530595],[13.608315891612103,51.03513330523107],[13.608328121015283,51.03510120199375]]]}},{"type":"Feature","id":"UUID_12aa30c8-0477-4970-bbc3-0fc070a6ec43","properties":{"id":"UUID_12aa30c8-0477-4970-bbc3-0fc070a6ec43","height_m":3.44,"ground_m":303.238,"height_source":"LoD1 solid top minus bottom","production":"2024","laser":"2016","footprints":"2022"},"geometry":{"type":"Polygon","coordinates":[[[13.608285335138739,51.03529344832332],[13.60828978330982,51.035270182459165],[13.608265409626942,51.03526584530595],[13.608256554438608,51.03528910364352],[13.608285335138739,51.03529344832332]]]}},{"type":"Feature","id":"UUID_7ac4ced4-fbd6-4516-996e-77fe01dc4be4","properties":{"id":"UUID_7ac4ced4-fbd6-4516-996e-77fe01dc4be4","height_m":6.159,"ground_m":303.238,"height_source":"LoD1 solid top minus bottom","production":"2024","laser":"2016","footprints":"2022"},"geometry":{"type":"Polygon","coordinates":[[[13.608369831368272,51.035141951422375],[13.608382780087172,51.035109640914456],[13.608328121015283,51.03510120199375],[13.608315891612103,51.03513330523107],[13.608369831368272,51.035141951422375]]]}},{"type":"Feature","id":"DESNATPU1000ErAD","properties":{"id":"DESNATPU1000ErAD","height_m":3.234,"ground_m":302.859,"height_source":"LoD1 solid top minus bottom","production":"2024","laser":"2016","footprints":"2022"},"geometry":{"type":"Polygon","coordinates":[[[13.629536624592404,51.03538205290527],[13.629443258291158,51.03540433956905],[13.629468547414922,51.035446363623414],[13.629561913789283,51.035424076940146],[13.629536624592404,51.03538205290527]]]}},{"type":"Feature","id":"UUID_8eac597c-0918-417e-ab68-e75382dae5c9","properties":{"id":"UUID_8eac597c-0918-417e-ab68-e75382dae5c9","height_m":9.347,"ground_m":287.607,"height_source":"LoD1 solid top minus bottom","production":"2024","laser":"2016","footprints":"2022"},"geometry":{"type":"Polygon","coordinates":[[[13.626275280564533,51.04324777487384],[13.62627618668836,51.04317663312924],[13.626212776774986,51.04317617545572],[13.626211528837615,51.04324729519581],[13.626275280564533,51.04324777487384]]]}},{"type":"Feature","id":"UUID_73f2ad14-264b-40c2-acfd-1f039d9130b1","properties":{"id":"UUID_73f2ad14-264b-40c2-acfd-1f039d9130b1","height_m":9.362,"ground_m":287.607,"height_source":"LoD1 solid top minus bottom","production":"2024","laser":"2016","footprints":"2022"},"geometry":{"type":"Polygon","coordinates":[[[13.626275280564533,51.04324777487384],[13.626275173198845,51.04325622700557],[13.626342064875455,51.04325665362982],[13.626342120716922,51.043254765762086],[13.62642897688274,51.0432554270211],[13.626429950350945,51.04320273964691],[13.626430418590187,51.04317774468807],[13.62627618668836,51.04317663312924],[13.626275576035951,51.04322476533132],[13.626275280564533,51.04324777487384]]]}},{"type":"Feature","id":"UUID_d4f0ba26-b13f-46c0-9f2c-180b3361a973","properties":{"id":"UUID_d4f0ba26-b13f-46c0-9f2c-180b3361a973","height_m":4.164,"ground_m":287.607,"height_source":"LoD1 solid top minus bottom","production":"2024","laser":"2016","footprints":"2022"},"geometry":{"type":"Polygon","coordinates":[[[13.626212776774986,51.04317617545572],[13.626269255553503,51.043176574367145],[13.62627090436156,51.04308225273671],[13.62621456821557,51.043081860235326],[13.626212776774986,51.04317617545572]]]}},{"type":"Feature","id":"DESNATP1h60000KJ","properties":{"id":"DESNATP1h60000KJ","height_m":2.716,"ground_m":283.638,"height_source":"LoD1 solid top minus bottom","production":"2024","laser":"2016","footprints":"2022"},"geometry":{"type":"Polygon","coordinates":[[[13.624082115278625,51.04434323384717],[13.624074521271842,51.04428128177455],[13.623976774890119,51.04428603920137],[13.623984382761321,51.04434800043705],[13.624082115278625,51.04434323384717]]]}},{"type":"Feature","id":"DESNATPU1000EWrE","properties":{"id":"DESNATPU1000EWrE","height_m":6.853,"ground_m":282.206,"height_source":"LoD1 solid top minus bottom","production":"2024","laser":"2016","footprints":"2022"},"geometry":{"type":"Polygon","coordinates":[[[13.617505484102889,51.04461047527399],[13.61749578414198,51.04461045044591],[13.617492758718127,51.04468811397496],[13.617610399093245,51.044689865416146],[13.617613424320577,51.04461220188256],[13.617505484102889,51.04461047527399]]]}},{"type":"Feature","id":"DESNATP1CG000064","properties":{"id":"DESNATP1CG000064","height_m":2.832,"ground_m":279.759,"height_source":"LoD1 solid top minus bottom","production":"2024","laser":"2016","footprints":"2022"},"geometry":{"type":"Polygon","coordinates":[[[13.62801457258692,51.04410503147631],[13.628105074944491,51.04410787461842],[13.62811177748549,51.043977087612014],[13.628022216580444,51.04397425552734],[13.62801457258692,51.04410503147631]]]}},{"type":"Feature","id":"DESNATPU1000CD4N","properties":{"id":"DESNATPU1000CD4N","height_m":6.501,"ground_m":297.621,"height_source":"LoD1 solid top minus bottom","production":"2024","laser":"2016","footprints":"2022"},"geometry":{"type":"Polygon","coordinates":[[[13.628011703504514,51.03856166587059],[13.627864094084376,51.03855707288257],[13.627855998508373,51.03863942543971],[13.628003618810938,51.038643658845515],[13.628011703504514,51.03856166587059]]]}},{"type":"Feature","id":"DESNATPU1000Eekb","properties":{"id":"DESNATPU1000Eekb","height_m":7.109,"ground_m":295.243,"height_source":"LoD1 solid top minus bottom","production":"2024","laser":"2016","footprints":"2022"},"geometry":{"type":"Polygon","coordinates":[[[13.62503209883019,51.04162269185812],[13.625034260060303,51.041674966476236],[13.62517926528696,51.04167244589488],[13.625176990568619,51.041619180717575],[13.62503209883019,51.04162269185812]]]}},{"type":"Feature","id":"DESNATPU1000GuiF","properties":{"id":"DESNATPU1000GuiF","height_m":3.306,"ground_m":280.571,"height_source":"LoD1 solid top minus bottom","production":"2024","laser":"2016","footprints":"2022"},"geometry":{"type":"Polygon","coordinates":[[[13.619835960632882,51.045574371734546],[13.619924389313207,51.045560667626305],[13.619896288058516,51.04548857181737],[13.619809438905952,51.04550193484067],[13.619835960632882,51.045574371734546]]]}},{"type":"Feature","id":"DESNATPU1000Gadr","properties":{"id":"DESNATPU1000Gadr","height_m":5.8,"ground_m":270.158,"height_source":"LoD1 solid top minus bottom","production":"2024","laser":"2016","footprints":"2022"},"geometry":{"type":"Polygon","coordinates":[[[13.6099568970586,51.04332890613461],[13.60993650486746,51.04332866355854],[13.609935867115638,51.043354735628604],[13.609959824388632,51.04335502061295],[13.609958099549903,51.04341741141063],[13.609957362246682,51.04344680970057],[13.610047067670239,51.04344760696164],[13.61005073505694,51.04329647850823],[13.609957755446226,51.043295462441186],[13.6099568970586,51.04332890613461]]]}},{"type":"Feature","id":"DESNATPU1000I9sD","properties":{"id":"DESNATPU1000I9sD","height_m":6.348,"ground_m":284.103,"height_source":"LoD1 solid top minus bottom","production":"2024","laser":"2016","footprints":"2022"},"geometry":{"type":"Polygon","coordinates":[[[13.621945717521106,51.04523460529762],[13.621950051993108,51.04511738804676],[13.621794766863987,51.04511501714709],[13.621790289391152,51.04523223270728],[13.621945717521106,51.04523460529762]]]}},{"type":"Feature","id":"DESNATPU1000DJak","properties":{"id":"DESNATPU1000DJak","height_m":2.614,"ground_m":297.277,"height_source":"LoD1 solid top minus bottom","production":"2024","laser":"2016","footprints":"2022"},"geometry":{"type":"Polygon","coordinates":[[[13.627545276051675,51.038615218378325],[13.627533175195394,51.038715797602435],[13.62760310170606,51.03871949664867],[13.62761756171766,51.038611480953826],[13.627546212131474,51.03860767527132],[13.627545276051675,51.038615218378325]]]}},{"type":"Feature","id":"UUID_ae589ceb-95b7-4f30-9112-b2de7859d1ae","properties":{"id":"UUID_ae589ceb-95b7-4f30-9112-b2de7859d1ae","height_m":8.868,"ground_m":287.975,"height_source":"LoD1 solid top minus bottom","production":"2024","laser":"2016","footprints":"2022"},"geometry":{"type":"Polygon","coordinates":[[[13.629931821447535,51.04300886337672],[13.62991633953426,51.04302109215661],[13.629967073979833,51.04304695723172],[13.629967284701943,51.04304706761789],[13.629983317458462,51.04303502514883],[13.629931821447535,51.04300886337672]]]}},{"type":"Feature","id":"UUID_24c46b5b-0712-462b-8165-7821bde62c45","properties":{"id":"UUID_24c46b5b-0712-462b-8165-7821bde62c45","height_m":3.889,"ground_m":287.975,"height_source":"LoD1 solid top minus bottom","production":"2024","laser":"2016","footprints":"2022"},"geometry":{"type":"Polygon","coordinates":[[[13.630018198035627,51.043008841873416],[13.629986132815704,51.04303291782934],[13.629983317458462,51.04303502514883],[13.629967284701943,51.04304706761789],[13.629967073979833,51.04304695723172],[13.629960938785677,51.04305183143481],[13.630001417075485,51.04307236032641],[13.630025948291458,51.04305318713857],[13.630057196219672,51.04302876885048],[13.630018830467014,51.0430091640418],[13.630018198035627,51.043008841873416]]]}},{"type":"Feature","id":"UUID_5d4e55a7-293c-4a93-8e54-8e6ae9a1b02a","properties":{"id":"UUID_5d4e55a7-293c-4a93-8e54-8e6ae9a1b02a","height_m":9.501,"ground_m":287.975,"height_source":"LoD1 solid top minus bottom","production":"2024","laser":"2016","footprints":"2022"},"geometry":{"type":"Polygon","coordinates":[[[13.629888027412314,51.042986613898506],[13.629926930472998,51.04300637793069],[13.629931821447535,51.04300886337672],[13.629983317458462,51.04303502514883],[13.630018198035627,51.043008841873416],[13.630018830467014,51.0430091640418],[13.630046426844059,51.042987634654786],[13.629989337735362,51.042958610523364],[13.629949732282064,51.042938478557886],[13.629927246335145,51.04295602100334],[13.629888027412314,51.042986613898506]]]}},{"type":"Feature","id":"UUID_547a238f-bea6-4759-a4c2-a7baee77d653","properties":{"id":"UUID_547a238f-bea6-4759-a4c2-a7baee77d653","height_m":8.303,"ground_m":287.975,"height_source":"LoD1 solid top minus bottom","production":"2024","laser":"2016","footprints":"2022"},"geometry":{"type":"Polygon","coordinates":[[[13.629870403076241,51.04297765709483],[13.629888027412314,51.042986613898506],[13.629927246335145,51.04295602100334],[13.629909535645577,51.04294709017196],[13.629870403076241,51.04297765709483]]]}},{"type":"Feature","id":"DESNATPU1000IHOC","properties":{"id":"DESNATPU1000IHOC","height_m":4.667,"ground_m":303.414,"height_source":"LoD1 solid top minus bottom","production":"2024","laser":"2016","footprints":"2022"},"geometry":{"type":"Polygon","coordinates":[[[13.609266503914654,51.034985807044194],[13.6092038778018,51.03497193186756],[13.609166064291529,51.0350344327648],[13.609232408251547,51.03504799249272],[13.609266503914654,51.034985807044194]]]}},{"type":"Feature","id":"DESNATP1h60000KK","properties":{"id":"DESNATP1h60000KK","height_m":2.735,"ground_m":282.093,"height_source":"LoD1 solid top minus bottom","production":"2024","laser":"2016","footprints":"2022"},"geometry":{"type":"Polygon","coordinates":[[[13.62461290919419,51.04396279362666],[13.624620006424221,51.04400686178862],[13.624801807930833,51.043995251170664],[13.62481018003435,51.044047338068474],[13.62492712206728,51.04403986512584],[13.624911652322293,51.04394371008922],[13.62461290919419,51.04396279362666]]]}},{"type":"Feature","id":"DESNATPU1000Dlmj","properties":{"id":"DESNATPU1000Dlmj","height_m":7.056,"ground_m":284.587,"height_source":"LoD1 solid top minus bottom","production":"2024","laser":"2016","footprints":"2022"},"geometry":{"type":"Polygon","coordinates":[[[13.62800271330503,51.04368075679701],[13.628053675435716,51.04368200262256],[13.628102356953244,51.04368318567941],[13.628109554316618,51.04356510254772],[13.628112123126117,51.043521606729016],[13.628063371803268,51.0435203778911],[13.628012339875278,51.043519086284704],[13.628009908265247,51.04356276357186],[13.62800271330503,51.04368075679701]]]}},{"type":"Feature","id":"UUID_c3659fb1-294c-4445-b3dd-2f708723a183","properties":{"id":"UUID_c3659fb1-294c-4445-b3dd-2f708723a183","height_m":7.861,"ground_m":276.108,"height_source":"LoD1 solid top minus bottom","production":"2024","laser":"2016","footprints":"2022"},"geometry":{"type":"Polygon","coordinates":[[[13.617819460093889,51.045444870632274],[13.617948880148587,51.045448739508004],[13.617951861423013,51.045408486236276],[13.617954834664934,51.0453685026585],[13.617854345823735,51.04536560548876],[13.617825129614191,51.04536463041748],[13.617822708119109,51.045398055646174],[13.617822765162932,51.04539805632088],[13.617822298870543,51.0454046156779],[13.617819784629166,51.04544019812349],[13.617819727585289,51.04544019744878],[13.617819460093889,51.045444870632274]]]}},{"type":"Feature","id":"UUID_cddcc1c2-3247-4dff-8324-0da68d9470e6","properties":{"id":"UUID_cddcc1c2-3247-4dff-8324-0da68d9470e6","height_m":5.311,"ground_m":276.108,"height_source":"LoD1 solid top minus bottom","production":"2024","laser":"2016","footprints":"2022"},"geometry":{"type":"Polygon","coordinates":[[[13.617819727585289,51.04544019744878],[13.617819784629166,51.04544019812349],[13.617822765162932,51.04539805632088],[13.617822708119109,51.045398055646174],[13.617790779632493,51.045397138415495],[13.617789877385889,51.045408279033516],[13.617787668045187,51.045439368597044],[13.617819727585289,51.04544019744878]]]}},{"type":"Feature","id":"DESNATPU1000Ir7i","properties":{"id":"DESNATPU1000Ir7i","height_m":2.834,"ground_m":304.249,"height_source":"LoD1 solid top minus bottom","production":"2024","laser":"2016","footprints":"2022"},"geometry":{"type":"Polygon","coordinates":[[[13.629819996218218,51.035870556391174],[13.629879395515928,51.035819992909],[13.629822134084193,51.0357932418295],[13.629762737411284,51.03584371538389],[13.629819996218218,51.035870556391174]]]}},{"type":"Feature","id":"DESNATPU1000AyZw","properties":{"id":"DESNATPU1000AyZw","height_m":6.479,"ground_m":270.954,"height_source":"LoD1 solid top minus bottom","production":"2024","laser":"2016","footprints":"2022"},"geometry":{"type":"Polygon","coordinates":[[[13.609505967100063,51.04343379524911],[13.609633986856933,51.04344611010667],[13.609677102925648,51.04326865192558],[13.609620487075125,51.04326330195253],[13.609548941042219,51.04325633542179],[13.609505967100063,51.04343379524911]]]}},{"type":"Feature","id":"DESNATPU1000Eoms","properties":{"id":"DESNATPU1000Eoms","height_m":6.088,"ground_m":293.97,"height_source":"LoD1 solid top minus bottom","production":"2024","laser":"2016","footprints":"2022"},"geometry":{"type":"Polygon","coordinates":[[[13.61812999973238,51.0426701628772],[13.618294974411413,51.04264864199908],[13.618267763384033,51.04256594455718],[13.618102791662668,51.0425873755012],[13.61812999973238,51.0426701628772]]]}},{"type":"Feature","id":"DESNATPU1000EhQ8","properties":{"id":"DESNATPU1000EhQ8","height_m":6.717,"ground_m":284.949,"height_source":"LoD1 solid top minus bottom","production":"2024","laser":"2016","footprints":"2022"},"geometry":{"type":"Polygon","coordinates":[[[13.626320486953961,51.04360514742704],[13.626334478835105,51.04361439480687],[13.626333465691818,51.04364864611906],[13.626488455740171,51.0436511873965],[13.62649224746392,51.04356157203767],[13.626365628018258,51.04355963405177],[13.626337120428149,51.043558849294264],[13.626335978291403,51.04357817075741],[13.626321169374236,51.04358689971658],[13.626320486953961,51.04360514742704]]]}},{"type":"Feature","id":"DESNATPU1000Hpel","properties":{"id":"DESNATPU1000Hpel","height_m":5.802,"ground_m":294.013,"height_source":"LoD1 solid top minus bottom","production":"2024","laser":"2016","footprints":"2022"},"geometry":{"type":"Polygon","coordinates":[[[13.621617648648657,51.04247906554214],[13.621646715599502,51.04260036394298],[13.62179778535876,51.0425858684916],[13.621768718020935,51.04246457012507],[13.621617648648657,51.04247906554214]]]}},{"type":"Feature","id":"DESNATPU1000FKIg","properties":{"id":"DESNATPU1000FKIg","height_m":2.753,"ground_m":290.982,"height_source":"LoD1 solid top minus bottom","production":"2024","laser":"2016","footprints":"2022"},"geometry":{"type":"Polygon","coordinates":[[[13.620626484757208,51.04365183486057],[13.620653775770954,51.04369838089949],[13.620742736101093,51.04368009604096],[13.620715513786074,51.0436307540183],[13.620626484757208,51.04365183486057]]]}},{"type":"Feature","id":"DESNATPU1000JWD9","properties":{"id":"DESNATPU1000JWD9","height_m":9.978,"ground_m":280.243,"height_source":"LoD1 solid top minus bottom","production":"2024","laser":"2016","footprints":"2022"},"geometry":{"type":"Polygon","coordinates":[[[13.603172192795709,51.04497798330556],[13.603205673280307,51.04505059719895],[13.603142846081358,51.045061986736535],[13.6031677242794,51.04511705141463],[13.603230551547282,51.04510566186431],[13.603284456009385,51.045224923672166],[13.603422012112638,51.04520012833367],[13.603309602911008,51.04495327628602],[13.603172192795709,51.04497798330556]]]}},{"type":"Feature","id":"DESNATPU1000DPuB","properties":{"id":"DESNATPU1000DPuB","height_m":2.739,"ground_m":292.861,"height_source":"LoD1 solid top minus bottom","production":"2024","laser":"2016","footprints":"2022"},"geometry":{"type":"Polygon","coordinates":[[[13.617641145839416,51.042856650800154],[13.617659550043715,51.04290929758589],[13.617743061562766,51.04289769528809],[13.617724657267877,51.04284504851472],[13.617641145839416,51.042856650800154]]]}},{"type":"Feature","id":"DESNATPU1000F976","properties":{"id":"DESNATPU1000F976","height_m":6.932,"ground_m":293.864,"height_source":"LoD1 solid top minus bottom","production":"2024","laser":"2016","footprints":"2022"},"geometry":{"type":"Polygon","coordinates":[[[13.619192118235448,51.04271068633559],[13.619069443718596,51.042724884477636],[13.619094611725398,51.042809176317675],[13.619216713378753,51.042795061309235],[13.619192118235448,51.04271068633559]]]}},{"type":"Feature","id":"UUID_b19a2703-9bb9-489d-98fa-8981306ae9ff","properties":{"id":"UUID_b19a2703-9bb9-489d-98fa-8981306ae9ff","height_m":3.995,"ground_m":280.381,"height_source":"LoD1 solid top minus bottom","production":"2024","laser":"2016","footprints":"2022"},"geometry":{"type":"Polygon","coordinates":[[[13.619751802235946,51.045547118252706],[13.619756349233302,51.04555828727489],[13.619723439196335,51.045563510173835],[13.619727550143937,51.045573990580635],[13.619760521507315,51.045568624517294],[13.61976756948419,51.04558588434324],[13.619835960632882,51.045574371734546],[13.61982185572383,51.04553583212535],[13.619809438905952,51.04550193484067],[13.619737909536873,51.04551296071777],[13.619751802235946,51.045547118252706]]]}},{"type":"Feature","id":"UUID_df74bde2-76e2-43f5-bf45-fc7be189daeb","properties":{"id":"UUID_df74bde2-76e2-43f5-bf45-fc7be189daeb","height_m":6.117,"ground_m":280.381,"height_source":"LoD1 solid top minus bottom","production":"2024","laser":"2016","footprints":"2022"},"geometry":{"type":"Polygon","coordinates":[[[13.619647258296775,51.04549633210841],[13.619665938028366,51.045542219080076],[13.61967757145313,51.045570792279044],[13.619723295784505,51.04556353545883],[13.619723439196335,51.045563510173835],[13.619756349233302,51.04555828727489],[13.619744676453601,51.0455295967104],[13.619737909536873,51.04551296071777],[13.619725957339583,51.045483592377686],[13.619647258296775,51.04549633210841]]]}},{"type":"Feature","id":"UUID_4c7e2653-5046-4fee-a8ef-8b91acb994d1","properties":{"id":"UUID_4c7e2653-5046-4fee-a8ef-8b91acb994d1","height_m":6.834,"ground_m":288.033,"height_source":"LoD1 solid top minus bottom","production":"2024","laser":"2016","footprints":"2022"},"geometry":{"type":"Polygon","coordinates":[[[13.623213245329636,51.04326513847751],[13.623272842427554,51.04325803473152],[13.623255304632849,51.04320000328245],[13.623196066247127,51.043207039301855],[13.623213245329636,51.04326513847751]]]}},{"type":"Feature","id":"UUID_ebac4b18-b8f8-4076-bed6-51b922aca98f","properties":{"id":"UUID_ebac4b18-b8f8-4076-bed6-51b922aca98f","height_m":6.546,"ground_m":288.033,"height_source":"LoD1 solid top minus bottom","production":"2024","laser":"2016","footprints":"2022"},"geometry":{"type":"Polygon","coordinates":[[[13.62317595596263,51.043191514301256],[13.623150925790565,51.043193737418655],[13.623140470471206,51.04320476551701],[13.623105251497497,51.043209026887595],[13.62311494002564,51.0432411830152],[13.623127329781724,51.0432823099864],[13.62321522940508,51.04327183464096],[13.623213144974262,51.04326515528108],[13.623213245329636,51.04326513847751],[13.623203016294362,51.04323052090812],[13.623196037726494,51.04320703896584],[13.623193446853566,51.043198195324585],[13.62317595596263,51.043191514301256]]]}},{"type":"Feature","id":"DESNATPU1000IFn2","properties":{"id":"DESNATPU1000IFn2","height_m":10.18,"ground_m":286.772,"height_source":"LoD1 solid top minus bottom","production":"2024","laser":"2016","footprints":"2022"},"geometry":{"type":"Polygon","coordinates":[[[13.624690163747704,51.043164398446166],[13.624865656748865,51.0431561578025],[13.624855300323503,51.04306750909772],[13.62467979605815,51.043075659662286],[13.624690163747704,51.043164398446166]]]}},{"type":"Feature","id":"DESNATPU1000IIq4","properties":{"id":"DESNATPU1000IIq4","height_m":2.853,"ground_m":280.815,"height_source":"LoD1 solid top minus bottom","production":"2024","laser":"2016","footprints":"2022"},"geometry":{"type":"Polygon","coordinates":[[[13.602415763206524,51.04449626746208],[13.60250839057331,51.0444758819954],[13.602479878006788,51.04442311187911],[13.60238667489966,51.04444367029681],[13.602415763206524,51.04449626746208]]]}},{"type":"Feature","id":"DESNATPU1000BFzO","properties":{"id":"DESNATPU1000BFzO","height_m":7.941,"ground_m":282.079,"height_source":"LoD1 solid top minus bottom","production":"2024","laser":"2016","footprints":"2022"},"geometry":{"type":"Polygon","coordinates":[[[13.623585124756575,51.045038365208654],[13.623476672944307,51.04505867087724],[13.623510349276073,51.04513056168968],[13.623618943851762,51.04511025767096],[13.623585124756575,51.045038365208654]]]}},{"type":"Feature","id":"UUID_73f5e7e0-1dea-4ac0-838c-d7aff7b9d97d","properties":{"id":"UUID_73f5e7e0-1dea-4ac0-838c-d7aff7b9d97d","height_m":3.277,"ground_m":288.973,"height_source":"LoD1 solid top minus bottom","production":"2024","laser":"2016","footprints":"2022"},"geometry":{"type":"Polygon","coordinates":[[[13.611669590208912,51.0408539022263],[13.611726562137225,51.040869678322],[13.61172674616752,51.04086972547331],[13.611750814151511,51.0408352445225],[13.611693704767347,51.04081929593857],[13.611669590208912,51.0408539022263]]]}},{"type":"Feature","id":"UUID_1c8d54b7-f752-42f7-ae4f-91feebc9255a","properties":{"id":"UUID_1c8d54b7-f752-42f7-ae4f-91feebc9255a","height_m":4.392,"ground_m":288.973,"height_source":"LoD1 solid top minus bottom","production":"2024","laser":"2016","footprints":"2022"},"geometry":{"type":"Polygon","coordinates":[[[13.611519844049678,51.04084662827928],[13.611649574618463,51.0408826128451],[13.611669547699067,51.040853892728244],[13.611669590208912,51.0408539022263],[13.611693690776557,51.04081928677935],[13.611739593192237,51.040753463881835],[13.611609862910544,51.04071747941745],[13.611519844049678,51.04084662827928]]]}},{"type":"Feature","id":"UUID_88ecc889-29ff-4cd7-a37e-5428e649970b","properties":{"id":"UUID_88ecc889-29ff-4cd7-a37e-5428e649970b","height_m":4.665,"ground_m":288.973,"height_source":"LoD1 solid top minus bottom","production":"2024","laser":"2016","footprints":"2022"},"geometry":{"type":"Polygon","coordinates":[[[13.611750814151511,51.0408352445225],[13.61172674616752,51.04086972547331],[13.611726562137225,51.040869678322],[13.611704794636292,51.040901164955464],[13.611755031490544,51.04091510738677],[13.611811747657601,51.040930853422864],[13.611904146813057,51.04079840521084],[13.611847429162504,51.040782713159025],[13.611797191347357,51.0407688067272],[13.611750842401834,51.04083525385112],[13.611750814151511,51.0408352445225]]]}},{"type":"Feature","id":"UUID_f01efbd9-8698-40bd-b2f7-956a2d56db64","properties":{"id":"UUID_f01efbd9-8698-40bd-b2f7-956a2d56db64","height_m":2.302,"ground_m":278.333,"height_source":"LoD1 solid top minus bottom","production":"2024","laser":"2016","footprints":"2022"},"geometry":{"type":"Polygon","coordinates":[[[13.624256522331219,51.0459685634988],[13.62424109782326,51.045933507170965],[13.62414805734665,51.04594976820684],[13.624163481522933,51.04598483353621],[13.624256522331219,51.0459685634988]]]}},{"type":"Feature","id":"UUID_0df18047-67bf-490f-a19e-4573a0ccb0d2","properties":{"id":"UUID_0df18047-67bf-490f-a19e-4573a0ccb0d2","height_m":4.131,"ground_m":278.333,"height_source":"LoD1 solid top minus bottom","production":"2024","laser":"2016","footprints":"2022"},"geometry":{"type":"Polygon","coordinates":[[[13.624289299981944,51.04585463973823],[13.624273193711522,51.04581803758998],[13.624190994553901,51.04583241186479],[13.624207100764076,51.04586901402383],[13.624289299981944,51.04585463973823]]]}},{"type":"Feature","id":"UUID_f937ec9b-1a2c-439e-8bd4-ae0005ce9929","properties":{"id":"UUID_f937ec9b-1a2c-439e-8bd4-ae0005ce9929","height_m":2.871,"ground_m":278.333,"height_source":"LoD1 solid top minus bottom","production":"2024","laser":"2016","footprints":"2022"},"geometry":{"type":"Polygon","coordinates":[[[13.624289299981944,51.04585463973823],[13.624207100764076,51.04586901402383],[13.624119279963315,51.045884374241],[13.62414805734665,51.04594976820684],[13.62424109782326,51.045933507170965],[13.624318091316416,51.04592005181179],[13.624289299981944,51.04585463973823]]]}},{"type":"Feature","id":"DESNATPU1000GhJ5","properties":{"id":"DESNATPU1000GhJ5","height_m":2.441,"ground_m":281.517,"height_source":"LoD1 solid top minus bottom","production":"2024","laser":"2016","footprints":"2022"},"geometry":{"type":"Polygon","coordinates":[[[13.623910295766208,51.045055864140586],[13.623816091621801,51.04507678754974],[13.623839658762053,51.045119152195646],[13.623934000263631,51.045098410244194],[13.623910295766208,51.045055864140586]]]}},{"type":"Feature","id":"DESNATP1h60000LM","properties":{"id":"DESNATP1h60000LM","height_m":2.966,"ground_m":305.174,"height_source":"LoD1 solid top minus bottom","production":"2024","laser":"2016","footprints":"2022"},"geometry":{"type":"Polygon","coordinates":[[[13.607673231368539,51.03584822764207],[13.607562304482128,51.03583500808438],[13.607549389135764,51.03587807452377],[13.60766033037884,51.03589129426429],[13.607673231368539,51.03584822764207]]]}},{"type":"Feature","id":"DESNATPU1000EC9h","properties":{"id":"DESNATPU1000EC9h","height_m":6.007,"ground_m":292.555,"height_source":"LoD1 solid top minus bottom","production":"2024","laser":"2016","footprints":"2022"},"geometry":{"type":"Polygon","coordinates":[[[13.619002129021686,51.04340023502889],[13.619004617411333,51.04340914050569],[13.618989955948292,51.043419102321714],[13.618995126031466,51.04343473026663],[13.61900982705852,51.04343878896975],[13.619014736908357,51.04344014198273],[13.619026542559254,51.043476325354476],[13.619147183133684,51.04346103305214],[13.619135018372686,51.04342301088189],[13.619122878943996,51.04338509692514],[13.619047521192092,51.04339448537367],[13.619002129021686,51.04340023502889]]]}},{"type":"Feature","id":"DESNATPU1000FsAe","properties":{"id":"DESNATPU1000FsAe","height_m":5.993,"ground_m":294.066,"height_source":"LoD1 solid top minus bottom","production":"2024","laser":"2016","footprints":"2022"},"geometry":{"type":"Polygon","coordinates":[[[13.625023752247584,51.04177934120996],[13.625026145854113,51.04184303963979],[13.625189304268893,51.04183929376734],[13.625186595967488,51.04177658086657],[13.625023752247584,51.04177934120996]]]}},{"type":"Feature","id":"UUID_399cca15-ba2b-4d93-a74f-4ca3a7944b9f","properties":{"id":"UUID_399cca15-ba2b-4d93-a74f-4ca3a7944b9f","height_m":3.486,"ground_m":279.254,"height_source":"LoD1 solid top minus bottom","production":"2024","laser":"2016","footprints":"2022"},"geometry":{"type":"Polygon","coordinates":[[[13.602411253178966,51.04411001857698],[13.60238607202065,51.04411862946118],[13.60241888417342,51.04415556041394],[13.602467729505321,51.04421055217727],[13.602492240185157,51.04420194225002],[13.602411253178966,51.04411001857698]]]}},{"type":"Feature","id":"UUID_95601aab-9f31-497e-88b2-ee0a19e4f317","properties":{"id":"UUID_95601aab-9f31-497e-88b2-ee0a19e4f317","height_m":5.639,"ground_m":279.254,"height_source":"LoD1 solid top minus bottom","production":"2024","laser":"2016","footprints":"2022"},"geometry":{"type":"Polygon","coordinates":[[[13.602511733127566,51.04407564400392],[13.602411253178966,51.04411001857698],[13.602492240185157,51.04420194225002],[13.602536520357711,51.04425220303297],[13.602561606878075,51.044243420117795],[13.602634155922772,51.04421801916353],[13.602511733127566,51.04407564400392]]]}},{"type":"Feature","id":"UUID_299d4dca-8bf5-4eb7-8d37-0f8a3d414ac1","properties":{"id":"UUID_299d4dca-8bf5-4eb7-8d37-0f8a3d414ac1","height_m":6.929,"ground_m":279.254,"height_source":"LoD1 solid top minus bottom","production":"2024","laser":"2016","footprints":"2022"},"geometry":{"type":"Polygon","coordinates":[[[13.602561606878075,51.044243420117795],[13.602567533299997,51.04425032566189],[13.602640330655708,51.04422520645589],[13.602634155922772,51.04421801916353],[13.602561606878075,51.044243420117795]]]}},{"type":"Feature","id":"UUID_27f682f2-6939-4b13-8ddd-0b223096a076","properties":{"id":"UUID_27f682f2-6939-4b13-8ddd-0b223096a076","height_m":3.041,"ground_m":279.254,"height_source":"LoD1 solid top minus bottom","production":"2024","laser":"2016","footprints":"2022"},"geometry":{"type":"Polygon","coordinates":[[[13.602411253178966,51.04411001857698],[13.602410756576333,51.04410945507225],[13.602409127287073,51.04411002912331],[13.602351449593936,51.04413047281043],[13.602384853362496,51.04416765365948],[13.60241888417342,51.04415556041394],[13.60238607202065,51.04411862946118],[13.602411253178966,51.04411001857698]]]}},{"type":"Feature","id":"UUID_e183972f-ce01-47dc-82df-974b55e42fa5","properties":{"id":"UUID_e183972f-ce01-47dc-82df-974b55e42fa5","height_m":1.822,"ground_m":279.254,"height_source":"LoD1 solid top minus bottom","production":"2024","laser":"2016","footprints":"2022"},"geometry":{"type":"Polygon","coordinates":[[[13.602434970499704,51.04408084119832],[13.602448200615182,51.04409628750961],[13.602410756576333,51.04410945507225],[13.602411253178966,51.04411001857698],[13.60244756217622,51.044097592850626],[13.602511733127566,51.04407564400392],[13.602497375687044,51.044059734568386],[13.602434970499704,51.04408084119832]]]}},{"type":"Feature","id":"DESNATPU1000GmjE","properties":{"id":"DESNATPU1000GmjE","height_m":9.021,"ground_m":270.999,"height_source":"LoD1 solid top minus bottom","production":"2024","laser":"2016","footprints":"2022"},"geometry":{"type":"Polygon","coordinates":[[[13.6114446709678,51.04337001212845],[13.611390292602879,51.04335661390243],[13.611305468099701,51.0433357134067],[13.611229617236122,51.04345837557645],[13.611213737785453,51.043483726929374],[13.6112985625151,51.04350462749297],[13.611352941025206,51.043518025762495],[13.611368825788588,51.0434924945945],[13.6114446709678,51.04337001212845]]]}},{"type":"Feature","id":"UUID_fbbabe1c-891f-41d1-b26a-56c82a954345","properties":{"id":"UUID_fbbabe1c-891f-41d1-b26a-56c82a954345","height_m":3.452,"ground_m":275.854,"height_source":"LoD1 solid top minus bottom","production":"2024","laser":"2016","footprints":"2022"},"geometry":{"type":"Polygon","coordinates":[[[13.611042644835186,51.04281815505821],[13.611122964177717,51.04282509905032],[13.611131396135631,51.042798346215456],[13.611049993596726,51.04279089473974],[13.611042644835186,51.04281815505821]]]}},{"type":"Feature","id":"UUID_3b89ecbc-ff64-42d2-9351-9c58e37a11a1","properties":{"id":"UUID_3b89ecbc-ff64-42d2-9351-9c58e37a11a1","height_m":7.685,"ground_m":275.854,"height_source":"LoD1 solid top minus bottom","production":"2024","laser":"2016","footprints":"2022"},"geometry":{"type":"Polygon","coordinates":[[[13.610905948720196,51.04277642146749],[13.610887742597367,51.042836637902475],[13.611033177389949,51.04285329502657],[13.611042644835186,51.04281815505821],[13.611049993596726,51.04279089473974],[13.611021541122742,51.042788290313965],[13.611021645235624,51.042787671035526],[13.610905948720196,51.04277642146749]]]}},{"type":"Feature","id":"UUID_003da26a-023a-4d9d-90c1-a265f014bc62","properties":{"id":"UUID_003da26a-023a-4d9d-90c1-a265f014bc62","height_m":4.67,"ground_m":275.854,"height_source":"LoD1 solid top minus bottom","production":"2024","laser":"2016","footprints":"2022"},"geometry":{"type":"Polygon","coordinates":[[[13.610894802729405,51.04271840112522],[13.610905948720196,51.04277642146749],[13.611021645235624,51.042787671035526],[13.611032769483577,51.04272432178103],[13.610894802729405,51.04271840112522]]]}},{"type":"Feature","id":"UUID_4b18c87d-4b75-4f8d-9967-36f15311a3bd","properties":{"id":"UUID_4b18c87d-4b75-4f8d-9967-36f15311a3bd","height_m":3.647,"ground_m":275.854,"height_source":"LoD1 solid top minus bottom","production":"2024","laser":"2016","footprints":"2022"},"geometry":{"type":"Polygon","coordinates":[[[13.611209117293923,51.0428325439836],[13.611223295578501,51.04278774756466],[13.611137070166823,51.04278033775413],[13.611131396135631,51.042798346215456],[13.611122964177717,51.04282509905032],[13.611209117293923,51.0428325439836]]]}},{"type":"Feature","id":"DESNATPU1000HJyN","properties":{"id":"DESNATPU1000HJyN","height_m":2.894,"ground_m":275.604,"height_source":"LoD1 solid top minus bottom","production":"2024","laser":"2016","footprints":"2022"},"geometry":{"type":"Polygon","coordinates":[[[13.605652921925035,51.045019480810005],[13.605736763542065,51.04503037347456],[13.605754180087734,51.044977702520285],[13.605670341260522,51.044966719971185],[13.605652921925035,51.045019480810005]]]}},{"type":"Feature","id":"DESNATPU1000Jf9d","properties":{"id":"DESNATPU1000Jf9d","height_m":6.356,"ground_m":263.506,"height_source":"LoD1 solid top minus bottom","production":"2024","laser":"2016","footprints":"2022"},"geometry":{"type":"Polygon","coordinates":[[[13.612734010562091,51.046846660987875],[13.612868086759535,51.04694789476814],[13.612970125099386,51.046894248777164],[13.612835908901848,51.04679292352174],[13.612734010562091,51.046846660987875]]]}},{"type":"Feature","id":"DESNATPU1000FRpL","properties":{"id":"DESNATPU1000FRpL","height_m":2.907,"ground_m":298.532,"height_source":"LoD1 solid top minus bottom","production":"2024","laser":"2016","footprints":"2022"},"geometry":{"type":"Polygon","coordinates":[[[13.629738715192662,51.03514174736039],[13.629819269345006,51.0351234469973],[13.6297903850105,51.035072747596274],[13.629709830935468,51.0350910479402],[13.629738715192662,51.03514174736039]]]}},{"type":"Feature","id":"DESNATPU1000C8cP","properties":{"id":"DESNATPU1000C8cP","height_m":6.185,"ground_m":297.847,"height_source":"LoD1 solid top minus bottom","production":"2024","laser":"2016","footprints":"2022"},"geometry":{"type":"Polygon","coordinates":[[[13.628218281676592,51.038362864317115],[13.628375519732321,51.03836596913344],[13.628378974583486,51.03829244712903],[13.628221879364599,51.03828934399317],[13.628218281676592,51.038362864317115]]]}},{"type":"Feature","id":"DESNATPU1000Ivom","properties":{"id":"DESNATPU1000Ivom","height_m":2.74,"ground_m":296.946,"height_source":"LoD1 solid top minus bottom","production":"2024","laser":"2016","footprints":"2022"},"geometry":{"type":"Polygon","coordinates":[[[13.62924341061804,51.035008822160385],[13.629292599485154,51.03505292522077],[13.629362546461651,51.0350219105681],[13.629313357559829,51.03497780753668],[13.62924341061804,51.035008822160385]]]}},{"type":"Feature","id":"UUID_b958a50e-83a2-4e8e-8c30-0fa3ddb53e8a","properties":{"id":"UUID_b958a50e-83a2-4e8e-8c30-0fa3ddb53e8a","height_m":2.733,"ground_m":281.386,"height_source":"LoD1 solid top minus bottom","production":"2024","laser":"2016","footprints":"2022"},"geometry":{"type":"Polygon","coordinates":[[[13.62295639694049,51.04516450360258],[13.622942041555167,51.04511460330216],[13.622814168754983,51.045132179450135],[13.622828588402133,51.045178465349196],[13.62295639694049,51.04516450360258]]]}},{"type":"Feature","id":"UUID_e0ae1639-142a-411d-960c-bbc80ffbf806","properties":{"id":"UUID_e0ae1639-142a-411d-960c-bbc80ffbf806","height_m":3.155,"ground_m":281.386,"height_source":"LoD1 solid top minus bottom","production":"2024","laser":"2016","footprints":"2022"},"geometry":{"type":"Polygon","coordinates":[[[13.622738923474301,51.04514251587321],[13.62281412917162,51.045132071067954],[13.622814168754983,51.045132179450135],[13.622942041555167,51.04511460330216],[13.622927451600649,51.04507261405077],[13.622724333695666,51.045100526598],[13.622738923474301,51.04514251587321]]]}},{"type":"Feature","id":"DESNATPU1000BChB","properties":{"id":"DESNATPU1000BChB","height_m":6.442,"ground_m":281.599,"height_source":"LoD1 solid top minus bottom","production":"2024","laser":"2016","footprints":"2022"},"geometry":{"type":"Polygon","coordinates":[[[13.628825706611542,51.04410040607414],[13.629054482428156,51.04415021342688],[13.629122182936955,51.04402663490358],[13.628978738836958,51.04399536515949],[13.628951290279007,51.04404567353031],[13.628865819061044,51.04402704446499],[13.628825706611542,51.04410040607414]]]}},{"type":"Feature","id":"DESNATPU1000C8j3","properties":{"id":"DESNATPU1000C8j3","height_m":3.404,"ground_m":286.436,"height_source":"LoD1 solid top minus bottom","production":"2024","laser":"2016","footprints":"2022"},"geometry":{"type":"Polygon","coordinates":[[[13.620404942624063,51.04468905032928],[13.620373606673313,51.044592815264615],[13.620313643484742,51.04460400502011],[13.620346922156022,51.04469726837706],[13.620404942624063,51.04468905032928]]]}},{"type":"Feature","id":"DESNATPU1000DDCr","properties":{"id":"DESNATPU1000DDCr","height_m":6.54,"ground_m":294.974,"height_source":"LoD1 solid top minus bottom","production":"2024","laser":"2016","footprints":"2022"},"geometry":{"type":"Polygon","coordinates":[[[13.623012702862573,51.041726073784105],[13.622621098055442,51.041772943320765],[13.622652426550262,51.04186183046522],[13.62303835997515,51.041813338207156],[13.623012702862573,51.041726073784105]]]}},{"type":"Feature","id":"UUID_3c798864-1c55-4738-afc8-07d7b8fffe92","properties":{"id":"UUID_3c798864-1c55-4738-afc8-07d7b8fffe92","height_m":4.709,"ground_m":301.664,"height_source":"LoD1 solid top minus bottom","production":"2024","laser":"2016","footprints":"2022"},"geometry":{"type":"Polygon","coordinates":[[[13.630115587679901,51.03708824518785],[13.630075316433139,51.03708795292341],[13.630074331222325,51.03714747488874],[13.630114394947993,51.037148034509805],[13.630115587679901,51.03708824518785]]]}},{"type":"Feature","id":"UUID_1faff4c0-c3fb-46cd-9e00-3d18ad764b71","properties":{"id":"UUID_1faff4c0-c3fb-46cd-9e00-3d18ad764b71","height_m":4.901,"ground_m":301.664,"height_source":"LoD1 solid top minus bottom","production":"2024","laser":"2016","footprints":"2022"},"geometry":{"type":"Polygon","coordinates":[[[13.629911522343143,51.0370867519621],[13.629909465756603,51.03719032695831],[13.630073607718574,51.03719135213982],[13.630074331222325,51.03714747488874],[13.630075316433139,51.03708795292341],[13.629911522343143,51.0370867519621]]]}},{"type":"Feature","id":"DESNATPU1000D8Pr","properties":{"id":"DESNATPU1000D8Pr","height_m":2.136,"ground_m":278.757,"height_source":"LoD1 solid top minus bottom","production":"2024","laser":"2016","footprints":"2022"},"geometry":{"type":"Polygon","coordinates":[[[13.623639662566102,51.0456231819972],[13.623665566451388,51.04567286749568],[13.623750551691877,51.04565642204768],[13.623736508836648,51.04562963746856],[13.623724081405244,51.04560610938254],[13.623639662566102,51.0456231819972]]]}},{"type":"Feature","id":"DESNATPU1000BVYw","properties":{"id":"DESNATPU1000BVYw","height_m":9.131,"ground_m":285.931,"height_source":"LoD1 solid top minus bottom","production":"2024","laser":"2016","footprints":"2022"},"geometry":{"type":"Polygon","coordinates":[[[13.610641697504876,51.041300246737435],[13.610416801808524,51.0416272374935],[13.610542465573857,51.041660926670886],[13.610767526818481,51.04133314626294],[13.610641697504876,51.041300246737435]]]}},{"type":"Feature","id":"DESNATPU1000I8NF","properties":{"id":"DESNATPU1000I8NF","height_m":2.861,"ground_m":289.081,"height_source":"LoD1 solid top minus bottom","production":"2024","laser":"2016","footprints":"2022"},"geometry":{"type":"Polygon","coordinates":[[[13.62229602395419,51.043273941881466],[13.622180735470316,51.04329256498541],[13.622235826025646,51.04339457435876],[13.62228370879941,51.043383717823936],[13.622277908720744,51.043350339461185],[13.6223196181053,51.043343690783765],[13.622313640078438,51.04332736999876],[13.622299718322168,51.04328982206686],[13.62229602395419,51.043273941881466]]]}},{"type":"Feature","id":"DESNATP1h60000KA","properties":{"id":"DESNATP1h60000KA","height_m":2.713,"ground_m":284.687,"height_source":"LoD1 solid top minus bottom","production":"2024","laser":"2016","footprints":"2022"},"geometry":{"type":"Polygon","coordinates":[[[13.618717077194741,51.04459018903288],[13.618701545172396,51.04451477919129],[13.618523718204495,51.04452933204807],[13.61853923541385,51.044604750732134],[13.618717077194741,51.04459018903288]]]}},{"type":"Feature","id":"DESNATPU1000EuC6","properties":{"id":"DESNATPU1000EuC6","height_m":3.153,"ground_m":303.847,"height_source":"LoD1 solid top minus bottom","production":"2024","laser":"2016","footprints":"2022"},"geometry":{"type":"Polygon","coordinates":[[[13.629462665165041,51.03598751918889],[13.629518543633065,51.03594995441422],[13.62944898176769,51.03590889493993],[13.62939506600977,51.035947615819175],[13.629462665165041,51.03598751918889]]]}},{"type":"Feature","id":"DESNATPU1000ESEb","properties":{"id":"DESNATPU1000ESEb","height_m":3.251,"ground_m":303.238,"height_source":"LoD1 solid top minus bottom","production":"2024","laser":"2016","footprints":"2022"},"geometry":{"type":"Polygon","coordinates":[[[13.608393872434107,51.03508216451551],[13.608267719109392,51.03506069755837],[13.608254722014577,51.03508985992844],[13.608382780087172,51.035109640914456],[13.608412027154813,51.03511412601285],[13.608421755499023,51.035089331266306],[13.608392796293709,51.035084759668614],[13.608393872434107,51.03508216451551]]]}},{"type":"Feature","id":"DESNATPU1000CrXM","properties":{"id":"DESNATPU1000CrXM","height_m":3.279,"ground_m":293.467,"height_source":"LoD1 solid top minus bottom","production":"2024","laser":"2016","footprints":"2022"},"geometry":{"type":"Polygon","coordinates":[[[13.619234580372025,51.04228528059985],[13.61934612285595,51.04227122055143],[13.619325930757759,51.04220668217559],[13.619214105896521,51.04222064893782],[13.619234580372025,51.04228528059985]]]}},{"type":"Feature","id":"DESNATPU1000EyuJ","properties":{"id":"DESNATPU1000EyuJ","height_m":2.539,"ground_m":294.359,"height_source":"LoD1 solid top minus bottom","production":"2024","laser":"2016","footprints":"2022"},"geometry":{"type":"Polygon","coordinates":[[[13.629459432575807,51.034773941408396],[13.62952366329489,51.0347384530512],[13.629467527380196,51.03469777586542],[13.629403011520628,51.03473326084732],[13.629459432575807,51.034773941408396]]]}},{"type":"Feature","id":"DESNATPU1000Hqi9","properties":{"id":"DESNATPU1000Hqi9","height_m":9.582,"ground_m":281.294,"height_source":"LoD1 solid top minus bottom","production":"2024","laser":"2016","footprints":"2022"},"geometry":{"type":"Polygon","coordinates":[[[13.626565315468683,51.0438842443253],[13.626008979172614,51.04399452295814],[13.626053305868751,51.04408263568174],[13.626609756483695,51.043973347405895],[13.626565315468683,51.0438842443253]]]}},{"type":"Feature","id":"DESNATPU1000C9I0","properties":{"id":"DESNATPU1000C9I0","height_m":4.416,"ground_m":284.651,"height_source":"LoD1 solid top minus bottom","production":"2024","laser":"2016","footprints":"2022"},"geometry":{"type":"Polygon","coordinates":[[[13.606203444229902,51.04700135737792],[13.60633944336351,51.047076092342074],[13.606401290428085,51.047030875778596],[13.60641164804678,51.047023265333564],[13.606275175236203,51.04695005361034],[13.606203444229902,51.04700135737792]]]}},{"type":"Feature","id":"DESNATPU1000C8hW","properties":{"id":"DESNATPU1000C8hW","height_m":6.599,"ground_m":293.175,"height_source":"LoD1 solid top minus bottom","production":"2024","laser":"2016","footprints":"2022"},"geometry":{"type":"Polygon","coordinates":[[[13.62019013820461,51.04328678444835],[13.62012240192968,51.04329461786704],[13.620137399992398,51.043346774376445],[13.620119792994545,51.043348814710754],[13.6201278250463,51.04337615827655],[13.620145289450726,51.043374116257226],[13.620151118963271,51.04339396964235],[13.62021892668069,51.04338613705013],[13.620287393022968,51.04337822226525],[13.620258533103055,51.04327886883724],[13.62019013820461,51.04328678444835]]]}},{"type":"Feature","id":"DESNATPU1000BcFU","properties":{"id":"DESNATPU1000BcFU","height_m":2.518,"ground_m":288.813,"height_source":"LoD1 solid top minus bottom","production":"2024","laser":"2016","footprints":"2022"},"geometry":{"type":"Polygon","coordinates":[[[13.621282968162298,51.04399195357265],[13.62135017990243,51.043976828980426],[13.621316704502975,51.04391753005069],[13.621249492838519,51.043932654624406],[13.621282968162298,51.04399195357265]]]}},{"type":"Feature","id":"DESNATPU1000EsUP","properties":{"id":"DESNATPU1000EsUP","height_m":3.002,"ground_m":289.262,"height_source":"LoD1 solid top minus bottom","production":"2024","laser":"2016","footprints":"2022"},"geometry":{"type":"Polygon","coordinates":[[[13.628033477857887,51.043245894194996],[13.627962714700432,51.043245656900254],[13.62796311060272,51.04332834292273],[13.628031977255352,51.04332855795041],[13.628033477857887,51.043245894194996]]]}},{"type":"Feature","id":"UUID_a76b68be-795d-4341-8237-c0bd7d7c5334","properties":{"id":"UUID_a76b68be-795d-4341-8237-c0bd7d7c5334","height_m":8.971,"ground_m":289.134,"height_source":"LoD1 solid top minus bottom","production":"2024","laser":"2016","footprints":"2022"},"geometry":{"type":"Polygon","coordinates":[[[13.63061756997701,51.04254184779024],[13.630564081809696,51.04251455681326],[13.630521485195112,51.04249282520908],[13.630483249527524,51.042522512543506],[13.630459744565144,51.04254076258594],[13.630555591197638,51.042589638538914],[13.630583036521056,51.04256837704455],[13.630583121021703,51.04256841400669],[13.63061756997701,51.04254184779024]]]}},{"type":"Feature","id":"UUID_ac7d3211-b8af-429b-a76e-fffd1d6e44e7","properties":{"id":"UUID_ac7d3211-b8af-429b-a76e-fffd1d6e44e7","height_m":7.647,"ground_m":289.134,"height_source":"LoD1 solid top minus bottom","production":"2024","laser":"2016","footprints":"2022"},"geometry":{"type":"Polygon","coordinates":[[[13.630521485195112,51.04249282520908],[13.630505618518495,51.04248473443827],[13.630467368852583,51.042514412610515],[13.630483249527524,51.042522512543506],[13.630521485195112,51.04249282520908]]]}},{"type":"Feature","id":"UUID_5ee55d0f-fd4c-4917-87ac-945e322cb2d4","properties":{"id":"UUID_5ee55d0f-fd4c-4917-87ac-945e322cb2d4","height_m":4.259,"ground_m":289.134,"height_source":"LoD1 solid top minus bottom","production":"2024","laser":"2016","footprints":"2022"},"geometry":{"type":"Polygon","coordinates":[[[13.630583121021703,51.04256841400669],[13.630620699749503,51.04258761371846],[13.63067691348376,51.04254375725161],[13.630639815371467,51.042524707077334],[13.630583121021703,51.04256841400669]]]}},{"type":"Feature","id":"UUID_2f7809e0-3370-4490-ae90-7debf1da87f3","properties":{"id":"UUID_2f7809e0-3370-4490-ae90-7debf1da87f3","height_m":8.187,"ground_m":289.134,"height_source":"LoD1 solid top minus bottom","production":"2024","laser":"2016","footprints":"2022"},"geometry":{"type":"Polygon","coordinates":[[[13.630580286993172,51.04250197670509],[13.630564081809696,51.04251455681326],[13.63061756997701,51.04254184779024],[13.630633830871044,51.042529313292405],[13.630580286993172,51.04250197670509]]]}},{"type":"Feature","id":"DESNATP1CG00005h","properties":{"id":"DESNATP1CG00005h","height_m":2.551,"ground_m":293.74,"height_source":"LoD1 solid top minus bottom","production":"2024","laser":"2016","footprints":"2022"},"geometry":{"type":"Polygon","coordinates":[[[13.618573686760463,51.0423805560589],[13.618554013291782,51.04228039349215],[13.618458687259535,51.04228782783095],[13.618478345997676,51.042387999233284],[13.618573686760463,51.0423805560589]]]}},{"type":"Feature","id":"DESNATPU1000Ix4x","properties":{"id":"DESNATPU1000Ix4x","height_m":10.286,"ground_m":303.821,"height_source":"LoD1 solid top minus bottom","production":"2024","laser":"2016","footprints":"2022"},"geometry":{"type":"Polygon","coordinates":[[[13.608613138331703,51.035056807449386],[13.608625970680105,51.03504266138543],[13.60862652266634,51.03502423231204],[13.608638521599943,51.0349902917267],[13.608471083016422,51.0349662649875],[13.608432683393936,51.035072104923174],[13.608598984410541,51.035096028239586],[13.608613138331703,51.035056807449386]]]}},{"type":"Feature","id":"UUID_0086c2c1-4028-4d90-8e0d-63cc914c40a6","properties":{"id":"UUID_0086c2c1-4028-4d90-8e0d-63cc914c40a6","height_m":3.563,"ground_m":281.721,"height_source":"LoD1 solid top minus bottom","production":"2024","laser":"2016","footprints":"2022"},"geometry":{"type":"Polygon","coordinates":[[[13.617929967548985,51.044718106308515],[13.617927519416654,51.04475243052504],[13.61799902313857,51.04475806044735],[13.618001806941512,51.04472012502278],[13.617929967548985,51.044718106308515]]]}},{"type":"Feature","id":"UUID_98274a13-c272-4e88-88f8-fcca068ac986","properties":{"id":"UUID_98274a13-c272-4e88-88f8-fcca068ac986","height_m":6.622,"ground_m":281.721,"height_source":"LoD1 solid top minus bottom","production":"2024","laser":"2016","footprints":"2022"},"geometry":{"type":"Polygon","coordinates":[[[13.61799902313857,51.04475806044735],[13.617866120782635,51.04474759455163],[13.61786374906846,51.04482728024465],[13.617993656822378,51.044831001965896],[13.61799902313857,51.04475806044735]]]}},{"type":"Feature","id":"UUID_351326f7-bbc0-4bfc-92ec-6a649d577b21","properties":{"id":"UUID_351326f7-bbc0-4bfc-92ec-6a649d577b21","height_m":3.603,"ground_m":265.486,"height_source":"LoD1 solid top minus bottom","production":"2024","laser":"2016","footprints":"2022"},"geometry":{"type":"Polygon","coordinates":[[[13.61106518836166,51.043652702163186],[13.611042503999597,51.04367185738089],[13.611042489201457,51.043671875190974],[13.611103298258847,51.043700647075],[13.611103415299523,51.04370054954328],[13.611126094273724,51.04368157410951],[13.61106518836166,51.043652702163186]]]}},{"type":"Feature","id":"UUID_b076f0ae-0d58-4337-b012-c46bde9f5d8b","properties":{"id":"UUID_b076f0ae-0d58-4337-b012-c46bde9f5d8b","height_m":7.277,"ground_m":265.486,"height_source":"LoD1 solid top minus bottom","production":"2024","laser":"2016","footprints":"2022"},"geometry":{"type":"Polygon","coordinates":[[[13.610924607746288,51.043788443937366],[13.61093888577767,51.043795178539206],[13.610991847584021,51.04382017906951],[13.611096331541528,51.04373230051008],[13.611122963009434,51.04370995472113],[13.611103415299523,51.04370054954328],[13.611103298258847,51.043700647075],[13.611042489201457,51.043671875190974],[13.611042503999597,51.04367185738089],[13.611016902333372,51.043659772264874],[13.610990408070299,51.043682299520476],[13.610885924028553,51.04377017798525],[13.610924607746288,51.043788443937366]]]}},{"type":"Feature","id":"DESNATPU1000CCYF","properties":{"id":"DESNATPU1000CCYF","height_m":8.011,"ground_m":296.595,"height_source":"LoD1 solid top minus bottom","production":"2024","laser":"2016","footprints":"2022"},"geometry":{"type":"Polygon","coordinates":[[[13.628606537845855,51.04214564011944],[13.628187005146922,51.04217461927896],[13.628204531006208,51.04227671539743],[13.628624352474654,51.042247649630966],[13.628606537845855,51.04214564011944]]]}},{"type":"Feature","id":"DESNATPU1000EKEt","properties":{"id":"DESNATPU1000EKEt","height_m":2.256,"ground_m":282.848,"height_source":"LoD1 solid top minus bottom","production":"2024","laser":"2016","footprints":"2022"},"geometry":{"type":"Polygon","coordinates":[[[13.624950323704148,51.04372988059642],[13.624880314220457,51.0437335532562],[13.624902613831251,51.043900635307814],[13.624972480960205,51.04389696095869],[13.624950323704148,51.04372988059642]]]}},{"type":"Feature","id":"DESNATPU1000CF64","properties":{"id":"DESNATPU1000CF64","height_m":8.263,"ground_m":283.846,"height_source":"LoD1 solid top minus bottom","production":"2024","laser":"2016","footprints":"2022"},"geometry":{"type":"Polygon","coordinates":[[[13.627044055366568,51.04351256998088],[13.626985607500718,51.04357393475502],[13.627228600094387,51.043663841538105],[13.627264769370946,51.04371912355517],[13.627344811504344,51.04369937996953],[13.627279580061664,51.043599331307895],[13.627044055366568,51.04351256998088]]]}},{"type":"Feature","id":"UUID_904f3920-2fbd-4cce-9e2a-774d31450d87","properties":{"id":"UUID_904f3920-2fbd-4cce-9e2a-774d31450d87","height_m":3.684,"ground_m":269.226,"height_source":"LoD1 solid top minus bottom","production":"2024","laser":"2016","footprints":"2022"},"geometry":{"type":"Polygon","coordinates":[[[13.60439137935348,51.043144850958384],[13.604285802665997,51.04314529866443],[13.604286173797647,51.04318990832643],[13.604370494788128,51.043189476548356],[13.604391753288153,51.04318937072322],[13.60439137935348,51.043144850958384]]]}},{"type":"Feature","id":"UUID_76704973-a645-4ff0-a2ce-13ca5b445782","properties":{"id":"UUID_76704973-a645-4ff0-a2ce-13ca5b445782","height_m":5.728,"ground_m":269.226,"height_source":"LoD1 solid top minus bottom","production":"2024","laser":"2016","footprints":"2022"},"geometry":{"type":"Polygon","coordinates":[[[13.604286173797647,51.04318990832643],[13.604287140310364,51.04327166614653],[13.604371316145457,51.04327132256342],[13.604370494788128,51.043189476548356],[13.604286173797647,51.04318990832643]]]}},{"type":"Feature","id":"DESNATP1h60000JN","properties":{"id":"DESNATP1h60000JN","height_m":3.237,"ground_m":277.98,"height_source":"LoD1 solid top minus bottom","production":"2024","laser":"2016","footprints":"2022"},"geometry":{"type":"Polygon","coordinates":[[[13.603541413111072,51.044116308425984],[13.603531534106898,51.0440055406311],[13.603472125779199,51.044007654461545],[13.60348200491226,51.04411841327056],[13.603541413111072,51.044116308425984]]]}},{"type":"Feature","id":"UUID_743b5505-1271-41fa-80b2-a2906a8b8a04","properties":{"id":"UUID_743b5505-1271-41fa-80b2-a2906a8b8a04","height_m":4.356,"ground_m":285.004,"height_source":"LoD1 solid top minus bottom","production":"2024","laser":"2016","footprints":"2022"},"geometry":{"type":"Polygon","coordinates":[[[13.629963409960991,51.04347917933057],[13.629961331837654,51.04349643045974],[13.630114792024745,51.04350391310992],[13.630116869826335,51.043486670967454],[13.629963409960991,51.04347917933057]]]}},{"type":"Feature","id":"UUID_4aa87699-426d-46c5-9148-3709dfa0286c","properties":{"id":"UUID_4aa87699-426d-46c5-9148-3709dfa0286c","height_m":7.68,"ground_m":285.004,"height_source":"LoD1 solid top minus bottom","production":"2024","laser":"2016","footprints":"2022"},"geometry":{"type":"Polygon","coordinates":[[[13.630216726818283,51.04349152865034],[13.630228407125257,51.04349211521467],[13.630233096518523,51.043454039995396],[13.630216430372611,51.04345321512823],[13.630216600347216,51.04345180522456],[13.630220961257177,51.04341567762927],[13.629972524730798,51.04340377223208],[13.629968167076791,51.04343978294851],[13.629963409960991,51.04347917933057],[13.630116869826335,51.043486670967454],[13.630216726818283,51.04349152865034]]]}},{"type":"Feature","id":"UUID_ecedcdd4-03e7-46e1-b497-d17d91641f81","properties":{"id":"UUID_ecedcdd4-03e7-46e1-b497-d17d91641f81","height_m":5.126,"ground_m":285.004,"height_source":"LoD1 solid top minus bottom","production":"2024","laser":"2016","footprints":"2022"},"geometry":{"type":"Polygon","coordinates":[[[13.629961331837654,51.04349643045974],[13.629953461891537,51.043561555201606],[13.630039219726083,51.043565618224974],[13.63004684394288,51.04350059851271],[13.629961331837654,51.04349643045974]]]}},{"type":"Feature","id":"DESNATPU1000GS94","properties":{"id":"DESNATPU1000GS94","height_m":8.694,"ground_m":274.637,"height_source":"LoD1 solid top minus bottom","production":"2024","laser":"2016","footprints":"2022"},"geometry":{"type":"Polygon","coordinates":[[[13.60316686205971,51.04360909672737],[13.603347677957656,51.04368257238921],[13.60341367236406,51.043617982100166],[13.603232853905295,51.0435445964384],[13.60316686205971,51.04360909672737]]]}},{"type":"Feature","id":"DESNATPU1000CgVH","properties":{"id":"DESNATPU1000CgVH","height_m":2.908,"ground_m":288.225,"height_source":"LoD1 solid top minus bottom","production":"2024","laser":"2016","footprints":"2022"},"geometry":{"type":"Polygon","coordinates":[[[13.623397210467372,51.04316264556636],[13.623368312058966,51.04306918287471],[13.623273689328062,51.04307885069511],[13.623301473251198,51.04317284885222],[13.623397210467372,51.04316264556636]]]}},{"type":"Feature","id":"DESNATPU1000CvwR","properties":{"id":"DESNATPU1000CvwR","height_m":7.121,"ground_m":285.982,"height_source":"LoD1 solid top minus bottom","production":"2024","laser":"2016","footprints":"2022"},"geometry":{"type":"Polygon","coordinates":[[[13.6176904415837,51.0440952073873],[13.61786627076942,51.04409261082071],[13.617862906105804,51.04400434991334],[13.617687079930223,51.04400685657936],[13.6176904415837,51.0440952073873]]]}},{"type":"Feature","id":"UUID_475eb149-1c0e-4ae5-8ff6-8bd531cd91d0","properties":{"id":"UUID_475eb149-1c0e-4ae5-8ff6-8bd531cd91d0","height_m":3.518,"ground_m":279.179,"height_source":"LoD1 solid top minus bottom","production":"2024","laser":"2016","footprints":"2022"},"geometry":{"type":"Polygon","coordinates":[[[13.603896636009784,51.046210945793085],[13.603861748390818,51.04622302923309],[13.603884907032656,51.04624992515303],[13.603920404110758,51.04623797488902],[13.603896636009784,51.046210945793085]]]}},{"type":"Feature","id":"UUID_683e1521-1b06-43c7-883c-a7f7f1b08a5c","properties":{"id":"UUID_683e1521-1b06-43c7-883c-a7f7f1b08a5c","height_m":3.269,"ground_m":279.179,"height_source":"LoD1 solid top minus bottom","production":"2024","laser":"2016","footprints":"2022"},"geometry":{"type":"Polygon","coordinates":[[[13.603966023501371,51.046289833864066],[13.603920404110758,51.04623797488902],[13.603884907032656,51.04624992515303],[13.603772924888256,51.04628761678767],[13.603815050305936,51.04633848081884],[13.603966023501371,51.046289833864066]]]}},{"type":"Feature","id":"DESNATPU1000JBEO","properties":{"id":"DESNATPU1000JBEO","height_m":7.255,"ground_m":283.723,"height_source":"LoD1 solid top minus bottom","production":"2024","laser":"2016","footprints":"2022"},"geometry":{"type":"Polygon","coordinates":[[[13.62406918422854,51.0447199590654],[13.624072959445177,51.04475624519298],[13.624058819947017,51.044756798144704],[13.624038856460603,51.04477095183584],[13.62404038415868,51.04478679745442],[13.624062987124114,51.04479911417866],[13.624077271906875,51.04479847300731],[13.624078003798957,51.044807474596624],[13.624241389866242,51.044801214655706],[13.624232860530988,51.04471352269548],[13.62406918422854,51.0447199590654]]]}},{"type":"Feature","id":"UUID_953f6029-526f-4140-b704-e4b02488c8b7","properties":{"id":"UUID_953f6029-526f-4140-b704-e4b02488c8b7","height_m":4.325,"ground_m":290.232,"height_source":"LoD1 solid top minus bottom","production":"2024","laser":"2016","footprints":"2022"},"geometry":{"type":"Polygon","coordinates":[[[13.629707923940828,51.042778895798186],[13.629750639788949,51.04274581694321],[13.629699408275847,51.04271989198437],[13.62965705363184,51.042753298803504],[13.629707923940828,51.042778895798186]]]}},{"type":"Feature","id":"UUID_ec77d41c-4fc1-4ba5-8670-a2485cca8032","properties":{"id":"UUID_ec77d41c-4fc1-4ba5-8670-a2485cca8032","height_m":4.267,"ground_m":290.232,"height_source":"LoD1 solid top minus bottom","production":"2024","laser":"2016","footprints":"2022"},"geometry":{"type":"Polygon","coordinates":[[[13.629757729493024,51.042764191778666],[13.629739033956337,51.04275479972391],[13.629707923940828,51.042778895798186],[13.629726773690697,51.04278837959593],[13.629757729493024,51.042764191778666]]]}},{"type":"Feature","id":"UUID_cbad8c94-7c84-44db-aae9-270180b48cbc","properties":{"id":"UUID_cbad8c94-7c84-44db-aae9-270180b48cbc","height_m":7.93,"ground_m":290.232,"height_source":"LoD1 solid top minus bottom","production":"2024","laser":"2016","footprints":"2022"},"geometry":{"type":"Polygon","coordinates":[[[13.629692673201255,51.04266774370695],[13.629676650015243,51.04265964199515],[13.629638830137134,51.04268923500829],[13.62965486732149,51.042697345882345],[13.629692673201255,51.04266774370695]]]}},{"type":"Feature","id":"UUID_dea0d1ba-6137-45b2-ab78-fc22408a4f01","properties":{"id":"UUID_dea0d1ba-6137-45b2-ab78-fc22408a4f01","height_m":9.248,"ground_m":290.232,"height_source":"LoD1 solid top minus bottom","production":"2024","laser":"2016","footprints":"2022"},"geometry":{"type":"Polygon","coordinates":[[[13.629815093495102,51.042695888332545],[13.629718811673511,51.04264727645657],[13.629692673201255,51.04266774370695],[13.62965486732149,51.042697345882345],[13.629699408275847,51.04271989198437],[13.629750639788949,51.04274581694321],[13.629815093495102,51.042695888332545]]]}},{"type":"Feature","id":"DESNATPU1000IxCW","properties":{"id":"DESNATPU1000IxCW","height_m":7.029,"ground_m":295.302,"height_source":"LoD1 solid top minus bottom","production":"2024","laser":"2016","footprints":"2022"},"geometry":{"type":"Polygon","coordinates":[[[13.62502989768134,51.041571765716164],[13.62503209883019,51.04162269185812],[13.625176990568619,51.041619180717575],[13.625174617389295,51.04156924178227],[13.62502989768134,51.041571765716164]]]}},{"type":"Feature","id":"DESNATP1CG000069","properties":{"id":"DESNATP1CG000069","height_m":5.66,"ground_m":297.841,"height_source":"LoD1 solid top minus bottom","production":"2024","laser":"2016","footprints":"2022"},"geometry":{"type":"Polygon","coordinates":[[[13.628286729898312,51.038447032752444],[13.628232959643471,51.03844640153296],[13.628220260747197,51.03858901597415],[13.62836636967382,51.03859370780708],[13.628372950731247,51.038466489460944],[13.628287179297603,51.038463693022535],[13.628286729898312,51.038447032752444]]]}},{"type":"Feature","id":"DESNATPU1000I0i1","properties":{"id":"DESNATPU1000I0i1","height_m":7.302,"ground_m":279.369,"height_source":"LoD1 solid top minus bottom","production":"2024","laser":"2016","footprints":"2022"},"geometry":{"type":"Polygon","coordinates":[[[13.603945717728442,51.046580874073015],[13.604146054083596,51.04651321189009],[13.604103607790147,51.046463513236986],[13.603903416905487,51.046531087155124],[13.603945717728442,51.046580874073015]]]}},{"type":"Feature","id":"DESNATPU1000IFnE","properties":{"id":"DESNATPU1000IFnE","height_m":3.693,"ground_m":303.249,"height_source":"LoD1 solid top minus bottom","production":"2024","laser":"2016","footprints":"2022"},"geometry":{"type":"Polygon","coordinates":[[[13.60770539459613,51.03646209517056],[13.607807452895281,51.03647383299203],[13.607826238970945,51.03640858780043],[13.607724180809754,51.03639684999633],[13.60770539459613,51.03646209517056]]]}},{"type":"Feature","id":"DESNATPU1000Chwa","properties":{"id":"DESNATPU1000Chwa","height_m":2.651,"ground_m":303.259,"height_source":"LoD1 solid top minus bottom","production":"2024","laser":"2016","footprints":"2022"},"geometry":{"type":"Polygon","coordinates":[[[13.630449202640003,51.03541460548723],[13.630508261426824,51.03537554871056],[13.630446457266919,51.035338402764985],[13.630387261198099,51.035377278041935],[13.630449202640003,51.03541460548723]]]}},{"type":"Feature","id":"DESNATPU1000BqYk","properties":{"id":"DESNATPU1000BqYk","height_m":5.921,"ground_m":293.952,"height_source":"LoD1 solid top minus bottom","production":"2024","laser":"2016","footprints":"2022"},"geometry":{"type":"Polygon","coordinates":[[[13.625029000325096,51.041900808128034],[13.625084382066802,51.04189966117171],[13.625191704532849,51.04189795620453],[13.625189304268893,51.04183929376734],[13.625026145854113,51.04184303963979],[13.625029000325096,51.041900808128034]]]}},{"type":"Feature","id":"UUID_1033059d-b1b2-4c59-a669-8dc210b85059","properties":{"id":"UUID_1033059d-b1b2-4c59-a669-8dc210b85059","height_m":3.157,"ground_m":280.607,"height_source":"LoD1 solid top minus bottom","production":"2024","laser":"2016","footprints":"2022"},"geometry":{"type":"Polygon","coordinates":[[[13.618078303630622,51.04507426479783],[13.618080703184992,51.045045884363034],[13.618057904552813,51.045044985241596],[13.618055485105526,51.04507355429323],[13.618078303630622,51.04507426479783]]]}},{"type":"Feature","id":"UUID_58948d73-7fea-429a-acf3-24ecf31f8c0d","properties":{"id":"UUID_58948d73-7fea-429a-acf3-24ecf31f8c0d","height_m":3.625,"ground_m":280.607,"height_source":"LoD1 solid top minus bottom","production":"2024","laser":"2016","footprints":"2022"},"geometry":{"type":"Polygon","coordinates":[[[13.618084671978789,51.04499880810215],[13.618080703184992,51.045045884363034],[13.618078303630622,51.04507426479783],[13.618182719296504,51.045077495987066],[13.61819252826691,51.045001468448774],[13.618130842308672,51.04500052317725],[13.61813088795147,51.04499994816652],[13.618084671978789,51.04499880810215]]]}},{"type":"Feature","id":"UUID_00f55c4b-e944-47b2-9c64-1756434b107f","properties":{"id":"UUID_00f55c4b-e944-47b2-9c64-1756434b107f","height_m":3.057,"ground_m":280.607,"height_source":"LoD1 solid top minus bottom","production":"2024","laser":"2016","footprints":"2022"},"geometry":{"type":"Polygon","coordinates":[[[13.618134260164657,51.04495757716857],[13.618088084526782,51.04495604189141],[13.618084671978789,51.04499880810215],[13.61813088795147,51.04499994816652],[13.618134260164657,51.04495757716857]]]}},{"type":"Feature","id":"UUID_1ac40dd9-fb56-40c2-a8db-fc5b33982764","properties":{"id":"UUID_1ac40dd9-fb56-40c2-a8db-fc5b33982764","height_m":3.081,"ground_m":284.101,"height_source":"LoD1 solid top minus bottom","production":"2024","laser":"2016","footprints":"2022"},"geometry":{"type":"Polygon","coordinates":[[[13.6233784851928,51.04451955462706],[13.62337898576368,51.04457822168438],[13.623421173687158,51.044578080167696],[13.623420673062975,51.04451941311014],[13.6233784851928,51.04451955462706]]]}},{"type":"Feature","id":"UUID_5c3322d6-a629-41c2-ae31-5114de669ddb","properties":{"id":"UUID_5c3322d6-a629-41c2-ae31-5114de669ddb","height_m":2.278,"ground_m":284.101,"height_source":"LoD1 solid top minus bottom","production":"2024","laser":"2016","footprints":"2022"},"geometry":{"type":"Polygon","coordinates":[[[13.623240987590233,51.044438877539456],[13.623241633190407,51.044515262463904],[13.623242007724803,51.044559890007264],[13.623286692325195,51.04455974198216],[13.623378829440648,51.044559433523105],[13.6233784851928,51.04451955462706],[13.623377794955289,51.044438411895875],[13.623240987590233,51.044438877539456]]]}},{"type":"Feature","id":"UUID_aa6b4d25-9b92-4071-822c-34024f59e769","properties":{"id":"UUID_aa6b4d25-9b92-4071-822c-34024f59e769","height_m":3.105,"ground_m":284.101,"height_source":"LoD1 solid top minus bottom","production":"2024","laser":"2016","footprints":"2022"},"geometry":{"type":"Polygon","coordinates":[[[13.623240987590233,51.044438877539456],[13.623221127908453,51.0444389403265],[13.623221787470147,51.04451533440867],[13.623241633190407,51.044515262463904],[13.623240987590233,51.044438877539456]]]}},{"type":"Feature","id":"UUID_1742f8fa-4b03-43d9-86db-4f63a71705f4","properties":{"id":"UUID_1742f8fa-4b03-43d9-86db-4f63a71705f4","height_m":2.868,"ground_m":284.101,"height_source":"LoD1 solid top minus bottom","production":"2024","laser":"2016","footprints":"2022"},"geometry":{"type":"Polygon","coordinates":[[[13.623286848344426,51.04457853913311],[13.62337898576368,51.04457822168438],[13.623378829440648,51.044559433523105],[13.623286692325195,51.04455974198216],[13.623286848344426,51.04457853913311]]]}},{"type":"Feature","id":"DESNATPU1000Cdms","properties":{"id":"DESNATPU1000Cdms","height_m":2.822,"ground_m":293.589,"height_source":"LoD1 solid top minus bottom","production":"2024","laser":"2016","footprints":"2022"},"geometry":{"type":"Polygon","coordinates":[[[13.621406305702932,51.04249560155286],[13.621394563430997,51.042449059260356],[13.621344627650332,51.04245413570243],[13.621298840624892,51.04245881142319],[13.62131058814055,51.042505173927964],[13.621356375210699,51.04250049820297],[13.621406305702932,51.04249560155286]]]}},{"type":"Feature","id":"DESNATPU1000JYDO","properties":{"id":"DESNATPU1000JYDO","height_m":3.436,"ground_m":303.174,"height_source":"LoD1 solid top minus bottom","production":"2024","laser":"2016","footprints":"2022"},"geometry":{"type":"Polygon","coordinates":[[[13.607665159747373,51.03518769466748],[13.607752225728422,51.03519988341456],[13.607769525623645,51.035150897840076],[13.607682317151905,51.035138707407555],[13.607665159747373,51.03518769466748]]]}},{"type":"Feature","id":"DESNATPU1000DaAW","properties":{"id":"DESNATPU1000DaAW","height_m":7.342,"ground_m":289.102,"height_source":"LoD1 solid top minus bottom","production":"2024","laser":"2016","footprints":"2022"},"geometry":{"type":"Polygon","coordinates":[[[13.621594221770652,51.04363843348384],[13.621520229600327,51.04349945553895],[13.621419579333834,51.04352086752847],[13.621476698906934,51.04362319796682],[13.621420281790025,51.04363512257725],[13.621439617432141,51.043670962866514],[13.621594221770652,51.04363843348384]]]}},{"type":"Feature","id":"DESNATP1h60000KM","properties":{"id":"DESNATP1h60000KM","height_m":2.546,"ground_m":280.46,"height_source":"LoD1 solid top minus bottom","production":"2024","laser":"2016","footprints":"2022"},"geometry":{"type":"Polygon","coordinates":[[[13.624671386733041,51.044417878783634],[13.62466882146852,51.0443691426566],[13.624523407054339,51.0443721884065],[13.624525986426985,51.04442092470339],[13.624671386733041,51.044417878783634]]]}},{"type":"Feature","id":"DESNATPU1000CPLt","properties":{"id":"DESNATPU1000CPLt","height_m":8.442,"ground_m":276.145,"height_source":"LoD1 solid top minus bottom","production":"2024","laser":"2016","footprints":"2022"},"geometry":{"type":"Polygon","coordinates":[[[13.618543654862856,51.04557735732159],[13.618466636396336,51.04558633907659],[13.618464065024334,51.04557686605304],[13.618386346867073,51.04558538983441],[13.61841839673824,51.045692515370824],[13.618460915209111,51.045687532335776],[13.61857200350713,51.0456746367171],[13.618543654862856,51.04557735732159]]]}},{"type":"Feature","id":"DESNATPU1000ITw3","properties":{"id":"DESNATPU1000ITw3","height_m":6.941,"ground_m":286.897,"height_source":"LoD1 solid top minus bottom","production":"2024","laser":"2016","footprints":"2022"},"geometry":{"type":"Polygon","coordinates":[[[13.621402891283758,51.04465822801312],[13.621560981094527,51.04463815008945],[13.621538649999057,51.044568640770215],[13.621380697686044,51.044588900144596],[13.621402891283758,51.04465822801312]]]}},{"type":"Feature","id":"DESNATPU1000E3JI","properties":{"id":"DESNATPU1000E3JI","height_m":6.043,"ground_m":292.334,"height_source":"LoD1 solid top minus bottom","production":"2024","laser":"2016","footprints":"2022"},"geometry":{"type":"Polygon","coordinates":[[[13.622993076894538,51.04253233264156],[13.622998799596191,51.04253177056895],[13.622994712556839,51.04251709982897],[13.622991064516182,51.04250398105379],[13.622985339152331,51.042504633024386],[13.622979661792757,51.04248442185624],[13.622854712671916,51.042498417302944],[13.622864041182256,51.04253163937765],[13.622873422480739,51.0425650059611],[13.622998366444834,51.04255119029258],[13.622993076894538,51.04253233264156]]]}},{"type":"Feature","id":"DESNATPU1000FDxT","properties":{"id":"DESNATPU1000FDxT","height_m":2.876,"ground_m":293.688,"height_source":"LoD1 solid top minus bottom","production":"2024","laser":"2016","footprints":"2022"},"geometry":{"type":"Polygon","coordinates":[[[13.622114679186263,51.04250191503998],[13.622132213877958,51.04256480284444],[13.622228824351962,51.042553981307584],[13.622211144265018,51.0424911817335],[13.622114679186263,51.04250191503998]]]}},{"type":"Feature","id":"DESNATPU1000B9ND","properties":{"id":"DESNATPU1000B9ND","height_m":3.452,"ground_m":293.077,"height_source":"LoD1 solid top minus bottom","production":"2024","laser":"2016","footprints":"2022"},"geometry":{"type":"Polygon","coordinates":[[[13.62287901067447,51.04238232555144],[13.62275938721451,51.04239424332938],[13.622770603793182,51.042434025558784],[13.62289289878212,51.04242293962734],[13.62287901067447,51.04238232555144]]]}},{"type":"Feature","id":"UUID_59cc62ba-9690-486b-a1cd-ae9f4dcff50c","properties":{"id":"UUID_59cc62ba-9690-486b-a1cd-ae9f4dcff50c","height_m":3.773,"ground_m":284.841,"height_source":"LoD1 solid top minus bottom","production":"2024","laser":"2016","footprints":"2022"},"geometry":{"type":"Polygon","coordinates":[[[13.622761346907042,51.04445764152964],[13.622760314357482,51.04442559638952],[13.622712027670788,51.04442502728509],[13.622711795906234,51.04445833452656],[13.622761346907042,51.04445764152964]]]}},{"type":"Feature","id":"UUID_6e7d524d-e6a9-4c1c-84da-5621bac40d66","properties":{"id":"UUID_6e7d524d-e6a9-4c1c-84da-5621bac40d66","height_m":7.368,"ground_m":284.841,"height_source":"LoD1 solid top minus bottom","production":"2024","laser":"2016","footprints":"2022"},"geometry":{"type":"Polygon","coordinates":[[[13.622758355595142,51.04436465490271],[13.622760314357482,51.04442559638952],[13.622760572993867,51.04443371109964],[13.622859693860597,51.044433611261084],[13.622911066068609,51.044433560178625],[13.622910045937264,51.044365974956285],[13.622758355595142,51.04436465490271]]]}},{"type":"Feature","id":"UUID_a3436050-59dc-4b30-aab3-f24b00d4b791","properties":{"id":"UUID_a3436050-59dc-4b30-aab3-f24b00d4b791","height_m":3.537,"ground_m":284.841,"height_source":"LoD1 solid top minus bottom","production":"2024","laser":"2016","footprints":"2022"},"geometry":{"type":"Polygon","coordinates":[[[13.622859050557313,51.04445626597224],[13.622859693860597,51.044433611261084],[13.622760572993867,51.04443371109964],[13.622761346907042,51.04445764152964],[13.622859050557313,51.04445626597224]]]}},{"type":"Feature","id":"UUID_006b90f5-b780-46b9-9fc8-b8b47ff8ffb7","properties":{"id":"UUID_006b90f5-b780-46b9-9fc8-b8b47ff8ffb7","height_m":6.844,"ground_m":279.714,"height_source":"LoD1 solid top minus bottom","production":"2024","laser":"2016","footprints":"2022"},"geometry":{"type":"Polygon","coordinates":[[[13.61760644583105,51.04498559765502],[13.617578645244679,51.04498499898665],[13.617568097584492,51.04498469434727],[13.61747243954987,51.04498248350277],[13.617472176501389,51.04498652723014],[13.617470100394534,51.045024156260844],[13.617467827377663,51.045065524039906],[13.61760098627536,51.045068358382714],[13.617601359807272,51.045065395119316],[13.617601188677039,51.04506539309488],[13.61760371150646,51.04502713084584],[13.617604423580469,51.04501614985229],[13.61760453766717,51.04501615120191],[13.61760644583105,51.04498559765502]]]}},{"type":"Feature","id":"UUID_645f41ce-6273-478f-8efe-c6552ed579c5","properties":{"id":"UUID_645f41ce-6273-478f-8efe-c6552ed579c5","height_m":4.354,"ground_m":279.714,"height_source":"LoD1 solid top minus bottom","production":"2024","laser":"2016","footprints":"2022"},"geometry":{"type":"Polygon","coordinates":[[[13.617601359807272,51.045065395119316],[13.617630156025731,51.045066095489766],[13.617631902061248,51.04503140325568],[13.617632763421643,51.04501684482337],[13.61760453766717,51.04501615120191],[13.617604423580469,51.04501614985229],[13.617601188677039,51.04506539309488],[13.617601359807272,51.045065395119316]]]}},{"type":"Feature","id":"DESNATPU1000EgD1","properties":{"id":"DESNATPU1000EgD1","height_m":5.533,"ground_m":302.296,"height_source":"LoD1 solid top minus bottom","production":"2024","laser":"2016","footprints":"2022"},"geometry":{"type":"Polygon","coordinates":[[[13.609252425245087,51.03487961203335],[13.6091946226639,51.03486660363148],[13.60914309715303,51.034958348413994],[13.6092038778018,51.03497193186756],[13.609266503914654,51.034985807044194],[13.609333940010616,51.03500099845302],[13.609407457423742,51.03487021591401],[13.609274417570447,51.03484057438852],[13.609252425245087,51.03487961203335]]]}},{"type":"Feature","id":"DESNATPU1000EEWQ","properties":{"id":"DESNATPU1000EEWQ","height_m":3.0,"ground_m":273.904,"height_source":"LoD1 solid top minus bottom","production":"2024","laser":"2016","footprints":"2022"},"geometry":{"type":"Polygon","coordinates":[[[13.61742403267329,51.045506291240926],[13.617421819229001,51.045547093163464],[13.61744049043245,51.04554767378643],[13.61752758499894,51.04555005313215],[13.617529822438014,51.04550844212406],[13.61742403267329,51.045506291240926]]]}},{"type":"Feature","id":"UUID_d81429eb-f9ee-49c6-b1a4-a3af1a54542c","properties":{"id":"UUID_d81429eb-f9ee-49c6-b1a4-a3af1a54542c","height_m":7.439,"ground_m":285.22,"height_source":"LoD1 solid top minus bottom","production":"2024","laser":"2016","footprints":"2022"},"geometry":{"type":"Polygon","coordinates":[[[13.623876780092816,51.04347365953101],[13.623887085168299,51.04351872776871],[13.623942691766125,51.04351439148825],[13.623933841997486,51.0434693134141],[13.623876780092816,51.04347365953101]]]}},{"type":"Feature","id":"UUID_31e2068c-f58f-4848-a238-fa3a341b9b0d","properties":{"id":"UUID_31e2068c-f58f-4848-a238-fa3a341b9b0d","height_m":7.911,"ground_m":285.22,"height_source":"LoD1 solid top minus bottom","production":"2024","laser":"2016","footprints":"2022"},"geometry":{"type":"Polygon","coordinates":[[[13.623970464284506,51.04339410476194],[13.62386056252793,51.043402819744834],[13.623876780092816,51.04347365953101],[13.623986614584542,51.04346529446621],[13.623970464284506,51.04339410476194]]]}},{"type":"Feature","id":"UUID_04f85955-c169-4322-9702-3c99843caf74","properties":{"id":"UUID_04f85955-c169-4322-9702-3c99843caf74","height_m":6.988,"ground_m":285.22,"height_source":"LoD1 solid top minus bottom","production":"2024","laser":"2016","footprints":"2022"},"geometry":{"type":"Polygon","coordinates":[[[13.62386056252793,51.043402819744834],[13.623849166369652,51.04340371973039],[13.623864824839165,51.043467430498836],[13.623875049120874,51.0434661210205],[13.62386056252793,51.043402819744834]]]}},{"type":"Feature","id":"DESNATP1CG00005l","properties":{"id":"DESNATP1CG00005l","height_m":6.108,"ground_m":289.582,"height_source":"LoD1 solid top minus bottom","production":"2024","laser":"2016","footprints":"2022"},"geometry":{"type":"Polygon","coordinates":[[[13.623708306523755,51.04275690481702],[13.623843103116426,51.04274469711987],[13.623825340156364,51.04266680661317],[13.623690390387637,51.04267889557631],[13.623708306523755,51.04275690481702]]]}},{"type":"Feature","id":"DESNATPU1000C43I","properties":{"id":"DESNATPU1000C43I","height_m":6.482,"ground_m":268.986,"height_source":"LoD1 solid top minus bottom","production":"2024","laser":"2016","footprints":"2022"},"geometry":{"type":"Polygon","coordinates":[[[13.613366118355797,51.04466749349095],[13.613358680050565,51.04457357246892],[13.613210783741279,51.044577033334605],[13.613210950829847,51.044580992229],[13.61315584555015,51.04458231671097],[13.613158792426768,51.044631723147845],[13.613221463986239,51.04463021866703],[13.613225782234013,51.044705361300146],[13.613325709258202,51.04470312979295],[13.61332387183748,51.044669114523444],[13.613366118355797,51.04466749349095]]]}},{"type":"Feature","id":"DESNATPU1000F5GZ","properties":{"id":"DESNATPU1000F5GZ","height_m":2.395,"ground_m":304.124,"height_source":"LoD1 solid top minus bottom","production":"2024","laser":"2016","footprints":"2022"},"geometry":{"type":"Polygon","coordinates":[[[13.629729853909954,51.03573033296996],[13.629684054650172,51.035764688644264],[13.629760309184011,51.035805151988356],[13.629806108428447,51.03577079628427],[13.629729853909954,51.03573033296996]]]}},{"type":"Feature","id":"DESNATP1h60000LI","properties":{"id":"DESNATP1h60000LI","height_m":2.273,"ground_m":304.033,"height_source":"LoD1 solid top minus bottom","production":"2024","laser":"2016","footprints":"2022"},"geometry":{"type":"Polygon","coordinates":[[[13.608881949038647,51.03526305196097],[13.60879480737937,51.03524766164949],[13.60876851751685,51.03530682832274],[13.608855644750612,51.0353222274745],[13.608881949038647,51.03526305196097]]]}},{"type":"Feature","id":"DESNATPU1000GJpo","properties":{"id":"DESNATPU1000GJpo","height_m":7.051,"ground_m":287.074,"height_source":"LoD1 solid top minus bottom","production":"2024","laser":"2016","footprints":"2022"},"geometry":{"type":"Polygon","coordinates":[[[13.624620346629408,51.04301084005776],[13.624713203906598,51.04300537706803],[13.624700531355733,51.04291980366318],[13.624751675762706,51.042916790408675],[13.624743639006683,51.04286254013597],[13.624590577775969,51.04287154822774],[13.624620346629408,51.04301084005776]]]}},{"type":"Feature","id":"DESNATPU1000CeD8","properties":{"id":"DESNATPU1000CeD8","height_m":8.803,"ground_m":283.781,"height_source":"LoD1 solid top minus bottom","production":"2024","laser":"2016","footprints":"2022"},"geometry":{"type":"Polygon","coordinates":[[[13.620764866203713,51.04527508146],[13.620762208934416,51.04526848522614],[13.620745983316677,51.04527106355361],[13.620723221600278,51.0452746798615],[13.62072587886436,51.0452812760962],[13.620668258833279,51.045290398329314],[13.620688588070518,51.045340819078014],[13.620768872212706,51.04532800742647],[13.620849127789697,51.04531519538277],[13.620828938327625,51.045264866241865],[13.620764866203713,51.04527508146]]]}},{"type":"Feature","id":"DESNATPU1000BHYi","properties":{"id":"DESNATPU1000BHYi","height_m":3.394,"ground_m":288.019,"height_source":"LoD1 solid top minus bottom","production":"2024","laser":"2016","footprints":"2022"},"geometry":{"type":"Polygon","coordinates":[[[13.62037864349737,51.04425809324375],[13.620270980371492,51.04427395372576],[13.620287550772101,51.044326020854605],[13.620395969827483,51.044310169281474],[13.62037864349737,51.04425809324375]]]}},{"type":"Feature","id":"DESNATPU1000GJF0","properties":{"id":"DESNATPU1000GJF0","height_m":4.868,"ground_m":293.014,"height_source":"LoD1 solid top minus bottom","production":"2024","laser":"2016","footprints":"2022"},"geometry":{"type":"Polygon","coordinates":[[[13.619686468694391,51.04335170077091],[13.619675442108342,51.043362721814475],[13.619677386101776,51.04336930965079],[13.619639443879349,51.04337398745943],[13.619649871502098,51.043407114862326],[13.619657566325447,51.04343139686552],[13.619612173922572,51.04343715574782],[13.619628349694237,51.04348806721872],[13.619817652095755,51.0434640437334],[13.61978306829932,51.043355719533025],[13.619725506599298,51.04336295345879],[13.619723699858808,51.04335654710405],[13.619706233465704,51.04334905648103],[13.619686468694391,51.04335170077091]]]}},{"type":"Feature","id":"DESNATPU1000IuSZ","properties":{"id":"DESNATPU1000IuSZ","height_m":2.314,"ground_m":293.615,"height_source":"LoD1 solid top minus bottom","production":"2024","laser":"2016","footprints":"2022"},"geometry":{"type":"Polygon","coordinates":[[[13.629838289530952,51.034574333741844],[13.629905458122373,51.034540768151636],[13.629852076140597,51.03449859463386],[13.629785050149692,51.03453216186572],[13.629838289530952,51.034574333741844]]]}},{"type":"Feature","id":"DESNATPU1000GTVN","properties":{"id":"DESNATPU1000GTVN","height_m":6.468,"ground_m":294.071,"height_source":"LoD1 solid top minus bottom","production":"2024","laser":"2016","footprints":"2022"},"geometry":{"type":"Polygon","coordinates":[[[13.622793823913405,51.042141667773684],[13.622814525880491,51.042213226062],[13.622956233085448,51.042196910110206],[13.622935530906306,51.042125351845186],[13.622793823913405,51.042141667773684]]]}},{"type":"Feature","id":"DESNATP1CG00005Y","properties":{"id":"DESNATP1CG00005Y","height_m":2.702,"ground_m":285.408,"height_source":"LoD1 solid top minus bottom","production":"2024","laser":"2016","footprints":"2022"},"geometry":{"type":"Polygon","coordinates":[[[13.623024808245999,51.04421266615808],[13.622938046350802,51.04421069051211],[13.62293250425212,51.04427058135633],[13.623021462928692,51.04427448940213],[13.623024808245999,51.04421266615808]]]}},{"type":"Feature","id":"DESNATPU1000HRoR","properties":{"id":"DESNATPU1000HRoR","height_m":2.981,"ground_m":303.549,"height_source":"LoD1 solid top minus bottom","production":"2024","laser":"2016","footprints":"2022"},"geometry":{"type":"Polygon","coordinates":[[[13.63059821530472,51.03528514434432],[13.63053649540494,51.03532255124163],[13.630595967992067,51.03536137848095],[13.63065768524674,51.035324061451256],[13.63059821530472,51.03528514434432]]]}},{"type":"Feature","id":"DESNATPU1000Hb54","properties":{"id":"DESNATPU1000Hb54","height_m":3.297,"ground_m":280.698,"height_source":"LoD1 solid top minus bottom","production":"2024","laser":"2016","footprints":"2022"},"geometry":{"type":"Polygon","coordinates":[[[13.61074223178919,51.04726197316847],[13.610699455287712,51.047251662270895],[13.610614179502232,51.04723131351384],[13.610590492412493,51.04727437804223],[13.61078508433875,51.04732219598539],[13.61081149978439,51.047278534344116],[13.610778213897897,51.047270494612356],[13.61074223178919,51.04726197316847]]]}},{"type":"Feature","id":"UUID_b68b8672-2262-46af-84de-216515e8a906","properties":{"id":"UUID_b68b8672-2262-46af-84de-216515e8a906","height_m":3.62,"ground_m":286.962,"height_source":"LoD1 solid top minus bottom","production":"2024","laser":"2016","footprints":"2022"},"geometry":{"type":"Polygon","coordinates":[[[13.63040482529253,51.043097952825235],[13.63042714724353,51.043109185868104],[13.630458686570266,51.043084555057554],[13.630436336102608,51.04307332168642],[13.63040482529253,51.043097952825235]]]}},{"type":"Feature","id":"UUID_6ee08d5a-27ba-4170-a70f-9a8f49848443","properties":{"id":"UUID_6ee08d5a-27ba-4170-a70f-9a8f49848443","height_m":4.036,"ground_m":286.962,"height_source":"LoD1 solid top minus bottom","production":"2024","laser":"2016","footprints":"2022"},"geometry":{"type":"Polygon","coordinates":[[[13.63040482529253,51.043097952825235],[13.630434189728547,51.043074996201774],[13.630382424325887,51.04304876852155],[13.630379793839257,51.04305089600325],[13.630353069104144,51.04307189610656],[13.63040482529253,51.043097952825235]]]}},{"type":"Feature","id":"UUID_55163d82-703d-40db-b4c1-14727e9c9f08","properties":{"id":"UUID_55163d82-703d-40db-b4c1-14727e9c9f08","height_m":8.942,"ground_m":286.962,"height_source":"LoD1 solid top minus bottom","production":"2024","laser":"2016","footprints":"2022"},"geometry":{"type":"Polygon","coordinates":[[[13.630455233119482,51.04298640128845],[13.630414683398788,51.04296587171713],[13.63038913136738,51.042985806416866],[13.630372967997758,51.0429776132292],[13.63033704190521,51.04300587971715],[13.630343646144784,51.043009284523976],[13.63032845219617,51.04302142680356],[13.630337560038303,51.04302603903461],[13.630382424325887,51.04304876852155],[13.630434189728547,51.043074996201774],[13.630436336102608,51.04307332168642],[13.630511243866918,51.043014756066135],[13.630455233119482,51.04298640128845]]]}},{"type":"Feature","id":"UUID_6a1cbeeb-8aad-42fd-b11f-b6fa33bfccf7","properties":{"id":"UUID_6a1cbeeb-8aad-42fd-b11f-b6fa33bfccf7","height_m":4.561,"ground_m":280.695,"height_source":"LoD1 solid top minus bottom","production":"2024","laser":"2016","footprints":"2022"},"geometry":{"type":"Polygon","coordinates":[[[13.609607213696973,51.0422152812749],[13.609556924230132,51.042247381393096],[13.609737898318535,51.04235290004735],[13.609775429099262,51.042328615847374],[13.609790412880633,51.0423189018246],[13.609615648630978,51.04220989591601],[13.609607213696973,51.0422152812749]]]}},{"type":"Feature","id":"UUID_77f60faf-2440-4569-a733-5118ca063ebc","properties":{"id":"UUID_77f60faf-2440-4569-a733-5118ca063ebc","height_m":4.574,"ground_m":280.695,"height_source":"LoD1 solid top minus bottom","production":"2024","laser":"2016","footprints":"2022"},"geometry":{"type":"Polygon","coordinates":[[[13.609556924230132,51.042247381393096],[13.609607213696973,51.0422152812749],[13.609573326397644,51.04219410426058],[13.609555057395655,51.0422087253078],[13.609528014406726,51.04223052626832],[13.609556924230132,51.042247381393096]]]}},{"type":"Feature","id":"UUID_dc53b70a-76f8-4e9d-ae0e-dee81372acda","properties":{"id":"UUID_dc53b70a-76f8-4e9d-ae0e-dee81372acda","height_m":8.462,"ground_m":286.712,"height_source":"LoD1 solid top minus bottom","production":"2024","laser":"2016","footprints":"2022"},"geometry":{"type":"Polygon","coordinates":[[[13.620718295416594,51.04467685872933],[13.620731847034484,51.04471050851803],[13.620745796589757,51.04474517021486],[13.62077202784134,51.044740965345184],[13.62080723198755,51.04473532857337],[13.620807285025677,51.04473546409396],[13.62086577333545,51.04472590239302],[13.62090992076299,51.044718869311296],[13.620895971092349,51.04468420763302],[13.62088241936246,51.044650557862354],[13.620838269326198,51.04465768083246],[13.620718295416594,51.04467685872933]]]}},{"type":"Feature","id":"UUID_e9b47a29-192c-455f-bd8f-5e309cd502da","properties":{"id":"UUID_e9b47a29-192c-455f-bd8f-5e309cd502da","height_m":3.609,"ground_m":286.712,"height_source":"LoD1 solid top minus bottom","production":"2024","laser":"2016","footprints":"2022"},"geometry":{"type":"Polygon","coordinates":[[[13.62077202730733,51.04474098332483],[13.620781476940309,51.04476384708112],[13.620816887962592,51.04475796993773],[13.620807285025677,51.04473546409396],[13.62080723198755,51.04473532857337],[13.62077202730733,51.04474098332483]]]}},{"type":"Feature","id":"DESNATPU1000BWab","properties":{"id":"DESNATPU1000BWab","height_m":5.194,"ground_m":279.595,"height_source":"LoD1 solid top minus bottom","production":"2024","laser":"2016","footprints":"2022"},"geometry":{"type":"Polygon","coordinates":[[[13.606588838133321,51.04602916259237],[13.606768152780887,51.04603001461298],[13.60676612950504,51.04584496884281],[13.606589535220511,51.04584286325718],[13.606588838133321,51.04602916259237]]]}},{"type":"Feature","id":"DESNATPU1000Dxce","properties":{"id":"DESNATPU1000Dxce","height_m":3.097,"ground_m":288.788,"height_source":"LoD1 solid top minus bottom","production":"2024","laser":"2016","footprints":"2022"},"geometry":{"type":"Polygon","coordinates":[[[13.62272181523984,51.04329799024313],[13.622703151808619,51.04322406384788],[13.622583256788293,51.04323592429429],[13.622607423440352,51.04331187604528],[13.62272181523984,51.04329799024313]]]}},{"type":"Feature","id":"DESNATPU1000EATX","properties":{"id":"DESNATPU1000EATX","height_m":3.261,"ground_m":284.486,"height_source":"LoD1 solid top minus bottom","production":"2024","laser":"2016","footprints":"2022"},"geometry":{"type":"Polygon","coordinates":[[[13.620849535480838,51.04504208358336],[13.620871523825317,51.04509908875361],[13.620896681204055,51.04516467464377],[13.621119939192642,51.04513115748514],[13.621096587378528,51.0450672116847],[13.62094317797745,51.045088153587706],[13.620921332158284,51.045031150113196],[13.620849535480838,51.04504208358336]]]}},{"type":"Feature","id":"DESNATPU1000F3X0","properties":{"id":"DESNATPU1000F3X0","height_m":2.964,"ground_m":300.441,"height_source":"LoD1 solid top minus bottom","production":"2024","laser":"2016","footprints":"2022"},"geometry":{"type":"Polygon","coordinates":[[[13.629506683665936,51.035285953466776],[13.629588988255948,51.03527118105475],[13.629565841723684,51.0352193798046],[13.629483539871007,51.035234062302386],[13.629506683665936,51.035285953466776]]]}},{"type":"Feature","id":"UUID_47e891ef-bf5a-4849-b68c-30c44c1e808b","properties":{"id":"UUID_47e891ef-bf5a-4849-b68c-30c44c1e808b","height_m":5.582,"ground_m":278.93,"height_source":"LoD1 solid top minus bottom","production":"2024","laser":"2016","footprints":"2022"},"geometry":{"type":"Polygon","coordinates":[[[13.619067107098443,51.04549954088798],[13.619063727802788,51.04548844858808],[13.619139327919628,51.04547917989105],[13.61913018115364,51.04544951189898],[13.61912280440405,51.04542556636789],[13.619029308642551,51.04543696174532],[13.619036626964846,51.04546095155687],[13.619038147924647,51.045465933652885],[13.619049080322831,51.0455017559626],[13.619067107098443,51.04549954088798]]]}},{"type":"Feature","id":"UUID_6e4ecaa7-fe84-4236-8b62-e9ed291bd990","properties":{"id":"UUID_6e4ecaa7-fe84-4236-8b62-e9ed291bd990","height_m":4.952,"ground_m":278.93,"height_source":"LoD1 solid top minus bottom","production":"2024","laser":"2016","footprints":"2022"},"geometry":{"type":"Polygon","coordinates":[[[13.618883978778456,51.04552193648294],[13.61900410740975,51.04550724978329],[13.619049080322831,51.0455017559626],[13.619038147924647,51.045465933652885],[13.618993046696259,51.04547142595284],[13.618872921095749,51.04548601375394],[13.618883978778456,51.04552193648294]]]}},{"type":"Feature","id":"DESNATPU1000Gk2a","properties":{"id":"DESNATPU1000Gk2a","height_m":4.629,"ground_m":270.479,"height_source":"LoD1 solid top minus bottom","production":"2024","laser":"2016","footprints":"2022"},"geometry":{"type":"Polygon","coordinates":[[[13.612737240554331,51.04428786391264],[13.61276379533194,51.044296722488596],[13.61275654983493,51.04430526973679],[13.612761804287102,51.04430702279483],[13.61280174868583,51.044320374931154],[13.61280869822349,51.04431218388613],[13.612840615662853,51.0443229946303],[13.612885568292569,51.044269930071216],[13.612811510148353,51.04424622676912],[13.6127365902426,51.044222243399744],[13.61269422784073,51.04427598614812],[13.612737240554331,51.04428786391264]]]}},{"type":"Feature","id":"DESNATPU1000DSu0","properties":{"id":"DESNATPU1000DSu0","height_m":8.863,"ground_m":277.749,"height_source":"LoD1 solid top minus bottom","production":"2024","laser":"2016","footprints":"2022"},"geometry":{"type":"Polygon","coordinates":[[[13.623897183011678,51.045941247563164],[13.623901336311878,51.045955145645884],[13.623939562805178,51.045950559725334],[13.623934881672053,51.04593521655327],[13.623960365100709,51.04593218923298],[13.623935817130409,51.04585069364875],[13.623813835388795,51.045865354599684],[13.623839050918109,51.04594838687655],[13.623897183011678,51.045941247563164]]]}},{"type":"Feature","id":"DESNATPU1000Dc2z","properties":{"id":"DESNATPU1000Dc2z","height_m":2.81,"ground_m":282.527,"height_source":"LoD1 solid top minus bottom","production":"2024","laser":"2016","footprints":"2022"},"geometry":{"type":"Polygon","coordinates":[[[13.620832862969742,51.04549297436696],[13.620851211311114,51.04552844337031],[13.62089944069528,51.04551849078434],[13.620914550670946,51.04554771640806],[13.620960912781046,51.045538191408845],[13.620927736922713,51.04547359006594],[13.620832862969742,51.04549297436696]]]}},{"type":"Feature","id":"DESNATPU1000Df76","properties":{"id":"DESNATPU1000Df76","height_m":3.132,"ground_m":294.234,"height_source":"LoD1 solid top minus bottom","production":"2024","laser":"2016","footprints":"2022"},"geometry":{"type":"Polygon","coordinates":[[[13.618691989987884,51.042959816407006],[13.618710257271786,51.04302190403025],[13.618813609180192,51.0430099059816],[13.618803519135254,51.042975523472236],[13.618789191182481,51.04297715271431],[13.618781030751665,51.04294935788485],[13.618691989987884,51.042959816407006]]]}},{"type":"Feature","id":"DESNATPU1000FLkq","properties":{"id":"DESNATPU1000FLkq","height_m":7.453,"ground_m":280.63,"height_source":"LoD1 solid top minus bottom","production":"2024","laser":"2016","footprints":"2022"},"geometry":{"type":"Polygon","coordinates":[[[13.609731009019177,51.042563973404306],[13.609934594323793,51.04241549306418],[13.609836345908708,51.04236180524588],[13.60963261524046,51.042510373616686],[13.609731009019177,51.042563973404306]]]}},{"type":"Feature","id":"DESNATPU1000CjtF","properties":{"id":"DESNATPU1000CjtF","height_m":3.037,"ground_m":281.799,"height_source":"LoD1 solid top minus bottom","production":"2024","laser":"2016","footprints":"2022"},"geometry":{"type":"Polygon","coordinates":[[[13.602706542380378,51.044610493450534],[13.602832932821363,51.044592139171385],[13.602806228989328,51.044519066608316],[13.602679897944249,51.04453734962434],[13.602706542380378,51.044610493450534]]]}},{"type":"Feature","id":"UUID_be001253-12db-4df4-a68b-a6863c52441e","properties":{"id":"UUID_be001253-12db-4df4-a68b-a6863c52441e","height_m":4.224,"ground_m":279.34,"height_source":"LoD1 solid top minus bottom","production":"2024","laser":"2016","footprints":"2022"},"geometry":{"type":"Polygon","coordinates":[[[13.607069572209518,51.04601991158477],[13.607066559108675,51.046248288449675],[13.607290646589549,51.04624946650661],[13.6072936580493,51.04602110760691],[13.607069572209518,51.04601991158477]]]}},{"type":"Feature","id":"UUID_7687add0-d501-47c4-8aad-9ad9908108c7","properties":{"id":"UUID_7687add0-d501-47c4-8aad-9ad9908108c7","height_m":4.49,"ground_m":279.34,"height_source":"LoD1 solid top minus bottom","production":"2024","laser":"2016","footprints":"2022"},"geometry":{"type":"Polygon","coordinates":[[[13.60738768977271,51.04571036956289],[13.607073685556873,51.045708722445745],[13.607069572209518,51.04601991158477],[13.6072936580493,51.04602110760691],[13.607383577720348,51.04602158569862],[13.60738768977271,51.04571036956289]]]}},{"type":"Feature","id":"UUID_7ac70843-a949-4061-b2ec-add7ed6f1644","properties":{"id":"UUID_7ac70843-a949-4061-b2ec-add7ed6f1644","height_m":3.863,"ground_m":278.92,"height_source":"LoD1 solid top minus bottom","production":"2024","laser":"2016","footprints":"2022"},"geometry":{"type":"Polygon","coordinates":[[[13.603503463417983,51.04482608516824],[13.603615270396743,51.044806917258555],[13.603597621946513,51.04476759586059],[13.603486229629107,51.044787209365055],[13.603503463417983,51.04482608516824]]]}},{"type":"Feature","id":"UUID_f14e1676-5859-4324-be19-8fd35f9ffd82","properties":{"id":"UUID_f14e1676-5859-4324-be19-8fd35f9ffd82","height_m":5.73,"ground_m":278.92,"height_source":"LoD1 solid top minus bottom","production":"2024","laser":"2016","footprints":"2022"},"geometry":{"type":"Polygon","coordinates":[[[13.603579344364716,51.04472690000733],[13.603597664998873,51.04476758738207],[13.603597621946513,51.04476759586059],[13.603623533123502,51.044825325717945],[13.603664355112986,51.04481748600782],[13.603865724850676,51.04477879408467],[13.603818830020714,51.044681154497],[13.603579344364716,51.04472690000733]]]}},{"type":"Feature","id":"UUID_45a79d7b-7d69-42bf-92de-8687a528aa2b","properties":{"id":"UUID_45a79d7b-7d69-42bf-92de-8687a528aa2b","height_m":4.534,"ground_m":278.92,"height_source":"LoD1 solid top minus bottom","production":"2024","laser":"2016","footprints":"2022"},"geometry":{"type":"Polygon","coordinates":[[[13.603623533123502,51.044825325717945],[13.603646596326106,51.04487671745295],[13.603678536163523,51.04484877119681],[13.603664355112986,51.04481748600782],[13.603623533123502,51.044825325717945]]]}},{"type":"Feature","id":"UUID_7ffdb512-b51f-4bd2-95fa-eb7edcc95366","properties":{"id":"UUID_7ffdb512-b51f-4bd2-95fa-eb7edcc95366","height_m":8.678,"ground_m":278.92,"height_source":"LoD1 solid top minus bottom","production":"2024","laser":"2016","footprints":"2022"},"geometry":{"type":"Polygon","coordinates":[[[13.603316382256622,51.04493230472921],[13.603646596326106,51.04487671745295],[13.603615270396743,51.044806917258555],[13.603287219749985,51.0448631598123],[13.603316382256622,51.04493230472921]]]}},{"type":"Feature","id":"DESNATPU1000EMmO","properties":{"id":"DESNATPU1000EMmO","height_m":2.144,"ground_m":307.08,"height_source":"LoD1 solid top minus bottom","production":"2024","laser":"2016","footprints":"2022"},"geometry":{"type":"Polygon","coordinates":[[[13.606982552329015,51.03581509407951],[13.606966123301785,51.03585878404989],[13.607063103527416,51.03587333974891],[13.607079675048656,51.03582965146398],[13.606982552329015,51.03581509407951]]]}},{"type":"Feature","id":"DESNATPU1000EL0h","properties":{"id":"DESNATPU1000EL0h","height_m":3.147,"ground_m":305.015,"height_source":"LoD1 solid top minus bottom","production":"2024","laser":"2016","footprints":"2022"},"geometry":{"type":"Polygon","coordinates":[[[13.607295830306429,51.03622502415499],[13.607308387114355,51.03619630629539],[13.607127045092131,51.036164917538564],[13.607114630762002,51.03619363707764],[13.607295830306429,51.03622502415499]]]}},{"type":"Feature","id":"UUID_82070612-3e10-46be-b78e-e5c2cc96b3d3","properties":{"id":"UUID_82070612-3e10-46be-b78e-e5c2cc96b3d3","height_m":5.843,"ground_m":288.796,"height_source":"LoD1 solid top minus bottom","production":"2024","laser":"2016","footprints":"2022"},"geometry":{"type":"Polygon","coordinates":[[[13.621017679952569,51.04416318808284],[13.620990791445488,51.044111233113924],[13.620973481801103,51.04407779080669],[13.620933120519883,51.04408609163722],[13.620882697419555,51.0440964679922],[13.620926923941711,51.04418186563785],[13.620956420089717,51.04417579274754],[13.620963017641145,51.04418853271529],[13.620983930421627,51.04418422906292],[13.62100248924329,51.04418041022779],[13.620995891682101,51.04416767026215],[13.621017679952569,51.04416318808284]]]}},{"type":"Feature","id":"UUID_0e2934c1-5c2d-457f-a042-74fbe5b2b3fa","properties":{"id":"UUID_0e2934c1-5c2d-457f-a042-74fbe5b2b3fa","height_m":4.452,"ground_m":288.796,"height_source":"LoD1 solid top minus bottom","production":"2024","laser":"2016","footprints":"2022"},"geometry":{"type":"Polygon","coordinates":[[[13.621018048474841,51.04410561940518],[13.620990791445488,51.044111233113924],[13.621017679952569,51.04416318808284],[13.62104495100306,51.04415758352618],[13.621018048474841,51.04410561940518]]]}},{"type":"Feature","id":"UUID_0516b929-3cd6-4b13-b6fa-e457ccaaebe1","properties":{"id":"UUID_0516b929-3cd6-4b13-b6fa-e457ccaaebe1","height_m":5.936,"ground_m":284.682,"height_source":"LoD1 solid top minus bottom","production":"2024","laser":"2016","footprints":"2022"},"geometry":{"type":"Polygon","coordinates":[[[13.61979141748167,51.04480080955225],[13.619689653931147,51.04481683810626],[13.619711221497589,51.04486587075709],[13.619725252365928,51.044897772694966],[13.61982237985157,51.04487981881489],[13.61979141748167,51.04480080955225]]]}},{"type":"Feature","id":"UUID_073dbd15-e6fd-4e70-8fd1-b996331f69d2","properties":{"id":"UUID_073dbd15-e6fd-4e70-8fd1-b996331f69d2","height_m":3.188,"ground_m":284.682,"height_source":"LoD1 solid top minus bottom","production":"2024","laser":"2016","footprints":"2022"},"geometry":{"type":"Polygon","coordinates":[[[13.619622690819845,51.04482737826787],[13.619647945266028,51.04482340492178],[13.619671952873272,51.044819623680844],[13.61964629889404,51.04474393253821],[13.61962033645827,51.044748688902445],[13.619595062542677,51.044753318499666],[13.619602854873664,51.044782484837796],[13.619622690819845,51.04482737826787]]]}},{"type":"Feature","id":"UUID_1231cb29-0b01-43e9-9b07-11248a339523","properties":{"id":"UUID_1231cb29-0b01-43e9-9b07-11248a339523","height_m":6.048,"ground_m":284.682,"height_source":"LoD1 solid top minus bottom","production":"2024","laser":"2016","footprints":"2022"},"geometry":{"type":"Polygon","coordinates":[[[13.619671952873272,51.044819623680844],[13.619622690819845,51.04482737826787],[13.61964482520711,51.04487749678375],[13.619711221497589,51.04486587075709],[13.619689653931147,51.04481683810626],[13.619671952873272,51.044819623680844]]]}},{"type":"Feature","id":"DESNATP1h60000Kp","properties":{"id":"DESNATP1h60000Kp","height_m":7.436,"ground_m":289.936,"height_source":"LoD1 solid top minus bottom","production":"2024","laser":"2016","footprints":"2022"},"geometry":{"type":"Polygon","coordinates":[[[13.622585013221626,51.043035302726],[13.622603332916377,51.04309868532468],[13.6227616841182,51.04308065927422],[13.622743637024557,51.04301721696311],[13.622585013221626,51.043035302726]]]}},{"type":"Feature","id":"DESNATPU1000B7Xl","properties":{"id":"DESNATPU1000B7Xl","height_m":2.56,"ground_m":292.484,"height_source":"LoD1 solid top minus bottom","production":"2024","laser":"2016","footprints":"2022"},"geometry":{"type":"Polygon","coordinates":[[[13.621330440291734,51.04293973296046],[13.621306004142108,51.04288590946746],[13.62122974480213,51.04289928156372],[13.621255650017746,51.042954552289345],[13.621330440291734,51.04293973296046]]]}},{"type":"Feature","id":"DESNATPU1000FSdw","properties":{"id":"DESNATPU1000FSdw","height_m":7.832,"ground_m":279.687,"height_source":"LoD1 solid top minus bottom","production":"2024","laser":"2016","footprints":"2022"},"geometry":{"type":"Polygon","coordinates":[[[13.602733484902727,51.044305818384075],[13.60263181973243,51.04432789455153],[13.602660060730274,51.044380211734236],[13.602684124466208,51.044424385269146],[13.602786072331066,51.04440240236576],[13.602733484902727,51.044305818384075]]]}},{"type":"Feature","id":"DESNATPU1000FH7j","properties":{"id":"DESNATPU1000FH7j","height_m":2.786,"ground_m":288.389,"height_source":"LoD1 solid top minus bottom","production":"2024","laser":"2016","footprints":"2022"},"geometry":{"type":"Polygon","coordinates":[[[13.620474685694736,51.04424780601385],[13.620487329035905,51.04428320773512],[13.620516129097592,51.04427896130507],[13.620529480169521,51.04431455123569],[13.62061344806758,51.044302052971254],[13.62058716028811,51.04423132766783],[13.620474685694736,51.04424780601385]]]}},{"type":"Feature","id":"DESNATP1h60000Jk","properties":{"id":"DESNATP1h60000Jk","height_m":3.802,"ground_m":279.43,"height_source":"LoD1 solid top minus bottom","production":"2024","laser":"2016","footprints":"2022"},"geometry":{"type":"Polygon","coordinates":[[[13.610847025491545,51.04701619081464],[13.61101394329681,51.04705148492361],[13.611035348107155,51.047011252950234],[13.610868430697995,51.046975949882835],[13.610847025491545,51.04701619081464]]]}},{"type":"Feature","id":"DESNATPU1000C9wb","properties":{"id":"DESNATPU1000C9wb","height_m":11.509,"ground_m":278.191,"height_source":"LoD1 solid top minus bottom","production":"2024","laser":"2016","footprints":"2022"},"geometry":{"type":"Polygon","coordinates":[[[13.604126149424374,51.045114250046254],[13.60398492260258,51.04480086603443],[13.603778099589757,51.04483778433847],[13.603927469988317,51.045150726315306],[13.604126149424374,51.045114250046254]]]}},{"type":"Feature","id":"DESNATPU1000B8yN","properties":{"id":"DESNATPU1000B8yN","height_m":3.451,"ground_m":303.143,"height_source":"LoD1 solid top minus bottom","production":"2024","laser":"2016","footprints":"2022"},"geometry":{"type":"Polygon","coordinates":[[[13.607857178416475,51.03521489317256],[13.607943679578483,51.035226895187165],[13.607961154187578,51.03517683250692],[13.607874507842139,51.03516491870505],[13.607857178416475,51.03521489317256]]]}},{"type":"Feature","id":"UUID_7705b345-bd76-412e-94d6-6dd7e4c4cc8d","properties":{"id":"UUID_7705b345-bd76-412e-94d6-6dd7e4c4cc8d","height_m":3.87,"ground_m":291.011,"height_source":"LoD1 solid top minus bottom","production":"2024","laser":"2016","footprints":"2022"},"geometry":{"type":"Polygon","coordinates":[[[13.630470783977394,51.04218575957253],[13.63048877438801,51.04219487345835],[13.630520019898452,51.04217050897588],[13.630502101586439,51.0421613689609],[13.630470783977394,51.04218575957253]]]}},{"type":"Feature","id":"UUID_560381bc-2fca-407b-970a-89600f147a9e","properties":{"id":"UUID_560381bc-2fca-407b-970a-89600f147a9e","height_m":6.558,"ground_m":291.011,"height_source":"LoD1 solid top minus bottom","production":"2024","laser":"2016","footprints":"2022"},"geometry":{"type":"Polygon","coordinates":[[[13.63045129835193,51.042135440354706],[13.63040618765637,51.04217043387775],[13.630457176283851,51.04219636467618],[13.630470783977394,51.04218575957253],[13.630502101586439,51.0421613689609],[13.63045129835193,51.042135440354706]]]}},{"type":"Feature","id":"UUID_a57905ac-8b0c-4a84-a1f2-d64569453367","properties":{"id":"UUID_a57905ac-8b0c-4a84-a1f2-d64569453367","height_m":7.619,"ground_m":291.011,"height_source":"LoD1 solid top minus bottom","production":"2024","laser":"2016","footprints":"2022"},"geometry":{"type":"Polygon","coordinates":[[[13.630360933400217,51.04214741204746],[13.630345192557854,51.042139412658415],[13.630307671989144,51.0421685597468],[13.630323407266976,51.042176747928025],[13.630360933400217,51.04214741204746]]]}},{"type":"Feature","id":"UUID_515a2ae6-50b7-45af-ab4a-05d7f81b2d0b","properties":{"id":"UUID_515a2ae6-50b7-45af-ab4a-05d7f81b2d0b","height_m":8.895,"ground_m":291.011,"height_source":"LoD1 solid top minus bottom","production":"2024","laser":"2016","footprints":"2022"},"geometry":{"type":"Polygon","coordinates":[[[13.630360933400217,51.04214741204746],[13.630299606613649,51.0421953541918],[13.630395592318665,51.04224432184216],[13.630457176283851,51.04219636467618],[13.630360933400217,51.04214741204746]]]}},{"type":"Feature","id":"DESNATPU1000IGC0","properties":{"id":"DESNATPU1000IGC0","height_m":2.704,"ground_m":269.043,"height_source":"LoD1 solid top minus bottom","production":"2024","laser":"2016","footprints":"2022"},"geometry":{"type":"Polygon","coordinates":[[[13.604491213415628,51.04317410137277],[13.604493559721138,51.043195712567886],[13.604561563096311,51.04318762160068],[13.604553239671828,51.04310856375648],[13.60451067739241,51.04310553744434],[13.604491213415628,51.04317410137277]]]}},{"type":"Feature","id":"UUID_8aa93ae3-8513-42a5-a6ab-fd57e4e98f2e","properties":{"id":"UUID_8aa93ae3-8513-42a5-a6ab-fd57e4e98f2e","height_m":5.255,"ground_m":279.54,"height_source":"LoD1 solid top minus bottom","production":"2024","laser":"2016","footprints":"2022"},"geometry":{"type":"Polygon","coordinates":[[[13.602294199018857,51.04398315734875],[13.60226843161712,51.04399655445926],[13.602321157106548,51.04403684419434],[13.602346909984888,51.044023455891534],[13.602294199018857,51.04398315734875]]]}},{"type":"Feature","id":"UUID_f4c0f083-9a08-4f1a-9309-09f901c45c45","properties":{"id":"UUID_f4c0f083-9a08-4f1a-9309-09f901c45c45","height_m":7.297,"ground_m":279.54,"height_source":"LoD1 solid top minus bottom","production":"2024","laser":"2016","footprints":"2022"},"geometry":{"type":"Polygon","coordinates":[[[13.60212217589324,51.04400383393446],[13.602228434888794,51.0440850526875],[13.602321157106548,51.04403684419434],[13.602214883524802,51.04395563434373],[13.60212217589324,51.04400383393446]]]}},{"type":"Feature","id":"DESNATPU1000FEg1","properties":{"id":"DESNATPU1000FEg1","height_m":6.914,"ground_m":294.108,"height_source":"LoD1 solid top minus bottom","production":"2024","laser":"2016","footprints":"2022"},"geometry":{"type":"Polygon","coordinates":[[[13.618775760460426,51.04259416285594],[13.61888297499289,51.04258176075631],[13.61885541354975,51.04248682886124],[13.618747763406695,51.042499495575235],[13.618775760460426,51.04259416285594]]]}},{"type":"Feature","id":"DESNATPU1000FsVB","properties":{"id":"DESNATPU1000FsVB","height_m":2.578,"ground_m":288.28,"height_source":"LoD1 solid top minus bottom","production":"2024","laser":"2016","footprints":"2022"},"geometry":{"type":"Polygon","coordinates":[[[13.62100702813943,51.0441918578897],[13.621054064849652,51.044298889772485],[13.621108984731128,51.04428937577248],[13.621096151388176,51.044260356890575],[13.621136878457893,51.04425319343447],[13.621102532303205,51.04417517878324],[13.62100702813943,51.0441918578897]]]}},{"type":"Feature","id":"DESNATP1h60000Jd","properties":{"id":"DESNATP1h60000Jd","height_m":3.689,"ground_m":276.782,"height_source":"LoD1 solid top minus bottom","production":"2024","laser":"2016","footprints":"2022"},"geometry":{"type":"Polygon","coordinates":[[[13.606221889545695,51.045344053547964],[13.606146837707291,51.04527509045769],[13.60600228703646,51.04533761207034],[13.60607733902744,51.04540656626208],[13.606221889545695,51.045344053547964]]]}},{"type":"Feature","id":"DESNATPU1000DXul","properties":{"id":"DESNATPU1000DXul","height_m":3.278,"ground_m":290.811,"height_source":"LoD1 solid top minus bottom","production":"2024","laser":"2016","footprints":"2022"},"geometry":{"type":"Polygon","coordinates":[[[13.621685472524407,51.04314498609315],[13.621706886770179,51.04319730800418],[13.62178974620071,51.04318362674042],[13.621768186596494,51.043131393060165],[13.621685472524407,51.04314498609315]]]}},{"type":"Feature","id":"DESNATP1h60000LY","properties":{"id":"DESNATP1h60000LY","height_m":3.31,"ground_m":299.894,"height_source":"LoD1 solid top minus bottom","production":"2024","laser":"2016","footprints":"2022"},"geometry":{"type":"Polygon","coordinates":[[[13.629842602128235,51.035146697665596],[13.629769875292865,51.03518153799537],[13.629819326359229,51.03522257729809],[13.62989205322295,51.03518773693799],[13.629842602128235,51.035146697665596]]]}},{"type":"Feature","id":"UUID_96a48be0-0e29-4fa9-a7ed-7f76a524268d","properties":{"id":"UUID_96a48be0-0e29-4fa9-a7ed-7f76a524268d","height_m":3.052,"ground_m":268.491,"height_source":"LoD1 solid top minus bottom","production":"2024","laser":"2016","footprints":"2022"},"geometry":{"type":"Polygon","coordinates":[[[13.604613795495116,51.043030238503164],[13.60461985932756,51.04300931228158],[13.604558817792878,51.0430022073286],[13.604552813945961,51.04302303534058],[13.604613795495116,51.043030238503164]]]}},{"type":"Feature","id":"UUID_291855dd-caf4-4560-853b-2cf8e8cc790c","properties":{"id":"UUID_291855dd-caf4-4560-853b-2cf8e8cc790c","height_m":4.235,"ground_m":268.491,"height_source":"LoD1 solid top minus bottom","production":"2024","laser":"2016","footprints":"2022"},"geometry":{"type":"Polygon","coordinates":[[[13.604558864895303,51.04300206400324],[13.604558817792878,51.0430022073286],[13.604597484093008,51.04300670691565],[13.60461985932756,51.04300931228158],[13.604619843716849,51.043009357060136],[13.604652114302558,51.043013069810385],[13.604676126662012,51.042930800891185],[13.60462149654551,51.04292443800831],[13.604567662309668,51.04291817453385],[13.60454364976547,51.04300044342949],[13.604558864895303,51.04300206400324]]]}},{"type":"Feature","id":"DESNATPU1000KZaU","properties":{"id":"DESNATPU1000KZaU","height_m":3.329,"ground_m":279.524,"height_source":"LoD1 solid top minus bottom","production":"2024","laser":"2016","footprints":"2022"},"geometry":{"type":"Polygon","coordinates":[[[13.62316247973543,51.0455466151613],[13.623173990036262,51.045575564257454],[13.623284587800649,51.04555365642012],[13.623272863918375,51.045524210205365],[13.623262667592535,51.04549857701979],[13.623132418524339,51.04552216879993],[13.623141850419383,51.04554904301325],[13.623142166562037,51.04554992804935],[13.623143255998293,51.045549752033104],[13.62316247973543,51.0455466151613]]]}},{"type":"Feature","id":"DESNATPU1000Bz9O","properties":{"id":"DESNATPU1000Bz9O","height_m":6.552,"ground_m":292.121,"height_source":"LoD1 solid top minus bottom","production":"2024","laser":"2016","footprints":"2022"},"geometry":{"type":"Polygon","coordinates":[[[13.622266773903895,51.04283753662769],[13.622129503846693,51.042853274561814],[13.622153590011418,51.04293575436673],[13.622290720370058,51.04291992482674],[13.622266773903895,51.04283753662769]]]}},{"type":"Feature","id":"UUID_c6d20e5a-4955-4c53-931e-44c57d230a5d","properties":{"id":"UUID_c6d20e5a-4955-4c53-931e-44c57d230a5d","height_m":6.118,"ground_m":298.219,"height_source":"LoD1 solid top minus bottom","production":"2024","laser":"2016","footprints":"2022"},"geometry":{"type":"Polygon","coordinates":[[[13.628292971295657,51.03897805139802],[13.628293087226497,51.03897798980807],[13.628291964118631,51.038993318642596],[13.628288816232704,51.03903663683125],[13.628334418696321,51.039038071442526],[13.628334071681195,51.039044991961184],[13.628385520373323,51.03904649517831],[13.628386009971477,51.03903957633317],[13.628459686878816,51.03904188001028],[13.62846304052792,51.03899883402214],[13.62846634388424,51.03895652486741],[13.628295061709402,51.03895073728728],[13.628292971295657,51.03897805139802]]]}},{"type":"Feature","id":"UUID_c296adc9-a221-4125-a45c-9f991c36a5e3","properties":{"id":"UUID_c296adc9-a221-4125-a45c-9f991c36a5e3","height_m":6.788,"ground_m":298.219,"height_source":"LoD1 solid top minus bottom","production":"2024","laser":"2016","footprints":"2022"},"geometry":{"type":"Polygon","coordinates":[[[13.628274833284301,51.03902711999017],[13.628288816232704,51.03903663683125],[13.628293087226497,51.03897798980807],[13.628277443307576,51.038987041952474],[13.628274833284301,51.03902711999017]]]}},{"type":"Feature","id":"DESNATP1h60000KH","properties":{"id":"DESNATP1h60000KH","height_m":2.238,"ground_m":287.117,"height_source":"LoD1 solid top minus bottom","production":"2024","laser":"2016","footprints":"2022"},"geometry":{"type":"Polygon","coordinates":[[[13.623189871735054,51.043647424217454],[13.623173685586274,51.043590955476816],[13.623060077513989,51.04360388870977],[13.623076249268061,51.04366035729696],[13.623189871735054,51.043647424217454]]]}},{"type":"Feature","id":"DESNATP1h60000JT","properties":{"id":"DESNATP1h60000JT","height_m":6.411,"ground_m":278.316,"height_source":"LoD1 solid top minus bottom","production":"2024","laser":"2016","footprints":"2022"},"geometry":{"type":"Polygon","coordinates":[[[13.6034377612179,51.044111499491976],[13.60343331493625,51.04400793704853],[13.60332462703931,51.04400978558941],[13.603325222073655,51.04402367787684],[13.603279934471365,51.0440244405668],[13.603283770857985,51.04411411954516],[13.6034377612179,51.044111499491976]]]}},{"type":"Feature","id":"DESNATPU1000CHwG","properties":{"id":"DESNATPU1000CHwG","height_m":2.683,"ground_m":287.13,"height_source":"LoD1 solid top minus bottom","production":"2024","laser":"2016","footprints":"2022"},"geometry":{"type":"Polygon","coordinates":[[[13.625667361543579,51.04305795248594],[13.625565950612678,51.04304105801917],[13.625527659765464,51.04311056397934],[13.625651997513831,51.0431177369326],[13.625667361543579,51.04305795248594]]]}},{"type":"Feature","id":"DESNATPU1000Gk9p","properties":{"id":"DESNATPU1000Gk9p","height_m":1.087,"ground_m":284.898,"height_source":"LoD1 solid top minus bottom","production":"2024","laser":"2016","footprints":"2022"},"geometry":{"type":"Polygon","coordinates":[[[13.621759076442897,51.04500533158696],[13.621858879911564,51.04500246181468],[13.621855362534689,51.04495754539655],[13.621755844379367,51.044960418530536],[13.621759076442897,51.04500533158696]]]}},{"type":"Feature","id":"UUID_0fb704f8-dd84-4944-9674-fa82bce82e1b","properties":{"id":"UUID_0fb704f8-dd84-4944-9674-fa82bce82e1b","height_m":5.919,"ground_m":268.766,"height_source":"LoD1 solid top minus bottom","production":"2024","laser":"2016","footprints":"2022"},"geometry":{"type":"Polygon","coordinates":[[[13.604675169506981,51.04316824036004],[13.60460631905283,51.04317508923846],[13.604619589897252,51.04322812648637],[13.604699028365973,51.04322022594464],[13.60481865822756,51.04320832671034],[13.604805387160548,51.04315528948313],[13.604675169506981,51.04316824036004]]]}},{"type":"Feature","id":"UUID_31922501-6057-455f-8c1b-a103cc7aebb8","properties":{"id":"UUID_31922501-6057-455f-8c1b-a103cc7aebb8","height_m":4.327,"ground_m":268.766,"height_source":"LoD1 solid top minus bottom","production":"2024","laser":"2016","footprints":"2022"},"geometry":{"type":"Polygon","coordinates":[[[13.604703358516048,51.04323753519514],[13.604699028365973,51.04322022594464],[13.604619589897252,51.04322812648637],[13.604623920018337,51.04324543573955],[13.604703358516048,51.04323753519514]]]}},{"type":"Feature","id":"UUID_57b7c633-a971-43ee-b269-39d797bd4b83","properties":{"id":"UUID_57b7c633-a971-43ee-b269-39d797bd4b83","height_m":4.81,"ground_m":268.766,"height_source":"LoD1 solid top minus bottom","production":"2024","laser":"2016","footprints":"2022"},"geometry":{"type":"Polygon","coordinates":[[[13.604675169506981,51.04316824036004],[13.604661503277692,51.04311364260971],[13.60459265290279,51.043120491480764],[13.60460631905283,51.04317508923846],[13.604675169506981,51.04316824036004]]]}}]}