{"type":"FeatureCollection","features":[{"type":"Feature","id":"DESNATPU1000JZ7R","properties":{"id":"DESNATPU1000JZ7R","height_m":2.951,"ground_m":214.02,"height_source":"LoD1 solid top minus bottom","production":"2023","laser":"2016","footprints":"2021"},"geometry":{"type":"Polygon","coordinates":[[[13.710891504275388,51.11474272114663],[13.710901013469826,51.11479633316513],[13.710986189051368,51.114790347761314],[13.710976679759325,51.11473673574897],[13.710891504275388,51.11474272114663]]]}},{"type":"Feature","id":"DESNATPU1000Gry4","properties":{"id":"DESNATPU1000Gry4","height_m":2.532,"ground_m":214.631,"height_source":"LoD1 solid top minus bottom","production":"2023","laser":"2016","footprints":"2021"},"geometry":{"type":"Polygon","coordinates":[[[13.71269550821388,51.11398336175313],[13.712749386943305,51.1139776150199],[13.712726024152799,51.11389085603536],[13.712672145521775,51.1138966027586],[13.71269550821388,51.11398336175313]]]}},{"type":"Feature","id":"DESNATP1e80002UD","properties":{"id":"DESNATP1e80002UD","height_m":8.83,"ground_m":217.512,"height_source":"LoD1 solid top minus bottom","production":"2023","laser":"2016","footprints":"2021"},"geometry":{"type":"Polygon","coordinates":[[[13.710332518097804,51.11369067568655],[13.710314879454657,51.113690472133854],[13.710173299995446,51.11368880245693],[13.71017168312528,51.113743793607576],[13.710219442872841,51.11374435643625],[13.710330886883698,51.11374567567323],[13.710332518097804,51.11369067568655]]]}},{"type":"Feature","id":"DESNATPU1000IsaE","properties":{"id":"DESNATPU1000IsaE","height_m":2.522,"ground_m":217.687,"height_source":"LoD1 solid top minus bottom","production":"2023","laser":"2016","footprints":"2021"},"geometry":{"type":"Polygon","coordinates":[[[13.71384067199582,51.11415091936411],[13.7140037599607,51.11410711974609],[13.71397437809289,51.11406417069806],[13.713811430583327,51.114108061748006],[13.71384067199582,51.11415091936411]]]}},{"type":"Feature","id":"DESNATPU1000C3Nn","properties":{"id":"DESNATPU1000C3Nn","height_m":2.706,"ground_m":212.621,"height_source":"LoD1 solid top minus bottom","production":"2023","laser":"2016","footprints":"2021"},"geometry":{"type":"Polygon","coordinates":[[[13.713986188545395,51.114776080799274],[13.713896693262386,51.11480387337752],[13.713928147500857,51.114844237321066],[13.714017785672578,51.11481644629027],[13.713986188545395,51.114776080799274]]]}},{"type":"Feature","id":"DESNATP1e80002U0","properties":{"id":"DESNATP1e80002U0","height_m":7.058,"ground_m":203.698,"height_source":"LoD1 solid top minus bottom","production":"2023","laser":"2016","footprints":"2021"},"geometry":{"type":"Polygon","coordinates":[[[13.71137743802214,51.11225086591712],[13.711328152407278,51.11228364105562],[13.711373126489926,51.112308282428614],[13.711448843647199,51.11225695864275],[13.711425239169806,51.11224372188061],[13.711395284922215,51.11226153923317],[13.71137743802214,51.11225086591712]]]}},{"type":"Feature","id":"UUID_291973db-eb3e-4b22-b88f-f423bd999d93","properties":{"id":"UUID_291973db-eb3e-4b22-b88f-f423bd999d93","height_m":3.856,"ground_m":146.74,"height_source":"LoD1 solid top minus bottom","production":"2023","laser":"2016","footprints":"2021"},"geometry":{"type":"Polygon","coordinates":[[[13.709164951550486,51.10442889053059],[13.709233395219746,51.10445780271524],[13.709392903157932,51.104308115575535],[13.709440792213229,51.104263167529815],[13.709372362726837,51.10423426461446],[13.709164951550486,51.10442889053059]]]}},{"type":"Feature","id":"UUID_622b4e1c-3ce0-49ca-b32b-081c217b4fb7","properties":{"id":"UUID_622b4e1c-3ce0-49ca-b32b-081c217b4fb7","height_m":3.816,"ground_m":146.74,"height_source":"LoD1 solid top minus bottom","production":"2023","laser":"2016","footprints":"2021"},"geometry":{"type":"Polygon","coordinates":[[[13.709392903157932,51.104308115575535],[13.709464353802488,51.104338301828896],[13.709512257100343,51.104293353911466],[13.709440792213229,51.104263167529815],[13.709392903157932,51.104308115575535]]]}},{"type":"Feature","id":"DESNATPU1000IZRb","properties":{"id":"DESNATPU1000IZRb","height_m":2.611,"ground_m":206.879,"height_source":"LoD1 solid top minus bottom","production":"2023","laser":"2016","footprints":"2021"},"geometry":{"type":"Polygon","coordinates":[[[13.712377535874584,51.11300990564686],[13.712479628494401,51.11303252273045],[13.712491511183211,51.11301107085123],[13.712506540558712,51.112984347866714],[13.712404448031073,51.11296173080712],[13.712377535874584,51.11300990564686]]]}},{"type":"Feature","id":"DESNATPU1000G7yj","properties":{"id":"DESNATPU1000G7yj","height_m":7.777,"ground_m":130.101,"height_source":"LoD1 solid top minus bottom","production":"2023","laser":"2016","footprints":"2021"},"geometry":{"type":"Polygon","coordinates":[[[13.694376715547744,51.10310645490127],[13.694405302858526,51.10295060462447],[13.694547533111011,51.102960951903654],[13.694570953652661,51.10283333534294],[13.694261847535643,51.10281087259841],[13.694238455474503,51.10293846244048],[13.694281988364203,51.10294162850937],[13.69425345725532,51.10309749737119],[13.694376715547744,51.10310645490127]]]}},{"type":"Feature","id":"DESNATP1e80002V8","properties":{"id":"DESNATP1e80002V8","height_m":3.23,"ground_m":207.397,"height_source":"LoD1 solid top minus bottom","production":"2023","laser":"2016","footprints":"2021"},"geometry":{"type":"Polygon","coordinates":[[[13.712439801747674,51.113259557131656],[13.71239671394054,51.11321839918506],[13.712299470205046,51.11329013397667],[13.712357501052441,51.113323614801715],[13.712439801747674,51.113259557131656]]]}},{"type":"Feature","id":"UUID_49e762ad-3c6e-4f87-80db-3da5f010e014","properties":{"id":"UUID_49e762ad-3c6e-4f87-80db-3da5f010e014","height_m":2.155,"ground_m":214.808,"height_source":"LoD1 solid top minus bottom","production":"2023","laser":"2016","footprints":"2021"},"geometry":{"type":"Polygon","coordinates":[[[13.709401786190972,51.11522952424211],[13.709410913396228,51.11524140556074],[13.70946275689455,51.115225700823984],[13.709453658244884,51.11521381982459],[13.709401786190972,51.11522952424211]]]}},{"type":"Feature","id":"UUID_1f356b64-6a9a-4247-9bf7-b224a0c5e3c2","properties":{"id":"UUID_1f356b64-6a9a-4247-9bf7-b224a0c5e3c2","height_m":2.283,"ground_m":214.808,"height_source":"LoD1 solid top minus bottom","production":"2023","laser":"2016","footprints":"2021"},"geometry":{"type":"Polygon","coordinates":[[[13.709449767717633,51.115291924341605],[13.709551785418785,51.115260946027156],[13.709533585560113,51.11523727394164],[13.709530563594152,51.1152380499406],[13.709510018300955,51.11521138433967],[13.70946275689455,51.115225700823984],[13.709410913396228,51.11524140556074],[13.709449767717633,51.115291924341605]]]}},{"type":"Feature","id":"DESNATPU1000HM63","properties":{"id":"DESNATPU1000HM63","height_m":7.515,"ground_m":208.342,"height_source":"LoD1 solid top minus bottom","production":"2023","laser":"2016","footprints":"2021"},"geometry":{"type":"Polygon","coordinates":[[[13.712034178033853,51.11320693313065],[13.71216257187174,51.11321365316605],[13.712173059956534,51.11313445215521],[13.712155655491227,51.113133541027295],[13.712044526012281,51.113127640659],[13.712042342231616,51.113144523075356],[13.712035102109068,51.11319938935446],[13.712034178033853,51.11320693313065]]]}},{"type":"Feature","id":"DESNATPU1000Ibc5","properties":{"id":"DESNATPU1000Ibc5","height_m":9.165,"ground_m":196.506,"height_source":"LoD1 solid top minus bottom","production":"2023","laser":"2016","footprints":"2021"},"geometry":{"type":"Polygon","coordinates":[[[13.712671770092436,51.110750330888635],[13.712669161719706,51.11071309892503],[13.712666941422555,51.11068143778186],[13.712648040925732,51.1106819580933],[13.712492046358975,51.110686292541104],[13.712492622403767,51.11071799853115],[13.71249270142468,51.11072235192019],[13.712495001879118,51.11075523697141],[13.712671770092436,51.110750330888635]]]}},{"type":"Feature","id":"DESNATPU1000IpFf","properties":{"id":"DESNATPU1000IpFf","height_m":3.35,"ground_m":211.281,"height_source":"LoD1 solid top minus bottom","production":"2023","laser":"2016","footprints":"2021"},"geometry":{"type":"Polygon","coordinates":[[[13.71231148022007,51.113931749894114],[13.712299658967526,51.11387388590734],[13.712153601838114,51.11388576643529],[13.712165427909305,51.11394345063442],[13.71231148022007,51.113931749894114]]]}},{"type":"Feature","id":"UUID_56591b25-c8b9-4fb8-a3a7-c91b827e5156","properties":{"id":"UUID_56591b25-c8b9-4fb8-a3a7-c91b827e5156","height_m":3.209,"ground_m":214.693,"height_source":"LoD1 solid top minus bottom","production":"2023","laser":"2016","footprints":"2021"},"geometry":{"type":"Polygon","coordinates":[[[13.71244968646902,51.11402551109642],[13.712446977316144,51.114012981267145],[13.712444432849013,51.114001208646755],[13.712416849323231,51.114003611723206],[13.712419436631311,51.11401538481601],[13.712422188874598,51.114027906127674],[13.71244964362116,51.11402551062458],[13.71244968646902,51.11402551109642]]]}},{"type":"Feature","id":"UUID_cec30987-4ed8-4187-aac6-73c6aa230a0c","properties":{"id":"UUID_cec30987-4ed8-4187-aac6-73c6aa230a0c","height_m":6.208,"ground_m":214.693,"height_source":"LoD1 solid top minus bottom","production":"2023","laser":"2016","footprints":"2021"},"geometry":{"type":"Polygon","coordinates":[[[13.712435202997987,51.1139585620559],[13.712444576174892,51.11400119223946],[13.712444432849013,51.114001208646755],[13.71244968646902,51.11402551109642],[13.71244964362116,51.11402551062458],[13.712452421439922,51.11403814013076],[13.712495529825704,51.11403437922569],[13.71249757321493,51.11404361934959],[13.71252332358747,51.11404137592439],[13.712521306009958,51.11403223500599],[13.71264047700582,51.11402183856648],[13.712622931744908,51.11394218497943],[13.712435202997987,51.1139585620559]]]}},{"type":"Feature","id":"DESNATP1e80002UA","properties":{"id":"DESNATP1e80002UA","height_m":7.366,"ground_m":217.517,"height_source":"LoD1 solid top minus bottom","production":"2023","laser":"2016","footprints":"2021"},"geometry":{"type":"Polygon","coordinates":[[[13.710219442872841,51.11374435643625],[13.710217844061326,51.113798187714224],[13.710378933555068,51.11380008152284],[13.710380531929255,51.113746259231384],[13.710219442872841,51.11374435643625]]]}},{"type":"Feature","id":"DESNATPU1000FCPZ","properties":{"id":"DESNATPU1000FCPZ","height_m":4.368,"ground_m":131.252,"height_source":"LoD1 solid top minus bottom","production":"2023","laser":"2016","footprints":"2021"},"geometry":{"type":"Polygon","coordinates":[[[13.69500463147727,51.102487393581164],[13.694466965008045,51.10244004167838],[13.694433446731924,51.102590953807805],[13.694971114912182,51.10263830587606],[13.69500463147727,51.102487393581164]]]}},{"type":"Feature","id":"DESNATP1e80002UV","properties":{"id":"DESNATP1e80002UV","height_m":2.745,"ground_m":211.627,"height_source":"LoD1 solid top minus bottom","production":"2023","laser":"2016","footprints":"2021"},"geometry":{"type":"Polygon","coordinates":[[[13.713220817077831,51.11547059129966],[13.713209827115746,51.115443437993484],[13.713135724462017,51.11545761343251],[13.713145861348258,51.115484100882384],[13.713220817077831,51.11547059129966]]]}},{"type":"Feature","id":"DESNATP1e80002Uy","properties":{"id":"DESNATP1e80002Uy","height_m":2.959,"ground_m":202.07,"height_source":"LoD1 solid top minus bottom","production":"2023","laser":"2016","footprints":"2021"},"geometry":{"type":"Polygon","coordinates":[[[13.711081103232543,51.11190856170803],[13.711080098067253,51.1119154211315],[13.711014124992733,51.11194258951262],[13.711038433380633,51.11196851397721],[13.711042332135047,51.111969078541186],[13.71107701288255,51.111955962664666],[13.711065601764847,51.11194402031958],[13.711092962742015,51.11193365647825],[13.711104387896167,51.11194560796822],[13.71114478629518,51.11193032488566],[13.711147170644907,51.11192062095247],[13.711122908466033,51.11189252076056],[13.711081103232543,51.11190856170803]]]}},{"type":"Feature","id":"DESNATP1e80002Vi","properties":{"id":"DESNATP1e80002Vi","height_m":4.576,"ground_m":208.15,"height_source":"LoD1 solid top minus bottom","production":"2023","laser":"2016","footprints":"2021"},"geometry":{"type":"Polygon","coordinates":[[[13.712307147869712,51.11273073121414],[13.712267960528333,51.11263305142916],[13.712207292596291,51.1126399911434],[13.712205328468988,51.112626875985924],[13.712134991426753,51.11263628110588],[13.712139227366471,51.11264887272725],[13.71214738350803,51.11267359385857],[13.71219750915552,51.11266558482173],[13.712227181222193,51.11274014724103],[13.712249619692422,51.11273829905526],[13.712307147869712,51.11273073121414]]]}},{"type":"Feature","id":"DESNATPU1000Hz2P","properties":{"id":"DESNATPU1000Hz2P","height_m":4.46,"ground_m":216.48,"height_source":"LoD1 solid top minus bottom","production":"2023","laser":"2016","footprints":"2021"},"geometry":{"type":"Polygon","coordinates":[[[13.707421953431504,51.116361187856135],[13.707516215965754,51.11633074607969],[13.707500381875967,51.11631140738347],[13.70748673130845,51.116294718721015],[13.707392655766299,51.11632511757687],[13.707421953431504,51.116361187856135]]]}},{"type":"Feature","id":"DESNATPU1000Fwso","properties":{"id":"DESNATPU1000Fwso","height_m":8.075,"ground_m":211.993,"height_source":"LoD1 solid top minus bottom","production":"2023","laser":"2016","footprints":"2021"},"geometry":{"type":"Polygon","coordinates":[[[13.71191621446307,51.11421803444928],[13.711905604384361,51.114114059680496],[13.711744494175695,51.11412057602294],[13.711755104143748,51.1142245418136],[13.71191621446307,51.11421803444928]]]}},{"type":"Feature","id":"DESNATPU1000CuyQ","properties":{"id":"DESNATPU1000CuyQ","height_m":5.685,"ground_m":215.272,"height_source":"LoD1 solid top minus bottom","production":"2023","laser":"2016","footprints":"2021"},"geometry":{"type":"Polygon","coordinates":[[[13.709806744414545,51.11552509052389],[13.709541235890448,51.11560372516486],[13.709588754428838,51.115667379083696],[13.709854263241056,51.11558874433769],[13.709806744414545,51.11552509052389]]]}},{"type":"Feature","id":"DESNATP1e80002Ux","properties":{"id":"DESNATP1e80002Ux","height_m":3.0,"ground_m":214.5,"height_source":"LoD1 solid top minus bottom","production":"2023","laser":"2016","footprints":"2021"},"geometry":{"type":"Polygon","coordinates":[[[13.710988593345837,51.114900590056145],[13.710992013208688,51.1149004029384],[13.710992104706614,51.11490122229215],[13.71099654040526,51.11490098342376],[13.710998353190393,51.114914393691635],[13.711037785117327,51.11491237336501],[13.71103419474984,51.11488326005393],[13.710986750427193,51.114885695643444],[13.710988593345837,51.114900590056145]]]}},{"type":"Feature","id":"UUID_164cbe90-dd08-47ef-81bb-7f84e180c343","properties":{"id":"UUID_164cbe90-dd08-47ef-81bb-7f84e180c343","height_m":5.36,"ground_m":216.403,"height_source":"LoD1 solid top minus bottom","production":"2023","laser":"2016","footprints":"2021"},"geometry":{"type":"Polygon","coordinates":[[[13.71241207514302,51.1140849080413],[13.712413391003574,51.11411569590269],[13.712373855752546,51.114116834258226],[13.712380913953572,51.114134295075615],[13.71248269499086,51.11413017310963],[13.712482686705089,51.11412995719114],[13.712497942036874,51.114129558632435],[13.712497158564437,51.11411765252733],[13.712502338378176,51.114117367839214],[13.712500451080679,51.11408246397582],[13.71241207514302,51.1140849080413]]]}},{"type":"Feature","id":"UUID_678c0072-c670-4877-a4f0-e20285d8a09c","properties":{"id":"UUID_678c0072-c670-4877-a4f0-e20285d8a09c","height_m":3.9,"ground_m":216.403,"height_source":"LoD1 solid top minus bottom","production":"2023","laser":"2016","footprints":"2021"},"geometry":{"type":"Polygon","coordinates":[[[13.71248380486276,51.11414729863452],[13.71248269499086,51.11413017310963],[13.712424066439413,51.11413254907003],[13.712380927736445,51.114134313213015],[13.712405434358185,51.114194807892666],[13.712438334019616,51.11419390220932],[13.712466744173408,51.11419311794187],[13.712463817467599,51.1141478069526],[13.71248380486276,51.11414729863452]]]}},{"type":"Feature","id":"UUID_62e9e189-ce14-412c-ae46-2198ccb90f24","properties":{"id":"UUID_62e9e189-ce14-412c-ae46-2198ccb90f24","height_m":6.998,"ground_m":209.304,"height_source":"LoD1 solid top minus bottom","production":"2023","laser":"2016","footprints":"2021"},"geometry":{"type":"Polygon","coordinates":[[[13.712056398438447,51.11279618875099],[13.712198383063651,51.11278215918319],[13.712195301356559,51.112771729557856],[13.7121952354435,51.112771530990166],[13.712123815369479,51.11277928748463],[13.712053871341444,51.11278688033897],[13.712056398438447,51.11279618875099]]]}},{"type":"Feature","id":"UUID_9e2f3da6-43a4-4aeb-8b8c-dc305b46af0f","properties":{"id":"UUID_9e2f3da6-43a4-4aeb-8b8c-dc305b46af0f","height_m":3.481,"ground_m":209.304,"height_source":"LoD1 solid top minus bottom","production":"2023","laser":"2016","footprints":"2021"},"geometry":{"type":"Polygon","coordinates":[[[13.71206130927742,51.11281430939139],[13.712018980806539,51.112818834119935],[13.712028635466504,51.11285697104556],[13.712071637486915,51.11285237279764],[13.71206130927742,51.11281430939139]]]}},{"type":"Feature","id":"UUID_8da21624-57e4-4824-af4d-ce5f91a5fcae","properties":{"id":"UUID_8da21624-57e4-4824-af4d-ce5f91a5fcae","height_m":8.378,"ground_m":209.304,"height_source":"LoD1 solid top minus bottom","production":"2023","laser":"2016","footprints":"2021"},"geometry":{"type":"Polygon","coordinates":[[[13.712071961301506,51.11285357240761],[13.712248599003653,51.112835149312644],[13.71223293727615,51.112778744806974],[13.712056398438447,51.11279618875099],[13.712071961301506,51.11285357240761]]]}},{"type":"Feature","id":"UUID_c271d195-f3fd-44ee-8a59-02312528310d","properties":{"id":"UUID_c271d195-f3fd-44ee-8a59-02312528310d","height_m":3.13,"ground_m":209.304,"height_source":"LoD1 solid top minus bottom","production":"2023","laser":"2016","footprints":"2021"},"geometry":{"type":"Polygon","coordinates":[[[13.712121107516673,51.11276877204722],[13.712123815369479,51.11277928748463],[13.7121952354435,51.112771530990166],[13.712192065545267,51.11276119032139],[13.712178120398262,51.11275507449338],[13.712131137771852,51.1127599976391],[13.712121107516673,51.11276877204722]]]}},{"type":"Feature","id":"DESNATPU1000IQGa","properties":{"id":"DESNATPU1000IQGa","height_m":3.182,"ground_m":212.906,"height_source":"LoD1 solid top minus bottom","production":"2023","laser":"2016","footprints":"2021"},"geometry":{"type":"Polygon","coordinates":[[[13.710543134190525,51.1155964333588],[13.710548386100912,51.115659261034615],[13.710619746422111,51.11565690051037],[13.710614491912624,51.115594162737494],[13.710543134190525,51.1155964333588]]]}},{"type":"Feature","id":"DESNATPU1000GlUj","properties":{"id":"DESNATPU1000GlUj","height_m":4.343,"ground_m":215.147,"height_source":"LoD1 solid top minus bottom","production":"2023","laser":"2016","footprints":"2021"},"geometry":{"type":"Polygon","coordinates":[[[13.712555823849707,51.11463983607483],[13.712566399306402,51.114685995666854],[13.712599630402927,51.114682944306736],[13.712611724969596,51.114736135005884],[13.712705399567971,51.11472763401759],[13.712696601207213,51.11468949759814],[13.71269253286997,51.114671377274796],[13.712689602586668,51.11465857523417],[13.712682586486595,51.11462828217324],[13.712555823849707,51.11463983607483]]]}},{"type":"Feature","id":"DESNATPU1000BY3V","properties":{"id":"DESNATPU1000BY3V","height_m":3.922,"ground_m":130.491,"height_source":"LoD1 solid top minus bottom","production":"2023","laser":"2016","footprints":"2021"},"geometry":{"type":"Polygon","coordinates":[[[13.693404072200217,51.1031849235004],[13.693642356250109,51.1031984676431],[13.693652023543457,51.10313117438314],[13.693659169248967,51.10308137997728],[13.693420871515839,51.10306783571336],[13.693404072200217,51.1031849235004]]]}},{"type":"Feature","id":"DESNATPU1000Ep5B","properties":{"id":"DESNATPU1000Ep5B","height_m":3.085,"ground_m":216.036,"height_source":"LoD1 solid top minus bottom","production":"2023","laser":"2016","footprints":"2021"},"geometry":{"type":"Polygon","coordinates":[[[13.711331103002564,51.11471258505826],[13.711417243447709,51.1147129948652],[13.711418014792478,51.114659586119195],[13.71133187694761,51.1146590864131],[13.711331103002564,51.11471258505826]]]}},{"type":"Feature","id":"UUID_127b28dc-4505-41bd-8874-13ee18f7c2bb","properties":{"id":"UUID_127b28dc-4505-41bd-8874-13ee18f7c2bb","height_m":3.379,"ground_m":202.163,"height_source":"LoD1 solid top minus bottom","production":"2023","laser":"2016","footprints":"2021"},"geometry":{"type":"Polygon","coordinates":[[[13.711176214791388,51.11196324327762],[13.711116859036773,51.11198569149425],[13.711132031797217,51.112001587171775],[13.711154064465967,51.11199325990315],[13.711158284387167,51.11199768591761],[13.711195607738752,51.11198355597072],[13.711176214791388,51.11196324327762]]]}},{"type":"Feature","id":"UUID_a14e8cfe-3670-4f6b-b7b9-1b33b445b9fe","properties":{"id":"UUID_a14e8cfe-3670-4f6b-b7b9-1b33b445b9fe","height_m":3.321,"ground_m":202.163,"height_source":"LoD1 solid top minus bottom","production":"2023","laser":"2016","footprints":"2021"},"geometry":{"type":"Polygon","coordinates":[[[13.711092962742015,51.11193365647825],[13.711065601764847,51.11194402031958],[13.71107701288255,51.111955962664666],[13.711042332135047,51.111969078541186],[13.711057907536052,51.111985392336436],[13.711073760833868,51.112001987970075],[13.711116859036773,51.11198569149425],[13.711176214791388,51.11196324327762],[13.711160361469624,51.11194664765758],[13.71114478629518,51.11193032488566],[13.711104387896167,51.11194560796822],[13.711092962742015,51.11193365647825]]]}},{"type":"Feature","id":"DESNATPU1000BFB1","properties":{"id":"DESNATPU1000BFB1","height_m":5.123,"ground_m":131.352,"height_source":"LoD1 solid top minus bottom","production":"2023","laser":"2016","footprints":"2021"},"geometry":{"type":"Polygon","coordinates":[[[13.695048728344338,51.10300261753221],[13.695197745967269,51.10301491028781],[13.695266138146486,51.10268658987554],[13.69511709325308,51.10267428790524],[13.695048728344338,51.10300261753221]]]}},{"type":"Feature","id":"DESNATPU1000IiWo","properties":{"id":"DESNATPU1000IiWo","height_m":9.307,"ground_m":215.116,"height_source":"LoD1 solid top minus bottom","production":"2023","laser":"2016","footprints":"2021"},"geometry":{"type":"Polygon","coordinates":[[[13.71052527698324,51.11326107512541],[13.710606094617491,51.11324730813294],[13.710576840795989,51.113179359624006],[13.710495737625276,51.113193123446834],[13.71052527698324,51.11326107512541]]]}},{"type":"Feature","id":"DESNATPU1000JeTY","properties":{"id":"DESNATPU1000JeTY","height_m":8.504,"ground_m":213.573,"height_source":"LoD1 solid top minus bottom","production":"2023","laser":"2016","footprints":"2021"},"geometry":{"type":"Polygon","coordinates":[[[13.712113700014914,51.115377502571135],[13.712268737307094,51.115361404437145],[13.712260591239072,51.11533064926873],[13.712241862782959,51.11525913008739],[13.712086830824193,51.115275048387446],[13.712113700014914,51.115377502571135]]]}},{"type":"Feature","id":"DESNATPU1000JVMu","properties":{"id":"DESNATPU1000JVMu","height_m":3.06,"ground_m":213.817,"height_source":"LoD1 solid top minus bottom","production":"2023","laser":"2016","footprints":"2021"},"geometry":{"type":"Polygon","coordinates":[[[13.709779257799877,51.11971767994556],[13.709911239340054,51.11967318302812],[13.709876901005124,51.11963377542026],[13.709746212650462,51.119678016785016],[13.709779257799877,51.11971767994556]]]}},{"type":"Feature","id":"DESNATPU1000BhHO","properties":{"id":"DESNATPU1000BhHO","height_m":2.594,"ground_m":199.479,"height_source":"LoD1 solid top minus bottom","production":"2023","laser":"2016","footprints":"2021"},"geometry":{"type":"Polygon","coordinates":[[[13.71188203802916,51.11142918697774],[13.711771728657476,51.111406271984166],[13.711711758774243,51.11152071015019],[13.71182206863668,51.11154361621159],[13.71188203802916,51.11142918697774]]]}},{"type":"Feature","id":"DESNATPU1000DRX6","properties":{"id":"DESNATPU1000DRX6","height_m":3.109,"ground_m":203.403,"height_source":"LoD1 solid top minus bottom","production":"2023","laser":"2016","footprints":"2021"},"geometry":{"type":"Polygon","coordinates":[[[13.711181655548268,51.11223087521605],[13.711282966400642,51.11229691999267],[13.711329376501984,51.11226685598558],[13.711239947260127,51.11219995300711],[13.711181655548268,51.11223087521605]]]}},{"type":"Feature","id":"DESNATPU1000JQgl","properties":{"id":"DESNATPU1000JQgl","height_m":5.683,"ground_m":211.176,"height_source":"LoD1 solid top minus bottom","production":"2023","laser":"2016","footprints":"2021"},"geometry":{"type":"Polygon","coordinates":[[[13.711860903840373,51.11385241621201],[13.711739857971535,51.11385677501285],[13.711749671810068,51.11396470685592],[13.711829973594059,51.113961814623806],[13.711870703677793,51.113960347889666],[13.711860903840373,51.11385241621201]]]}},{"type":"Feature","id":"DESNATPU1000GyJH","properties":{"id":"DESNATPU1000GyJH","height_m":3.068,"ground_m":204.429,"height_source":"LoD1 solid top minus bottom","production":"2023","laser":"2016","footprints":"2021"},"geometry":{"type":"Polygon","coordinates":[[[13.714189435704357,51.11324953987317],[13.714159857515082,51.113326912403444],[13.71428918065037,51.11334650002777],[13.714318898966244,51.113269218934654],[13.714189435704357,51.11324953987317]]]}},{"type":"Feature","id":"DESNATPU1000CHIH","properties":{"id":"DESNATPU1000CHIH","height_m":8.049,"ground_m":202.295,"height_source":"LoD1 solid top minus bottom","production":"2023","laser":"2016","footprints":"2021"},"geometry":{"type":"Polygon","coordinates":[[[13.712721389011048,51.11212142585181],[13.71275602387304,51.11220660932759],[13.71285360648363,51.11219095701838],[13.712818973950727,51.11210568366955],[13.712721389011048,51.11212142585181]]]}},{"type":"Feature","id":"DESNATPU1000BfiN","properties":{"id":"DESNATPU1000BfiN","height_m":7.017,"ground_m":214.233,"height_source":"LoD1 solid top minus bottom","production":"2023","laser":"2016","footprints":"2021"},"geometry":{"type":"Polygon","coordinates":[[[13.712219357218144,51.115174439811355],[13.71206531534613,51.11519072869887],[13.712073433765802,51.115222472785774],[13.712053086934123,51.1152245867875],[13.712061202851293,51.11525642077551],[13.712081549696638,51.11525430677249],[13.712086830824193,51.115275048387446],[13.712241862782959,51.11525913008739],[13.712219357218144,51.115174439811355]]]}},{"type":"Feature","id":"UUID_9d20dd4d-5b92-4b9c-a854-1f62332be46b","properties":{"id":"UUID_9d20dd4d-5b92-4b9c-a854-1f62332be46b","height_m":6.291,"ground_m":210.403,"height_source":"LoD1 solid top minus bottom","production":"2023","laser":"2016","footprints":"2021"},"geometry":{"type":"Polygon","coordinates":[[[13.713692486929677,51.113585980087784],[13.713718382633651,51.11357952037487],[13.713692858696382,51.1135396622523],[13.71368688840685,51.113530342976176],[13.713674420578378,51.113511141068564],[13.7135720421234,51.11353734381708],[13.713590388698929,51.11356555825457],[13.71360650186645,51.11359033984433],[13.71361606587157,51.11360504038786],[13.713692486929677,51.113585980087784]]]}},{"type":"Feature","id":"UUID_ead2600c-f604-4b7b-b97e-eec23b921a0a","properties":{"id":"UUID_ead2600c-f604-4b7b-b97e-eec23b921a0a","height_m":6.846,"ground_m":210.403,"height_source":"LoD1 solid top minus bottom","production":"2023","laser":"2016","footprints":"2021"},"geometry":{"type":"Polygon","coordinates":[[[13.7135720421234,51.11353734381708],[13.713545062504872,51.11354425020448],[13.713579305737616,51.113597324792806],[13.71360650186645,51.11359033984433],[13.7135720421234,51.11353734381708]]]}},{"type":"Feature","id":"UUID_6b67cff2-b7fe-46a7-95e7-af15db024c03","properties":{"id":"UUID_6b67cff2-b7fe-46a7-95e7-af15db024c03","height_m":5.177,"ground_m":210.403,"height_source":"LoD1 solid top minus bottom","production":"2023","laser":"2016","footprints":"2021"},"geometry":{"type":"Polygon","coordinates":[[[13.713702350947411,51.11360119651448],[13.713692486929677,51.113585980087784],[13.71361606587157,51.11360504038786],[13.713626232349814,51.11362068281044],[13.713702350947411,51.11360119651448]]]}},{"type":"Feature","id":"DESNATPU1000J1Oe","properties":{"id":"DESNATPU1000J1Oe","height_m":2.889,"ground_m":213.225,"height_source":"LoD1 solid top minus bottom","production":"2023","laser":"2016","footprints":"2021"},"geometry":{"type":"Polygon","coordinates":[[[13.713608346376475,51.11364224860819],[13.713619851882529,51.11366009101446],[13.713647188371159,51.11365319752878],[13.713635542527548,51.11363526365319],[13.713608346376475,51.11364224860819]]]}},{"type":"Feature","id":"DESNATPU1000Bdrc","properties":{"id":"DESNATPU1000Bdrc","height_m":6.382,"ground_m":208.637,"height_source":"LoD1 solid top minus bottom","production":"2023","laser":"2016","footprints":"2021"},"geometry":{"type":"Polygon","coordinates":[[[13.712642288333464,51.11265958366113],[13.712654280843818,51.11269586677912],[13.71269457374036,51.11269055502083],[13.712699057466835,51.11270400366579],[13.712733469677586,51.112699526427555],[13.712728983443409,51.11268616768439],[13.712775011688363,51.11268010969107],[13.712763017838066,51.112643871534985],[13.712751024006042,51.112607633377586],[13.712630295841404,51.112623300541806],[13.712642288333464,51.11265958366113]]]}},{"type":"Feature","id":"DESNATPU1000FVxg","properties":{"id":"DESNATPU1000FVxg","height_m":3.888,"ground_m":213.092,"height_source":"LoD1 solid top minus bottom","production":"2023","laser":"2016","footprints":"2021"},"geometry":{"type":"Polygon","coordinates":[[[13.71408242987242,51.11473172566565],[13.71412545949523,51.11478228879886],[13.714294631867224,51.114725246341976],[13.714250780075137,51.114673415237924],[13.714173046983243,51.114699538810704],[13.714157138289325,51.11468074875996],[13.714109976737307,51.114696686919046],[13.71412685277396,51.11471665667881],[13.71408242987242,51.11473172566565]]]}},{"type":"Feature","id":"UUID_3287c24f-db06-4c7b-8389-5339a4a3635e","properties":{"id":"UUID_3287c24f-db06-4c7b-8389-5339a4a3635e","height_m":5.45,"ground_m":198.603,"height_source":"LoD1 solid top minus bottom","production":"2023","laser":"2016","footprints":"2021"},"geometry":{"type":"Polygon","coordinates":[[[13.712017994916964,51.11145608044653],[13.712007926472127,51.11146675190733],[13.712043274641879,51.111479965043344],[13.712053342831625,51.11146930256956],[13.712112444826216,51.11149140144903],[13.712139867854946,51.1114623420022],[13.712164479552342,51.11143625518029],[13.712020146113893,51.111382300178256],[13.71199553461493,51.111408377979586],[13.71199257574181,51.11141151984482],[13.711968125810651,51.11143743754973],[13.712017994916964,51.11145608044653]]]}},{"type":"Feature","id":"UUID_794974a7-e9d4-4a92-b348-45fd4ae784dc","properties":{"id":"UUID_794974a7-e9d4-4a92-b348-45fd4ae784dc","height_m":5.636,"ground_m":198.603,"height_source":"LoD1 solid top minus bottom","production":"2023","laser":"2016","footprints":"2021"},"geometry":{"type":"Polygon","coordinates":[[[13.711968125810651,51.11143743754973],[13.71199257574181,51.11141151984482],[13.711974038995438,51.11140459801144],[13.71194958930765,51.11143050672241],[13.711968125810651,51.11143743754973]]]}},{"type":"Feature","id":"UUID_265078c4-f7af-4ac3-9739-ff1a5bf2ba4f","properties":{"id":"UUID_265078c4-f7af-4ac3-9739-ff1a5bf2ba4f","height_m":4.996,"ground_m":164.722,"height_source":"LoD1 solid top minus bottom","production":"2023","laser":"2016","footprints":"2021"},"geometry":{"type":"Polygon","coordinates":[[[13.703951187795615,51.110463915607276],[13.703882628740462,51.1104864200127],[13.70388268410584,51.11048648357617],[13.703933897632565,51.11054781574844],[13.704001705818145,51.110525599752634],[13.703951187795615,51.110463915607276]]]}},{"type":"Feature","id":"UUID_264c2859-79cc-4ff0-80d7-71d5484ac57a","properties":{"id":"UUID_264c2859-79cc-4ff0-80d7-71d5484ac57a","height_m":6.608,"ground_m":164.722,"height_source":"LoD1 solid top minus bottom","production":"2023","laser":"2016","footprints":"2021"},"geometry":{"type":"Polygon","coordinates":[[[13.703882628740462,51.1104864200127],[13.703951187795615,51.110463915607276],[13.703954734738236,51.110462749888384],[13.703923997342788,51.11042577243207],[13.703894200199795,51.11038991150672],[13.703778262378558,51.11042797876393],[13.703807886819929,51.1104638827683],[13.703838436726965,51.11050092112637],[13.70388268410584,51.11048648357617],[13.703882628740462,51.1104864200127]]]}},{"type":"Feature","id":"DESNATP1e80002VR","properties":{"id":"DESNATP1e80002VR","height_m":3.979,"ground_m":216.54,"height_source":"LoD1 solid top minus bottom","production":"2023","laser":"2016","footprints":"2021"},"geometry":{"type":"Polygon","coordinates":[[[13.711727698453942,51.114573475346454],[13.711824958460284,51.11457064406324],[13.711820256093871,51.11450649155961],[13.711816209571406,51.11450660884764],[13.711722996222079,51.11450932283992],[13.711727698453942,51.114573475346454]]]}},{"type":"Feature","id":"DESNATPU1000FP2f","properties":{"id":"DESNATPU1000FP2f","height_m":3.044,"ground_m":211.522,"height_source":"LoD1 solid top minus bottom","production":"2023","laser":"2016","footprints":"2021"},"geometry":{"type":"Polygon","coordinates":[[[13.712439631921715,51.11581310634358],[13.712345947200209,51.115816750902404],[13.71235178251849,51.11587409930237],[13.71244502597248,51.115865773623206],[13.712440968563422,51.11582670019082],[13.712439631921715,51.11581310634358]]]}},{"type":"Feature","id":"UUID_e15a7537-caca-4fb6-a0c7-f9e31a561b3a","properties":{"id":"UUID_e15a7537-caca-4fb6-a0c7-f9e31a561b3a","height_m":3.684,"ground_m":214.151,"height_source":"LoD1 solid top minus bottom","production":"2023","laser":"2016","footprints":"2021"},"geometry":{"type":"Polygon","coordinates":[[[13.712163440270546,51.11411772724755],[13.712142470241169,51.11411966353583],[13.71214950730635,51.11415124283506],[13.712170604644031,51.114149352911724],[13.712163440270546,51.11411772724755]]]}},{"type":"Feature","id":"UUID_2c6baa9a-18b3-4d7d-be11-c81e13a9c795","properties":{"id":"UUID_2c6baa9a-18b3-4d7d-be11-c81e13a9c795","height_m":7.542,"ground_m":214.151,"height_source":"LoD1 solid top minus bottom","production":"2023","laser":"2016","footprints":"2021"},"geometry":{"type":"Polygon","coordinates":[[[13.71215455969399,51.11407845678263],[13.712163440270546,51.11411772724755],[13.712170604644031,51.114149352911724],[13.712176164106467,51.11417395550477],[13.712315982328736,51.11416143069598],[13.712311117124468,51.11414011812883],[13.712294180924848,51.11406581292456],[13.71215455969399,51.11407845678263]]]}},{"type":"Feature","id":"UUID_43fa28aa-23ce-41c5-869b-2d5f2cd4a228","properties":{"id":"UUID_43fa28aa-23ce-41c5-869b-2d5f2cd4a228","height_m":7.825,"ground_m":202.824,"height_source":"LoD1 solid top minus bottom","production":"2023","laser":"2016","footprints":"2021"},"geometry":{"type":"Polygon","coordinates":[[[13.711543443859709,51.11234855873149],[13.711495714167,51.112379840294935],[13.711496698161628,51.11238041768572],[13.711507099391854,51.11238655749083],[13.71155384508913,51.11235469853248],[13.711543443859709,51.11234855873149]]]}},{"type":"Feature","id":"UUID_81d2edcb-e745-4c84-8f5a-772ea409cfa7","properties":{"id":"UUID_81d2edcb-e745-4c84-8f5a-772ea409cfa7","height_m":5.287,"ground_m":202.824,"height_source":"LoD1 solid top minus bottom","production":"2023","laser":"2016","footprints":"2021"},"geometry":{"type":"Polygon","coordinates":[[[13.711544783452664,51.11229012025554],[13.71150527841726,51.11226711296069],[13.711491878862844,51.11227631781062],[13.711530219829339,51.1123000856631],[13.711544783452664,51.11229012025554]]]}},{"type":"Feature","id":"UUID_48541dc4-093f-48f5-bd86-a24109ec9993","properties":{"id":"UUID_48541dc4-093f-48f5-bd86-a24109ec9993","height_m":9.12,"ground_m":202.824,"height_source":"LoD1 solid top minus bottom","production":"2023","laser":"2016","footprints":"2021"},"geometry":{"type":"Polygon","coordinates":[[[13.711491878862844,51.11227631781062],[13.711411646750907,51.112330739346405],[13.711495714167,51.112379840294935],[13.711543443859709,51.11234855873149],[13.711575021083611,51.11232786354253],[13.711529782865535,51.11230038660311],[13.711530219829339,51.1123000856631],[13.711491878862844,51.11227631781062]]]}},{"type":"Feature","id":"DESNATPU1000Dqbg","properties":{"id":"DESNATPU1000Dqbg","height_m":2.822,"ground_m":211.401,"height_source":"LoD1 solid top minus bottom","production":"2023","laser":"2016","footprints":"2021"},"geometry":{"type":"Polygon","coordinates":[[[13.713904478397597,51.11566123362824],[13.71379545814995,51.11570160811825],[13.713830216220135,51.1157387800089],[13.71390500901053,51.115711077557805],[13.71393212179831,51.115740071803984],[13.713966335294668,51.11572739057838],[13.713904478397597,51.11566123362824]]]}},{"type":"Feature","id":"DESNATPU1000HgK4","properties":{"id":"DESNATPU1000HgK4","height_m":7.462,"ground_m":198.912,"height_source":"LoD1 solid top minus bottom","production":"2023","laser":"2016","footprints":"2021"},"geometry":{"type":"Polygon","coordinates":[[[13.712069880419785,51.11182614843961],[13.71205712872067,51.111837752576996],[13.712091259579987,51.11185262494906],[13.712104025806651,51.1118410119752],[13.712122135610496,51.111848909299795],[13.712155260767316,51.1118187615804],[13.71218577672243,51.111790995184556],[13.71210194553975,51.11175447826451],[13.712100157159888,51.11175611324138],[13.712071429559238,51.111782244638455],[13.712070564681884,51.111783035471134],[13.712038304624771,51.111812383344024],[13.712069880419785,51.11182614843961]]]}},{"type":"Feature","id":"DESNATPU1000DZYh","properties":{"id":"DESNATPU1000DZYh","height_m":3.0,"ground_m":216.383,"height_source":"LoD1 solid top minus bottom","production":"2023","laser":"2016","footprints":"2021"},"geometry":{"type":"Polygon","coordinates":[[[13.70762185041831,51.1161994587318],[13.707651391850307,51.11623191654149],[13.707734871850697,51.1162018050503],[13.707721244740902,51.11618683429976],[13.707709502726004,51.116173943734466],[13.707705835810474,51.11616915500586],[13.70762185041831,51.1161994587318]]]}},{"type":"Feature","id":"DESNATP1e80002U3","properties":{"id":"DESNATP1e80002U3","height_m":3.603,"ground_m":214.45,"height_source":"LoD1 solid top minus bottom","production":"2023","laser":"2016","footprints":"2021"},"geometry":{"type":"Polygon","coordinates":[[[13.711106912616211,51.11307030308909],[13.711068278393011,51.11307400488924],[13.711088164202911,51.11315826187203],[13.711127283094237,51.113154601379044],[13.711106912616211,51.11307030308909]]]}},{"type":"Feature","id":"DESNATP1e80002Uu","properties":{"id":"DESNATP1e80002Uu","height_m":7.568,"ground_m":214.999,"height_source":"LoD1 solid top minus bottom","production":"2023","laser":"2016","footprints":"2021"},"geometry":{"type":"Polygon","coordinates":[[[13.711156417134328,51.11483466136201],[13.711299149078148,51.114827385705695],[13.711285621178122,51.114725626926905],[13.7112078875022,51.11472962623364],[13.711211135474032,51.11475461706207],[13.711146541905162,51.11475773598662],[13.711156417134328,51.11483466136201]]]}},{"type":"Feature","id":"DESNATPU1000C0yD","properties":{"id":"DESNATPU1000C0yD","height_m":2.754,"ground_m":211.185,"height_source":"LoD1 solid top minus bottom","production":"2023","laser":"2016","footprints":"2021"},"geometry":{"type":"Polygon","coordinates":[[[13.707758386118831,51.113618656903924],[13.707681159954378,51.113641904075976],[13.707718090243352,51.11369060363049],[13.707795318979104,51.113667266534335],[13.707758386118831,51.113618656903924]]]}},{"type":"Feature","id":"DESNATP1e80002Uv","properties":{"id":"DESNATP1e80002Uv","height_m":3.0,"ground_m":209.439,"height_source":"LoD1 solid top minus bottom","production":"2023","laser":"2016","footprints":"2021"},"geometry":{"type":"Polygon","coordinates":[[[13.707695977597965,51.11384411823368],[13.707656281117364,51.11378753737855],[13.707541487787543,51.113820234326994],[13.707583477624901,51.11387705639883],[13.707695977597965,51.11384411823368]]]}},{"type":"Feature","id":"DESNATPU1000Fh2f","properties":{"id":"DESNATPU1000Fh2f","height_m":2.826,"ground_m":199.042,"height_source":"LoD1 solid top minus bottom","production":"2023","laser":"2016","footprints":"2021"},"geometry":{"type":"Polygon","coordinates":[[[13.711925019254213,51.11134718746896],[13.711826741366202,51.11132110471418],[13.711786801320258,51.111380556756934],[13.711885079310688,51.111406639545784],[13.711925019254213,51.11134718746896]]]}},{"type":"Feature","id":"DESNATPU1000HDSx","properties":{"id":"DESNATPU1000HDSx","height_m":3.598,"ground_m":204.901,"height_source":"LoD1 solid top minus bottom","production":"2023","laser":"2016","footprints":"2021"},"geometry":{"type":"Polygon","coordinates":[[[13.712050739666655,51.11237023615837],[13.71207059270175,51.11241924082012],[13.712094654326968,51.112416043638],[13.71210951681051,51.11245596454363],[13.712168903760503,51.112447302138264],[13.712154468442284,51.11240743090946],[13.712136384731295,51.11235747452819],[13.712050739666655,51.11237023615837]]]}},{"type":"Feature","id":"DESNATPU1000F5ic","properties":{"id":"DESNATPU1000F5ic","height_m":3.362,"ground_m":211.575,"height_source":"LoD1 solid top minus bottom","production":"2023","laser":"2016","footprints":"2021"},"geometry":{"type":"Polygon","coordinates":[[[13.713377577594365,51.11579366510702],[13.71349130954875,51.11577297412938],[13.71346543647264,51.1157168441595],[13.713351987811329,51.11573762815709],[13.713377577594365,51.11579366510702]]]}},{"type":"Feature","id":"UUID_7be818f0-aac8-4da2-918f-6d7371dc7feb","properties":{"id":"UUID_7be818f0-aac8-4da2-918f-6d7371dc7feb","height_m":3.115,"ground_m":211.924,"height_source":"LoD1 solid top minus bottom","production":"2023","laser":"2016","footprints":"2021"},"geometry":{"type":"Polygon","coordinates":[[[13.713033563870438,51.11498007740367],[13.713034424001204,51.11495940342912],[13.712948729034395,51.114958370223384],[13.7129480806113,51.11497913645588],[13.713033563870438,51.11498007740367]]]}},{"type":"Feature","id":"UUID_2fc320cf-ac1b-4c23-a979-8774622d231c","properties":{"id":"UUID_2fc320cf-ac1b-4c23-a979-8774622d231c","height_m":3.054,"ground_m":211.924,"height_source":"LoD1 solid top minus bottom","production":"2023","laser":"2016","footprints":"2021"},"geometry":{"type":"Polygon","coordinates":[[[13.713059844438918,51.114980366671645],[13.713033563870438,51.11498007740367],[13.7129480806113,51.11497913645588],[13.712945883051232,51.1150505151047],[13.713057425813377,51.115051994687065],[13.713059037232394,51.11500427863711],[13.713059844438918,51.114980366671645]]]}},{"type":"Feature","id":"UUID_6ed8ff3c-c583-414f-826d-503051613cee","properties":{"id":"UUID_6ed8ff3c-c583-414f-826d-503051613cee","height_m":2.127,"ground_m":211.924,"height_source":"LoD1 solid top minus bottom","production":"2023","laser":"2016","footprints":"2021"},"geometry":{"type":"Polygon","coordinates":[[[13.713106599373816,51.11500480213473],[13.713059037232394,51.11500427863711],[13.713057425813377,51.115051994687065],[13.713104985006662,51.11505262606633],[13.713106599373816,51.11500480213473]]]}},{"type":"Feature","id":"DESNATP1e80002VF","properties":{"id":"DESNATP1e80002VF","height_m":1.796,"ground_m":216.74,"height_source":"LoD1 solid top minus bottom","production":"2023","laser":"2016","footprints":"2021"},"geometry":{"type":"Polygon","coordinates":[[[13.71294898414679,51.114087878828975],[13.71296762685599,51.114148623587496],[13.713028279197006,51.114139740856345],[13.713005937890758,51.11408098776934],[13.71294898414679,51.114087878828975]]]}},{"type":"Feature","id":"DESNATP1e80002VD","properties":{"id":"DESNATP1e80002VD","height_m":3.923,"ground_m":216.747,"height_source":"LoD1 solid top minus bottom","production":"2023","laser":"2016","footprints":"2021"},"geometry":{"type":"Polygon","coordinates":[[[13.712920222381713,51.113992823048314],[13.712871863210124,51.11400096875103],[13.712896630359593,51.11407421798852],[13.712943189967707,51.11406862440747],[13.712920222381713,51.113992823048314]]]}},{"type":"Feature","id":"DESNATP1e80002PE","properties":{"id":"DESNATP1e80002PE","height_m":4.016,"ground_m":215.929,"height_source":"LoD1 solid top minus bottom","production":"2023","laser":"2016","footprints":"2021"},"geometry":{"type":"Polygon","coordinates":[[[13.707570870567212,51.11610733949937],[13.707535373288076,51.11611321510276],[13.707545875247884,51.11613828621975],[13.707581358261775,51.11613241045545],[13.707570870567212,51.11610733949937]]]}},{"type":"Feature","id":"DESNATP1e80002VS","properties":{"id":"DESNATP1e80002VS","height_m":5.027,"ground_m":217.779,"height_source":"LoD1 solid top minus bottom","production":"2023","laser":"2016","footprints":"2021"},"geometry":{"type":"Polygon","coordinates":[[[13.713875586873304,51.114026483343665],[13.713791549902284,51.11392206075914],[13.713738283965101,51.11393455931481],[13.713767350208341,51.113976515743914],[13.713747045172257,51.113981777978935],[13.713802967771747,51.11404957839207],[13.713875586873304,51.114026483343665]]]}},{"type":"Feature","id":"DESNATPU1000DHmc","properties":{"id":"DESNATPU1000DHmc","height_m":3.68,"ground_m":146.822,"height_source":"LoD1 solid top minus bottom","production":"2023","laser":"2016","footprints":"2021"},"geometry":{"type":"Polygon","coordinates":[[[13.70888718384871,51.10446273888575],[13.708812609156071,51.10443087209148],[13.708649800069546,51.10458053097542],[13.708725142985227,51.104613026861685],[13.70888718384871,51.10446273888575]]]}},{"type":"Feature","id":"UUID_9e13f3c4-902e-4d56-8ae2-43d0aa932a10","properties":{"id":"UUID_9e13f3c4-902e-4d56-8ae2-43d0aa932a10","height_m":2.508,"ground_m":218.415,"height_source":"LoD1 solid top minus bottom","production":"2023","laser":"2016","footprints":"2021"},"geometry":{"type":"Polygon","coordinates":[[[13.707950868039639,51.11634385931568],[13.707982091172662,51.11637852986707],[13.708063425954798,51.116349518537135],[13.708032188747113,51.11631483885914],[13.708005981459864,51.11632418955791],[13.707989284407375,51.11633014713972],[13.707950868039639,51.11634385931568]]]}},{"type":"Feature","id":"UUID_12216555-93e7-40c9-a4cd-421289240323","properties":{"id":"UUID_12216555-93e7-40c9-a4cd-421289240323","height_m":2.456,"ground_m":218.415,"height_source":"LoD1 solid top minus bottom","production":"2023","laser":"2016","footprints":"2021"},"geometry":{"type":"Polygon","coordinates":[[[13.707862873686924,51.11636062970981],[13.707904061026786,51.11640636363121],[13.707982091172662,51.11637852986707],[13.707950868039639,51.11634385931568],[13.707940903779503,51.116332795972575],[13.707862873686924,51.11636062970981]]]}},{"type":"Feature","id":"DESNATPU1000EHMW","properties":{"id":"DESNATPU1000EHMW","height_m":2.758,"ground_m":214.75,"height_source":"LoD1 solid top minus bottom","production":"2023","laser":"2016","footprints":"2021"},"geometry":{"type":"Polygon","coordinates":[[[13.711125259621392,51.11381528041906],[13.710893055200708,51.11382345790224],[13.710896398190863,51.1138604282067],[13.711128667430666,51.11385198164663],[13.711125259621392,51.11381528041906]]]}},{"type":"Feature","id":"UUID_cef19521-6b39-4281-934e-fe7c9e617907","properties":{"id":"UUID_cef19521-6b39-4281-934e-fe7c9e617907","height_m":4.246,"ground_m":217.495,"height_source":"LoD1 solid top minus bottom","production":"2023","laser":"2016","footprints":"2021"},"geometry":{"type":"Polygon","coordinates":[[[13.713977099506877,51.11424301349373],[13.713969955169214,51.11423172088964],[13.713899557787135,51.114249399790396],[13.713906746455878,51.114260638929636],[13.713977099506877,51.11424301349373]]]}},{"type":"Feature","id":"UUID_8b9736f4-463b-4dbb-af04-b582e907178a","properties":{"id":"UUID_8b9736f4-463b-4dbb-af04-b582e907178a","height_m":4.679,"ground_m":217.495,"height_source":"LoD1 solid top minus bottom","production":"2023","laser":"2016","footprints":"2021"},"geometry":{"type":"Polygon","coordinates":[[[13.714016613360101,51.114220003867736],[13.713998682216518,51.11419173112182],[13.713980039093991,51.11416234442731],[13.71395278929561,51.11416919398075],[13.713945452006014,51.1141576474542],[13.713922301968857,51.11416348993718],[13.713928819481993,51.11417368752071],[13.713861956928557,51.11419064089165],[13.713880442322626,51.11421953126604],[13.713881113470375,51.114220572820706],[13.713899557787135,51.114249399790396],[13.713969955169214,51.11423172088964],[13.714016613360101,51.114220003867736]]]}},{"type":"Feature","id":"UUID_01a6ff3a-3320-481d-b8be-0193296e9d5d","properties":{"id":"UUID_01a6ff3a-3320-481d-b8be-0193296e9d5d","height_m":5.179,"ground_m":217.495,"height_source":"LoD1 solid top minus bottom","production":"2023","laser":"2016","footprints":"2021"},"geometry":{"type":"Polygon","coordinates":[[[13.713846341748086,51.114228184932585],[13.713872620285526,51.11426918440873],[13.713906746455878,51.114260638929636],[13.713880442322626,51.11421953126604],[13.713846341748086,51.114228184932585]]]}},{"type":"Feature","id":"DESNATPU1000CHvv","properties":{"id":"DESNATPU1000CHvv","height_m":3.75,"ground_m":217.771,"height_source":"LoD1 solid top minus bottom","production":"2023","laser":"2016","footprints":"2021"},"geometry":{"type":"Polygon","coordinates":[[[13.712445742754205,51.114272257147604],[13.712768973027439,51.11424964709566],[13.712759714946337,51.11419720706109],[13.712436630361031,51.114219728762556],[13.712445742754205,51.114272257147604]]]}},{"type":"Feature","id":"DESNATPU1000JM69","properties":{"id":"DESNATPU1000JM69","height_m":2.675,"ground_m":202.167,"height_source":"LoD1 solid top minus bottom","production":"2023","laser":"2016","footprints":"2021"},"geometry":{"type":"Polygon","coordinates":[[[13.713882638855962,51.11302631848477],[13.713845291765672,51.11297183393801],[13.713724156390226,51.11300471897211],[13.713761503113538,51.113059212546496],[13.713882638855962,51.11302631848477]]]}},{"type":"Feature","id":"DESNATPU1000IFWW","properties":{"id":"DESNATPU1000IFWW","height_m":2.241,"ground_m":212.925,"height_source":"LoD1 solid top minus bottom","production":"2023","laser":"2016","footprints":"2021"},"geometry":{"type":"Polygon","coordinates":[[[13.714241325485423,51.113871333274496],[13.714313069728219,51.113834442370056],[13.714231105586476,51.11377113100526],[13.714159361378286,51.11380802186002],[13.714241325485423,51.113871333274496]]]}},{"type":"Feature","id":"DESNATPU1000FPpe","properties":{"id":"DESNATPU1000FPpe","height_m":6.896,"ground_m":207.803,"height_source":"LoD1 solid top minus bottom","production":"2023","laser":"2016","footprints":"2021"},"geometry":{"type":"Polygon","coordinates":[[[13.712317003963625,51.113444184962304],[13.712347327828985,51.113517423582465],[13.712559619643741,51.11350135309549],[13.71255282094748,51.11346684478912],[13.712536588239189,51.113427880083826],[13.712317003963625,51.113444184962304]]]}},{"type":"Feature","id":"UUID_2d3c2619-39d0-4d76-a479-ef76270780cd","properties":{"id":"UUID_2d3c2619-39d0-4d76-a479-ef76270780cd","height_m":7.771,"ground_m":199.563,"height_source":"LoD1 solid top minus bottom","production":"2023","laser":"2016","footprints":"2021"},"geometry":{"type":"Polygon","coordinates":[[[13.711994477181905,51.11196643292251],[13.712054851509969,51.11191144152413],[13.712013238659514,51.111893339238044],[13.71197058147456,51.111874775791875],[13.711968026434816,51.111873668507805],[13.711907637772569,51.11192865970395],[13.711994477181905,51.11196643292251]]]}},{"type":"Feature","id":"UUID_2132114d-3467-4368-a361-010ea0aa1dee","properties":{"id":"UUID_2132114d-3467-4368-a361-010ea0aa1dee","height_m":4.264,"ground_m":199.563,"height_source":"LoD1 solid top minus bottom","production":"2023","laser":"2016","footprints":"2021"},"geometry":{"type":"Polygon","coordinates":[[[13.711982938094888,51.11186350903821],[13.71197058147456,51.111874775791875],[13.712013238659514,51.111893339238044],[13.712025609806478,51.11188206364715],[13.711982938094888,51.11186350903821]]]}},{"type":"Feature","id":"DESNATPU1000G7Mi","properties":{"id":"DESNATPU1000G7Mi","height_m":3.475,"ground_m":212.626,"height_source":"LoD1 solid top minus bottom","production":"2023","laser":"2016","footprints":"2021"},"geometry":{"type":"Polygon","coordinates":[[[13.71067799155171,51.115530294656686],[13.71069553620496,51.115633995270485],[13.710805610992534,51.11562666584906],[13.710801209695726,51.11559999862737],[13.710837851984978,51.1155976148737],[13.710824853656629,51.115520493174266],[13.71067799155171,51.115530294656686]]]}},{"type":"Feature","id":"DESNATP1e80002U5","properties":{"id":"DESNATP1e80002U5","height_m":7.358,"ground_m":216.317,"height_source":"LoD1 solid top minus bottom","production":"2023","laser":"2016","footprints":"2021"},"geometry":{"type":"Polygon","coordinates":[[[13.710234322498602,51.11385391804462],[13.710231049148359,51.113908369338915],[13.710391027806192,51.11391220231417],[13.710394426440551,51.11385580995221],[13.710234322498602,51.11385391804462]]]}},{"type":"Feature","id":"UUID_6a089ebc-5392-4bc3-99aa-317a9fab5391","properties":{"id":"UUID_6a089ebc-5392-4bc3-99aa-317a9fab5391","height_m":3.659,"ground_m":216.572,"height_source":"LoD1 solid top minus bottom","production":"2023","laser":"2016","footprints":"2021"},"geometry":{"type":"Polygon","coordinates":[[[13.71169870200095,51.11478848850435],[13.711706496655871,51.11478819669153],[13.711707523929178,51.114799035344205],[13.71175841108011,51.11479712300688],[13.711844653191894,51.11479388254075],[13.711842201899263,51.114767974250015],[13.71183978420761,51.114742399062976],[13.711702074532434,51.1147478781986],[13.711704624944305,51.11477330197349],[13.711705486448032,51.114781881606355],[13.711698077431093,51.11478217766825],[13.71169870200095,51.11478848850435]]]}},{"type":"Feature","id":"UUID_7dd5d0ee-102f-4c44-ae7e-11526d0ff123","properties":{"id":"UUID_7dd5d0ee-102f-4c44-ae7e-11526d0ff123","height_m":3.283,"ground_m":216.572,"height_source":"LoD1 solid top minus bottom","production":"2023","laser":"2016","footprints":"2021"},"geometry":{"type":"Polygon","coordinates":[[[13.711846808349629,51.114816568145656],[13.711844653191894,51.11479388254075],[13.71175841108011,51.11479712300688],[13.7117605661957,51.11481980861303],[13.711846808349629,51.114816568145656]]]}},{"type":"Feature","id":"DESNATPU1000EPJe","properties":{"id":"DESNATPU1000EPJe","height_m":9.342,"ground_m":217.064,"height_source":"LoD1 solid top minus bottom","production":"2023","laser":"2016","footprints":"2021"},"geometry":{"type":"Polygon","coordinates":[[[13.710156321020085,51.11363206839276],[13.710154661578922,51.11368858785094],[13.710173299745133,51.11368881144698],[13.710314879454657,51.113690472133854],[13.710316442606823,51.11363791743899],[13.710176444542117,51.113632308374456],[13.710156321020085,51.11363206839276]]]}},{"type":"Feature","id":"DESNATPU1000E1wo","properties":{"id":"DESNATPU1000E1wo","height_m":7.756,"ground_m":203.072,"height_source":"LoD1 solid top minus bottom","production":"2023","laser":"2016","footprints":"2021"},"geometry":{"type":"Polygon","coordinates":[[[13.711373126489926,51.112308282428614],[13.711411646750907,51.112330739346405],[13.711491878862844,51.11227631781062],[13.711486960151436,51.1122733859062],[13.711454087713859,51.11225332938604],[13.711448843647199,51.11225695864275],[13.711373126489926,51.112308282428614]]]}},{"type":"Feature","id":"DESNATPU1000C66w","properties":{"id":"DESNATPU1000C66w","height_m":1.631,"ground_m":216.704,"height_source":"LoD1 solid top minus bottom","production":"2023","laser":"2016","footprints":"2021"},"geometry":{"type":"Polygon","coordinates":[[[13.71169990497479,51.11466458094445],[13.711628608736504,51.114664694627926],[13.711628572388761,51.11472764384375],[13.71170001155226,51.114727531734744],[13.71169990497479,51.11466458094445]]]}},{"type":"Feature","id":"UUID_018f1531-a4a7-4c20-b33c-ba9badfc5d17","properties":{"id":"UUID_018f1531-a4a7-4c20-b33c-ba9badfc5d17","height_m":4.519,"ground_m":201.777,"height_source":"LoD1 solid top minus bottom","production":"2023","laser":"2016","footprints":"2021"},"geometry":{"type":"Polygon","coordinates":[[[13.713697005872053,51.11274303545263],[13.713371664605635,51.112848736297074],[13.71310685787546,51.11293476980383],[13.713210690415444,51.113061398180236],[13.713254150022275,51.11311439444677],[13.713845264180993,51.11292291278487],[13.713697005872053,51.11274303545263]]]}},{"type":"Feature","id":"UUID_15aaec7d-0bab-494a-b14b-8fbfab8b0021","properties":{"id":"UUID_15aaec7d-0bab-494a-b14b-8fbfab8b0021","height_m":6.519,"ground_m":201.777,"height_source":"LoD1 solid top minus bottom","production":"2023","laser":"2016","footprints":"2021"},"geometry":{"type":"Polygon","coordinates":[[[13.713186759703463,51.113135478310895],[13.713198747799785,51.11313233686928],[13.713254150022275,51.11311439444677],[13.713210690415444,51.113061398180236],[13.713143825402225,51.11308311729717],[13.713186759703463,51.113135478310895]]]}},{"type":"Feature","id":"UUID_4d7d4ca8-dedc-4c89-bab8-d9a5c903a9c7","properties":{"id":"UUID_4d7d4ca8-dedc-4c89-bab8-d9a5c903a9c7","height_m":4.534,"ground_m":201.777,"height_source":"LoD1 solid top minus bottom","production":"2023","laser":"2016","footprints":"2021"},"geometry":{"type":"Polygon","coordinates":[[[13.713697005872053,51.11274303545263],[13.713636345688746,51.11266943644296],[13.71331140171324,51.11277524940415],[13.713371664605635,51.112848736297074],[13.713697005872053,51.11274303545263]]]}},{"type":"Feature","id":"UUID_d3fd31b6-4f75-4a46-9d4d-c42956e93375","properties":{"id":"UUID_d3fd31b6-4f75-4a46-9d4d-c42956e93375","height_m":4.717,"ground_m":203.057,"height_source":"LoD1 solid top minus bottom","production":"2023","laser":"2016","footprints":"2021"},"geometry":{"type":"Polygon","coordinates":[[[13.712556042092459,51.1122621412397],[13.71254821278642,51.112240562223725],[13.712413895794898,51.11225994643536],[13.712421699725406,51.112281408274555],[13.712556042092459,51.1122621412397]]]}},{"type":"Feature","id":"UUID_e331d54d-53aa-4b5c-8256-582e38fada5a","properties":{"id":"UUID_e331d54d-53aa-4b5c-8256-582e38fada5a","height_m":6.843,"ground_m":203.057,"height_source":"LoD1 solid top minus bottom","production":"2023","laser":"2016","footprints":"2021"},"geometry":{"type":"Polygon","coordinates":[[[13.712521605971846,51.112365161320554],[13.71255474205077,51.1123603283567],[13.71254146681045,51.112323941173095],[13.712508189934127,51.112328700640255],[13.712521605971846,51.112365161320554]]]}},{"type":"Feature","id":"UUID_3ed26247-f7fb-4f0d-b405-627ac8196132","properties":{"id":"UUID_3ed26247-f7fb-4f0d-b405-627ac8196132","height_m":2.811,"ground_m":203.057,"height_source":"LoD1 solid top minus bottom","production":"2023","laser":"2016","footprints":"2021"},"geometry":{"type":"Polygon","coordinates":[[[13.712380505801779,51.11216803196215],[13.712391574466086,51.112198477599186],[13.712429808342623,51.11219321520022],[13.712418801280068,51.11216260837476],[13.712380505801779,51.11216803196215]]]}},{"type":"Feature","id":"UUID_85c040ed-91b8-4d35-9f14-3e2f0b19002b","properties":{"id":"UUID_85c040ed-91b8-4d35-9f14-3e2f0b19002b","height_m":7.131,"ground_m":203.057,"height_source":"LoD1 solid top minus bottom","production":"2023","laser":"2016","footprints":"2021"},"geometry":{"type":"Polygon","coordinates":[[[13.712455620435403,51.112374794405255],[13.712521605971846,51.112365161320554],[13.712508189934127,51.112328700640255],[13.712487336118956,51.112271996184724],[13.712421699725406,51.112281408274555],[13.712455620435403,51.112374794405255]]]}},{"type":"Feature","id":"UUID_5be14a04-581b-41e1-a1c6-dcdc18981c55","properties":{"id":"UUID_5be14a04-581b-41e1-a1c6-dcdc18981c55","height_m":6.056,"ground_m":203.057,"height_source":"LoD1 solid top minus bottom","production":"2023","laser":"2016","footprints":"2021"},"geometry":{"type":"Polygon","coordinates":[[[13.712429808342623,51.11219321520022],[13.712391574466086,51.112198477599186],[13.712413895794898,51.11225994643536],[13.71254821278642,51.112240562223725],[13.712597412644755,51.112233460088795],[13.712575516130666,51.112173147045084],[13.712429808342623,51.11219321520022]]]}},{"type":"Feature","id":"DESNATPU1000HUBq","properties":{"id":"DESNATPU1000HUBq","height_m":19.274,"ground_m":196.889,"height_source":"LoD1 solid top minus bottom","production":"2023","laser":"2016","footprints":"2021"},"geometry":{"type":"Polygon","coordinates":[[[13.71271432410517,51.1106270763766],[13.71271437739792,51.11062618667541],[13.712674102739918,51.11062730798795],[13.712644279401921,51.110628130694536],[13.712648040675926,51.11068196708336],[13.712666941422555,51.11068143778186],[13.712718010218996,51.11068002164742],[13.71271432410517,51.1106270763766]]]}},{"type":"Feature","id":"DESNATPU1000Cc0Z","properties":{"id":"DESNATPU1000Cc0Z","height_m":2.746,"ground_m":212.206,"height_source":"LoD1 solid top minus bottom","production":"2023","laser":"2016","footprints":"2021"},"geometry":{"type":"Polygon","coordinates":[[[13.71360650186645,51.11359033984433],[13.713579305737616,51.113597324792806],[13.713608346376475,51.11364224860819],[13.713635542527548,51.11363526365319],[13.713626232349814,51.11362068281044],[13.71360650186645,51.11359033984433]]]}},{"type":"Feature","id":"DESNATP18a0001Uf","properties":{"id":"DESNATP18a0001Uf","height_m":2.877,"ground_m":213.272,"height_source":"LoD1 solid top minus bottom","production":"2023","laser":"2016","footprints":"2021"},"geometry":{"type":"Polygon","coordinates":[[[13.711331705925607,51.11527637744659],[13.711318269180191,51.11519136428155],[13.711221851697754,51.11519724400178],[13.711235001080755,51.11528179537821],[13.711331705925607,51.11527637744659]]]}},{"type":"Feature","id":"DESNATPU1000Dy66","properties":{"id":"DESNATPU1000Dy66","height_m":5.441,"ground_m":213.89,"height_source":"LoD1 solid top minus bottom","production":"2023","laser":"2016","footprints":"2021"},"geometry":{"type":"Polygon","coordinates":[[[13.71072801674688,51.11501115224358],[13.710664365194662,51.115013777693484],[13.710605582339102,51.11501600715972],[13.710566534926702,51.115017554962854],[13.710568898705308,51.11504042274959],[13.71057621834316,51.11511622286865],[13.71073769800429,51.115109910039],[13.71072801674688,51.11501115224358]]]}},{"type":"Feature","id":"DESNATPU1000DDlI","properties":{"id":"DESNATPU1000DDlI","height_m":19.799,"ground_m":196.942,"height_source":"LoD1 solid top minus bottom","production":"2023","laser":"2016","footprints":"2021"},"geometry":{"type":"Polygon","coordinates":[[[13.71272283896475,51.11074891475265],[13.712718010218996,51.11068002164742],[13.712666941422555,51.11068143778186],[13.712671770092436,51.110750330888635],[13.712673357571175,51.11075592390807],[13.712722760789916,51.11075481317355],[13.71272283896475,51.11074891475265]]]}},{"type":"Feature","id":"UUID_a223c5ff-8f23-4d3b-8547-73fa5bbe4b92","properties":{"id":"UUID_a223c5ff-8f23-4d3b-8547-73fa5bbe4b92","height_m":7.533,"ground_m":214.029,"height_source":"LoD1 solid top minus bottom","production":"2023","laser":"2016","footprints":"2021"},"geometry":{"type":"Polygon","coordinates":[[[13.712904870554269,51.11393499220378],[13.712892464062348,51.1138925085226],[13.71287754010682,51.113841391014226],[13.71282495302114,51.113847448788064],[13.712828643812076,51.11386064588989],[13.71282888736519,51.11386062159273],[13.712840206169153,51.11389854294891],[13.712852884733278,51.1139410026525],[13.712853028058833,51.11394098624473],[13.712904870554269,51.11393499220378]]]}},{"type":"Feature","id":"UUID_ba48c8e9-044d-48a5-9bfe-7dadf6ddce46","properties":{"id":"UUID_ba48c8e9-044d-48a5-9bfe-7dadf6ddce46","height_m":7.003,"ground_m":214.029,"height_source":"LoD1 solid top minus bottom","production":"2023","laser":"2016","footprints":"2021"},"geometry":{"type":"Polygon","coordinates":[[[13.712852884733278,51.1139410026525],[13.71284236370611,51.113905733964394],[13.71282888736519,51.11386062159273],[13.712828643812076,51.11386064588989],[13.712776300501478,51.11386667035441],[13.712805158976924,51.11396594486295],[13.712858505675698,51.113959805531856],[13.712853028058833,51.11394098624473],[13.712852884733278,51.1139410026525]]]}},{"type":"Feature","id":"DESNATP1e80002V9","properties":{"id":"DESNATP1e80002V9","height_m":3.0,"ground_m":206.844,"height_source":"LoD1 solid top minus bottom","production":"2023","laser":"2016","footprints":"2021"},"geometry":{"type":"Polygon","coordinates":[[[13.712638047691703,51.11338951884418],[13.71268178636913,51.11348849859828],[13.7128082635868,51.11346704934433],[13.712767989029958,51.113365248064724],[13.712638047691703,51.11338951884418]]]}},{"type":"Feature","id":"DESNATPU1000G5Lg","properties":{"id":"DESNATPU1000G5Lg","height_m":3.336,"ground_m":201.921,"height_source":"LoD1 solid top minus bottom","production":"2023","laser":"2016","footprints":"2021"},"geometry":{"type":"Polygon","coordinates":[[[13.711355965937978,51.112041816300255],[13.711304435386943,51.112086482154716],[13.711353950088759,51.112109150202144],[13.71145233328682,51.112023633779984],[13.711345258312384,51.11197479180397],[13.711298267781844,51.11201546093179],[13.711355965937978,51.112041816300255]]]}},{"type":"Feature","id":"DESNATPU1000JTm6","properties":{"id":"DESNATPU1000JTm6","height_m":4.113,"ground_m":214.174,"height_source":"LoD1 solid top minus bottom","production":"2023","laser":"2016","footprints":"2021"},"geometry":{"type":"Polygon","coordinates":[[[13.709861752551515,51.11532497814947],[13.709839159728832,51.11529487274986],[13.709779231637388,51.115312556785895],[13.709867114661076,51.11542998332246],[13.709902987397463,51.115419317992455],[13.709890174897792,51.11540227015267],[13.710001391272684,51.115369324598774],[13.709948908346622,51.11529923118175],[13.709861752551515,51.11532497814947]]]}},{"type":"Feature","id":"DESNATP1e80002Vb","properties":{"id":"DESNATP1e80002Vb","height_m":3.0,"ground_m":207.051,"height_source":"LoD1 solid top minus bottom","production":"2023","laser":"2016","footprints":"2021"},"geometry":{"type":"Polygon","coordinates":[[[13.712529642406743,51.11243891887334],[13.712557192848815,51.11253534633469],[13.712686124596267,51.112520587915206],[13.71265711295004,51.11242223792183],[13.712529642406743,51.11243891887334]]]}},{"type":"Feature","id":"DESNATP1e80002Ur","properties":{"id":"DESNATP1e80002Ur","height_m":3.275,"ground_m":214.081,"height_source":"LoD1 solid top minus bottom","production":"2023","laser":"2016","footprints":"2021"},"geometry":{"type":"Polygon","coordinates":[[[13.711222636295592,51.11507404226994],[13.711333358269473,51.11506856301433],[13.711320584949345,51.1149663809063],[13.711209844933741,51.11497200383494],[13.711222636295592,51.11507404226994]]]}},{"type":"Feature","id":"DESNATP1e80002VB","properties":{"id":"DESNATP1e80002VB","height_m":2.452,"ground_m":212.113,"height_source":"LoD1 solid top minus bottom","production":"2023","laser":"2016","footprints":"2021"},"geometry":{"type":"Polygon","coordinates":[[[13.713718512829898,51.1136262843796],[13.713723449838929,51.11363371279085],[13.713744296125768,51.11366092053086],[13.71380405736068,51.11361875422797],[13.71379588950693,51.113606766899345],[13.713741822725309,51.11362033578239],[13.713718512829898,51.1136262843796]]]}},{"type":"Feature","id":"UUID_7c7aa919-c81e-4555-bab5-1a9d59e9eafa","properties":{"id":"UUID_7c7aa919-c81e-4555-bab5-1a9d59e9eafa","height_m":8.178,"ground_m":207.676,"height_source":"LoD1 solid top minus bottom","production":"2023","laser":"2016","footprints":"2021"},"geometry":{"type":"Polygon","coordinates":[[[13.712139227366471,51.11264887272725],[13.712134991426753,51.11263628110588],[13.712205328468988,51.112626875985924],[13.71219666960449,51.11260122306244],[13.712185911824793,51.11256935996986],[13.7121808425801,51.112554367085444],[13.712156565156484,51.11255761586536],[13.71204266327448,51.11257286300828],[13.712067133673868,51.11264540773886],[13.712093719829879,51.11264185167491],[13.712097942976229,51.112654389200046],[13.712139227366471,51.11264887272725]]]}},{"type":"Feature","id":"UUID_33c3209e-aa8f-4b77-9f5d-246fd418e6c0","properties":{"id":"UUID_33c3209e-aa8f-4b77-9f5d-246fd418e6c0","height_m":6.915,"ground_m":207.676,"height_source":"LoD1 solid top minus bottom","production":"2023","laser":"2016","footprints":"2021"},"geometry":{"type":"Polygon","coordinates":[[[13.712156565156484,51.11255761586536],[13.712151932494942,51.112543877788376],[13.712038016863074,51.11255910678962],[13.71204266327448,51.11257286300828],[13.712156565156484,51.11255761586536]]]}},{"type":"Feature","id":"DESNATPU1000HYSS","properties":{"id":"DESNATPU1000HYSS","height_m":3.447,"ground_m":215.99,"height_source":"LoD1 solid top minus bottom","production":"2023","laser":"2016","footprints":"2021"},"geometry":{"type":"Polygon","coordinates":[[[13.71146416944781,51.11485964505926],[13.711566016030138,51.114855281802186],[13.711561272502083,51.11481008566337],[13.711459278188762,51.11481462714394],[13.71146416944781,51.11485964505926]]]}},{"type":"Feature","id":"DESNATPU1000GUVg","properties":{"id":"DESNATPU1000GUVg","height_m":3.154,"ground_m":204.566,"height_source":"LoD1 solid top minus bottom","production":"2023","laser":"2016","footprints":"2021"},"geometry":{"type":"Polygon","coordinates":[[[13.712680902799374,51.11230594411138],[13.712610675721471,51.112313983820194],[13.712628525886364,51.11237596093534],[13.712698753055513,51.11236792121653],[13.712680902799374,51.11230594411138]]]}},{"type":"Feature","id":"DESNATPU1000BGDZ","properties":{"id":"DESNATPU1000BGDZ","height_m":3.0,"ground_m":218.315,"height_source":"LoD1 solid top minus bottom","production":"2023","laser":"2016","footprints":"2021"},"geometry":{"type":"Polygon","coordinates":[[[13.708684995530664,51.116018552270184],[13.708731884367253,51.11607401613115],[13.70879491105177,51.11605285965439],[13.708748022160211,51.115997395818106],[13.708684995530664,51.116018552270184]]]}},{"type":"Feature","id":"DESNATP1e80002Ve","properties":{"id":"DESNATP1e80002Ve","height_m":1.386,"ground_m":208.317,"height_source":"LoD1 solid top minus bottom","production":"2023","laser":"2016","footprints":"2021"},"geometry":{"type":"Polygon","coordinates":[[[13.712829022092402,51.11279245788181],[13.712800267130227,51.112738840964916],[13.712693591798235,51.11276907837062],[13.712720965136516,51.11281791391611],[13.712829022092402,51.11279245788181]]]}},{"type":"Feature","id":"DESNATPU1000Hn1z","properties":{"id":"DESNATPU1000Hn1z","height_m":2.733,"ground_m":202.64,"height_source":"LoD1 solid top minus bottom","production":"2023","laser":"2016","footprints":"2021"},"geometry":{"type":"Polygon","coordinates":[[[13.711486960151436,51.1122733859062],[13.711529656760986,51.11224328089551],[13.711434001550623,51.11218961880815],[13.711387511573719,51.11222255967424],[13.711425239169806,51.11224372188061],[13.711448843647199,51.11225695864275],[13.711454087713859,51.11225332938604],[13.711486960151436,51.1122733859062]]]}},{"type":"Feature","id":"DESNATP1e80002V6","properties":{"id":"DESNATP1e80002V6","height_m":2.776,"ground_m":206.446,"height_source":"LoD1 solid top minus bottom","production":"2023","laser":"2016","footprints":"2021"},"geometry":{"type":"Polygon","coordinates":[[[13.712682838529618,51.113246531826114],[13.712606418510775,51.11318073538169],[13.712498410141649,51.113231650375276],[13.712572638388432,51.11329457203743],[13.712682838529618,51.113246531826114]]]}},{"type":"Feature","id":"UUID_116c1aa0-911f-4d83-b5b3-5b7607d0db27","properties":{"id":"UUID_116c1aa0-911f-4d83-b5b3-5b7607d0db27","height_m":2.773,"ground_m":214.216,"height_source":"LoD1 solid top minus bottom","production":"2023","laser":"2016","footprints":"2021"},"geometry":{"type":"Polygon","coordinates":[[[13.711868426411053,51.114306842478186],[13.711885065760661,51.11430702579358],[13.711882031789568,51.114252747782324],[13.711865782625052,51.114252919484436],[13.711868426411053,51.114306842478186]]]}},{"type":"Feature","id":"UUID_f102fd7e-7a52-4f75-b0a4-10c5a64e794b","properties":{"id":"UUID_f102fd7e-7a52-4f75-b0a4-10c5a64e794b","height_m":2.686,"ground_m":214.216,"height_source":"LoD1 solid top minus bottom","production":"2023","laser":"2016","footprints":"2021"},"geometry":{"type":"Polygon","coordinates":[[[13.711756264788953,51.11437700059503],[13.711757138936319,51.11439540050789],[13.711823327445597,51.11439347687716],[13.711818265922519,51.11437101104785],[13.711756264788953,51.11437700059503]]]}},{"type":"Feature","id":"UUID_5394c000-6648-463c-ae7a-e987dcfb572b","properties":{"id":"UUID_5394c000-6648-463c-ae7a-e987dcfb572b","height_m":2.926,"ground_m":214.216,"height_source":"LoD1 solid top minus bottom","production":"2023","laser":"2016","footprints":"2021"},"geometry":{"type":"Polygon","coordinates":[[[13.71187132787345,51.114365885214895],[13.711868426411053,51.114306842478186],[13.711865782625052,51.114252919484436],[13.711750451842944,51.11425414881834],[13.711756264788953,51.11437700059503],[13.711818265922519,51.11437101104785],[13.71187132787345,51.114365885214895]]]}},{"type":"Feature","id":"UUID_dcec1a55-f1e9-4d8a-8b69-61d7112368ee","properties":{"id":"UUID_dcec1a55-f1e9-4d8a-8b69-61d7112368ee","height_m":4.063,"ground_m":214.245,"height_source":"LoD1 solid top minus bottom","production":"2023","laser":"2016","footprints":"2021"},"geometry":{"type":"Polygon","coordinates":[[[13.710998353190393,51.114914393691635],[13.71099654040526,51.11490098342376],[13.71099210420628,51.11490124027224],[13.710986093888245,51.11490158768025],[13.710918706433134,51.11490498143359],[13.71092037484329,51.11491793147807],[13.710998353190393,51.114914393691635]]]}},{"type":"Feature","id":"UUID_2ff27b2e-59e5-40c5-9396-096fbff69d45","properties":{"id":"UUID_2ff27b2e-59e5-40c5-9396-096fbff69d45","height_m":3.835,"ground_m":214.245,"height_source":"LoD1 solid top minus bottom","production":"2023","laser":"2016","footprints":"2021"},"geometry":{"type":"Polygon","coordinates":[[[13.71103648674273,51.11499548851694],[13.711034466406762,51.11498080797668],[13.711034467157239,51.114980781006544],[13.710963931346132,51.11498435590566],[13.710965936899697,51.11499956685959],[13.71103648674273,51.11499548851694]]]}},{"type":"Feature","id":"UUID_243f1de1-77eb-4971-b88d-4308f369faf2","properties":{"id":"UUID_243f1de1-77eb-4971-b88d-4308f369faf2","height_m":4.066,"ground_m":214.245,"height_source":"LoD1 solid top minus bottom","production":"2023","laser":"2016","footprints":"2021"},"geometry":{"type":"Polygon","coordinates":[[[13.71092037484329,51.11491793147807],[13.710927766389705,51.1149752521583],[13.710929164089087,51.11498612188054],[13.710963931596304,51.11498434691561],[13.710963931346132,51.11498435590566],[13.711034467157239,51.114980781006544],[13.711034466406762,51.11498080797668],[13.711120025774054,51.11497644540961],[13.711118348776589,51.11496328843921],[13.711113410790471,51.11492458294112],[13.71111146532449,51.11490926473846],[13.711037785117327,51.11491237336501],[13.710998353190393,51.114914393691635],[13.71092037484329,51.11491793147807]]]}},{"type":"Feature","id":"DESNATPU1000BUsz","properties":{"id":"DESNATPU1000BUsz","height_m":9.176,"ground_m":147.151,"height_source":"LoD1 solid top minus bottom","production":"2023","laser":"2016","footprints":"2021"},"geometry":{"type":"Polygon","coordinates":[[[13.709943458535768,51.10447974070263],[13.710023910594632,51.1043913297227],[13.709892814819618,51.104344019805424],[13.709812214793526,51.104432608919915],[13.709943458535768,51.10447974070263]]]}},{"type":"Feature","id":"DESNATP1e80002V0","properties":{"id":"DESNATP1e80002V0","height_m":4.14,"ground_m":214.425,"height_source":"LoD1 solid top minus bottom","production":"2023","laser":"2016","footprints":"2021"},"geometry":{"type":"Polygon","coordinates":[[[13.711166947136888,51.1149619986101],[13.711162070092245,51.11492007436272],[13.711113410790471,51.11492458294112],[13.711118348776589,51.11496328843921],[13.711166947136888,51.1149619986101]]]}},{"type":"Feature","id":"DESNATP1e80002U8","properties":{"id":"DESNATP1e80002U8","height_m":8.088,"ground_m":216.871,"height_source":"LoD1 solid top minus bottom","production":"2023","laser":"2016","footprints":"2021"},"geometry":{"type":"Polygon","coordinates":[[[13.710216198437463,51.11385370012979],[13.710234322498602,51.11385391804462],[13.710377301906112,51.11385561207967],[13.710378933555068,51.11380008152284],[13.710217844061326,51.113798187714224],[13.710216198437463,51.11385370012979]]]}},{"type":"Feature","id":"DESNATPU1000EpUZ","properties":{"id":"DESNATPU1000EpUZ","height_m":6.053,"ground_m":214.046,"height_source":"LoD1 solid top minus bottom","production":"2023","laser":"2016","footprints":"2021"},"geometry":{"type":"Polygon","coordinates":[[[13.713270334196416,51.114793834483734],[13.713247975110852,51.114765530880334],[13.71325549612041,51.11475194459283],[13.713245404276138,51.114739783176745],[13.713223962046737,51.11473505079747],[13.713209752684623,51.11471681888638],[13.713074420513282,51.11475912434601],[13.713135152174084,51.11483587188215],[13.713270334196416,51.114793834483734]]]}},{"type":"Feature","id":"DESNATP1e80002UH","properties":{"id":"DESNATP1e80002UH","height_m":8.826,"ground_m":216.917,"height_source":"LoD1 solid top minus bottom","production":"2023","laser":"2016","footprints":"2021"},"geometry":{"type":"Polygon","coordinates":[[[13.710176444542117,51.113632308374456],[13.710316442606823,51.11363791743899],[13.710335737998664,51.11363813926585],[13.710338900129155,51.11358151947399],[13.710178041875974,51.11357801844606],[13.710176444542117,51.113632308374456]]]}},{"type":"Feature","id":"DESNATPU1000Fb79","properties":{"id":"DESNATPU1000Fb79","height_m":4.951,"ground_m":215.038,"height_source":"LoD1 solid top minus bottom","production":"2023","laser":"2016","footprints":"2021"},"geometry":{"type":"Polygon","coordinates":[[[13.711748701266853,51.11497519040958],[13.711749468551906,51.114983562169236],[13.711740457816658,51.11498391252858],[13.711741337926874,51.114993364667626],[13.711750348663958,51.114993014308205],[13.711755371186591,51.1150487350892],[13.711835746265448,51.115045843654],[13.711833787848084,51.11502378971345],[13.711891991848864,51.1150218230367],[13.711884036254052,51.11494826420127],[13.711797660028221,51.114951179478965],[13.711799468096537,51.11497350154805],[13.711748701266853,51.11497519040958]]]}},{"type":"Feature","id":"DESNATP1e80002V7","properties":{"id":"DESNATP1e80002V7","height_m":15.192,"ground_m":202.129,"height_source":"LoD1 solid top minus bottom","production":"2023","laser":"2016","footprints":"2021"},"geometry":{"type":"Polygon","coordinates":[[[13.711007150991044,51.11186513851655],[13.710977803889147,51.11183341208995],[13.710878591059197,51.111866580833095],[13.710915216370074,51.1119088551574],[13.711007150991044,51.11186513851655]]]}},{"type":"Feature","id":"DESNATP1e80002P5","properties":{"id":"DESNATP1e80002P5","height_m":2.826,"ground_m":216.451,"height_source":"LoD1 solid top minus bottom","production":"2023","laser":"2016","footprints":"2021"},"geometry":{"type":"Polygon","coordinates":[[[13.7074820192494,51.11628898318052],[13.707486717025157,51.11629471856312],[13.707500381875967,51.11631140738347],[13.707569229788348,51.11628903893615],[13.707550754375736,51.11626655954047],[13.7074820192494,51.11628898318052]]]}},{"type":"Feature","id":"DESNATPU1000F23L","properties":{"id":"DESNATPU1000F23L","height_m":6.088,"ground_m":210.941,"height_source":"LoD1 solid top minus bottom","production":"2023","laser":"2016","footprints":"2021"},"geometry":{"type":"Polygon","coordinates":[[[13.712255322901155,51.11375786706591],[13.712127498823385,51.113768626431565],[13.712144248668466,51.11384910766816],[13.712170095927213,51.11384697330185],[13.712272253640226,51.11383853013187],[13.712255322901155,51.11375786706591]]]}},{"type":"Feature","id":"DESNATPU1000Extt","properties":{"id":"DESNATPU1000Extt","height_m":4.558,"ground_m":218.578,"height_source":"LoD1 solid top minus bottom","production":"2023","laser":"2016","footprints":"2021"},"geometry":{"type":"Polygon","coordinates":[[[13.713772255944393,51.11401234307644],[13.713747045172257,51.113981777978935],[13.713693569444157,51.11399925621872],[13.713682429361624,51.11398574337905],[13.713651978889366,51.113995696137735],[13.713663118965307,51.11400920898025],[13.713600545705424,51.11402965363421],[13.71362574212317,51.114060218605424],[13.7136564538631,51.114097453958614],[13.713802967771747,51.11404957839207],[13.713772255944393,51.11401234307644]]]}},{"type":"Feature","id":"DESNATPU1000D3yV","properties":{"id":"DESNATPU1000D3yV","height_m":3.365,"ground_m":148.126,"height_source":"LoD1 solid top minus bottom","production":"2023","laser":"2016","footprints":"2021"},"geometry":{"type":"Polygon","coordinates":[[[13.709538947752975,51.1047203307977],[13.709444791134207,51.104685298623906],[13.709342492228894,51.10479388172981],[13.709436791785661,51.10482891556267],[13.709538947752975,51.1047203307977]]]}},{"type":"Feature","id":"DESNATPU1000FXw6","properties":{"id":"DESNATPU1000FXw6","height_m":5.625,"ground_m":213.904,"height_source":"LoD1 solid top minus bottom","production":"2023","laser":"2016","footprints":"2021"},"geometry":{"type":"Polygon","coordinates":[[[13.711107215798338,51.11931344129016],[13.711174711495083,51.11929098387181],[13.711144149040113,51.119254495951324],[13.711076798726566,51.119276865026684],[13.711107215798338,51.11931344129016]]]}},{"type":"Feature","id":"DESNATPU1000EnTh","properties":{"id":"DESNATPU1000EnTh","height_m":2.755,"ground_m":215.542,"height_source":"LoD1 solid top minus bottom","production":"2023","laser":"2016","footprints":"2021"},"geometry":{"type":"Polygon","coordinates":[[[13.712047416558645,51.11497119710956],[13.71205291291784,51.115025304391864],[13.712181644209881,51.11502006767624],[13.71217642836014,51.114966143346194],[13.712047416558645,51.11497119710956]]]}},{"type":"Feature","id":"DESNATPU1000Gz8A","properties":{"id":"DESNATPU1000Gz8A","height_m":2.823,"ground_m":216.798,"height_source":"LoD1 solid top minus bottom","production":"2023","laser":"2016","footprints":"2021"},"geometry":{"type":"Polygon","coordinates":[[[13.712943189967707,51.11406862440747],[13.712896630359593,51.11407421798852],[13.712890954451915,51.1140748749306],[13.712918639189283,51.11417218504739],[13.71297294280083,51.11416606518999],[13.71296762685599,51.114148623587496],[13.71294898414679,51.114087878828975],[13.712943189967707,51.11406862440747]]]}},{"type":"Feature","id":"DESNATPU1000C7kZ","properties":{"id":"DESNATPU1000C7kZ","height_m":3.136,"ground_m":217.85,"height_source":"LoD1 solid top minus bottom","production":"2023","laser":"2016","footprints":"2021"},"geometry":{"type":"Polygon","coordinates":[[[13.712573417302774,51.11449002986312],[13.712559502743943,51.1144252184027],[13.712451375673492,51.114434549329964],[13.712465152253243,51.11449917942827],[13.712573417302774,51.11449002986312]]]}},{"type":"Feature","id":"UUID_5e164306-83c0-4f8c-a1b6-ff1ac18291d1","properties":{"id":"UUID_5e164306-83c0-4f8c-a1b6-ff1ac18291d1","height_m":4.537,"ground_m":213.429,"height_source":"LoD1 solid top minus bottom","production":"2023","laser":"2016","footprints":"2021"},"geometry":{"type":"Polygon","coordinates":[[[13.713430570570102,51.113686641448176],[13.713420732386455,51.113665867730816],[13.713306197829803,51.11368735015416],[13.713316035716597,51.113708132870805],[13.713430570570102,51.113686641448176]]]}},{"type":"Feature","id":"UUID_8744265a-9e88-40c1-acc4-d48722144d60","properties":{"id":"UUID_8744265a-9e88-40c1-acc4-d48722144d60","height_m":5.16,"ground_m":213.429,"height_source":"LoD1 solid top minus bottom","production":"2023","laser":"2016","footprints":"2021"},"geometry":{"type":"Polygon","coordinates":[[[13.713455884959602,51.11374998652169],[13.713462727224519,51.11376443230862],[13.713521667605548,51.11375338120597],[13.713514825573425,51.11373892643228],[13.713455884959602,51.11374998652169]]]}},{"type":"Feature","id":"UUID_e6e6714f-d1d4-4277-8761-1c7d53687116","properties":{"id":"UUID_e6e6714f-d1d4-4277-8761-1c7d53687116","height_m":4.708,"ground_m":213.429,"height_source":"LoD1 solid top minus bottom","production":"2023","laser":"2016","footprints":"2021"},"geometry":{"type":"Polygon","coordinates":[[[13.713430570570102,51.113686641448176],[13.713316035716597,51.113708132870805],[13.713345644163152,51.11377067090708],[13.713455884959602,51.11374998652169],[13.713514825573425,51.11373892643228],[13.713485202634688,51.11367638827987],[13.713430570570102,51.113686641448176]]]}},{"type":"Feature","id":"DESNATPU1000EQJW","properties":{"id":"DESNATPU1000EQJW","height_m":3.266,"ground_m":216.949,"height_source":"LoD1 solid top minus bottom","production":"2023","laser":"2016","footprints":"2021"},"geometry":{"type":"Polygon","coordinates":[[[13.709208629530332,51.11584447813965],[13.709086060126404,51.11588485155227],[13.709140942944597,51.11595083515881],[13.709263509972276,51.115910551590375],[13.709208629530332,51.11584447813965]]]}},{"type":"Feature","id":"DESNATPU1000H1uH","properties":{"id":"DESNATPU1000H1uH","height_m":4.534,"ground_m":216.607,"height_source":"LoD1 solid top minus bottom","production":"2023","laser":"2016","footprints":"2021"},"geometry":{"type":"Polygon","coordinates":[[[13.707508255903479,51.11643885049999],[13.707524125128039,51.11645795577006],[13.70760404144368,51.11643166289075],[13.70758817219477,51.11641255763127],[13.707508255903479,51.11643885049999]]]}},{"type":"Feature","id":"DESNATP1e80002UR","properties":{"id":"DESNATP1e80002UR","height_m":3.0,"ground_m":213.732,"height_source":"LoD1 solid top minus bottom","production":"2023","laser":"2016","footprints":"2021"},"geometry":{"type":"Polygon","coordinates":[[[13.71184487306755,51.115288956680516],[13.71186362449705,51.11539199594858],[13.711977925254335,51.11538372277518],[13.711959172823308,51.115280710493636],[13.71184487306755,51.115288956680516]]]}},{"type":"Feature","id":"DESNATPU1000GKvb","properties":{"id":"DESNATPU1000GKvb","height_m":2.209,"ground_m":212.926,"height_source":"LoD1 solid top minus bottom","production":"2023","laser":"2016","footprints":"2021"},"geometry":{"type":"Polygon","coordinates":[[[13.71217564817821,51.11548241146709],[13.712188344495779,51.11554478148873],[13.712259225724246,51.11553908735155],[13.712246386481855,51.11547671576379],[13.71217564817821,51.11548241146709]]]}},{"type":"Feature","id":"DESNATPU1000Hwnr","properties":{"id":"DESNATPU1000Hwnr","height_m":3.559,"ground_m":211.616,"height_source":"LoD1 solid top minus bottom","production":"2023","laser":"2016","footprints":"2021"},"geometry":{"type":"Polygon","coordinates":[[[13.713241781741596,51.11546681123314],[13.713220817077831,51.11547059129966],[13.713145861348258,51.115484100882384],[13.713165518334334,51.11552739273798],[13.713261726969527,51.115510016316534],[13.713241781741596,51.11546681123314]]]}},{"type":"Feature","id":"DESNATPU1000GaHa","properties":{"id":"DESNATPU1000GaHa","height_m":2.917,"ground_m":199.575,"height_source":"LoD1 solid top minus bottom","production":"2023","laser":"2016","footprints":"2021"},"geometry":{"type":"Polygon","coordinates":[[[13.711708096984419,51.11155477951885],[13.711679727079986,51.11160914318296],[13.711779300531918,51.11162975472055],[13.711807672832782,51.11157530113123],[13.711708096984419,51.11155477951885]]]}},{"type":"Feature","id":"DESNATPU1000DD22","properties":{"id":"DESNATPU1000DD22","height_m":3.704,"ground_m":214.147,"height_source":"LoD1 solid top minus bottom","production":"2023","laser":"2016","footprints":"2021"},"geometry":{"type":"Polygon","coordinates":[[[13.709559627264643,51.115174341953725],[13.709590238500914,51.1152140682754],[13.709635480207082,51.1152004488744],[13.709667880697776,51.115242622978414],[13.70976111041292,51.11521424534009],[13.709750220009285,51.11520000646323],[13.709836964667186,51.11517362554599],[13.709794645932606,51.115118212551614],[13.709685003738196,51.115156211250294],[13.709672882999397,51.1151399803717],[13.709559627264643,51.115174341953725]]]}},{"type":"Feature","id":"DESNATPU1000HxrN","properties":{"id":"DESNATPU1000HxrN","height_m":2.514,"ground_m":209.009,"height_source":"LoD1 solid top minus bottom","production":"2023","laser":"2016","footprints":"2021"},"geometry":{"type":"Polygon","coordinates":[[[13.71252476418702,51.112637066575076],[13.712547022672428,51.112710063463396],[13.712654280843818,51.11269586677912],[13.712630295841404,51.112623300541806],[13.71252476418702,51.112637066575076]]]}},{"type":"Feature","id":"DESNATPU1000HRGX","properties":{"id":"DESNATPU1000HRGX","height_m":4.1,"ground_m":210.707,"height_source":"LoD1 solid top minus bottom","production":"2023","laser":"2016","footprints":"2021"},"geometry":{"type":"Polygon","coordinates":[[[13.707647888301814,51.11370890143765],[13.707608420433871,51.11372043461007],[13.707664505565225,51.11379846461615],[13.707679494156265,51.11381991625821],[13.707691572236403,51.113837127095415],[13.707701479125912,51.11383434990324],[13.707732542859421,51.11382550259033],[13.707776308598321,51.113813036660666],[13.707690179093587,51.11369655412951],[13.707647888301814,51.11370890143765]]]}},{"type":"Feature","id":"DESNATP18a0001Ik","properties":{"id":"DESNATP18a0001Ik","height_m":3.0,"ground_m":170.686,"height_source":"LoD1 solid top minus bottom","production":"2023","laser":"2016","footprints":"2021"},"geometry":{"type":"Polygon","coordinates":[[[13.693336012840549,51.111085467617066],[13.693261417123761,51.11105890545791],[13.693219219838864,51.11110587096432],[13.693293830141275,51.111132424320196],[13.693336012840549,51.111085467617066]]]}},{"type":"Feature","id":"DESNATPU1000CAIl","properties":{"id":"DESNATPU1000CAIl","height_m":3.338,"ground_m":211.615,"height_source":"LoD1 solid top minus bottom","production":"2023","laser":"2016","footprints":"2021"},"geometry":{"type":"Polygon","coordinates":[[[13.712440968563422,51.11582670019082],[13.71244502597248,51.115865773623206],[13.712595340079913,51.11586545036759],[13.712593552450887,51.115821815604875],[13.712440968563422,51.11582670019082]]]}},{"type":"Feature","id":"DESNATPU1000BPXI","properties":{"id":"DESNATPU1000BPXI","height_m":2.231,"ground_m":213.615,"height_source":"LoD1 solid top minus bottom","production":"2023","laser":"2016","footprints":"2021"},"geometry":{"type":"Polygon","coordinates":[[[13.710694912980058,51.11481969015439],[13.710778585281084,51.114816386165685],[13.710773215745732,51.11476290971044],[13.710689543541061,51.114766213696015],[13.710694912980058,51.11481969015439]]]}},{"type":"Feature","id":"DESNATPU1000GpJe","properties":{"id":"DESNATPU1000GpJe","height_m":3.588,"ground_m":211.943,"height_source":"LoD1 solid top minus bottom","production":"2023","laser":"2016","footprints":"2021"},"geometry":{"type":"Polygon","coordinates":[[[13.713306707583028,51.115053137501434],[13.713397022717125,51.11502157741816],[13.713363088291636,51.114983074527224],[13.713272627883898,51.11501472291355],[13.713306707583028,51.115053137501434]]]}},{"type":"Feature","id":"DESNATPU1000DZmu","properties":{"id":"DESNATPU1000DZmu","height_m":2.135,"ground_m":215.631,"height_source":"LoD1 solid top minus bottom","production":"2023","laser":"2016","footprints":"2021"},"geometry":{"type":"Polygon","coordinates":[[[13.712680293759473,51.114561692211986],[13.712698578310206,51.11462349421659],[13.712768813878819,51.11461527468208],[13.712750529237221,51.11455347268773],[13.712680293759473,51.114561692211986]]]}},{"type":"Feature","id":"DESNATPU1000F1Zn","properties":{"id":"DESNATPU1000F1Zn","height_m":3.0,"ground_m":208.135,"height_source":"LoD1 solid top minus bottom","production":"2023","laser":"2016","footprints":"2021"},"geometry":{"type":"Polygon","coordinates":[[[13.712235833663165,51.11335500862749],[13.712166518214232,51.11336616962528],[13.71219219201255,51.113429366064146],[13.71226150755041,51.11341820505189],[13.712235833663165,51.11335500862749]]]}},{"type":"Feature","id":"DESNATPU1000BtYf","properties":{"id":"DESNATPU1000BtYf","height_m":4.831,"ground_m":213.341,"height_source":"LoD1 solid top minus bottom","production":"2023","laser":"2016","footprints":"2021"},"geometry":{"type":"Polygon","coordinates":[[[13.711471813512986,51.11426125828376],[13.71147452145368,51.114292313297035],[13.711441621236746,51.11429374927868],[13.71144529200787,51.114336415619476],[13.711611762799315,51.114330336454024],[13.711605098191331,51.11425661195876],[13.711471813512986,51.11426125828376]]]}},{"type":"Feature","id":"DESNATPU1000CdaV","properties":{"id":"DESNATPU1000CdaV","height_m":5.641,"ground_m":216.164,"height_source":"LoD1 solid top minus bottom","production":"2023","laser":"2016","footprints":"2021"},"geometry":{"type":"Polygon","coordinates":[[[13.707764634316248,51.11600151354337],[13.707686047094509,51.116030896759916],[13.707776263833216,51.11612649815206],[13.707792507035366,51.11612041867836],[13.707820892597654,51.11610980612989],[13.70785485141292,51.11609710588607],[13.707764634316248,51.11600151354337]]]}},{"type":"Feature","id":"DESNATPU1000F0GP","properties":{"id":"DESNATPU1000F0GP","height_m":4.032,"ground_m":209.935,"height_source":"LoD1 solid top minus bottom","production":"2023","laser":"2016","footprints":"2021"},"geometry":{"type":"Polygon","coordinates":[[[13.712244311562065,51.11364466128686],[13.712224981483827,51.113553693012925],[13.712165905829842,51.11355881571479],[13.712098174269117,51.113564382609276],[13.7121174760369,51.11365533260752],[13.712244311562065,51.11364466128686]]]}},{"type":"Feature","id":"DESNATPU1000Gvi4","properties":{"id":"DESNATPU1000Gvi4","height_m":4.269,"ground_m":216.313,"height_source":"LoD1 solid top minus bottom","production":"2023","laser":"2016","footprints":"2021"},"geometry":{"type":"Polygon","coordinates":[[[13.712920222381713,51.113992823048314],[13.712943189967707,51.11406862440747],[13.71294898414679,51.114087878828975],[13.713005937890758,51.11408098776934],[13.712977017155449,51.11398599320275],[13.712920222381713,51.113992823048314]]]}},{"type":"Feature","id":"UUID_3c1c771e-d3a4-4a5c-ac1b-91d8eb4c4e05","properties":{"id":"UUID_3c1c771e-d3a4-4a5c-ac1b-91d8eb4c4e05","height_m":7.462,"ground_m":201.894,"height_source":"LoD1 solid top minus bottom","production":"2023","laser":"2016","footprints":"2021"},"geometry":{"type":"Polygon","coordinates":[[[13.711638140172267,51.1121593144732],[13.711671523256719,51.11213018591961],[13.711525218871573,51.112063825506716],[13.711448788886745,51.11213051918487],[13.711594917734526,51.11219703063568],[13.711638140172267,51.1121593144732]]]}},{"type":"Feature","id":"UUID_a8ac3627-3884-46b1-b2b0-3068a46cda9c","properties":{"id":"UUID_a8ac3627-3884-46b1-b2b0-3068a46cda9c","height_m":2.511,"ground_m":201.894,"height_source":"LoD1 solid top minus bottom","production":"2023","laser":"2016","footprints":"2021"},"geometry":{"type":"Polygon","coordinates":[[[13.711679055572139,51.11217784086126],[13.711638140172267,51.1121593144732],[13.711594917734526,51.11219703063568],[13.711635858463765,51.11221567422428],[13.711679055572139,51.11217784086126]]]}},{"type":"Feature","id":"DESNATP1e80002P8","properties":{"id":"DESNATP1e80002P8","height_m":3.336,"ground_m":216.605,"height_source":"LoD1 solid top minus bottom","production":"2023","laser":"2016","footprints":"2021"},"geometry":{"type":"Polygon","coordinates":[[[13.707751125496303,51.1161497724741],[13.707711434977664,51.11616409099282],[13.707717700640865,51.11617098578118],[13.707709502726004,51.116173943734466],[13.707721244740902,51.11618683429976],[13.707734871850697,51.1162018050503],[13.707782789125286,51.11618451989173],[13.707751125496303,51.1161497724741]]]}},{"type":"Feature","id":"DESNATPU1000CRpH","properties":{"id":"DESNATPU1000CRpH","height_m":5.84,"ground_m":209.022,"height_source":"LoD1 solid top minus bottom","production":"2023","laser":"2016","footprints":"2021"},"geometry":{"type":"Polygon","coordinates":[[[13.71329052141843,51.11343904822347],[13.713148923301349,51.11346481898468],[13.713182819165208,51.11353860928647],[13.713324417490478,51.11351283848601],[13.71329052141843,51.11343904822347]]]}},{"type":"Feature","id":"DESNATP1e80002Vk","properties":{"id":"DESNATP1e80002Vk","height_m":2.372,"ground_m":209.268,"height_source":"LoD1 solid top minus bottom","production":"2023","laser":"2016","footprints":"2021"},"geometry":{"type":"Polygon","coordinates":[[[13.712279084022201,51.11283113255092],[13.712339792965196,51.1128232400131],[13.712324074120248,51.11278173596821],[13.71226656016432,51.112789303974445],[13.712279084022201,51.11283113255092]]]}},{"type":"Feature","id":"DESNATPU1000DSOj","properties":{"id":"DESNATPU1000DSOj","height_m":7.86,"ground_m":210.341,"height_source":"LoD1 solid top minus bottom","production":"2023","laser":"2016","footprints":"2021"},"geometry":{"type":"Polygon","coordinates":[[[13.71246840460353,51.11382804642174],[13.712622473033516,51.113816802272176],[13.712607608951902,51.1137368094963],[13.71245383572085,51.11374823673225],[13.71246840460353,51.11382804642174]]]}},{"type":"Feature","id":"UUID_2f742fe0-b906-4534-9d69-cf291db553ea","properties":{"id":"UUID_2f742fe0-b906-4534-9d69-cf291db553ea","height_m":3.786,"ground_m":213.173,"height_source":"LoD1 solid top minus bottom","production":"2023","laser":"2016","footprints":"2021"},"geometry":{"type":"Polygon","coordinates":[[[13.711169437160905,51.11543478664832],[13.711157510987059,51.115315518549494],[13.710929304088122,51.11532455854131],[13.71094124370871,51.11544383580655],[13.710989974853772,51.115441900031364],[13.711097148830397,51.11543764986652],[13.711169437160905,51.11543478664832]]]}},{"type":"Feature","id":"UUID_3be9080a-fef9-4e7d-83f0-9bcaa46ee401","properties":{"id":"UUID_3be9080a-fef9-4e7d-83f0-9bcaa46ee401","height_m":3.739,"ground_m":213.173,"height_source":"LoD1 solid top minus bottom","production":"2023","laser":"2016","footprints":"2021"},"geometry":{"type":"Polygon","coordinates":[[[13.711097148830397,51.11543764986652],[13.711099384817162,51.11545998565585],[13.711171673432574,51.1154571134465],[13.711169437160905,51.11543478664832],[13.711097148830397,51.11543764986652]]]}},{"type":"Feature","id":"UUID_7863874d-a973-448b-9c01-2f8796bea4c2","properties":{"id":"UUID_7863874d-a973-448b-9c01-2f8796bea4c2","height_m":3.774,"ground_m":213.173,"height_source":"LoD1 solid top minus bottom","production":"2023","laser":"2016","footprints":"2021"},"geometry":{"type":"Polygon","coordinates":[[[13.710942930859975,51.11546073389605],[13.710991550760397,51.11545868898007],[13.710989974853772,51.115441900031364],[13.71094124370871,51.11544383580655],[13.710942930859975,51.11546073389605]]]}},{"type":"Feature","id":"UUID_911f29f8-2c06-4581-ac9a-02f002f793a8","properties":{"id":"UUID_911f29f8-2c06-4581-ac9a-02f002f793a8","height_m":7.802,"ground_m":214.673,"height_source":"LoD1 solid top minus bottom","production":"2023","laser":"2016","footprints":"2021"},"geometry":{"type":"Polygon","coordinates":[[[13.710327022133797,51.1134164783975],[13.710329613721743,51.113422945832006],[13.710423300887514,51.11340878135066],[13.710419043343737,51.11339749338563],[13.710327022133797,51.1134164783975]]]}},{"type":"Feature","id":"UUID_6e94be71-edc1-49ad-89c7-9f4c7fb7cc03","properties":{"id":"UUID_6e94be71-edc1-49ad-89c7-9f4c7fb7cc03","height_m":7.123,"ground_m":214.673,"height_source":"LoD1 solid top minus bottom","production":"2023","laser":"2016","footprints":"2021"},"geometry":{"type":"Polygon","coordinates":[[[13.710446603688206,51.11339180815178],[13.710724391202048,51.11333449392937],[13.710693330895298,51.11327497876826],[13.710420454309022,51.11333141182975],[13.710446603688206,51.11339180815178]]]}},{"type":"Feature","id":"UUID_f0d730dc-79a6-421d-b0e7-7d89c16225f6","properties":{"id":"UUID_f0d730dc-79a6-421d-b0e7-7d89c16225f6","height_m":10.505,"ground_m":214.673,"height_source":"LoD1 solid top minus bottom","production":"2023","laser":"2016","footprints":"2021"},"geometry":{"type":"Polygon","coordinates":[[[13.710400993591877,51.11320934467328],[13.710369914868487,51.113214658354785],[13.71038199565789,51.1132425793736],[13.710407701899989,51.11330195463088],[13.71045177405515,51.113294347197595],[13.710443452027732,51.113275100736246],[13.71042610985674,51.11323499939228],[13.710406391899719,51.11318940421557],[13.710393343172385,51.113191634392514],[13.710400993591877,51.11320934467328]]]}},{"type":"Feature","id":"UUID_1a8eb437-6ef9-42ff-ab72-e214e9516ce4","properties":{"id":"UUID_1a8eb437-6ef9-42ff-ab72-e214e9516ce4","height_m":9.754,"ground_m":214.673,"height_source":"LoD1 solid top minus bottom","production":"2023","laser":"2016","footprints":"2021"},"geometry":{"type":"Polygon","coordinates":[[[13.710425067336322,51.113186228902855],[13.710406405931804,51.11318941336316],[13.710428592928428,51.113240746203466],[13.710443452027732,51.113275100736246],[13.71052527698324,51.11326107512541],[13.710510359947188,51.113226746942615],[13.710495737625276,51.113193123446834],[13.710432432120019,51.113203936031134],[13.710425067336322,51.113186228902855]]]}},{"type":"Feature","id":"UUID_b5058495-e2bc-4939-8271-897a93ffdfe9","properties":{"id":"UUID_b5058495-e2bc-4939-8271-897a93ffdfe9","height_m":8.971,"ground_m":214.673,"height_source":"LoD1 solid top minus bottom","production":"2023","laser":"2016","footprints":"2021"},"geometry":{"type":"Polygon","coordinates":[[[13.710419043343737,51.11339749338563],[13.710446603688206,51.11339180815178],[13.710420454309022,51.11333141182975],[13.710407701899989,51.11330195463088],[13.710369914868487,51.113214658354785],[13.710254141713298,51.11323443348126],[13.710327022133797,51.1134164783975],[13.710419043343737,51.11339749338563]]]}},{"type":"Feature","id":"DESNATPU1000FGmu","properties":{"id":"DESNATPU1000FGmu","height_m":3.611,"ground_m":130.647,"height_source":"LoD1 solid top minus bottom","production":"2023","laser":"2016","footprints":"2021"},"geometry":{"type":"Polygon","coordinates":[[[13.693715107832489,51.10320184349966],[13.693824844976387,51.103208078583904],[13.693839976156625,51.10310250091563],[13.693730239260185,51.10309626584727],[13.693724639501347,51.10313530411671],[13.693715107832489,51.10320184349966]]]}},{"type":"Feature","id":"DESNATP18a0001Ud","properties":{"id":"DESNATP18a0001Ud","height_m":3.683,"ground_m":213.603,"height_source":"LoD1 solid top minus bottom","production":"2023","laser":"2016","footprints":"2021"},"geometry":{"type":"Polygon","coordinates":[[[13.711462905707968,51.115321105753466],[13.711476015842049,51.11544817463162],[13.711581279118398,51.11544378606008],[13.71157939221245,51.1154258426145],[13.71163632175499,51.11542348432174],[13.711627301032136,51.11533275547071],[13.711570288903394,51.115335004935005],[13.711566089072317,51.115293888530495],[13.711517548533179,51.11529565578245],[13.711518328167479,51.115301527680586],[13.711529657564482,51.11530103202629],[13.711531464721137,51.115318246177374],[13.711462905707968,51.115321105753466]]]}},{"type":"Feature","id":"DESNATPU1000HWZq","properties":{"id":"DESNATPU1000HWZq","height_m":2.957,"ground_m":199.191,"height_source":"LoD1 solid top minus bottom","production":"2023","laser":"2016","footprints":"2021"},"geometry":{"type":"Polygon","coordinates":[[[13.711841199243915,51.11171568851344],[13.711801859151931,51.11175869033285],[13.711882481192625,51.111787815997786],[13.711895296411805,51.111773928406194],[13.711932918891888,51.11178756231376],[13.711959443700042,51.111758448050104],[13.711841199243915,51.11171568851344]]]}},{"type":"Feature","id":"DESNATP1e80002VG","properties":{"id":"DESNATP1e80002VG","height_m":3.546,"ground_m":215.341,"height_source":"LoD1 solid top minus bottom","production":"2023","laser":"2016","footprints":"2021"},"geometry":{"type":"Polygon","coordinates":[[[13.712671138424216,51.113987338041944],[13.71268455732783,51.11404839403778],[13.71276194574249,51.114038778443636],[13.712749386943305,51.1139776150199],[13.71269550821388,51.11398336175313],[13.712671138424216,51.113987338041944]]]}},{"type":"Feature","id":"DESNATPU1000IxLx","properties":{"id":"DESNATPU1000IxLx","height_m":3.188,"ground_m":212.192,"height_source":"LoD1 solid top minus bottom","production":"2023","laser":"2016","footprints":"2021"},"geometry":{"type":"Polygon","coordinates":[[[13.713732256634309,51.11481897098044],[13.713634911054903,51.11485162303746],[13.713696487727093,51.11492370331727],[13.713793550254758,51.11489095816721],[13.713732256634309,51.11481897098044]]]}},{"type":"Feature","id":"DESNATP1e80002Va","properties":{"id":"DESNATP1e80002Va","height_m":3.137,"ground_m":210.821,"height_source":"LoD1 solid top minus bottom","production":"2023","laser":"2016","footprints":"2021"},"geometry":{"type":"Polygon","coordinates":[[[13.714238060983856,51.11554548702119],[13.71420139143456,51.11550511077989],[13.714117483677862,51.11553178691791],[13.714164684299636,51.11557417647999],[13.714238060983856,51.11554548702119]]]}},{"type":"Feature","id":"DESNATPU1000BbCy","properties":{"id":"DESNATPU1000BbCy","height_m":2.543,"ground_m":212.706,"height_source":"LoD1 solid top minus bottom","production":"2023","laser":"2016","footprints":"2021"},"geometry":{"type":"Polygon","coordinates":[[[13.713391319023826,51.114758834945526],[13.71342609630945,51.1148081384658],[13.713504426791403,51.114786248577346],[13.713469649437997,51.11473694507973],[13.713391319023826,51.114758834945526]]]}},{"type":"Feature","id":"DESNATPU1000Grmc","properties":{"id":"DESNATPU1000Grmc","height_m":2.923,"ground_m":211.728,"height_source":"LoD1 solid top minus bottom","production":"2023","laser":"2016","footprints":"2021"},"geometry":{"type":"Polygon","coordinates":[[[13.713718512829898,51.1136262843796],[13.713741822725309,51.11362033578239],[13.713725518007214,51.11359524634912],[13.713702350947411,51.11360119651448],[13.713718512829898,51.1136262843796]]]}},{"type":"Feature","id":"DESNATPU1000Gd3I","properties":{"id":"DESNATPU1000Gd3I","height_m":3.23,"ground_m":205.509,"height_source":"LoD1 solid top minus bottom","production":"2023","laser":"2016","footprints":"2021"},"geometry":{"type":"Polygon","coordinates":[[[13.713007999110797,51.11332645135624],[13.713036078820556,51.11336274064294],[13.713177652484779,51.11331932586996],[13.713149600754523,51.11328305491087],[13.713123231465445,51.11329113698269],[13.713007999110797,51.11332645135624]]]}},{"type":"Feature","id":"DESNATP18a0001T6","properties":{"id":"DESNATP18a0001T6","height_m":3.65,"ground_m":130.291,"height_source":"LoD1 solid top minus bottom","production":"2023","laser":"2016","footprints":"2021"},"geometry":{"type":"Polygon","coordinates":[[[13.693652009264301,51.10313117422359],[13.693724639501347,51.10313530411671],[13.693730239260185,51.10309626584727],[13.6937317973815,51.10308558178544],[13.693659169248967,51.10308137997728],[13.693652009264301,51.10313117422359]]]}},{"type":"Feature","id":"UUID_5f15daaf-80cc-41d3-83fa-8cd9acc090ab","properties":{"id":"UUID_5f15daaf-80cc-41d3-83fa-8cd9acc090ab","height_m":9.695,"ground_m":196.925,"height_source":"LoD1 solid top minus bottom","production":"2023","laser":"2016","footprints":"2021"},"geometry":{"type":"Polygon","coordinates":[[[13.712544167561088,51.11100223524891],[13.712532830726126,51.11100920573703],[13.712651370227201,51.111085519994624],[13.712662707313227,51.11107854050506],[13.712544167561088,51.11100223524891]]]}},{"type":"Feature","id":"UUID_fda8f1b2-5a04-4061-8391-eb9b481195fd","properties":{"id":"UUID_fda8f1b2-5a04-4061-8391-eb9b481195fd","height_m":3.819,"ground_m":196.925,"height_source":"LoD1 solid top minus bottom","production":"2023","laser":"2016","footprints":"2021"},"geometry":{"type":"Polygon","coordinates":[[[13.712638493683448,51.11090729365775],[13.712529948768903,51.11097411104699],[13.712533681989903,51.11097651726423],[13.712525469435798,51.11098158870152],[13.712536584909918,51.11098875246936],[13.712653356661818,51.11091686378561],[13.712638493683448,51.11090729365775]]]}},{"type":"Feature","id":"UUID_ffcb4730-3894-415a-a981-42d2f89b3568","properties":{"id":"UUID_ffcb4730-3894-415a-a981-42d2f89b3568","height_m":6.875,"ground_m":196.925,"height_source":"LoD1 solid top minus bottom","production":"2023","laser":"2016","footprints":"2021"},"geometry":{"type":"Polygon","coordinates":[[[13.712536584909918,51.11098875246936],[13.712529753597737,51.11099295782155],[13.712544167561088,51.11100223524891],[13.712662707313227,51.11107854050506],[13.712762066391681,51.111017377257085],[13.71272741388828,51.110995071275504],[13.71262911266408,51.11093179468562],[13.712536584909918,51.11098875246936]]]}},{"type":"Feature","id":"UUID_b9912bc9-fbe6-44cc-b239-807ae48fbf57","properties":{"id":"UUID_b9912bc9-fbe6-44cc-b239-807ae48fbf57","height_m":5.039,"ground_m":196.925,"height_source":"LoD1 solid top minus bottom","production":"2023","laser":"2016","footprints":"2021"},"geometry":{"type":"Polygon","coordinates":[[[13.712653356661818,51.11091686378561],[13.71262911266408,51.11093179468562],[13.71272741388828,51.110995071275504],[13.712751657888186,51.110980140355274],[13.712653356661818,51.11091686378561]]]}},{"type":"Feature","id":"UUID_65e28554-956f-4c40-bf22-662f809f7a85","properties":{"id":"UUID_65e28554-956f-4c40-bf22-662f809f7a85","height_m":6.797,"ground_m":212.976,"height_source":"LoD1 solid top minus bottom","production":"2023","laser":"2016","footprints":"2021"},"geometry":{"type":"Polygon","coordinates":[[[13.707386747274837,51.115948055953844],[13.707361999134456,51.11594454494485],[13.707340245302676,51.11600524867441],[13.707365007756879,51.11600875984609],[13.707386747274837,51.115948055953844]]]}},{"type":"Feature","id":"UUID_e7e8023e-f58e-4db0-8dac-8b29454c9713","properties":{"id":"UUID_e7e8023e-f58e-4db0-8dac-8b29454c9713","height_m":9.095,"ground_m":212.976,"height_source":"LoD1 solid top minus bottom","production":"2023","laser":"2016","footprints":"2021"},"geometry":{"type":"Polygon","coordinates":[[[13.707340245302676,51.11600524867441],[13.707361999134456,51.11594454494485],[13.707257185867128,51.115929681105115],[13.70722868930296,51.116009285080096],[13.70733347417393,51.11602414863059],[13.707340245302676,51.11600524867441]]]}},{"type":"Feature","id":"DESNATP1e80002VM","properties":{"id":"DESNATP1e80002VM","height_m":4.74,"ground_m":215.557,"height_source":"LoD1 solid top minus bottom","production":"2023","laser":"2016","footprints":"2021"},"geometry":{"type":"Polygon","coordinates":[[[13.712405434358185,51.114194807892666],[13.712380927736445,51.114134313213015],[13.712311117124468,51.11414011812883],[13.712315982328736,51.11416143069598],[13.712332672373462,51.11419679434982],[13.712405434358185,51.114194807892666]]]}},{"type":"Feature","id":"UUID_ab21c22a-52ea-4795-9c1a-3a5ffda59878","properties":{"id":"UUID_ab21c22a-52ea-4795-9c1a-3a5ffda59878","height_m":5.025,"ground_m":215.912,"height_source":"LoD1 solid top minus bottom","production":"2023","laser":"2016","footprints":"2021"},"geometry":{"type":"Polygon","coordinates":[[[13.707413215421585,51.11612340247616],[13.70741715378796,51.116132798530316],[13.707460631963222,51.116125599318565],[13.70745694891484,51.11611678162776],[13.707440470736847,51.116111311697864],[13.707424241639215,51.11611381214299],[13.707413215421585,51.11612340247616]]]}},{"type":"Feature","id":"UUID_c67a7f26-f205-421a-9b9f-0c3e5a07ae30","properties":{"id":"UUID_c67a7f26-f205-421a-9b9f-0c3e5a07ae30","height_m":7.446,"ground_m":215.912,"height_source":"LoD1 solid top minus bottom","production":"2023","laser":"2016","footprints":"2021"},"geometry":{"type":"Polygon","coordinates":[[[13.707448397659205,51.11622405217485],[13.707464775647718,51.116221337544914],[13.707540292185522,51.116208827003156],[13.707573091240198,51.116203389198695],[13.707571243062192,51.11619896229603],[13.707535373288076,51.11611321510276],[13.707460631963222,51.116125599318565],[13.70741715378796,51.116132798530316],[13.70741069446859,51.11613386920851],[13.707448397659205,51.11622405217485]]]}},{"type":"Feature","id":"UUID_16566af7-7a51-4a51-b175-b550ae51ac49","properties":{"id":"UUID_16566af7-7a51-4a51-b175-b550ae51ac49","height_m":3.97,"ground_m":215.912,"height_source":"LoD1 solid top minus bottom","production":"2023","laser":"2016","footprints":"2021"},"geometry":{"type":"Polygon","coordinates":[[[13.707545875247884,51.11613828621975],[13.707571243062192,51.11619896229603],[13.707601128306738,51.1161940048652],[13.707605119736531,51.11618921085593],[13.707581358261775,51.11613241045545],[13.707545875247884,51.11613828621975]]]}},{"type":"Feature","id":"UUID_7f83bb67-875f-4ffc-af3e-e1d9d53f142f","properties":{"id":"UUID_7f83bb67-875f-4ffc-af3e-e1d9d53f142f","height_m":8.293,"ground_m":215.912,"height_source":"LoD1 solid top minus bottom","production":"2023","laser":"2016","footprints":"2021"},"geometry":{"type":"Polygon","coordinates":[[[13.707464775396856,51.11622134653494],[13.707472771435699,51.11624047269174],[13.707548302536845,51.11622795331294],[13.707540292185522,51.116208827003156],[13.707464775396856,51.11622134653494]]]}},{"type":"Feature","id":"DESNATPU1000Fh7B","properties":{"id":"DESNATPU1000Fh7B","height_m":3.891,"ground_m":147.593,"height_source":"LoD1 solid top minus bottom","production":"2023","laser":"2016","footprints":"2021"},"geometry":{"type":"Polygon","coordinates":[[[13.709837105242936,51.104585221942955],[13.709878986117339,51.10453802216339],[13.709756460502103,51.104495842644404],[13.709715301036354,51.104542780557836],[13.709837105242936,51.104585221942955]]]}},{"type":"Feature","id":"DESNATPU1000Jc4P","properties":{"id":"DESNATPU1000Jc4P","height_m":2.543,"ground_m":217.144,"height_source":"LoD1 solid top minus bottom","production":"2023","laser":"2016","footprints":"2021"},"geometry":{"type":"Polygon","coordinates":[[[13.709021564856409,51.115712646713334],[13.708927158357321,51.11560378059848],[13.708889220474498,51.115616760954694],[13.708863829143842,51.115625563301016],[13.708843201374249,51.115601864298014],[13.708823723745917,51.115608663594756],[13.708938905711468,51.11574105055774],[13.709021564856409,51.115712646713334]]]}},{"type":"Feature","id":"UUID_f425a837-c70f-44fb-b4a3-e166f154a3ac","properties":{"id":"UUID_f425a837-c70f-44fb-b4a3-e166f154a3ac","height_m":4.266,"ground_m":205.42,"height_source":"LoD1 solid top minus bottom","production":"2023","laser":"2016","footprints":"2021"},"geometry":{"type":"Polygon","coordinates":[[[13.713096300408527,51.11329938372868],[13.71304034650702,51.11322712218667],[13.712952073880642,51.11325419008748],[13.713007999110797,51.11332645135624],[13.713096300408527,51.11329938372868]]]}},{"type":"Feature","id":"UUID_9e315538-cf3a-40ba-be4d-af969f128605","properties":{"id":"UUID_9e315538-cf3a-40ba-be4d-af969f128605","height_m":3.093,"ground_m":205.42,"height_source":"LoD1 solid top minus bottom","production":"2023","laser":"2016","footprints":"2021"},"geometry":{"type":"Polygon","coordinates":[[[13.712952073880642,51.11325419008748],[13.712948442748806,51.11325530119525],[13.712952152831244,51.11326009023564],[13.712933117949525,51.11326592386454],[13.71296738981624,51.11331022197712],[13.712990056096627,51.113303268243826],[13.712952073880642,51.11325419008748]]]}},{"type":"Feature","id":"UUID_b0a6327a-4d75-47e3-b4f3-cd66fbdc2153","properties":{"id":"UUID_b0a6327a-4d75-47e3-b4f3-cd66fbdc2153","height_m":3.061,"ground_m":205.42,"height_source":"LoD1 solid top minus bottom","production":"2023","laser":"2016","footprints":"2021"},"geometry":{"type":"Polygon","coordinates":[[[13.713088684054526,51.113246467178406],[13.713061723953444,51.11325473158233],[13.713096300408527,51.11329938372868],[13.713123231715183,51.11329112799264],[13.713088684054526,51.113246467178406]]]}},{"type":"Feature","id":"DESNATPU1000ISlP","properties":{"id":"DESNATPU1000ISlP","height_m":3.0,"ground_m":197.186,"height_source":"LoD1 solid top minus bottom","production":"2023","laser":"2016","footprints":"2021"},"geometry":{"type":"Polygon","coordinates":[[[13.712474052458552,51.111045384021786],[13.712483308143147,51.11118937985046],[13.712489484969947,51.11128532018289],[13.712590630962998,51.11128274690747],[13.712590271460073,51.11127717640163],[13.712640036777257,51.1112759078166],[13.712628796643397,51.111100999862394],[13.712651370227201,51.111085519994624],[13.712532830726126,51.11100920573703],[13.712474052458552,51.111045384021786]]]}},{"type":"Feature","id":"UUID_1ec6a207-1096-4ef2-aa11-56aefec59cd9","properties":{"id":"UUID_1ec6a207-1096-4ef2-aa11-56aefec59cd9","height_m":2.272,"ground_m":214.139,"height_source":"LoD1 solid top minus bottom","production":"2023","laser":"2016","footprints":"2021"},"geometry":{"type":"Polygon","coordinates":[[[13.710860984047468,51.11498051406025],[13.710862018566171,51.11498954524735],[13.710929164089087,51.11498612188054],[13.710927766389705,51.1149752521583],[13.710860984047468,51.11498051406025]]]}},{"type":"Feature","id":"UUID_ed7df698-82c0-4e9f-ad21-ad0e3f99bf41","properties":{"id":"UUID_ed7df698-82c0-4e9f-ad21-ad0e3f99bf41","height_m":3.832,"ground_m":214.139,"height_source":"LoD1 solid top minus bottom","production":"2023","laser":"2016","footprints":"2021"},"geometry":{"type":"Polygon","coordinates":[[[13.710929164089087,51.11498612188054],[13.710862018566171,51.11498954524735],[13.710870724872445,51.11506533365721],[13.710975191984533,51.11506077498572],[13.710965936899697,51.11499956685959],[13.710963931596304,51.11498434691561],[13.710929164089087,51.11498612188054]]]}},{"type":"Feature","id":"DESNATPU1000GmYb","properties":{"id":"DESNATPU1000GmYb","height_m":3.858,"ground_m":213.903,"height_source":"LoD1 solid top minus bottom","production":"2023","laser":"2016","footprints":"2021"},"geometry":{"type":"Polygon","coordinates":[[[13.71060271960665,51.11498540006104],[13.710605582339102,51.11501600715972],[13.710664365194662,51.115013777693484],[13.71072801674688,51.11501115224358],[13.71072500860248,51.114980633472776],[13.710649775427246,51.11498358084618],[13.71060271960665,51.11498540006104]]]}},{"type":"Feature","id":"DESNATPU1000I9fB","properties":{"id":"DESNATPU1000I9fB","height_m":5.268,"ground_m":216.342,"height_source":"LoD1 solid top minus bottom","production":"2023","laser":"2016","footprints":"2021"},"geometry":{"type":"Polygon","coordinates":[[[13.707701655739266,51.11647210331292],[13.707654324255302,51.11641512335571],[13.70760404144368,51.11643166289075],[13.707524124877185,51.11645796476008],[13.707502811906581,51.11646497736284],[13.707550128969508,51.11652195722204],[13.707701655739266,51.11647210331292]]]}},{"type":"Feature","id":"DESNATPU1000EBhz","properties":{"id":"DESNATPU1000EBhz","height_m":4.778,"ground_m":131.326,"height_source":"LoD1 solid top minus bottom","production":"2023","laser":"2016","footprints":"2021"},"geometry":{"type":"Polygon","coordinates":[[[13.694108917185487,51.103241081225725],[13.694095391111526,51.10331557064695],[13.694411426938819,51.10333807523246],[13.694424812253411,51.103263494276675],[13.694108917185487,51.103241081225725]]]}},{"type":"Feature","id":"DESNATPU1000D8Uz","properties":{"id":"DESNATPU1000D8Uz","height_m":3.467,"ground_m":214.205,"height_source":"LoD1 solid top minus bottom","production":"2023","laser":"2016","footprints":"2021"},"geometry":{"type":"Polygon","coordinates":[[[13.712132481463211,51.114244616419136],[13.712123786830894,51.11417707462908],[13.711996017670135,51.11418376072001],[13.712004719615978,51.11425103281667],[13.712132481463211,51.114244616419136]]]}},{"type":"Feature","id":"DESNATPU1000FfVZ","properties":{"id":"DESNATPU1000FfVZ","height_m":5.844,"ground_m":213.699,"height_source":"LoD1 solid top minus bottom","production":"2023","laser":"2016","footprints":"2021"},"geometry":{"type":"Polygon","coordinates":[[[13.710848767777938,51.11928658132974],[13.710894675072716,51.11934158380926],[13.710936930775295,51.11932757126729],[13.710951207294494,51.11932287254943],[13.710978303664273,51.11935554533513],[13.711107215798338,51.11931344129016],[13.711076798726566,51.119276865026684],[13.711028491191401,51.11929269939201],[13.711020604380792,51.119283439797044],[13.711005315474157,51.11928857700258],[13.71097019449114,51.119246463249105],[13.710848767777938,51.11928658132974]]]}},{"type":"Feature","id":"DESNATPU1000DeSy","properties":{"id":"DESNATPU1000DeSy","height_m":3.618,"ground_m":211.975,"height_source":"LoD1 solid top minus bottom","production":"2023","laser":"2016","footprints":"2021"},"geometry":{"type":"Polygon","coordinates":[[[13.713626232349814,51.11362068281044],[13.713635542527548,51.11363526365319],[13.713647188371159,51.11365319752878],[13.713723449838929,51.11363371279085],[13.713718512829898,51.1136262843796],[13.713702350947411,51.11360119651448],[13.713626232349814,51.11362068281044]]]}},{"type":"Feature","id":"DESNATPU1000B8Ss","properties":{"id":"DESNATPU1000B8Ss","height_m":2.597,"ground_m":216.845,"height_source":"LoD1 solid top minus bottom","production":"2023","laser":"2016","footprints":"2021"},"geometry":{"type":"Polygon","coordinates":[[[13.709168998839353,51.11564646874912],[13.709080874738529,51.11567616128044],[13.709114633183418,51.11571574261526],[13.709202612002487,51.115686138382635],[13.709168998839353,51.11564646874912]]]}},{"type":"Feature","id":"DESNATPU1000IxNG","properties":{"id":"DESNATPU1000IxNG","height_m":4.819,"ground_m":216.366,"height_source":"LoD1 solid top minus bottom","production":"2023","laser":"2016","footprints":"2021"},"geometry":{"type":"Polygon","coordinates":[[[13.709104238412062,51.11557093365393],[13.709128880439373,51.11556338197542],[13.709116609445756,51.11554741916511],[13.709140239117175,51.11554030594746],[13.709102456418409,51.11549132767316],[13.708975788370983,51.11553012694113],[13.709049153531868,51.11562500171297],[13.709127687871119,51.11560104865314],[13.709104238412062,51.11557093365393]]]}},{"type":"Feature","id":"DESNATPU1000Fovi","properties":{"id":"DESNATPU1000Fovi","height_m":4.924,"ground_m":214.225,"height_source":"LoD1 solid top minus bottom","production":"2023","laser":"2016","footprints":"2021"},"geometry":{"type":"Polygon","coordinates":[[[13.71121579242847,51.11308002847288],[13.711191599056074,51.11308229776415],[13.711186241544555,51.11305970273901],[13.711180712813773,51.11306020834242],[13.711175266563103,51.11303669507237],[13.711161422171099,51.11303004066545],[13.711115273016084,51.11303426216007],[13.711105053588051,51.11304315130266],[13.711110499803725,51.11306666457571],[13.71110613119069,51.113067066057866],[13.711106912616211,51.11307030308909],[13.711117648829733,51.11311472899166],[13.711127283094237,51.113154601379044],[13.711127917671908,51.11315746808628],[13.7112075944566,51.113150288821764],[13.711202261716943,51.1131273163729],[13.711227317778587,51.11312433716409],[13.711243003780455,51.11311460898591],[13.711235714333894,51.113086480079026],[13.71121579242847,51.11308002847288]]]}},{"type":"Feature","id":"DESNATPU1000ICsK","properties":{"id":"DESNATPU1000ICsK","height_m":2.349,"ground_m":213.829,"height_source":"LoD1 solid top minus bottom","production":"2023","laser":"2016","footprints":"2021"},"geometry":{"type":"Polygon","coordinates":[[[13.710788389159871,51.11937674285962],[13.710814798757887,51.119408418903454],[13.710815487947338,51.119409325781795],[13.710964174984426,51.11936006583023],[13.710936930775295,51.11932757126729],[13.710894675072716,51.11934158380926],[13.710788389159871,51.11937674285962]]]}},{"type":"Feature","id":"DESNATPU1000BtXs","properties":{"id":"DESNATPU1000BtXs","height_m":2.388,"ground_m":147.493,"height_source":"LoD1 solid top minus bottom","production":"2023","laser":"2016","footprints":"2021"},"geometry":{"type":"Polygon","coordinates":[[[13.709481839141338,51.1045911031235],[13.709442467907397,51.104630236928216],[13.7095676367296,51.104680089845544],[13.70960700790172,51.10464095599852],[13.709481839141338,51.1045911031235]]]}},{"type":"Feature","id":"DESNATPU1000FgS0","properties":{"id":"DESNATPU1000FgS0","height_m":4.449,"ground_m":208.449,"height_source":"LoD1 solid top minus bottom","production":"2023","laser":"2016","footprints":"2021"},"geometry":{"type":"Polygon","coordinates":[[[13.712751024006042,51.112607633377586],[13.712775011688363,51.11268010969107],[13.712827349071038,51.11267322185663],[13.712803218488183,51.11260074398087],[13.712751024006042,51.112607633377586]]]}},{"type":"Feature","id":"UUID_c397d75b-413c-411e-b1cc-9c648f3b4e7e","properties":{"id":"UUID_c397d75b-413c-411e-b1cc-9c648f3b4e7e","height_m":3.263,"ground_m":208.673,"height_source":"LoD1 solid top minus bottom","production":"2023","laser":"2016","footprints":"2021"},"geometry":{"type":"Polygon","coordinates":[[[13.710965961537351,51.112677984827975],[13.711112833284362,51.112641834199685],[13.711114127935629,51.11264151573766],[13.71094517342142,51.11264465312072],[13.710965961537351,51.112677984827975]]]}},{"type":"Feature","id":"UUID_7916fbe1-c31c-4885-87de-8e145faf30f5","properties":{"id":"UUID_7916fbe1-c31c-4885-87de-8e145faf30f5","height_m":3.52,"ground_m":208.673,"height_source":"LoD1 solid top minus bottom","production":"2023","laser":"2016","footprints":"2021"},"geometry":{"type":"Polygon","coordinates":[[[13.711027810334588,51.112622965250075],[13.710944900035312,51.11264420945913],[13.71094517342142,51.11264465312072],[13.711114127935629,51.11264151573766],[13.711112833284362,51.112641834199685],[13.711442149942892,51.11263629134824],[13.711441264823295,51.11261623662998],[13.711440486575249,51.11259850323331],[13.71110102233786,51.11260420399919],[13.711027810334588,51.112622965250075]]]}},{"type":"Feature","id":"DESNATPU1000Gqgc","properties":{"id":"DESNATPU1000Gqgc","height_m":5.737,"ground_m":216.35,"height_source":"LoD1 solid top minus bottom","production":"2023","laser":"2016","footprints":"2021"},"geometry":{"type":"Polygon","coordinates":[[[13.711446916240638,51.114570785961256],[13.711445052385248,51.11466860711247],[13.711571322455745,51.11466963890964],[13.7115731885451,51.11457172785403],[13.711540528482134,51.114569659317596],[13.711526062274562,51.114560686954924],[13.71150521691812,51.11456018745398],[13.711490105258905,51.11456928350716],[13.711446916240638,51.114570785961256]]]}},{"type":"Feature","id":"DESNATPU1000FS0E","properties":{"id":"DESNATPU1000FS0E","height_m":2.413,"ground_m":212.255,"height_source":"LoD1 solid top minus bottom","production":"2023","laser":"2016","footprints":"2021"},"geometry":{"type":"Polygon","coordinates":[[[13.710740633492119,51.115640967365586],[13.710744300378844,51.11566322001871],[13.7106956602161,51.115665471443656],[13.71072071246635,51.11577150303716],[13.71076349664878,51.115769187031276],[13.710762658849582,51.11574795478203],[13.710898581378384,51.11574109013266],[13.710874894277696,51.11563219593314],[13.710740633492119,51.115640967365586]]]}},{"type":"Feature","id":"DESNATPU1000HZ0h","properties":{"id":"DESNATPU1000HZ0h","height_m":6.542,"ground_m":209.794,"height_source":"LoD1 solid top minus bottom","production":"2023","laser":"2016","footprints":"2021"},"geometry":{"type":"Polygon","coordinates":[[[13.712501061398166,51.112720906276635],[13.712356831722424,51.11273810393206],[13.712380149725865,51.11281563590094],[13.71252452420676,51.112798376860965],[13.712501061398166,51.112720906276635]]]}},{"type":"Feature","id":"UUID_19f66ecf-a8e7-415c-b870-997de4e2d8b3","properties":{"id":"UUID_19f66ecf-a8e7-415c-b870-997de4e2d8b3","height_m":4.546,"ground_m":200.889,"height_source":"LoD1 solid top minus bottom","production":"2023","laser":"2016","footprints":"2021"},"geometry":{"type":"Polygon","coordinates":[[[13.711765577620117,51.11206674384001],[13.711748595495484,51.112081484785776],[13.711815028527171,51.11210712681636],[13.711828652815036,51.112095487355155],[13.71176559240211,51.11206672601728],[13.711765577620117,51.11206674384001]]]}},{"type":"Feature","id":"UUID_6e36903e-15ed-4c0f-81ed-794a48e577ad","properties":{"id":"UUID_6e36903e-15ed-4c0f-81ed-794a48e577ad","height_m":9.055,"ground_m":200.889,"height_source":"LoD1 solid top minus bottom","production":"2023","laser":"2016","footprints":"2021"},"geometry":{"type":"Polygon","coordinates":[[[13.71176559240211,51.11206672601728],[13.711777132344729,51.112071988057465],[13.711816477919191,51.112089939547424],[13.711828638283034,51.112095496187855],[13.71184260500086,51.112101855102594],[13.711860760161606,51.11208602994465],[13.71191727554192,51.112036760490604],[13.711890838772536,51.112024679669574],[13.711852142696305,51.11200700514431],[13.711819230520915,51.11199197526668],[13.71180600990716,51.1120034842824],[13.71174441709646,51.11205706824245],[13.711765577620117,51.11206674384001],[13.71176559240211,51.11206672601728]]]}},{"type":"Feature","id":"DESNATPU1000F6sR","properties":{"id":"DESNATPU1000F6sR","height_m":2.263,"ground_m":209.394,"height_source":"LoD1 solid top minus bottom","production":"2023","laser":"2016","footprints":"2021"},"geometry":{"type":"Polygon","coordinates":[[[13.71226656016432,51.112789303974445],[13.712324074120248,51.11278173596821],[13.712307147869712,51.11273073121414],[13.712249619692422,51.11273829905526],[13.71226656016432,51.112789303974445]]]}},{"type":"Feature","id":"UUID_79d98e16-1de7-4248-aad6-1e21a6724997","properties":{"id":"UUID_79d98e16-1de7-4248-aad6-1e21a6724997","height_m":4.708,"ground_m":196.607,"height_source":"LoD1 solid top minus bottom","production":"2023","laser":"2016","footprints":"2021"},"geometry":{"type":"Polygon","coordinates":[[[13.71249611826103,51.11078240754351],[13.712458688584805,51.11078447737754],[13.712463775324391,51.11088571147001],[13.712467955461529,51.110950685571055],[13.712521151529243,51.11094932891868],[13.712510368987866,51.11078162022659],[13.71249611826103,51.11078240754351]]]}},{"type":"Feature","id":"UUID_167bc7a6-cd68-4f12-8adf-0cfcf35098ea","properties":{"id":"UUID_167bc7a6-cd68-4f12-8adf-0cfcf35098ea","height_m":3.0,"ground_m":196.607,"height_source":"LoD1 solid top minus bottom","production":"2023","laser":"2016","footprints":"2021"},"geometry":{"type":"Polygon","coordinates":[[[13.712454685920495,51.11072339911435],[13.712458028329912,51.11077122370121],[13.712458688584805,51.11078447737754],[13.71249611826103,51.11078240754351],[13.712495001879118,51.11075523697141],[13.71249270142468,51.11072235192019],[13.712454685920495,51.11072339911435]]]}},{"type":"Feature","id":"DESNATPU1000Fw6k","properties":{"id":"DESNATPU1000Fw6k","height_m":3.648,"ground_m":214.458,"height_source":"LoD1 solid top minus bottom","production":"2023","laser":"2016","footprints":"2021"},"geometry":{"type":"Polygon","coordinates":[[[13.707458003717878,51.115976577496625],[13.707488425829078,51.116012795084345],[13.70758231501925,51.11598136891307],[13.707608730550996,51.11601268606811],[13.707686181310647,51.1159866536509],[13.707629057868147,51.1159191158113],[13.707458003717878,51.115976577496625]]]}},{"type":"Feature","id":"DESNATP1e80002VK","properties":{"id":"DESNATP1e80002VK","height_m":2.782,"ground_m":211.173,"height_source":"LoD1 solid top minus bottom","production":"2023","laser":"2016","footprints":"2021"},"geometry":{"type":"Polygon","coordinates":[[[13.711829973594059,51.113961814623806],[13.711857306939079,51.11400026323453],[13.71194507958349,51.113997417259476],[13.711938608722793,51.11395832620067],[13.711870703677793,51.113960347889666],[13.711829973594059,51.113961814623806]]]}},{"type":"Feature","id":"DESNATPU1000DbBC","properties":{"id":"DESNATPU1000DbBC","height_m":9.347,"ground_m":146.919,"height_source":"LoD1 solid top minus bottom","production":"2023","laser":"2016","footprints":"2021"},"geometry":{"type":"Polygon","coordinates":[[[13.710233006830867,51.10416117227229],[13.710312380646453,51.10407553697224],[13.71018328709454,51.10402815953479],[13.71010391562714,51.104113704846164],[13.710233006830867,51.10416117227229]]]}},{"type":"Feature","id":"DESNATP1e80002V3","properties":{"id":"DESNATP1e80002V3","height_m":2.931,"ground_m":209.954,"height_source":"LoD1 solid top minus bottom","production":"2023","laser":"2016","footprints":"2021"},"geometry":{"type":"Polygon","coordinates":[[[13.712222690290133,51.11355388360483],[13.712212785488129,51.113511886032875],[13.712151412159496,51.11351692047061],[13.712165905829842,51.11355881571479],[13.712222690290133,51.11355388360483]]]}},{"type":"Feature","id":"DESNATPU1000D2DE","properties":{"id":"DESNATPU1000D2DE","height_m":5.649,"ground_m":215.526,"height_source":"LoD1 solid top minus bottom","production":"2023","laser":"2016","footprints":"2021"},"geometry":{"type":"Polygon","coordinates":[[[13.70949728626028,51.11577095585702],[13.709535813814266,51.11581886308361],[13.709584536680584,51.11580339363398],[13.709592407595645,51.115813192727195],[13.70969562660767,51.11578015919944],[13.709687622861798,51.115769998935235],[13.709695841884834,51.115767301868004],[13.709648335703918,51.11570832438827],[13.7095347428001,51.1157444807879],[13.709543849086096,51.1157560920797],[13.70949728626028,51.11577095585702]]]}},{"type":"Feature","id":"DESNATPU1000DqZ6","properties":{"id":"DESNATPU1000DqZ6","height_m":3.945,"ground_m":217.179,"height_source":"LoD1 solid top minus bottom","production":"2023","laser":"2016","footprints":"2021"},"geometry":{"type":"Polygon","coordinates":[[[13.712083013164559,51.11474844183455],[13.712081842941835,51.11473349190032],[13.712116233654568,51.1147324138816],[13.712106747476263,51.114612147571435],[13.712026912625918,51.114614649457906],[13.712029140164452,51.11464295635843],[13.711969953880557,51.11464481335993],[13.711977198663064,51.11473674564983],[13.71202984980924,51.114735104425385],[13.712031034048083,51.11475006350739],[13.712083013164559,51.11474844183455]]]}},{"type":"Feature","id":"DESNATPU1000B8Bw","properties":{"id":"DESNATPU1000B8Bw","height_m":3.146,"ground_m":209.918,"height_source":"LoD1 solid top minus bottom","production":"2023","laser":"2016","footprints":"2021"},"geometry":{"type":"Polygon","coordinates":[[[13.71201480729809,51.11314314062005],[13.712007569642743,51.11319791699673],[13.712035102109068,51.11319938935446],[13.712042342231616,51.113144523075356],[13.71201480729809,51.11314314062005]]]}},{"type":"Feature","id":"UUID_db9cf4f1-b3c7-4c49-8cd4-219868dc43cb","properties":{"id":"UUID_db9cf4f1-b3c7-4c49-8cd4-219868dc43cb","height_m":6.096,"ground_m":203.797,"height_source":"LoD1 solid top minus bottom","production":"2023","laser":"2016","footprints":"2021"},"geometry":{"type":"Polygon","coordinates":[[[13.712330560070367,51.11227803945667],[13.712310700934452,51.112224106714194],[13.71225543877702,51.11223240994468],[13.712243033069226,51.11222745316483],[13.712234060920004,51.1122238651365],[13.712208995948258,51.11222769877783],[13.712195450772295,51.11224111972975],[13.712205701567303,51.112269119325795],[13.712224888728088,51.11232152490075],[13.712273950396922,51.112314259509],[13.712332781633357,51.11230553694364],[13.712323603025242,51.11227905096611],[13.712330560070367,51.11227803945667]]]}},{"type":"Feature","id":"UUID_bd4b3bf3-5e8b-4439-8be8-d5042198ab6c","properties":{"id":"UUID_bd4b3bf3-5e8b-4439-8be8-d5042198ab6c","height_m":4.742,"ground_m":203.797,"height_source":"LoD1 solid top minus bottom","production":"2023","laser":"2016","footprints":"2021"},"geometry":{"type":"Polygon","coordinates":[[[13.712207516141513,51.11232410333889],[13.712224888728088,51.11232152490075],[13.712205701567303,51.112269119325795],[13.712188316466717,51.11227163467356],[13.712207516141513,51.11232410333889]]]}},{"type":"Feature","id":"DESNATPU1000EsPi","properties":{"id":"DESNATPU1000EsPi","height_m":3.043,"ground_m":206.115,"height_source":"LoD1 solid top minus bottom","production":"2023","laser":"2016","footprints":"2021"},"geometry":{"type":"Polygon","coordinates":[[[13.712318200706452,51.112486257643155],[13.712301636309071,51.11242429464113],[13.712231283661676,51.112431703243466],[13.712247705145778,51.1124936646817],[13.712318200706452,51.112486257643155]]]}},{"type":"Feature","id":"UUID_45b0ebd3-18a6-4c04-a980-540523bcda1b","properties":{"id":"UUID_45b0ebd3-18a6-4c04-a980-540523bcda1b","height_m":6.701,"ground_m":198.275,"height_source":"LoD1 solid top minus bottom","production":"2023","laser":"2016","footprints":"2021"},"geometry":{"type":"Polygon","coordinates":[[[13.71208352139267,51.1115307501182],[13.712033622744062,51.111586135708954],[13.71214330720103,51.11162538349854],[13.712193436271491,51.111569928457186],[13.71208352139267,51.1115307501182]]]}},{"type":"Feature","id":"UUID_45fa018d-da5b-4cfb-80f8-cb8ff0f73a07","properties":{"id":"UUID_45fa018d-da5b-4cfb-80f8-cb8ff0f73a07","height_m":6.544,"ground_m":198.275,"height_source":"LoD1 solid top minus bottom","production":"2023","laser":"2016","footprints":"2021"},"geometry":{"type":"Polygon","coordinates":[[[13.712033622744062,51.111586135708954],[13.712066849271872,51.111549253518355],[13.712043211481669,51.11154081867056],[13.712029266212838,51.111556303542336],[13.71202624713598,51.11155493035624],[13.712002997684841,51.11157517783867],[13.712033622744062,51.111586135708954]]]}},{"type":"Feature","id":"DESNATPU1000J4Uw","properties":{"id":"DESNATPU1000J4Uw","height_m":5.641,"ground_m":213.062,"height_source":"LoD1 solid top minus bottom","production":"2023","laser":"2016","footprints":"2021"},"geometry":{"type":"Polygon","coordinates":[[[13.710549215828278,51.115388227135064],[13.71048590214325,51.11539409362451],[13.710511074083804,51.11550093594226],[13.710651020005233,51.115488090778015],[13.710626138413156,51.1153810718372],[13.710549215828278,51.115388227135064]]]}},{"type":"Feature","id":"DESNATPU1000CTKr","properties":{"id":"DESNATPU1000CTKr","height_m":3.274,"ground_m":196.812,"height_source":"LoD1 solid top minus bottom","production":"2023","laser":"2016","footprints":"2021"},"geometry":{"type":"Polygon","coordinates":[[[13.712673357571175,51.11075592390807],[13.71268188044573,51.110905747988944],[13.712751096938668,51.11090418093131],[13.712742573590582,51.11075436584391],[13.712722760789916,51.11075481317355],[13.712673357571175,51.11075592390807]]]}},{"type":"Feature","id":"DESNATPU1000Ftjb","properties":{"id":"DESNATPU1000Ftjb","height_m":7.425,"ground_m":214.272,"height_source":"LoD1 solid top minus bottom","production":"2023","laser":"2016","footprints":"2021"},"geometry":{"type":"Polygon","coordinates":[[[13.71287754010682,51.113841391014226],[13.712892137721804,51.11389139881541],[13.712904870554269,51.11393499220378],[13.71296991401267,51.113927461798276],[13.712971153215626,51.11393171104896],[13.713013206457859,51.1139268412169],[13.713011967251159,51.11392259196664],[13.713009815431693,51.113915194182894],[13.713012825265555,51.113914849615355],[13.71299094695004,51.113839950545696],[13.712988008783501,51.11384028690873],[13.71293493360753,51.11384642928735],[13.712931633092897,51.11383512497365],[13.71287754010682,51.113841391014226]]]}},{"type":"Feature","id":"DESNATPU1000GL5O","properties":{"id":"DESNATPU1000GL5O","height_m":3.299,"ground_m":211.948,"height_source":"LoD1 solid top minus bottom","production":"2023","laser":"2016","footprints":"2021"},"geometry":{"type":"Polygon","coordinates":[[[13.713507831707052,51.11498259888002],[13.713607455427104,51.11495024177653],[13.7135680623768,51.11490250623194],[13.713468724391227,51.11493486644584],[13.713507831707052,51.11498259888002]]]}},{"type":"Feature","id":"DESNATP1e80002PB","properties":{"id":"DESNATP1e80002PB","height_m":3.012,"ground_m":216.786,"height_source":"LoD1 solid top minus bottom","production":"2023","laser":"2016","footprints":"2021"},"geometry":{"type":"Polygon","coordinates":[[[13.707792507035366,51.11612041867836],[13.70781389227862,51.11614307407926],[13.70787625095956,51.116119761433644],[13.70785485141292,51.11609710588607],[13.707820892597654,51.11610980612989],[13.707792507035366,51.11612041867836]]]}},{"type":"Feature","id":"DESNATPU1000DPR4","properties":{"id":"DESNATPU1000DPR4","height_m":2.614,"ground_m":207.668,"height_source":"LoD1 solid top minus bottom","production":"2023","laser":"2016","footprints":"2021"},"geometry":{"type":"Polygon","coordinates":[[[13.712494462447783,51.11294549185048],[13.712476140224295,51.11288713362266],[13.712368468542769,51.112900255447265],[13.712387010366882,51.112958418269045],[13.712494462447783,51.11294549185048]]]}},{"type":"Feature","id":"DESNATP1e80002VI","properties":{"id":"DESNATP1e80002VI","height_m":3.009,"ground_m":211.216,"height_source":"LoD1 solid top minus bottom","production":"2023","laser":"2016","footprints":"2021"},"geometry":{"type":"Polygon","coordinates":[[[13.712276647895589,51.113875754776465],[13.712272253640226,51.11383853013187],[13.712170095927213,51.11384697330185],[13.712178259664418,51.11388376285077],[13.712276647895589,51.113875754776465]]]}},{"type":"Feature","id":"DESNATPU1000CgaO","properties":{"id":"DESNATPU1000CgaO","height_m":3.105,"ground_m":214.754,"height_source":"LoD1 solid top minus bottom","production":"2023","laser":"2016","footprints":"2021"},"geometry":{"type":"Polygon","coordinates":[[[13.709547218401838,51.115158197810075],[13.709484103045638,51.115177465222175],[13.709510018300955,51.11521138433967],[13.709530563594152,51.1152380499406],[13.709533585560113,51.11523727394164],[13.709593816835403,51.11521896388118],[13.709590238500914,51.1152140682754],[13.709559627264643,51.115174341953725],[13.709547218401838,51.115158197810075]]]}},{"type":"Feature","id":"DESNATPU1000Hf89","properties":{"id":"DESNATPU1000Hf89","height_m":6.672,"ground_m":214.464,"height_source":"LoD1 solid top minus bottom","production":"2023","laser":"2016","footprints":"2021"},"geometry":{"type":"Polygon","coordinates":[[[13.711051754357042,51.11469018031804],[13.711042496202,51.114607002743064],[13.710914210493145,51.114612692753404],[13.710923454385954,51.11469586118932],[13.711051754357042,51.11469018031804]]]}},{"type":"Feature","id":"UUID_806896ad-2a1b-4a65-8c3c-83717ff9d826","properties":{"id":"UUID_806896ad-2a1b-4a65-8c3c-83717ff9d826","height_m":9.002,"ground_m":214.402,"height_source":"LoD1 solid top minus bottom","production":"2023","laser":"2016","footprints":"2021"},"geometry":{"type":"Polygon","coordinates":[[[13.707194163661969,51.11644772516588],[13.707246753515088,51.11644528505096],[13.707246732475618,51.11644501503425],[13.707276667894595,51.11644389816747],[13.70726920300538,51.11636478688078],[13.707100632300962,51.11637107947583],[13.707108225644193,51.11645172097121],[13.70716240394793,51.1164497031348],[13.707194165167472,51.1164476712257],[13.707194163661969,51.11644772516588]]]}},{"type":"Feature","id":"UUID_23c844b0-1d6b-4d3f-bf68-471f9e7bcd9c","properties":{"id":"UUID_23c844b0-1d6b-4d3f-bf68-471f9e7bcd9c","height_m":8.46,"ground_m":214.402,"height_source":"LoD1 solid top minus bottom","production":"2023","laser":"2016","footprints":"2021"},"geometry":{"type":"Polygon","coordinates":[[[13.70719612773298,51.11646847529336],[13.70724876144491,51.11646651228096],[13.707246753515088,51.11644528505096],[13.707194163661969,51.11644772516588],[13.70719612773298,51.11646847529336]]]}},{"type":"Feature","id":"DESNATPU1000IkJ6","properties":{"id":"DESNATPU1000IkJ6","height_m":2.831,"ground_m":200.813,"height_source":"LoD1 solid top minus bottom","production":"2023","laser":"2016","footprints":"2021"},"geometry":{"type":"Polygon","coordinates":[[[13.711159989275828,51.111760780222625],[13.71118479241298,51.11178483960753],[13.711168809100375,51.111802702991284],[13.711272410848915,51.111844393539265],[13.711309940614596,51.11180434856207],[13.71133988831364,51.11177237648094],[13.711369452888388,51.11174082283144],[13.711396362048488,51.11175080466164],[13.711450294014195,51.11169323357535],[13.711383085582778,51.11166827523284],[13.711290095071371,51.11170683664406],[13.711229508339953,51.11173195120574],[13.711194531963958,51.111746457753526],[13.711159989275828,51.111760780222625]]]}},{"type":"Feature","id":"DESNATPU1000DgYQ","properties":{"id":"DESNATPU1000DgYQ","height_m":3.0,"ground_m":214.174,"height_source":"LoD1 solid top minus bottom","production":"2023","laser":"2016","footprints":"2021"},"geometry":{"type":"Polygon","coordinates":[[[13.709839159728832,51.11529487274986],[13.709861752551515,51.11532497814947],[13.709948908346622,51.11529923118175],[13.709926317983003,51.11526903589814],[13.709839159728832,51.11529487274986]]]}},{"type":"Feature","id":"DESNATPU1000CKbP","properties":{"id":"DESNATPU1000CKbP","height_m":3.04,"ground_m":211.19,"height_source":"LoD1 solid top minus bottom","production":"2023","laser":"2016","footprints":"2021"},"geometry":{"type":"Polygon","coordinates":[[[13.713512062190462,51.11581798661036],[13.71349130954875,51.11577297412938],[13.713377577594365,51.11579366510702],[13.713398613300704,51.11583877065122],[13.713512062190462,51.11581798661036]]]}},{"type":"Feature","id":"DESNATPU1000HSF0","properties":{"id":"DESNATPU1000HSF0","height_m":5.128,"ground_m":208.25,"height_source":"LoD1 solid top minus bottom","production":"2023","laser":"2016","footprints":"2021"},"geometry":{"type":"Polygon","coordinates":[[[13.712053040443253,51.11309374165022],[13.712044526012281,51.113127640659],[13.712155655491227,51.113133541027295],[13.712160035463334,51.11309932668705],[13.71208670675363,51.11309555134783],[13.712053040443253,51.11309374165022]]]}},{"type":"Feature","id":"UUID_f6d454b7-ee07-4431-9379-59739dc80331","properties":{"id":"UUID_f6d454b7-ee07-4431-9379-59739dc80331","height_m":2.673,"ground_m":200.668,"height_source":"LoD1 solid top minus bottom","production":"2023","laser":"2016","footprints":"2021"},"geometry":{"type":"Polygon","coordinates":[[[13.711453482920835,51.11163662302901],[13.711497239573415,51.11165416461009],[13.711589780131582,51.11161687505506],[13.711577886565978,51.11158272420277],[13.711453482920835,51.11163662302901]]]}},{"type":"Feature","id":"UUID_2e1930d0-fa66-4179-86d7-fafdca23cd01","properties":{"id":"UUID_2e1930d0-fa66-4179-86d7-fafdca23cd01","height_m":2.7,"ground_m":200.668,"height_source":"LoD1 solid top minus bottom","production":"2023","laser":"2016","footprints":"2021"},"geometry":{"type":"Polygon","coordinates":[[[13.711660667218116,51.1116035644571],[13.711577886565978,51.11158272420277],[13.711589780131582,51.11161687505506],[13.711609005026634,51.111625252373976],[13.711660667218116,51.1116035644571]]]}},{"type":"Feature","id":"DESNATP1e80002V4","properties":{"id":"DESNATP1e80002V4","height_m":2.333,"ground_m":202.413,"height_source":"LoD1 solid top minus bottom","production":"2023","laser":"2016","footprints":"2021"},"geometry":{"type":"Polygon","coordinates":[[[13.711014124992733,51.11194258951262],[13.710963461800393,51.11196839787187],[13.711016367068387,51.11202323474324],[13.711073760833868,51.112001987970075],[13.711038433380633,51.11196851397721],[13.711014124992733,51.11194258951262]]]}},{"type":"Feature","id":"UUID_594e8eeb-1749-4e3b-bc14-668f9bec644b","properties":{"id":"UUID_594e8eeb-1749-4e3b-bc14-668f9bec644b","height_m":8.263,"ground_m":215.333,"height_source":"LoD1 solid top minus bottom","production":"2023","laser":"2016","footprints":"2021"},"geometry":{"type":"Polygon","coordinates":[[[13.711807956510789,51.11439391903852],[13.71176780585357,51.11439508638093],[13.711757138936319,51.11439540050789],[13.711757629215075,51.11440191669892],[13.71170834163313,51.11440335205493],[13.711716147276965,51.11450951716021],[13.71176150271116,51.1145082003468],[13.711776087382143,51.1145077765069],[13.711816209571406,51.11450660884764],[13.711813962222365,51.11447593661658],[13.711807956510789,51.11439391903852]]]}},{"type":"Feature","id":"UUID_53f20873-04b2-4f3d-9edd-783bb38b8716","properties":{"id":"UUID_53f20873-04b2-4f3d-9edd-783bb38b8716","height_m":7.69,"ground_m":215.333,"height_source":"LoD1 solid top minus bottom","production":"2023","laser":"2016","footprints":"2021"},"geometry":{"type":"Polygon","coordinates":[[[13.711823327445597,51.11439347687716],[13.711807956510789,51.11439391903852],[13.711813962222365,51.11447593661658],[13.71182936174987,51.11447549476935],[13.711823327445597,51.11439347687716]]]}},{"type":"Feature","id":"DESNATPU1000Bk3x","properties":{"id":"DESNATPU1000Bk3x","height_m":3.456,"ground_m":205.168,"height_source":"LoD1 solid top minus bottom","production":"2023","laser":"2016","footprints":"2021"},"geometry":{"type":"Polygon","coordinates":[[[13.711546332792036,51.11247583876886],[13.711751840185821,51.11259671837542],[13.71178838342247,51.112572121011425],[13.711759284328098,51.11255507377937],[13.711780100309166,51.11254118442635],[13.711603549205034,51.11243735057305],[13.711546332792036,51.11247583876886]]]}},{"type":"Feature","id":"UUID_daa4e663-0f35-4b8b-82ff-13ab9298953b","properties":{"id":"UUID_daa4e663-0f35-4b8b-82ff-13ab9298953b","height_m":6.59,"ground_m":198.41,"height_source":"LoD1 solid top minus bottom","production":"2023","laser":"2016","footprints":"2021"},"geometry":{"type":"Polygon","coordinates":[[[13.71200254880107,51.11162061354549],[13.71198462391379,51.11164049701828],[13.71209419570067,51.11167968965522],[13.71214330720103,51.11162538349854],[13.712033622744062,51.111586135708954],[13.71200254880107,51.11162061354549]]]}},{"type":"Feature","id":"UUID_f3490015-17d3-4e87-9a1a-16a2ab737224","properties":{"id":"UUID_f3490015-17d3-4e87-9a1a-16a2ab737224","height_m":6.364,"ground_m":198.41,"height_source":"LoD1 solid top minus bottom","production":"2023","laser":"2016","footprints":"2021"},"geometry":{"type":"Polygon","coordinates":[[[13.712033622744062,51.111586135708954],[13.712002997684841,51.11157517783867],[13.711989129756484,51.11159712938562],[13.71199234699639,51.11159805511536],[13.71197944869892,51.11161236446437],[13.71200254880107,51.11162061354549],[13.712033622744062,51.111586135708954]]]}}]}