{"type":"FeatureCollection","features":[{"type":"Feature","id":"DESNATPU1000GChO","properties":{"id":"DESNATPU1000GChO","height_m":6.519,"ground_m":210.125,"height_source":"LoD1 solid top minus bottom","production":"2023","laser":"2019","footprints":"2021"},"geometry":{"type":"Polygon","coordinates":[[[13.718054179478065,51.121730095580794],[13.71807015881071,51.12176815738159],[13.718073483256175,51.121776080502976],[13.718085924740434,51.12180670245077],[13.718238235600712,51.121781393808924],[13.718222189925282,51.12174314245595],[13.718206332322426,51.12170532481592],[13.71805762530445,51.12172950386398],[13.718054179478065,51.121730095580794]]]}},{"type":"Feature","id":"UUID_5cc42d5f-296c-420e-b2ae-ab0eb94078fc","properties":{"id":"UUID_5cc42d5f-296c-420e-b2ae-ab0eb94078fc","height_m":7.187,"ground_m":200.586,"height_source":"LoD1 solid top minus bottom","production":"2023","laser":"2019","footprints":"2021"},"geometry":{"type":"Polygon","coordinates":[[[13.723501367963088,51.12393024070403],[13.723429033109593,51.12388457705002],[13.723420607898776,51.12387917932857],[13.723407438425422,51.12388777653349],[13.723486972306668,51.12393925618537],[13.723501367963088,51.12393024070403]]]}},{"type":"Feature","id":"UUID_466536de-7acb-411d-b7c0-31b4bcd32e61","properties":{"id":"UUID_466536de-7acb-411d-b7c0-31b4bcd32e61","height_m":5.465,"ground_m":200.586,"height_source":"LoD1 solid top minus bottom","production":"2023","laser":"2019","footprints":"2021"},"geometry":{"type":"Polygon","coordinates":[[[13.72350575391074,51.124066619126644],[13.72358415119988,51.12401781680796],[13.723596480618536,51.12401014566244],[13.723486972306668,51.12393925618537],[13.723407438425422,51.12388777653349],[13.723394821966126,51.123896011070556],[13.723274943330635,51.12397426134391],[13.723461569271823,51.124093564747504],[13.72350575391074,51.124066619126644]]]}},{"type":"Feature","id":"DESNATPU1000I14s","properties":{"id":"DESNATPU1000I14s","height_m":4.172,"ground_m":199.313,"height_source":"LoD1 solid top minus bottom","production":"2023","laser":"2019","footprints":"2021"},"geometry":{"type":"Polygon","coordinates":[[[13.724325911803605,51.123847440816064],[13.724297876058236,51.12382612781903],[13.724237333321511,51.123868515723004],[13.724272536752828,51.12388537457415],[13.724325911803605,51.123847440816064]]]}},{"type":"Feature","id":"UUID_dd0dd95a-123d-4fb4-bdf4-12f0238cc22a","properties":{"id":"UUID_dd0dd95a-123d-4fb4-bdf4-12f0238cc22a","height_m":5.876,"ground_m":206.273,"height_source":"LoD1 solid top minus bottom","production":"2023","laser":"2019","footprints":"2021"},"geometry":{"type":"Polygon","coordinates":[[[13.724033456491734,51.12263632158628],[13.723911893289516,51.122479240013476],[13.723775005217076,51.12252049771385],[13.723730768776601,51.12253382779997],[13.723722406492188,51.12253652428877],[13.723759385440124,51.12258431986604],[13.723844117003388,51.1226934278111],[13.723896697369554,51.12267755385823],[13.723972361494553,51.122654719581696],[13.72397237503675,51.12265474670783],[13.724033456491734,51.12263632158628]]]}},{"type":"Feature","id":"UUID_d0836e6c-de2a-42a6-9bc4-a3f40fa9dda0","properties":{"id":"UUID_d0836e6c-de2a-42a6-9bc4-a3f40fa9dda0","height_m":2.292,"ground_m":206.273,"height_source":"LoD1 solid top minus bottom","production":"2023","laser":"2019","footprints":"2021"},"geometry":{"type":"Polygon","coordinates":[[[13.724046416555401,51.122653459366255],[13.724033456491734,51.12263632158628],[13.72397237503675,51.12265474670783],[13.72398546439402,51.122671858927184],[13.724046416555401,51.122653459366255]]]}},{"type":"Feature","id":"DESNATPU1000H7uE","properties":{"id":"DESNATPU1000H7uE","height_m":3.882,"ground_m":213.066,"height_source":"LoD1 solid top minus bottom","production":"2023","laser":"2019","footprints":"2021"},"geometry":{"type":"Polygon","coordinates":[[[13.716355143649407,51.12148941490023],[13.716387297925694,51.121510945905],[13.716417909292248,51.1215314347855],[13.716454489766305,51.12150978602469],[13.716391723869727,51.121467775148936],[13.716355143649407,51.12148941490023]]]}},{"type":"Feature","id":"DESNATGMsl0001eW","properties":{"id":"DESNATGMsl0001eW","height_m":3.0,"ground_m":198.208,"height_source":"LoD1 solid top minus bottom","production":"2023","laser":"2019","footprints":"2021"},"geometry":{"type":"Polygon","coordinates":[[[13.740585768546786,51.130161421954675],[13.740545442806074,51.129906393652924],[13.740399570686623,51.12991671987876],[13.740445503299425,51.130174182714704],[13.740585768546786,51.130161421954675]]]}},{"type":"Feature","id":"DESNATP1bN0000MN","properties":{"id":"DESNATP1bN0000MN","height_m":2.65,"ground_m":213.95,"height_source":"LoD1 solid top minus bottom","production":"2023","laser":"2019","footprints":"2021"},"geometry":{"type":"Polygon","coordinates":[[[13.720845812298895,51.1208276308213],[13.720852739137584,51.120834478166834],[13.720869770540396,51.1208510763182],[13.72090511097955,51.12083749712197],[13.72088136128744,51.12081426074777],[13.720845812298895,51.1208276308213]]]}},{"type":"Feature","id":"DESNATP1bN0000NK","properties":{"id":"DESNATP1bN0000NK","height_m":2.312,"ground_m":206.809,"height_source":"LoD1 solid top minus bottom","production":"2023","laser":"2019","footprints":"2021"},"geometry":{"type":"Polygon","coordinates":[[[13.736248905014845,51.12068144402133],[13.736282963795738,51.1207099505154],[13.73626980497411,51.12071618417654],[13.736294964776295,51.120737247391155],[13.736308137885443,51.12073101388162],[13.73633227773372,51.12075122973688],[13.736376529997653,51.1207303141601],[13.73629311463954,51.12066051902237],[13.736248905014845,51.12068144402133]]]}},{"type":"Feature","id":"DESNATPU1000EOUy","properties":{"id":"DESNATPU1000EOUy","height_m":6.541,"ground_m":201.476,"height_source":"LoD1 solid top minus bottom","production":"2023","laser":"2019","footprints":"2021"},"geometry":{"type":"Polygon","coordinates":[[[13.724477239063056,51.12315602709743],[13.724548580986639,51.123325419933025],[13.724601740249584,51.12331915626646],[13.724737295222603,51.12329211862892],[13.724662029789124,51.1231245536152],[13.724583327106977,51.12314043974684],[13.724477239063056,51.12315602709743]]]}},{"type":"Feature","id":"DESNATP17K0001ZM","properties":{"id":"DESNATP17K0001ZM","height_m":2.322,"ground_m":203.89,"height_source":"LoD1 solid top minus bottom","production":"2023","laser":"2019","footprints":"2021"},"geometry":{"type":"Polygon","coordinates":[[[13.723152174104435,51.12345405535389],[13.723123588171005,51.12343406699456],[13.723068933333096,51.123465016827105],[13.72309751926156,51.12348500519965],[13.723152174104435,51.12345405535389]]]}},{"type":"Feature","id":"DESNATPU1000I2s6","properties":{"id":"DESNATPU1000I2s6","height_m":7.245,"ground_m":199.126,"height_source":"LoD1 solid top minus bottom","production":"2023","laser":"2019","footprints":"2021"},"geometry":{"type":"Polygon","coordinates":[[[13.724563706881,51.12441781191984],[13.724682185148133,51.12434886157981],[13.72461450375442,51.1243027997837],[13.724496025506824,51.124371750055815],[13.724563706881,51.12441781191984]]]}},{"type":"Feature","id":"DESNATPU1000CWxy","properties":{"id":"DESNATPU1000CWxy","height_m":5.84,"ground_m":197.102,"height_source":"LoD1 solid top minus bottom","production":"2023","laser":"2019","footprints":"2021"},"geometry":{"type":"Polygon","coordinates":[[[13.725098159414514,51.12477855824746],[13.72508163610754,51.12479166941809],[13.72510211844349,51.12480189270638],[13.725054112225745,51.12483996628813],[13.7250872618004,51.12485619997728],[13.725119339767902,51.1248719093851],[13.725221423720503,51.12478959634559],[13.72519002828518,51.12477401131272],[13.72515756149026,51.12475789300973],[13.72511864199593,51.12478877254279],[13.725098159414514,51.12477855824746]]]}},{"type":"Feature","id":"DESNATP1bN0000MB","properties":{"id":"DESNATP1bN0000MB","height_m":3.39,"ground_m":212.377,"height_source":"LoD1 solid top minus bottom","production":"2023","laser":"2019","footprints":"2021"},"geometry":{"type":"Polygon","coordinates":[[[13.721956358757408,51.12098610519327],[13.722037785385401,51.1209599538672],[13.722005964535086,51.12092108098435],[13.721924956578547,51.120947596575924],[13.721956358757408,51.12098610519327]]]}},{"type":"Feature","id":"UUID_efa82c2c-4ad5-4b90-9d28-f58060f71227","properties":{"id":"UUID_efa82c2c-4ad5-4b90-9d28-f58060f71227","height_m":4.975,"ground_m":203.837,"height_source":"LoD1 solid top minus bottom","production":"2023","laser":"2019","footprints":"2021"},"geometry":{"type":"Polygon","coordinates":[[[13.72362917931764,51.12294617104718],[13.723706587532435,51.12291607182662],[13.723689935195518,51.12289913651276],[13.723689368076322,51.12289845586396],[13.723677992977592,51.122902621258675],[13.723674456131084,51.122903922577315],[13.723666880988802,51.12290190644394],[13.723623626355426,51.12291848460829],[13.723608000286228,51.122924456106546],[13.72362917931764,51.12294617104718]]]}},{"type":"Feature","id":"UUID_5ebd7744-76a9-4cee-8ba5-c9e55a1a89ae","properties":{"id":"UUID_5ebd7744-76a9-4cee-8ba5-c9e55a1a89ae","height_m":6.872,"ground_m":203.837,"height_source":"LoD1 solid top minus bottom","production":"2023","laser":"2019","footprints":"2021"},"geometry":{"type":"Polygon","coordinates":[[[13.723761628492845,51.122947293008444],[13.723724036344057,51.12290929287442],[13.723706587532435,51.12291607182662],[13.72362917931764,51.12294617104718],[13.723629207392937,51.12294618933922],[13.72359860030789,51.12295805844149],[13.723636575621157,51.122996152726074],[13.723761628492845,51.122947293008444]]]}},{"type":"Feature","id":"DESNATPU1000G0x2","properties":{"id":"DESNATPU1000G0x2","height_m":6.913,"ground_m":209.811,"height_source":"LoD1 solid top minus bottom","production":"2023","laser":"2019","footprints":"2021"},"geometry":{"type":"Polygon","coordinates":[[[13.721157999873064,51.12255234562204],[13.721165223754864,51.12255827893075],[13.72117052938312,51.122555540201596],[13.721189377203233,51.12257003586768],[13.721212576657813,51.12258787947358],[13.721305565286311,51.12254936412186],[13.72126499738183,51.12253124066701],[13.721219460916531,51.12251089559916],[13.721163096052349,51.122548912158145],[13.721157999873064,51.12255234562204]]]}},{"type":"Feature","id":"UUID_f333b6b6-6165-4abc-bd3c-cd1938466353","properties":{"id":"UUID_f333b6b6-6165-4abc-bd3c-cd1938466353","height_m":6.408,"ground_m":204.628,"height_source":"LoD1 solid top minus bottom","production":"2023","laser":"2019","footprints":"2021"},"geometry":{"type":"Polygon","coordinates":[[[13.737711881354825,51.12163261197607],[13.737752856587273,51.12170415117225],[13.737928547405703,51.121661551380534],[13.738005259095408,51.121642954952804],[13.73798777663711,51.12161435809736],[13.737993041242213,51.121613083987675],[13.737967145610762,51.1215707363039],[13.737942180007092,51.1215299184307],[13.737688297115447,51.1215914492497],[13.737711881354825,51.12163261197607]]]}},{"type":"Feature","id":"UUID_5b722856-3979-449a-ab2a-25802d74c51c","properties":{"id":"UUID_5b722856-3979-449a-ab2a-25802d74c51c","height_m":2.215,"ground_m":204.628,"height_source":"LoD1 solid top minus bottom","production":"2023","laser":"2019","footprints":"2021"},"geometry":{"type":"Polygon","coordinates":[[[13.73801198971664,51.12165395381383],[13.738005259095408,51.121642954952804],[13.737928547405703,51.121661551380534],[13.73793529229638,51.121672550400014],[13.73801198971664,51.12165395381383]]]}},{"type":"Feature","id":"DESNATP17K0001cW","properties":{"id":"DESNATP17K0001cW","height_m":2.751,"ground_m":210.889,"height_source":"LoD1 solid top minus bottom","production":"2023","laser":"2019","footprints":"2021"},"geometry":{"type":"Polygon","coordinates":[[[13.716704964066754,51.12084879549188],[13.71668493936109,51.120813935491206],[13.716594300761868,51.120833120490644],[13.71663106264003,51.120891014889395],[13.716677683661452,51.120882920481215],[13.716720195802878,51.12087407952209],[13.716704964066754,51.12084879549188]]]}},{"type":"Feature","id":"DESNATP1bN0000MK","properties":{"id":"DESNATP1bN0000MK","height_m":4.674,"ground_m":196.904,"height_source":"LoD1 solid top minus bottom","production":"2023","laser":"2019","footprints":"2021"},"geometry":{"type":"Polygon","coordinates":[[[13.725020673178502,51.1249567326112],[13.724976186589192,51.12499256936488],[13.725045253006138,51.12503768381552],[13.725096663247669,51.125006778624225],[13.725020673178502,51.1249567326112]]]}},{"type":"Feature","id":"DESNATP1bN0000NQ","properties":{"id":"DESNATP1bN0000NQ","height_m":3.194,"ground_m":202.338,"height_source":"LoD1 solid top minus bottom","production":"2023","laser":"2019","footprints":"2021"},"geometry":{"type":"Polygon","coordinates":[[[13.732113251971082,51.12094489146648],[13.732040216065476,51.12095183328304],[13.732057197583204,51.12102259274958],[13.732129066331524,51.12101079115915],[13.732113251971082,51.12094489146648]]]}},{"type":"Feature","id":"DESNATPU1000Hh8Y","properties":{"id":"DESNATPU1000Hh8Y","height_m":2.826,"ground_m":204.715,"height_source":"LoD1 solid top minus bottom","production":"2023","laser":"2019","footprints":"2021"},"geometry":{"type":"Polygon","coordinates":[[[13.73419124724197,51.120902450481346],[13.734087386711757,51.120933565195116],[13.734074636475945,51.120937383976894],[13.734123320660714,51.12097131921153],[13.734221159313199,51.120942000782286],[13.73419124724197,51.120902450481346]]]}},{"type":"Feature","id":"DESNATPU1000GoVg","properties":{"id":"DESNATPU1000GoVg","height_m":4.356,"ground_m":214.643,"height_source":"LoD1 solid top minus bottom","production":"2023","laser":"2019","footprints":"2021"},"geometry":{"type":"Polygon","coordinates":[[[13.720434433871892,51.120848165660306],[13.720522887671367,51.12085318034977],[13.720604650931282,51.12082107148519],[13.72057643271373,51.120792525374526],[13.720499610751327,51.12082163074294],[13.720434433871892,51.120848165660306]]]}},{"type":"Feature","id":"DESNATPU1000F7HP","properties":{"id":"DESNATPU1000F7HP","height_m":4.742,"ground_m":195.996,"height_source":"LoD1 solid top minus bottom","production":"2023","laser":"2019","footprints":"2021"},"geometry":{"type":"Polygon","coordinates":[[[13.725789248517714,51.12611489969689],[13.725990440132168,51.126058548936264],[13.725939542026797,51.12598668167142],[13.725738488581749,51.126043213705366],[13.725789248517714,51.12611489969689]]]}},{"type":"Feature","id":"DESNATP1bN0000Me","properties":{"id":"DESNATP1bN0000Me","height_m":5.067,"ground_m":205.104,"height_source":"LoD1 solid top minus bottom","production":"2023","laser":"2019","footprints":"2021"},"geometry":{"type":"Polygon","coordinates":[[[13.723746050077644,51.12275709651272],[13.723771757227103,51.12280376186302],[13.723852975983384,51.1227852328819],[13.723829418740774,51.12274299747664],[13.723746050077644,51.12275709651272]]]}},{"type":"Feature","id":"DESNATP17K0001ZS","properties":{"id":"DESNATP17K0001ZS","height_m":3.0,"ground_m":197.881,"height_source":"LoD1 solid top minus bottom","production":"2023","laser":"2019","footprints":"2021"},"geometry":{"type":"Polygon","coordinates":[[[13.733088536861311,51.12720032282173],[13.733150353981697,51.127318060411746],[13.73323175238658,51.12729833981366],[13.733218915184633,51.12727392926458],[13.733188976134059,51.127216968469305],[13.733171037483197,51.12718314117593],[13.733088536861311,51.12720032282173]]]}},{"type":"Feature","id":"DESNATPU1000FZZg","properties":{"id":"DESNATPU1000FZZg","height_m":2.302,"ground_m":199.111,"height_source":"LoD1 solid top minus bottom","production":"2023","laser":"2019","footprints":"2021"},"geometry":{"type":"Polygon","coordinates":[[[13.725333540988018,51.12366114579312],[13.725322384896872,51.12362257105614],[13.725183181049708,51.12363626927145],[13.725194262671168,51.1236765068743],[13.725333540988018,51.12366114579312]]]}},{"type":"Feature","id":"DESNATPU1000CSQR","properties":{"id":"DESNATPU1000CSQR","height_m":6.775,"ground_m":209.809,"height_source":"LoD1 solid top minus bottom","production":"2023","laser":"2019","footprints":"2021"},"geometry":{"type":"Polygon","coordinates":[[[13.72086415310915,51.12241507605387],[13.72085845656865,51.1224092043984],[13.720737610131645,51.12246143437156],[13.720816488666653,51.12253230613822],[13.720936063929472,51.1224795405972],[13.72086415310915,51.12241507605387]]]}},{"type":"Feature","id":"DESNATPU1000D7D0","properties":{"id":"DESNATPU1000D7D0","height_m":2.359,"ground_m":199.235,"height_source":"LoD1 solid top minus bottom","production":"2023","laser":"2019","footprints":"2021"},"geometry":{"type":"Polygon","coordinates":[[[13.724867664133283,51.12389245050348],[13.724838221037988,51.12389888299889],[13.724846183585742,51.12391330432218],[13.724820177891214,51.123919972139774],[13.72485290881684,51.12396228039398],[13.724900794122115,51.12395244289948],[13.724875082242868,51.12390588567475],[13.724867664133283,51.12389245050348]]]}},{"type":"Feature","id":"DESNATP1bN0000Oh","properties":{"id":"DESNATP1bN0000Oh","height_m":8.146,"ground_m":202.257,"height_source":"LoD1 solid top minus bottom","production":"2023","laser":"2019","footprints":"2021"},"geometry":{"type":"Polygon","coordinates":[[[13.715779988470818,51.12761643940093],[13.71564370324428,51.12742391793053],[13.715521693080076,51.12745764959534],[13.71565624925835,51.12765066480594],[13.715779988470818,51.12761643940093]]]}},{"type":"Feature","id":"DESNATPU1000FQHy","properties":{"id":"DESNATPU1000FQHy","height_m":3.061,"ground_m":195.681,"height_source":"LoD1 solid top minus bottom","production":"2023","laser":"2019","footprints":"2021"},"geometry":{"type":"Polygon","coordinates":[[[13.736283338138948,51.12861780035661],[13.736271015149745,51.128650400841316],[13.736446374251772,51.12867648636383],[13.73645756510295,51.12865394552302],[13.736431057780072,51.1286354937132],[13.736283338138948,51.12861780035661]]]}},{"type":"Feature","id":"DESNATP1bN0000Mt","properties":{"id":"DESNATP1bN0000Mt","height_m":5.202,"ground_m":214.472,"height_source":"LoD1 solid top minus bottom","production":"2023","laser":"2019","footprints":"2021"},"geometry":{"type":"Polygon","coordinates":[[[13.722077459544487,51.12126002708006],[13.722116891966463,51.12124832676839],[13.722091886735658,51.12121567047021],[13.722052280891086,51.121226406650024],[13.722077459544487,51.12126002708006]]]}},{"type":"Feature","id":"DESNATPU1000D1A8","properties":{"id":"DESNATPU1000D1A8","height_m":6.954,"ground_m":204.789,"height_source":"LoD1 solid top minus bottom","production":"2023","laser":"2019","footprints":"2021"},"geometry":{"type":"Polygon","coordinates":[[[13.732952527181977,51.12105753179819],[13.733010748104117,51.121054142900235],[13.733057108656503,51.12105181251093],[13.733046527687025,51.12096849668855],[13.732930654952249,51.120974327423006],[13.732941294840678,51.1210580935339],[13.732952527181977,51.12105753179819]]]}},{"type":"Feature","id":"DESNATPU1000HYAO","properties":{"id":"DESNATPU1000HYAO","height_m":2.27,"ground_m":209.277,"height_source":"LoD1 solid top minus bottom","production":"2023","laser":"2019","footprints":"2021"},"geometry":{"type":"Polygon","coordinates":[[[13.722181616127205,51.12298290573437],[13.722124814629195,51.12301914640359],[13.722213266975547,51.12306890786414],[13.722234108641477,51.123055700399476],[13.722269097552196,51.12303263855709],[13.722181616127205,51.12298290573437]]]}},{"type":"Feature","id":"DESNATPU1000JFNK","properties":{"id":"DESNATPU1000JFNK","height_m":2.454,"ground_m":203.914,"height_source":"LoD1 solid top minus bottom","production":"2023","laser":"2019","footprints":"2021"},"geometry":{"type":"Polygon","coordinates":[[[13.723048489310921,51.1235166639277],[13.723091385213028,51.12354680854676],[13.723143646321729,51.12351716349634],[13.723100605077477,51.123487107236976],[13.723048489310921,51.1235166639277]]]}},{"type":"Feature","id":"DESNATP1bN0000Mq","properties":{"id":"DESNATP1bN0000Mq","height_m":3.0,"ground_m":209.306,"height_source":"LoD1 solid top minus bottom","production":"2023","laser":"2019","footprints":"2021"},"geometry":{"type":"Polygon","coordinates":[[[13.718637567366153,51.120584235228655],[13.718683445955381,51.12061328109563],[13.718759871537024,51.12056547656623],[13.718763652205553,51.120563107925804],[13.718717773365873,51.12053407108011],[13.71868521694955,51.12055443370942],[13.718667044990571,51.12054293963361],[13.718647589110093,51.120555127482795],[13.7186657327483,51.12056661225847],[13.718637567366153,51.120584235228655]]]}},{"type":"Feature","id":"DESNATPU1000Ekrc","properties":{"id":"DESNATPU1000Ekrc","height_m":2.132,"ground_m":202.378,"height_source":"LoD1 solid top minus bottom","production":"2023","laser":"2019","footprints":"2021"},"geometry":{"type":"Polygon","coordinates":[[[13.731681152623603,51.120756941455504],[13.73167552201465,51.12071209634251],[13.731575789608755,51.120717129586374],[13.731581422583796,51.12076188480236],[13.731681152623603,51.120756941455504]]]}},{"type":"Feature","id":"UUID_67eaf07b-1962-4961-851d-2cf93353c92c","properties":{"id":"UUID_67eaf07b-1962-4961-851d-2cf93353c92c","height_m":7.341,"ground_m":212.476,"height_source":"LoD1 solid top minus bottom","production":"2023","laser":"2019","footprints":"2021"},"geometry":{"type":"Polygon","coordinates":[[[13.721956358757408,51.12098610519327],[13.721924956578547,51.120947596575924],[13.721874069623087,51.120964288509924],[13.721818077919007,51.1209826602277],[13.721838038757314,51.12100703304709],[13.721896098958894,51.1210783599859],[13.721941653791562,51.12113424448722],[13.72199008310636,51.121119108392136],[13.721990138261106,51.12111918093725],[13.722031506937661,51.12110617987808],[13.722048904799406,51.121100713565355],[13.722038997959043,51.121088447043704],[13.722015578254029,51.121059441141995],[13.721956358757408,51.12098610519327]]]}},{"type":"Feature","id":"UUID_462d92d5-ea22-41e6-ab21-f955adfc6e17","properties":{"id":"UUID_462d92d5-ea22-41e6-ab21-f955adfc6e17","height_m":7.338,"ground_m":212.476,"height_source":"LoD1 solid top minus bottom","production":"2023","laser":"2019","footprints":"2021"},"geometry":{"type":"Polygon","coordinates":[[[13.721990138261106,51.12111918093725],[13.72199008310636,51.121119108392136],[13.721941653791562,51.12113424448722],[13.721914412082453,51.12110082629597],[13.721896098958894,51.1210783599859],[13.721771043358283,51.121118629571306],[13.721788897194006,51.12114065023374],[13.721805065112342,51.12116059311597],[13.721815506436588,51.12117368384359],[13.72194169716472,51.12113429952974],[13.721990138261106,51.12111918093725]]]}},{"type":"Feature","id":"DESNATP1bN0000Lv","properties":{"id":"DESNATP1bN0000Lv","height_m":3.412,"ground_m":210.916,"height_source":"LoD1 solid top minus bottom","production":"2023","laser":"2019","footprints":"2021"},"geometry":{"type":"Polygon","coordinates":[[[13.716681436766832,51.12107286240548],[13.716695265495543,51.12109876053457],[13.716716365654015,51.121094297874826],[13.716722282933233,51.12110249229822],[13.716744123532044,51.12108987230722],[13.71679179872651,51.121079837987175],[13.71677730735806,51.121052583679095],[13.716681436766832,51.12107286240548]]]}},{"type":"Feature","id":"DESNATPU1000DfmT","properties":{"id":"DESNATPU1000DfmT","height_m":5.749,"ground_m":208.722,"height_source":"LoD1 solid top minus bottom","production":"2023","laser":"2019","footprints":"2021"},"geometry":{"type":"Polygon","coordinates":[[[13.721436558472739,51.122109934305335],[13.721390131100069,51.12213532585278],[13.721452446697402,51.12218142081248],[13.721540532711371,51.122132563923],[13.721477766198142,51.12208727343017],[13.721436558472739,51.122109934305335]]]}},{"type":"Feature","id":"DESNATPU1000E8IM","properties":{"id":"DESNATPU1000E8IM","height_m":2.819,"ground_m":208.368,"height_source":"LoD1 solid top minus bottom","production":"2023","laser":"2019","footprints":"2021"},"geometry":{"type":"Polygon","coordinates":[[[13.718042668208234,51.12110630156447],[13.718083431486479,51.12114566925873],[13.718138324344066,51.1211231775732],[13.718130084952785,51.121115236541826],[13.718096905826114,51.121083218183294],[13.718042668208234,51.12110630156447]]]}},{"type":"Feature","id":"DESNATPU1000F8Hx","properties":{"id":"DESNATPU1000F8Hx","height_m":5.072,"ground_m":210.599,"height_source":"LoD1 solid top minus bottom","production":"2023","laser":"2019","footprints":"2021"},"geometry":{"type":"Polygon","coordinates":[[[13.721672209771073,51.12186960671232],[13.72176349285185,51.12183276299625],[13.72171349063444,51.1217868207976],[13.721627906266844,51.12182894259341],[13.721672209771073,51.12186960671232]]]}},{"type":"Feature","id":"UUID_89ab2e21-ed73-4969-98c0-bcd06014550d","properties":{"id":"UUID_89ab2e21-ed73-4969-98c0-bcd06014550d","height_m":7.625,"ground_m":206.907,"height_source":"LoD1 solid top minus bottom","production":"2023","laser":"2019","footprints":"2021"},"geometry":{"type":"Polygon","coordinates":[[[13.722621932661115,51.123255674641925],[13.722488903612868,51.12317142477556],[13.722421275235467,51.12321370735431],[13.722554333098442,51.12329794861907],[13.722621932661115,51.123255674641925]]]}},{"type":"Feature","id":"UUID_a79e7b2b-bb6e-4a2b-b802-9ea782ffc338","properties":{"id":"UUID_a79e7b2b-bb6e-4a2b-b802-9ea782ffc338","height_m":5.61,"ground_m":206.907,"height_source":"LoD1 solid top minus bottom","production":"2023","laser":"2019","footprints":"2021"},"geometry":{"type":"Polygon","coordinates":[[[13.722500774387877,51.123287084735274],[13.72251908128546,51.12327563009777],[13.722421275235467,51.12321370735431],[13.722402982872259,51.12322515314264],[13.722500774387877,51.123287084735274]]]}},{"type":"Feature","id":"UUID_6517b465-088f-4d40-a2c0-e155b001dd4a","properties":{"id":"UUID_6517b465-088f-4d40-a2c0-e155b001dd4a","height_m":2.644,"ground_m":210.355,"height_source":"LoD1 solid top minus bottom","production":"2023","laser":"2019","footprints":"2021"},"geometry":{"type":"Polygon","coordinates":[[[13.720687998933935,51.122111162203026],[13.7206708215285,51.122091558842556],[13.72058812380152,51.12212482659241],[13.720602067615108,51.12214095934038],[13.720687998933935,51.122111162203026]]]}},{"type":"Feature","id":"UUID_8d9b348b-df37-4840-b2b0-6d470f446c54","properties":{"id":"UUID_8d9b348b-df37-4840-b2b0-6d470f446c54","height_m":7.537,"ground_m":210.355,"height_source":"LoD1 solid top minus bottom","production":"2023","laser":"2019","footprints":"2021"},"geometry":{"type":"Polygon","coordinates":[[[13.720602067615108,51.12214095934038],[13.72039888075563,51.122211460610735],[13.72042867769025,51.122245473658445],[13.720455939712997,51.12227659026061],[13.720753700678111,51.1221732837567],[13.720726452798775,51.122142167378726],[13.720696655709183,51.12210815440524],[13.720687998933935,51.122111162203026],[13.720602067615108,51.12214095934038]]]}},{"type":"Feature","id":"UUID_8bf151c5-16b7-40c0-bfb2-d9b81148e852","properties":{"id":"UUID_8bf151c5-16b7-40c0-bfb2-d9b81148e852","height_m":6.92,"ground_m":211.932,"height_source":"LoD1 solid top minus bottom","production":"2023","laser":"2019","footprints":"2021"},"geometry":{"type":"Polygon","coordinates":[[[13.72110945459978,51.12146894852682],[13.72121915659341,51.12139793626252],[13.721127964170575,51.12134199298584],[13.721018064666259,51.12141291307698],[13.72110945459978,51.12146894852682]]]}},{"type":"Feature","id":"UUID_cd849a43-c968-4b9c-99fa-4b5ac4d5a90e","properties":{"id":"UUID_cd849a43-c968-4b9c-99fa-4b5ac4d5a90e","height_m":6.017,"ground_m":211.932,"height_source":"LoD1 solid top minus bottom","production":"2023","laser":"2019","footprints":"2021"},"geometry":{"type":"Polygon","coordinates":[[[13.72103055576278,51.12147492006993],[13.7210737641536,51.121447065404055],[13.721018064666259,51.12141291307698],[13.72097491341436,51.12144076834744],[13.72103055576278,51.12147492006993]]]}},{"type":"Feature","id":"DESNATPU1000Jg3k","properties":{"id":"DESNATPU1000Jg3k","height_m":3.055,"ground_m":208.966,"height_source":"LoD1 solid top minus bottom","production":"2023","laser":"2019","footprints":"2021"},"geometry":{"type":"Polygon","coordinates":[[[13.71942558835391,51.1217532884313],[13.719316966288417,51.1217763343359],[13.7193295082355,51.12179973604126],[13.719337539257058,51.12181470706255],[13.719450741170508,51.12179295229966],[13.719446868302281,51.12178573364236],[13.719428224667643,51.12175820038645],[13.71942558835391,51.1217532884313]]]}},{"type":"Feature","id":"DESNATPU1000HNVU","properties":{"id":"DESNATPU1000HNVU","height_m":6.563,"ground_m":211.935,"height_source":"LoD1 solid top minus bottom","production":"2023","laser":"2019","footprints":"2021"},"geometry":{"type":"Polygon","coordinates":[[[13.720020879526528,51.1209474160765],[13.720241310179949,51.12106817393914],[13.72033226341826,51.12100343210344],[13.720197594896817,51.12092821735192],[13.720062926813405,51.12085300244746],[13.719970204662076,51.12091970312405],[13.720020879526528,51.1209474160765]]]}},{"type":"Feature","id":"DESNATPU1000CIAx","properties":{"id":"DESNATPU1000CIAx","height_m":7.695,"ground_m":208.737,"height_source":"LoD1 solid top minus bottom","production":"2023","laser":"2019","footprints":"2021"},"geometry":{"type":"Polygon","coordinates":[[[13.72201904034683,51.12264897155736],[13.721830581878157,51.12281592201011],[13.721924874105744,51.12285805870018],[13.722113205579843,51.12269104375985],[13.72201904034683,51.12264897155736]]]}},{"type":"Feature","id":"DESNATPU1000EH41","properties":{"id":"DESNATPU1000EH41","height_m":6.908,"ground_m":207.575,"height_source":"LoD1 solid top minus bottom","production":"2023","laser":"2019","footprints":"2021"},"geometry":{"type":"Polygon","coordinates":[[[13.723339135925475,51.12233521849607],[13.723406669724865,51.12247201662252],[13.723529660483317,51.12244763997114],[13.7234958380505,51.12237865581215],[13.723462547476315,51.122311116293794],[13.723339135925475,51.12233521849607]]]}},{"type":"Feature","id":"DESNATP17K0001Z9","properties":{"id":"DESNATP17K0001Z9","height_m":3.231,"ground_m":209.312,"height_source":"LoD1 solid top minus bottom","production":"2023","laser":"2019","footprints":"2021"},"geometry":{"type":"Polygon","coordinates":[[[13.718608757908568,51.121724115060736],[13.718644157394785,51.12177713777072],[13.718722680255997,51.12175637957424],[13.718687280694883,51.12170335688733],[13.718608757908568,51.121724115060736]]]}},{"type":"Feature","id":"DESNATPU1000DYl9","properties":{"id":"DESNATPU1000DYl9","height_m":2.91,"ground_m":202.208,"height_source":"LoD1 solid top minus bottom","production":"2023","laser":"2019","footprints":"2021"},"geometry":{"type":"Polygon","coordinates":[[[13.723171323673228,51.12388158340858],[13.723206805474145,51.12385930904209],[13.723147570808317,51.123820532840625],[13.723111753716434,51.12384460208396],[13.723171323673228,51.12388158340858]]]}},{"type":"Feature","id":"DESNATPU1000CVlx","properties":{"id":"DESNATPU1000CVlx","height_m":2.85,"ground_m":209.32,"height_source":"LoD1 solid top minus bottom","production":"2023","laser":"2019","footprints":"2021"},"geometry":{"type":"Polygon","coordinates":[[[13.721792596212259,51.12260896953125],[13.721740198200147,51.12258663419799],[13.721675488744255,51.122642761173005],[13.721730851967024,51.12266638794021],[13.721792596212259,51.12260896953125]]]}},{"type":"Feature","id":"DESNATPU1000ELq8","properties":{"id":"DESNATPU1000ELq8","height_m":2.637,"ground_m":203.171,"height_source":"LoD1 solid top minus bottom","production":"2023","laser":"2019","footprints":"2021"},"geometry":{"type":"Polygon","coordinates":[[[13.723398277930787,51.123299980330245],[13.723353672745702,51.12326963730483],[13.72324619255781,51.12333258231178],[13.723290800210167,51.12336283547705],[13.723398277930787,51.123299980330245]]]}},{"type":"Feature","id":"DESNATPU1000IHtJ","properties":{"id":"DESNATPU1000IHtJ","height_m":2.852,"ground_m":201.505,"height_source":"LoD1 solid top minus bottom","production":"2023","laser":"2019","footprints":"2021"},"geometry":{"type":"Polygon","coordinates":[[[13.724263841678706,51.12331348279368],[13.724276486006168,51.12334364763903],[13.724283770639568,51.12334220733529],[13.724359846438414,51.12333299236765],[13.72435068500864,51.123302964448776],[13.724263841678706,51.12331348279368]]]}},{"type":"Feature","id":"DESNATPU1000Bewg","properties":{"id":"DESNATPU1000Bewg","height_m":3.0,"ground_m":211.133,"height_source":"LoD1 solid top minus bottom","production":"2023","laser":"2019","footprints":"2021"},"geometry":{"type":"Polygon","coordinates":[[[13.72050671646413,51.12211604015679],[13.720528653648438,51.122139211803386],[13.720581075088125,51.12211928185349],[13.720547879865485,51.122084656121324],[13.72050671646413,51.12211604015679]]]}},{"type":"Feature","id":"DESNATPU1000ElnW","properties":{"id":"DESNATPU1000ElnW","height_m":2.544,"ground_m":196.611,"height_source":"LoD1 solid top minus bottom","production":"2023","laser":"2019","footprints":"2021"},"geometry":{"type":"Polygon","coordinates":[[[13.726233470102606,51.12462567974426],[13.726262226199065,51.1246764424673],[13.726343035164124,51.1246583479354],[13.7263142789896,51.12460758523152],[13.726233470102606,51.12462567974426]]]}},{"type":"Feature","id":"DESNATPU1000IXhS","properties":{"id":"DESNATPU1000IXhS","height_m":3.299,"ground_m":199.245,"height_source":"LoD1 solid top minus bottom","production":"2023","laser":"2019","footprints":"2021"},"geometry":{"type":"Polygon","coordinates":[[[13.724900794122115,51.12395244289948],[13.725020637566399,51.123926231796965],[13.724994911542064,51.123879665451774],[13.724875082242868,51.12390588567475],[13.724900794122115,51.12395244289948]]]}},{"type":"Feature","id":"DESNATPU1000B9pH","properties":{"id":"DESNATPU1000B9pH","height_m":9.537,"ground_m":208.22,"height_source":"LoD1 solid top minus bottom","production":"2023","laser":"2019","footprints":"2021"},"geometry":{"type":"Polygon","coordinates":[[[13.723675156577551,51.12228070346623],[13.723751865596045,51.122328303215596],[13.723798086121434,51.12235704502576],[13.723804197413129,51.12235306497422],[13.723886520975004,51.122300636248546],[13.72376401503302,51.12222447926038],[13.723675156577551,51.12228070346623]]]}},{"type":"Feature","id":"DESNATPU1000D1ID","properties":{"id":"DESNATPU1000D1ID","height_m":8.131,"ground_m":203.706,"height_source":"LoD1 solid top minus bottom","production":"2023","laser":"2019","footprints":"2021"},"geometry":{"type":"Polygon","coordinates":[[[13.732801116818706,51.1211140293069],[13.732835178951214,51.121235827916365],[13.732959124744262,51.12122115492694],[13.732922413474698,51.121100595629095],[13.732801116818706,51.1211140293069]]]}},{"type":"Feature","id":"DESNATPU1000DDXB","properties":{"id":"DESNATPU1000DDXB","height_m":7.66,"ground_m":204.033,"height_source":"LoD1 solid top minus bottom","production":"2023","laser":"2019","footprints":"2021"},"geometry":{"type":"Polygon","coordinates":[[[13.734361331786804,51.121143436509676],[13.734367324861145,51.121140605704944],[13.734430510946028,51.121110822088404],[13.734582649980538,51.12103908760724],[13.734621821014146,51.12102061769339],[13.734545328849817,51.120951157015796],[13.73454470150618,51.120950583681484],[13.734537980780637,51.12094448578621],[13.734499692923166,51.12090971900232],[13.734493821535608,51.12091228134753],[13.734427024045363,51.120944031299196],[13.734221563985338,51.12104169008925],[13.734227318859576,51.12104600597024],[13.734272055684979,51.121079556684975],[13.734288746205234,51.1210920754445],[13.73429723161528,51.12109843526095],[13.734361331786804,51.121143436509676]]]}},{"type":"Feature","id":"DESNATP17K0001Ze","properties":{"id":"DESNATP17K0001Ze","height_m":5.464,"ground_m":204.548,"height_source":"LoD1 solid top minus bottom","production":"2023","laser":"2019","footprints":"2021"},"geometry":{"type":"Polygon","coordinates":[[[13.733739909950923,51.12265848400054],[13.733735381034492,51.12258999095022],[13.73366432520305,51.12259184733534],[13.73366885401447,51.12266034038765],[13.733739909950923,51.12265848400054]]]}},{"type":"Feature","id":"DESNATP17K0001Zx","properties":{"id":"DESNATP17K0001Zx","height_m":4.864,"ground_m":199.92,"height_source":"LoD1 solid top minus bottom","production":"2023","laser":"2019","footprints":"2021"},"geometry":{"type":"Polygon","coordinates":[[[13.740001387794884,51.12591912221393],[13.739949184386083,51.12560507189555],[13.739669632118455,51.12562347990992],[13.739721848178647,51.125937521502806],[13.740001387794884,51.12591912221393]]]}},{"type":"Feature","id":"DESNATPU1000JgEk","properties":{"id":"DESNATPU1000JgEk","height_m":3.289,"ground_m":204.019,"height_source":"LoD1 solid top minus bottom","production":"2023","laser":"2019","footprints":"2021"},"geometry":{"type":"Polygon","coordinates":[[[13.734430510946028,51.121110822088404],[13.734367324861145,51.121140605704944],[13.734522608032204,51.12123619794429],[13.734580110664847,51.12120575921382],[13.734430510946028,51.121110822088404]]]}},{"type":"Feature","id":"DESNATP1bN0000ME","properties":{"id":"DESNATP1bN0000ME","height_m":4.7,"ground_m":197.198,"height_source":"LoD1 solid top minus bottom","production":"2023","laser":"2019","footprints":"2021"},"geometry":{"type":"Polygon","coordinates":[[[13.724954319748605,51.1250087517379],[13.72500458088129,51.12496404812909],[13.725119339767902,51.1248719093851],[13.725054112225745,51.12483996628813],[13.724937499673594,51.12493299302629],[13.724939130615633,51.124933964045056],[13.724887258460322,51.12497593423947],[13.724954319748605,51.1250087517379]]]}},{"type":"Feature","id":"DESNATP1bN0000Ld","properties":{"id":"DESNATP1bN0000Ld","height_m":9.044,"ground_m":201.52,"height_source":"LoD1 solid top minus bottom","production":"2023","laser":"2019","footprints":"2021"},"geometry":{"type":"Polygon","coordinates":[[[13.716750296369296,51.12378894525959],[13.716794444852312,51.12384955551923],[13.716836138792003,51.12390850213878],[13.71728829641551,51.12378187170636],[13.717246714799344,51.12372298043755],[13.717201884589853,51.12366065424116],[13.716750296369296,51.12378894525959]]]}},{"type":"Feature","id":"DESNATP1bN0000Ll","properties":{"id":"DESNATP1bN0000Ll","height_m":3.952,"ground_m":213.305,"height_source":"LoD1 solid top minus bottom","production":"2023","laser":"2019","footprints":"2021"},"geometry":{"type":"Polygon","coordinates":[[[13.716078866801361,51.12141392668819],[13.716048488122551,51.12136804463595],[13.715965703865367,51.121388898128174],[13.715994060590736,51.121433490015384],[13.716078866801361,51.12141392668819]]]}},{"type":"Feature","id":"DESNATPU1000FVmO","properties":{"id":"DESNATPU1000FVmO","height_m":3.843,"ground_m":200.06,"height_source":"LoD1 solid top minus bottom","production":"2023","laser":"2019","footprints":"2021"},"geometry":{"type":"Polygon","coordinates":[[[13.731635583314997,51.12338080918084],[13.731644782289603,51.12332146672189],[13.731520386763131,51.123313732454434],[13.731511042312325,51.12337316325383],[13.731635583314997,51.12338080918084]]]}},{"type":"Feature","id":"DESNATPU1000Ez6T","properties":{"id":"DESNATPU1000Ez6T","height_m":5.363,"ground_m":199.007,"height_source":"LoD1 solid top minus bottom","production":"2023","laser":"2019","footprints":"2021"},"geometry":{"type":"Polygon","coordinates":[[[13.731059888639454,51.12375990350657],[13.73106499553865,51.12376022871012],[13.731142913322572,51.123765120998534],[13.731171731079577,51.12376687255073],[13.731207120659557,51.12354441560511],[13.731100474787869,51.123537646868854],[13.730991717628578,51.12353074720877],[13.73095618170565,51.123753292433086],[13.731059888639454,51.12375990350657]]]}},{"type":"Feature","id":"DESNATPU1000EY99","properties":{"id":"DESNATPU1000EY99","height_m":4.486,"ground_m":190.053,"height_source":"LoD1 solid top minus bottom","production":"2023","laser":"2019","footprints":"2021"},"geometry":{"type":"Polygon","coordinates":[[[13.72036108835088,51.137934173651],[13.720424301166037,51.137989901035056],[13.72055890599694,51.1379295935128],[13.720495835999682,51.1378738677639],[13.72036108835088,51.137934173651]]]}},{"type":"Feature","id":"UUID_de98a894-b4c6-4ad1-9c8b-6240afe5813f","properties":{"id":"UUID_de98a894-b4c6-4ad1-9c8b-6240afe5813f","height_m":3.073,"ground_m":204.513,"height_source":"LoD1 solid top minus bottom","production":"2023","laser":"2019","footprints":"2021"},"geometry":{"type":"Polygon","coordinates":[[[13.73336643417667,51.12109799630477],[13.733399409893746,51.12117702232278],[13.733429112516202,51.1211730095475],[13.73336643417667,51.12109799630477]]]}},{"type":"Feature","id":"UUID_b41865ac-e845-429f-a817-f0766c5f0146","properties":{"id":"UUID_b41865ac-e845-429f-a817-f0766c5f0146","height_m":3.629,"ground_m":204.513,"height_source":"LoD1 solid top minus bottom","production":"2023","laser":"2019","footprints":"2021"},"geometry":{"type":"Polygon","coordinates":[[[13.733429112516202,51.1211730095475],[13.733518722784762,51.121160886690284],[13.73346580975148,51.121100808360254],[13.73337127860172,51.12099348976479],[13.73329906542057,51.121017374678715],[13.73336643417667,51.12109799630477],[13.733429112516202,51.1211730095475]]]}},{"type":"Feature","id":"DESNATP1bN0000M7","properties":{"id":"DESNATP1bN0000M7","height_m":3.329,"ground_m":212.823,"height_source":"LoD1 solid top minus bottom","production":"2023","laser":"2019","footprints":"2021"},"geometry":{"type":"Polygon","coordinates":[[[13.722294473104515,51.1210636131361],[13.72226960504386,51.121029609456166],[13.722214639047447,51.1210475789037],[13.722253851147746,51.12109512959953],[13.722295082237688,51.121082450684156],[13.72228316028925,51.121067086631236],[13.722294473104515,51.1210636131361]]]}},{"type":"Feature","id":"DESNATPU1000D5GO","properties":{"id":"DESNATPU1000D5GO","height_m":2.959,"ground_m":197.12,"height_source":"LoD1 solid top minus bottom","production":"2023","laser":"2019","footprints":"2021"},"geometry":{"type":"Polygon","coordinates":[[[13.72615047566899,51.12473205046825],[13.726124800860406,51.12470018813204],[13.726008536789234,51.1247422037044],[13.726039238296428,51.12477367119298],[13.72615047566899,51.12473205046825]]]}},{"type":"Feature","id":"DESNATPU1000JUVj","properties":{"id":"DESNATPU1000JUVj","height_m":3.292,"ground_m":202.865,"height_source":"LoD1 solid top minus bottom","production":"2023","laser":"2019","footprints":"2021"},"geometry":{"type":"Polygon","coordinates":[[[13.723494261633695,51.12324455354336],[13.72352150500133,51.12323082221327],[13.723483945907736,51.123204063341085],[13.723457830517031,51.12321834654364],[13.723494261633695,51.12324455354336]]]}},{"type":"Feature","id":"DESNATPU1000B4aU","properties":{"id":"DESNATPU1000B4aU","height_m":3.413,"ground_m":205.304,"height_source":"LoD1 solid top minus bottom","production":"2023","laser":"2019","footprints":"2021"},"geometry":{"type":"Polygon","coordinates":[[[13.734495887942922,51.12322377052538],[13.734523421444607,51.12327355573849],[13.734549355043956,51.12326789217866],[13.734521850580041,51.123218089300416],[13.734495887942922,51.12322377052538]]]}},{"type":"Feature","id":"UUID_c7d53f11-9ea7-4bab-9227-9f7bf766aa95","properties":{"id":"UUID_c7d53f11-9ea7-4bab-9227-9f7bf766aa95","height_m":5.526,"ground_m":210.059,"height_source":"LoD1 solid top minus bottom","production":"2023","laser":"2019","footprints":"2021"},"geometry":{"type":"Polygon","coordinates":[[[13.720897150667103,51.1223797896266],[13.7208726109348,51.122358226267785],[13.72081625202942,51.12238360786424],[13.720840805785436,51.12240518038105],[13.720897150667103,51.1223797896266]]]}},{"type":"Feature","id":"UUID_27bcf8cd-a76d-4337-a5fe-90763b3ac39d","properties":{"id":"UUID_27bcf8cd-a76d-4337-a5fe-90763b3ac39d","height_m":6.674,"ground_m":210.059,"height_source":"LoD1 solid top minus bottom","production":"2023","laser":"2019","footprints":"2021"},"geometry":{"type":"Polygon","coordinates":[[[13.72081625202942,51.12238360786424],[13.720906787948156,51.12234283578604],[13.720851179742727,51.122293963198715],[13.720760671945916,51.12233475352724],[13.72081625202942,51.12238360786424]]]}},{"type":"Feature","id":"DESNATPU1000H3ag","properties":{"id":"DESNATPU1000H3ag","height_m":2.471,"ground_m":209.721,"height_source":"LoD1 solid top minus bottom","production":"2023","laser":"2019","footprints":"2021"},"geometry":{"type":"Polygon","coordinates":[[[13.723395895167597,51.12219936372643],[13.723360350620245,51.12215139484104],[13.723251032440485,51.12218469756052],[13.723289137848997,51.12223151638594],[13.723395895167597,51.12219936372643]]]}},{"type":"Feature","id":"DESNATPU1000Hj3b","properties":{"id":"DESNATPU1000Hj3b","height_m":2.639,"ground_m":202.001,"height_source":"LoD1 solid top minus bottom","production":"2023","laser":"2019","footprints":"2021"},"geometry":{"type":"Polygon","coordinates":[[[13.724080229157043,51.12315693845773],[13.72409582077402,51.12319059770484],[13.72410595951762,51.12321315431561],[13.72412327115163,51.12320824430548],[13.724129389476882,51.12320712401814],[13.724179564135083,51.123199748843795],[13.724153520154141,51.123143502602],[13.724080229157043,51.12315693845773]]]}},{"type":"Feature","id":"DESNATPU1000JWXX","properties":{"id":"DESNATPU1000JWXX","height_m":2.349,"ground_m":208.347,"height_source":"LoD1 solid top minus bottom","production":"2023","laser":"2019","footprints":"2021"},"geometry":{"type":"Polygon","coordinates":[[[13.718116766040604,51.120754434750474],[13.71816036568622,51.12072280847217],[13.718118650268467,51.12070184759376],[13.718078902512113,51.12073369594222],[13.718116766040604,51.120754434750474]]]}},{"type":"Feature","id":"DESNATPU1000FdlY","properties":{"id":"DESNATPU1000FdlY","height_m":3.637,"ground_m":210.156,"height_source":"LoD1 solid top minus bottom","production":"2023","laser":"2019","footprints":"2021"},"geometry":{"type":"Polygon","coordinates":[[[13.721764528328954,51.122787169448856],[13.721652551682846,51.12286543251164],[13.721707314818474,51.12290148974625],[13.721830581878157,51.12281592201011],[13.721808249433371,51.122807035825346],[13.721764528328954,51.122787169448856]]]}},{"type":"Feature","id":"UUID_4f0f81e7-25e6-445e-9998-1d4e2e57b1a3","properties":{"id":"UUID_4f0f81e7-25e6-445e-9998-1d4e2e57b1a3","height_m":8.369,"ground_m":206.047,"height_source":"LoD1 solid top minus bottom","production":"2023","laser":"2019","footprints":"2021"},"geometry":{"type":"Polygon","coordinates":[[[13.73460871781739,51.12397533952228],[13.734449570834855,51.12401555946196],[13.734217886247004,51.124074112619596],[13.734279978761046,51.124171798777795],[13.734671273827809,51.124072823653684],[13.73460871781739,51.12397533952228]]]}},{"type":"Feature","id":"UUID_a8a26af7-8389-49c3-8c00-1f8c0890ce13","properties":{"id":"UUID_a8a26af7-8389-49c3-8c00-1f8c0890ce13","height_m":12.101,"ground_m":206.047,"height_source":"LoD1 solid top minus bottom","production":"2023","laser":"2019","footprints":"2021"},"geometry":{"type":"Polygon","coordinates":[[[13.73460871781739,51.12397533952228],[13.734593613093475,51.12395181284165],[13.734424496815949,51.12397616053171],[13.734449570834855,51.12401555946196],[13.73460871781739,51.12397533952228]]]}},{"type":"Feature","id":"DESNATPU1000EXRc","properties":{"id":"DESNATPU1000EXRc","height_m":2.989,"ground_m":214.017,"height_source":"LoD1 solid top minus bottom","production":"2023","laser":"2019","footprints":"2021"},"geometry":{"type":"Polygon","coordinates":[[[13.715563937530042,51.1209446121555],[13.715544566248115,51.120906314895976],[13.715455178799232,51.12092724836687],[13.715475884551836,51.120962250954484],[13.715563937530042,51.1209446121555]]]}},{"type":"Feature","id":"DESNATP1bN0000M3","properties":{"id":"DESNATP1bN0000M3","height_m":7.682,"ground_m":209.201,"height_source":"LoD1 solid top minus bottom","production":"2023","laser":"2019","footprints":"2021"},"geometry":{"type":"Polygon","coordinates":[[[13.718682929018284,51.121395306245645],[13.718780345309163,51.121379062592325],[13.718743750953749,51.12129227689578],[13.71864643532547,51.12130850363572],[13.718682929018284,51.121395306245645]]]}},{"type":"Feature","id":"DESNATP1bN0000Ma","properties":{"id":"DESNATP1bN0000Ma","height_m":2.413,"ground_m":204.061,"height_source":"LoD1 solid top minus bottom","production":"2023","laser":"2019","footprints":"2021"},"geometry":{"type":"Polygon","coordinates":[[[13.72365491751819,51.12288334964839],[13.723605005344945,51.12289572744868],[13.723614697192216,51.12289923251505],[13.723623626355426,51.12291848460829],[13.723668974922367,51.12290111095693],[13.72365491751819,51.12288334964839]]]}},{"type":"Feature","id":"UUID_a200a08f-92ad-4bba-b6e6-1450fb402650","properties":{"id":"UUID_a200a08f-92ad-4bba-b6e6-1450fb402650","height_m":8.448,"ground_m":206.206,"height_source":"LoD1 solid top minus bottom","production":"2023","laser":"2019","footprints":"2021"},"geometry":{"type":"Polygon","coordinates":[[[13.723356203924503,51.12259157324164],[13.723317172919574,51.12260008591715],[13.723317118256704,51.1225999953925],[13.723249260256758,51.12261490191244],[13.723272215703131,51.1226499186557],[13.723295473564857,51.12268537034961],[13.723466414300347,51.122647758343106],[13.723446630970221,51.122611706128446],[13.723427092415115,51.12257610622154],[13.723356217218486,51.12259160935791],[13.723356203924503,51.12259157324164]]]}},{"type":"Feature","id":"UUID_0710828e-8dbb-42ff-b9a8-e1af32f44de5","properties":{"id":"UUID_0710828e-8dbb-42ff-b9a8-e1af32f44de5","height_m":6.106,"ground_m":206.206,"height_source":"LoD1 solid top minus bottom","production":"2023","laser":"2019","footprints":"2021"},"geometry":{"type":"Polygon","coordinates":[[[13.723342212152447,51.12256573709205],[13.723302965400071,51.1225743013639],[13.723317118256704,51.1225999953925],[13.723317172919574,51.12260008591715],[13.723356203924503,51.12259157324164],[13.723342212152447,51.12256573709205]]]}},{"type":"Feature","id":"DESNATPU1000FAan","properties":{"id":"DESNATPU1000FAan","height_m":5.928,"ground_m":203.284,"height_source":"LoD1 solid top minus bottom","production":"2023","laser":"2019","footprints":"2021"},"geometry":{"type":"Polygon","coordinates":[[[13.715356310745031,51.12732340511368],[13.715237555566093,51.127153305892094],[13.715080723679941,51.12719663648765],[13.715199475893481,51.12736682576435],[13.715356310745031,51.12732340511368]]]}},{"type":"Feature","id":"DESNATP1bN0000PM","properties":{"id":"DESNATP1bN0000PM","height_m":3.0,"ground_m":201.2,"height_source":"LoD1 solid top minus bottom","production":"2023","laser":"2019","footprints":"2021"},"geometry":{"type":"Polygon","coordinates":[[[13.74214846804601,51.12904235761077],[13.742172350975459,51.12916539264525],[13.74247479158371,51.129140093465885],[13.742434956897373,51.12901974664361],[13.74214846804601,51.12904235761077]]]}},{"type":"Feature","id":"DESNATP1bN0000KP","properties":{"id":"DESNATP1bN0000KP","height_m":5.169,"ground_m":192.513,"height_source":"LoD1 solid top minus bottom","production":"2023","laser":"2019","footprints":"2021"},"geometry":{"type":"Polygon","coordinates":[[[13.734377910697608,51.13040331756758],[13.73430108556669,51.13039201847832],[13.734269257401811,51.130504928822795],[13.734594810896848,51.130547471772154],[13.73462141856489,51.130459252933136],[13.734369546097273,51.13043273228957],[13.734377910697608,51.13040331756758]]]}},{"type":"Feature","id":"DESNATPU1000IjFQ","properties":{"id":"DESNATPU1000IjFQ","height_m":7.799,"ground_m":210.378,"height_source":"LoD1 solid top minus bottom","production":"2023","laser":"2019","footprints":"2021"},"geometry":{"type":"Polygon","coordinates":[[[13.720337501393722,51.12231768612772],[13.720455939712997,51.12227659026061],[13.72039888075563,51.122211460610735],[13.720280413735544,51.12225256509871],[13.720337501393722,51.12231768612772]]]}},{"type":"Feature","id":"DESNATPU1000Di8k","properties":{"id":"DESNATPU1000Di8k","height_m":1.945,"ground_m":206.611,"height_source":"LoD1 solid top minus bottom","production":"2023","laser":"2019","footprints":"2021"},"geometry":{"type":"Polygon","coordinates":[[[13.722704103364357,51.12297783200748],[13.722725148144605,51.12298678488919],[13.722746367865607,51.122968671404486],[13.722724776468151,51.12295881327739],[13.722704103364357,51.12297783200748]]]}},{"type":"Feature","id":"DESNATPU1000Gm64","properties":{"id":"DESNATPU1000Gm64","height_m":3.0,"ground_m":211.123,"height_source":"LoD1 solid top minus bottom","production":"2023","laser":"2019","footprints":"2021"},"geometry":{"type":"Polygon","coordinates":[[[13.716472896976478,51.12056205815054],[13.716476042174746,51.120568702376474],[13.71649294367534,51.120604364461556],[13.716576318619225,51.120588948728255],[13.716554722462519,51.120545834058646],[13.716523888961136,51.12055194344326],[13.716472896976478,51.12056205815054]]]}},{"type":"Feature","id":"UUID_c7dc6ba3-c567-4cf1-b82a-b2b9984a9d89","properties":{"id":"UUID_c7dc6ba3-c567-4cf1-b82a-b2b9984a9d89","height_m":6.818,"ground_m":208.927,"height_source":"LoD1 solid top minus bottom","production":"2023","laser":"2019","footprints":"2021"},"geometry":{"type":"Polygon","coordinates":[[[13.718358631749487,51.12058113318535],[13.718336658646974,51.120569651350294],[13.718336789696924,51.120569562858876],[13.718330348182267,51.1205663627616],[13.71826834522364,51.12060829094896],[13.71829492205513,51.12062380706619],[13.718322173871487,51.1206397172659],[13.718387633902154,51.120596271189925],[13.718358631749487,51.12058113318535]]]}},{"type":"Feature","id":"UUID_0f0c0478-a7d8-4aba-b0ea-1eb99d561c20","properties":{"id":"UUID_0f0c0478-a7d8-4aba-b0ea-1eb99d561c20","height_m":5.514,"ground_m":208.927,"height_source":"LoD1 solid top minus bottom","production":"2023","laser":"2019","footprints":"2021"},"geometry":{"type":"Polygon","coordinates":[[[13.718336789696924,51.120569562858876],[13.718336658646974,51.120569651350294],[13.718387633902154,51.120596271189925],[13.718388521935944,51.1205956784066],[13.718392755095701,51.120597613290705],[13.718412057984791,51.120609029876945],[13.718440869446193,51.12058975037612],[13.718421566557863,51.120578333794604],[13.718369762955556,51.12054756820744],[13.718336789696924,51.120569562858876]]]}},{"type":"Feature","id":"UUID_31bd386f-848f-47be-be87-599b009a610c","properties":{"id":"UUID_31bd386f-848f-47be-be87-599b009a610c","height_m":10.679,"ground_m":210.361,"height_source":"LoD1 solid top minus bottom","production":"2023","laser":"2019","footprints":"2021"},"geometry":{"type":"Polygon","coordinates":[[[13.72008531790541,51.12134211341471],[13.720047893218018,51.121393340330926],[13.720010200882005,51.12144494200216],[13.720181245862989,51.12149345985229],[13.72018010169798,51.12149504804493],[13.720225058228314,51.12150788719573],[13.720226247234486,51.12150622755116],[13.720360088825034,51.12154420307317],[13.720395086832697,51.12149184339014],[13.720429831483687,51.12143985862095],[13.72035757963575,51.12141936473786],[13.72008531790541,51.12134211341471]]]}},{"type":"Feature","id":"UUID_e5f9a96c-69f7-4e20-aa9a-c5833300a681","properties":{"id":"UUID_e5f9a96c-69f7-4e20-aa9a-c5833300a681","height_m":7.925,"ground_m":210.361,"height_source":"LoD1 solid top minus bottom","production":"2023","laser":"2019","footprints":"2021"},"geometry":{"type":"Polygon","coordinates":[[[13.720501609122442,51.12139735280514],[13.720451423981412,51.1213637821287],[13.72035757963575,51.12141936473786],[13.720429831483687,51.12143985862095],[13.720501609122442,51.12139735280514]]]}},{"type":"Feature","id":"DESNATPU1000HPDo","properties":{"id":"DESNATPU1000HPDo","height_m":3.0,"ground_m":208.814,"height_source":"LoD1 solid top minus bottom","production":"2023","laser":"2019","footprints":"2021"},"geometry":{"type":"Polygon","coordinates":[[[13.722093418782935,51.12286539541184],[13.72219318504504,51.1229080233622],[13.722221860471171,51.12288227564013],[13.722230549509929,51.122874474928466],[13.722132121088933,51.12283359723731],[13.722121804437979,51.12284289993446],[13.722119023209876,51.12284167349938],[13.722093418782935,51.12286539541184]]]}},{"type":"Feature","id":"DESNATP1bN0000Lt","properties":{"id":"DESNATP1bN0000Lt","height_m":3.011,"ground_m":213.929,"height_source":"LoD1 solid top minus bottom","production":"2023","laser":"2019","footprints":"2021"},"geometry":{"type":"Polygon","coordinates":[[[13.715725822211837,51.121060949478355],[13.715739735710823,51.12108583246841],[13.715839256604818,51.12106378705147],[13.715821135960448,51.121031393852135],[13.71579781569581,51.12103656038343],[13.715802008755055,51.121044061458],[13.715725822211837,51.121060949478355]]]}},{"type":"Feature","id":"DESNATP1bN0000Mi","properties":{"id":"DESNATP1bN0000Mi","height_m":2.864,"ground_m":205.533,"height_source":"LoD1 solid top minus bottom","production":"2023","laser":"2019","footprints":"2021"},"geometry":{"type":"Polygon","coordinates":[[[13.723746050077644,51.12275709651272],[13.723829418740774,51.12274299747664],[13.723849504970296,51.12274006922274],[13.723864559690849,51.12273771554777],[13.7239268783425,51.122726255404025],[13.7239211218404,51.122712172835904],[13.723861382252114,51.12272338234758],[13.723792538613557,51.122718053659966],[13.723712578479795,51.12271736077706],[13.723719542230324,51.12273326408183],[13.723728321778179,51.12275327892094],[13.723730311388342,51.12275782400638],[13.723746050077644,51.12275709651272]]]}},{"type":"Feature","id":"DESNATPU1000DZo3","properties":{"id":"DESNATPU1000DZo3","height_m":3.185,"ground_m":199.88,"height_source":"LoD1 solid top minus bottom","production":"2023","laser":"2019","footprints":"2021"},"geometry":{"type":"Polygon","coordinates":[[[13.731416102754338,51.123856637004415],[13.731365862455734,51.12385547143448],[13.731348240391045,51.12398126900997],[13.731395127854986,51.1239843316579],[13.731416102754338,51.123856637004415]]]}},{"type":"Feature","id":"DESNATP17K0001Yk","properties":{"id":"DESNATP17K0001Yk","height_m":2.851,"ground_m":209.569,"height_source":"LoD1 solid top minus bottom","production":"2023","laser":"2019","footprints":"2021"},"geometry":{"type":"Polygon","coordinates":[[[13.719473101917533,51.121103639299804],[13.719513041991881,51.121126828444645],[13.719573234326592,51.121085770060894],[13.719533294256774,51.12106258093651],[13.719473101917533,51.121103639299804]]]}},{"type":"Feature","id":"DESNATPU1000DCs3","properties":{"id":"DESNATPU1000DCs3","height_m":8.918,"ground_m":200.962,"height_source":"LoD1 solid top minus bottom","production":"2023","laser":"2019","footprints":"2021"},"geometry":{"type":"Polygon","coordinates":[[[13.723651776463782,51.12375634350939],[13.723715666207067,51.12381288604083],[13.723744546328597,51.12383829111675],[13.723848290419706,51.12379167173958],[13.723755520461737,51.12370972421325],[13.723661038238356,51.123752128070976],[13.723651776463782,51.12375634350939]]]}},{"type":"Feature","id":"DESNATPU1000GaqC","properties":{"id":"DESNATPU1000GaqC","height_m":6.88,"ground_m":198.991,"height_source":"LoD1 solid top minus bottom","production":"2023","laser":"2019","footprints":"2021"},"geometry":{"type":"Polygon","coordinates":[[[13.723850344973458,51.124313437244545],[13.723774953082874,51.124367254541845],[13.723764107841623,51.12437499586163],[13.724051917815657,51.12453503380123],[13.724142428096439,51.12447501440023],[13.724050696961212,51.1244242744091],[13.723916471685587,51.12435003110862],[13.723850344973458,51.124313437244545]]]}},{"type":"Feature","id":"DESNATPU1000JFKm","properties":{"id":"DESNATPU1000JFKm","height_m":3.013,"ground_m":209.482,"height_source":"LoD1 solid top minus bottom","production":"2023","laser":"2019","footprints":"2021"},"geometry":{"type":"Polygon","coordinates":[[[13.721673498310976,51.12210919756215],[13.721726100976817,51.12213962867202],[13.721793822296744,51.122093426653784],[13.72174121963779,51.1220629955742],[13.721673498310976,51.12210919756215]]]}},{"type":"Feature","id":"DESNATPU1000E58b","properties":{"id":"DESNATPU1000E58b","height_m":3.368,"ground_m":204.727,"height_source":"LoD1 solid top minus bottom","production":"2023","laser":"2019","footprints":"2021"},"geometry":{"type":"Polygon","coordinates":[[[13.736399397821925,51.12209228312383],[13.736375154318733,51.122132398684684],[13.736548648283664,51.12217357187692],[13.736572608406972,51.122133363291184],[13.736399397821925,51.12209228312383]]]}},{"type":"Feature","id":"DESNATPU1000DDWm","properties":{"id":"DESNATPU1000DDWm","height_m":7.22,"ground_m":212.915,"height_source":"LoD1 solid top minus bottom","production":"2023","laser":"2019","footprints":"2021"},"geometry":{"type":"Polygon","coordinates":[[[13.722214639047447,51.1210475789037],[13.722121432144219,51.12107808900935],[13.722158791882402,51.12112907272253],[13.7222033320087,51.121116097268896],[13.722257784423846,51.121100172569314],[13.722253851147746,51.12109512959953],[13.722214639047447,51.1210475789037]]]}},{"type":"Feature","id":"UUID_4376b51f-9062-4c25-ab81-2a22c0f70006","properties":{"id":"UUID_4376b51f-9062-4c25-ab81-2a22c0f70006","height_m":3.023,"ground_m":202.265,"height_source":"LoD1 solid top minus bottom","production":"2023","laser":"2019","footprints":"2021"},"geometry":{"type":"Polygon","coordinates":[[[13.732176388418303,51.121290170305244],[13.732159547111532,51.12124925041634],[13.732120577877593,51.121255608425706],[13.732120549307675,51.1212556081159],[13.732137362012155,51.12129652770037],[13.732176388418303,51.121290170305244]]]}},{"type":"Feature","id":"UUID_b2ec9f31-687b-4596-9cda-cd126cf02448","properties":{"id":"UUID_b2ec9f31-687b-4596-9cda-cd126cf02448","height_m":7.309,"ground_m":202.265,"height_source":"LoD1 solid top minus bottom","production":"2023","laser":"2019","footprints":"2021"},"geometry":{"type":"Polygon","coordinates":[[[13.732097315686334,51.121355796518415],[13.732157671285657,51.12134595639127],[13.732137333196093,51.12129653638069],[13.732137362012155,51.12129652770037],[13.732120577877593,51.121255608425706],[13.732105263958879,51.12121840112188],[13.73204486541464,51.1212282497487],[13.731995633706,51.12123627700117],[13.732048126951515,51.12136381526652],[13.732097315686334,51.121355796518415]]]}},{"type":"Feature","id":"DESNATPU1000J90G","properties":{"id":"DESNATPU1000J90G","height_m":3.32,"ground_m":200.448,"height_source":"LoD1 solid top minus bottom","production":"2023","laser":"2019","footprints":"2021"},"geometry":{"type":"Polygon","coordinates":[[[13.731286786552115,51.12423552040855],[13.731499763126179,51.12424972846879],[13.731508090828699,51.124200295605284],[13.731295114232593,51.12418609655179],[13.731286786552115,51.12423552040855]]]}},{"type":"Feature","id":"DESNATPU1000Eafn","properties":{"id":"DESNATPU1000Eafn","height_m":6.446,"ground_m":212.338,"height_source":"LoD1 solid top minus bottom","production":"2023","laser":"2019","footprints":"2021"},"geometry":{"type":"Polygon","coordinates":[[[13.71643296106109,51.120986816850774],[13.716403508872885,51.12100081905127],[13.716355695859706,51.12102355851173],[13.71648421452824,51.121122990735074],[13.71653481130297,51.12110756593773],[13.716555145080607,51.12110136827925],[13.71656674601349,51.12109782655691],[13.716535812786185,51.12107246008838],[13.716497124851534,51.12104023691874],[13.71643296106109,51.120986816850774]]]}},{"type":"Feature","id":"UUID_a6c6a0b8-9fa6-40d4-9d5c-48e27080acaa","properties":{"id":"UUID_a6c6a0b8-9fa6-40d4-9d5c-48e27080acaa","height_m":5.584,"ground_m":209.537,"height_source":"LoD1 solid top minus bottom","production":"2023","laser":"2019","footprints":"2021"},"geometry":{"type":"Polygon","coordinates":[[[13.721498238533538,51.122614348505955],[13.721479013636937,51.12260160235997],[13.72147829799226,51.12260112691027],[13.721425641158666,51.12263268235655],[13.721426300654821,51.12263312122147],[13.721445540331427,51.12264584955211],[13.721498238533538,51.122614348505955]]]}},{"type":"Feature","id":"UUID_628cca50-359a-45de-9e6b-5ccf3bb779f3","properties":{"id":"UUID_628cca50-359a-45de-9e6b-5ccf3bb779f3","height_m":7.159,"ground_m":209.537,"height_source":"LoD1 solid top minus bottom","production":"2023","laser":"2019","footprints":"2021"},"geometry":{"type":"Polygon","coordinates":[[[13.721410440533198,51.12256682385987],[13.721499369277907,51.12251283234438],[13.72148257347286,51.122502163112834],[13.72142275413638,51.12253953950809],[13.721394533944796,51.12255810678034],[13.721410440533198,51.12256682385987]]]}},{"type":"Feature","id":"UUID_46b08630-3a02-4338-aff0-13503f0821d0","properties":{"id":"UUID_46b08630-3a02-4338-aff0-13503f0821d0","height_m":8.237,"ground_m":209.537,"height_source":"LoD1 solid top minus bottom","production":"2023","laser":"2019","footprints":"2021"},"geometry":{"type":"Polygon","coordinates":[[[13.721287242199299,51.12264161855387],[13.721306077342518,51.12265812844552],[13.72133738571688,51.12268556607376],[13.72134625819185,51.122681994041294],[13.721426300654821,51.12263312122147],[13.721425641158666,51.12263268235655],[13.72147829799226,51.12260112691027],[13.721479013636937,51.12260160235997],[13.721560683322915,51.122551749041854],[13.721522583272183,51.12252756454446],[13.721499369277907,51.12251283234438],[13.721410440533198,51.12256682385987],[13.721287242199299,51.12264161855387]]]}},{"type":"Feature","id":"DESNATPU1000GJmH","properties":{"id":"DESNATPU1000GJmH","height_m":5.818,"ground_m":201.641,"height_source":"LoD1 solid top minus bottom","production":"2023","laser":"2019","footprints":"2021"},"geometry":{"type":"Polygon","coordinates":[[[13.724052674939337,51.12339304000163],[13.724162010240688,51.12336749748665],[13.72414231039001,51.12333409018546],[13.724032975157332,51.12335963268264],[13.724052674939337,51.12339304000163]]]}},{"type":"Feature","id":"DESNATP1bN0000Jz","properties":{"id":"DESNATP1bN0000Jz","height_m":8.628,"ground_m":198.719,"height_source":"LoD1 solid top minus bottom","production":"2023","laser":"2019","footprints":"2021"},"geometry":{"type":"Polygon","coordinates":[[[13.735093190116451,51.126367235401034],[13.735438376464483,51.12629110412294],[13.735633871399559,51.126248281260615],[13.73556454599292,51.12612272101916],[13.734735271639666,51.12622259033051],[13.734845524010641,51.12642136336341],[13.735093190116451,51.126367235401034]]]}},{"type":"Feature","id":"DESNATP1bN0000M6","properties":{"id":"DESNATP1bN0000M6","height_m":2.576,"ground_m":210.45,"height_source":"LoD1 solid top minus bottom","production":"2023","laser":"2019","footprints":"2021"},"geometry":{"type":"Polygon","coordinates":[[[13.720273417885018,51.122618971481415],[13.720175605056934,51.122652073513954],[13.720204150341752,51.12267915746526],[13.720305239267752,51.12264695457035],[13.7202951319573,51.122638327787136],[13.720273417885018,51.122618971481415]]]}},{"type":"Feature","id":"DESNATP1bN0000MW","properties":{"id":"DESNATP1bN0000MW","height_m":4.624,"ground_m":203.843,"height_source":"LoD1 solid top minus bottom","production":"2023","laser":"2019","footprints":"2021"},"geometry":{"type":"Polygon","coordinates":[[[13.723738743986482,51.12286820351805],[13.723775412849989,51.12292829782681],[13.723844963519479,51.12291161091846],[13.723808536191289,51.12285156423171],[13.723738743986482,51.12286820351805]]]}},{"type":"Feature","id":"DESNATP1bN0000Mu","properties":{"id":"DESNATP1bN0000Mu","height_m":2.81,"ground_m":209.448,"height_source":"LoD1 solid top minus bottom","production":"2023","laser":"2019","footprints":"2021"},"geometry":{"type":"Polygon","coordinates":[[[13.71876363715453,51.12056778401085],[13.718790994285246,51.12058454057701],[13.71881064703315,51.12057195018574],[13.718829265019137,51.12058178546026],[13.718834994435612,51.120585418374134],[13.718949757401909,51.120518492445655],[13.718903779299355,51.12048735926581],[13.718902516808308,51.120486509104204],[13.718879568565317,51.120499944696924],[13.71876363715453,51.12056778401085]]]}},{"type":"Feature","id":"DESNATPU1000IVfm","properties":{"id":"DESNATPU1000IVfm","height_m":5.22,"ground_m":208.751,"height_source":"LoD1 solid top minus bottom","production":"2023","laser":"2019","footprints":"2021"},"geometry":{"type":"Polygon","coordinates":[[[13.7188742627958,51.121697977662635],[13.718848200870356,51.12165865442537],[13.718744492912176,51.12168588133019],[13.718770569049077,51.12172520474638],[13.7188742627958,51.121697977662635]]]}},{"type":"Feature","id":"DESNATPU1000Jc2e","properties":{"id":"DESNATPU1000Jc2e","height_m":3.864,"ground_m":201.92,"height_source":"LoD1 solid top minus bottom","production":"2023","laser":"2019","footprints":"2021"},"geometry":{"type":"Polygon","coordinates":[[[13.732310069689388,51.12178848861188],[13.732345860507674,51.12185911021873],[13.732447644033066,51.12183665255848],[13.73240843449031,51.12176563421067],[13.732310069689388,51.12178848861188]]]}},{"type":"Feature","id":"DESNATPU1000HTtv","properties":{"id":"DESNATPU1000HTtv","height_m":3.0,"ground_m":211.209,"height_source":"LoD1 solid top minus bottom","production":"2023","laser":"2019","footprints":"2021"},"geometry":{"type":"Polygon","coordinates":[[[13.716700340584927,51.121115174117946],[13.716784561725591,51.121172905874516],[13.716828344682414,51.121147604032565],[13.716784201016935,51.12111733547256],[13.716744123532044,51.12108987230722],[13.716722282933233,51.12110249229822],[13.716700340584927,51.121115174117946]]]}},{"type":"Feature","id":"DESNATPU1000HQGB","properties":{"id":"DESNATPU1000HQGB","height_m":5.509,"ground_m":201.385,"height_source":"LoD1 solid top minus bottom","production":"2023","laser":"2019","footprints":"2021"},"geometry":{"type":"Polygon","coordinates":[[[13.731516122997276,51.12103833385708],[13.731542109522556,51.12109122351902],[13.731615083102024,51.12107717704185],[13.731590815611309,51.12102412618843],[13.731516122997276,51.12103833385708]]]}},{"type":"Feature","id":"DESNATPU1000DT9O","properties":{"id":"DESNATPU1000DT9O","height_m":6.987,"ground_m":208.195,"height_source":"LoD1 solid top minus bottom","production":"2023","laser":"2019","footprints":"2021"},"geometry":{"type":"Polygon","coordinates":[[[13.718130099486459,51.12111522770837],[13.718191914840922,51.12108991621051],[13.718311803036105,51.121040789860984],[13.718259508199674,51.12099574728962],[13.718216437828671,51.12101443878409],[13.718211860795142,51.121009955165185],[13.718192247645206,51.121018004532296],[13.71819685598427,51.12102238957447],[13.718082253943784,51.12106947844082],[13.718096905826114,51.121083218183294],[13.718130099486459,51.12111522770837]]]}},{"type":"Feature","id":"DESNATPU1000Eqit","properties":{"id":"DESNATPU1000Eqit","height_m":3.553,"ground_m":203.306,"height_source":"LoD1 solid top minus bottom","production":"2023","laser":"2019","footprints":"2021"},"geometry":{"type":"Polygon","coordinates":[[[13.73279305651671,51.12352407772575],[13.73275031165317,51.12353309286416],[13.73279615693988,51.12362801383236],[13.732774048723847,51.12363173105887],[13.732795733208574,51.12370094063338],[13.732882482826886,51.12369745628182],[13.732881449505888,51.123666806705224],[13.732867609130713,51.12365977725157],[13.732853754474048,51.123652747641486],[13.73279305651671,51.12352407772575]]]}},{"type":"Feature","id":"DESNATPU1000EpPZ","properties":{"id":"DESNATPU1000EpPZ","height_m":8.169,"ground_m":209.417,"height_source":"LoD1 solid top minus bottom","production":"2023","laser":"2019","footprints":"2021"},"geometry":{"type":"Polygon","coordinates":[[[13.718401252098946,51.12168110354503],[13.718454964796257,51.12176169208539],[13.718569142139252,51.121731549602806],[13.718515429276318,51.1216509611133],[13.718401252098946,51.12168110354503]]]}},{"type":"Feature","id":"DESNATPU1000JKkW","properties":{"id":"DESNATPU1000JKkW","height_m":7.063,"ground_m":206.541,"height_source":"LoD1 solid top minus bottom","production":"2023","laser":"2019","footprints":"2021"},"geometry":{"type":"Polygon","coordinates":[[[13.722597722923496,51.12295427787243],[13.722582769882994,51.12296796340089],[13.72260833141836,51.12297894405972],[13.722623141600637,51.12296525696739],[13.722642764263071,51.12297396051605],[13.722686950498293,51.122993561858905],[13.722704103364357,51.12297783200748],[13.722724790505621,51.12295882242351],[13.72278034396853,51.12290771175638],[13.72273560550641,51.12288844614196],[13.722681772420026,51.122865268222895],[13.722589248380558,51.12295067810671],[13.722597722923496,51.12295427787243]]]}},{"type":"Feature","id":"DESNATPU1000IoIQ","properties":{"id":"DESNATPU1000IoIQ","height_m":4.188,"ground_m":204.676,"height_source":"LoD1 solid top minus bottom","production":"2023","laser":"2019","footprints":"2021"},"geometry":{"type":"Polygon","coordinates":[[[13.733444725447823,51.12274691438441],[13.733326897968125,51.12274986465095],[13.733331470094356,51.12282302543548],[13.73344929776008,51.12282007516569],[13.733444725447823,51.12274691438441]]]}},{"type":"Feature","id":"DESNATPU1000CJkh","properties":{"id":"DESNATPU1000CJkh","height_m":4.446,"ground_m":209.179,"height_source":"LoD1 solid top minus bottom","production":"2023","laser":"2019","footprints":"2021"},"geometry":{"type":"Polygon","coordinates":[[[13.721229104518173,51.12211405058547],[13.721266986844327,51.12213937488459],[13.721305984721008,51.122165700576694],[13.721318349650735,51.12217329980543],[13.721390131100069,51.12213532585278],[13.721436558472739,51.122109934305335],[13.721351426213479,51.122051809284706],[13.721328774016866,51.12206487089544],[13.72131614326922,51.12205654933798],[13.721229104518173,51.12211405058547]]]}},{"type":"Feature","id":"DESNATPU1000BRDo","properties":{"id":"DESNATPU1000BRDo","height_m":8.482,"ground_m":212.334,"height_source":"LoD1 solid top minus bottom","production":"2023","laser":"2019","footprints":"2021"},"geometry":{"type":"Polygon","coordinates":[[[13.716270570631828,51.12092475543809],[13.7164364180893,51.120892502451696],[13.71640149431082,51.12082139977522],[13.716235647085448,51.1208536527141],[13.716270570631828,51.12092475543809]]]}},{"type":"Feature","id":"DESNATPU1000EkUc","properties":{"id":"DESNATPU1000EkUc","height_m":3.0,"ground_m":209.253,"height_source":"LoD1 solid top minus bottom","production":"2023","laser":"2019","footprints":"2021"},"geometry":{"type":"Polygon","coordinates":[[[13.719459161866702,51.12174990612401],[13.719477805019412,51.12177745735527],[13.719478532545963,51.12177853546419],[13.719586013180882,51.12174973951313],[13.71956664244658,51.12172111019024],[13.719459161866702,51.12174990612401]]]}},{"type":"Feature","id":"DESNATPU1000CrS6","properties":{"id":"DESNATPU1000CrS6","height_m":6.588,"ground_m":210.113,"height_source":"LoD1 solid top minus bottom","production":"2023","laser":"2019","footprints":"2021"},"geometry":{"type":"Polygon","coordinates":[[[13.721307255777461,51.121752226246294],[13.721297841175756,51.1217464578365],[13.721388908737548,51.121687921458175],[13.72133579993977,51.1216551465327],[13.721347727124236,51.121647543166034],[13.721335928764786,51.12164012999064],[13.721291555205132,51.121668781361194],[13.721274132203053,51.121658069266836],[13.7212432086311,51.12167571665361],[13.721187600799926,51.12170757245428],[13.721209801276045,51.121721214501605],[13.721168053485206,51.12174791612952],[13.721232958161979,51.12178819421823],[13.72127863738657,51.121758837725764],[13.721288049506052,51.121764696037786],[13.721307255777461,51.121752226246294]]]}},{"type":"Feature","id":"DESNATPU1000DTve","properties":{"id":"DESNATPU1000DTve","height_m":2.556,"ground_m":211.072,"height_source":"LoD1 solid top minus bottom","production":"2023","laser":"2019","footprints":"2021"},"geometry":{"type":"Polygon","coordinates":[[[13.722996313245412,51.12138698092088],[13.722980202308745,51.12136184099952],[13.722819667311112,51.12140260550732],[13.722835792458978,51.12142774560614],[13.722996313245412,51.12138698092088]]]}},{"type":"Feature","id":"DESNATPU1000ErCb","properties":{"id":"DESNATPU1000ErCb","height_m":8.741,"ground_m":198.581,"height_source":"LoD1 solid top minus bottom","production":"2023","laser":"2019","footprints":"2021"},"geometry":{"type":"Polygon","coordinates":[[[13.724605492848452,51.12440478752166],[13.724695150527715,51.12446493788585],[13.724701883968137,51.124469507712796],[13.724838018052296,51.12438834873466],[13.72474275739731,51.12432409062285],[13.724605492848452,51.12440478752166]]]}},{"type":"Feature","id":"UUID_e732aec0-557f-43f5-aabe-2f6769ea7830","properties":{"id":"UUID_e732aec0-557f-43f5-aabe-2f6769ea7830","height_m":5.393,"ground_m":213.928,"height_source":"LoD1 solid top minus bottom","production":"2023","laser":"2019","footprints":"2021"},"geometry":{"type":"Polygon","coordinates":[[[13.715658708340575,51.12101088686197],[13.715706693882703,51.121000487688214],[13.715680910327102,51.12095329809473],[13.715632910793007,51.12096368811133],[13.715658708340575,51.12101088686197]]]}},{"type":"Feature","id":"UUID_a59afc1f-5b7f-4118-b906-451cc16e5469","properties":{"id":"UUID_a59afc1f-5b7f-4118-b906-451cc16e5469","height_m":2.98,"ground_m":213.928,"height_source":"LoD1 solid top minus bottom","production":"2023","laser":"2019","footprints":"2021"},"geometry":{"type":"Polygon","coordinates":[[[13.715680910327102,51.12095329809473],[13.715672519454316,51.120937954158066],[13.715618223312532,51.12094971385328],[13.71562661441864,51.12096504880364],[13.715680910327102,51.12095329809473]]]}},{"type":"Feature","id":"UUID_1ebad542-44f3-4b2f-a7bb-dfbecae2cf2a","properties":{"id":"UUID_1ebad542-44f3-4b2f-a7bb-dfbecae2cf2a","height_m":5.434,"ground_m":213.928,"height_source":"LoD1 solid top minus bottom","production":"2023","laser":"2019","footprints":"2021"},"geometry":{"type":"Polygon","coordinates":[[[13.715658708340575,51.12101088686197],[13.715632910793007,51.12096368811133],[13.71562661441864,51.12096504880364],[13.715547564006165,51.120982157048175],[13.71560848715423,51.12109365341843],[13.715693848408671,51.121075184595654],[13.715658708340575,51.12101088686197]]]}},{"type":"Feature","id":"DESNATPU1000Ero0","properties":{"id":"DESNATPU1000Ero0","height_m":2.288,"ground_m":210.994,"height_source":"LoD1 solid top minus bottom","production":"2023","laser":"2019","footprints":"2021"},"geometry":{"type":"Polygon","coordinates":[[[13.720247054009906,51.12118091641903],[13.72016367885704,51.121142054306745],[13.720123886158055,51.12117039566563],[13.72018779414895,51.1212001418753],[13.720183985674739,51.1212035174492],[13.720200805804486,51.12121017635604],[13.720247054009906,51.12118091641903]]]}},{"type":"Feature","id":"DESNATPU1000DzCH","properties":{"id":"DESNATPU1000DzCH","height_m":3.9,"ground_m":204.749,"height_source":"LoD1 solid top minus bottom","production":"2023","laser":"2019","footprints":"2021"},"geometry":{"type":"Polygon","coordinates":[[[13.736516435641354,51.12224390700209],[13.736664008203222,51.12222958429879],[13.736652690385501,51.12218350894853],[13.736505260820202,51.12219783318229],[13.736516435641354,51.12224390700209]]]}},{"type":"Feature","id":"DESNATPU1000C9HJ","properties":{"id":"DESNATPU1000C9HJ","height_m":6.755,"ground_m":206.591,"height_source":"LoD1 solid top minus bottom","production":"2023","laser":"2019","footprints":"2021"},"geometry":{"type":"Polygon","coordinates":[[[13.722624386101348,51.12310663709448],[13.72272930098733,51.12301236975303],[13.722686950498293,51.122993561858905],[13.722623141600637,51.12296525696739],[13.72260833141836,51.12297894405972],[13.722519908623958,51.12306071165154],[13.722624386101348,51.12310663709448]]]}},{"type":"Feature","id":"DESNATPU1000AzWh","properties":{"id":"DESNATPU1000AzWh","height_m":7.224,"ground_m":204.647,"height_source":"LoD1 solid top minus bottom","production":"2023","laser":"2019","footprints":"2021"},"geometry":{"type":"Polygon","coordinates":[[[13.733663422794699,51.121039882337335],[13.733535816814369,51.121079219585226],[13.733465795466564,51.12110080820553],[13.733518722784762,51.121160886690284],[13.733543419127361,51.12118893286694],[13.733577258383571,51.12117839113833],[13.733733699202915,51.12112968089256],[13.733663422794699,51.121039882337335]]]}},{"type":"Feature","id":"DESNATPU1000IVET","properties":{"id":"DESNATPU1000IVET","height_m":7.36,"ground_m":210.635,"height_source":"LoD1 solid top minus bottom","production":"2023","laser":"2019","footprints":"2021"},"geometry":{"type":"Polygon","coordinates":[[[13.716790957670167,51.12054755453894],[13.71675754023574,51.12048086597145],[13.716702410239812,51.1204918076656],[13.716652093474053,51.120501794969535],[13.716543456990866,51.12052335432725],[13.716554722462519,51.120545834058646],[13.716576318619225,51.120588948728255],[13.716577334412577,51.12059096527001],[13.716790957670167,51.12054755453894]]]}},{"type":"Feature","id":"DESNATPU1000J8zg","properties":{"id":"DESNATPU1000J8zg","height_m":2.384,"ground_m":201.39,"height_source":"LoD1 solid top minus bottom","production":"2023","laser":"2019","footprints":"2021"},"geometry":{"type":"Polygon","coordinates":[[[13.731787206896586,51.1211910490851],[13.731795126447661,51.121214408289866],[13.731880575085807,51.121200344073344],[13.731871824273993,51.12117811794192],[13.731787206896586,51.1211910490851]]]}},{"type":"Feature","id":"DESNATP17K0001ag","properties":{"id":"DESNATP17K0001ag","height_m":3.31,"ground_m":195.633,"height_source":"LoD1 solid top minus bottom","production":"2023","laser":"2019","footprints":"2021"},"geometry":{"type":"Polygon","coordinates":[[[13.736221480257184,51.13004470593627],[13.736112400691686,51.130029660181386],[13.73608828592666,51.130098922579165],[13.736197351604407,51.13011395921294],[13.736221480257184,51.13004470593627]]]}},{"type":"Feature","id":"DESNATPU1000DhMa","properties":{"id":"DESNATPU1000DhMa","height_m":2.856,"ground_m":198.598,"height_source":"LoD1 solid top minus bottom","production":"2023","laser":"2019","footprints":"2021"},"geometry":{"type":"Polygon","coordinates":[[[13.730559907099387,51.12428028413485],[13.730554650394545,51.12431044278773],[13.730665043309896,51.1243182059244],[13.730670307336808,51.12428777756314],[13.730559907099387,51.12428028413485]]]}},{"type":"Feature","id":"DESNATPU1000AyuV","properties":{"id":"DESNATPU1000AyuV","height_m":4.928,"ground_m":203.939,"height_source":"LoD1 solid top minus bottom","production":"2023","laser":"2019","footprints":"2021"},"geometry":{"type":"Polygon","coordinates":[[[13.733760325325171,51.12193378851159],[13.734021458379283,51.122349564281805],[13.734326900115093,51.12227364451285],[13.734065624328416,51.12185777795541],[13.733760325325171,51.12193378851159]]]}},{"type":"Feature","id":"DESNATPU1000GxUj","properties":{"id":"DESNATPU1000GxUj","height_m":6.417,"ground_m":201.369,"height_source":"LoD1 solid top minus bottom","production":"2023","laser":"2019","footprints":"2021"},"geometry":{"type":"Polygon","coordinates":[[[13.731174307798538,51.121049463295954],[13.731208384571023,51.12116170323253],[13.731317915443375,51.12114850325725],[13.731287279100865,51.12103585104431],[13.731174307798538,51.121049463295954]]]}},{"type":"Feature","id":"DESNATPU1000Ens6","properties":{"id":"DESNATPU1000Ens6","height_m":3.95,"ground_m":206.392,"height_source":"LoD1 solid top minus bottom","production":"2023","laser":"2019","footprints":"2021"},"geometry":{"type":"Polygon","coordinates":[[[13.73554517477055,51.12077864683445],[13.73561281023994,51.12074547545683],[13.735560102718349,51.12070290923595],[13.735492467274456,51.120736080583505],[13.73554517477055,51.12077864683445]]]}},{"type":"Feature","id":"DESNATPU1000DbDW","properties":{"id":"DESNATPU1000DbDW","height_m":2.315,"ground_m":211.508,"height_source":"LoD1 solid top minus bottom","production":"2023","laser":"2019","footprints":"2021"},"geometry":{"type":"Polygon","coordinates":[[[13.71981834113728,51.12214632025197],[13.719850358017638,51.122195123907325],[13.719944905953316,51.12216999897716],[13.719964333951985,51.12216348505621],[13.719924537015455,51.12211646675984],[13.71981834113728,51.12214632025197]]]}},{"type":"Feature","id":"DESNATPU1000DFrU","properties":{"id":"DESNATPU1000DFrU","height_m":4.103,"ground_m":198.012,"height_source":"LoD1 solid top minus bottom","production":"2023","laser":"2019","footprints":"2021"},"geometry":{"type":"Polygon","coordinates":[[[13.724470056074972,51.12471482004366],[13.724497475433544,51.124731036357964],[13.72453811811693,51.124754860909334],[13.724617978448391,51.12469341202966],[13.72455615444243,51.12466036369151],[13.724470056074972,51.12471482004366]]]}},{"type":"Feature","id":"DESNATPU1000D0M4","properties":{"id":"DESNATPU1000D0M4","height_m":5.347,"ground_m":201.295,"height_source":"LoD1 solid top minus bottom","production":"2023","laser":"2019","footprints":"2021"},"geometry":{"type":"Polygon","coordinates":[[[13.731474209544018,51.12111305878237],[13.731488304958871,51.1211409993837],[13.731321600014486,51.121175701425464],[13.731250101482052,51.12118805509748],[13.731312947987702,51.121314186261536],[13.731386651010986,51.12129960827375],[13.73136483676674,51.12125611633602],[13.73160131397835,51.1212094913011],[13.731582992050916,51.12117413078769],[13.731546040385265,51.12109899995085],[13.731474209544018,51.12111305878237]]]}},{"type":"Feature","id":"DESNATPU1000JJc5","properties":{"id":"DESNATPU1000JJc5","height_m":2.796,"ground_m":191.839,"height_source":"LoD1 solid top minus bottom","production":"2023","laser":"2019","footprints":"2021"},"geometry":{"type":"Polygon","coordinates":[[[13.714350634876567,51.13415331946377],[13.714250992286841,51.13415914837132],[13.714257895896678,51.13420391835185],[13.714357395693586,51.13419808786821],[13.714350634876567,51.13415331946377]]]}},{"type":"Feature","id":"DESNATPU1000I4ri","properties":{"id":"DESNATPU1000I4ri","height_m":6.437,"ground_m":211.401,"height_source":"LoD1 solid top minus bottom","production":"2023","laser":"2019","footprints":"2021"},"geometry":{"type":"Polygon","coordinates":[[[13.71981834113728,51.12214632025197],[13.719748278103841,51.12203938432967],[13.719691278390668,51.12205382314257],[13.719624392670283,51.12207076158382],[13.719550297346897,51.12208952750769],[13.719552050280651,51.122092280510294],[13.719648213271334,51.12224338713601],[13.719719241311559,51.12222703360303],[13.719791817579605,51.12220946496641],[13.71984310286823,51.12219704986812],[13.719850358017638,51.122195123907325],[13.71981834113728,51.12214632025197]]]}},{"type":"Feature","id":"UUID_704860a7-721e-4b13-af94-fccf1176c4d2","properties":{"id":"UUID_704860a7-721e-4b13-af94-fccf1176c4d2","height_m":3.867,"ground_m":204.448,"height_source":"LoD1 solid top minus bottom","production":"2023","laser":"2019","footprints":"2021"},"geometry":{"type":"Polygon","coordinates":[[[13.738078147606819,51.12141803199944],[13.73813489861951,51.12138048811978],[13.73806448653834,51.121338343488056],[13.738029141005404,51.12136172092791],[13.738007735766406,51.12137587834364],[13.738078147606819,51.12141803199944]]]}},{"type":"Feature","id":"UUID_eb5721a8-ad0f-431e-9b9c-6373f08003d4","properties":{"id":"UUID_eb5721a8-ad0f-431e-9b9c-6373f08003d4","height_m":7.227,"ground_m":204.448,"height_source":"LoD1 solid top minus bottom","production":"2023","laser":"2019","footprints":"2021"},"geometry":{"type":"Polygon","coordinates":[[[13.73817208854053,51.1215873005714],[13.738261755815493,51.12152796263993],[13.738128228934992,51.121448014816046],[13.738078147606819,51.12141803199944],[13.738007721236398,51.121375887179596],[13.737974470236447,51.12135596002821],[13.737957570109181,51.12134584960043],[13.737867816605121,51.12140520435526],[13.73817208854053,51.1215873005714]]]}},{"type":"Feature","id":"DESNATPU1000H6EH","properties":{"id":"DESNATPU1000H6EH","height_m":3.031,"ground_m":198.228,"height_source":"LoD1 solid top minus bottom","production":"2023","laser":"2019","footprints":"2021"},"geometry":{"type":"Polygon","coordinates":[[[13.724687871352746,51.12457358118418],[13.724637868531387,51.12460424075722],[13.724704206340181,51.12464462243199],[13.724750817670635,51.12461257692663],[13.724687871352746,51.12457358118418]]]}},{"type":"Feature","id":"DESNATPU1000Gj9q","properties":{"id":"DESNATPU1000Gj9q","height_m":7.327,"ground_m":208.904,"height_source":"LoD1 solid top minus bottom","production":"2023","laser":"2019","footprints":"2021"},"geometry":{"type":"Polygon","coordinates":[[[13.718940246061399,51.12092743419664],[13.719060979099961,51.12084255202132],[13.718967105030407,51.12078967118146],[13.718846371961138,51.12087455326034],[13.718940246061399,51.12092743419664]]]}},{"type":"Feature","id":"DESNATPU1000DaMf","properties":{"id":"DESNATPU1000DaMf","height_m":3.914,"ground_m":201.095,"height_source":"LoD1 solid top minus bottom","production":"2023","laser":"2019","footprints":"2021"},"geometry":{"type":"Polygon","coordinates":[[[13.731898905316086,51.12149320382128],[13.731932389906637,51.12155930416153],[13.732019892929332,51.12154172795961],[13.731986265375436,51.12147562609435],[13.731898905316086,51.12149320382128]]]}},{"type":"Feature","id":"DESNATPU1000D0GT","properties":{"id":"DESNATPU1000D0GT","height_m":3.464,"ground_m":212.692,"height_source":"LoD1 solid top minus bottom","production":"2023","laser":"2019","footprints":"2021"},"geometry":{"type":"Polygon","coordinates":[[[13.721149929731672,51.12123476943872],[13.721177833941967,51.12130575792015],[13.721306272208217,51.121285849653795],[13.721278365329674,51.121214951102196],[13.721149929731672,51.12123476943872]]]}},{"type":"Feature","id":"DESNATPU1000FQUL","properties":{"id":"DESNATPU1000FQUL","height_m":5.509,"ground_m":212.914,"height_source":"LoD1 solid top minus bottom","production":"2023","laser":"2019","footprints":"2021"},"geometry":{"type":"Polygon","coordinates":[[[13.721867937920287,51.121530254357836],[13.721802330491927,51.121479708171144],[13.721735656022593,51.12151907813046],[13.721740204348997,51.12152254511103],[13.721797412828643,51.1215662459382],[13.721867937920287,51.121530254357836]]]}},{"type":"Feature","id":"DESNATPU1000G9Z4","properties":{"id":"DESNATPU1000G9Z4","height_m":4.835,"ground_m":214.242,"height_source":"LoD1 solid top minus bottom","production":"2023","laser":"2019","footprints":"2021"},"geometry":{"type":"Polygon","coordinates":[[[13.720434433871892,51.120848165660306],[13.720577620071673,51.12093057764135],[13.720614034895926,51.12090552650021],[13.720522887671367,51.12085318034977],[13.720434433871892,51.120848165660306]]]}},{"type":"Feature","id":"UUID_7216b475-85b6-49ff-90e7-01eae800b8a4","properties":{"id":"UUID_7216b475-85b6-49ff-90e7-01eae800b8a4","height_m":6.2,"ground_m":201.891,"height_source":"LoD1 solid top minus bottom","production":"2023","laser":"2019","footprints":"2021"},"geometry":{"type":"Polygon","coordinates":[[[13.732313075994005,51.121596183695516],[13.732277628688317,51.12151145613176],[13.732272492453697,51.121499161275835],[13.732220329857398,51.12150775936321],[13.732215090716053,51.12150861982185],[13.732186238984319,51.12151337892328],[13.732205787301654,51.12156033533185],[13.73217940462563,51.12156468055619],[13.73218832114812,51.121586081123574],[13.732214761468024,51.12158171853663],[13.732216826747079,51.12158665997815],[13.732206376770186,51.12158839019461],[13.732217829526755,51.12161579845521],[13.732228265224371,51.121614068082884],[13.73224415817605,51.12165205502407],[13.732273039297189,51.12164726924844],[13.732288929662268,51.12164463578221],[13.732330456957454,51.121637756889534],[13.732313075994005,51.121596183695516]]]}},{"type":"Feature","id":"UUID_9bb7792d-ac53-43a6-b5ab-4346791ae3dc","properties":{"id":"UUID_9bb7792d-ac53-43a6-b5ab-4346791ae3dc","height_m":3.281,"ground_m":201.891,"height_source":"LoD1 solid top minus bottom","production":"2023","laser":"2019","footprints":"2021"},"geometry":{"type":"Polygon","coordinates":[[[13.732330456957454,51.121637756889534],[13.732346117770573,51.121635156898016],[13.732328736793958,51.12159358370621],[13.732313075994005,51.121596183695516],[13.732330456957454,51.121637756889534]]]}},{"type":"Feature","id":"UUID_79536b3b-df74-4ca0-97b8-3ec84eb28dce","properties":{"id":"UUID_79536b3b-df74-4ca0-97b8-3ec84eb28dce","height_m":3.424,"ground_m":201.891,"height_source":"LoD1 solid top minus bottom","production":"2023","laser":"2019","footprints":"2021"},"geometry":{"type":"Polygon","coordinates":[[[13.732288929662268,51.12164463578221],[13.732301804662608,51.1216754227522],[13.732358992560442,51.1216659528521],[13.732346117770573,51.121635156898016],[13.732288929662268,51.12164463578221]]]}},{"type":"Feature","id":"DESNATPU1000ICuR","properties":{"id":"DESNATPU1000ICuR","height_m":2.337,"ground_m":204.607,"height_source":"LoD1 solid top minus bottom","production":"2023","laser":"2019","footprints":"2021"},"geometry":{"type":"Polygon","coordinates":[[[13.733934441161043,51.120840344791596],[13.733960835673535,51.120875270757196],[13.734008407779756,51.12086101969477],[13.73398198417794,51.12082611141054],[13.733934441161043,51.120840344791596]]]}},{"type":"Feature","id":"DESNATPU1000JG3n","properties":{"id":"DESNATPU1000JG3n","height_m":2.458,"ground_m":198.295,"height_source":"LoD1 solid top minus bottom","production":"2023","laser":"2019","footprints":"2021"},"geometry":{"type":"Polygon","coordinates":[[[13.73052199694734,51.12418275060173],[13.730515015892108,51.124223681861956],[13.730560371009211,51.124226872091995],[13.730569357137176,51.124175351123036],[13.730523593210927,51.12417143703602],[13.73052199694734,51.12418275060173]]]}},{"type":"Feature","id":"DESNATPU1000F54t","properties":{"id":"DESNATPU1000F54t","height_m":7.161,"ground_m":204.752,"height_source":"LoD1 solid top minus bottom","production":"2023","laser":"2019","footprints":"2021"},"geometry":{"type":"Polygon","coordinates":[[[13.73356821248229,51.12081421160006],[13.73359243739281,51.12085426701268],[13.733615022402367,51.120891588840365],[13.733618468708501,51.120895672915005],[13.733657503048779,51.12088639246044],[13.73371241600526,51.1208733271315],[13.733623019490265,51.12072506627086],[13.733567573231257,51.120738305637],[13.733528005789827,51.12074775114996],[13.733565656271049,51.12080997529439],[13.73356821248229,51.12081421160006]]]}},{"type":"Feature","id":"DESNATPU1000F5US","properties":{"id":"DESNATPU1000F5US","height_m":3.91,"ground_m":201.917,"height_source":"LoD1 solid top minus bottom","production":"2023","laser":"2019","footprints":"2021"},"geometry":{"type":"Polygon","coordinates":[[[13.7323299310488,51.12211217410377],[13.732372148539572,51.12220381853935],[13.73245932262685,51.12218785714009],[13.732415356430758,51.1221026685781],[13.732349142275869,51.12211508021051],[13.732346590499734,51.12210911731397],[13.7323299310488,51.12211217410377]]]}},{"type":"Feature","id":"DESNATPU1000FZhw","properties":{"id":"DESNATPU1000FZhw","height_m":3.037,"ground_m":205.306,"height_source":"LoD1 solid top minus bottom","production":"2023","laser":"2019","footprints":"2021"},"geometry":{"type":"Polygon","coordinates":[[[13.733765552589187,51.123660062057006],[13.7337739217002,51.123685845037045],[13.733861827865782,51.12367768724862],[13.734063149222658,51.12365765485609],[13.734052077606888,51.12361311069324],[13.733850761355706,51.12363296326595],[13.733854569840133,51.123648373153586],[13.733765552589187,51.123660062057006]]]}},{"type":"Feature","id":"UUID_12a2f438-905e-48c2-a2db-96fe36a52bc3","properties":{"id":"UUID_12a2f438-905e-48c2-a2db-96fe36a52bc3","height_m":3.339,"ground_m":210.401,"height_source":"LoD1 solid top minus bottom","production":"2023","laser":"2019","footprints":"2021"},"geometry":{"type":"Polygon","coordinates":[[[13.721686518494742,51.121937757584064],[13.721717541592493,51.121963096677234],[13.721736126400854,51.12197831779707],[13.721772102705188,51.121960878393004],[13.721722294049773,51.121920342978925],[13.721686518494742,51.121937757584064]]]}},{"type":"Feature","id":"UUID_8300664f-1a4b-4b21-b101-0dbc8f3e2d39","properties":{"id":"UUID_8300664f-1a4b-4b21-b101-0dbc8f3e2d39","height_m":4.361,"ground_m":210.401,"height_source":"LoD1 solid top minus bottom","production":"2023","laser":"2019","footprints":"2021"},"geometry":{"type":"Polygon","coordinates":[[[13.721722294049773,51.121920342978925],[13.721772102705188,51.121960878393004],[13.72183229469164,51.121931707312015],[13.721738939670356,51.12185568697492],[13.721678830210196,51.12188497581648],[13.721722294049773,51.121920342978925]]]}},{"type":"Feature","id":"DESNATPU1000J0eg","properties":{"id":"DESNATPU1000J0eg","height_m":5.506,"ground_m":202.608,"height_source":"LoD1 solid top minus bottom","production":"2023","laser":"2019","footprints":"2021"},"geometry":{"type":"Polygon","coordinates":[[[13.7232311212672,51.123573424275094],[13.72327035424052,51.12354984193131],[13.723208598077571,51.12350923966978],[13.723169362629147,51.123532911893754],[13.7232311212672,51.123573424275094]]]}},{"type":"Feature","id":"DESNATPU1000DHwk","properties":{"id":"DESNATPU1000DHwk","height_m":6.422,"ground_m":211.953,"height_source":"LoD1 solid top minus bottom","production":"2023","laser":"2019","footprints":"2021"},"geometry":{"type":"Polygon","coordinates":[[[13.716066970219842,51.12077097346924],[13.716209230471446,51.12073701396294],[13.716170308398013,51.120672018383424],[13.716027762625243,51.12070597470678],[13.716066970219842,51.12077097346924]]]}},{"type":"Feature","id":"DESNATP17K0001Yw","properties":{"id":"DESNATP17K0001Yw","height_m":4.992,"ground_m":201.855,"height_source":"LoD1 solid top minus bottom","production":"2023","laser":"2019","footprints":"2021"},"geometry":{"type":"Polygon","coordinates":[[[13.714001549132046,51.125081315930515],[13.714101830170055,51.125055395447745],[13.714053964868471,51.12498205447842],[13.71395366942829,51.125007983754315],[13.714001549132046,51.125081315930515]]]}},{"type":"Feature","id":"DESNATPU1000JVsY","properties":{"id":"DESNATPU1000JVsY","height_m":2.965,"ground_m":204.539,"height_source":"LoD1 solid top minus bottom","production":"2023","laser":"2019","footprints":"2021"},"geometry":{"type":"Polygon","coordinates":[[[13.734029417505143,51.120884367595906],[13.733952715448536,51.12090834819582],[13.734040304316691,51.121019287186826],[13.734066544974208,51.12105252981192],[13.734150468082738,51.12102628019686],[13.734074636475945,51.120937383976894],[13.734029417505143,51.120884367595906]]]}},{"type":"Feature","id":"DESNATPU1000JJ4V","properties":{"id":"DESNATPU1000JJ4V","height_m":3.157,"ground_m":210.488,"height_source":"LoD1 solid top minus bottom","production":"2023","laser":"2019","footprints":"2021"},"geometry":{"type":"Polygon","coordinates":[[[13.719592052685943,51.12201918454827],[13.719624392421727,51.122070770573906],[13.719748278103841,51.12203938432967],[13.719756979023408,51.122036332120665],[13.71970633291135,51.121979114047924],[13.719592052685943,51.12201918454827]]]}},{"type":"Feature","id":"DESNATPU1000E8QD","properties":{"id":"DESNATPU1000E8QD","height_m":4.73,"ground_m":210.147,"height_source":"LoD1 solid top minus bottom","production":"2023","laser":"2019","footprints":"2021"},"geometry":{"type":"Polygon","coordinates":[[[13.720860787523117,51.122702988177565],[13.720863891457338,51.12270598075859],[13.7209640864602,51.12266473876182],[13.720955227937141,51.12265642245796],[13.720883138143794,51.12268689279008],[13.720890302605543,51.12269083806048],[13.720860787523117,51.122702988177565]]]}},{"type":"Feature","id":"DESNATPU1000HyWi","properties":{"id":"DESNATPU1000HyWi","height_m":2.832,"ground_m":211.316,"height_source":"LoD1 solid top minus bottom","production":"2023","laser":"2019","footprints":"2021"},"geometry":{"type":"Polygon","coordinates":[[[13.72268335412491,51.12193237421226],[13.722710578370148,51.12196594490236],[13.72278068992488,51.12194701655966],[13.722752985975074,51.121910113316105],[13.72268335412491,51.12193237421226]]]}},{"type":"Feature","id":"DESNATPU1000H6gG","properties":{"id":"DESNATPU1000H6gG","height_m":2.321,"ground_m":208.63,"height_source":"LoD1 solid top minus bottom","production":"2023","laser":"2019","footprints":"2021"},"geometry":{"type":"Polygon","coordinates":[[[13.719130109176303,51.12174257003967],[13.719152971458149,51.12179064411553],[13.719307228647208,51.12176158742608],[13.71927739969225,51.12171482196377],[13.719130109176303,51.12174257003967]]]}},{"type":"Feature","id":"DESNATPU1000Gu0o","properties":{"id":"DESNATPU1000Gu0o","height_m":8.08,"ground_m":202.66,"height_source":"LoD1 solid top minus bottom","production":"2023","laser":"2019","footprints":"2021"},"geometry":{"type":"Polygon","coordinates":[[[13.724003635311844,51.12313206495063],[13.723831033775657,51.12316870638418],[13.72386657467101,51.1232350023609],[13.724039190961287,51.12319835204268],[13.724003635311844,51.12313206495063]]]}},{"type":"Feature","id":"UUID_a7a8fa38-1dc0-4061-8b77-99175e2765e5","properties":{"id":"UUID_a7a8fa38-1dc0-4061-8b77-99175e2765e5","height_m":2.814,"ground_m":188.537,"height_source":"LoD1 solid top minus bottom","production":"2023","laser":"2019","footprints":"2021"},"geometry":{"type":"Polygon","coordinates":[[[13.727667317478392,51.13757238464464],[13.727699672994076,51.13755702631996],[13.7276371630671,51.13750611267641],[13.727605087770218,51.1375206377064],[13.727667317478392,51.13757238464464]]]}},{"type":"Feature","id":"UUID_d8eb406e-de42-4155-b15f-347276ffff49","properties":{"id":"UUID_d8eb406e-de42-4155-b15f-347276ffff49","height_m":2.906,"ground_m":188.537,"height_source":"LoD1 solid top minus bottom","production":"2023","laser":"2019","footprints":"2021"},"geometry":{"type":"Polygon","coordinates":[[[13.727767314303977,51.13761211443651],[13.727699672994076,51.13755702631996],[13.727625924394523,51.13759203309476],[13.727693666437618,51.13764709537148],[13.727767314303977,51.13761211443651]]]}},{"type":"Feature","id":"DESNATPU1000DQXr","properties":{"id":"DESNATPU1000DQXr","height_m":5.093,"ground_m":207.84,"height_source":"LoD1 solid top minus bottom","production":"2023","laser":"2019","footprints":"2021"},"geometry":{"type":"Polygon","coordinates":[[[13.717901016480111,51.12071259093512],[13.717929276339941,51.120693116662835],[13.718059613688935,51.12074913192227],[13.718078888476235,51.12073368679553],[13.718118650268467,51.12070184759376],[13.71813311561329,51.12069031555172],[13.717925646052446,51.12058165620313],[13.717813258751109,51.12066180859674],[13.717901016480111,51.12071259093512]]]}},{"type":"Feature","id":"DESNATPU1000HLU2","properties":{"id":"DESNATPU1000HLU2","height_m":2.154,"ground_m":205.256,"height_source":"LoD1 solid top minus bottom","production":"2023","laser":"2019","footprints":"2021"},"geometry":{"type":"Polygon","coordinates":[[[13.722735042120691,51.1232321620939],[13.722676380809997,51.12327159313681],[13.722756013630615,51.12331734597733],[13.722814616303078,51.12327796821099],[13.722735042120691,51.1232321620939]]]}},{"type":"Feature","id":"DESNATPU1000CB3z","properties":{"id":"DESNATPU1000CB3z","height_m":6.066,"ground_m":208.804,"height_source":"LoD1 solid top minus bottom","production":"2023","laser":"2019","footprints":"2021"},"geometry":{"type":"Polygon","coordinates":[[[13.722132121088933,51.12283359723731],[13.72217781346503,51.12279238805302],[13.722196690255439,51.12280066985839],[13.72221953665674,51.12278005626548],[13.722200645585144,51.12277177430769],[13.722234629396958,51.122741111583096],[13.722203890595107,51.12272770916281],[13.72217332125084,51.12271438052846],[13.722059479584937,51.12281572605608],[13.72209055753036,51.122829267112266],[13.722119023209876,51.12284167349938],[13.722121804437979,51.12284289993446],[13.722132121088933,51.12283359723731]]]}},{"type":"Feature","id":"DESNATPU1000Grn6","properties":{"id":"DESNATPU1000Grn6","height_m":3.236,"ground_m":210.072,"height_source":"LoD1 solid top minus bottom","production":"2023","laser":"2019","footprints":"2021"},"geometry":{"type":"Polygon","coordinates":[[[13.720845161238035,51.12266601876307],[13.720785158086482,51.1227146787666],[13.720803694395428,51.12272648224441],[13.720860787523117,51.122702988177565],[13.720890302605543,51.12269083806048],[13.720883138143794,51.12268689279008],[13.720845161238035,51.12266601876307]]]}},{"type":"Feature","id":"DESNATPU1000DlQ1","properties":{"id":"DESNATPU1000DlQ1","height_m":4.754,"ground_m":200.063,"height_source":"LoD1 solid top minus bottom","production":"2023","laser":"2019","footprints":"2021"},"geometry":{"type":"Polygon","coordinates":[[[13.724739384655674,51.1237117984728],[13.724693072675153,51.12372885627655],[13.724714238641438,51.123751596048784],[13.724760536351525,51.12373453808099],[13.724739384655674,51.1237117984728]]]}},{"type":"Feature","id":"DESNATPU1000EI34","properties":{"id":"DESNATPU1000EI34","height_m":5.99,"ground_m":200.586,"height_source":"LoD1 solid top minus bottom","production":"2023","laser":"2019","footprints":"2021"},"geometry":{"type":"Polygon","coordinates":[[[13.723501367963088,51.12393024070403],[13.723486972306668,51.12393925618537],[13.723596480618536,51.12401014566244],[13.723649925303638,51.12397385864993],[13.723543975162675,51.12390867351618],[13.723501367963088,51.12393024070403]]]}},{"type":"Feature","id":"DESNATP17K0001ZI","properties":{"id":"DESNATP17K0001ZI","height_m":2.529,"ground_m":201.643,"height_source":"LoD1 solid top minus bottom","production":"2023","laser":"2019","footprints":"2021"},"geometry":{"type":"Polygon","coordinates":[[[13.723517914815687,51.12380845226459],[13.723482628708979,51.12378579193894],[13.72338290390004,51.12384729296186],[13.723418190003734,51.12386995331734],[13.723517914815687,51.12380845226459]]]}},{"type":"Feature","id":"DESNATPU1000HFyZ","properties":{"id":"DESNATPU1000HFyZ","height_m":2.982,"ground_m":198.575,"height_source":"LoD1 solid top minus bottom","production":"2023","laser":"2019","footprints":"2021"},"geometry":{"type":"Polygon","coordinates":[[[13.730568565625534,51.12423028838146],[13.730563624224208,51.124259371325024],[13.730673881553699,51.1242668631987],[13.730678963281166,51.12423787170178],[13.730568565625534,51.12423028838146]]]}},{"type":"Feature","id":"DESNATPU1000G22S","properties":{"id":"DESNATPU1000G22S","height_m":6.447,"ground_m":208.25,"height_source":"LoD1 solid top minus bottom","production":"2023","laser":"2019","footprints":"2021"},"geometry":{"type":"Polygon","coordinates":[[[13.723251905490569,51.12227483276098],[13.72326827075267,51.122308905249355],[13.72330911007092,51.12230476484148],[13.723310013379097,51.12230828188941],[13.723385193550563,51.12229210636047],[13.723354228097946,51.1222542683772],[13.723251905490569,51.12227483276098]]]}},{"type":"Feature","id":"DESNATPU1000IUY9","properties":{"id":"DESNATPU1000IUY9","height_m":4.319,"ground_m":204.059,"height_source":"LoD1 solid top minus bottom","production":"2023","laser":"2019","footprints":"2021"},"geometry":{"type":"Polygon","coordinates":[[[13.73418771471564,51.12115037006254],[13.734288746205234,51.1210920754445],[13.734227318859576,51.12104600597024],[13.734123195314348,51.121106074608754],[13.73418771471564,51.12115037006254]]]}},{"type":"Feature","id":"DESNATPU1000CeOp","properties":{"id":"DESNATPU1000CeOp","height_m":4.889,"ground_m":203.139,"height_source":"LoD1 solid top minus bottom","production":"2023","laser":"2019","footprints":"2021"},"geometry":{"type":"Polygon","coordinates":[[[13.732139176177341,51.120686908970974],[13.732170179712615,51.120718360154065],[13.732204265899089,51.12070506071666],[13.732212472435345,51.12071324319648],[13.732280489723127,51.12069230805611],[13.732247826096703,51.12065886049217],[13.73226933927412,51.12065073045578],[13.732242786254222,51.120623734013655],[13.732221411010583,51.120632045396256],[13.732201535059925,51.12061168606803],[13.732196673210668,51.1206065973971],[13.732162589556115,51.12061980693188],[13.732131973604583,51.12063161521315],[13.732154354342171,51.12065442976272],[13.732132545603113,51.12066291628434],[13.732151596452313,51.12068209761642],[13.732139176177341,51.120686908970974]]]}},{"type":"Feature","id":"DESNATPU1000EeX6","properties":{"id":"DESNATPU1000EeX6","height_m":3.451,"ground_m":213.465,"height_source":"LoD1 solid top minus bottom","production":"2023","laser":"2019","footprints":"2021"},"geometry":{"type":"Polygon","coordinates":[[[13.72215189812883,51.121565866867506],[13.722229133744822,51.12158910294149],[13.722266057697762,51.12154040583065],[13.722188819663064,51.12151725968207],[13.72215189812883,51.121565866867506]]]}},{"type":"Feature","id":"DESNATPU1000IpOx","properties":{"id":"DESNATPU1000IpOx","height_m":4.426,"ground_m":202.572,"height_source":"LoD1 solid top minus bottom","production":"2023","laser":"2019","footprints":"2021"},"geometry":{"type":"Polygon","coordinates":[[[13.732611999366334,51.12208627502405],[13.732547940371184,51.1220982604896],[13.732584288580956,51.122174643435976],[13.732648204820652,51.12216265640302],[13.732611999366334,51.12208627502405]]]}},{"type":"Feature","id":"DESNATPU1000HcsM","properties":{"id":"DESNATPU1000HcsM","height_m":3.406,"ground_m":205.116,"height_source":"LoD1 solid top minus bottom","production":"2023","laser":"2019","footprints":"2021"},"geometry":{"type":"Polygon","coordinates":[[[13.736646678094719,51.12184342723813],[13.736584653895013,51.12193277474639],[13.736639966386681,51.121948030602816],[13.736701990501146,51.12185868306483],[13.736646678094719,51.12184342723813]]]}},{"type":"Feature","id":"UUID_f4ea9806-528e-4853-8d1b-c19d392c4a51","properties":{"id":"UUID_f4ea9806-528e-4853-8d1b-c19d392c4a51","height_m":3.115,"ground_m":184.619,"height_source":"LoD1 solid top minus bottom","production":"2023","laser":"2019","footprints":"2021"},"geometry":{"type":"Polygon","coordinates":[[[13.719581493226615,51.137960856064495],[13.719551294177894,51.137934842080064],[13.719495260503734,51.137960667256685],[13.719525275258917,51.137986625281044],[13.719581493226615,51.137960856064495]]]}},{"type":"Feature","id":"UUID_dff02c7b-4ca0-4346-aa84-da97400549e3","properties":{"id":"UUID_dff02c7b-4ca0-4346-aa84-da97400549e3","height_m":3.129,"ground_m":184.619,"height_source":"LoD1 solid top minus bottom","production":"2023","laser":"2019","footprints":"2021"},"geometry":{"type":"Polygon","coordinates":[[[13.719523343871131,51.138061603769856],[13.719637577263983,51.13800916772956],[13.719581493226615,51.137960856064495],[13.719525275258917,51.137986625281044],[13.719467218513618,51.13801323764119],[13.719523343871131,51.138061603769856]]]}},{"type":"Feature","id":"UUID_5ace1661-a280-4231-b88b-47c02940f21d","properties":{"id":"UUID_5ace1661-a280-4231-b88b-47c02940f21d","height_m":3.329,"ground_m":209.611,"height_source":"LoD1 solid top minus bottom","production":"2023","laser":"2019","footprints":"2021"},"geometry":{"type":"Polygon","coordinates":[[[13.71940205397984,51.120923886750184],[13.719402096088434,51.120923914189724],[13.719438349271067,51.12094607377584],[13.719507898275944,51.120900972221555],[13.719471642608823,51.1208789025575],[13.719471530070662,51.120878838375546],[13.71940205397984,51.120923886750184]]]}},{"type":"Feature","id":"UUID_74928d1b-5fc6-4469-980c-9795ceae9e81","properties":{"id":"UUID_74928d1b-5fc6-4469-980c-9795ceae9e81","height_m":6.042,"ground_m":209.611,"height_source":"LoD1 solid top minus bottom","production":"2023","laser":"2019","footprints":"2021"},"geometry":{"type":"Polygon","coordinates":[[[13.719276675215285,51.12094529226032],[13.719324255449214,51.120974320538345],[13.719402096088434,51.120923914189724],[13.71940205397984,51.120923886750184],[13.719471530070662,51.120878838375546],[13.719471642608823,51.1208789025575],[13.71948124953043,51.120872532959886],[13.71943388257747,51.12084354305221],[13.719391321023432,51.12081750143209],[13.719233900878171,51.12091919429597],[13.719276675215285,51.12094529226032]]]}},{"type":"Feature","id":"DESNATPU1000D2mN","properties":{"id":"DESNATPU1000D2mN","height_m":4.135,"ground_m":205.275,"height_source":"LoD1 solid top minus bottom","production":"2023","laser":"2019","footprints":"2021"},"geometry":{"type":"Polygon","coordinates":[[[13.715366347363474,51.128632594367204],[13.715310892860316,51.12864817213798],[13.71538364325231,51.128750949492876],[13.715439097855338,51.128735371688585],[13.715366347363474,51.128632594367204]]]}},{"type":"Feature","id":"UUID_7adec47f-a479-4e7d-a7c1-7797ae25ab59","properties":{"id":"UUID_7adec47f-a479-4e7d-a7c1-7797ae25ab59","height_m":3.626,"ground_m":197.118,"height_source":"LoD1 solid top minus bottom","production":"2023","laser":"2019","footprints":"2021"},"geometry":{"type":"Polygon","coordinates":[[[13.72563025210335,51.12467026707119],[13.725615524406725,51.12466279543335],[13.725571668574396,51.12469702957973],[13.725586367702663,51.12470450091169],[13.72563025210335,51.12467026707119]]]}},{"type":"Feature","id":"UUID_3c1fa772-7bc2-4552-8a7e-1766cb1ad7ce","properties":{"id":"UUID_3c1fa772-7bc2-4552-8a7e-1766cb1ad7ce","height_m":4.179,"ground_m":197.118,"height_source":"LoD1 solid top minus bottom","production":"2023","laser":"2019","footprints":"2021"},"geometry":{"type":"Polygon","coordinates":[[[13.725678401220994,51.124713696351876],[13.725702937657175,51.124726157953916],[13.725774234070686,51.124696476371305],[13.725736202908653,51.12466860698279],[13.725678401220994,51.124713696351876]]]}},{"type":"Feature","id":"UUID_0dca5c4b-8999-4847-b013-6d39b2b38175","properties":{"id":"UUID_0dca5c4b-8999-4847-b013-6d39b2b38175","height_m":6.387,"ground_m":197.118,"height_source":"LoD1 solid top minus bottom","production":"2023","laser":"2019","footprints":"2021"},"geometry":{"type":"Polygon","coordinates":[[[13.72563025210335,51.12467026707119],[13.725586367702663,51.12470450091169],[13.725571267166702,51.12471628773375],[13.725634093613019,51.124748249337905],[13.725678401220994,51.124713696351876],[13.725736202908653,51.12466860698279],[13.725673304325907,51.12463667162512],[13.72563025210335,51.12467026707119]]]}},{"type":"Feature","id":"DESNATPU1000Frjr","properties":{"id":"DESNATPU1000Frjr","height_m":2.819,"ground_m":209.297,"height_source":"LoD1 solid top minus bottom","production":"2023","laser":"2019","footprints":"2021"},"geometry":{"type":"Polygon","coordinates":[[[13.722720920275503,51.122233413318455],[13.722692572889981,51.122199110941295],[13.722469926224967,51.12227221796442],[13.722498273488375,51.122306520394304],[13.722720920275503,51.122233413318455]]]}},{"type":"Feature","id":"DESNATPU1000GRoz","properties":{"id":"DESNATPU1000GRoz","height_m":4.829,"ground_m":210.206,"height_source":"LoD1 solid top minus bottom","production":"2023","laser":"2019","footprints":"2021"},"geometry":{"type":"Polygon","coordinates":[[[13.718073483256175,51.121776080502976],[13.718054179478065,51.121730095580794],[13.71805762530445,51.12172950386398],[13.718053490596928,51.12171884704421],[13.717994066891103,51.12172844731416],[13.718017931374353,51.12178518366604],[13.718073483256175,51.121776080502976]]]}},{"type":"Feature","id":"DESNATPU1000Ch6L","properties":{"id":"DESNATPU1000Ch6L","height_m":3.076,"ground_m":201.951,"height_source":"LoD1 solid top minus bottom","production":"2023","laser":"2019","footprints":"2021"},"geometry":{"type":"Polygon","coordinates":[[[13.732278022034782,51.12146785442029],[13.732266220507865,51.121439615048075],[13.732091041944207,51.12146803928571],[13.732102819486908,51.121496629134086],[13.732208491653621,51.12147929476816],[13.732278022034782,51.12146785442029]]]}},{"type":"Feature","id":"DESNATPU1000HBgb","properties":{"id":"DESNATPU1000HBgb","height_m":3.706,"ground_m":210.704,"height_source":"LoD1 solid top minus bottom","production":"2023","laser":"2019","footprints":"2021"},"geometry":{"type":"Polygon","coordinates":[[[13.71998907766057,51.122342568463424],[13.720009701046443,51.1223703571093],[13.720020604792952,51.12236774266247],[13.720067435136418,51.12240535951734],[13.720129277659169,51.122373401627314],[13.720073479228912,51.1223148953126],[13.71998907766057,51.122342568463424]]]}},{"type":"Feature","id":"DESNATPU1000FkEs","properties":{"id":"DESNATPU1000FkEs","height_m":6.465,"ground_m":202.338,"height_source":"LoD1 solid top minus bottom","production":"2023","laser":"2019","footprints":"2021"},"geometry":{"type":"Polygon","coordinates":[[[13.732015437184886,51.12084542281984],[13.732040216065476,51.12095183328304],[13.732113251971082,51.12094489146648],[13.73208832392441,51.12083870422123],[13.732015437184886,51.12084542281984]]]}},{"type":"Feature","id":"DESNATPU1000IU1T","properties":{"id":"DESNATPU1000IU1T","height_m":3.351,"ground_m":211.495,"height_source":"LoD1 solid top minus bottom","production":"2023","laser":"2019","footprints":"2021"},"geometry":{"type":"Polygon","coordinates":[[[13.71642219198301,51.120936114192105],[13.716434302454443,51.12095800968535],[13.71654543137076,51.12093369001995],[13.716578976514297,51.120940083391645],[13.716650004180519,51.12092422632284],[13.71663106264003,51.120891014889395],[13.716512352894974,51.12091664530547],[13.71642219198301,51.120936114192105]]]}},{"type":"Feature","id":"DESNATPU1000IQPm","properties":{"id":"DESNATPU1000IQPm","height_m":4.069,"ground_m":204.923,"height_source":"LoD1 solid top minus bottom","production":"2023","laser":"2019","footprints":"2021"},"geometry":{"type":"Polygon","coordinates":[[[13.734689885162181,51.12069826178716],[13.734652022539443,51.120724290822224],[13.734834893403006,51.12082995634329],[13.734907432952198,51.12079512980654],[13.734748472019158,51.12072434531397],[13.734689885162181,51.12069826178716]]]}},{"type":"Feature","id":"DESNATPU1000HXpA","properties":{"id":"DESNATPU1000HXpA","height_m":3.373,"ground_m":185.579,"height_source":"LoD1 solid top minus bottom","production":"2023","laser":"2019","footprints":"2021"},"geometry":{"type":"Polygon","coordinates":[[[13.719828057593348,51.138099849754894],[13.719784271332705,51.13806428066378],[13.719705185879354,51.138102839131264],[13.719748974601362,51.13813831835118],[13.719828057593348,51.138099849754894]]]}},{"type":"Feature","id":"DESNATPU1000EERg","properties":{"id":"DESNATPU1000EERg","height_m":6.977,"ground_m":214.509,"height_source":"LoD1 solid top minus bottom","production":"2023","laser":"2019","footprints":"2021"},"geometry":{"type":"Polygon","coordinates":[[[13.720462346012878,51.12079469424062],[13.720489657147379,51.12078366219126],[13.72047867273274,51.120772660719005],[13.720542223518846,51.12074808639707],[13.720508896505013,51.12071361207751],[13.720475263721573,51.12067882864727],[13.720356689555395,51.12072447339258],[13.720385039285434,51.1207585965244],[13.72038702611441,51.12076064164458],[13.720420609698865,51.12079513679218],[13.720450938027408,51.1207835082749],[13.720462346012878,51.12079469424062]]]}},{"type":"Feature","id":"DESNATPU1000C2Tr","properties":{"id":"DESNATPU1000C2Tr","height_m":6.877,"ground_m":209.856,"height_source":"LoD1 solid top minus bottom","production":"2023","laser":"2019","footprints":"2021"},"geometry":{"type":"Polygon","coordinates":[[[13.719854500617226,51.121368075771294],[13.719898027026398,51.12138767095991],[13.71994313400361,51.12140798487252],[13.720183985674739,51.1212035174492],[13.72018779414895,51.1212001418753],[13.720143114940809,51.12117934712779],[13.720123886158055,51.12117039566563],[13.720100045364685,51.12115925343388],[13.719854500617226,51.121368075771294]]]}},{"type":"Feature","id":"DESNATPU1000FmUX","properties":{"id":"DESNATPU1000FmUX","height_m":6.051,"ground_m":205.048,"height_source":"LoD1 solid top minus bottom","production":"2023","laser":"2019","footprints":"2021"},"geometry":{"type":"Polygon","coordinates":[[[13.722725720978424,51.1232245423102],[13.72282115528131,51.123281286027854],[13.72284069019502,51.12326830698779],[13.722806668917334,51.123247998391456],[13.722837324491634,51.12322764983228],[13.722776941458527,51.12319013786675],[13.722725720978424,51.1232245423102]]]}},{"type":"Feature","id":"DESNATPU1000BBfa","properties":{"id":"DESNATPU1000BBfa","height_m":3.787,"ground_m":210.296,"height_source":"LoD1 solid top minus bottom","production":"2023","laser":"2019","footprints":"2021"},"geometry":{"type":"Polygon","coordinates":[[[13.721345483107822,51.1227726867781],[13.721260657646452,51.1228136385507],[13.721302609065809,51.12285670512986],[13.721373268837006,51.122821614597676],[13.7213963155656,51.122809285708136],[13.721433212730753,51.1227911280618],[13.721380699033068,51.122753314723276],[13.721345483107822,51.1227726867781]]]}},{"type":"Feature","id":"UUID_ac230e14-4e12-4de0-ad61-72cc6c49a034","properties":{"id":"UUID_ac230e14-4e12-4de0-ad61-72cc6c49a034","height_m":8.26,"ground_m":201.766,"height_source":"LoD1 solid top minus bottom","production":"2023","laser":"2019","footprints":"2021"},"geometry":{"type":"Polygon","coordinates":[[[13.732323099706225,51.12205635382314],[13.732323171378347,51.12205634560738],[13.732346590499734,51.12210911731397],[13.732349142275869,51.12211508021051],[13.732415356430758,51.1221026685781],[13.732460298014312,51.122094792482024],[13.732426974699823,51.12202275881913],[13.732427175676861,51.12202272502671],[13.732406905617092,51.12197862953177],[13.732406747741855,51.12197865479862],[13.732388685871598,51.12193898070598],[13.732279830872319,51.121958753743144],[13.732303520835053,51.122012067962565],[13.732303477733382,51.12201207648805],[13.732323099706225,51.12205635382314]]]}},{"type":"Feature","id":"UUID_319da212-4926-4c3d-bc03-bfdcc0436c51","properties":{"id":"UUID_319da212-4926-4c3d-bc03-bfdcc0436c51","height_m":2.994,"ground_m":201.766,"height_source":"LoD1 solid top minus bottom","production":"2023","laser":"2019","footprints":"2021"},"geometry":{"type":"Polygon","coordinates":[[[13.732303477733382,51.12201207648805],[13.732285570827024,51.122015290609795],[13.732300051609252,51.12206050141469],[13.732323099706225,51.12205635382314],[13.732303477733382,51.12201207648805]]]}},{"type":"Feature","id":"UUID_a9cec9c0-15c0-4b14-a9a6-8fcf6dbce7c4","properties":{"id":"UUID_a9cec9c0-15c0-4b14-a9a6-8fcf6dbce7c4","height_m":3.731,"ground_m":201.766,"height_source":"LoD1 solid top minus bottom","production":"2023","laser":"2019","footprints":"2021"},"geometry":{"type":"Polygon","coordinates":[[[13.73245655968679,51.12201732415526],[13.732436330242166,51.121973310040744],[13.732406905617092,51.12197862953177],[13.732427175676861,51.12202272502671],[13.73245655968679,51.12201732415526]]]}},{"type":"Feature","id":"DESNATPU1000B0g8","properties":{"id":"DESNATPU1000B0g8","height_m":6.835,"ground_m":209.446,"height_source":"LoD1 solid top minus bottom","production":"2023","laser":"2019","footprints":"2021"},"geometry":{"type":"Polygon","coordinates":[[[13.721097576536664,51.12251792585324],[13.721156790961404,51.122545929538305],[13.721211406637556,51.12250553774314],[13.721311736033034,51.122415412147106],[13.721251100759307,51.12238866997642],[13.721155562500757,51.12247450440677],[13.721097576536664,51.12251792585324]]]}},{"type":"Feature","id":"DESNATPU1000JJOB","properties":{"id":"DESNATPU1000JJOB","height_m":2.453,"ground_m":201.913,"height_source":"LoD1 solid top minus bottom","production":"2023","laser":"2019","footprints":"2021"},"geometry":{"type":"Polygon","coordinates":[[[13.723334455936357,51.12381636841246],[13.72338290390004,51.12384729296186],[13.723482628708979,51.12378579193894],[13.723434183219862,51.1237547775298],[13.723334455936357,51.12381636841246]]]}},{"type":"Feature","id":"DESNATPU1000IqeR","properties":{"id":"DESNATPU1000IqeR","height_m":7.908,"ground_m":209.01,"height_source":"LoD1 solid top minus bottom","production":"2023","laser":"2019","footprints":"2021"},"geometry":{"type":"Polygon","coordinates":[[[13.717670117815697,51.121257620831656],[13.717682733163848,51.121302075641395],[13.71769597347388,51.12134873154335],[13.717766295179208,51.121340833664625],[13.717908371987871,51.12132487364164],[13.717975898610662,51.12131728671548],[13.717962971497027,51.121271695428995],[13.717950669357071,51.12122830523341],[13.71779747380374,51.12124330705281],[13.717670117815697,51.121257620831656]]]}},{"type":"Feature","id":"DESNATP17K0001ZO","properties":{"id":"DESNATP17K0001ZO","height_m":3.202,"ground_m":208.972,"height_source":"LoD1 solid top minus bottom","production":"2023","laser":"2019","footprints":"2021"},"geometry":{"type":"Polygon","coordinates":[[[13.723280100989607,51.12124847052495],[13.72329760018729,51.1212719798835],[13.723323288013342,51.12126591145244],[13.723330572686537,51.12127689923663],[13.723440249695797,51.121248123734055],[13.723401412726881,51.12118950742094],[13.723291735585784,51.121218291878286],[13.723306743435488,51.12124094669707],[13.723280100989607,51.12124847052495]]]}},{"type":"Feature","id":"DESNATPU1000HIOG","properties":{"id":"DESNATPU1000HIOG","height_m":2.423,"ground_m":213.381,"height_source":"LoD1 solid top minus bottom","production":"2023","laser":"2019","footprints":"2021"},"geometry":{"type":"Polygon","coordinates":[[[13.71518621962699,51.12066696461734],[13.71522375354564,51.12072529061192],[13.715289951965586,51.1207083920985],[13.71525241797649,51.120650066124504],[13.71518621962699,51.12066696461734]]]}},{"type":"Feature","id":"DESNATPU1000Ikix","properties":{"id":"DESNATPU1000Ikix","height_m":7.862,"ground_m":209.296,"height_source":"LoD1 solid top minus bottom","production":"2023","laser":"2019","footprints":"2021"},"geometry":{"type":"Polygon","coordinates":[[[13.721305565286311,51.12254936412186],[13.721417433879235,51.12245016500621],[13.721331357920294,51.1224117058684],[13.721219460916531,51.12251089559916],[13.721305565286311,51.12254936412186]]]}},{"type":"Feature","id":"DESNATPU1000FxLo","properties":{"id":"DESNATPU1000FxLo","height_m":6.051,"ground_m":210.194,"height_source":"LoD1 solid top minus bottom","production":"2023","laser":"2019","footprints":"2021"},"geometry":{"type":"Polygon","coordinates":[[[13.719767066429256,51.1218999051025],[13.71990250984489,51.121844805364475],[13.719857536805335,51.1218010217347],[13.719722078932516,51.121856130255225],[13.719767066429256,51.1218999051025]]]}},{"type":"Feature","id":"DESNATPU1000GzDR","properties":{"id":"DESNATPU1000GzDR","height_m":3.407,"ground_m":208.155,"height_source":"LoD1 solid top minus bottom","production":"2023","laser":"2019","footprints":"2021"},"geometry":{"type":"Polygon","coordinates":[[[13.717881103657492,51.12098799257049],[13.717894564983656,51.12100395848863],[13.7178953099816,51.12100491989305],[13.718008047217037,51.12096790067229],[13.717993293759863,51.12094957348241],[13.717881103657492,51.12098799257049]]]}},{"type":"Feature","id":"DESNATPU1000Ia97","properties":{"id":"DESNATPU1000Ia97","height_m":7.905,"ground_m":205.239,"height_source":"LoD1 solid top minus bottom","production":"2023","laser":"2019","footprints":"2021"},"geometry":{"type":"Polygon","coordinates":[[[13.722612457051499,51.123373322608344],[13.722772999574241,51.12346932067131],[13.722867906936544,51.123406328702984],[13.722707076240273,51.12331041754921],[13.722612457051499,51.123373322608344]]]}},{"type":"Feature","id":"DESNATPU1000Cbzq","properties":{"id":"DESNATPU1000Cbzq","height_m":3.402,"ground_m":204.883,"height_source":"LoD1 solid top minus bottom","production":"2023","laser":"2019","footprints":"2021"},"geometry":{"type":"Polygon","coordinates":[[[13.738128214404982,51.121448023652015],[13.738184965904592,51.12141046176795],[13.73813489861951,51.12138048811978],[13.73807813307681,51.121418040835394],[13.738128214404982,51.121448023652015]]]}},{"type":"Feature","id":"DESNATPU1000CRmD","properties":{"id":"DESNATPU1000CRmD","height_m":3.15,"ground_m":185.85,"height_source":"LoD1 solid top minus bottom","production":"2023","laser":"2019","footprints":"2021"},"geometry":{"type":"Polygon","coordinates":[[[13.719762779271084,51.1378599096815],[13.719833527526195,51.137927410473665],[13.71990958572734,51.137895959035845],[13.719838982794297,51.1378283699528],[13.719762779271084,51.1378599096815]]]}},{"type":"Feature","id":"UUID_8626a04c-e92b-4cee-b620-599bbb4e60a1","properties":{"id":"UUID_8626a04c-e92b-4cee-b620-599bbb4e60a1","height_m":6.412,"ground_m":210.122,"height_source":"LoD1 solid top minus bottom","production":"2023","laser":"2019","footprints":"2021"},"geometry":{"type":"Polygon","coordinates":[[[13.721126794779423,51.12267951301077],[13.721129360717878,51.122681807256214],[13.721263902658094,51.12262781119097],[13.721253378663233,51.122619260869456],[13.721126794779423,51.12267951301077]]]}},{"type":"Feature","id":"UUID_00665409-843f-4430-871c-13c0dc10ec3b","properties":{"id":"UUID_00665409-843f-4430-871c-13c0dc10ec3b","height_m":4.875,"ground_m":210.122,"height_source":"LoD1 solid top minus bottom","production":"2023","laser":"2019","footprints":"2021"},"geometry":{"type":"Polygon","coordinates":[[[13.721263902658094,51.12262781119097],[13.721180397207009,51.12266133131639],[13.721129360717878,51.122681807256214],[13.721060883148889,51.12270928663672],[13.721081776396561,51.12272991978473],[13.721144907675656,51.12270302940026],[13.721200389836538,51.12267939165015],[13.721218276528795,51.122671772537885],[13.721283119744356,51.12264342598498],[13.721263902658094,51.12262781119097]]]}},{"type":"Feature","id":"DESNATPU1000CNco","properties":{"id":"DESNATPU1000CNco","height_m":2.377,"ground_m":207.122,"height_source":"LoD1 solid top minus bottom","production":"2023","laser":"2019","footprints":"2021"},"geometry":{"type":"Polygon","coordinates":[[[13.736526166111396,51.1212639796796],[13.736457276759877,51.121295968972994],[13.73650781850016,51.12133941065431],[13.736576848279867,51.121307512776326],[13.736526166111396,51.1212639796796]]]}},{"type":"Feature","id":"DESNATPU1000J5bm","properties":{"id":"DESNATPU1000J5bm","height_m":7.448,"ground_m":210.53,"height_source":"LoD1 solid top minus bottom","production":"2023","laser":"2019","footprints":"2021"},"geometry":{"type":"Polygon","coordinates":[[[13.720016823548399,51.121856749200674],[13.71970633291135,51.121979114047924],[13.719756979023408,51.122036332120665],[13.719770201022152,51.1220310092728],[13.720077288857514,51.12191750986622],[13.720016823548399,51.121856749200674]]]}},{"type":"Feature","id":"DESNATPU1000HCAJ","properties":{"id":"DESNATPU1000HCAJ","height_m":2.311,"ground_m":205.519,"height_source":"LoD1 solid top minus bottom","production":"2023","laser":"2019","footprints":"2021"},"geometry":{"type":"Polygon","coordinates":[[[13.737515342704516,51.12148859314189],[13.737450754269455,51.121508021587175],[13.737494205693478,51.12156471356751],[13.737558492488102,51.12154534479087],[13.737515342704516,51.12148859314189]]]}},{"type":"Feature","id":"UUID_7cd1f341-5d70-481b-bea6-8159417d301d","properties":{"id":"UUID_7cd1f341-5d70-481b-bea6-8159417d301d","height_m":7.898,"ground_m":201.367,"height_source":"LoD1 solid top minus bottom","production":"2023","laser":"2019","footprints":"2021"},"geometry":{"type":"Polygon","coordinates":[[[13.731578323055214,51.12093244418798],[13.73157849521216,51.12093241907719],[13.73156916113501,51.12091062724038],[13.731568917061441,51.12091066955657],[13.73154972826305,51.120865227719946],[13.731496740937915,51.12087422121142],[13.731438183494463,51.12088416143966],[13.731502761716643,51.12104097666917],[13.731516122997276,51.12103833385708],[13.731561972746155,51.121029613646506],[13.731590815611309,51.12102412618843],[13.731615668805938,51.12101926990359],[13.731578323055214,51.12093244418798]]]}},{"type":"Feature","id":"UUID_5a3b9009-e1b1-4915-9ab5-1a68dc4b1549","properties":{"id":"UUID_5a3b9009-e1b1-4915-9ab5-1a68dc4b1549","height_m":3.136,"ground_m":201.367,"height_source":"LoD1 solid top minus bottom","production":"2023","laser":"2019","footprints":"2021"},"geometry":{"type":"Polygon","coordinates":[[[13.73157849521216,51.12093241907719],[13.731612345592772,51.12092669816581],[13.731603082432551,51.120904925086585],[13.73156916113501,51.12091062724038],[13.73157849521216,51.12093241907719]]]}},{"type":"Feature","id":"DESNATPU1000JJHl","properties":{"id":"DESNATPU1000JJHl","height_m":2.696,"ground_m":208.484,"height_source":"LoD1 solid top minus bottom","production":"2023","laser":"2019","footprints":"2021"},"geometry":{"type":"Polygon","coordinates":[[[13.718042668208234,51.12110630156447],[13.717986972437373,51.12112785814483],[13.718027117258512,51.12116891871481],[13.718041377068733,51.12116275312539],[13.718043021371562,51.12116426395578],[13.718083431486479,51.12114566925873],[13.718042668208234,51.12110630156447]]]}},{"type":"Feature","id":"DESNATPU1000DeHy","properties":{"id":"DESNATPU1000DeHy","height_m":2.605,"ground_m":204.047,"height_source":"LoD1 solid top minus bottom","production":"2023","laser":"2019","footprints":"2021"},"geometry":{"type":"Polygon","coordinates":[[[13.734756580837368,51.12135329787798],[13.734813058936119,51.12139383691656],[13.734877471674208,51.121358382897995],[13.734821138867117,51.12131775553466],[13.734756580837368,51.12135329787798]]]}},{"type":"Feature","id":"UUID_0667fdad-9e73-4ef6-86b9-db81c694b7c7","properties":{"id":"UUID_0667fdad-9e73-4ef6-86b9-db81c694b7c7","height_m":7.134,"ground_m":200.29,"height_source":"LoD1 solid top minus bottom","production":"2023","laser":"2019","footprints":"2021"},"geometry":{"type":"Polygon","coordinates":[[[13.724598880412158,51.123650248218176],[13.724585148058866,51.123628965401736],[13.724571908954493,51.123608452349984],[13.724541644386264,51.12361617976323],[13.72437331093607,51.123659163501095],[13.724400324108817,51.12370099584151],[13.724598880412158,51.123650248218176]]]}},{"type":"Feature","id":"UUID_3870016d-69a7-470c-b278-0a6998f8470f","properties":{"id":"UUID_3870016d-69a7-470c-b278-0a6998f8470f","height_m":5.816,"ground_m":200.29,"height_source":"LoD1 solid top minus bottom","production":"2023","laser":"2019","footprints":"2021"},"geometry":{"type":"Polygon","coordinates":[[[13.724517137743604,51.12361667683228],[13.724447383616141,51.12363449501251],[13.724439941250864,51.12362298400311],[13.724411360206899,51.1236302891016],[13.72441878803289,51.123641808947],[13.724370131383928,51.123654236742254],[13.72437331093607,51.123659163501095],[13.724541644386264,51.12361617976323],[13.724517137743604,51.12361667683228]]]}},{"type":"Feature","id":"DESNATPU1000EelF","properties":{"id":"DESNATPU1000EelF","height_m":3.0,"ground_m":197.014,"height_source":"LoD1 solid top minus bottom","production":"2023","laser":"2019","footprints":"2021"},"geometry":{"type":"Polygon","coordinates":[[[13.725634093613019,51.124748249337905],[13.7257223181735,51.124793041607006],[13.725753322012517,51.12476885616876],[13.725766611473697,51.124758488431965],[13.725702937657175,51.124726157953916],[13.725678401220994,51.124713696351876],[13.725634093613019,51.124748249337905]]]}},{"type":"Feature","id":"DESNATPU1000BzYU","properties":{"id":"DESNATPU1000BzYU","height_m":2.541,"ground_m":197.108,"height_source":"LoD1 solid top minus bottom","production":"2023","laser":"2019","footprints":"2021"},"geometry":{"type":"Polygon","coordinates":[[[13.725814353445653,51.124620933579294],[13.725775207419622,51.124641370246685],[13.725824135321616,51.12467571625602],[13.725862645850937,51.124659679108476],[13.725814353445653,51.124620933579294]]]}},{"type":"Feature","id":"DESNATP17K0001Ym","properties":{"id":"DESNATP17K0001Ym","height_m":2.739,"ground_m":210.352,"height_source":"LoD1 solid top minus bottom","production":"2023","laser":"2019","footprints":"2021"},"geometry":{"type":"Polygon","coordinates":[[[13.719981780828,51.12106645723989],[13.719905471818848,51.121036134506916],[13.719841714911281,51.121099671973106],[13.719918009448543,51.12113000358149],[13.719981780828,51.12106645723989]]]}},{"type":"Feature","id":"DESNATPU1000CaAa","properties":{"id":"DESNATPU1000CaAa","height_m":2.872,"ground_m":209.422,"height_source":"LoD1 solid top minus bottom","production":"2023","laser":"2019","footprints":"2021"},"geometry":{"type":"Polygon","coordinates":[[[13.72208969757049,51.12286716229249],[13.722045900063133,51.122905982086216],[13.72210202416373,51.12293312417569],[13.722126330865459,51.12291189706553],[13.722149028939167,51.12289200128801],[13.72208969757049,51.12286716229249]]]}},{"type":"Feature","id":"DESNATPU1000HEMt","properties":{"id":"DESNATPU1000HEMt","height_m":2.788,"ground_m":206.795,"height_source":"LoD1 solid top minus bottom","production":"2023","laser":"2019","footprints":"2021"},"geometry":{"type":"Polygon","coordinates":[[[13.736333504397674,51.12082410245792],[13.73643268810126,51.12077736872167],[13.736376529997653,51.1207303141601],[13.73633227773372,51.12075122973688],[13.73627755987644,51.12077707713555],[13.736333504397674,51.12082410245792]]]}},{"type":"Feature","id":"DESNATPU1000Ewju","properties":{"id":"DESNATPU1000Ewju","height_m":6.846,"ground_m":205.252,"height_source":"LoD1 solid top minus bottom","production":"2023","laser":"2019","footprints":"2021"},"geometry":{"type":"Polygon","coordinates":[[[13.734748472019158,51.12072434531397],[13.734907432952198,51.12079512980654],[13.734985797246553,51.12076153530239],[13.734882899017883,51.120657544667445],[13.734809950368708,51.12068643153003],[13.734748472019158,51.12072434531397]]]}},{"type":"Feature","id":"DESNATPU1000Axld","properties":{"id":"DESNATPU1000Axld","height_m":2.946,"ground_m":213.638,"height_source":"LoD1 solid top minus bottom","production":"2023","laser":"2019","footprints":"2021"},"geometry":{"type":"Polygon","coordinates":[[[13.72088136128744,51.12081426074777],[13.720897500566688,51.120830048777876],[13.72090511097955,51.12083749712197],[13.720979026093211,51.120809124078164],[13.720954234567586,51.120784806181014],[13.72088136128744,51.12081426074777]]]}},{"type":"Feature","id":"UUID_d63d4659-2bd9-422a-aa42-0f7d7ea22247","properties":{"id":"UUID_d63d4659-2bd9-422a-aa42-0f7d7ea22247","height_m":7.2,"ground_m":200.262,"height_source":"LoD1 solid top minus bottom","production":"2023","laser":"2019","footprints":"2021"},"geometry":{"type":"Polygon","coordinates":[[[13.742945920907426,51.12750544628963],[13.743224308260865,51.12748451790134],[13.743434101143793,51.12746874201942],[13.743352918683666,51.1270425570044],[13.742864911645267,51.12707936170395],[13.742945920907426,51.12750544628963]]]}},{"type":"Feature","id":"UUID_ce48781c-e4c0-4857-abce-000b855969a1","properties":{"id":"UUID_ce48781c-e4c0-4857-abce-000b855969a1","height_m":7.736,"ground_m":200.262,"height_source":"LoD1 solid top minus bottom","production":"2023","laser":"2019","footprints":"2021"},"geometry":{"type":"Polygon","coordinates":[[[13.743224308260865,51.12748451790134],[13.74327046313358,51.12772691919603],[13.743480258321933,51.12771109828883],[13.743434101143793,51.12746874201942],[13.743224308260865,51.12748451790134]]]}},{"type":"Feature","id":"UUID_a4247a47-2599-402a-858b-0cee8dfc5103","properties":{"id":"UUID_a4247a47-2599-402a-858b-0cee8dfc5103","height_m":15.778,"ground_m":200.262,"height_source":"LoD1 solid top minus bottom","production":"2023","laser":"2019","footprints":"2021"},"geometry":{"type":"Polygon","coordinates":[[[13.741434879392603,51.12718101076367],[13.74143604287727,51.127187102393414],[13.742672418133427,51.12709387473692],[13.742671279643886,51.127087909287425],[13.742535251300833,51.12709815514409],[13.741434879392603,51.12718101076367]]]}},{"type":"Feature","id":"UUID_81b31c64-35f9-44ca-8cce-73ea845ff294","properties":{"id":"UUID_81b31c64-35f9-44ca-8cce-73ea845ff294","height_m":18.965,"ground_m":200.262,"height_source":"LoD1 solid top minus bottom","production":"2023","laser":"2019","footprints":"2021"},"geometry":{"type":"Polygon","coordinates":[[[13.74143604287727,51.127187102393414],[13.741566793681175,51.12787478318691],[13.74299569282973,51.127767221014835],[13.742945920907426,51.12750544628963],[13.742864911645267,51.12707936170395],[13.742672418133427,51.12709387473692],[13.74143604287727,51.127187102393414]]]}},{"type":"Feature","id":"UUID_97bbb0d6-d8c8-4908-96ef-35b29d61039c","properties":{"id":"UUID_97bbb0d6-d8c8-4908-96ef-35b29d61039c","height_m":10.536,"ground_m":200.262,"height_source":"LoD1 solid top minus bottom","production":"2023","laser":"2019","footprints":"2021"},"geometry":{"type":"Polygon","coordinates":[[[13.742671279643886,51.127087909287425],[13.742648782591809,51.126969610415614],[13.742648757924306,51.126969466266196],[13.742512575212121,51.126979620507875],[13.742535251300833,51.12709815514409],[13.742671279643886,51.127087909287425]]]}},{"type":"Feature","id":"UUID_78d08461-0bac-4a13-8f15-43312523b96a","properties":{"id":"UUID_78d08461-0bac-4a13-8f15-43312523b96a","height_m":14.948,"ground_m":200.262,"height_source":"LoD1 solid top minus bottom","production":"2023","laser":"2019","footprints":"2021"},"geometry":{"type":"Polygon","coordinates":[[[13.742648757924306,51.126969466266196],[13.742648782591809,51.126969610415614],[13.742835804863754,51.126955524210736],[13.742809159975431,51.12681576001684],[13.741798297527223,51.126891847566974],[13.74181039678256,51.12695672564089],[13.74181628097869,51.126987364344664],[13.74182467320705,51.12703088968327],[13.742512474590551,51.12697911583117],[13.742512575212121,51.126979620507875],[13.742648757924306,51.126969466266196]]]}},{"type":"Feature","id":"DESNATPU1000D3Qa","properties":{"id":"DESNATPU1000D3Qa","height_m":4.865,"ground_m":212.176,"height_source":"LoD1 solid top minus bottom","production":"2023","laser":"2019","footprints":"2021"},"geometry":{"type":"Polygon","coordinates":[[[13.720134576430652,51.12072358915923],[13.720060010558154,51.120672089604064],[13.719783914704283,51.12084330226855],[13.71986609892731,51.1208942019532],[13.720134576430652,51.12072358915923]]]}},{"type":"Feature","id":"DESNATPU1000G6cL","properties":{"id":"DESNATPU1000G6cL","height_m":2.396,"ground_m":202.188,"height_source":"LoD1 solid top minus bottom","production":"2023","laser":"2019","footprints":"2021"},"geometry":{"type":"Polygon","coordinates":[[[13.724327931073587,51.123178112247736],[13.724296182000625,51.12311420489752],[13.724245461394778,51.123123246822274],[13.724276925920474,51.12318555036703],[13.724327931073587,51.123178112247736]]]}},{"type":"Feature","id":"DESNATPU1000H6dA","properties":{"id":"DESNATPU1000H6dA","height_m":3.737,"ground_m":202.12,"height_source":"LoD1 solid top minus bottom","production":"2023","laser":"2019","footprints":"2021"},"geometry":{"type":"Polygon","coordinates":[[[13.732372148539572,51.12220381853935],[13.732411992221527,51.12230910624331],[13.732508784383272,51.12229154044491],[13.732496626436246,51.12226586917143],[13.732463921244344,51.122197349404765],[13.73245932262685,51.12218785714009],[13.732372148539572,51.12220381853935]]]}},{"type":"Feature","id":"DESNATPU1000B2Bo","properties":{"id":"DESNATPU1000B2Bo","height_m":2.792,"ground_m":202.915,"height_source":"LoD1 solid top minus bottom","production":"2023","laser":"2019","footprints":"2021"},"geometry":{"type":"Polygon","coordinates":[[[13.723897890203057,51.12306571329914],[13.72390942566545,51.123084768993465],[13.723914898071017,51.123093605669496],[13.72396281858671,51.1230824649915],[13.72394658689834,51.12305388865446],[13.723897890203057,51.12306571329914]]]}},{"type":"Feature","id":"DESNATP17K0001ZB","properties":{"id":"DESNATP17K0001ZB","height_m":3.264,"ground_m":211.952,"height_source":"LoD1 solid top minus bottom","production":"2023","laser":"2019","footprints":"2021"},"geometry":{"type":"Polygon","coordinates":[[[13.716412483266996,51.120918300811184],[13.71642219198301,51.120936114192105],[13.716512352894974,51.12091664530547],[13.716502643898941,51.120898840921825],[13.716412483266996,51.120918300811184]]]}},{"type":"Feature","id":"DESNATPU1000CDlc","properties":{"id":"DESNATPU1000CDlc","height_m":10.284,"ground_m":208.663,"height_source":"LoD1 solid top minus bottom","production":"2023","laser":"2019","footprints":"2021"},"geometry":{"type":"Polygon","coordinates":[[[13.719309707585104,51.12176547248261],[13.719505480713558,51.1217160609318],[13.719466748892826,51.12165535812358],[13.719271017593977,51.12170481503131],[13.719309707585104,51.12176547248261]]]}},{"type":"Feature","id":"UUID_aa924869-5b91-44f7-8d6a-c8a987d1699b","properties":{"id":"UUID_aa924869-5b91-44f7-8d6a-c8a987d1699b","height_m":4.969,"ground_m":213.856,"height_source":"LoD1 solid top minus bottom","production":"2023","laser":"2019","footprints":"2021"},"geometry":{"type":"Polygon","coordinates":[[[13.714393223820029,51.120588617201435],[13.714414904099176,51.1206224526417],[13.714414990555825,51.120622426613906],[13.714416629849833,51.12062514247495],[13.714460969555507,51.1206137864626],[13.714498084939859,51.120604275466775],[13.714428104894237,51.120494873160524],[13.7144252280051,51.120495560953486],[13.714412081248106,51.12047500277141],[13.714377702988328,51.12048371649785],[13.714333222538205,51.12049499898857],[13.714393137612989,51.12058863423918],[13.714393223820029,51.120588617201435]]]}},{"type":"Feature","id":"UUID_6914253f-b477-4a8a-929e-c3b0922e0eae","properties":{"id":"UUID_6914253f-b477-4a8a-929e-c3b0922e0eae","height_m":2.399,"ground_m":213.856,"height_source":"LoD1 solid top minus bottom","production":"2023","laser":"2019","footprints":"2021"},"geometry":{"type":"Polygon","coordinates":[[[13.714414904099176,51.1206224526417],[13.714406398919719,51.12060918468958],[13.714393223820029,51.120588617201435],[13.714393137612989,51.12058863423918],[13.714393206291135,51.12058873391501],[13.71436226967761,51.120596487277766],[13.71431096402887,51.12060964615152],[13.71432417315756,51.12063001618173],[13.714332709382102,51.12064319455331],[13.714383627878808,51.120630085369996],[13.714414904099176,51.1206224526417]]]}},{"type":"Feature","id":"DESNATPU1000GG5c","properties":{"id":"DESNATPU1000GG5c","height_m":4.786,"ground_m":194.864,"height_source":"LoD1 solid top minus bottom","production":"2023","laser":"2019","footprints":"2021"},"geometry":{"type":"Polygon","coordinates":[[[13.734540379791481,51.12999975408293],[13.735093347266597,51.13008398289048],[13.735137018777301,51.129970633884724],[13.734583731816674,51.129886114051665],[13.734540379791481,51.12999975408293]]]}},{"type":"Feature","id":"DESNATPU1000CM1u","properties":{"id":"DESNATPU1000CM1u","height_m":7.794,"ground_m":203.557,"height_source":"LoD1 solid top minus bottom","production":"2023","laser":"2019","footprints":"2021"},"geometry":{"type":"Polygon","coordinates":[[[13.732881449505888,51.123666806705224],[13.732882482826886,51.12369745628182],[13.732881867253212,51.12388915755128],[13.732899279117143,51.12388839299923],[13.733008175590767,51.12388815212777],[13.733009777612597,51.12366403360752],[13.732881449505888,51.123666806705224]]]}},{"type":"Feature","id":"DESNATPU1000Fsmu","properties":{"id":"DESNATPU1000Fsmu","height_m":3.117,"ground_m":201.097,"height_source":"LoD1 solid top minus bottom","production":"2023","laser":"2019","footprints":"2021"},"geometry":{"type":"Polygon","coordinates":[[[13.731360813571147,51.12448573815873],[13.731376077455542,51.124538871196975],[13.731460512414586,51.1245291757543],[13.731445105576622,51.12447604117648],[13.731360813571147,51.12448573815873]]]}},{"type":"Feature","id":"DESNATPU1000HjRN","properties":{"id":"DESNATPU1000HjRN","height_m":5.726,"ground_m":200.368,"height_source":"LoD1 solid top minus bottom","production":"2023","laser":"2019","footprints":"2021"},"geometry":{"type":"Polygon","coordinates":[[[13.723455613817041,51.124185190113025],[13.72358649051184,51.1242611150172],[13.723684040907242,51.1241945361464],[13.72355316423675,51.12411861135076],[13.723455613817041,51.124185190113025]]]}},{"type":"Feature","id":"DESNATPU1000ETt7","properties":{"id":"DESNATPU1000ETt7","height_m":4.417,"ground_m":203.45,"height_source":"LoD1 solid top minus bottom","production":"2023","laser":"2019","footprints":"2021"},"geometry":{"type":"Polygon","coordinates":[[[13.714910978394716,51.127344276112844],[13.714851297044525,51.12725989740936],[13.714737944756944,51.127291655071424],[13.714797911674406,51.127376036971626],[13.714910978394716,51.127344276112844]]]}},{"type":"Feature","id":"DESNATPU1000GODd","properties":{"id":"DESNATPU1000GODd","height_m":8.935,"ground_m":198.012,"height_source":"LoD1 solid top minus bottom","production":"2023","laser":"2019","footprints":"2021"},"geometry":{"type":"Polygon","coordinates":[[[13.724196452197184,51.12469726685156],[13.724428493285572,51.124833341107525],[13.72453811811693,51.124754860909334],[13.724497475433544,51.124731036357964],[13.724470056074972,51.12471482004366],[13.724301316458781,51.12461522774854],[13.724196452197184,51.12469726685156]]]}},{"type":"Feature","id":"UUID_477d5258-dfda-4fe9-8425-64826fb95ab1","properties":{"id":"UUID_477d5258-dfda-4fe9-8425-64826fb95ab1","height_m":9.187,"ground_m":206.634,"height_source":"LoD1 solid top minus bottom","production":"2023","laser":"2019","footprints":"2021"},"geometry":{"type":"Polygon","coordinates":[[[13.73611913252157,51.12084374585895],[13.736170842095031,51.1208223713992],[13.736148836310017,51.12080145016254],[13.736149183316915,51.12080130103608],[13.73611606892973,51.12076908170244],[13.736116285655616,51.120768994117284],[13.736093171482965,51.120746801900594],[13.736041101158158,51.12076830731809],[13.735989840060018,51.12078947973489],[13.73606823217617,51.1208647873178],[13.73611913252157,51.12084374585895]]]}},{"type":"Feature","id":"UUID_f8543dfd-2fd7-4a92-80cf-f480eefc89dd","properties":{"id":"UUID_f8543dfd-2fd7-4a92-80cf-f480eefc89dd","height_m":8.186,"ground_m":206.634,"height_source":"LoD1 solid top minus bottom","production":"2023","laser":"2019","footprints":"2021"},"geometry":{"type":"Polygon","coordinates":[[[13.736146639538312,51.12075628268613],[13.736116285655616,51.120768994117284],[13.73611606892973,51.12076908170244],[13.736132048385281,51.120784632070084],[13.736149183316915,51.12080130103608],[13.736180054655495,51.120788478283266],[13.736171842493553,51.12078047587947],[13.736189616462616,51.120773203986104],[13.736180496886096,51.12076441839649],[13.736172630563706,51.120756833398374],[13.736154711296704,51.12076419364642],[13.736146639538312,51.12075628268613]]]}},{"type":"Feature","id":"DESNATP1bN0000MT","properties":{"id":"DESNATP1bN0000MT","height_m":2.718,"ground_m":214.25,"height_source":"LoD1 solid top minus bottom","production":"2023","laser":"2019","footprints":"2021"},"geometry":{"type":"Polygon","coordinates":[[[13.720783163699938,51.12083920261584],[13.720810793520256,51.12082801210807],[13.720790185938885,51.12080741799788],[13.720762057152706,51.12081856707076],[13.720783163699938,51.12083920261584]]]}},{"type":"Feature","id":"UUID_653d6390-d026-432c-9c9b-582bbb53f8cf","properties":{"id":"UUID_653d6390-d026-432c-9c9b-582bbb53f8cf","height_m":7.003,"ground_m":210.402,"height_source":"LoD1 solid top minus bottom","production":"2023","laser":"2019","footprints":"2021"},"geometry":{"type":"Polygon","coordinates":[[[13.722362866645499,51.12206719980275],[13.72238023021794,51.12208940386054],[13.722424181900037,51.12207603520221],[13.722424043760673,51.12207586283],[13.72247416997584,51.12206036737713],[13.722474197802143,51.12206039465949],[13.722570761394014,51.12203051446588],[13.72255406161517,51.122009109053316],[13.722553495515378,51.122008392438794],[13.722532528208635,51.12198162566516],[13.722341859296398,51.12204033363672],[13.722362866645499,51.12206719980275]]]}},{"type":"Feature","id":"UUID_5b24ddcf-160d-4118-b8e8-26525fc3647f","properties":{"id":"UUID_5b24ddcf-160d-4118-b8e8-26525fc3647f","height_m":6.119,"ground_m":210.402,"height_source":"LoD1 solid top minus bottom","production":"2023","laser":"2019","footprints":"2021"},"geometry":{"type":"Polygon","coordinates":[[[13.722424181900037,51.12207603520221],[13.722437702698043,51.12209353900293],[13.722488001837887,51.122077991476786],[13.722474197802143,51.12206039465949],[13.72247416997584,51.12206036737713],[13.722424043760673,51.12207586283],[13.722424181900037,51.12207603520221]]]}},{"type":"Feature","id":"DESNATPU1000Ezbc","properties":{"id":"DESNATPU1000Ezbc","height_m":4.98,"ground_m":209.907,"height_source":"LoD1 solid top minus bottom","production":"2023","laser":"2019","footprints":"2021"},"geometry":{"type":"Polygon","coordinates":[[[13.72144272568003,51.12272450562946],[13.72142525117631,51.122713055589735],[13.721382539502201,51.12273892840992],[13.721447953641848,51.12278254826024],[13.721483708239319,51.12276177919041],[13.721487469205691,51.122759608088394],[13.721438671312942,51.12272695229815],[13.72144272568003,51.12272450562946]]]}},{"type":"Feature","id":"DESNATPU1000DfNe","properties":{"id":"DESNATPU1000DfNe","height_m":4.268,"ground_m":198.393,"height_source":"LoD1 solid top minus bottom","production":"2023","laser":"2019","footprints":"2021"},"geometry":{"type":"Polygon","coordinates":[[[13.725462717555923,51.12401540353965],[13.725450833858725,51.12397937483611],[13.725321070469796,51.12399634157773],[13.725332982394004,51.1240323795952],[13.725462717555923,51.12401540353965]]]}},{"type":"Feature","id":"DESNATP17K0001ZE","properties":{"id":"DESNATP17K0001ZE","height_m":7.982,"ground_m":200.467,"height_source":"LoD1 solid top minus bottom","production":"2023","laser":"2019","footprints":"2021"},"geometry":{"type":"Polygon","coordinates":[[[13.723903760749863,51.12402411097681],[13.724031270424007,51.12393700451152],[13.723959725453438,51.123895846197144],[13.723832558123423,51.123982974306934],[13.723903760749863,51.12402411097681]]]}},{"type":"Feature","id":"DESNATPU1000DFuF","properties":{"id":"DESNATPU1000DFuF","height_m":7.381,"ground_m":200.187,"height_source":"LoD1 solid top minus bottom","production":"2023","laser":"2019","footprints":"2021"},"geometry":{"type":"Polygon","coordinates":[[[13.72468900326798,51.12365765202973],[13.724523373562493,51.12371868700217],[13.724573740782276,51.12377282436921],[13.724739384655674,51.1237117984728],[13.72468900326798,51.12365765202973]]]}},{"type":"Feature","id":"DESNATPU1000BQE1","properties":{"id":"DESNATPU1000BQE1","height_m":4.489,"ground_m":205.376,"height_source":"LoD1 solid top minus bottom","production":"2023","laser":"2019","footprints":"2021"},"geometry":{"type":"Polygon","coordinates":[[[13.734523421198935,51.123273564728606],[13.734451988193817,51.12328918544939],[13.73447493125134,51.12333072857459],[13.734500489190747,51.12337698522942],[13.734571390800015,51.123361466641256],[13.734598100779797,51.123355631617116],[13.734737474570633,51.123325116551065],[13.734711930215601,51.12327887808097],[13.73468900100944,51.1232373441453],[13.734549355043956,51.12326789217866],[13.734523421198935,51.123273564728606]]]}},{"type":"Feature","id":"UUID_81446816-8810-4395-a418-39a606de6638","properties":{"id":"UUID_81446816-8810-4395-a418-39a606de6638","height_m":8.483,"ground_m":211.634,"height_source":"LoD1 solid top minus bottom","production":"2023","laser":"2019","footprints":"2021"},"geometry":{"type":"Polygon","coordinates":[[[13.72282650597359,51.12127742870499],[13.722788150012917,51.12122160520266],[13.722697589372798,51.12124631734757],[13.722700488190537,51.12125053065849],[13.72273240205432,51.12129694031648],[13.722735960024515,51.12130212305464],[13.72282650597359,51.12127742870499]]]}},{"type":"Feature","id":"UUID_ccf83bd7-8046-4138-9741-ff9edd9ace7f","properties":{"id":"UUID_ccf83bd7-8046-4138-9741-ff9edd9ace7f","height_m":6.527,"ground_m":211.634,"height_source":"LoD1 solid top minus bottom","production":"2023","laser":"2019","footprints":"2021"},"geometry":{"type":"Polygon","coordinates":[[[13.722487938804509,51.12130741711322],[13.722510391577543,51.12133989256099],[13.722541520110036,51.12133136576343],[13.722541635133414,51.12133134004173],[13.722519225941115,51.121298838097765],[13.722487938804509,51.12130741711322]]]}},{"type":"Feature","id":"UUID_44c5dbaf-1223-4a2f-a19d-c0a69fc813eb","properties":{"id":"UUID_44c5dbaf-1223-4a2f-a19d-c0a69fc813eb","height_m":12.876,"ground_m":211.634,"height_source":"LoD1 solid top minus bottom","production":"2023","laser":"2019","footprints":"2021"},"geometry":{"type":"Polygon","coordinates":[[[13.722664392518768,51.12126041510391],[13.722664666163631,51.12126033715818],[13.722605097289804,51.121174236967306],[13.722460613188732,51.12121382741309],[13.72251939860007,51.121298795020195],[13.722519225941115,51.121298838097765],[13.722541635133414,51.12133134004173],[13.722541520110036,51.12133136576343],[13.722600041840863,51.12141606066294],[13.722744309210416,51.12137657559014],[13.722696133941957,51.12130685885921],[13.722696306848736,51.12130680679131],[13.722664392518768,51.12126041510391]]]}},{"type":"Feature","id":"UUID_7ccbff65-cb99-4d73-84ef-1dde7487c9c2","properties":{"id":"UUID_7ccbff65-cb99-4d73-84ef-1dde7487c9c2","height_m":11.827,"ground_m":211.634,"height_source":"LoD1 solid top minus bottom","production":"2023","laser":"2019","footprints":"2021"},"geometry":{"type":"Polygon","coordinates":[[[13.722696306848736,51.12130680679131],[13.72273240205432,51.12129694031648],[13.722700488190537,51.12125053065849],[13.722664392518768,51.12126041510391],[13.722696306848736,51.12130680679131]]]}},{"type":"Feature","id":"DESNATPU1000HoFo","properties":{"id":"DESNATPU1000HoFo","height_m":3.13,"ground_m":204.796,"height_source":"LoD1 solid top minus bottom","production":"2023","laser":"2019","footprints":"2021"},"geometry":{"type":"Polygon","coordinates":[[[13.73331370884821,51.120928145107925],[13.733326057015471,51.12094216372318],[13.733371264316837,51.12099348961005],[13.733465795466564,51.12110080820553],[13.733535816814369,51.121079219585226],[13.733396304363293,51.12091178269874],[13.733328463742488,51.12092522042458],[13.73331370884821,51.120928145107925]]]}},{"type":"Feature","id":"UUID_d01b7165-f46c-4295-957f-df37b920801a","properties":{"id":"UUID_d01b7165-f46c-4295-957f-df37b920801a","height_m":7.59,"ground_m":210.764,"height_source":"LoD1 solid top minus bottom","production":"2023","laser":"2019","footprints":"2021"},"geometry":{"type":"Polygon","coordinates":[[[13.721857969273973,51.12302892766949],[13.721752858198558,51.12295939754942],[13.721686830738028,51.12291571721131],[13.721602483841625,51.12296625177634],[13.721596163211242,51.12297004057625],[13.721604330409411,51.122975453596126],[13.721705074952705,51.123042166337676],[13.721785527764396,51.12309543778378],[13.72187636724153,51.12304109816698],[13.721857969273973,51.12302892766949]]]}},{"type":"Feature","id":"UUID_c4775026-6635-491d-b563-3beea8b357a6","properties":{"id":"UUID_c4775026-6635-491d-b563-3beea8b357a6","height_m":3.269,"ground_m":210.764,"height_source":"LoD1 solid top minus bottom","production":"2023","laser":"2019","footprints":"2021"},"geometry":{"type":"Polygon","coordinates":[[[13.721604330409411,51.122975453596126],[13.721569064461535,51.12299456438029],[13.721671583541104,51.12306273539731],[13.721705074952705,51.123042166337676],[13.721604330409411,51.122975453596126]]]}},{"type":"Feature","id":"DESNATPU1000IBsD","properties":{"id":"DESNATPU1000IBsD","height_m":7.822,"ground_m":201.495,"height_source":"LoD1 solid top minus bottom","production":"2023","laser":"2019","footprints":"2021"},"geometry":{"type":"Polygon","coordinates":[[[13.731287279100865,51.12103585104431],[13.73125189195692,51.120919280376626],[13.731138778081238,51.120932891046145],[13.731174307798538,51.121049463295954],[13.731287279100865,51.12103585104431]]]}},{"type":"Feature","id":"DESNATPU1000Boqp","properties":{"id":"DESNATPU1000Boqp","height_m":6.451,"ground_m":211.469,"height_source":"LoD1 solid top minus bottom","production":"2023","laser":"2019","footprints":"2021"},"geometry":{"type":"Polygon","coordinates":[[[13.720060017396735,51.12213139406258],[13.719964333951985,51.12216348505621],[13.719944905953316,51.12216999897716],[13.720076867810862,51.1223137903209],[13.720198915785684,51.12226980257725],[13.720100498746147,51.122155722014206],[13.72007513285477,51.12212632571914],[13.720060017396735,51.12213139406258]]]}},{"type":"Feature","id":"DESNATPU1000BQ0k","properties":{"id":"DESNATPU1000BQ0k","height_m":7.113,"ground_m":213.665,"height_source":"LoD1 solid top minus bottom","production":"2023","laser":"2019","footprints":"2021"},"geometry":{"type":"Polygon","coordinates":[[[13.71569066062482,51.12097114796524],[13.715706693882703,51.121000487688214],[13.715790028058633,51.1209824551633],[13.715795290528636,51.12099209927468],[13.71582580957724,51.12098549202423],[13.7158205468523,51.12097585690422],[13.715888686461485,51.12096110166978],[13.715872653101034,51.12093176197083],[13.715854512063771,51.120898559200796],[13.715672519454316,51.120937954158066],[13.71569066062482,51.12097114796524]]]}},{"type":"Feature","id":"DESNATPU1000DAUG","properties":{"id":"DESNATPU1000DAUG","height_m":2.546,"ground_m":213.959,"height_source":"LoD1 solid top minus bottom","production":"2023","laser":"2019","footprints":"2021"},"geometry":{"type":"Polygon","coordinates":[[[13.720538143160816,51.120937160052534],[13.720479939220276,51.12089749445794],[13.72041720061891,51.120934038040616],[13.720475261702447,51.12097370210295],[13.720538143160816,51.120937160052534]]]}},{"type":"Feature","id":"DESNATP1bN0000Mo","properties":{"id":"DESNATP1bN0000Mo","height_m":2.962,"ground_m":209.306,"height_source":"LoD1 solid top minus bottom","production":"2023","laser":"2019","footprints":"2021"},"geometry":{"type":"Polygon","coordinates":[[[13.718637567366153,51.120584235228655],[13.718592651000844,51.1206123400665],[13.71863850101972,51.12064138563788],[13.718683445955381,51.12061328109563],[13.718637567366153,51.120584235228655]]]}},{"type":"Feature","id":"DESNATP1bN0000Mc","properties":{"id":"DESNATP1bN0000Mc","height_m":7.588,"ground_m":204.084,"height_source":"LoD1 solid top minus bottom","production":"2023","laser":"2019","footprints":"2021"},"geometry":{"type":"Polygon","coordinates":[[[13.7236863048888,51.12283798194497],[13.723679313366336,51.12282619702926],[13.723617084746994,51.12284164182657],[13.723610077135474,51.12283044126185],[13.723570596014413,51.122840244069344],[13.723577617903185,51.122851444792296],[13.723521345254863,51.12286543477491],[13.723464054343658,51.12287955749854],[13.723492438363078,51.122924489548666],[13.723548777489276,51.12290964599127],[13.723605005344945,51.12289572744868],[13.72365491751819,51.12288334964839],[13.723661780720725,51.122881643992706],[13.723705778944165,51.12287074837571],[13.7236863048888,51.12283798194497]]]}},{"type":"Feature","id":"DESNATP1bN0000MH","properties":{"id":"DESNATP1bN0000MH","height_m":2.384,"ground_m":214.414,"height_source":"LoD1 solid top minus bottom","production":"2023","laser":"2019","footprints":"2021"},"geometry":{"type":"Polygon","coordinates":[[[13.721748944844999,51.12119448494309],[13.721719381074873,51.12120481820056],[13.721740233359172,51.12123002811728],[13.721808015530724,51.121208493964176],[13.721787472240319,51.12118244211555],[13.721762738550959,51.12119017531275],[13.721748944844999,51.12119448494309]]]}},{"type":"Feature","id":"DESNATP1bN0000Of","properties":{"id":"DESNATP1bN0000Of","height_m":6.03,"ground_m":205.287,"height_source":"LoD1 solid top minus bottom","production":"2023","laser":"2019","footprints":"2021"},"geometry":{"type":"Polygon","coordinates":[[[13.714977259938705,51.12845190788261],[13.714820019750848,51.12823175419236],[13.714611990734058,51.12828800164507],[13.714766893643256,51.12851098063818],[13.714977259938705,51.12845190788261]]]}},{"type":"Feature","id":"DESNATPU1000DaS5","properties":{"id":"DESNATPU1000DaS5","height_m":4.088,"ground_m":210.914,"height_source":"LoD1 solid top minus bottom","production":"2023","laser":"2019","footprints":"2021"},"geometry":{"type":"Polygon","coordinates":[[[13.722532528208635,51.12198162566516],[13.72255406161517,51.122009109053316],[13.722710578370148,51.12196594490236],[13.72268335412491,51.12193237421226],[13.722532528208635,51.12198162566516]]]}},{"type":"Feature","id":"DESNATP1bN0000Mk","properties":{"id":"DESNATP1bN0000Mk","height_m":2.876,"ground_m":209.406,"height_source":"LoD1 solid top minus bottom","production":"2023","laser":"2019","footprints":"2021"},"geometry":{"type":"Polygon","coordinates":[[[13.718761668219315,51.12062397635623],[13.718802882995819,51.1206501293506],[13.71886569607872,51.120610925579975],[13.718870479548437,51.12060794742106],[13.718829265019137,51.12058178546026],[13.718761668219315,51.12062397635623]]]}},{"type":"Feature","id":"DESNATP1bN0000MA","properties":{"id":"DESNATP1bN0000MA","height_m":3.444,"ground_m":199.757,"height_source":"LoD1 solid top minus bottom","production":"2023","laser":"2019","footprints":"2021"},"geometry":{"type":"Polygon","coordinates":[[[13.723998960974834,51.12429482534773],[13.724056817192567,51.12425609529152],[13.723967043656744,51.12419967517012],[13.72390819023613,51.124237773797816],[13.723998960974834,51.12429482534773]]]}},{"type":"Feature","id":"DESNATPU1000J9Pf","properties":{"id":"DESNATPU1000J9Pf","height_m":3.869,"ground_m":209.786,"height_source":"LoD1 solid top minus bottom","production":"2023","laser":"2019","footprints":"2021"},"geometry":{"type":"Polygon","coordinates":[[[13.719009484486616,51.12200529481008],[13.719030909133888,51.1220505833799],[13.719183424841704,51.12202201136931],[13.719155550735882,51.12197792915578],[13.719009484486616,51.12200529481008]]]}},{"type":"Feature","id":"DESNATPU1000FxVD","properties":{"id":"DESNATPU1000FxVD","height_m":5.064,"ground_m":213.898,"height_source":"LoD1 solid top minus bottom","production":"2023","laser":"2019","footprints":"2021"},"geometry":{"type":"Polygon","coordinates":[[[13.715563937530042,51.1209446121555],[13.715642478080166,51.1209288831893],[13.715623106988717,51.120890576952256],[13.715544566248115,51.120906314895976],[13.715563937530042,51.1209446121555]]]}},{"type":"Feature","id":"DESNATP1bN0000MY","properties":{"id":"DESNATP1bN0000MY","height_m":3.928,"ground_m":204.096,"height_source":"LoD1 solid top minus bottom","production":"2023","laser":"2019","footprints":"2021"},"geometry":{"type":"Polygon","coordinates":[[[13.7236863048888,51.12283798194497],[13.723705778944165,51.12287074837571],[13.723799220789136,51.12285047335541],[13.723875928484828,51.1228328213797],[13.723856303461758,51.12279930692902],[13.7236863048888,51.12283798194497]]]}},{"type":"Feature","id":"DESNATPU1000HR2b","properties":{"id":"DESNATPU1000HR2b","height_m":3.833,"ground_m":201.296,"height_source":"LoD1 solid top minus bottom","production":"2023","laser":"2019","footprints":"2021"},"geometry":{"type":"Polygon","coordinates":[[[13.724771785235903,51.12330633466708],[13.72479644737358,51.12336038045101],[13.724863850191012,51.123346457274494],[13.724910808008264,51.12332772479653],[13.72489154135887,51.1232801227479],[13.724771785235903,51.12330633466708]]]}},{"type":"Feature","id":"DESNATP1bN0000Mz","properties":{"id":"DESNATP1bN0000Mz","height_m":3.51,"ground_m":209.368,"height_source":"LoD1 solid top minus bottom","production":"2023","laser":"2019","footprints":"2021"},"geometry":{"type":"Polygon","coordinates":[[[13.718717773365873,51.12053407108011],[13.718763652205553,51.120563107925804],[13.718759871537024,51.12056547656623],[13.71876363715453,51.12056778401085],[13.718879568565317,51.120499944696924],[13.71887526861561,51.120496291476094],[13.718830271081533,51.1204669046188],[13.718717773365873,51.12053407108011]]]}},{"type":"Feature","id":"DESNATP1bN0000N1","properties":{"id":"DESNATP1bN0000N1","height_m":2.404,"ground_m":209.476,"height_source":"LoD1 solid top minus bottom","production":"2023","laser":"2019","footprints":"2021"},"geometry":{"type":"Polygon","coordinates":[[[13.719289236225302,51.121059970974606],[13.719239674968852,51.12102920336164],[13.719188647243634,51.121062313418335],[13.719241486349482,51.12109132739173],[13.719289236225302,51.121059970974606]]]}},{"type":"Feature","id":"DESNATP1bN0000Mh","properties":{"id":"DESNATP1bN0000Mh","height_m":2.573,"ground_m":210.041,"height_source":"LoD1 solid top minus bottom","production":"2023","laser":"2019","footprints":"2021"},"geometry":{"type":"Polygon","coordinates":[[[13.719107806388246,51.12061309243792],[13.719171215380989,51.12065256394174],[13.719222849942133,51.12061971233723],[13.719159426664676,51.12058024070472],[13.719125173104635,51.1206020416967],[13.719107806388246,51.12061309243792]]]}},{"type":"Feature","id":"DESNATPU1000EjNr","properties":{"id":"DESNATPU1000EjNr","height_m":7.973,"ground_m":205.773,"height_source":"LoD1 solid top minus bottom","production":"2023","laser":"2019","footprints":"2021"},"geometry":{"type":"Polygon","coordinates":[[[13.737496505161843,51.121444720843684],[13.73751905186845,51.12147571057462],[13.737572110558562,51.121460411192615],[13.737580429458896,51.12147184988756],[13.737608931899834,51.12146363246106],[13.737600612748802,51.121452202758206],[13.737648673551398,51.121438351175904],[13.73762636741547,51.1214074450022],[13.737603413928571,51.1213756505432],[13.737473325391708,51.121412842980895],[13.737496505161843,51.121444720843684]]]}},{"type":"Feature","id":"DESNATPU1000ICV4","properties":{"id":"DESNATPU1000ICV4","height_m":3.777,"ground_m":209.875,"height_source":"LoD1 solid top minus bottom","production":"2023","laser":"2019","footprints":"2021"},"geometry":{"type":"Polygon","coordinates":[[[13.721052301576485,51.12233185556384],[13.721033002309854,51.122314567173554],[13.720912657307098,51.1223678010105],[13.72093194251333,51.122385080274],[13.721052301576485,51.12233185556384]]]}},{"type":"Feature","id":"DESNATPU1000JN6v","properties":{"id":"DESNATPU1000JN6v","height_m":4.281,"ground_m":204.151,"height_source":"LoD1 solid top minus bottom","production":"2023","laser":"2019","footprints":"2021"},"geometry":{"type":"Polygon","coordinates":[[[13.733727024118021,51.12245141172321],[13.733666397751126,51.122452823500794],[13.733661778413408,51.12238137084269],[13.733075069172843,51.12239632822967],[13.733088884952581,51.12260690885701],[13.73366432520305,51.12259184733534],[13.733735381034492,51.12258999095022],[13.733727024118021,51.12245141172321]]]}},{"type":"Feature","id":"DESNATP1bN0000Lp","properties":{"id":"DESNATP1bN0000Lp","height_m":2.581,"ground_m":211.121,"height_source":"LoD1 solid top minus bottom","production":"2023","laser":"2019","footprints":"2021"},"geometry":{"type":"Polygon","coordinates":[[[13.716512623253927,51.12052947269903],[13.716523888961136,51.12055194344326],[13.716554722462519,51.120545834058646],[13.716543456990866,51.12052335432725],[13.716512623253927,51.12052947269903]]]}},{"type":"Feature","id":"DESNATPU1000HXT2","properties":{"id":"DESNATPU1000HXT2","height_m":6.888,"ground_m":201.117,"height_source":"LoD1 solid top minus bottom","production":"2023","laser":"2019","footprints":"2021"},"geometry":{"type":"Polygon","coordinates":[[[13.723429033109593,51.12388457705002],[13.723501367963088,51.12393024070403],[13.723543975162675,51.12390867351618],[13.723573870377551,51.123902435129786],[13.723715666207067,51.12381288604083],[13.723651776463782,51.12375634350939],[13.723661038238356,51.123752128070976],[13.72364926375305,51.12374381611765],[13.723429033109593,51.12388457705002]]]}},{"type":"Feature","id":"DESNATPU1000Bdh2","properties":{"id":"DESNATPU1000Bdh2","height_m":7.706,"ground_m":200.825,"height_source":"LoD1 solid top minus bottom","production":"2023","laser":"2019","footprints":"2021"},"geometry":{"type":"Polygon","coordinates":[[[13.724602025407751,51.12356200040418],[13.72460366215231,51.12356846607973],[13.724644299058868,51.12356237156153],[13.724637293378063,51.12354382398112],[13.724626822772056,51.1235161828787],[13.724612567920373,51.1234785904562],[13.724486036612467,51.123497578925566],[13.72450030540472,51.12353518050859],[13.724515413052586,51.12357501245646],[13.724552692529398,51.123569411920926],[13.724602025407751,51.12356200040418]]]}},{"type":"Feature","id":"DESNATP1bN0000M1","properties":{"id":"DESNATP1bN0000M1","height_m":7.083,"ground_m":209.817,"height_source":"LoD1 solid top minus bottom","production":"2023","laser":"2019","footprints":"2021"},"geometry":{"type":"Polygon","coordinates":[[[13.718550282926548,51.12132451822333],[13.718454173565954,51.121340524211],[13.718490623071581,51.12142736236864],[13.718586747383313,51.12141133852887],[13.718550282926548,51.12132451822333]]]}},{"type":"Feature","id":"DESNATPU1000HMYK","properties":{"id":"DESNATPU1000HMYK","height_m":5.372,"ground_m":211.217,"height_source":"LoD1 solid top minus bottom","production":"2023","laser":"2019","footprints":"2021"},"geometry":{"type":"Polygon","coordinates":[[[13.72338254002343,51.12197885876882],[13.723228060263558,51.12201035544168],[13.723279326850463,51.12211001568867],[13.72343380691035,51.1220785189507],[13.72338254002343,51.12197885876882]]]}},{"type":"Feature","id":"DESNATPU1000F31S","properties":{"id":"DESNATPU1000F31S","height_m":2.955,"ground_m":198.228,"height_source":"LoD1 solid top minus bottom","production":"2023","laser":"2019","footprints":"2021"},"geometry":{"type":"Polygon","coordinates":[[[13.724687871352746,51.12457358118418],[13.724750817670635,51.12461257692663],[13.724786028422374,51.1245897595615],[13.724819367113136,51.124567461336966],[13.724754548772097,51.12452898478165],[13.724687871352746,51.12457358118418]]]}},{"type":"Feature","id":"DESNATPU1000IeIt","properties":{"id":"DESNATPU1000IeIt","height_m":7.606,"ground_m":210.516,"height_source":"LoD1 solid top minus bottom","production":"2023","laser":"2019","footprints":"2021"},"geometry":{"type":"Polygon","coordinates":[[[13.72119489127404,51.12274810832279],[13.721144907675656,51.12270302940026],[13.721092635537362,51.122725299359374],[13.721081776396561,51.12272991978473],[13.721039495799559,51.12274793750242],[13.721194185703633,51.12289940418511],[13.721248838079175,51.12287787963381],[13.721302609065809,51.12285670512986],[13.721260657646452,51.1228136385507],[13.72119489127404,51.12274810832279]]]}},{"type":"Feature","id":"DESNATP1bN0000NL","properties":{"id":"DESNATP1bN0000NL","height_m":2.251,"ground_m":206.845,"height_source":"LoD1 solid top minus bottom","production":"2023","laser":"2019","footprints":"2021"},"geometry":{"type":"Polygon","coordinates":[[[13.736228804868304,51.12067028257089],[13.736244590984326,51.12068349271215],[13.736248905014845,51.12068144402133],[13.73629311463954,51.12066051902237],[13.736277328517273,51.12064730888756],[13.736228804868304,51.12067028257089]]]}},{"type":"Feature","id":"DESNATPU1000J2Y6","properties":{"id":"DESNATPU1000J2Y6","height_m":3.461,"ground_m":209.515,"height_source":"LoD1 solid top minus bottom","production":"2023","laser":"2019","footprints":"2021"},"geometry":{"type":"Polygon","coordinates":[[[13.71922101143946,51.1218301303355],[13.719106991240253,51.121851498215634],[13.71912238107942,51.12188404083283],[13.719236415637265,51.121862673094796],[13.71922101143946,51.1218301303355]]]}},{"type":"Feature","id":"UUID_74f0ffb7-3ec0-4653-a30f-7a1c90d0ce5a","properties":{"id":"UUID_74f0ffb7-3ec0-4653-a30f-7a1c90d0ce5a","height_m":7.09,"ground_m":208.391,"height_source":"LoD1 solid top minus bottom","production":"2023","laser":"2019","footprints":"2021"},"geometry":{"type":"Polygon","coordinates":[[[13.717714541375114,51.12057645462763],[13.717715763440498,51.120575667671176],[13.717785851717387,51.12061951173271],[13.71785478812049,51.12057593321168],[13.717711326230148,51.120488209099044],[13.717642359954551,51.120532866343225],[13.717675731684812,51.12055067834165],[13.717673841074687,51.120551871634156],[13.717714541375114,51.12057645462763]]]}},{"type":"Feature","id":"UUID_89a4ee5c-9470-4471-acdc-b638cb6f3be1","properties":{"id":"UUID_89a4ee5c-9470-4471-acdc-b638cb6f3be1","height_m":4.854,"ground_m":208.391,"height_source":"LoD1 solid top minus bottom","production":"2023","laser":"2019","footprints":"2021"},"geometry":{"type":"Polygon","coordinates":[[[13.717696852356426,51.12058778040247],[13.717714541375114,51.12057645462763],[13.717673841074687,51.120551871634156],[13.717656680243293,51.12056269959933],[13.717696852356426,51.12058778040247]]]}},{"type":"Feature","id":"DESNATP1bN0000NJ","properties":{"id":"DESNATP1bN0000NJ","height_m":3.051,"ground_m":207.418,"height_source":"LoD1 solid top minus bottom","production":"2023","laser":"2019","footprints":"2021"},"geometry":{"type":"Polygon","coordinates":[[[13.736492458240475,51.12097485745339],[13.736414798377272,51.12101565479582],[13.736457279559401,51.1210518061832],[13.73654269902883,51.12101255848084],[13.736492458240475,51.12097485745339]]]}},{"type":"Feature","id":"DESNATP1bN0000Jy","properties":{"id":"DESNATP1bN0000Jy","height_m":9.029,"ground_m":198.716,"height_source":"LoD1 solid top minus bottom","production":"2023","laser":"2019","footprints":"2021"},"geometry":{"type":"Polygon","coordinates":[[[13.735093190116451,51.126367235401034],[13.735379178488586,51.1268831052684],[13.735724151536667,51.126807582341534],[13.735438376464483,51.12629110412294],[13.735093190116451,51.126367235401034]]]}},{"type":"Feature","id":"DESNATPU1000DXk2","properties":{"id":"DESNATPU1000DXk2","height_m":6.118,"ground_m":210.078,"height_source":"LoD1 solid top minus bottom","production":"2023","laser":"2019","footprints":"2021"},"geometry":{"type":"Polygon","coordinates":[[[13.72133738571688,51.12268556607376],[13.721287242199299,51.12264161855387],[13.721283119744356,51.12264342598498],[13.721218276528795,51.122671772537885],[13.721144907675656,51.12270302940026],[13.72119489127404,51.12274810832279],[13.72133738571688,51.12268556607376]]]}},{"type":"Feature","id":"DESNATPU1000Brin","properties":{"id":"DESNATPU1000Brin","height_m":5.819,"ground_m":196.619,"height_source":"LoD1 solid top minus bottom","production":"2023","laser":"2019","footprints":"2021"},"geometry":{"type":"Polygon","coordinates":[[[13.725941967818954,51.12450242340849],[13.725812189030574,51.12451574845605],[13.725813550214019,51.124523407149496],[13.725829528899222,51.12459135982895],[13.726141609128623,51.12455619005032],[13.726119304338319,51.124503123485134],[13.725946722058366,51.124521800688],[13.725941967818954,51.12450242340849]]]}},{"type":"Feature","id":"DESNATPU1000CQFA","properties":{"id":"DESNATPU1000CQFA","height_m":2.549,"ground_m":201.379,"height_source":"LoD1 solid top minus bottom","production":"2023","laser":"2019","footprints":"2021"},"geometry":{"type":"Polygon","coordinates":[[[13.724289634951543,51.1234052927188],[13.724307859024972,51.12340149874799],[13.724281164497583,51.12335692706164],[13.724265872031374,51.123360123518204],[13.724289634951543,51.1234052927188]]]}},{"type":"Feature","id":"DESNATP17K0001ZY","properties":{"id":"DESNATP17K0001ZY","height_m":3.724,"ground_m":205.191,"height_source":"LoD1 solid top minus bottom","production":"2023","laser":"2019","footprints":"2021"},"geometry":{"type":"Polygon","coordinates":[[[13.733753378248377,51.12369766389585],[13.73368485952828,51.12370701177538],[13.73373761792694,51.123851773233326],[13.733825205891137,51.12384272174111],[13.733798181896232,51.1237241471733],[13.733759738702132,51.123727399930445],[13.733753378248377,51.12369766389585]]]}},{"type":"Feature","id":"DESNATPU1000EDX6","properties":{"id":"DESNATPU1000EDX6","height_m":18.007,"ground_m":200.611,"height_source":"LoD1 solid top minus bottom","production":"2023","laser":"2019","footprints":"2021"},"geometry":{"type":"Polygon","coordinates":[[[13.716531000878991,51.1277134886526],[13.716539756132985,51.12772553615421],[13.716547937350917,51.12773096766164],[13.716561286516932,51.12773401884754],[13.716575316225189,51.12773262607546],[13.716586545043937,51.127727101852955],[13.7165920902631,51.12771884439364],[13.716591270931389,51.12771128146627],[13.716583113471916,51.12769932146468],[13.716670384726578,51.12767475777696],[13.716732103968543,51.12765738661108],[13.716953975012245,51.127594974350906],[13.716962688490998,51.12760698539125],[13.71697079905156,51.12761238911547],[13.716984076279854,51.127615457449416],[13.71699803350968,51.12761409980263],[13.717009274792778,51.12760863862596],[13.717014890360057,51.12760041788974],[13.717014115814349,51.12759278351459],[13.717006077380622,51.12758116657418],[13.717376956308252,51.12747663845902],[13.717385388871307,51.127488475523656],[13.717393512502845,51.12749392432579],[13.71740671804314,51.127497000818295],[13.717420644908893,51.12749570573763],[13.71743188586485,51.12749025350968],[13.717437529418262,51.12748205104586],[13.717436769589295,51.12747439884948],[13.717428772684244,51.12746282735764],[13.71780007559334,51.1273584014764],[13.717807499417015,51.12736899543869],[13.717814283358372,51.127374312615586],[13.717823737793942,51.12737763569876],[13.717834489851953,51.12737848200967],[13.717844970724736,51.12737673542573],[13.71785569021139,51.12737101664882],[13.717860734875837,51.12736276263421],[13.717859570468171,51.127355267874634],[13.71785105716214,51.12734376269182],[13.718172574340755,51.127253564868695],[13.718326584638904,51.12721036107955],[13.718228980609194,51.12707238515953],[13.718265695732795,51.12706200526644],[13.718272235331641,51.12705859674284],[13.71827931386577,51.12704914198578],[13.718276941988272,51.127038801269514],[13.71826612297114,51.127031083781645],[13.718250380054812,51.12702829431987],[13.718242412779347,51.12702907029409],[13.718205613699032,51.12703938631009],[13.717915072204468,51.12665404393183],[13.717971443123592,51.1266362177928],[13.717979615394759,51.12662648727579],[13.717977345005085,51.12661558111993],[13.717965365094981,51.12660747317862],[13.717948120113213,51.126605260730386],[13.717890576688236,51.12662156321516],[13.717619779726526,51.12626239870287],[13.718007576266787,51.1261539174628],[13.7178728077342,51.12596372633707],[13.717468428940439,51.126077079196214],[13.717352196114573,51.12591325975433],[13.717280727819745,51.12581269187955],[13.716936501667183,51.12590941862022],[13.717124078363758,51.12617514505077],[13.716811766996214,51.12626286907249],[13.71694423916159,51.1264501945095],[13.717256501223543,51.126362739375246],[13.717416796325582,51.12658939814559],[13.717333442744426,51.126612431622945],[13.71732480153126,51.126600394422304],[13.717316620916675,51.126594944988895],[13.717303242955248,51.12659191155729],[13.717289226405816,51.12659335851661],[13.717278111243077,51.126598920024136],[13.717272694862148,51.12660717892986],[13.71727361578898,51.12661468901127],[13.717281929895412,51.126626668670774],[13.716910482066679,51.12673082152726],[13.716901811871129,51.12671880196277],[13.71689357438909,51.126713342882944],[13.716880167599939,51.126710318079475],[13.716866107395225,51.12671179148754],[13.716855020726817,51.12671735326772],[13.716849618792233,51.12672560331977],[13.716850498038374,51.12673306798333],[13.716858779247096,51.126745200189305],[13.716488018282183,51.12684925133254],[13.716479246673847,51.12683728458015],[13.716470965613937,51.126831851970564],[13.716457528999856,51.126828871755215],[13.716443496821293,51.12683036340582],[13.716432351432523,51.12683597845823],[13.716426961950832,51.126844291577086],[13.716427938146253,51.12685186522151],[13.7164363823982,51.126863783420504],[13.716065399348594,51.126968559206134],[13.716056606656416,51.1269558098185],[13.716048572487004,51.12695023600538],[13.71603501376881,51.126947020588524],[13.716020697304955,51.12694845511029],[13.71600953755033,51.12695406996485],[13.7160041760536,51.126962401357254],[13.716005128096093,51.12696981287006],[13.716013685133488,51.12698229888333],[13.715443994521703,51.12714179694312],[13.71564370324428,51.12742391793053],[13.715779988470818,51.12761643940093],[13.715961726582377,51.127873173668966],[13.716531000878991,51.1277134886526]]]}},{"type":"Feature","id":"DESNATPU1000HbPR","properties":{"id":"DESNATPU1000HbPR","height_m":2.669,"ground_m":202.724,"height_source":"LoD1 solid top minus bottom","production":"2023","laser":"2019","footprints":"2021"},"geometry":{"type":"Polygon","coordinates":[[[13.731437256198909,51.12059979971375],[13.731397505185663,51.12060080728871],[13.731397310809651,51.12065485178161],[13.731442512244058,51.12065309398848],[13.731437256198909,51.12059979971375]]]}},{"type":"Feature","id":"DESNATP1bN0000NT","properties":{"id":"DESNATP1bN0000NT","height_m":3.8,"ground_m":203.999,"height_source":"LoD1 solid top minus bottom","production":"2023","laser":"2019","footprints":"2021"},"geometry":{"type":"Polygon","coordinates":[[[13.733210864937602,51.12401613907607],[13.7332695457292,51.124012790990065],[13.73321721028079,51.12392679267973],[13.733171638195325,51.12393414965178],[13.733210864937602,51.12401613907607]]]}},{"type":"Feature","id":"DESNATPU1000FkXM","properties":{"id":"DESNATPU1000FkXM","height_m":2.39,"ground_m":185.827,"height_source":"LoD1 solid top minus bottom","production":"2023","laser":"2019","footprints":"2021"},"geometry":{"type":"Polygon","coordinates":[[[13.71977739852711,51.13794118444015],[13.719722826385963,51.13788833905624],[13.719663112271393,51.13791286503319],[13.71971768437227,51.13796571044448],[13.71977739852711,51.13794118444015]]]}},{"type":"Feature","id":"DESNATPU1000C24n","properties":{"id":"DESNATPU1000C24n","height_m":2.829,"ground_m":202.259,"height_source":"LoD1 solid top minus bottom","production":"2023","laser":"2019","footprints":"2021"},"geometry":{"type":"Polygon","coordinates":[[[13.732208491653621,51.12147929476816],[13.732220329857398,51.12150775936321],[13.732272492453697,51.121499161275835],[13.732277628688317,51.12151145613176],[13.732295169906743,51.12150854380145],[13.732278022034782,51.12146785442029],[13.732208491653621,51.12147929476816]]]}},{"type":"Feature","id":"UUID_c59bd0ed-8433-48d3-8eab-72bb43a63d57","properties":{"id":"UUID_c59bd0ed-8433-48d3-8eab-72bb43a63d57","height_m":4.336,"ground_m":209.448,"height_source":"LoD1 solid top minus bottom","production":"2023","laser":"2019","footprints":"2021"},"geometry":{"type":"Polygon","coordinates":[[[13.717532728226756,51.121273056435854],[13.717478618062506,51.1212791355918],[13.717516657453114,51.12130539809284],[13.7175294588214,51.121314234525535],[13.717609665186632,51.12130800990103],[13.717631767921057,51.12130552749238],[13.717682485647666,51.121301209619304],[13.717670117815697,51.121257620831656],[13.717532728226756,51.121273056435854]]]}},{"type":"Feature","id":"UUID_a370044e-ef59-4655-b40b-724c3ccb8e8b","properties":{"id":"UUID_a370044e-ef59-4655-b40b-724c3ccb8e8b","height_m":4.221,"ground_m":209.448,"height_source":"LoD1 solid top minus bottom","production":"2023","laser":"2019","footprints":"2021"},"geometry":{"type":"Polygon","coordinates":[[[13.71769597347388,51.12134873154335],[13.717682485647666,51.121301209619304],[13.717631767921057,51.12130552749238],[13.71764561883173,51.12135438433705],[13.71769597347388,51.12134873154335]]]}},{"type":"Feature","id":"DESNATP1bN0000Mg","properties":{"id":"DESNATP1bN0000Mg","height_m":2.557,"ground_m":205.802,"height_source":"LoD1 solid top minus bottom","production":"2023","laser":"2019","footprints":"2021"},"geometry":{"type":"Polygon","coordinates":[[[13.7236614194639,51.12274335804861],[13.723670198988389,51.12276337289188],[13.723728321778179,51.12275327892094],[13.723719542230324,51.12273326408183],[13.7236614194639,51.12274335804861]]]}},{"type":"Feature","id":"DESNATP1bN0000MQ","properties":{"id":"DESNATP1bN0000MQ","height_m":2.269,"ground_m":200.512,"height_source":"LoD1 solid top minus bottom","production":"2023","laser":"2019","footprints":"2021"},"geometry":{"type":"Polygon","coordinates":[[[13.72472167748786,51.12361483405486],[13.72472713503362,51.123625774839596],[13.724762437386417,51.123618803757196],[13.72475697983308,51.12360786297405],[13.72472167748786,51.12361483405486]]]}},{"type":"Feature","id":"UUID_9a85c7bb-f2d7-4cb6-b3a8-560bfe732fb4","properties":{"id":"UUID_9a85c7bb-f2d7-4cb6-b3a8-560bfe732fb4","height_m":3.181,"ground_m":183.403,"height_source":"LoD1 solid top minus bottom","production":"2023","laser":"2019","footprints":"2021"},"geometry":{"type":"Polygon","coordinates":[[[13.719279349182687,51.13821722248149],[13.719342328300197,51.138161509584876],[13.719214826105917,51.13810453795555],[13.719151821320182,51.138160142589996],[13.719211547000437,51.138186875744246],[13.719279349182687,51.13821722248149]]]}},{"type":"Feature","id":"UUID_b04f1946-1514-4e08-8005-1e6947b15516","properties":{"id":"UUID_b04f1946-1514-4e08-8005-1e6947b15516","height_m":3.09,"ground_m":183.403,"height_source":"LoD1 solid top minus bottom","production":"2023","laser":"2019","footprints":"2021"},"geometry":{"type":"Polygon","coordinates":[[[13.719180623635989,51.1382144146236],[13.719248254853648,51.13824474152066],[13.719279349182687,51.13821722248149],[13.719211547000437,51.138186875744246],[13.719180623635989,51.1382144146236]]]}},{"type":"Feature","id":"DESNATPU1000DQNr","properties":{"id":"DESNATPU1000DQNr","height_m":5.952,"ground_m":209.517,"height_source":"LoD1 solid top minus bottom","production":"2023","laser":"2019","footprints":"2021"},"geometry":{"type":"Polygon","coordinates":[[[13.721536295353747,51.12264527712552],[13.721509629566514,51.12266137041962],[13.721527692887628,51.12267323156001],[13.72144272568003,51.12272450562946],[13.721438671312942,51.12272695229815],[13.721463154473646,51.1227433350734],[13.721487469205691,51.122759608088394],[13.721505287984213,51.12274927236928],[13.721647504400229,51.1226667627253],[13.721621207829786,51.12264981160296],[13.72159472854749,51.12263275056354],[13.721554372960897,51.12265713841803],[13.721536295353747,51.12264527712552]]]}},{"type":"Feature","id":"DESNATP1bN0000Lz","properties":{"id":"DESNATP1bN0000Lz","height_m":4.32,"ground_m":208.377,"height_source":"LoD1 solid top minus bottom","production":"2023","laser":"2019","footprints":"2021"},"geometry":{"type":"Polygon","coordinates":[[[13.717698114151181,51.12067690378734],[13.717790509871138,51.120643771401525],[13.717764097261634,51.120614587930554],[13.717669441630548,51.12064522249433],[13.717698114151181,51.12067690378734]]]}},{"type":"Feature","id":"DESNATPU1000F6eM","properties":{"id":"DESNATPU1000F6eM","height_m":8.371,"ground_m":208.617,"height_source":"LoD1 solid top minus bottom","production":"2023","laser":"2019","footprints":"2021"},"geometry":{"type":"Polygon","coordinates":[[[13.717617845777074,51.120952201025204],[13.717646965453,51.12099147714627],[13.717659786209618,51.120987741859565],[13.717685024338477,51.12102219123843],[13.717744601631102,51.12100494894169],[13.717803098559697,51.120988018508164],[13.717742272177857,51.120905355241085],[13.717731133970142,51.120890125211275],[13.717672614295878,51.12090684852512],[13.717613014508862,51.120923874711416],[13.717631149718375,51.120948560968756],[13.717617845777074,51.120952201025204]]]}},{"type":"Feature","id":"DESNATPU1000BAN7","properties":{"id":"DESNATPU1000BAN7","height_m":6.346,"ground_m":197.73,"height_source":"LoD1 solid top minus bottom","production":"2023","laser":"2019","footprints":"2021"},"geometry":{"type":"Polygon","coordinates":[[[13.725472769673004,51.12431631254305],[13.725473253847715,51.124324681103936],[13.72549742469754,51.12433951285942],[13.725446178338467,51.12437384626121],[13.725542071548274,51.12443073661185],[13.725683885674732,51.12433525011777],[13.725587842203197,51.12427862802812],[13.725537756167743,51.1243123446216],[13.725513435037332,51.12429778101975],[13.72549970576529,51.12429817094376],[13.725472769673004,51.12431631254305]]]}},{"type":"Feature","id":"DESNATP1bN0000NG","properties":{"id":"DESNATP1bN0000NG","height_m":2.439,"ground_m":205.177,"height_source":"LoD1 solid top minus bottom","production":"2023","laser":"2019","footprints":"2021"},"geometry":{"type":"Polygon","coordinates":[[[13.73797445570644,51.121355968864165],[13.738007721236398,51.121375887179596],[13.738029141005404,51.12136172092791],[13.73806448653834,51.121338343488056],[13.738031221255335,51.12131841619855],[13.73797445570644,51.121355968864165]]]}},{"type":"Feature","id":"DESNATPU1000CTm9","properties":{"id":"DESNATPU1000CTm9","height_m":6.7,"ground_m":202.664,"height_source":"LoD1 solid top minus bottom","production":"2023","laser":"2019","footprints":"2021"},"geometry":{"type":"Polygon","coordinates":[[[13.732206145502929,51.1210545044795],[13.732245890565487,51.12115917069411],[13.732247812443024,51.12116204224187],[13.732296991332435,51.12115437402201],[13.732303906874849,51.12117213779149],[13.732333067236548,51.12116757984868],[13.732285151825149,51.121044524780864],[13.732206145502929,51.1210545044795]]]}},{"type":"Feature","id":"DESNATPU1000D3w5","properties":{"id":"DESNATPU1000D3w5","height_m":5.475,"ground_m":211.147,"height_source":"LoD1 solid top minus bottom","production":"2023","laser":"2019","footprints":"2021"},"geometry":{"type":"Polygon","coordinates":[[[13.7166715046753,51.12107496562347],[13.716681436766832,51.12107286240548],[13.71677730735806,51.121052583679095],[13.716763282259828,51.12102603592375],[13.716758598122574,51.121017171583645],[13.716749495973255,51.12100376236231],[13.716606446199883,51.12103216530946],[13.71662032867802,51.12105302807575],[13.716622482454394,51.121056262140975],[13.716637696513871,51.12107909095551],[13.71664108610138,51.121084137142084],[13.7166715046753,51.12107496562347]]]}},{"type":"Feature","id":"DESNATP1bN0000NP","properties":{"id":"DESNATP1bN0000NP","height_m":2.792,"ground_m":202.83,"height_source":"LoD1 solid top minus bottom","production":"2023","laser":"2019","footprints":"2021"},"geometry":{"type":"Polygon","coordinates":[[[13.732395786635275,51.12138303429808],[13.732400632385003,51.12139028105168],[13.73242375600301,51.12142512694135],[13.732559127834776,51.12139709806587],[13.73253509323053,51.121349589491025],[13.732395786635275,51.12138303429808]]]}},{"type":"Feature","id":"DESNATPU1000F4Pc","properties":{"id":"DESNATPU1000F4Pc","height_m":3.505,"ground_m":210.076,"height_source":"LoD1 solid top minus bottom","production":"2023","laser":"2019","footprints":"2021"},"geometry":{"type":"Polygon","coordinates":[[[13.719347540929416,51.121957873845844],[13.719309767241004,51.12196483421092],[13.719333832565946,51.12200300238232],[13.71943982041902,51.12197653733175],[13.719418999635627,51.12194350362554],[13.719352616499188,51.121963972587636],[13.719347540929416,51.121957873845844]]]}},{"type":"Feature","id":"UUID_b1547a9b-cdf4-4006-a3b6-56fe5577c0f5","properties":{"id":"UUID_b1547a9b-cdf4-4006-a3b6-56fe5577c0f5","height_m":5.412,"ground_m":208.717,"height_source":"LoD1 solid top minus bottom","production":"2023","laser":"2019","footprints":"2021"},"geometry":{"type":"Polygon","coordinates":[[[13.7186502287742,51.12071123524495],[13.718621145522023,51.12073104239298],[13.71858131490069,51.12075815080337],[13.718629282714048,51.12078605951652],[13.718720143250154,51.120724213587565],[13.718672175693484,51.12069629592139],[13.7186502287742,51.12071123524495]]]}},{"type":"Feature","id":"UUID_227f374e-9392-4162-a2de-6eda654e3107","properties":{"id":"UUID_227f374e-9392-4162-a2de-6eda654e3107","height_m":2.56,"ground_m":208.717,"height_source":"LoD1 solid top minus bottom","production":"2023","laser":"2019","footprints":"2021"},"geometry":{"type":"Polygon","coordinates":[[[13.7186502287742,51.12071123524495],[13.718631258169754,51.120700200037106],[13.71860216088059,51.12071999803383],[13.718621145522023,51.12073104239298],[13.7186502287742,51.12071123524495]]]}},{"type":"Feature","id":"DESNATPU1000Csp6","properties":{"id":"DESNATPU1000Csp6","height_m":2.796,"ground_m":198.479,"height_source":"LoD1 solid top minus bottom","production":"2023","laser":"2019","footprints":"2021"},"geometry":{"type":"Polygon","coordinates":[[[13.735119912343329,51.12808265187806],[13.735129175482117,51.12803652926309],[13.734957912048845,51.12802280614744],[13.734948648742675,51.128068928747766],[13.735119912343329,51.12808265187806]]]}},{"type":"Feature","id":"DESNATPU1000EDbH","properties":{"id":"DESNATPU1000EDbH","height_m":2.874,"ground_m":210.821,"height_source":"LoD1 solid top minus bottom","production":"2023","laser":"2019","footprints":"2021"},"geometry":{"type":"Polygon","coordinates":[[[13.716744123532044,51.12108987230722],[13.716784186483006,51.12111734430585],[13.716828406286014,51.12111031161256],[13.716813307050641,51.1210853977564],[13.716798035427983,51.1210873344746],[13.71679179872651,51.121079837987175],[13.716744123532044,51.12108987230722]]]}},{"type":"Feature","id":"DESNATP1bN0000MU","properties":{"id":"DESNATP1bN0000MU","height_m":2.668,"ground_m":201.927,"height_source":"LoD1 solid top minus bottom","production":"2023","laser":"2019","footprints":"2021"},"geometry":{"type":"Polygon","coordinates":[[[13.724153520154141,51.123143502602],[13.724179564135083,51.123199748843795],[13.724248532300154,51.1231896920114],[13.724218368392178,51.12313153033579],[13.724153520154141,51.123143502602]]]}},{"type":"Feature","id":"DESNATPU1000B8uq","properties":{"id":"DESNATPU1000B8uq","height_m":6.198,"ground_m":204.602,"height_source":"LoD1 solid top minus bottom","production":"2023","laser":"2019","footprints":"2021"},"geometry":{"type":"Polygon","coordinates":[[[13.734040304316691,51.121019287186826],[13.733952715448536,51.12090834819582],[13.733768322583394,51.120966072556385],[13.733752345244032,51.120971376135635],[13.733750917313044,51.12097708907097],[13.73369824208546,51.12099558331107],[13.733719408059425,51.121022619998364],[13.733780381704266,51.12110042033711],[13.733843245546272,51.121080867326704],[13.734040304316691,51.121019287186826]]]}},{"type":"Feature","id":"DESNATP17K0001ZU","properties":{"id":"DESNATP17K0001ZU","height_m":3.0,"ground_m":197.927,"height_source":"LoD1 solid top minus bottom","production":"2023","laser":"2019","footprints":"2021"},"geometry":{"type":"Polygon","coordinates":[[[13.733188976134059,51.127216968469305],[13.733218915184633,51.12727392926458],[13.733257303444256,51.12726391351935],[13.733226323510587,51.127209998998936],[13.733188976134059,51.127216968469305]]]}},{"type":"Feature","id":"DESNATP1bN0000Mf","properties":{"id":"DESNATP1bN0000Mf","height_m":2.659,"ground_m":209.963,"height_source":"LoD1 solid top minus bottom","production":"2023","laser":"2019","footprints":"2021"},"geometry":{"type":"Polygon","coordinates":[[[13.719171215380989,51.12065256394174],[13.719107806388246,51.12061309243792],[13.719037481225726,51.120657843527226],[13.719100904503144,51.1206973152254],[13.719171215380989,51.12065256394174]]]}},{"type":"Feature","id":"DESNATPU1000B8EO","properties":{"id":"DESNATPU1000B8EO","height_m":3.0,"ground_m":202.5,"height_source":"LoD1 solid top minus bottom","production":"2023","laser":"2019","footprints":"2021"},"geometry":{"type":"Polygon","coordinates":[[[13.723480548251647,51.12325474553393],[13.723535230063538,51.12329796826132],[13.723642589985104,51.12324455402502],[13.72358539869118,51.12319905575873],[13.72352150500133,51.12323082221327],[13.723494261633695,51.12324455354336],[13.723480548251647,51.12325474553393]]]}},{"type":"Feature","id":"DESNATPU1000FDna","properties":{"id":"DESNATPU1000FDna","height_m":3.632,"ground_m":209.651,"height_source":"LoD1 solid top minus bottom","production":"2023","laser":"2019","footprints":"2021"},"geometry":{"type":"Polygon","coordinates":[[[13.719573234326592,51.121085770060894],[13.719717555723301,51.12098753043648],[13.719680532272315,51.120962215028065],[13.719533294256774,51.12106258093651],[13.719573234326592,51.121085770060894]]]}},{"type":"Feature","id":"DESNATPU1000Ha7v","properties":{"id":"DESNATPU1000Ha7v","height_m":3.696,"ground_m":201.044,"height_source":"LoD1 solid top minus bottom","production":"2023","laser":"2019","footprints":"2021"},"geometry":{"type":"Polygon","coordinates":[[[13.724818179550478,51.12351667815229],[13.72488966734769,51.1235059469819],[13.724864927514739,51.1234407043617],[13.724793453851092,51.12345144466362],[13.724818179550478,51.12351667815229]]]}},{"type":"Feature","id":"DESNATP1bN0000MV","properties":{"id":"DESNATP1bN0000MV","height_m":2.76,"ground_m":212.596,"height_source":"LoD1 solid top minus bottom","production":"2023","laser":"2019","footprints":"2021"},"geometry":{"type":"Polygon","coordinates":[[[13.719654457885179,51.12077757737994],[13.71971781955182,51.12082395452604],[13.719777753747993,51.120789628808396],[13.719716609539246,51.12074470582757],[13.719671612725364,51.120768502651295],[13.719654457885179,51.12077757737994]]]}},{"type":"Feature","id":"DESNATPU1000GOXU","properties":{"id":"DESNATPU1000GOXU","height_m":8.731,"ground_m":205.668,"height_source":"LoD1 solid top minus bottom","production":"2023","laser":"2019","footprints":"2021"},"geometry":{"type":"Polygon","coordinates":[[[13.737683457019884,51.1213527737626],[13.737603413928571,51.1213756505432],[13.737648673551398,51.121438351175904],[13.73772870268982,51.121415465220814],[13.737683457019884,51.1213527737626]]]}},{"type":"Feature","id":"DESNATPU1000JGbz","properties":{"id":"DESNATPU1000JGbz","height_m":4.384,"ground_m":202.203,"height_source":"LoD1 solid top minus bottom","production":"2023","laser":"2019","footprints":"2021"},"geometry":{"type":"Polygon","coordinates":[[[13.723260938709718,51.123730673870185],[13.723303679697668,51.12376126635656],[13.723363457104966,51.12372333998869],[13.723325616953,51.12369639814478],[13.723317643347897,51.12370053769358],[13.723260938709718,51.123730673870185]]]}},{"type":"Feature","id":"UUID_f76c8ffe-3d16-46de-81a5-f9e8dfef2b1d","properties":{"id":"UUID_f76c8ffe-3d16-46de-81a5-f9e8dfef2b1d","height_m":2.676,"ground_m":208.949,"height_source":"LoD1 solid top minus bottom","production":"2023","laser":"2019","footprints":"2021"},"geometry":{"type":"Polygon","coordinates":[[[13.718632130776536,51.12068931933306],[13.718691835571418,51.12065039634023],[13.718691582675154,51.12065024069155],[13.71879126146617,51.120584696382],[13.718790994285246,51.12058454057701],[13.718772840162998,51.120573433403194],[13.71876363715453,51.12056778401085],[13.718759871537024,51.12056547656623],[13.718683445955381,51.12061328109563],[13.71863850101972,51.12064138563788],[13.718597611926052,51.12066853641125],[13.718632130776536,51.12068931933306]]]}},{"type":"Feature","id":"UUID_432a9472-b3a7-468e-b543-4832edd09fd3","properties":{"id":"UUID_432a9472-b3a7-468e-b543-4832edd09fd3","height_m":2.712,"ground_m":208.949,"height_source":"LoD1 solid top minus bottom","production":"2023","laser":"2019","footprints":"2021"},"geometry":{"type":"Polygon","coordinates":[[[13.71881064703315,51.12057195018574],[13.718790994285246,51.12058454057701],[13.71879126146617,51.120584696382],[13.718691582675154,51.12065024069155],[13.718691835571418,51.12065039634023],[13.718705703506656,51.12065890260653],[13.718761668219315,51.12062397635623],[13.718829265019137,51.12058178546026],[13.71881064703315,51.12057195018574]]]}},{"type":"Feature","id":"DESNATPU1000CItG","properties":{"id":"DESNATPU1000CItG","height_m":3.839,"ground_m":210.526,"height_source":"LoD1 solid top minus bottom","production":"2023","laser":"2019","footprints":"2021"},"geometry":{"type":"Polygon","coordinates":[[[13.71677730735806,51.121052583679095],[13.716880780857057,51.121030715647116],[13.716862150285168,51.12099555622968],[13.716758598122574,51.121017171583645],[13.71677730735806,51.121052583679095]]]}},{"type":"Feature","id":"DESNATP1bN0000N2","properties":{"id":"DESNATP1bN0000N2","height_m":3.412,"ground_m":211.75,"height_source":"LoD1 solid top minus bottom","production":"2023","laser":"2019","footprints":"2021"},"geometry":{"type":"Polygon","coordinates":[[[13.719571379367341,51.1207549051037],[13.71963071745809,51.120791759839],[13.719654457885179,51.12077757737994],[13.719671612725364,51.120768502651295],[13.719615120143663,51.12073209276385],[13.719571379367341,51.1207549051037]]]}},{"type":"Feature","id":"DESNATPU1000Gx0d","properties":{"id":"DESNATPU1000Gx0d","height_m":7.325,"ground_m":208.269,"height_source":"LoD1 solid top minus bottom","production":"2023","laser":"2019","footprints":"2021"},"geometry":{"type":"Polygon","coordinates":[[[13.7178953099816,51.12100491989305],[13.717774745267716,51.121045953881605],[13.717795202490253,51.121077095419245],[13.717812986450284,51.121104151891565],[13.718088245672035,51.121011495682005],[13.71806677317385,51.120986053485595],[13.718042021712602,51.1209567264222],[13.718008047217037,51.12096790067229],[13.7178953099816,51.12100491989305]]]}},{"type":"Feature","id":"DESNATPU1000DoVD","properties":{"id":"DESNATPU1000DoVD","height_m":16.829,"ground_m":202.139,"height_source":"LoD1 solid top minus bottom","production":"2023","laser":"2019","footprints":"2021"},"geometry":{"type":"Polygon","coordinates":[[[13.715626189683531,51.126819329741146],[13.716088836465477,51.126690256154944],[13.716596997011983,51.12654777745327],[13.716756006606673,51.12677380252167],[13.716825107185944,51.126754578864926],[13.716811509936267,51.12673522107369],[13.716665525109084,51.126528574586196],[13.71694423916159,51.1264501945095],[13.716811752709797,51.12626286891572],[13.716560714035365,51.12590789352033],[13.715349795956765,51.126247320219946],[13.715164902173669,51.12598671929533],[13.715081856654157,51.126009979374246],[13.715266389655001,51.126270693372916],[13.715068365397824,51.126326206219815],[13.71506518847486,51.12632172887499],[13.714461058853672,51.126491113457426],[13.714853179720413,51.12704481076405],[13.715463694049497,51.12687369572976],[13.715458867006507,51.12686688013171],[13.715565620571075,51.126836479144],[13.715727155308931,51.12706251536807],[13.715787849001316,51.12704552012673],[13.715626189683531,51.126819329741146]]]}},{"type":"Feature","id":"DESNATPU1000HsZr","properties":{"id":"DESNATPU1000HsZr","height_m":2.75,"ground_m":201.597,"height_source":"LoD1 solid top minus bottom","production":"2023","laser":"2019","footprints":"2021"},"geometry":{"type":"Polygon","coordinates":[[[13.72414231039001,51.12333409018546],[13.724162010240688,51.12336749748665],[13.724195190448325,51.123359748027134],[13.724176459772918,51.12332798799227],[13.724175476538935,51.1233263315854],[13.72414231039001,51.12333409018546]]]}},{"type":"Feature","id":"DESNATP1bN0000M5","properties":{"id":"DESNATP1bN0000M5","height_m":3.684,"ground_m":210.239,"height_source":"LoD1 solid top minus bottom","production":"2023","laser":"2019","footprints":"2021"},"geometry":{"type":"Polygon","coordinates":[[[13.720992079310063,51.12269166359872],[13.7209640864602,51.12266473876182],[13.720863891457338,51.12270598075859],[13.720827550132126,51.12272263351915],[13.720879702580238,51.12276781723896],[13.721010758024875,51.122711247359085],[13.720992079310063,51.12269166359872]]]}},{"type":"Feature","id":"DESNATP1bN0000Lr","properties":{"id":"DESNATP1bN0000Lr","height_m":2.785,"ground_m":210.907,"height_source":"LoD1 solid top minus bottom","production":"2023","laser":"2019","footprints":"2021"},"geometry":{"type":"Polygon","coordinates":[[[13.716640909438059,51.120479469018726],[13.716652093474053,51.120501794969535],[13.71670241048892,51.12049179867556],[13.7166912261818,51.12046948171941],[13.716640909438059,51.120479469018726]]]}},{"type":"Feature","id":"DESNATP1bN0000NH","properties":{"id":"DESNATP1bN0000NH","height_m":3.125,"ground_m":205.643,"height_source":"LoD1 solid top minus bottom","production":"2023","laser":"2019","footprints":"2021"},"geometry":{"type":"Polygon","coordinates":[[[13.737683457019884,51.1213527737626],[13.737693976993409,51.12136733871832],[13.737725508383225,51.12141103327145],[13.737754786563865,51.121402662313905],[13.737712692315867,51.121344402352655],[13.737683457019884,51.1213527737626]]]}},{"type":"Feature","id":"UUID_36433c6c-8fb0-48fd-b245-2da5e4db1a4b","properties":{"id":"UUID_36433c6c-8fb0-48fd-b245-2da5e4db1a4b","height_m":7.508,"ground_m":204.715,"height_source":"LoD1 solid top minus bottom","production":"2023","laser":"2019","footprints":"2021"},"geometry":{"type":"Polygon","coordinates":[[[13.734086190113423,51.120763534803984],[13.73398233007325,51.120794640436735],[13.734001664377073,51.12082020940439],[13.734032624282678,51.12086114699479],[13.734087386711757,51.120933565195116],[13.73419124724197,51.120902450481346],[13.734086190113423,51.120763534803984]]]}},{"type":"Feature","id":"UUID_59750b84-f6f6-4696-8dd0-25bc2edced5e","properties":{"id":"UUID_59750b84-f6f6-4696-8dd0-25bc2edced5e","height_m":5.314,"ground_m":204.715,"height_source":"LoD1 solid top minus bottom","production":"2023","laser":"2019","footprints":"2021"},"geometry":{"type":"Polygon","coordinates":[[[13.734012958600506,51.12086704017058],[13.734032624282678,51.12086114699479],[13.734001664377073,51.12082020940439],[13.73398198417794,51.12082611141054],[13.734008407779756,51.12086101969477],[13.734012958600506,51.12086704017058]]]}},{"type":"Feature","id":"DESNATPU1000Ddr2","properties":{"id":"DESNATPU1000Ddr2","height_m":3.0,"ground_m":214.509,"height_source":"LoD1 solid top minus bottom","production":"2023","laser":"2019","footprints":"2021"},"geometry":{"type":"Polygon","coordinates":[[[13.720291630700837,51.120731225390735],[13.720336368124475,51.12077730843843],[13.720385039285434,51.1207585965244],[13.720356689555395,51.12072447339258],[13.720343333915626,51.120711377615855],[13.720291630700837,51.120731225390735]]]}},{"type":"Feature","id":"DESNATPU1000AxMH","properties":{"id":"DESNATPU1000AxMH","height_m":4.413,"ground_m":201.851,"height_source":"LoD1 solid top minus bottom","production":"2023","laser":"2019","footprints":"2021"},"geometry":{"type":"Polygon","coordinates":[[[13.724129389476882,51.12320712401814],[13.72412327115163,51.12320824430548],[13.724160358971307,51.12325730891704],[13.724162589604727,51.12326296273633],[13.724400077729596,51.123225931565855],[13.72437778841733,51.123170841440086],[13.724327931073587,51.123178112247736],[13.724276925920474,51.12318555036703],[13.724248532300154,51.1231896920114],[13.724179564135083,51.123199748843795],[13.724129389476882,51.12320712401814]]]}},{"type":"Feature","id":"DESNATPU1000HUHE","properties":{"id":"DESNATPU1000HUHE","height_m":4.213,"ground_m":204.78,"height_source":"LoD1 solid top minus bottom","production":"2023","laser":"2019","footprints":"2021"},"geometry":{"type":"Polygon","coordinates":[[[13.733546626384005,51.12292922250514],[13.733562185992469,51.12314404854027],[13.73402797513673,51.12313047740043],[13.734017903014976,51.12299187964005],[13.733960273444604,51.122993413946055],[13.73395490462871,51.12291799637247],[13.733546626384005,51.12292922250514]]]}},{"type":"Feature","id":"DESNATPU1000BgBa","properties":{"id":"DESNATPU1000BgBa","height_m":7.626,"ground_m":207.415,"height_source":"LoD1 solid top minus bottom","production":"2023","laser":"2019","footprints":"2021"},"geometry":{"type":"Polygon","coordinates":[[[13.72382204563254,51.12238986039575],[13.723804197413129,51.12235306497422],[13.723798086121434,51.12235704502576],[13.723751865596045,51.122328303215596],[13.7234958380505,51.12237865581215],[13.723529660483317,51.12244763997114],[13.72382204563254,51.12238986039575]]]}},{"type":"Feature","id":"DESNATPU1000IHUj","properties":{"id":"DESNATPU1000IHUj","height_m":4.18,"ground_m":209.929,"height_source":"LoD1 solid top minus bottom","production":"2023","laser":"2019","footprints":"2021"},"geometry":{"type":"Polygon","coordinates":[[[13.720436102502413,51.12258701093455],[13.72035728819439,51.12261570772053],[13.720446062191732,51.12269303693482],[13.72060819992999,51.12261932566053],[13.720503458814818,51.12256288295071],[13.720436102502413,51.12258701093455]]]}},{"type":"Feature","id":"DESNATPU1000F0Au","properties":{"id":"DESNATPU1000F0Au","height_m":3.664,"ground_m":197.556,"height_source":"LoD1 solid top minus bottom","production":"2023","laser":"2019","footprints":"2021"},"geometry":{"type":"Polygon","coordinates":[[[13.72571822867726,51.124266047261564],[13.725758038835895,51.124263009882704],[13.72574261266245,51.124210818556875],[13.725703302857857,51.12421540814093],[13.72571822867726,51.124266047261564]]]}},{"type":"Feature","id":"DESNATP1bN0000MJ","properties":{"id":"DESNATP1bN0000MJ","height_m":4.156,"ground_m":214.308,"height_source":"LoD1 solid top minus bottom","production":"2023","laser":"2019","footprints":"2021"},"geometry":{"type":"Polygon","coordinates":[[[13.721805065112342,51.12116059311597],[13.721788053387694,51.12116604562808],[13.72173876278909,51.12118183769032],[13.721748944844999,51.12119448494309],[13.721762738550959,51.12119017531275],[13.721787472240319,51.12118244211555],[13.721815506436588,51.12117368384359],[13.721805065112342,51.12116059311597]]]}},{"type":"Feature","id":"DESNATPU1000Ep5x","properties":{"id":"DESNATPU1000Ep5x","height_m":3.75,"ground_m":212.105,"height_source":"LoD1 solid top minus bottom","production":"2023","laser":"2019","footprints":"2021"},"geometry":{"type":"Polygon","coordinates":[[[13.721615683450585,51.12160137244619],[13.72168446598748,51.12163680060636],[13.721793660907199,51.121568093408825],[13.721797412828643,51.1215662459382],[13.721740204348997,51.12152254511103],[13.721615683450585,51.12160137244619]]]}},{"type":"Feature","id":"DESNATPU1000HgTU","properties":{"id":"DESNATPU1000HgTU","height_m":6.475,"ground_m":199.306,"height_source":"LoD1 solid top minus bottom","production":"2023","laser":"2019","footprints":"2021"},"geometry":{"type":"Polygon","coordinates":[[[13.72431629376181,51.12381012376442],[13.724292879584002,51.12382231432598],[13.724297876058236,51.12382612781903],[13.724325911803605,51.123847440816064],[13.72444146236512,51.123921569868465],[13.724442984159614,51.12392079510464],[13.724469393093479,51.12394099320107],[13.724492848657489,51.12392885701246],[13.724525567500596,51.1239119297911],[13.724351393081609,51.123791855659455],[13.72431629376181,51.12381012376442]]]}},{"type":"Feature","id":"UUID_5ca2d7aa-0dc7-49c6-933d-aee7eeed36f2","properties":{"id":"UUID_5ca2d7aa-0dc7-49c6-933d-aee7eeed36f2","height_m":3.038,"ground_m":209.469,"height_source":"LoD1 solid top minus bottom","production":"2023","laser":"2019","footprints":"2021"},"geometry":{"type":"Polygon","coordinates":[[[13.719349890344759,51.12073247949489],[13.719287683140845,51.12069811117064],[13.71920242987075,51.120759254571716],[13.7192086788101,51.120762704309165],[13.719253800432764,51.120787622961046],[13.719264651625249,51.120793614107505],[13.719349890344759,51.12073247949489]]]}},{"type":"Feature","id":"UUID_5d15d8d1-947d-4e40-ac30-9fdb2cf00417","properties":{"id":"UUID_5d15d8d1-947d-4e40-ac30-9fdb2cf00417","height_m":5.407,"ground_m":209.469,"height_source":"LoD1 solid top minus bottom","production":"2023","laser":"2019","footprints":"2021"},"geometry":{"type":"Polygon","coordinates":[[[13.719086945108947,51.12086156845203],[13.719122960768207,51.120881459352454],[13.719253800432764,51.120787622961046],[13.7192086788101,51.120762704309165],[13.719118963676122,51.12082707215031],[13.719086945108947,51.12086156845203]]]}},{"type":"Feature","id":"DESNATPU1000FqA2","properties":{"id":"DESNATPU1000FqA2","height_m":5.826,"ground_m":211.179,"height_source":"LoD1 solid top minus bottom","production":"2023","laser":"2019","footprints":"2021"},"geometry":{"type":"Polygon","coordinates":[[[13.71989309826521,51.12104179039875],[13.719996669819263,51.120965136630346],[13.719945709254425,51.12093742053985],[13.719913185996012,51.12091988826735],[13.719806740049856,51.120997139987146],[13.71989309826521,51.12104179039875]]]}},{"type":"Feature","id":"DESNATPU1000JOuC","properties":{"id":"DESNATPU1000JOuC","height_m":4.079,"ground_m":205.2,"height_source":"LoD1 solid top minus bottom","production":"2023","laser":"2019","footprints":"2021"},"geometry":{"type":"Polygon","coordinates":[[[13.734485912331115,51.123225910754925],[13.734495887942922,51.12322377052538],[13.734521850580041,51.123218089300416],[13.734549355043956,51.12326789217866],[13.7346890007638,51.12323735313541],[13.735263740433883,51.12311164704744],[13.735236289729746,51.123061943840526],[13.735177574098305,51.12295465444957],[13.734427033134237,51.1231173422401],[13.734485912331115,51.123225910754925]]]}},{"type":"Feature","id":"DESNATPU1000DpVl","properties":{"id":"DESNATPU1000DpVl","height_m":6.959,"ground_m":210.407,"height_source":"LoD1 solid top minus bottom","production":"2023","laser":"2019","footprints":"2021"},"geometry":{"type":"Polygon","coordinates":[[[13.720152272393324,51.1225914945317],[13.720209432636477,51.12256195836532],[13.720318911566174,51.12250536892812],[13.720151258409663,51.12237689760796],[13.72013967198158,51.122368020808494],[13.720129263622391,51.122373392480895],[13.720067421099644,51.12240535037092],[13.7199730334758,51.12245412817962],[13.720152272393324,51.1225914945317]]]}},{"type":"Feature","id":"DESNATP1bN0000Lf","properties":{"id":"DESNATP1bN0000Lf","height_m":3.226,"ground_m":213.407,"height_source":"LoD1 solid top minus bottom","production":"2023","laser":"2019","footprints":"2021"},"geometry":{"type":"Polygon","coordinates":[[[13.716165629675908,51.12123872859441],[13.716148349320857,51.12121467199697],[13.715975864812421,51.121258461385956],[13.71599080893148,51.12128277113083],[13.716165629675908,51.12123872859441]]]}},{"type":"Feature","id":"DESNATP1bN0000NM","properties":{"id":"DESNATP1bN0000NM","height_m":2.552,"ground_m":206.53,"height_source":"LoD1 solid top minus bottom","production":"2023","laser":"2019","footprints":"2021"},"geometry":{"type":"Polygon","coordinates":[[[13.735575606489913,51.12084316635017],[13.735612403048986,51.1208723950891],[13.735664128342808,51.120847837580044],[13.735682192475053,51.12086291594821],[13.735729314275753,51.12084053884217],[13.735675582248913,51.1207957134036],[13.735575606489913,51.12084316635017]]]}},{"type":"Feature","id":"DESNATPU1000DD93","properties":{"id":"DESNATPU1000DD93","height_m":3.0,"ground_m":211.535,"height_source":"LoD1 solid top minus bottom","production":"2023","laser":"2019","footprints":"2021"},"geometry":{"type":"Polygon","coordinates":[[[13.717302986216364,51.12142834184868],[13.717388184630847,51.12145186632429],[13.71742072744053,51.12140520899279],[13.717335515058574,51.12138167539443],[13.717302986216364,51.12142834184868]]]}},{"type":"Feature","id":"DESNATP1bN0000NI","properties":{"id":"DESNATP1bN0000NI","height_m":2.686,"ground_m":207.375,"height_source":"LoD1 solid top minus bottom","production":"2023","laser":"2019","footprints":"2021"},"geometry":{"type":"Polygon","coordinates":[[[13.736591401803942,51.12104169073935],[13.736617788835702,51.12106387325361],[13.736665049813073,51.12104162317465],[13.73663867730113,51.12101943183514],[13.736637403552423,51.1210200295815],[13.736601519887083,51.12103692598073],[13.736591401803942,51.12104169073935]]]}},{"type":"Feature","id":"DESNATPU1000FPlk","properties":{"id":"DESNATPU1000FPlk","height_m":3.655,"ground_m":207.27,"height_source":"LoD1 solid top minus bottom","production":"2023","laser":"2019","footprints":"2021"},"geometry":{"type":"Polygon","coordinates":[[[13.722269097552196,51.12303263855709],[13.722234108641477,51.123055700399476],[13.722282599724025,51.12308500718495],[13.722300954117552,51.12307234806753],[13.722360084133484,51.12303198708345],[13.722387906609692,51.1229920933479],[13.722356403288765,51.12297376356381],[13.722269097552196,51.12303263855709]]]}},{"type":"Feature","id":"UUID_921ea197-0f89-482a-be88-533295bda4d6","properties":{"id":"UUID_921ea197-0f89-482a-be88-533295bda4d6","height_m":7.797,"ground_m":213.748,"height_source":"LoD1 solid top minus bottom","production":"2023","laser":"2019","footprints":"2021"},"geometry":{"type":"Polygon","coordinates":[[[13.721433665046682,51.12137315978751],[13.721545138702265,51.121455862282446],[13.721624426260062,51.12141354580524],[13.721513093673986,51.121330907877436],[13.721433665046682,51.12137315978751]]]}},{"type":"Feature","id":"UUID_4fdc81e5-054b-4aea-9c8c-337f7ba48740","properties":{"id":"UUID_4fdc81e5-054b-4aea-9c8c-337f7ba48740","height_m":3.934,"ground_m":213.748,"height_source":"LoD1 solid top minus bottom","production":"2023","laser":"2019","footprints":"2021"},"geometry":{"type":"Polygon","coordinates":[[[13.721472311777022,51.121424607431614],[13.721490164842834,51.12141508144007],[13.72145108406409,51.121386084040466],[13.721433230753437,51.12139561901619],[13.721472311777022,51.121424607431614]]]}},{"type":"Feature","id":"DESNATP1bN0000MO","properties":{"id":"DESNATP1bN0000MO","height_m":2.733,"ground_m":199.807,"height_source":"LoD1 solid top minus bottom","production":"2023","laser":"2019","footprints":"2021"},"geometry":{"type":"Polygon","coordinates":[[[13.72421596815873,51.12383848953939],[13.724225358799904,51.12386279156638],[13.724237333321511,51.123868515723004],[13.724297876058236,51.12382612781903],[13.724292879584002,51.12382231432598],[13.724267698959007,51.12380318174503],[13.72426528146616,51.123804828026735],[13.72421596815873,51.12383848953939]]]}},{"type":"Feature","id":"DESNATP1bN0000M2","properties":{"id":"DESNATP1bN0000M2","height_m":7.362,"ground_m":209.542,"height_source":"LoD1 solid top minus bottom","production":"2023","laser":"2019","footprints":"2021"},"geometry":{"type":"Polygon","coordinates":[[[13.71864643532547,51.12130850363572],[13.718550282926548,51.12132451822333],[13.718586747383313,51.12141133852887],[13.718682929018284,51.121395306245645],[13.71864643532547,51.12130850363572]]]}},{"type":"Feature","id":"DESNATPU1000E8gL","properties":{"id":"DESNATPU1000E8gL","height_m":5.364,"ground_m":210.434,"height_source":"LoD1 solid top minus bottom","production":"2023","laser":"2019","footprints":"2021"},"geometry":{"type":"Polygon","coordinates":[[[13.720076867810862,51.1223137903209],[13.720073479228912,51.1223148953126],[13.720129277659169,51.122373401627314],[13.72013967198158,51.122368020808494],[13.720151258409663,51.12237689760796],[13.720333774681075,51.122313445712386],[13.720280413735544,51.12225256509871],[13.720272337869115,51.12224334004343],[13.720198915785684,51.12226980257725],[13.720076867810862,51.1223137903209]]]}},{"type":"Feature","id":"DESNATPU1000Ia6F","properties":{"id":"DESNATPU1000Ia6F","height_m":7.002,"ground_m":201.269,"height_source":"LoD1 solid top minus bottom","production":"2023","laser":"2019","footprints":"2021"},"geometry":{"type":"Polygon","coordinates":[[[13.724588120643118,51.12340118373533],[13.724726706833888,51.123376166576705],[13.724702847435477,51.1233241079446],[13.724564404244253,51.123349126634416],[13.724588120643118,51.12340118373533]]]}},{"type":"Feature","id":"UUID_a2d3d85b-1379-431f-9559-1257b5e35c36","properties":{"id":"UUID_a2d3d85b-1379-431f-9559-1257b5e35c36","height_m":2.974,"ground_m":203.377,"height_source":"LoD1 solid top minus bottom","production":"2023","laser":"2019","footprints":"2021"},"geometry":{"type":"Polygon","coordinates":[[[13.72336750332226,51.12299602106788],[13.723352780369998,51.12298478121588],[13.72334158449041,51.12297622374893],[13.723294018739148,51.123000929160625],[13.723311979232355,51.12301550471968],[13.72336750332226,51.12299602106788]]]}},{"type":"Feature","id":"UUID_ced6045a-a078-4de4-84ab-491e82e11180","properties":{"id":"UUID_ced6045a-a078-4de4-84ab-491e82e11180","height_m":3.201,"ground_m":203.377,"height_source":"LoD1 solid top minus bottom","production":"2023","laser":"2019","footprints":"2021"},"geometry":{"type":"Polygon","coordinates":[[[13.723468339052056,51.12304137541987],[13.72339881500881,51.12298503201828],[13.72336750332226,51.12299602106788],[13.723311979232355,51.12301550471968],[13.723390907917278,51.12307954975085],[13.723468339052056,51.12304137541987]]]}},{"type":"Feature","id":"DESNATP1bN0000Jw","properties":{"id":"DESNATP1bN0000Jw","height_m":8.538,"ground_m":198.358,"height_source":"LoD1 solid top minus bottom","production":"2023","laser":"2019","footprints":"2021"},"geometry":{"type":"Polygon","coordinates":[[[13.733525893870642,51.1259356053171],[13.733731234870312,51.12591317996126],[13.733691335861499,51.12576737077252],[13.73348633243852,51.12578949395861],[13.733525893870642,51.1259356053171]]]}},{"type":"Feature","id":"DESNATPU1000Cbt0","properties":{"id":"DESNATPU1000Cbt0","height_m":6.552,"ground_m":202.644,"height_source":"LoD1 solid top minus bottom","production":"2023","laser":"2019","footprints":"2021"},"geometry":{"type":"Polygon","coordinates":[[[13.732463921244344,51.122197349404765],[13.732481909088118,51.12223503527757],[13.732496626436246,51.12226586917143],[13.732680769870148,51.12223108467092],[13.732666122605783,51.12220029652397],[13.732648204820652,51.12216265640302],[13.732584288580956,51.122174643435976],[13.732463921244344,51.122197349404765]]]}},{"type":"Feature","id":"UUID_85a15095-b351-49bb-ba1d-36720f3112df","properties":{"id":"UUID_85a15095-b351-49bb-ba1d-36720f3112df","height_m":25.916,"ground_m":198.216,"height_source":"LoD1 solid top minus bottom","production":"2023","laser":"2019","footprints":"2021"},"geometry":{"type":"Polygon","coordinates":[[[13.743036073742996,51.12888451081103],[13.743034034405788,51.128875927783845],[13.743602201157731,51.12884039727724],[13.743602879376464,51.12884437037052],[13.744088695320825,51.12880997603822],[13.743937708849288,51.128093403052475],[13.743470107933764,51.128134098548855],[13.74289210223454,51.12818439663667],[13.742404114952128,51.12822685611064],[13.742403552833517,51.12824755139818],[13.74238515663382,51.12892482306982],[13.7425177777764,51.12891499036885],[13.742519355533139,51.12892109543305],[13.743036073742996,51.12888451081103]]]}},{"type":"Feature","id":"UUID_08ff504a-3b1c-43c1-8081-9197ef346159","properties":{"id":"UUID_08ff504a-3b1c-43c1-8081-9197ef346159","height_m":26.341,"ground_m":198.216,"height_source":"LoD1 solid top minus bottom","production":"2023","laser":"2019","footprints":"2021"},"geometry":{"type":"Polygon","coordinates":[[[13.742405329536286,51.12818213918585],[13.742404114952128,51.12822685611064],[13.74289210223454,51.12818439663667],[13.742893071033935,51.1281487147893],[13.742405329536286,51.12818213918585]]]}},{"type":"Feature","id":"UUID_32db3e4e-08e9-4bce-aab9-676dd7f319bc","properties":{"id":"UUID_32db3e4e-08e9-4bce-aab9-676dd7f319bc","height_m":18.894,"ground_m":198.216,"height_source":"LoD1 solid top minus bottom","production":"2023","laser":"2019","footprints":"2021"},"geometry":{"type":"Polygon","coordinates":[[[13.742577629755127,51.12914762016889],[13.743089174080469,51.129108506660394],[13.743036073742996,51.12888451081103],[13.742519355533139,51.12892109543305],[13.742577629755127,51.12914762016889]]]}},{"type":"Feature","id":"UUID_f26b0f79-9d30-41da-b09e-65bf4602ce9c","properties":{"id":"UUID_f26b0f79-9d30-41da-b09e-65bf4602ce9c","height_m":27.001,"ground_m":198.216,"height_source":"LoD1 solid top minus bottom","production":"2023","laser":"2019","footprints":"2021"},"geometry":{"type":"Polygon","coordinates":[[[13.743610354077202,51.12888807454985],[13.744098102239532,51.128854645176794],[13.744088695320825,51.12880997603822],[13.743602879376464,51.12884437037052],[13.743610354077202,51.12888807454985]]]}},{"type":"Feature","id":"UUID_222ee4ed-2039-453e-bb33-795b48b1fe64","properties":{"id":"UUID_222ee4ed-2039-453e-bb33-795b48b1fe64","height_m":18.775,"ground_m":198.216,"height_source":"LoD1 solid top minus bottom","production":"2023","laser":"2019","footprints":"2021"},"geometry":{"type":"Polygon","coordinates":[[[13.740635418375962,51.128957196739854],[13.740644812755237,51.12901113756803],[13.74064813574577,51.12901086760156],[13.74066119094799,51.129052644678346],[13.74238515663382,51.12892482306982],[13.742403552833517,51.12824755139818],[13.74053730606085,51.12839402058528],[13.740635418375962,51.128957196739854]]]}},{"type":"Feature","id":"UUID_8566b68c-80ab-4d0e-a878-318f7e779b64","properties":{"id":"UUID_8566b68c-80ab-4d0e-a878-318f7e779b64","height_m":9.518,"ground_m":198.216,"height_source":"LoD1 solid top minus bottom","production":"2023","laser":"2019","footprints":"2021"},"geometry":{"type":"Polygon","coordinates":[[[13.739929294270961,51.12833095983482],[13.74012135782017,51.12943644102644],[13.740514359241873,51.12941093553914],[13.740420757118484,51.129029236841035],[13.740438002196392,51.129027839870275],[13.74042625681241,51.12896891869007],[13.740412931044697,51.128969665433914],[13.740293940875018,51.12830514057623],[13.739929294270961,51.12833095983482]]]}},{"type":"Feature","id":"UUID_827e548a-f277-45aa-bf3d-71f0422e34e7","properties":{"id":"UUID_827e548a-f277-45aa-bf3d-71f0422e34e7","height_m":6.265,"ground_m":198.216,"height_source":"LoD1 solid top minus bottom","production":"2023","laser":"2019","footprints":"2021"},"geometry":{"type":"Polygon","coordinates":[[[13.740644812755237,51.12901113756803],[13.740635418375962,51.128957196739854],[13.74042625681241,51.12896891869007],[13.740438002196392,51.129027839870275],[13.740644812755237,51.12901113756803]]]}},{"type":"Feature","id":"UUID_cad03c37-c3a6-47a2-890d-d70e8d40126d","properties":{"id":"UUID_cad03c37-c3a6-47a2-890d-d70e8d40126d","height_m":25.498,"ground_m":198.216,"height_source":"LoD1 solid top minus bottom","production":"2023","laser":"2019","footprints":"2021"},"geometry":{"type":"Polygon","coordinates":[[[13.743937708849288,51.128093403052475],[13.743922236464291,51.12801999083285],[13.74346757191363,51.12805376595842],[13.743470107933764,51.128134098548855],[13.743937708849288,51.128093403052475]]]}},{"type":"Feature","id":"DESNATP1bN0000M4","properties":{"id":"DESNATP1bN0000M4","height_m":5.204,"ground_m":208.751,"height_source":"LoD1 solid top minus bottom","production":"2023","laser":"2019","footprints":"2021"},"geometry":{"type":"Polygon","coordinates":[[[13.718901699850157,51.121741830338806],[13.7188742627958,51.121697977662635],[13.718770569049077,51.12172520474638],[13.71879973102872,51.121769202246234],[13.718901699850157,51.121741830338806]]]}},{"type":"Feature","id":"DESNATPU1000G8BQ","properties":{"id":"DESNATPU1000G8BQ","height_m":2.379,"ground_m":211.125,"height_source":"LoD1 solid top minus bottom","production":"2023","laser":"2019","footprints":"2021"},"geometry":{"type":"Polygon","coordinates":[[[13.722982078799737,51.122028082875524],[13.723011374201116,51.12206428402084],[13.723123245796977,51.122028545386286],[13.723079436788554,51.12197455991931],[13.723042384393896,51.12198647539599],[13.723056474328004,51.12200407526787],[13.722982078799737,51.122028082875524]]]}},{"type":"Feature","id":"DESNATPU1000HhQ6","properties":{"id":"DESNATPU1000HhQ6","height_m":3.031,"ground_m":202.723,"height_source":"LoD1 solid top minus bottom","production":"2023","laser":"2019","footprints":"2021"},"geometry":{"type":"Polygon","coordinates":[[[13.723109618314382,51.12366292459903],[13.723169275203283,51.12362418766339],[13.723107720461188,51.12358664509399],[13.723048063570287,51.123625381998444],[13.723109618314382,51.12366292459903]]]}},{"type":"Feature","id":"DESNATP1bN0000Lx","properties":{"id":"DESNATP1bN0000Lx","height_m":5.506,"ground_m":211.97,"height_source":"LoD1 solid top minus bottom","production":"2023","laser":"2019","footprints":"2021"},"geometry":{"type":"Polygon","coordinates":[[[13.716594387626438,51.12101406536144],[13.716497124851534,51.12104023691874],[13.716535812786185,51.12107246008838],[13.716577243883087,51.121062932855395],[13.71662032867802,51.12105302807575],[13.716606446199883,51.12103216530946],[13.716594387626438,51.12101406536144]]]}},{"type":"Feature","id":"UUID_ae19c779-e0b0-4e5a-a811-e4d9bcc391f7","properties":{"id":"UUID_ae19c779-e0b0-4e5a-a811-e4d9bcc391f7","height_m":4.29,"ground_m":196.753,"height_source":"LoD1 solid top minus bottom","production":"2023","laser":"2019","footprints":"2021"},"geometry":{"type":"Polygon","coordinates":[[[13.725073043638151,51.12494285223471],[13.725052284330234,51.12493126801246],[13.725020673178502,51.1249567326112],[13.725034653080007,51.124965931776075],[13.725073043638151,51.12494285223471]]]}},{"type":"Feature","id":"UUID_a01b70c3-74d9-4e53-8940-f6397cbd6c42","properties":{"id":"UUID_a01b70c3-74d9-4e53-8940-f6397cbd6c42","height_m":6.624,"ground_m":196.753,"height_source":"LoD1 solid top minus bottom","production":"2023","laser":"2019","footprints":"2021"},"geometry":{"type":"Polygon","coordinates":[[[13.725073043638151,51.12494285223471],[13.725034653080007,51.124965931776075],[13.725096663247669,51.125006778624225],[13.725158521575192,51.124969575470494],[13.725096511154092,51.12492873764495],[13.725073043638151,51.12494285223471]]]}},{"type":"Feature","id":"DESNATPU1000Crlq","properties":{"id":"DESNATPU1000Crlq","height_m":9.991,"ground_m":198.846,"height_source":"LoD1 solid top minus bottom","production":"2023","laser":"2019","footprints":"2021"},"geometry":{"type":"Polygon","coordinates":[[[13.733459025099718,51.126492648577084],[13.733704218403108,51.126467876142016],[13.733900731415869,51.12644644300624],[13.73387307281108,51.12632384187379],[13.733058411346873,51.12640017957729],[13.733087528666568,51.12652684345945],[13.733459025099718,51.126492648577084]]]}},{"type":"Feature","id":"DESNATPU1000IaJj","properties":{"id":"DESNATPU1000IaJj","height_m":10.353,"ground_m":210.624,"height_source":"LoD1 solid top minus bottom","production":"2023","laser":"2019","footprints":"2021"},"geometry":{"type":"Polygon","coordinates":[[[13.720358617478023,51.12154625531177],[13.720433222699,51.12156743141979],[13.720461473414975,51.12156274957256],[13.720735743128676,51.12140029230098],[13.720626308517923,51.12132349261975],[13.720501609122442,51.12139735280514],[13.720429831483687,51.12143985862095],[13.720360088825034,51.12154420307317],[13.720358617478023,51.12154625531177]]]}},{"type":"Feature","id":"UUID_c872f239-0161-4499-9d47-01c9d556e222","properties":{"id":"UUID_c872f239-0161-4499-9d47-01c9d556e222","height_m":15.125,"ground_m":200.471,"height_source":"LoD1 solid top minus bottom","production":"2023","laser":"2019","footprints":"2021"},"geometry":{"type":"Polygon","coordinates":[[[13.71878961923077,51.12579300242785],[13.718873820102454,51.1259112627762],[13.719672052996131,51.12568799187637],[13.719537591469862,51.125497868987246],[13.719303614916372,51.125563408922126],[13.719303560009338,51.125563327385734],[13.719094630737546,51.125621758158545],[13.719094671606735,51.12562183054849],[13.718738598345144,51.125721337469734],[13.71878961923077,51.12579300242785]]]}},{"type":"Feature","id":"UUID_58fbc87e-cd41-4c13-a6f5-80744f605556","properties":{"id":"UUID_58fbc87e-cd41-4c13-a6f5-80744f605556","height_m":22.645,"ground_m":200.471,"height_source":"LoD1 solid top minus bottom","production":"2023","laser":"2019","footprints":"2021"},"geometry":{"type":"Polygon","coordinates":[[[13.718978533508036,51.12545751916372],[13.719186527608999,51.12539929418245],[13.719186554937982,51.12539933944571],[13.719986080388917,51.12517546007865],[13.719850900380198,51.124983935787114],[13.718466232400013,51.12537182491864],[13.71860119893606,51.125563150636175],[13.718978561085558,51.125457555436974],[13.718978533508036,51.12545751916372]]]}},{"type":"Feature","id":"UUID_7bcc95d0-797d-41be-bcdf-b7ad15d609b8","properties":{"id":"UUID_7bcc95d0-797d-41be-bcdf-b7ad15d609b8","height_m":18.074,"ground_m":200.471,"height_source":"LoD1 solid top minus bottom","production":"2023","laser":"2019","footprints":"2021"},"geometry":{"type":"Polygon","coordinates":[[[13.718978533508036,51.12545751916372],[13.718978561085558,51.125457555436974],[13.719094630737546,51.125621758158545],[13.719303560009338,51.125563327385734],[13.719186554937982,51.12539933944571],[13.719186527608999,51.12539929418245],[13.718978533508036,51.12545751916372]]]}},{"type":"Feature","id":"UUID_4bbcd7f0-7dbd-4dad-a79e-1448b05f9204","properties":{"id":"UUID_4bbcd7f0-7dbd-4dad-a79e-1448b05f9204","height_m":18.185,"ground_m":200.471,"height_source":"LoD1 solid top minus bottom","production":"2023","laser":"2019","footprints":"2021"},"geometry":{"type":"Polygon","coordinates":[[[13.71878961923077,51.12579300242785],[13.71874282274152,51.12580623963717],[13.718784477285926,51.12586521207348],[13.718826379388192,51.12592453792477],[13.718873820102454,51.1259112627762],[13.71878961923077,51.12579300242785]]]}},{"type":"Feature","id":"UUID_1300437b-c0a3-4947-9a77-a9bf7810b6f3","properties":{"id":"UUID_1300437b-c0a3-4947-9a77-a9bf7810b6f3","height_m":18.195,"ground_m":200.471,"height_source":"LoD1 solid top minus bottom","production":"2023","laser":"2019","footprints":"2021"},"geometry":{"type":"Polygon","coordinates":[[[13.718784477285926,51.12586521207348],[13.718737680473131,51.125878458270115],[13.718779615825781,51.12593761363974],[13.718826379388192,51.12592453792477],[13.718784477285926,51.12586521207348]]]}},{"type":"Feature","id":"DESNATP1bN0000Mj","properties":{"id":"DESNATP1bN0000Mj","height_m":5.113,"ground_m":209.431,"height_source":"LoD1 solid top minus bottom","production":"2023","laser":"2019","footprints":"2021"},"geometry":{"type":"Polygon","coordinates":[[[13.71887439549389,51.120687468588656],[13.718904108908959,51.12070634626401],[13.718926718283962,51.120692250480346],[13.71896053810239,51.120671155224485],[13.71886569607872,51.120610925579975],[13.718831890546756,51.120632020965125],[13.718802882995819,51.1206501293506],[13.718867954711111,51.120691471752586],[13.71887439549389,51.120687468588656]]]}},{"type":"Feature","id":"DESNATP1bN0000Mv","properties":{"id":"DESNATP1bN0000Mv","height_m":2.918,"ground_m":213.643,"height_source":"LoD1 solid top minus bottom","production":"2023","laser":"2019","footprints":"2021"},"geometry":{"type":"Polygon","coordinates":[[[13.722222504406226,51.12114212507021],[13.7222033320087,51.121116097268896],[13.722158791882402,51.12112907272253],[13.722177906872464,51.12115510889657],[13.722222504406226,51.12114212507021]]]}},{"type":"Feature","id":"DESNATPU1000FmVZ","properties":{"id":"DESNATPU1000FmVZ","height_m":4.249,"ground_m":208.837,"height_source":"LoD1 solid top minus bottom","production":"2023","laser":"2019","footprints":"2021"},"geometry":{"type":"Polygon","coordinates":[[[13.717519344660799,51.12122590433951],[13.717532728226756,51.121273056435854],[13.717670117815697,51.121257620831656],[13.71779747380374,51.12124330705281],[13.71781596392733,51.12123815010755],[13.717705483465854,51.121204987196045],[13.717519344660799,51.12122590433951]]]}},{"type":"Feature","id":"DESNATPU1000GkVy","properties":{"id":"DESNATPU1000GkVy","height_m":27.351,"ground_m":201.335,"height_source":"LoD1 solid top minus bottom","production":"2023","laser":"2019","footprints":"2021"},"geometry":{"type":"Polygon","coordinates":[[[13.714383484303704,51.126205594038275],[13.714810124907824,51.126085976730536],[13.714838313296184,51.126125881766946],[13.714995177750271,51.1260817694878],[13.71496718302361,51.126042091437164],[13.715655785096407,51.12584922569175],[13.715683671248565,51.12588871353595],[13.715981756716182,51.12580534169603],[13.715953789625898,51.125765673178726],[13.716380549532644,51.12564609643626],[13.716067188402588,51.125202774103286],[13.716375714625235,51.1251163234722],[13.716936501667183,51.12590941862022],[13.717280727819745,51.12581269187955],[13.717352196114573,51.12591325975433],[13.71860119893606,51.125563150636175],[13.718466232400013,51.12537182491864],[13.718407320964198,51.12538804971207],[13.718269726126497,51.125193115823215],[13.718331078085853,51.12517596461472],[13.718347314696317,51.12519910115281],[13.718709436881138,51.125097782217516],[13.718623424298716,51.12497585979769],[13.718649219547546,51.12496858853158],[13.718658454580371,51.12496381564213],[13.718665304486818,51.1249548619505],[13.718664564817377,51.12494492581381],[13.718654751891087,51.12493546578991],[13.718638404745812,51.12493078127134],[13.718624180313427,51.12493149769566],[13.718597583571752,51.124938814129685],[13.71821670244447,51.12440089095437],[13.718242945271829,51.12439344482883],[13.718252682621397,51.12438807496105],[13.718258898760809,51.12437826902368],[13.7182563437864,51.12436783636707],[13.71824572379567,51.12435966242125],[13.718229976854634,51.1243560185935],[13.718217131849784,51.124356983901045],[13.71819073587656,51.12436428445742],[13.717810247328767,51.12382645410257],[13.71783579945103,51.123819171357766],[13.717845728163987,51.12381359678793],[13.71785187611743,51.12380367321741],[13.717849266361837,51.123793159014696],[13.717838563597725,51.1237848852021],[13.717822677014816,51.12378113187366],[13.717809461730536,51.12378205710457],[13.717783527396964,51.12378920975341],[13.717655554123557,51.12360831039261],[13.717246714799344,51.12372298043755],[13.71728829641551,51.12378187170636],[13.717241417330992,51.12379505345015],[13.716836138792003,51.12390850213878],[13.716794444852312,51.12384955551923],[13.716384988269914,51.12396417082449],[13.716468026985648,51.124081745760634],[13.715467761894704,51.12436204701036],[13.715426833080889,51.12430389967264],[13.714931011462602,51.12444278585175],[13.714906667280488,51.12440805795237],[13.714753285516872,51.124450976371854],[13.714777728857817,51.12448573237152],[13.714281643743192,51.12462470283898],[13.714365007570722,51.124742255868576],[13.71431010802579,51.12475756048327],[13.714381712723858,51.124859102942914],[13.714436529645964,51.12484368947268],[13.714615933897353,51.1250968482105],[13.714560988157764,51.125112260349034],[13.714632853588228,51.125213715583165],[13.714687670102183,51.125198328968644],[13.714824140714171,51.12539100657875],[13.714559095141059,51.12546512539909],[13.714531058294801,51.125425446774145],[13.714373970560494,51.12546943007456],[13.714401978225867,51.12550912640203],[13.713975089528677,51.12562856862374],[13.714383484303704,51.126205594038275]],[[13.717214181425076,51.12572275346494],[13.71715466210498,51.12563863849127],[13.717157801658166,51.125637764663864],[13.716957744890598,51.12535473409645],[13.717300253360351,51.1252584740683],[13.717325873513643,51.12529468127607],[13.717300104708688,51.12530201549084],[13.717290219961095,51.12530753654003],[13.71728405814331,51.12531743294938],[13.717286654061944,51.12532792902487],[13.717297329004014,51.12533618459416],[13.71731315967686,51.1253399103995],[13.717326246839995,51.125338983817805],[13.71735235404636,51.12533181517932],[13.71743829496858,51.12545364782368],[13.717801040624284,51.125352149681326],[13.717784767199602,51.125329318418],[13.717845857635384,51.12531233545826],[13.71798381116649,51.12550716586691],[13.717214181425076,51.12572275346494]],[[13.716505138974453,51.12413431128071],[13.716512894140479,51.12414529566066],[13.716486881499812,51.12415268097584],[13.71647707057581,51.124158121832025],[13.716470867131015,51.124167972779595],[13.716473434981264,51.124178441589635],[13.716484082190073,51.12418665196795],[13.716499856008593,51.12419035028345],[13.71651285764474,51.124189404869455],[13.71653897960486,51.124182200604075],[13.71691941878327,51.12471983672761],[13.716893390848124,51.12472724894406],[13.71688355027998,51.12473272547997],[13.716877331808801,51.12474260326161],[13.716879913070137,51.12475310817956],[13.716890574269721,51.12476133665839],[13.71690637639034,51.12476505321394],[13.716919420540245,51.1247641262063],[13.7169455991611,51.12475694944984],[13.716968807647943,51.12478991985463],[13.716626000240158,51.12488623857697],[13.716583233099293,51.12482474414994],[13.716237570271625,51.12492144406421],[13.716280967616873,51.124982873594504],[13.715969734305089,51.12507111978318],[13.71583271256491,51.12487756516227],[13.715887497225342,51.124862267565376],[13.715815906730846,51.12476060929056],[13.71576090563499,51.12477598541175],[13.71558169730317,51.12452279461791],[13.71563665554649,51.12450740911783],[13.71557380090414,51.124419021068775],[13.716177079115216,51.12424983727675],[13.716163373802283,51.124230289363425],[13.716505138974453,51.12413431128071]]]}},{"type":"Feature","id":"DESNATPU1000Dpit","properties":{"id":"DESNATPU1000Dpit","height_m":4.45,"ground_m":202.084,"height_source":"LoD1 solid top minus bottom","production":"2023","laser":"2019","footprints":"2021"},"geometry":{"type":"Polygon","coordinates":[[[13.714097342467248,51.12607225017114],[13.713971142370687,51.12610359601533],[13.714024780428552,51.12618934757977],[13.714150980724622,51.12615800167957],[13.714097342467248,51.12607225017114]]]}},{"type":"Feature","id":"DESNATP1bN0000MS","properties":{"id":"DESNATP1bN0000MS","height_m":4.878,"ground_m":202.504,"height_source":"LoD1 solid top minus bottom","production":"2023","laser":"2019","footprints":"2021"},"geometry":{"type":"Polygon","coordinates":[[[13.724039190961287,51.12319835204268],[13.724079883426493,51.12318971337063],[13.724056369868281,51.12314587777717],[13.724015677437503,51.123154516441346],[13.724039190961287,51.12319835204268]]]}},{"type":"Feature","id":"DESNATPU1000Exd7","properties":{"id":"DESNATPU1000Exd7","height_m":3.356,"ground_m":204.823,"height_source":"LoD1 solid top minus bottom","production":"2023","laser":"2019","footprints":"2021"},"geometry":{"type":"Polygon","coordinates":[[[13.714166124156613,51.12755276892673],[13.714224844486093,51.12763569856713],[13.714333298007794,51.127605416311546],[13.71427472288484,51.1275223983946],[13.714166124156613,51.12755276892673]]]}},{"type":"Feature","id":"DESNATP1bN0000M0","properties":{"id":"DESNATP1bN0000M0","height_m":3.224,"ground_m":208.452,"height_source":"LoD1 solid top minus bottom","production":"2023","laser":"2019","footprints":"2021"},"geometry":{"type":"Polygon","coordinates":[[[13.717599054321061,51.12064107824755],[13.717579573821034,51.12061956966894],[13.717492372091922,51.12065399087059],[13.717558459266783,51.1207246706291],[13.717604020124636,51.12070840776517],[13.717558774312009,51.12065446737981],[13.717599054321061,51.12064107824755]]]}},{"type":"Feature","id":"DESNATP1bN0000Mn","properties":{"id":"DESNATP1bN0000Mn","height_m":4.617,"ground_m":211.146,"height_source":"LoD1 solid top minus bottom","production":"2023","laser":"2019","footprints":"2021"},"geometry":{"type":"Polygon","coordinates":[[[13.72176349285185,51.12183276299625],[13.721814660020726,51.12181164972219],[13.721766216193506,51.1217651580359],[13.72171349063444,51.1217868207976],[13.72176349285185,51.12183276299625]]]}},{"type":"Feature","id":"UUID_6d9ddb75-2f74-4910-9f61-2733646ab2d2","properties":{"id":"UUID_6d9ddb75-2f74-4910-9f61-2733646ab2d2","height_m":2.669,"ground_m":214.29,"height_source":"LoD1 solid top minus bottom","production":"2023","laser":"2019","footprints":"2021"},"geometry":{"type":"Polygon","coordinates":[[[13.721950992715438,51.121196603615765],[13.721996755573779,51.121182301680236],[13.722028667094552,51.1211723267458],[13.721990138261106,51.12111918093725],[13.721909726257273,51.121144282172416],[13.721930256059718,51.12117030687373],[13.721950992715438,51.121196603615765]]]}},{"type":"Feature","id":"UUID_1faa7886-988c-4777-a1d8-b6cda900ab04","properties":{"id":"UUID_1faa7886-988c-4777-a1d8-b6cda900ab04","height_m":2.95,"ground_m":214.29,"height_source":"LoD1 solid top minus bottom","production":"2023","laser":"2019","footprints":"2021"},"geometry":{"type":"Polygon","coordinates":[[[13.721808015530724,51.121208493964176],[13.721930256059718,51.12117030687373],[13.721909726257273,51.121144282172416],[13.721815506188467,51.12117369283366],[13.721787472240319,51.12118244211555],[13.721808015530724,51.121208493964176]]]}},{"type":"Feature","id":"UUID_054e398f-3fad-4ccc-9b5e-43e1b56e43f7","properties":{"id":"UUID_054e398f-3fad-4ccc-9b5e-43e1b56e43f7","height_m":2.607,"ground_m":214.29,"height_source":"LoD1 solid top minus bottom","production":"2023","laser":"2019","footprints":"2021"},"geometry":{"type":"Polygon","coordinates":[[[13.722083706211313,51.121175536193206],[13.722031506937661,51.12110617987808],[13.721990138261106,51.12111918093725],[13.722028667094552,51.1211723267458],[13.722028926455062,51.121172248645436],[13.722039707043049,51.121187546293086],[13.722083706211313,51.121175536193206]]]}},{"type":"Feature","id":"DESNATPU1000DmLW","properties":{"id":"DESNATPU1000DmLW","height_m":5.583,"ground_m":212.449,"height_source":"LoD1 solid top minus bottom","production":"2023","laser":"2019","footprints":"2021"},"geometry":{"type":"Polygon","coordinates":[[[13.722002128955552,51.121521442355935],[13.721991186750886,51.12152701519255],[13.721945678331672,51.121491697721765],[13.721894199442508,51.12151687238407],[13.721867937920287,51.121530254357836],[13.721797412828643,51.1215662459382],[13.721793660907199,51.121568093408825],[13.721922189728831,51.12166711503029],[13.721935494176515,51.12166034500146],[13.722023740448048,51.12161546431183],[13.722066044951475,51.12159393931557],[13.722083726191327,51.12158494193023],[13.722002128955552,51.121521442355935]]]}},{"type":"Feature","id":"DESNATPU1000CUFr","properties":{"id":"DESNATPU1000CUFr","height_m":2.981,"ground_m":214.04,"height_source":"LoD1 solid top minus bottom","production":"2023","laser":"2019","footprints":"2021"},"geometry":{"type":"Polygon","coordinates":[[[13.714224660842962,51.12057301376478],[13.714243810817813,51.12060431242432],[13.714335779772306,51.12058200538814],[13.714306062903303,51.12053346827866],[13.71424459236897,51.120548367868146],[13.714255158940382,51.12056561532806],[13.714224660842962,51.12057301376478]]]}},{"type":"Feature","id":"DESNATPU1000EMhl","properties":{"id":"DESNATPU1000EMhl","height_m":6.749,"ground_m":213.463,"height_source":"LoD1 solid top minus bottom","production":"2023","laser":"2019","footprints":"2021"},"geometry":{"type":"Polygon","coordinates":[[[13.72086774603623,51.12105785228441],[13.720964797323727,51.12098957955484],[13.7208824875616,51.12094317566848],[13.720785436252466,51.121011448330066],[13.72086774603623,51.12105785228441]]]}},{"type":"Feature","id":"DESNATP1bN0000Lj","properties":{"id":"DESNATP1bN0000Lj","height_m":3.843,"ground_m":213.454,"height_source":"LoD1 solid top minus bottom","production":"2023","laser":"2019","footprints":"2021"},"geometry":{"type":"Polygon","coordinates":[[[13.71584323421868,51.12147328143629],[13.715736312242562,51.12150145059465],[13.715858374314234,51.121678618193386],[13.715971487050822,51.12164724353071],[13.715960587286203,51.12163167422495],[13.715873369834448,51.12150679578715],[13.715866506308712,51.12150850997551],[13.71584323421868,51.12147328143629]]]}},{"type":"Feature","id":"DESNATP1bN0000Ly","properties":{"id":"DESNATP1bN0000Ly","height_m":3.994,"ground_m":208.381,"height_source":"LoD1 solid top minus bottom","production":"2023","laser":"2019","footprints":"2021"},"geometry":{"type":"Polygon","coordinates":[[[13.717706026680048,51.12085559634123],[13.717731133970142,51.120890125211275],[13.717742272177857,51.120905355241085],[13.71784498201378,51.120875429437774],[13.717808870315089,51.120825995777444],[13.717706026680048,51.12085559634123]]]}},{"type":"Feature","id":"DESNATPU1000CvlG","properties":{"id":"DESNATPU1000CvlG","height_m":4.286,"ground_m":202.862,"height_source":"LoD1 solid top minus bottom","production":"2023","laser":"2019","footprints":"2021"},"geometry":{"type":"Polygon","coordinates":[[[13.723412505084257,51.123136377113255],[13.723348073749406,51.123172094427396],[13.723432289009315,51.12323254607784],[13.723457830517031,51.12321834654364],[13.723483945907736,51.123204063341085],[13.72349686322009,51.1231968302773],[13.723412505084257,51.123136377113255]]]}},{"type":"Feature","id":"DESNATPU1000HHS1","properties":{"id":"DESNATPU1000HHS1","height_m":2.634,"ground_m":203.303,"height_source":"LoD1 solid top minus bottom","production":"2023","laser":"2019","footprints":"2021"},"geometry":{"type":"Polygon","coordinates":[[[13.732740596136356,51.12247352182662],[13.732719624901353,51.122430488932075],[13.732624093601258,51.122448967849216],[13.732644779048385,51.12249199766352],[13.732740596136356,51.12247352182662]]]}},{"type":"Feature","id":"DESNATP1bN0000MM","properties":{"id":"DESNATP1bN0000MM","height_m":3.334,"ground_m":212.9,"height_source":"LoD1 solid top minus bottom","production":"2023","laser":"2019","footprints":"2021"},"geometry":{"type":"Polygon","coordinates":[[[13.715081822082558,51.123479517208025],[13.71516185260067,51.12345660170485],[13.715052494438037,51.12331025643244],[13.71497248276578,51.12333198501973],[13.715081822082558,51.123479517208025]]]}},{"type":"Feature","id":"UUID_9e5ee360-058f-4ccd-b3b9-4c159c9627ee","properties":{"id":"UUID_9e5ee360-058f-4ccd-b3b9-4c159c9627ee","height_m":6.793,"ground_m":198.499,"height_source":"LoD1 solid top minus bottom","production":"2023","laser":"2019","footprints":"2021"},"geometry":{"type":"Polygon","coordinates":[[[13.725314172052377,51.1238845940522],[13.725349811245565,51.1239925811529],[13.725450833858725,51.12397937483611],[13.72541754033147,51.12387857158717],[13.725314172052377,51.1238845940522]]]}},{"type":"Feature","id":"UUID_d6cb96e4-ee14-4cc5-b3a0-56c57d3eb963","properties":{"id":"UUID_d6cb96e4-ee14-4cc5-b3a0-56c57d3eb963","height_m":4.024,"ground_m":198.499,"height_source":"LoD1 solid top minus bottom","production":"2023","laser":"2019","footprints":"2021"},"geometry":{"type":"Polygon","coordinates":[[[13.725339061438797,51.12396000903213],[13.725311772588832,51.12396812879409],[13.725321070469796,51.12399634157773],[13.725349811245565,51.1239925811529],[13.725339061438797,51.12396000903213]]]}},{"type":"Feature","id":"DESNATPU1000BWHe","properties":{"id":"DESNATPU1000BWHe","height_m":3.472,"ground_m":198.332,"height_source":"LoD1 solid top minus bottom","production":"2023","laser":"2019","footprints":"2021"},"geometry":{"type":"Polygon","coordinates":[[[13.730569357137176,51.124175351123036],[13.730560371009211,51.124226872091995],[13.73056907552987,51.12422732630157],[13.730568565625534,51.12423028838146],[13.730678963281166,51.12423787170178],[13.730689648933348,51.12417647712127],[13.730570694699637,51.12416826135215],[13.730569357137176,51.124175351123036]]]}},{"type":"Feature","id":"DESNATP1bN0000Mb","properties":{"id":"DESNATP1bN0000Mb","height_m":5.251,"ground_m":208.982,"height_source":"LoD1 solid top minus bottom","production":"2023","laser":"2019","footprints":"2021"},"geometry":{"type":"Polygon","coordinates":[[[13.718720143250154,51.120724213587565],[13.718752837958466,51.12070195498571],[13.718704870155934,51.12067404632295],[13.718672175693484,51.12069629592139],[13.718720143250154,51.120724213587565]]]}},{"type":"Feature","id":"DESNATPU1000C7r9","properties":{"id":"DESNATPU1000C7r9","height_m":7.626,"ground_m":202.561,"height_source":"LoD1 solid top minus bottom","production":"2023","laser":"2019","footprints":"2021"},"geometry":{"type":"Polygon","coordinates":[[[13.723483271411459,51.1234358898684],[13.723441231054652,51.123408398610934],[13.723405366854807,51.12338494957606],[13.723204246380714,51.12350640439035],[13.723208598077571,51.12350923966978],[13.723240037655316,51.12352990664691],[13.72327035424052,51.12354984193131],[13.723282005580868,51.123557433156485],[13.723483271411459,51.1234358898684]]]}},{"type":"Feature","id":"DESNATP1bN0000NN","properties":{"id":"DESNATP1bN0000NN","height_m":3.026,"ground_m":204.978,"height_source":"LoD1 solid top minus bottom","production":"2023","laser":"2019","footprints":"2021"},"geometry":{"type":"Polygon","coordinates":[[[13.734642068367927,51.12065558620248],[13.734626892039039,51.12064570077657],[13.734608656364014,51.120656789366706],[13.734634291868176,51.120673487600534],[13.734654647457651,51.12066377985653],[13.734642068367927,51.12065558620248]]]}},{"type":"Feature","id":"DESNATPU1000FZOs","properties":{"id":"DESNATPU1000FZOs","height_m":4.768,"ground_m":203.58,"height_source":"LoD1 solid top minus bottom","production":"2023","laser":"2019","footprints":"2021"},"geometry":{"type":"Polygon","coordinates":[[[13.732936685534817,51.123995632484416],[13.732879264847083,51.12399888614518],[13.732889613187961,51.12407034694448],[13.733161156794631,51.12405453925076],[13.733274709590566,51.124048125577744],[13.7332695457292,51.124012790990065],[13.733210864937602,51.12401613907607],[13.733153701140036,51.1240194046475],[13.733151182435446,51.12400177850323],[13.733096910534915,51.124004850558755],[13.733100161422227,51.124027052965715],[13.7329427500706,51.124036165677474],[13.732936685534817,51.123995632484416]]]}},{"type":"Feature","id":"DESNATPU1000Bg2R","properties":{"id":"DESNATPU1000Bg2R","height_m":8.766,"ground_m":204.914,"height_source":"LoD1 solid top minus bottom","production":"2023","laser":"2019","footprints":"2021"},"geometry":{"type":"Polygon","coordinates":[[[13.734794453848702,51.12103923031715],[13.73498844757212,51.12094699501726],[13.734910774614004,51.120882036178486],[13.734716635707573,51.12097435970674],[13.734794453848702,51.12103923031715]]]}},{"type":"Feature","id":"DESNATP1bN0000MG","properties":{"id":"DESNATP1bN0000MG","height_m":5.206,"ground_m":196.716,"height_source":"LoD1 solid top minus bottom","production":"2023","laser":"2019","footprints":"2021"},"geometry":{"type":"Polygon","coordinates":[[[13.725096511154092,51.12492873764495],[13.725158521575192,51.124969575470494],[13.725294588456673,51.12488776775215],[13.725232363484624,51.12484693665205],[13.725201628544335,51.12486549540601],[13.725179282913032,51.1248508003965],[13.725174569927937,51.124847583556466],[13.725108353977163,51.124888911856836],[13.725134320803372,51.12490599347545],[13.725096511154092,51.12492873764495]]]}},{"type":"Feature","id":"DESNATPU1000Bl8G","properties":{"id":"DESNATPU1000Bl8G","height_m":2.914,"ground_m":210.086,"height_source":"LoD1 solid top minus bottom","production":"2023","laser":"2019","footprints":"2021"},"geometry":{"type":"Polygon","coordinates":[[[13.720955227937141,51.12265642245796],[13.7209640864602,51.12266473876182],[13.720978841319802,51.12267893789269],[13.720992079310063,51.12269166359872],[13.72109111768817,51.122650903445134],[13.72104871588957,51.12261691457255],[13.721026912681355,51.122626127506834],[13.720955227937141,51.12265642245796]]]}},{"type":"Feature","id":"UUID_92325e06-4406-42ba-a670-11100c2da9d5","properties":{"id":"UUID_92325e06-4406-42ba-a670-11100c2da9d5","height_m":4.126,"ground_m":195.381,"height_source":"LoD1 solid top minus bottom","production":"2023","laser":"2019","footprints":"2021"},"geometry":{"type":"Polygon","coordinates":[[[13.736089391553302,51.13002648884132],[13.736112400691686,51.130029660181386],[13.736221480257184,51.13004470593627],[13.73630216887175,51.13005582968993],[13.73631683515045,51.1300138391097],[13.736374197266276,51.1298496216626],[13.736161050103295,51.12982024996516],[13.736089391553302,51.13002648884132]]]}},{"type":"Feature","id":"UUID_f3338250-3488-4d24-81e5-6a7db13f5d41","properties":{"id":"UUID_f3338250-3488-4d24-81e5-6a7db13f5d41","height_m":2.648,"ground_m":195.381,"height_source":"LoD1 solid top minus bottom","production":"2023","laser":"2019","footprints":"2021"},"geometry":{"type":"Polygon","coordinates":[[[13.73630216887175,51.13005582968993],[13.736412031688142,51.13007098265122],[13.73642689618259,51.13002905714887],[13.73631683515045,51.1300138391097],[13.73630216887175,51.13005582968993]]]}},{"type":"Feature","id":"DESNATP1bN0000Ln","properties":{"id":"DESNATP1bN0000Ln","height_m":3.59,"ground_m":211.206,"height_source":"LoD1 solid top minus bottom","production":"2023","laser":"2019","footprints":"2021"},"geometry":{"type":"Polygon","coordinates":[[[13.716382418980366,51.12058628970314],[13.716427248588907,51.120577860981825],[13.716412937063625,51.12054773989908],[13.716368107731006,51.12055615962511],[13.716382418980366,51.12058628970314]]]}},{"type":"Feature","id":"DESNATP1bN0000NO","properties":{"id":"DESNATP1bN0000NO","height_m":2.832,"ground_m":204.646,"height_source":"LoD1 solid top minus bottom","production":"2023","laser":"2019","footprints":"2021"},"geometry":{"type":"Polygon","coordinates":[[[13.733247070418672,51.120955093968554],[13.733263162677634,51.12098581676831],[13.733272280543837,51.1209841979255],[13.733285718959634,51.1209907463654],[13.73329906542057,51.121017374678715],[13.73337127860172,51.12099348976479],[13.733326057015471,51.12094216372318],[13.733247070418672,51.120955093968554]]]}},{"type":"Feature","id":"DESNATPU1000I30Z","properties":{"id":"DESNATPU1000I30Z","height_m":2.398,"ground_m":208.737,"height_source":"LoD1 solid top minus bottom","production":"2023","laser":"2019","footprints":"2021"},"geometry":{"type":"Polygon","coordinates":[[[13.722272619742238,51.12294227260523],[13.722301007058402,51.12291609006218],[13.722221860471171,51.12288227564013],[13.72219318504504,51.1229080233622],[13.722272619742238,51.12294227260523]]]}},{"type":"Feature","id":"DESNATPU1000G3j2","properties":{"id":"DESNATPU1000G3j2","height_m":7.012,"ground_m":199.001,"height_source":"LoD1 solid top minus bottom","production":"2023","laser":"2019","footprints":"2021"},"geometry":{"type":"Polygon","coordinates":[[[13.724435249034343,51.124505088472525],[13.724513959276685,51.12455801525739],[13.724525187448224,51.124565421884185],[13.724695150527715,51.12446493788585],[13.724605492848452,51.12440478752166],[13.724435249034343,51.124505088472525]]]}},{"type":"Feature","id":"DESNATPU1000Ic3N","properties":{"id":"DESNATPU1000Ic3N","height_m":6.49,"ground_m":200.063,"height_source":"LoD1 solid top minus bottom","production":"2023","laser":"2019","footprints":"2021"},"geometry":{"type":"Polygon","coordinates":[[[13.72468900326798,51.12365765202973],[13.724739384655674,51.1237117984728],[13.724760536351525,51.12373453808099],[13.724801102950687,51.12371958485361],[13.724729583860071,51.12364270797253],[13.72468900326798,51.12365765202973]]]}},{"type":"Feature","id":"DESNATPU1000JPoE","properties":{"id":"DESNATPU1000JPoE","height_m":6.921,"ground_m":208.149,"height_source":"LoD1 solid top minus bottom","production":"2023","laser":"2019","footprints":"2021"},"geometry":{"type":"Polygon","coordinates":[[[13.718043021371562,51.12116426395578],[13.718072032065537,51.121190975848045],[13.718068459227485,51.12120183593658],[13.718143271901242,51.12120306978412],[13.718259691111461,51.12115332092661],[13.718207993810205,51.121105272299395],[13.718200140948916,51.12109782112077],[13.718138324344066,51.1211231775732],[13.718083431486479,51.12114566925873],[13.718043021371562,51.12116426395578]]]}},{"type":"Feature","id":"DESNATPU1000F5Sw","properties":{"id":"DESNATPU1000F5Sw","height_m":8.643,"ground_m":199.757,"height_source":"LoD1 solid top minus bottom","production":"2023","laser":"2019","footprints":"2021"},"geometry":{"type":"Polygon","coordinates":[[[13.724072637524543,51.124133138788906],[13.723985381857215,51.12418812172573],[13.723967043656744,51.12419967517012],[13.724056817192567,51.12425609529152],[13.724207217271477,51.12416130678175],[13.724117458017819,51.12410488693079],[13.724072637524543,51.124133138788906]]]}},{"type":"Feature","id":"DESNATP1bN0000MD","properties":{"id":"DESNATP1bN0000MD","height_m":4.06,"ground_m":212.695,"height_source":"LoD1 solid top minus bottom","production":"2023","laser":"2019","footprints":"2021"},"geometry":{"type":"Polygon","coordinates":[[[13.721744739249633,51.12100672356497],[13.721725891921164,51.12101241679193],[13.721758418116025,51.12105420213153],[13.721830824548432,51.1210318192388],[13.721816659835897,51.12101384969185],[13.721838038757314,51.12100703304709],[13.721818077919007,51.1209826602277],[13.721744739249633,51.12100672356497]]]}},{"type":"Feature","id":"DESNATPU1000B17I","properties":{"id":"DESNATPU1000B17I","height_m":3.924,"ground_m":212.648,"height_source":"LoD1 solid top minus bottom","production":"2023","laser":"2019","footprints":"2021"},"geometry":{"type":"Polygon","coordinates":[[[13.717158718317858,51.12187261258372],[13.717114338386166,51.12188075875248],[13.717153925634964,51.12195277566797],[13.717244196291853,51.121933532237456],[13.717201503557698,51.121860132365065],[13.717158718317858,51.12187261258372]]]}},{"type":"Feature","id":"DESNATPU1000GUmi","properties":{"id":"DESNATPU1000GUmi","height_m":4.03,"ground_m":199.02,"height_source":"LoD1 solid top minus bottom","production":"2023","laser":"2019","footprints":"2021"},"geometry":{"type":"Polygon","coordinates":[[[13.724431213221939,51.12439740088839],[13.724387833943089,51.124426244125964],[13.724471066731965,51.12447580302209],[13.724514446006506,51.124446959753826],[13.724431213221939,51.12439740088839]]]}},{"type":"Feature","id":"DESNATP1bN0000MR","properties":{"id":"DESNATP1bN0000MR","height_m":2.53,"ground_m":214.07,"height_source":"LoD1 solid top minus bottom","production":"2023","laser":"2019","footprints":"2021"},"geometry":{"type":"Polygon","coordinates":[[[13.720810793520256,51.12082801210807],[13.720783163699938,51.12083920261584],[13.720816304782128,51.12087162446601],[13.72084435198347,51.12086084319185],[13.72082762864347,51.12084447322659],[13.720810793520256,51.12082801210807]]]}},{"type":"Feature","id":"DESNATPU1000E0cE","properties":{"id":"DESNATPU1000E0cE","height_m":6.503,"ground_m":204.752,"height_source":"LoD1 solid top minus bottom","production":"2023","laser":"2019","footprints":"2021"},"geometry":{"type":"Polygon","coordinates":[[[13.733676027967737,51.12100217724643],[13.73369824208546,51.12099558331107],[13.733713131329864,51.12099035788333],[13.733750917313044,51.12097708907097],[13.733752345244032,51.120971376135635],[13.733768322583394,51.120966072556385],[13.73371241600526,51.1208733271315],[13.733649434427699,51.120888310465574],[13.733618468708501,51.120895672915005],[13.733608891078571,51.120897907306855],[13.733676027967737,51.12100217724643]]]}},{"type":"Feature","id":"UUID_613aecce-8310-475a-85f1-9f3e42dc29fc","properties":{"id":"UUID_613aecce-8310-475a-85f1-9f3e42dc29fc","height_m":4.287,"ground_m":210.736,"height_source":"LoD1 solid top minus bottom","production":"2023","laser":"2019","footprints":"2021"},"geometry":{"type":"Polygon","coordinates":[[[13.721162096400416,51.1215351806039],[13.721108673112703,51.12149931760821],[13.721027849212081,51.12153980938289],[13.721077604313304,51.121573968628795],[13.72109161360041,51.121583591259466],[13.72116829716129,51.12153934913108],[13.721162169066597,51.121535136434716],[13.721162096400416,51.1215351806039]]]}},{"type":"Feature","id":"UUID_dc24bbcc-9546-4669-a30e-c5bed18399d8","properties":{"id":"UUID_dc24bbcc-9546-4669-a30e-c5bed18399d8","height_m":3.672,"ground_m":210.736,"height_source":"LoD1 solid top minus bottom","production":"2023","laser":"2019","footprints":"2021"},"geometry":{"type":"Polygon","coordinates":[[[13.721187663572477,51.12145380573747],[13.721223141473375,51.1214782134734],[13.721249959968793,51.12146277838711],[13.721214453495385,51.121438370346794],[13.721187663572477,51.12145380573747]]]}},{"type":"Feature","id":"UUID_84945d66-4409-42f2-91a6-4aa615cdbc9a","properties":{"id":"UUID_84945d66-4409-42f2-91a6-4aa615cdbc9a","height_m":3.445,"ground_m":210.736,"height_source":"LoD1 solid top minus bottom","production":"2023","laser":"2019","footprints":"2021"},"geometry":{"type":"Polygon","coordinates":[[[13.721240417597935,51.121490102024545],[13.721223141473375,51.1214782134734],[13.721187663572477,51.12145380573747],[13.721108673112703,51.12149931760821],[13.721162096400416,51.1215351806039],[13.721162169066597,51.121535136434716],[13.721240417597935,51.121490102024545]]]}},{"type":"Feature","id":"DESNATPU1000JgAF","properties":{"id":"DESNATPU1000JgAF","height_m":6.005,"ground_m":211.069,"height_source":"LoD1 solid top minus bottom","production":"2023","laser":"2019","footprints":"2021"},"geometry":{"type":"Polygon","coordinates":[[[13.719999049162022,51.12201282226169],[13.720062195968824,51.12198742543246],[13.720027988473372,51.12195376868303],[13.719964855979486,51.12197916565052],[13.719999049162022,51.12201282226169]]]}},{"type":"Feature","id":"DESNATPU1000BUZA","properties":{"id":"DESNATPU1000BUZA","height_m":3.0,"ground_m":207.377,"height_source":"LoD1 solid top minus bottom","production":"2023","laser":"2019","footprints":"2021"},"geometry":{"type":"Polygon","coordinates":[[[13.73654269902883,51.12101255848084],[13.736582369312396,51.12104594564606],[13.736591401803942,51.12104169073935],[13.736601519887083,51.12103692598073],[13.736637403552423,51.1210200295815],[13.736597733005466,51.12098665142481],[13.73654269902883,51.12101255848084]]]}},{"type":"Feature","id":"UUID_a363594a-366f-416f-8130-232b34957f77","properties":{"id":"UUID_a363594a-366f-416f-8130-232b34957f77","height_m":8.314,"ground_m":203.074,"height_source":"LoD1 solid top minus bottom","production":"2023","laser":"2019","footprints":"2021"},"geometry":{"type":"Polygon","coordinates":[[[13.73247817399007,51.12111953976497],[13.732543647833868,51.12110801931605],[13.7325320056388,51.12108178708574],[13.732532091840326,51.12108177003458],[13.732518262202328,51.12105036122996],[13.732518850835648,51.12105025969732],[13.732500396361301,51.12100979898749],[13.732434681771847,51.121021244859854],[13.732366583801,51.12103310550299],[13.732410316514013,51.12113148397588],[13.73247817399007,51.12111953976497]]]}},{"type":"Feature","id":"UUID_7f106542-5cc0-4e08-bec4-e9d81cf9e6f1","properties":{"id":"UUID_7f106542-5cc0-4e08-bec4-e9d81cf9e6f1","height_m":3.678,"ground_m":203.074,"height_source":"LoD1 solid top minus bottom","production":"2023","laser":"2019","footprints":"2021"},"geometry":{"type":"Polygon","coordinates":[[[13.732555223661885,51.121077677262754],[13.732541235891306,51.12104630271791],[13.732518850835648,51.12105025969732],[13.732518262202328,51.12105036122996],[13.732532091840326,51.12108177003458],[13.732555223661885,51.121077677262754]]]}},{"type":"Feature","id":"DESNATP1bN0000Ml","properties":{"id":"DESNATP1bN0000Ml","height_m":3.357,"ground_m":208.941,"height_source":"LoD1 solid top minus bottom","production":"2023","laser":"2019","footprints":"2021"},"geometry":{"type":"Polygon","coordinates":[[[13.723206455381444,51.12231508278066],[13.723206655870474,51.12231506698431],[13.72326827075267,51.122308905249355],[13.723251905490569,51.12227483276098],[13.72319930049874,51.12228642559055],[13.723206455381444,51.12231508278066]]]}},{"type":"Feature","id":"UUID_3f5e6735-75dc-4654-86ec-ee57f180617e","properties":{"id":"UUID_3f5e6735-75dc-4654-86ec-ee57f180617e","height_m":5.864,"ground_m":209.591,"height_source":"LoD1 solid top minus bottom","production":"2023","laser":"2019","footprints":"2021"},"geometry":{"type":"Polygon","coordinates":[[[13.71943903089274,51.12185936167739],[13.719450080487816,51.12187265711959],[13.71950270190554,51.12185531976421],[13.719491638014246,51.12184202417042],[13.71943903089274,51.12185936167739]]]}},{"type":"Feature","id":"UUID_547d448a-dc6d-4304-8d94-72a883fe2264","properties":{"id":"UUID_547d448a-dc6d-4304-8d94-72a883fe2264","height_m":6.577,"ground_m":209.591,"height_source":"LoD1 solid top minus bottom","production":"2023","laser":"2019","footprints":"2021"},"geometry":{"type":"Polygon","coordinates":[[[13.719322643700922,51.12191465161245],[13.719313947997204,51.12191751499785],[13.719328718689821,51.121935248679854],[13.719347540929416,51.121957873845844],[13.719352616499188,51.121963972587636],[13.719418999635627,51.12194350362554],[13.71954401299423,51.121904917733744],[13.719518786730777,51.12187462356533],[13.71950270190554,51.12185531976421],[13.719450080487816,51.12187265711959],[13.719322643700922,51.12191465161245]]]}},{"type":"Feature","id":"DESNATP1bN0000MX","properties":{"id":"DESNATP1bN0000MX","height_m":3.0,"ground_m":209.213,"height_source":"LoD1 solid top minus bottom","production":"2023","laser":"2019","footprints":"2021"},"geometry":{"type":"Polygon","coordinates":[[[13.718825862089677,51.12071771013979],[13.71888408084783,51.12075471486246],[13.718932614502354,51.120724464297275],[13.718904108908959,51.12070634626401],[13.71887439549389,51.120687468588656],[13.718867968747134,51.12069148089917],[13.718825862089677,51.12071771013979]]]}},{"type":"Feature","id":"UUID_5f6e6c04-2de5-4a38-a6f3-ecd855b41609","properties":{"id":"UUID_5f6e6c04-2de5-4a38-a6f3-ecd855b41609","height_m":2.552,"ground_m":197.835,"height_source":"LoD1 solid top minus bottom","production":"2023","laser":"2019","footprints":"2021"},"geometry":{"type":"Polygon","coordinates":[[[13.734848517642911,51.128311837151394],[13.734841742028532,51.12833072059288],[13.734891279554605,51.1283379111917],[13.734898055395577,51.12831901875713],[13.734848517642911,51.128311837151394]]]}},{"type":"Feature","id":"UUID_3562d494-0a08-45d8-97e2-a3d5ab8af1f1","properties":{"id":"UUID_3562d494-0a08-45d8-97e2-a3d5ab8af1f1","height_m":3.864,"ground_m":197.835,"height_source":"LoD1 solid top minus bottom","production":"2023","laser":"2019","footprints":"2021"},"geometry":{"type":"Polygon","coordinates":[[[13.73473550330422,51.12824587544569],[13.734718295906156,51.12829296422332],[13.734762992939041,51.12829947300705],[13.734758978315801,51.12831040973506],[13.734785740136063,51.12831428740943],[13.734789756964341,51.12830326976951],[13.734848549165063,51.128311729579266],[13.734848517642911,51.128311837151394],[13.734898055395577,51.12831901875713],[13.734898086671977,51.128318920175104],[13.73500527348188,51.128334558116194],[13.735022479376932,51.128287514245265],[13.735040025588427,51.128239520819875],[13.734753051024244,51.1281978371145],[13.73473550330422,51.12824587544569]]]}},{"type":"Feature","id":"DESNATPU1000IAxr","properties":{"id":"DESNATPU1000IAxr","height_m":4.988,"ground_m":199.101,"height_source":"LoD1 solid top minus bottom","production":"2023","laser":"2019","footprints":"2021"},"geometry":{"type":"Polygon","coordinates":[[[13.724328856831939,51.124342264644305],[13.72430792087776,51.12435682036771],[13.724275650317963,51.124379247007035],[13.724339784645963,51.124418669603415],[13.724356526785268,51.124406954804556],[13.724394800926417,51.12438239040578],[13.724354408513605,51.124357795152946],[13.724328856831939,51.124342264644305]]]}},{"type":"Feature","id":"DESNATP1bN0000ML","properties":{"id":"DESNATP1bN0000ML","height_m":2.624,"ground_m":211.29,"height_source":"LoD1 solid top minus bottom","production":"2023","laser":"2019","footprints":"2021"},"geometry":{"type":"Polygon","coordinates":[[[13.723456376597886,51.121599800733286],[13.723471280688763,51.12162259828053],[13.723486006274985,51.12164513308626],[13.72351877712139,51.12163664194359],[13.723489147417345,51.12159130959865],[13.723456376597886,51.121599800733286]]]}},{"type":"Feature","id":"DESNATPU1000BO1k","properties":{"id":"DESNATPU1000BO1k","height_m":3.043,"ground_m":198.047,"height_source":"LoD1 solid top minus bottom","production":"2023","laser":"2019","footprints":"2021"},"geometry":{"type":"Polygon","coordinates":[[[13.730384101398721,51.12418781816398],[13.730379940731035,51.12421448152837],[13.730394206874195,51.12421535584908],[13.730515015892108,51.124223681861956],[13.73052199694734,51.12418275060173],[13.730467826548058,51.124177935876865],[13.730384101398721,51.12418781816398]]]}},{"type":"Feature","id":"DESNATP1bN0000MP","properties":{"id":"DESNATP1bN0000MP","height_m":2.624,"ground_m":214.0,"height_source":"LoD1 solid top minus bottom","production":"2023","laser":"2019","footprints":"2021"},"geometry":{"type":"Polygon","coordinates":[[[13.72082762864347,51.12084447322659],[13.72084435198347,51.12086084319185],[13.720869770540396,51.1208510763182],[13.720852739137584,51.120834478166834],[13.72082762864347,51.12084447322659]]]}},{"type":"Feature","id":"DESNATP1bN0000N3","properties":{"id":"DESNATP1bN0000N3","height_m":2.526,"ground_m":210.361,"height_source":"LoD1 solid top minus bottom","production":"2023","laser":"2019","footprints":"2021"},"geometry":{"type":"Polygon","coordinates":[[[13.717985649274135,51.1219545775755],[13.71796560881611,51.1219001043648],[13.717873340856485,51.12191408365575],[13.717896781065159,51.12196859416027],[13.717985649274135,51.1219545775755]]]}},{"type":"Feature","id":"DESNATP1bN0000N0","properties":{"id":"DESNATP1bN0000N0","height_m":2.96,"ground_m":211.395,"height_source":"LoD1 solid top minus bottom","production":"2023","laser":"2019","footprints":"2021"},"geometry":{"type":"Polygon","coordinates":[[[13.720100484460978,51.12215572185783],[13.720168297809199,51.12213313683606],[13.720142139500787,51.12210087217659],[13.72007513285477,51.12212632571914],[13.720100484460978,51.12215572185783]]]}},{"type":"Feature","id":"DESNATP1bN0000Ms","properties":{"id":"DESNATP1bN0000Ms","height_m":5.602,"ground_m":209.348,"height_source":"LoD1 solid top minus bottom","production":"2023","laser":"2019","footprints":"2021"},"geometry":{"type":"Polygon","coordinates":[[[13.71865442046696,51.120534941591664],[13.718667044990571,51.12054293963361],[13.71868521694955,51.12055443370942],[13.718717773365873,51.12053407108011],[13.718686977131535,51.12051456998079],[13.71865442046696,51.120534941591664]]]}},{"type":"Feature","id":"DESNATPU1000IRq4","properties":{"id":"DESNATPU1000IRq4","height_m":3.72,"ground_m":210.048,"height_source":"LoD1 solid top minus bottom","production":"2023","laser":"2019","footprints":"2021"},"geometry":{"type":"Polygon","coordinates":[[[13.721857969273973,51.12302892766949],[13.72187636724153,51.12304109816698],[13.721917304320437,51.123063991615425],[13.721944394013626,51.12304703955529],[13.721948312417094,51.123049519427845],[13.721996529999366,51.12301572098947],[13.721930230533438,51.122978260823],[13.721857969273973,51.12302892766949]]]}},{"type":"Feature","id":"DESNATPU1000GO2x","properties":{"id":"DESNATPU1000GO2x","height_m":3.0,"ground_m":211.375,"height_source":"LoD1 solid top minus bottom","production":"2023","laser":"2019","footprints":"2021"},"geometry":{"type":"Polygon","coordinates":[[[13.717387928620475,51.12145388689338],[13.717445614007184,51.12146989731085],[13.717444215452657,51.121471896355],[13.717499901890491,51.121487336259435],[13.717500779806088,51.12148607790553],[13.717555983828174,51.12150139558557],[13.717598458688842,51.121440764431725],[13.717542290319697,51.12142518439645],[13.717557780070862,51.12140298922169],[13.717516500731543,51.121392068866406],[13.717500642698703,51.12141363050121],[13.71742871812821,51.12139374990195],[13.71742072744053,51.12140520899279],[13.717388184630847,51.12145186632429],[13.717387928620475,51.12145388689338]]]}},{"type":"Feature","id":"UUID_5b548e07-67c1-4dc0-ae4f-5ddf21937452","properties":{"id":"UUID_5b548e07-67c1-4dc0-ae4f-5ddf21937452","height_m":5.532,"ground_m":212.808,"height_source":"LoD1 solid top minus bottom","production":"2023","laser":"2019","footprints":"2021"},"geometry":{"type":"Polygon","coordinates":[[[13.716444495297948,51.12142855236512],[13.71642563677046,51.12143977518252],[13.716471937112736,51.12147059812459],[13.716490665582468,51.12145942782887],[13.716444495297948,51.12142855236512]]]}},{"type":"Feature","id":"UUID_d0ff2a68-6a80-4fe3-9982-ed4c174e6f35","properties":{"id":"UUID_d0ff2a68-6a80-4fe3-9982-ed4c174e6f35","height_m":9.97,"ground_m":212.808,"height_source":"LoD1 solid top minus bottom","production":"2023","laser":"2019","footprints":"2021"},"geometry":{"type":"Polygon","coordinates":[[[13.716444495297948,51.12142855236512],[13.716490665582468,51.12145942782887],[13.716490491173358,51.12145953382788],[13.716533454796807,51.1214880449428],[13.716576477018396,51.12146236614026],[13.716589204881572,51.12145477204443],[13.716640261882219,51.1214242983242],[13.716643342104813,51.12142246163147],[13.716515719983457,51.12133704120596],[13.716461469241407,51.12136932333575],[13.716405620172218,51.12140255911586],[13.716444582502495,51.121428499365656],[13.716444495297948,51.12142855236512]]]}},{"type":"Feature","id":"DESNATPU1000Fe10","properties":{"id":"DESNATPU1000Fe10","height_m":3.394,"ground_m":199.035,"height_source":"LoD1 solid top minus bottom","production":"2023","laser":"2019","footprints":"2021"},"geometry":{"type":"Polygon","coordinates":[[[13.73106742899212,51.12329699231536],[13.731237196392838,51.12330779131946],[13.731242968045137,51.12327185586606],[13.731073200528176,51.12326106586131],[13.73106742899212,51.12329699231536]]]}},{"type":"Feature","id":"DESNATPU1000Gbml","properties":{"id":"DESNATPU1000Gbml","height_m":4.35,"ground_m":210.403,"height_source":"LoD1 solid top minus bottom","production":"2023","laser":"2019","footprints":"2021"},"geometry":{"type":"Polygon","coordinates":[[[13.721027849212081,51.12153980938289],[13.720937850157611,51.121591729487484],[13.720987605246853,51.12162588877131],[13.721077604313304,51.121573968628795],[13.721027849212081,51.12153980938289]]]}},{"type":"Feature","id":"DESNATP1bN0000MC","properties":{"id":"DESNATP1bN0000MC","height_m":3.669,"ground_m":199.158,"height_source":"LoD1 solid top minus bottom","production":"2023","laser":"2019","footprints":"2021"},"geometry":{"type":"Polygon","coordinates":[[[13.724226787763707,51.12430886699056],[13.724050696961212,51.1244242744091],[13.724142428096439,51.12447501440023],[13.724275650317963,51.124379247007035],[13.72430792087776,51.12435682036771],[13.724284211762564,51.1243418405252],[13.724226787763707,51.12430886699056]]]}},{"type":"Feature","id":"UUID_0a63cb5c-51f5-4ca3-9b77-345543bacc9d","properties":{"id":"UUID_0a63cb5c-51f5-4ca3-9b77-345543bacc9d","height_m":3.267,"ground_m":209.594,"height_source":"LoD1 solid top minus bottom","production":"2023","laser":"2019","footprints":"2021"},"geometry":{"type":"Polygon","coordinates":[[[13.719166526311808,51.12197736593066],[13.719297104950805,51.12194474952415],[13.71932981066674,51.12193658257935],[13.719313947997204,51.12191751499785],[13.719322643949534,51.12191464262239],[13.719313295011847,51.121903407157404],[13.719277758787351,51.12191006827805],[13.719275990121098,51.12190633488513],[13.719144575277507,51.12193095651393],[13.719166526311808,51.12197736593066]]]}},{"type":"Feature","id":"UUID_e4e6d037-12f2-41aa-a8ca-3927a21d82d8","properties":{"id":"UUID_e4e6d037-12f2-41aa-a8ca-3927a21d82d8","height_m":4.605,"ground_m":209.594,"height_source":"LoD1 solid top minus bottom","production":"2023","laser":"2019","footprints":"2021"},"geometry":{"type":"Polygon","coordinates":[[[13.719297104950805,51.12194474952415],[13.719309767241004,51.12196483421092],[13.719347540929416,51.121957873845844],[13.71932981066674,51.12193658257935],[13.719297104950805,51.12194474952415]]]}},{"type":"Feature","id":"DESNATPU1000DNYi","properties":{"id":"DESNATPU1000DNYi","height_m":3.0,"ground_m":203.041,"height_source":"LoD1 solid top minus bottom","production":"2023","laser":"2019","footprints":"2021"},"geometry":{"type":"Polygon","coordinates":[[[13.732330285562103,51.12095598560389],[13.732336531323657,51.12096950651235],[13.73234612164686,51.12099030286599],[13.732360015893136,51.12102039045389],[13.732524760151824,51.12098992825875],[13.732509079900455,51.12093999225569],[13.732499244461945,51.120937547517826],[13.732496312331872,51.120936085881866],[13.732494696898046,51.120935591753295],[13.732493577483533,51.12093472530492],[13.73249094139915,51.12093341076242],[13.732485028064218,51.120928103871904],[13.732484724131345,51.12092772288058],[13.732356365175198,51.12095121440029],[13.732330285562103,51.12095598560389]]]}},{"type":"Feature","id":"DESNATPU1000B2If","properties":{"id":"DESNATPU1000B2If","height_m":6.782,"ground_m":212.842,"height_source":"LoD1 solid top minus bottom","production":"2023","laser":"2019","footprints":"2021"},"geometry":{"type":"Polygon","coordinates":[[[13.71690129374088,51.121648295686555],[13.717058831078417,51.12161486249499],[13.717022681008604,51.12154773936129],[13.716865422101975,51.12158144534279],[13.71690129374088,51.121648295686555]]]}},{"type":"Feature","id":"DESNATPU1000G8Tf","properties":{"id":"DESNATPU1000G8Tf","height_m":4.253,"ground_m":207.127,"height_source":"LoD1 solid top minus bottom","production":"2023","laser":"2019","footprints":"2021"},"geometry":{"type":"Polygon","coordinates":[[[13.736089258531711,51.12143470688247],[13.736150239629355,51.121493549275336],[13.736313823076543,51.12142652256469],[13.7362528467627,51.12136750045318],[13.736089258531711,51.12143470688247]]]}},{"type":"Feature","id":"DESNATPU1000GaTY","properties":{"id":"DESNATPU1000GaTY","height_m":2.835,"ground_m":200.035,"height_source":"LoD1 solid top minus bottom","production":"2023","laser":"2019","footprints":"2021"},"geometry":{"type":"Polygon","coordinates":[[[13.72402883730188,51.12410569149574],[13.723942128294299,51.12416157964372],[13.723985381857215,51.12418812172573],[13.724072637524543,51.124133138788906],[13.72402883730188,51.12410569149574]]]}},{"type":"Feature","id":"DESNATPU1000FqDF","properties":{"id":"DESNATPU1000FqDF","height_m":3.115,"ground_m":202.964,"height_source":"LoD1 solid top minus bottom","production":"2023","laser":"2019","footprints":"2021"},"geometry":{"type":"Polygon","coordinates":[[[13.723457830517031,51.12321834654364],[13.723432289009315,51.12323254607784],[13.723470680445427,51.123260213331335],[13.723480548251647,51.12325474553393],[13.723494261633695,51.12324455354336],[13.723457830517031,51.12321834654364]]]}},{"type":"Feature","id":"UUID_7cd84160-881a-4bcf-8ae5-79805bfcde89","properties":{"id":"UUID_7cd84160-881a-4bcf-8ae5-79805bfcde89","height_m":5.127,"ground_m":202.082,"height_source":"LoD1 solid top minus bottom","production":"2023","laser":"2019","footprints":"2021"},"geometry":{"type":"Polygon","coordinates":[[[13.723425618901137,51.12364038579189],[13.723358509769849,51.12367472495983],[13.72339900719758,51.123703764143805],[13.72343137139908,51.123690898092015],[13.723449029332032,51.123703500905165],[13.723505472884273,51.12367246250954],[13.723487718913026,51.123659714771954],[13.72346602457549,51.123671717110035],[13.723425618901137,51.12364038579189]]]}},{"type":"Feature","id":"UUID_738d44cb-701f-41fa-95a9-302408356a83","properties":{"id":"UUID_738d44cb-701f-41fa-95a9-302408356a83","height_m":5.157,"ground_m":202.082,"height_source":"LoD1 solid top minus bottom","production":"2023","laser":"2019","footprints":"2021"},"geometry":{"type":"Polygon","coordinates":[[[13.723487718913026,51.123659714771954],[13.723487677047345,51.1236596783438],[13.723566181622564,51.123616290861456],[13.723513358145054,51.12357821432399],[13.723415265615934,51.12363235911377],[13.723425618901137,51.12364038579189],[13.72346602457549,51.123671717110035],[13.723487718913026,51.123659714771954]]]}},{"type":"Feature","id":"DESNATPU1000Hu58","properties":{"id":"DESNATPU1000Hu58","height_m":7.106,"ground_m":206.206,"height_source":"LoD1 solid top minus bottom","production":"2023","laser":"2019","footprints":"2021"},"geometry":{"type":"Polygon","coordinates":[[[13.723631954103634,51.122531310363506],[13.723427092415115,51.12257610622154],[13.723466414300347,51.122647758343106],[13.723672268810004,51.12260324303612],[13.723631954103634,51.122531310363506]]]}},{"type":"Feature","id":"DESNATPU1000HGjs","properties":{"id":"DESNATPU1000HGjs","height_m":7.381,"ground_m":204.809,"height_source":"LoD1 solid top minus bottom","production":"2023","laser":"2019","footprints":"2021"},"geometry":{"type":"Polygon","coordinates":[[[13.733046527687025,51.12096849668855],[13.733029820016657,51.12083387363254],[13.732913580903716,51.1208400510974],[13.732930654952249,51.120974327423006],[13.733046527687025,51.12096849668855]]]}},{"type":"Feature","id":"DESNATPU1000JBSa","properties":{"id":"DESNATPU1000JBSa","height_m":3.232,"ground_m":212.938,"height_source":"LoD1 solid top minus bottom","production":"2023","laser":"2019","footprints":"2021"},"geometry":{"type":"Polygon","coordinates":[[[13.716576477018396,51.12146236614026],[13.71662073432332,51.1214936971726],[13.716686321253542,51.12145505558663],[13.716640261882219,51.1214242983242],[13.716576477018396,51.12146236614026]]]}},{"type":"Feature","id":"DESNATP1bN0000M8","properties":{"id":"DESNATP1bN0000M8","height_m":3.233,"ground_m":200.188,"height_source":"LoD1 solid top minus bottom","production":"2023","laser":"2019","footprints":"2021"},"geometry":{"type":"Polygon","coordinates":[[[13.72378908999743,51.12403889361396],[13.723785718334131,51.12407516066583],[13.723796861739817,51.1240752643019],[13.723848634253516,51.1241043184702],[13.723899603613624,51.1240686608023],[13.723898296955287,51.12404244158293],[13.723891099820182,51.12403966520427],[13.72378908999743,51.12403889361396]]]}},{"type":"Feature","id":"DESNATPU1000IVtB","properties":{"id":"DESNATPU1000IVtB","height_m":8.096,"ground_m":204.997,"height_source":"LoD1 solid top minus bottom","production":"2023","laser":"2019","footprints":"2021"},"geometry":{"type":"Polygon","coordinates":[[[13.734309766981415,51.12245088649546],[13.734567386471683,51.12291185659927],[13.734808769931043,51.122858443657385],[13.734554170343673,51.122396697422055],[13.734309766981415,51.12245088649546]]]}},{"type":"Feature","id":"UUID_00965638-6f42-46d6-97bc-2ca59e152cd6","properties":{"id":"UUID_00965638-6f42-46d6-97bc-2ca59e152cd6","height_m":5.452,"ground_m":213.093,"height_source":"LoD1 solid top minus bottom","production":"2023","laser":"2019","footprints":"2021"},"geometry":{"type":"Polygon","coordinates":[[[13.716060271781593,51.12141821889999],[13.716072429651094,51.12143737214895],[13.716082985232086,51.12145401680021],[13.716267371873066,51.121409764400056],[13.71625573564633,51.12139344063441],[13.716243287519541,51.12137599284781],[13.716078866801361,51.12141392668819],[13.716060271781593,51.12141821889999]]]}},{"type":"Feature","id":"UUID_9c2dbfa8-9934-4a20-b84c-9d0f410c9538","properties":{"id":"UUID_9c2dbfa8-9934-4a20-b84c-9d0f410c9538","height_m":3.883,"ground_m":213.093,"height_source":"LoD1 solid top minus bottom","production":"2023","laser":"2019","footprints":"2021"},"geometry":{"type":"Polygon","coordinates":[[[13.716082985232086,51.12145401680021],[13.716060271781593,51.12141821889999],[13.715994060590736,51.121433490015384],[13.715842357375339,51.12147192288803],[13.71584323421868,51.12147328143629],[13.715866506308712,51.12150850997551],[13.715873369834448,51.12150679578715],[13.715895030144287,51.12153779799418],[13.716102933040101,51.12148545879684],[13.716082985232086,51.12145401680021]]]}},{"type":"Feature","id":"DESNATPU1000DF4z","properties":{"id":"DESNATPU1000DF4z","height_m":3.319,"ground_m":212.947,"height_source":"LoD1 solid top minus bottom","production":"2023","laser":"2019","footprints":"2021"},"geometry":{"type":"Polygon","coordinates":[[[13.71684911626099,51.1216645396259],[13.716876577087774,51.121715200586486],[13.716957359507763,51.12169801152686],[13.716929630337395,51.12164671814567],[13.71684911626099,51.1216645396259]]]}},{"type":"Feature","id":"UUID_ce1ad573-b6f2-4d0f-adea-dd2fb0b39dab","properties":{"id":"UUID_ce1ad573-b6f2-4d0f-adea-dd2fb0b39dab","height_m":6.54,"ground_m":214.304,"height_source":"LoD1 solid top minus bottom","production":"2023","laser":"2019","footprints":"2021"},"geometry":{"type":"Polygon","coordinates":[[[13.715810430795333,51.12116340734119],[13.715771878436774,51.121172687144174],[13.71577625189644,51.12117986646038],[13.715774061903009,51.121180516866815],[13.715790966185045,51.121208337369],[13.715796147034883,51.12121834928785],[13.715818970936501,51.12126252074186],[13.715831716325901,51.12125945029364],[13.715828040217993,51.1212534027371],[13.715966353602177,51.12122012859174],[13.715943710051496,51.12118284762403],[13.71592151749661,51.12114630901306],[13.71581552770316,51.12117180862799],[13.715810430795333,51.12116340734119]]]}},{"type":"Feature","id":"UUID_b8e5038d-bb60-4119-9eaa-0dc127b2339d","properties":{"id":"UUID_b8e5038d-bb60-4119-9eaa-0dc127b2339d","height_m":5.645,"ground_m":214.304,"height_source":"LoD1 solid top minus bottom","production":"2023","laser":"2019","footprints":"2021"},"geometry":{"type":"Polygon","coordinates":[[[13.715753460222006,51.121244292279805],[13.715771471231227,51.12127394148341],[13.715818970936501,51.12126252074186],[13.71580334813963,51.121232286265226],[13.715790966185045,51.121208337369],[13.715739179226846,51.1212208081311],[13.715753460222006,51.121244292279805]]]}},{"type":"Feature","id":"UUID_28bb4e1c-6d4a-4c69-98df-7b40ebb308a9","properties":{"id":"UUID_28bb4e1c-6d4a-4c69-98df-7b40ebb308a9","height_m":6.155,"ground_m":209.865,"height_source":"LoD1 solid top minus bottom","production":"2023","laser":"2019","footprints":"2021"},"geometry":{"type":"Polygon","coordinates":[[[13.720666319743376,51.122492974464734],[13.720629734296592,51.122509156868276],[13.720621054343688,51.122513000736554],[13.720571029683388,51.12253512419107],[13.720499840400262,51.12256092789319],[13.720503458814818,51.12256288295071],[13.72060819992999,51.12261932566053],[13.720785158086482,51.1227146787666],[13.720845161238035,51.12266601876307],[13.720876551757886,51.12264339458719],[13.720903976187785,51.12262364067969],[13.720772873669398,51.12255155915865],[13.720666319743376,51.122492974464734]]]}},{"type":"Feature","id":"UUID_33701751-b68f-44bb-b06d-d6d2cef5c72b","properties":{"id":"UUID_33701751-b68f-44bb-b06d-d6d2cef5c72b","height_m":6.802,"ground_m":209.865,"height_source":"LoD1 solid top minus bottom","production":"2023","laser":"2019","footprints":"2021"},"geometry":{"type":"Polygon","coordinates":[[[13.720772873669398,51.12255155915865],[13.720816488666653,51.12253230613822],[13.720737610131645,51.12246143437156],[13.720666319743376,51.122492974464734],[13.720772873669398,51.12255155915865]]]}},{"type":"Feature","id":"DESNATPU1000D2g3","properties":{"id":"DESNATPU1000D2g3","height_m":3.613,"ground_m":213.023,"height_source":"LoD1 solid top minus bottom","production":"2023","laser":"2019","footprints":"2021"},"geometry":{"type":"Polygon","coordinates":[[[13.716391723869727,51.121467775148936],[13.716454489766305,51.12150978602469],[13.716491433060398,51.12148793440098],[13.716468551913238,51.12147261132084],[13.716471937112736,51.12147059812459],[13.716432916346418,51.12144470220675],[13.716391723869727,51.121467775148936]]]}},{"type":"Feature","id":"DESNATP1bN0000Mp","properties":{"id":"DESNATP1bN0000Mp","height_m":3.147,"ground_m":211.647,"height_source":"LoD1 solid top minus bottom","production":"2023","laser":"2019","footprints":"2021"},"geometry":{"type":"Polygon","coordinates":[[[13.720997516379859,51.121518992031014],[13.721027849212081,51.12153980938289],[13.721108673112703,51.12149931760821],[13.721073531144446,51.121475165309796],[13.720997516379859,51.121518992031014]]]}},{"type":"Feature","id":"DESNATPU1000GSye","properties":{"id":"DESNATPU1000GSye","height_m":3.711,"ground_m":204.779,"height_source":"LoD1 solid top minus bottom","production":"2023","laser":"2019","footprints":"2021"},"geometry":{"type":"Polygon","coordinates":[[[13.733780381704266,51.12110042033711],[13.733719408059425,51.121022619998364],[13.733663422794699,51.121039882337335],[13.733733699202915,51.12112968089256],[13.73378968922134,51.12111224770861],[13.733780381704266,51.12110042033711]]]}},{"type":"Feature","id":"DESNATPU1000HbVk","properties":{"id":"DESNATPU1000HbVk","height_m":2.612,"ground_m":203.811,"height_source":"LoD1 solid top minus bottom","production":"2023","laser":"2019","footprints":"2021"},"geometry":{"type":"Polygon","coordinates":[[[13.72309751926156,51.12348500519965],[13.723100605077477,51.123487107236976],[13.723143646321729,51.12351716349634],[13.723209551473577,51.12347984368689],[13.723163569738533,51.123447597075135],[13.723152174104435,51.12345405535389],[13.72309751926156,51.12348500519965]]]}},{"type":"Feature","id":"DESNATPU1000IQ4T","properties":{"id":"DESNATPU1000IQ4T","height_m":7.068,"ground_m":209.91,"height_source":"LoD1 solid top minus bottom","production":"2023","laser":"2019","footprints":"2021"},"geometry":{"type":"Polygon","coordinates":[[[13.719377747724234,51.122072628886244],[13.719333832565946,51.12200300238232],[13.719309767241004,51.12196483421092],[13.719297104950805,51.12194474952415],[13.719223721854187,51.121963082395546],[13.719166526311808,51.12197736593066],[13.719155550735882,51.12197792915578],[13.719183424841704,51.12202201136931],[13.719262379359876,51.12214685973401],[13.719329216497181,51.12213013679393],[13.719390729795835,51.12211474039798],[13.71940245671902,51.12211181128398],[13.719377747724234,51.122072628886244]]]}},{"type":"Feature","id":"UUID_69192877-f82e-4fd6-abbe-63bfd9aa25aa","properties":{"id":"UUID_69192877-f82e-4fd6-abbe-63bfd9aa25aa","height_m":7.912,"ground_m":198.629,"height_source":"LoD1 solid top minus bottom","production":"2023","laser":"2019","footprints":"2021"},"geometry":{"type":"Polygon","coordinates":[[[13.725213679386083,51.123988084533075],[13.725202468864337,51.123966541516005],[13.725140977138423,51.123980097682924],[13.725155071874596,51.124001726107984],[13.725213679386083,51.123988084533075]]]}},{"type":"Feature","id":"UUID_3e58fc09-7d14-4bb5-a102-056823d1069e","properties":{"id":"UUID_3e58fc09-7d14-4bb5-a102-056823d1069e","height_m":7.779,"ground_m":198.629,"height_source":"LoD1 solid top minus bottom","production":"2023","laser":"2019","footprints":"2021"},"geometry":{"type":"Polygon","coordinates":[[[13.725052397566673,51.123925957593094],[13.725091893194975,51.12399091141245],[13.725140977138423,51.123980097682924],[13.725202468864337,51.123966541516005],[13.725282003754655,51.123949018358985],[13.725272956564893,51.12393090719524],[13.725251624367917,51.12388823771636],[13.725052397566673,51.123925957593094]]]}},{"type":"Feature","id":"DESNATPU1000IqNt","properties":{"id":"DESNATPU1000IqNt","height_m":5.168,"ground_m":211.275,"height_source":"LoD1 solid top minus bottom","production":"2023","laser":"2019","footprints":"2021"},"geometry":{"type":"Polygon","coordinates":[[[13.716434788935958,51.12069659462757],[13.716528257445608,51.120678924625466],[13.71649294367534,51.120604364461556],[13.716476042174746,51.120568702376474],[13.716427248339746,51.12057786997188],[13.716382418980366,51.12058628970314],[13.716434788935958,51.12069659462757]]]}},{"type":"Feature","id":"DESNATPU1000CRG9","properties":{"id":"DESNATPU1000CRG9","height_m":2.814,"ground_m":198.384,"height_source":"LoD1 solid top minus bottom","production":"2023","laser":"2019","footprints":"2021"},"geometry":{"type":"Polygon","coordinates":[[[13.73300077366605,51.12656897884485],[13.733066104811664,51.12668830132702],[13.733149468287865,51.1266499960404],[13.733103762457512,51.126560292588664],[13.73300077366605,51.12656897884485]]]}},{"type":"Feature","id":"DESNATPU1000HaIH","properties":{"id":"DESNATPU1000HaIH","height_m":4.022,"ground_m":205.335,"height_source":"LoD1 solid top minus bottom","production":"2023","laser":"2019","footprints":"2021"},"geometry":{"type":"Polygon","coordinates":[[[13.734969449745101,51.12086828254984],[13.735032462608801,51.12083173416784],[13.734974243801036,51.120792165602616],[13.734911373794768,51.120828715499066],[13.734969449745101,51.12086828254984]]]}},{"type":"Feature","id":"DESNATPU1000IT93","properties":{"id":"DESNATPU1000IT93","height_m":2.91,"ground_m":202.117,"height_source":"LoD1 solid top minus bottom","production":"2023","laser":"2019","footprints":"2021"},"geometry":{"type":"Polygon","coordinates":[[[13.7140952164445,51.126205409917716],[13.71412901141854,51.126264684288046],[13.714196313662043,51.126249507144614],[13.714162373251892,51.12619032112243],[13.7140952164445,51.126205409917716]]]}},{"type":"Feature","id":"DESNATPU1000HwA1","properties":{"id":"DESNATPU1000HwA1","height_m":4.15,"ground_m":204.711,"height_source":"LoD1 solid top minus bottom","production":"2023","laser":"2019","footprints":"2021"},"geometry":{"type":"Polygon","coordinates":[[[13.73374429521861,51.122739547392555],[13.733444725447823,51.12274691438441],[13.73344929776008,51.12282007516569],[13.733748870462039,51.12281261826442],[13.73374429521861,51.122739547392555]]]}},{"type":"Feature","id":"DESNATPU1000GDwY","properties":{"id":"DESNATPU1000GDwY","height_m":6.112,"ground_m":197.263,"height_source":"LoD1 solid top minus bottom","production":"2023","laser":"2019","footprints":"2021"},"geometry":{"type":"Polygon","coordinates":[[[13.72576109896629,51.124273321975096],[13.725979635555335,51.12427185433331],[13.72604940081553,51.12416793850721],[13.725738638127671,51.124197384997935],[13.72576109896629,51.124273321975096]]]}},{"type":"Feature","id":"DESNATPU1000Fny5","properties":{"id":"DESNATPU1000Fny5","height_m":10.783,"ground_m":203.444,"height_source":"LoD1 solid top minus bottom","production":"2023","laser":"2019","footprints":"2021"},"geometry":{"type":"Polygon","coordinates":[[[13.718400868651516,51.127315203727136],[13.718326584638904,51.12721036107955],[13.718172574340755,51.127253564868695],[13.718252648634516,51.12735676245582],[13.718400868651516,51.127315203727136]]]}},{"type":"Feature","id":"DESNATPU1000Dleo","properties":{"id":"DESNATPU1000Dleo","height_m":6.781,"ground_m":204.899,"height_source":"LoD1 solid top minus bottom","production":"2023","laser":"2019","footprints":"2021"},"geometry":{"type":"Polygon","coordinates":[[[13.733427380030186,51.120905626531105],[13.733363708390257,51.120779694410516],[13.733264776340409,51.120799351028296],[13.733328463742488,51.12092522042458],[13.733427380030186,51.120905626531105]]]}},{"type":"Feature","id":"DESNATPU1000AxtE","properties":{"id":"DESNATPU1000AxtE","height_m":6.061,"ground_m":208.649,"height_source":"LoD1 solid top minus bottom","production":"2023","laser":"2019","footprints":"2021"},"geometry":{"type":"Polygon","coordinates":[[[13.717774745267716,51.121045953881605],[13.717734714917674,51.12105857243268],[13.71768017456183,51.12107710197548],[13.71767200412333,51.121079575316685],[13.71763338858527,51.1210890888516],[13.717705483465854,51.121204987196045],[13.71781596392733,51.12123815010755],[13.71788865755414,51.12121889329554],[13.717812986450284,51.121104151891565],[13.717774745267716,51.121045953881605]]]}},{"type":"Feature","id":"DESNATPU1000GTkR","properties":{"id":"DESNATPU1000GTkR","height_m":8.026,"ground_m":201.089,"height_source":"LoD1 solid top minus bottom","production":"2023","laser":"2019","footprints":"2021"},"geometry":{"type":"Polygon","coordinates":[[[13.724887395040529,51.12326982576364],[13.72489154135887,51.1232801227479],[13.724910808008264,51.12332772479653],[13.724967963217459,51.12346800591163],[13.72511048997772,51.12344518953414],[13.725029780846825,51.12324691802109],[13.724887395040529,51.12326982576364]]]}},{"type":"Feature","id":"DESNATPU1000BlUA","properties":{"id":"DESNATPU1000BlUA","height_m":6.955,"ground_m":214.579,"height_source":"LoD1 solid top minus bottom","production":"2023","laser":"2019","footprints":"2021"},"geometry":{"type":"Polygon","coordinates":[[[13.72205596025287,51.121231329945225],[13.722054072187243,51.12122880931573],[13.722052280891086,51.121226406650024],[13.722035480857388,51.1212039928709],[13.72197092249396,51.1212231433327],[13.721961027413702,51.12120993269081],[13.721928957087034,51.12121944723903],[13.721938617752196,51.12123234956671],[13.72187993717136,51.1212497656673],[13.721900526555759,51.12127725684853],[13.72192215011788,51.121306108247694],[13.722077459544487,51.12126002708006],[13.72205596025287,51.121231329945225]]]}},{"type":"Feature","id":"DESNATPU1000IUFU","properties":{"id":"DESNATPU1000IUFU","height_m":11.23,"ground_m":203.583,"height_source":"LoD1 solid top minus bottom","production":"2023","laser":"2019","footprints":"2021"},"geometry":{"type":"Polygon","coordinates":[[[13.73306559411937,51.12389019512406],[13.733008175590767,51.12388815212777],[13.732899279117143,51.12388839299923],[13.732899552586254,51.12394002347275],[13.73306572856545,51.12394064603692],[13.73306559411937,51.12389019512406]]]}},{"type":"Feature","id":"DESNATPU1000Da52","properties":{"id":"DESNATPU1000Da52","height_m":5.34,"ground_m":195.941,"height_source":"LoD1 solid top minus bottom","production":"2023","laser":"2019","footprints":"2021"},"geometry":{"type":"Polygon","coordinates":[[[13.734771452711316,51.12884758363034],[13.734859259072534,51.12886121345064],[13.734944190343088,51.12864531675266],[13.734883426964451,51.128635756535296],[13.734857955961465,51.128631704001734],[13.734856191220931,51.12863143311128],[13.734766878708873,51.12861749922157],[13.734682365458772,51.128833760028485],[13.734771452711316,51.12884758363034]]]}},{"type":"Feature","id":"DESNATPU1000Cj1r","properties":{"id":"DESNATPU1000Cj1r","height_m":5.206,"ground_m":196.619,"height_source":"LoD1 solid top minus bottom","production":"2023","laser":"2019","footprints":"2021"},"geometry":{"type":"Polygon","coordinates":[[[13.726141609128623,51.12455619005032],[13.72621555074404,51.12454773299235],[13.726198526154787,51.124486612477014],[13.72611641222657,51.1244960506331],[13.726119304338319,51.124503123485134],[13.726141609128623,51.12455619005032]]]}},{"type":"Feature","id":"DESNATPU1000EKvW","properties":{"id":"DESNATPU1000EKvW","height_m":8.468,"ground_m":209.289,"height_source":"LoD1 solid top minus bottom","production":"2023","laser":"2019","footprints":"2021"},"geometry":{"type":"Polygon","coordinates":[[[13.721808249433371,51.122807035825346],[13.72198970586078,51.12264889374735],[13.721898961257992,51.122607668184195],[13.721717575369665,51.12276583787247],[13.721808249433371,51.122807035825346]]]}},{"type":"Feature","id":"UUID_8bf705c3-e06d-4f46-b964-649cd5a56b41","properties":{"id":"UUID_8bf705c3-e06d-4f46-b964-649cd5a56b41","height_m":7.857,"ground_m":202.844,"height_source":"LoD1 solid top minus bottom","production":"2023","laser":"2019","footprints":"2021"},"geometry":{"type":"Polygon","coordinates":[[[13.732306215747931,51.12080380965202],[13.732193143610646,51.12081904948509],[13.732245024228572,51.12097158095051],[13.732330285562103,51.12095598560389],[13.732356365175198,51.12095121440029],[13.732306215747931,51.12080380965202]]]}},{"type":"Feature","id":"UUID_b585441d-01eb-4adb-9032-f6187af75f13","properties":{"id":"UUID_b585441d-01eb-4adb-9032-f6187af75f13","height_m":7.844,"ground_m":202.844,"height_source":"LoD1 solid top minus bottom","production":"2023","laser":"2019","footprints":"2021"},"geometry":{"type":"Polygon","coordinates":[[[13.732248343702858,51.12098133813361],[13.73227385763849,51.120977918724655],[13.732336531323657,51.12096950651235],[13.732330285562103,51.12095598560389],[13.732245024228572,51.12097158095051],[13.732248343702858,51.12098133813361]]]}},{"type":"Feature","id":"DESNATPU1000EuNm","properties":{"id":"DESNATPU1000EuNm","height_m":3.94,"ground_m":209.269,"height_source":"LoD1 solid top minus bottom","production":"2023","laser":"2019","footprints":"2021"},"geometry":{"type":"Polygon","coordinates":[[[13.721229104518173,51.12211405058547],[13.721166213399043,51.122156078497326],[13.721201330540026,51.12217804524495],[13.721266986844327,51.12213937488459],[13.721229104518173,51.12211405058547]]]}},{"type":"Feature","id":"DESNATPU1000D0EX","properties":{"id":"DESNATPU1000D0EX","height_m":3.089,"ground_m":202.8,"height_source":"LoD1 solid top minus bottom","production":"2023","laser":"2019","footprints":"2021"},"geometry":{"type":"Polygon","coordinates":[[[13.732359829690303,51.12132632272533],[13.732395786635275,51.12138303429808],[13.73253509323053,51.121349589491025],[13.732495291485304,51.121291865063874],[13.732359829690303,51.12132632272533]]]}},{"type":"Feature","id":"DESNATPU1000EMAF","properties":{"id":"DESNATPU1000EMAF","height_m":2.784,"ground_m":204.991,"height_source":"LoD1 solid top minus bottom","production":"2023","laser":"2019","footprints":"2021"},"geometry":{"type":"Polygon","coordinates":[[[13.733565656271049,51.12080997529439],[13.733528005789827,51.12074775114996],[13.733436820032827,51.12076944324701],[13.733474826892293,51.12083378458377],[13.733565656271049,51.12080997529439]]]}},{"type":"Feature","id":"DESNATPU1000EzB5","properties":{"id":"DESNATPU1000EzB5","height_m":5.038,"ground_m":202.291,"height_source":"LoD1 solid top minus bottom","production":"2023","laser":"2019","footprints":"2021"},"geometry":{"type":"Polygon","coordinates":[[[13.731995821513078,51.121032664562605],[13.732012387740289,51.12107370739328],[13.732139224668286,51.12105207024412],[13.732133300553748,51.12101009966359],[13.732057197583204,51.12102259274958],[13.731995821513078,51.121032664562605]]]}},{"type":"Feature","id":"DESNATPU1000EiOI","properties":{"id":"DESNATPU1000EiOI","height_m":5.403,"ground_m":210.226,"height_source":"LoD1 solid top minus bottom","production":"2023","laser":"2019","footprints":"2021"},"geometry":{"type":"Polygon","coordinates":[[[13.719683741547179,51.1219274189581],[13.719762432515237,51.12189540293753],[13.719722078932516,51.121856130255225],[13.719643388004272,51.121888146249134],[13.719683741547179,51.1219274189581]]]}},{"type":"Feature","id":"DESNATPU1000D5oi","properties":{"id":"DESNATPU1000D5oi","height_m":2.809,"ground_m":206.507,"height_source":"LoD1 solid top minus bottom","production":"2023","laser":"2019","footprints":"2021"},"geometry":{"type":"Polygon","coordinates":[[[13.722563209848513,51.1228725521209],[13.72260008500108,51.12284222663319],[13.722550077989462,51.122818146208694],[13.722513217357285,51.122848462846655],[13.722563209848513,51.1228725521209]]]}},{"type":"Feature","id":"DESNATPU1000BPkK","properties":{"id":"DESNATPU1000BPkK","height_m":4.195,"ground_m":205.251,"height_source":"LoD1 solid top minus bottom","production":"2023","laser":"2019","footprints":"2021"},"geometry":{"type":"Polygon","coordinates":[[[13.734702119118863,51.12361441815397],[13.735567189091928,51.12342545821459],[13.735531557256014,51.12336082854052],[13.73547099032716,51.12325065059218],[13.73480564317541,51.12339550318227],[13.73478652958544,51.12336075513156],[13.734652953605464,51.12338984019631],[13.734672052820788,51.12342458811348],[13.73461322871777,51.12343739574642],[13.734605451543128,51.12343909215288],[13.734702119118863,51.12361441815397]]]}},{"type":"Feature","id":"DESNATPU1000F5bQ","properties":{"id":"DESNATPU1000F5bQ","height_m":7.233,"ground_m":211.988,"height_source":"LoD1 solid top minus bottom","production":"2023","laser":"2019","footprints":"2021"},"geometry":{"type":"Polygon","coordinates":[[[13.717427639858817,51.12180056280562],[13.71739514899938,51.12180767042719],[13.717400050101759,51.121816447191904],[13.717201503557698,51.121860132365065],[13.717222467855416,51.12189618063114],[13.717244196291853,51.121933532237456],[13.717450058377077,51.12188884809866],[13.717457947851086,51.12190323316735],[13.717492591488448,51.121895789429054],[13.717484704494543,51.121881314462044],[13.717544365952245,51.121868299798514],[13.717523608093863,51.12183046429044],[13.717503557240356,51.121793931494295],[13.717432398116172,51.12180933800212],[13.717427639858817,51.12180056280562]]]}},{"type":"Feature","id":"UUID_3756f613-8669-46ba-869a-383e52b24104","properties":{"id":"UUID_3756f613-8669-46ba-869a-383e52b24104","height_m":18.206,"ground_m":200.471,"height_source":"LoD1 solid top minus bottom","production":"2023","laser":"2019","footprints":"2021"},"geometry":{"type":"Polygon","coordinates":[[[13.718737680473131,51.125878458270115],[13.718784477285926,51.12586521207348],[13.71874282274152,51.12580623963717],[13.71869205050266,51.12573437054922],[13.718644897884152,51.125747567845885],[13.718737680473131,51.125878458270115]]]}},{"type":"Feature","id":"UUID_87fe0155-4de4-4256-aa85-d9a23524a270","properties":{"id":"UUID_87fe0155-4de4-4256-aa85-d9a23524a270","height_m":18.209,"ground_m":200.471,"height_source":"LoD1 solid top minus bottom","production":"2023","laser":"2019","footprints":"2021"},"geometry":{"type":"Polygon","coordinates":[[[13.718470325406418,51.12629535643115],[13.718349634979372,51.12612567081996],[13.718309565318856,51.126069341493825],[13.718007576266787,51.1261539174628],[13.718168037981439,51.12638034321389],[13.718470325406418,51.12629535643115]]]}},{"type":"Feature","id":"UUID_3dfc6339-fc0e-4e28-8334-3c39a475f638","properties":{"id":"UUID_3dfc6339-fc0e-4e28-8334-3c39a475f638","height_m":18.172,"ground_m":200.471,"height_source":"LoD1 solid top minus bottom","production":"2023","laser":"2019","footprints":"2021"},"geometry":{"type":"Polygon","coordinates":[[[13.718007576266787,51.1261539174628],[13.718309565318856,51.126069341493825],[13.718309551779026,51.126069314367065],[13.718321793732718,51.126065887408785],[13.718321807272556,51.12606591453552],[13.718779615825781,51.12593761363974],[13.718737680473131,51.125878458270115],[13.718644897884152,51.125747567845885],[13.7178728077342,51.12596372633707],[13.718007576266787,51.1261539174628]]]}},{"type":"Feature","id":"UUID_3a7ff421-bc04-44a8-af31-9108578767f4","properties":{"id":"UUID_3a7ff421-bc04-44a8-af31-9108578767f4","height_m":18.02,"ground_m":200.471,"height_source":"LoD1 solid top minus bottom","production":"2023","laser":"2019","footprints":"2021"},"geometry":{"type":"Polygon","coordinates":[[[13.718309551779026,51.126069314367065],[13.718349634979372,51.12612567081996],[13.718361523620842,51.12612261768175],[13.718321807272556,51.12606591453552],[13.718321793732718,51.126065887408785],[13.718309551779026,51.126069314367065]]]}},{"type":"Feature","id":"UUID_b583bf01-c834-4b7b-9b1a-6f1dcd109fec","properties":{"id":"UUID_b583bf01-c834-4b7b-9b1a-6f1dcd109fec","height_m":18.208,"ground_m":200.471,"height_source":"LoD1 solid top minus bottom","production":"2023","laser":"2019","footprints":"2021"},"geometry":{"type":"Polygon","coordinates":[[[13.71874282274152,51.12580623963717],[13.71878961923077,51.12579300242785],[13.718738598345144,51.125721337469734],[13.71869205050266,51.12573437054922],[13.71874282274152,51.12580623963717]]]}},{"type":"Feature","id":"UUID_769e027f-6e22-4475-b456-657cad2b9f8f","properties":{"id":"UUID_769e027f-6e22-4475-b456-657cad2b9f8f","height_m":15.171,"ground_m":200.471,"height_source":"LoD1 solid top minus bottom","production":"2023","laser":"2019","footprints":"2021"},"geometry":{"type":"Polygon","coordinates":[[[13.71903832836736,51.126683746263055],[13.719041655745643,51.12665748782686],[13.719039577831987,51.12663135003305],[13.719032263696944,51.126605937249614],[13.719019450112285,51.12658094983025],[13.719001474352398,51.126557110890275],[13.718978568848506,51.12653480067037],[13.718951627049163,51.12651478434925],[13.718920761257882,51.12649713509671],[13.718886548017634,51.12648219195915],[13.71884948188066,51.126470158193214],[13.718810370455952,51.126461285450006],[13.718769270385176,51.12645559233369],[13.718727817889999,51.12645333957588],[13.718686356583284,51.12645450396315],[13.718645315548079,51.12645907221185],[13.718605554452816,51.12646696381525],[13.718504788452323,51.12648250517457],[13.718266486500283,51.12651924572691],[13.718333562852097,51.126613901543955],[13.718551532466998,51.12692146940412],[13.718552123901992,51.12692230322121],[13.718855462450136,51.12683765069843],[13.718883210064995,51.12682854825711],[13.718909402839538,51.126817792089],[13.718934332224757,51.126805178554214],[13.718957406747629,51.12679090800769],[13.718977870571214,51.1267754397947],[13.718995781340265,51.12675875656255],[13.719010636897229,51.12674144633474],[13.71902286946282,51.12672286636718],[13.719022958912946,51.126722732455406],[13.719032194661427,51.12670348117],[13.71903832836736,51.126683746263055]]]}},{"type":"Feature","id":"UUID_61654ab0-fda8-4008-af56-0d82c971d4de","properties":{"id":"UUID_61654ab0-fda8-4008-af56-0d82c971d4de","height_m":13.69,"ground_m":200.471,"height_source":"LoD1 solid top minus bottom","production":"2023","laser":"2019","footprints":"2021"},"geometry":{"type":"Polygon","coordinates":[[[13.718239197945005,51.126640313164465],[13.718457242175077,51.12694878129684],[13.718552123901992,51.12692230322121],[13.718333562852097,51.126613901543955],[13.718239197945005,51.126640313164465]]]}},{"type":"Feature","id":"UUID_5b864f0d-8b42-4634-bb97-bff54ab36736","properties":{"id":"UUID_5b864f0d-8b42-4634-bb97-bff54ab36736","height_m":18.106,"ground_m":200.471,"height_source":"LoD1 solid top minus bottom","production":"2023","laser":"2019","footprints":"2021"},"geometry":{"type":"Polygon","coordinates":[[[13.718605554452816,51.12646696381525],[13.718481530823107,51.12629220586505],[13.718470325406418,51.12629535643115],[13.718168037981439,51.12638034321389],[13.718266486500283,51.12651924572691],[13.718605554452816,51.12646696381525]]]}},{"type":"Feature","id":"DESNATP1bN0000My","properties":{"id":"DESNATP1bN0000My","height_m":2.4,"ground_m":209.785,"height_source":"LoD1 solid top minus bottom","production":"2023","laser":"2019","footprints":"2021"},"geometry":{"type":"Polygon","coordinates":[[[13.71895463916435,51.12063335685749],[13.719015026932466,51.120671500384574],[13.719037481225726,51.120657843527226],[13.719107806388246,51.12061309243792],[13.719125173104635,51.1206020416967],[13.719066268641557,51.12056141448048],[13.71895463916435,51.12063335685749]]]}},{"type":"Feature","id":"DESNATPU1000CbXj","properties":{"id":"DESNATPU1000CbXj","height_m":6.236,"ground_m":201.122,"height_source":"LoD1 solid top minus bottom","production":"2023","laser":"2019","footprints":"2021"},"geometry":{"type":"Polygon","coordinates":[[[13.724130390742136,51.123514652059434],[13.72424610223657,51.1234931628398],[13.724227476627803,51.12345343635729],[13.724103176612449,51.123476495508356],[13.724130390742136,51.123514652059434]]]}},{"type":"Feature","id":"DESNATPU1000IIuH","properties":{"id":"DESNATPU1000IIuH","height_m":4.535,"ground_m":189.95,"height_source":"LoD1 solid top minus bottom","production":"2023","laser":"2019","footprints":"2021"},"geometry":{"type":"Polygon","coordinates":[[[13.720267228366293,51.13779780549344],[13.720397932288684,51.13773898423695],[13.720338626581475,51.13768671683858],[13.720207922733705,51.13774553802982],[13.720267228366293,51.13779780549344]]]}},{"type":"Feature","id":"DESNATPU1000Icf9","properties":{"id":"DESNATPU1000Icf9","height_m":6.209,"ground_m":199.459,"height_source":"LoD1 solid top minus bottom","production":"2023","laser":"2019","footprints":"2021"},"geometry":{"type":"Polygon","coordinates":[[[13.725064554047153,51.12375898632196],[13.725061574554402,51.12375301860126],[13.725043161569005,51.123747062457305],[13.72502838875454,51.1237500668386],[13.725023474088934,51.12375106540577],[13.725013866362922,51.12376266025111],[13.725017134039218,51.12376854118752],[13.724972443146397,51.12377758622585],[13.725022750041747,51.123875976204104],[13.72508632557557,51.123863027350275],[13.725148492658851,51.12385036886064],[13.725097897333331,51.123752065720026],[13.725064554047153,51.12375898632196]]]}},{"type":"Feature","id":"DESNATPU1000J1cP","properties":{"id":"DESNATPU1000J1cP","height_m":4.776,"ground_m":210.562,"height_source":"LoD1 solid top minus bottom","production":"2023","laser":"2019","footprints":"2021"},"geometry":{"type":"Polygon","coordinates":[[[13.72137715257649,51.12282586568888],[13.721451142176857,51.12287460627422],[13.721457637705456,51.12287069349553],[13.721557726174442,51.12281052901136],[13.72152268202024,51.122787448068465],[13.721483708239319,51.12276177919041],[13.72137715257649,51.12282586568888]]]}},{"type":"Feature","id":"DESNATPU1000Dr5P","properties":{"id":"DESNATPU1000Dr5P","height_m":3.51,"ground_m":206.926,"height_source":"LoD1 solid top minus bottom","production":"2023","laser":"2019","footprints":"2021"},"geometry":{"type":"Polygon","coordinates":[[[13.722440248809455,51.12307863624037],[13.722483851734943,51.12310384278237],[13.722521708215616,51.12307835716501],[13.722488602727106,51.123058013515674],[13.722479974803239,51.12305272142337],[13.722440248809455,51.12307863624037]]]}},{"type":"Feature","id":"UUID_9fe3abd4-61a7-42bd-9fcf-db8d89955dbb","properties":{"id":"UUID_9fe3abd4-61a7-42bd-9fcf-db8d89955dbb","height_m":3.458,"ground_m":210.532,"height_source":"LoD1 solid top minus bottom","production":"2023","laser":"2019","footprints":"2021"},"geometry":{"type":"Polygon","coordinates":[[[13.71960124376888,51.12077505223681],[13.719628176369389,51.12079322481654],[13.71963071745809,51.120791759839],[13.719571379367341,51.1207549051037],[13.719506332322753,51.12079223227238],[13.719535916360993,51.12081270009213],[13.71960124376888,51.12077505223681]]]}},{"type":"Feature","id":"UUID_96a25180-4642-4c50-b189-183b1ff7bd41","properties":{"id":"UUID_96a25180-4642-4c50-b189-183b1ff7bd41","height_m":6.064,"ground_m":210.532,"height_source":"LoD1 solid top minus bottom","production":"2023","laser":"2019","footprints":"2021"},"geometry":{"type":"Polygon","coordinates":[[[13.719628176369389,51.12079322481654],[13.71960124376888,51.12077505223681],[13.719549826844492,51.120804686972654],[13.719535916360993,51.12081270009213],[13.71949656586177,51.12083538062578],[13.719680532272315,51.120962215028065],[13.719717555723301,51.12098753043648],[13.719723726716607,51.12099173468665],[13.719778376966147,51.120960408660885],[13.719831168868192,51.12093014139828],[13.71963071745809,51.120791759839],[13.719628176369389,51.12079322481654]]]}},{"type":"Feature","id":"DESNATPU1000G8a0","properties":{"id":"DESNATPU1000G8a0","height_m":6.544,"ground_m":198.417,"height_source":"LoD1 solid top minus bottom","production":"2023","laser":"2019","footprints":"2021"},"geometry":{"type":"Polygon","coordinates":[[[13.72507885203926,51.124155759731245],[13.725269769006625,51.12411730173715],[13.725247212563366,51.12407290129219],[13.725056216412058,51.12411164615464],[13.72507885203926,51.124155759731245]]]}},{"type":"Feature","id":"UUID_358dd4d3-cfd7-4b6c-8543-edce2ba5c198","properties":{"id":"UUID_358dd4d3-cfd7-4b6c-8543-edce2ba5c198","height_m":7.409,"ground_m":211.015,"height_source":"LoD1 solid top minus bottom","production":"2023","laser":"2019","footprints":"2021"},"geometry":{"type":"Polygon","coordinates":[[[13.721573082555038,51.12163414401344],[13.721479515317842,51.121706115401274],[13.721548284114563,51.12174152550496],[13.721641865603436,51.12166955421844],[13.721573082555038,51.12163414401344]]]}},{"type":"Feature","id":"UUID_dcc47c28-690e-4577-b059-576780299df0","properties":{"id":"UUID_dcc47c28-690e-4577-b059-576780299df0","height_m":6.3,"ground_m":211.015,"height_source":"LoD1 solid top minus bottom","production":"2023","laser":"2019","footprints":"2021"},"geometry":{"type":"Polygon","coordinates":[[[13.721458621242512,51.121695356388436],[13.721372513465017,51.1217616089092],[13.721461067629585,51.12180860229709],[13.721548284114563,51.12174152550496],[13.721458621242512,51.121695356388436]]]}},{"type":"Feature","id":"UUID_0d5cdd07-a04d-455f-b2f1-9905fd13e62b","properties":{"id":"UUID_0d5cdd07-a04d-455f-b2f1-9905fd13e62b","height_m":3.138,"ground_m":210.003,"height_source":"LoD1 solid top minus bottom","production":"2023","laser":"2019","footprints":"2021"},"geometry":{"type":"Polygon","coordinates":[[[13.720942829568383,51.122252690689685],[13.720929729368285,51.12224118950257],[13.720882703538164,51.12226236568001],[13.720895803732386,51.12227386687231],[13.720942829568383,51.122252690689685]]]}},{"type":"Feature","id":"UUID_64742061-e1c6-4f73-b161-8f4107087559","properties":{"id":"UUID_64742061-e1c6-4f73-b161-8f4107087559","height_m":6.724,"ground_m":210.003,"height_source":"LoD1 solid top minus bottom","production":"2023","laser":"2019","footprints":"2021"},"geometry":{"type":"Polygon","coordinates":[[[13.721052192417915,51.12227734011234],[13.72099659842039,51.122228467749345],[13.720942829568383,51.122252690689685],[13.720895803732386,51.12227386687231],[13.720851179742727,51.122293963198715],[13.720906787948156,51.12234283578604],[13.721052192417915,51.12227734011234]]]}},{"type":"Feature","id":"DESNATPU1000ILzv","properties":{"id":"DESNATPU1000ILzv","height_m":7.54,"ground_m":205.059,"height_source":"LoD1 solid top minus bottom","production":"2023","laser":"2019","footprints":"2021"},"geometry":{"type":"Polygon","coordinates":[[[13.722837324491634,51.12322764983228],[13.72300060136806,51.12311877692745],[13.72294073853484,51.12308261065143],[13.722776941458527,51.12319013786675],[13.722837324491634,51.12322764983228]]]}},{"type":"Feature","id":"DESNATPU1000G0SG","properties":{"id":"DESNATPU1000G0SG","height_m":7.914,"ground_m":209.228,"height_source":"LoD1 solid top minus bottom","production":"2023","laser":"2019","footprints":"2021"},"geometry":{"type":"Polygon","coordinates":[[[13.719324255449214,51.120974320538345],[13.719233900878171,51.12091919429597],[13.719098430541258,51.12100736843804],[13.719188647243634,51.121062313418335],[13.719324255449214,51.120974320538345]]]}},{"type":"Feature","id":"DESNATPU1000JF1a","properties":{"id":"DESNATPU1000JF1a","height_m":7.288,"ground_m":210.025,"height_source":"LoD1 solid top minus bottom","production":"2023","laser":"2019","footprints":"2021"},"geometry":{"type":"Polygon","coordinates":[[[13.717766295428117,51.12134082467456],[13.717800090293213,51.12146001697064],[13.71794216745736,51.12144405690943],[13.717908371987871,51.12132487364164],[13.717766295428117,51.12134082467456]]]}},{"type":"Feature","id":"DESNATPU1000DCKv","properties":{"id":"DESNATPU1000DCKv","height_m":6.521,"ground_m":204.876,"height_source":"LoD1 solid top minus bottom","production":"2023","laser":"2019","footprints":"2021"},"geometry":{"type":"Polygon","coordinates":[[[13.734545328849817,51.120951157015796],[13.734545482298746,51.12095129356814],[13.734602058104691,51.120932274614844],[13.73465929710907,51.120913037991684],[13.734578452727343,51.12081773895379],[13.734520075479878,51.12083732292953],[13.734462361673723,51.1208566802446],[13.734537980780637,51.12094448578621],[13.734545328849817,51.120951157015796]]]}},{"type":"Feature","id":"DESNATPU1000IrFM","properties":{"id":"DESNATPU1000IrFM","height_m":9.403,"ground_m":209.193,"height_source":"LoD1 solid top minus bottom","production":"2023","laser":"2019","footprints":"2021"},"geometry":{"type":"Polygon","coordinates":[[[13.721200861278044,51.122013921798384],[13.721189522757198,51.12202090209316],[13.721228326661654,51.12203924009828],[13.721268794895911,51.122058369670874],[13.721366939774443,51.121997122944194],[13.721332461412096,51.1219747945266],[13.721299414845264,51.121953399020384],[13.721252339198227,51.121981571187284],[13.721200861278044,51.122013921798384]]]}},{"type":"Feature","id":"DESNATPU1000HzNt","properties":{"id":"DESNATPU1000HzNt","height_m":5.453,"ground_m":210.898,"height_source":"LoD1 solid top minus bottom","production":"2023","laser":"2019","footprints":"2021"},"geometry":{"type":"Polygon","coordinates":[[[13.721457637705456,51.12287069349553],[13.721602483841625,51.12296625177634],[13.721686830738028,51.12291571721131],[13.721707314818474,51.12290148974625],[13.721652551682846,51.12286543251164],[13.721563698724959,51.12280692525625],[13.721557726174442,51.12281052901136],[13.721457637705456,51.12287069349553]]]}},{"type":"Feature","id":"DESNATPU1000JASA","properties":{"id":"DESNATPU1000JASA","height_m":2.798,"ground_m":209.253,"height_source":"LoD1 solid top minus bottom","production":"2023","laser":"2019","footprints":"2021"},"geometry":{"type":"Polygon","coordinates":[[[13.719446868302281,51.12178573364236],[13.719477790734363,51.121777457198824],[13.719459161866702,51.12174990612401],[13.719428224667643,51.12175820038645],[13.719446868302281,51.12178573364236]]]}},{"type":"Feature","id":"DESNATPU1000Ix2d","properties":{"id":"DESNATPU1000Ix2d","height_m":6.377,"ground_m":201.269,"height_source":"LoD1 solid top minus bottom","production":"2023","laser":"2019","footprints":"2021"},"geometry":{"type":"Polygon","coordinates":[[[13.724702847435477,51.1233241079446],[13.724726706833888,51.123376166576705],[13.72479644737358,51.12336038045101],[13.724771785235903,51.12330633466708],[13.724768820663122,51.123299827534154],[13.724697873732024,51.12331272279607],[13.724702847435477,51.1233241079446]]]}},{"type":"Feature","id":"DESNATPU1000J9mJ","properties":{"id":"DESNATPU1000J9mJ","height_m":6.152,"ground_m":196.035,"height_source":"LoD1 solid top minus bottom","production":"2023","laser":"2019","footprints":"2021"},"geometry":{"type":"Polygon","coordinates":[[[13.735531916612109,51.1285175015099],[13.735700626062041,51.128541088203065],[13.735715827490726,51.128492062139195],[13.73555471989051,51.12846747853615],[13.735531916612109,51.1285175015099]]]}},{"type":"Feature","id":"DESNATP17K0001ZG","properties":{"id":"DESNATP17K0001ZG","height_m":2.85,"ground_m":200.658,"height_source":"LoD1 solid top minus bottom","production":"2023","laser":"2019","footprints":"2021"},"geometry":{"type":"Polygon","coordinates":[[[13.723461569271823,51.124093564747504],[13.723439682651891,51.12410527721253],[13.723492805296155,51.124139777917584],[13.723557585066807,51.12410027836799],[13.72350575391074,51.124066619126644],[13.723461569271823,51.124093564747504]]]}},{"type":"Feature","id":"DESNATPU1000IME2","properties":{"id":"DESNATPU1000IME2","height_m":6.609,"ground_m":211.978,"height_source":"LoD1 solid top minus bottom","production":"2023","laser":"2019","footprints":"2021"},"geometry":{"type":"Polygon","coordinates":[[[13.720815326718728,51.121464714981286],[13.720845028121156,51.12148252188309],[13.72089109395598,51.1214520996287],[13.72090018833545,51.121457558814285],[13.720919430103534,51.12144483767627],[13.72091033547594,51.12143938748226],[13.720966720432349,51.12140215363474],[13.720937019033562,51.121384346763634],[13.720906348136886,51.121365944748334],[13.720784655818331,51.12144631293427],[13.720815326718728,51.121464714981286]]]}},{"type":"Feature","id":"DESNATPU1000IkRM","properties":{"id":"DESNATPU1000IkRM","height_m":3.163,"ground_m":200.546,"height_source":"LoD1 solid top minus bottom","production":"2023","laser":"2019","footprints":"2021"},"geometry":{"type":"Polygon","coordinates":[[[13.724541644386264,51.12361617976323],[13.724571908954493,51.123608452349984],[13.724585133773216,51.12362896524593],[13.724601912506614,51.123601900136066],[13.724591998660873,51.1235820618435],[13.724589344267887,51.12357674513646],[13.724556209887215,51.12357867687931],[13.72451885331821,51.12358085032601],[13.724541644386264,51.12361617976323]]]}},{"type":"Feature","id":"DESNATPU1000JcgY","properties":{"id":"DESNATPU1000JcgY","height_m":3.201,"ground_m":212.741,"height_source":"LoD1 solid top minus bottom","production":"2023","laser":"2019","footprints":"2021"},"geometry":{"type":"Polygon","coordinates":[[[13.71698245790282,51.12169468981087],[13.717016820707219,51.121759275364035],[13.717090566135138,51.121743357917836],[13.717127512745845,51.12173531006023],[13.717107048099543,51.12169515755348],[13.71709457332315,51.12167092001258],[13.71698245790282,51.12169468981087]]]}},{"type":"Feature","id":"DESNATPU1000IoAp","properties":{"id":"DESNATPU1000IoAp","height_m":3.119,"ground_m":208.931,"height_source":"LoD1 solid top minus bottom","production":"2023","laser":"2019","footprints":"2021"},"geometry":{"type":"Polygon","coordinates":[[[13.719084203635218,51.12180330804305],[13.719095233243898,51.121826621264354],[13.719219350482154,51.1218147524633],[13.7193295082355,51.12179973604126],[13.719316980573465,51.12177633449236],[13.719315526408309,51.121773629722256],[13.719234692871256,51.12178649431827],[13.719084203635218,51.12180330804305]]]}},{"type":"Feature","id":"DESNATPU1000ILUf","properties":{"id":"DESNATPU1000ILUf","height_m":2.444,"ground_m":209.524,"height_source":"LoD1 solid top minus bottom","production":"2023","laser":"2019","footprints":"2021"},"geometry":{"type":"Polygon","coordinates":[[[13.72210202416373,51.12293312417569],[13.722045900063133,51.122905982086216],[13.72199396188108,51.12293428126101],[13.72206022304999,51.12297105752164],[13.722061236467624,51.12297161715714],[13.722085232691413,51.122951285940495],[13.722119963030215,51.122966593519074],[13.722165417728636,51.12292986014812],[13.722126330865459,51.12291189706553],[13.72210202416373,51.12293312417569]]]}},{"type":"Feature","id":"UUID_0ec8bf36-7baf-4205-805b-99930369eb09","properties":{"id":"UUID_0ec8bf36-7baf-4205-805b-99930369eb09","height_m":9.093,"ground_m":209.275,"height_source":"LoD1 solid top minus bottom","production":"2023","laser":"2019","footprints":"2021"},"geometry":{"type":"Polygon","coordinates":[[[13.719001944210222,51.12200409709831],[13.719009484486616,51.12200529481008],[13.719155550735882,51.12197792915578],[13.718993793348066,51.121986229064106],[13.719001944210222,51.12200409709831]]]}},{"type":"Feature","id":"UUID_5f813158-155e-42b9-be2e-2fa8c3a51fc3","properties":{"id":"UUID_5f813158-155e-42b9-be2e-2fa8c3a51fc3","height_m":7.602,"ground_m":209.275,"height_source":"LoD1 solid top minus bottom","production":"2023","laser":"2019","footprints":"2021"},"geometry":{"type":"Polygon","coordinates":[[[13.719144575277507,51.12193095651393],[13.71912238107942,51.12188404083283],[13.719106991240253,51.121851498215634],[13.719095233243898,51.121826621264354],[13.719084203635218,51.12180330804305],[13.719006915387622,51.12181714656921],[13.718944447118023,51.12182833266911],[13.718923493053762,51.12183215884371],[13.718993793348066,51.121986229064106],[13.71908341541939,51.121981626359144],[13.719155550735882,51.12197792915578],[13.719166526311808,51.12197736593066],[13.719144575277507,51.12193095651393]]]}},{"type":"Feature","id":"DESNATPU1000D2X3","properties":{"id":"DESNATPU1000D2X3","height_m":2.494,"ground_m":199.176,"height_source":"LoD1 solid top minus bottom","production":"2023","laser":"2019","footprints":"2021"},"geometry":{"type":"Polygon","coordinates":[[[13.724380851370032,51.12429740035443],[13.724324166754593,51.1243397764343],[13.724328856831939,51.124342264644305],[13.724354408513605,51.124357795152946],[13.724382212773047,51.124338242421636],[13.724407015477016,51.12435191223561],[13.724439217651444,51.124328333738575],[13.724380851370032,51.12429740035443]]]}},{"type":"Feature","id":"DESNATPU1000FlE1","properties":{"id":"DESNATPU1000FlE1","height_m":6.399,"ground_m":204.826,"height_source":"LoD1 solid top minus bottom","production":"2023","laser":"2019","footprints":"2021"},"geometry":{"type":"Polygon","coordinates":[[[13.734354597056026,51.12077916516361],[13.734386907073658,51.120768094060764],[13.734462361673723,51.1208566802446],[13.734578452727343,51.12081773895379],[13.734443208702709,51.12065818222311],[13.734294369586424,51.120708549435264],[13.734354597056026,51.12077916516361]]]}},{"type":"Feature","id":"DESNATPU1000Hmxq","properties":{"id":"DESNATPU1000Hmxq","height_m":5.257,"ground_m":204.702,"height_source":"LoD1 solid top minus bottom","production":"2023","laser":"2019","footprints":"2021"},"geometry":{"type":"Polygon","coordinates":[[[13.737633616198403,51.1216012545722],[13.737628528747852,51.12159235975206],[13.737599297966398,51.12159898659202],[13.737604399452055,51.121607890557755],[13.737555758052059,51.12161892111572],[13.737562782810393,51.121631182166986],[13.737622706859641,51.12173569565533],[13.737752856587273,51.12170415117225],[13.737693494202368,51.12160051611348],[13.737688297115447,51.1215914492497],[13.737686987987868,51.12158915095261],[13.737633616198403,51.1216012545722]]]}},{"type":"Feature","id":"DESNATPU1000J1kG","properties":{"id":"DESNATPU1000J1kG","height_m":5.124,"ground_m":210.299,"height_source":"LoD1 solid top minus bottom","production":"2023","laser":"2019","footprints":"2021"},"geometry":{"type":"Polygon","coordinates":[[[13.717478618062506,51.1212791355918],[13.717326251838816,51.12131009909787],[13.717341693754278,51.12133916232003],[13.717516657453114,51.12130539809284],[13.717478618062506,51.1212791355918]]]}},{"type":"Feature","id":"UUID_70facac4-595d-4d84-af64-746f3fd0dee4","properties":{"id":"UUID_70facac4-595d-4d84-af64-746f3fd0dee4","height_m":2.786,"ground_m":208.443,"height_source":"LoD1 solid top minus bottom","production":"2023","laser":"2019","footprints":"2021"},"geometry":{"type":"Polygon","coordinates":[[[13.717579573821034,51.12061956966894],[13.717599054321061,51.12064107824755],[13.717650266148722,51.120624050005944],[13.717629884758878,51.12060153335603],[13.717579573821034,51.12061956966894]]]}},{"type":"Feature","id":"UUID_0b058d32-11f7-4f38-aafc-ea94fda21c0c","properties":{"id":"UUID_0b058d32-11f7-4f38-aafc-ea94fda21c0c","height_m":3.766,"ground_m":208.443,"height_source":"LoD1 solid top minus bottom","production":"2023","laser":"2019","footprints":"2021"},"geometry":{"type":"Polygon","coordinates":[[[13.717669441630548,51.12064522249433],[13.717650266148722,51.120624050005944],[13.717599054321061,51.12064107824755],[13.717558774312009,51.12065446737981],[13.717604020124636,51.12070840776517],[13.71764504664951,51.12069592608333],[13.717698114151181,51.12067690378734],[13.717669441630548,51.12064522249433]]]}},{"type":"Feature","id":"DESNATPU1000EgMi","properties":{"id":"DESNATPU1000EgMi","height_m":8.498,"ground_m":210.858,"height_source":"LoD1 solid top minus bottom","production":"2023","laser":"2019","footprints":"2021"},"geometry":{"type":"Polygon","coordinates":[[[13.71674749549894,51.120717553875515],[13.716643213485284,51.120741292407274],[13.71668493936109,51.120813935491206],[13.716704964066754,51.12084879549188],[13.71680926032847,51.12082506605379],[13.71674749549894,51.120717553875515]]]}},{"type":"Feature","id":"DESNATPU1000ErEl","properties":{"id":"DESNATPU1000ErEl","height_m":5.405,"ground_m":211.171,"height_source":"LoD1 solid top minus bottom","production":"2023","laser":"2019","footprints":"2021"},"geometry":{"type":"Polygon","coordinates":[[[13.720277599971688,51.12217495354866],[13.72032097978887,51.122218503748094],[13.720376864628266,51.12219735280312],[13.720454457819793,51.122155935837235],[13.720396991574324,51.122125720711544],[13.720328871291908,51.122155280907535],[13.720277599971688,51.12217495354866]]]}},{"type":"Feature","id":"DESNATPU1000BhIW","properties":{"id":"DESNATPU1000BhIW","height_m":4.071,"ground_m":198.083,"height_source":"LoD1 solid top minus bottom","production":"2023","laser":"2019","footprints":"2021"},"geometry":{"type":"Polygon","coordinates":[[[13.730379783894353,51.124298382410664],[13.730554650394545,51.12431044278773],[13.730559907099387,51.12428028413485],[13.730563624224208,51.124259371325024],[13.73056907552987,51.12422732630157],[13.730560371009211,51.124226872091995],[13.730515015892108,51.124223681861956],[13.730394206874195,51.12421535584908],[13.730379783894353,51.124298382410664]]]}},{"type":"Feature","id":"DESNATPU1000GOtd","properties":{"id":"DESNATPU1000GOtd","height_m":7.517,"ground_m":210.526,"height_source":"LoD1 solid top minus bottom","production":"2023","laser":"2019","footprints":"2021"},"geometry":{"type":"Polygon","coordinates":[[[13.716749495973255,51.12100376236231],[13.716758598122574,51.121017171583645],[13.716809145392888,51.12100662021654],[13.716862150285168,51.12099555622968],[13.716790503028536,51.12085946445922],[13.71673287168175,51.12087144885988],[13.716720195802878,51.12087407952209],[13.716677683661452,51.120882920481215],[13.716749495973255,51.12100376236231]]]}},{"type":"Feature","id":"UUID_d32a9ef3-fbba-4753-a11b-bc818a52fc2b","properties":{"id":"UUID_d32a9ef3-fbba-4753-a11b-bc818a52fc2b","height_m":5.981,"ground_m":201.879,"height_source":"LoD1 solid top minus bottom","production":"2023","laser":"2019","footprints":"2021"},"geometry":{"type":"Polygon","coordinates":[[[13.724040199651727,51.123298659531265],[13.724093808863667,51.123280215787894],[13.724160358971307,51.12325730891704],[13.72412327115163,51.12320824430548],[13.72410595951762,51.12321315431561],[13.724040414545223,51.123231737603476],[13.723934931720834,51.12326164757422],[13.7239835316391,51.12331816698982],[13.724040199651727,51.123298659531265]]]}},{"type":"Feature","id":"UUID_94239089-ce63-48fd-ace4-418c52a7b272","properties":{"id":"UUID_94239089-ce63-48fd-ace4-418c52a7b272","height_m":3.335,"ground_m":201.879,"height_source":"LoD1 solid top minus bottom","production":"2023","laser":"2019","footprints":"2021"},"geometry":{"type":"Polygon","coordinates":[[[13.724040414545223,51.123231737603476],[13.724032675900997,51.12322113160456],[13.723920794834044,51.12324520737085],[13.723934931720834,51.12326164757422],[13.724040414545223,51.123231737603476]]]}},{"type":"Feature","id":"UUID_0173238f-274c-4a5e-a4b2-84c5966b7f4c","properties":{"id":"UUID_0173238f-274c-4a5e-a4b2-84c5966b7f4c","height_m":4.412,"ground_m":201.879,"height_source":"LoD1 solid top minus bottom","production":"2023","laser":"2019","footprints":"2021"},"geometry":{"type":"Polygon","coordinates":[[[13.724040199651727,51.123298659531265],[13.724050684854436,51.12331071635948],[13.72410429407633,51.123292272611415],[13.724093808863667,51.123280215787894],[13.724040199651727,51.123298659531265]]]}},{"type":"Feature","id":"UUID_e38b6c46-06cd-429d-bc0b-0e6888e59aa5","properties":{"id":"UUID_e38b6c46-06cd-429d-bc0b-0e6888e59aa5","height_m":9.449,"ground_m":209.537,"height_source":"LoD1 solid top minus bottom","production":"2023","laser":"2019","footprints":"2021"},"geometry":{"type":"Polygon","coordinates":[[[13.72321512163457,51.12224123875192],[13.723202952182701,51.122226537561346],[13.723202938641077,51.12222651043515],[13.723171661787594,51.122236771396835],[13.723139721355759,51.12224725891631],[13.723139790550967,51.12224734060696],[13.723151814657102,51.122262130144776],[13.723164218923202,51.12225794906115],[13.723170862661451,51.122265755401955],[13.723190187037611,51.12225935672123],[13.723203742792139,51.12225487345973],[13.723197096571216,51.1222471570215],[13.72321512163457,51.12224123875192]]]}},{"type":"Feature","id":"UUID_6ab491f9-e18a-4523-99df-8e7af88a7057","properties":{"id":"UUID_6ab491f9-e18a-4523-99df-8e7af88a7057","height_m":10.192,"ground_m":209.537,"height_source":"LoD1 solid top minus bottom","production":"2023","laser":"2019","footprints":"2021"},"geometry":{"type":"Polygon","coordinates":[[[13.723018823900828,51.12219314203124],[13.72307980631555,51.12226691932769],[13.723139790550967,51.12224734060696],[13.723139721355759,51.12224725891631],[13.723202938641077,51.12222651043515],[13.723202952182701,51.122226537561346],[13.723247943384482,51.12221174109973],[13.723186386885507,51.12213804755015],[13.723139809493684,51.12215336623392],[13.723064428676219,51.12217682356782],[13.723018823900828,51.12219314203124]]]}},{"type":"Feature","id":"DESNATPU1000BKkd","properties":{"id":"DESNATPU1000BKkd","height_m":7.233,"ground_m":209.498,"height_source":"LoD1 solid top minus bottom","production":"2023","laser":"2019","footprints":"2021"},"geometry":{"type":"Polygon","coordinates":[[[13.719649764175967,51.12177380984525],[13.719610409929995,51.12178677816669],[13.71962092058476,51.12179941121789],[13.719491638014246,51.12184202417042],[13.719510115101526,51.121864213876854],[13.71954401299423,51.121904917733744],[13.719785075048259,51.12182532726107],[13.719751261715624,51.12178466037113],[13.719732854974271,51.12176250744422],[13.719660275087193,51.121786433902955],[13.719649764175967,51.12177380984525]]]}},{"type":"Feature","id":"DESNATPU1000G8LA","properties":{"id":"DESNATPU1000G8LA","height_m":6.213,"ground_m":197.295,"height_source":"LoD1 solid top minus bottom","production":"2023","laser":"2019","footprints":"2021"},"geometry":{"type":"Polygon","coordinates":[[[13.724711135149766,51.12488597422922],[13.724832017622148,51.124813821552664],[13.724742602726295,51.124755202720145],[13.72462214885148,51.124827359979626],[13.724711135149766,51.12488597422922]]]}},{"type":"Feature","id":"DESNATPU1000EAjE","properties":{"id":"DESNATPU1000EAjE","height_m":6.059,"ground_m":202.008,"height_source":"LoD1 solid top minus bottom","production":"2023","laser":"2019","footprints":"2021"},"geometry":{"type":"Polygon","coordinates":[[[13.732395786635275,51.12138303429808],[13.732359829690303,51.12132632272533],[13.732169395145517,51.12137441975252],[13.732157671285657,51.12134595639127],[13.732048126951515,51.12136381526652],[13.732091041944207,51.12146803928571],[13.732400632385003,51.12139028105168],[13.732395786635275,51.12138303429808]]]}},{"type":"Feature","id":"DESNATPU1000ByUx","properties":{"id":"DESNATPU1000ByUx","height_m":7.984,"ground_m":210.413,"height_source":"LoD1 solid top minus bottom","production":"2023","laser":"2019","footprints":"2021"},"geometry":{"type":"Polygon","coordinates":[[[13.720362487267387,51.12210744746901],[13.720396991574324,51.122125720711544],[13.720411696128744,51.12213345355372],[13.720454457819793,51.122155935837235],[13.72050671646413,51.12211604015679],[13.720547879865485,51.122084656121324],[13.720620429322848,51.1220292450399],[13.72057808280787,51.12200725296968],[13.720529143294035,51.12198184342543],[13.720478796534781,51.12201978162471],[13.720362487267387,51.12210744746901]]]}},{"type":"Feature","id":"DESNATPU1000BV2D","properties":{"id":"DESNATPU1000BV2D","height_m":7.777,"ground_m":197.283,"height_source":"LoD1 solid top minus bottom","production":"2023","laser":"2019","footprints":"2021"},"geometry":{"type":"Polygon","coordinates":[[[13.725774143748268,51.124512285322666],[13.725933700857604,51.12448398806736],[13.725985326117762,51.124474829365454],[13.72595047523211,51.12439681499781],[13.725739730180813,51.124433969902555],[13.725774143748268,51.124512285322666]]]}},{"type":"Feature","id":"DESNATPU1000Dpak","properties":{"id":"DESNATPU1000Dpak","height_m":3.201,"ground_m":199.908,"height_source":"LoD1 solid top minus bottom","production":"2023","laser":"2019","footprints":"2021"},"geometry":{"type":"Polygon","coordinates":[[[13.73143410936163,51.123747048568326],[13.731394197016442,51.12374445729183],[13.73137727257258,51.12384740280999],[13.7314171992911,51.12384999424783],[13.73143410936163,51.123747048568326]]]}},{"type":"Feature","id":"DESNATPU1000B8qo","properties":{"id":"DESNATPU1000B8qo","height_m":6.61,"ground_m":211.962,"height_source":"LoD1 solid top minus bottom","production":"2023","laser":"2019","footprints":"2021"},"geometry":{"type":"Polygon","coordinates":[[[13.716789268402408,51.12120983695495],[13.71676683111829,51.1211944828323],[13.716752452463115,51.12120286818149],[13.716671533524904,51.121147663647676],[13.716658605772595,51.121155255558584],[13.716630549063272,51.121171494350996],[13.716591804288687,51.121193910776725],[13.71674462205922,51.12129981443723],[13.716783835923199,51.121276971455295],[13.716825373688234,51.12125276907346],[13.716774889746432,51.12121822230686],[13.716789268402408,51.12120983695495]]]}},{"type":"Feature","id":"DESNATPU1000EqcM","properties":{"id":"DESNATPU1000EqcM","height_m":2.726,"ground_m":202.166,"height_source":"LoD1 solid top minus bottom","production":"2023","laser":"2019","footprints":"2021"},"geometry":{"type":"Polygon","coordinates":[[[13.723353187793881,51.12367079995899],[13.723306176957934,51.12369141971898],[13.723317643347897,51.12370053769358],[13.723325616953,51.12369639814478],[13.723363457104966,51.12372333998869],[13.72339900719758,51.123703764143805],[13.723358509769849,51.12367472495983],[13.723353187793881,51.12367079995899]]]}},{"type":"Feature","id":"DESNATPU1000Gssq","properties":{"id":"DESNATPU1000Gssq","height_m":6.519,"ground_m":207.989,"height_source":"LoD1 solid top minus bottom","production":"2023","laser":"2019","footprints":"2021"},"geometry":{"type":"Polygon","coordinates":[[[13.723310013379097,51.12230828188941],[13.72330911007092,51.12230476484148],[13.72326827075267,51.122308905249355],[13.723206655870474,51.12231506698431],[13.723138738116646,51.12232178935471],[13.723150057368679,51.122367326511736],[13.723320005886292,51.12235011750262],[13.723310013379097,51.12230828188941]]]}},{"type":"Feature","id":"UUID_0f6b1b5b-ea4f-4734-980c-75f6b7694f21","properties":{"id":"UUID_0f6b1b5b-ea4f-4734-980c-75f6b7694f21","height_m":3.529,"ground_m":209.303,"height_source":"LoD1 solid top minus bottom","production":"2023","laser":"2019","footprints":"2021"},"geometry":{"type":"Polygon","coordinates":[[[13.719668351547037,51.12118573226515],[13.719634245120627,51.12121512492807],[13.719680382550113,51.1212364034626],[13.719714357665696,51.12120710826926],[13.719714343629352,51.121207099122785],[13.719668351547037,51.12118573226515]]]}},{"type":"Feature","id":"UUID_8c59dcf8-1f53-4cba-9701-ddd38bec05cd","properties":{"id":"UUID_8c59dcf8-1f53-4cba-9701-ddd38bec05cd","height_m":8.09,"ground_m":209.303,"height_source":"LoD1 solid top minus bottom","production":"2023","laser":"2019","footprints":"2021"},"geometry":{"type":"Polygon","coordinates":[[[13.719680382550113,51.1212364034626],[13.719654619801029,51.12125860333396],[13.719694081181725,51.12127637351631],[13.719734219818212,51.121294456855296],[13.719901241129314,51.12115042248166],[13.719861394459965,51.12113211757619],[13.719822225045611,51.12111412582658],[13.719714357665696,51.12120710826926],[13.719680382550113,51.1212364034626]]]}},{"type":"Feature","id":"DESNATPU1000JOET","properties":{"id":"DESNATPU1000JOET","height_m":3.277,"ground_m":197.112,"height_source":"LoD1 solid top minus bottom","production":"2023","laser":"2019","footprints":"2021"},"geometry":{"type":"Polygon","coordinates":[[[13.725941967818954,51.12450242340849],[13.725945758210464,51.12451787832803],[13.726009731664949,51.12450503222722],[13.725995421306546,51.12447304188034],[13.725985326117762,51.124474829365454],[13.725933700857604,51.12448398806736],[13.725941967818954,51.12450242340849]]]}},{"type":"Feature","id":"DESNATPU1000FGmi","properties":{"id":"DESNATPU1000FGmi","height_m":11.481,"ground_m":200.265,"height_source":"LoD1 solid top minus bottom","production":"2023","laser":"2019","footprints":"2021"},"geometry":{"type":"Polygon","coordinates":[[[13.74170136301858,51.12696175741046],[13.741714603715323,51.127042475037904],[13.74177871605627,51.12703920809544],[13.741769169981083,51.12699081424634],[13.74181628097869,51.126987364344664],[13.74181039678256,51.12695672564089],[13.74170136301858,51.12696175741046]]]}},{"type":"Feature","id":"DESNATPU1000EBh3","properties":{"id":"DESNATPU1000EBh3","height_m":2.058,"ground_m":196.625,"height_source":"LoD1 solid top minus bottom","production":"2023","laser":"2019","footprints":"2021"},"geometry":{"type":"Polygon","coordinates":[[[13.725013653426295,51.125457167057526],[13.724914416842472,51.125485311498274],[13.725005383612125,51.125555098150215],[13.7250632853315,51.12553342739417],[13.725013653426295,51.125457167057526]]]}},{"type":"Feature","id":"DESNATPU1000EY5j","properties":{"id":"DESNATPU1000EY5j","height_m":4.058,"ground_m":202.726,"height_source":"LoD1 solid top minus bottom","production":"2023","laser":"2019","footprints":"2021"},"geometry":{"type":"Polygon","coordinates":[[[13.732496626436246,51.12226586917143],[13.732508784383272,51.12229154044491],[13.73252297687333,51.12232119059206],[13.73270643822718,51.122285229596315],[13.732680769870148,51.12223108467092],[13.732496626436246,51.12226586917143]]]}},{"type":"Feature","id":"DESNATPU1000IxO6","properties":{"id":"DESNATPU1000IxO6","height_m":7.203,"ground_m":196.801,"height_source":"LoD1 solid top minus bottom","production":"2023","laser":"2019","footprints":"2021"},"geometry":{"type":"Polygon","coordinates":[[[13.725995421306546,51.12447304188034],[13.726167026102175,51.12444261838334],[13.726133591708383,51.12436452957425],[13.726027400744407,51.12438325569524],[13.72595047523211,51.12439681499781],[13.725985326117762,51.124474829365454],[13.725995421306546,51.12447304188034]]]}},{"type":"Feature","id":"UUID_ad20cbc8-44d1-4e95-9194-7e082dbd3a2d","properties":{"id":"UUID_ad20cbc8-44d1-4e95-9194-7e082dbd3a2d","height_m":3.529,"ground_m":197.577,"height_source":"LoD1 solid top minus bottom","production":"2023","laser":"2019","footprints":"2021"},"geometry":{"type":"Polygon","coordinates":[[[13.725635725760867,51.124203952284525],[13.725653154687132,51.12427112044117],[13.72571822867726,51.124266047261564],[13.725703302857857,51.12421540814093],[13.72569803526016,51.124197554027766],[13.725635725760867,51.124203952284525]]]}},{"type":"Feature","id":"UUID_35165281-91e1-4a52-93b0-a134d66e2182","properties":{"id":"UUID_35165281-91e1-4a52-93b0-a134d66e2182","height_m":3.534,"ground_m":197.577,"height_source":"LoD1 solid top minus bottom","production":"2023","laser":"2019","footprints":"2021"},"geometry":{"type":"Polygon","coordinates":[[[13.72569803526016,51.124197554027766],[13.725703302857857,51.12421540814093],[13.72574261266245,51.124210818556875],[13.725738638127671,51.124197384997935],[13.725737673808911,51.12419348061639],[13.72569803526016,51.124197554027766]]]}},{"type":"Feature","id":"DESNATPU1000IYtW","properties":{"id":"DESNATPU1000IYtW","height_m":6.612,"ground_m":198.089,"height_source":"LoD1 solid top minus bottom","production":"2023","laser":"2019","footprints":"2021"},"geometry":{"type":"Polygon","coordinates":[[[13.725579187280678,51.12413617802324],[13.725371663562928,51.12417366413338],[13.725408998334515,51.12425536581674],[13.725616379532207,51.12421787808628],[13.725579187280678,51.12413617802324]]]}},{"type":"Feature","id":"DESNATPU1000Ih9V","properties":{"id":"DESNATPU1000Ih9V","height_m":7.37,"ground_m":203.879,"height_source":"LoD1 solid top minus bottom","production":"2023","laser":"2019","footprints":"2021"},"geometry":{"type":"Polygon","coordinates":[[[13.73276127836791,51.120977743667225],[13.732678795372822,51.12098789283912],[13.732692852675276,51.12103500548167],[13.732775250551486,51.121025358972666],[13.73276127836791,51.120977743667225]]]}},{"type":"Feature","id":"DESNATPU1000BKg8","properties":{"id":"DESNATPU1000BKg8","height_m":11.204,"ground_m":198.411,"height_source":"LoD1 solid top minus bottom","production":"2023","laser":"2019","footprints":"2021"},"geometry":{"type":"Polygon","coordinates":[[[13.733278091286714,51.126686371335495],[13.733731618511596,51.12750917567563],[13.734669279521023,51.1273044885586],[13.734215451777121,51.12648168463072],[13.733768476865583,51.126579452830136],[13.733528819377238,51.12663170431009],[13.733278091286714,51.126686371335495]]]}},{"type":"Feature","id":"DESNATPU1000JO1I","properties":{"id":"DESNATPU1000JO1I","height_m":3.485,"ground_m":193.856,"height_source":"LoD1 solid top minus bottom","production":"2023","laser":"2019","footprints":"2021"},"geometry":{"type":"Polygon","coordinates":[[[13.721695088801697,51.13838261893313],[13.721887048585996,51.13853950046057],[13.721967125480592,51.1385007175474],[13.721775165332708,51.13834384513966],[13.721695088801697,51.13838261893313]]]}},{"type":"Feature","id":"DESNATPU1000HXk4","properties":{"id":"DESNATPU1000HXk4","height_m":5.307,"ground_m":212.058,"height_source":"LoD1 solid top minus bottom","production":"2023","laser":"2019","footprints":"2021"},"geometry":{"type":"Polygon","coordinates":[[[13.71655997062893,51.121172158526086],[13.716591804288687,51.121193910776725],[13.716658605772595,51.121155255558584],[13.716626486410675,51.12113350019022],[13.71655997062893,51.121172158526086]]]}},{"type":"Feature","id":"DESNATPU1000BkkL","properties":{"id":"DESNATPU1000BkkL","height_m":3.117,"ground_m":204.998,"height_source":"LoD1 solid top minus bottom","production":"2023","laser":"2019","footprints":"2021"},"geometry":{"type":"Polygon","coordinates":[[[13.733619618813716,51.12358342797589],[13.733646977829842,51.123669875040626],[13.733743477124303,51.12365788056229],[13.733716263249457,51.12357134516467],[13.733619618813716,51.12358342797589]]]}},{"type":"Feature","id":"DESNATPU1000HrrM","properties":{"id":"DESNATPU1000HrrM","height_m":4.387,"ground_m":212.114,"height_source":"LoD1 solid top minus bottom","production":"2023","laser":"2019","footprints":"2021"},"geometry":{"type":"Polygon","coordinates":[[[13.721299962308679,51.121617884208774],[13.721277290453783,51.12163166501753],[13.721293292391788,51.12164209178748],[13.721315964247141,51.12162831097566],[13.721299962308679,51.121617884208774]]]}},{"type":"Feature","id":"DESNATPU1000EulG","properties":{"id":"DESNATPU1000EulG","height_m":4.392,"ground_m":203.461,"height_source":"LoD1 solid top minus bottom","production":"2023","laser":"2019","footprints":"2021"},"geometry":{"type":"Polygon","coordinates":[[[13.732893367443863,51.12211729194715],[13.733421375659018,51.12210116008289],[13.733406739217811,51.121910084916195],[13.732878587867008,51.1219263050833],[13.732893367443863,51.12211729194715]]]}},{"type":"Feature","id":"UUID_021991e2-5b94-4060-ba1c-4e1d847b684f","properties":{"id":"UUID_021991e2-5b94-4060-ba1c-4e1d847b684f","height_m":7.232,"ground_m":207.667,"height_source":"LoD1 solid top minus bottom","production":"2023","laser":"2019","footprints":"2021"},"geometry":{"type":"Polygon","coordinates":[[[13.722675162625414,51.122369244063805],[13.722675249328773,51.12236920903983],[13.722703566813756,51.12239786362568],[13.72270352346206,51.12239788113769],[13.722736472015516,51.122431154637106],[13.72275063274773,51.12242546401065],[13.72276159998422,51.12242106043848],[13.72278661217226,51.122411018926506],[13.722654953565259,51.12227819619223],[13.722629779421727,51.122287894181085],[13.722604489746002,51.12229763586634],[13.722647779473185,51.12234142701364],[13.722675162625414,51.122369244063805]]]}},{"type":"Feature","id":"UUID_e52ba1ac-acd9-4da3-91af-a364f4284d74","properties":{"id":"UUID_e52ba1ac-acd9-4da3-91af-a364f4284d74","height_m":6.79,"ground_m":207.667,"height_source":"LoD1 solid top minus bottom","production":"2023","laser":"2019","footprints":"2021"},"geometry":{"type":"Polygon","coordinates":[[[13.722604489746002,51.12229763586634],[13.72259183776156,51.122302506628834],[13.722635352821397,51.1223464171486],[13.722647779473185,51.12234142701364],[13.722604489746002,51.12229763586634]]]}},{"type":"Feature","id":"UUID_830492a8-d6b2-44b9-b827-42e0979ff1dd","properties":{"id":"UUID_830492a8-d6b2-44b9-b827-42e0979ff1dd","height_m":7.331,"ground_m":207.667,"height_source":"LoD1 solid top minus bottom","production":"2023","laser":"2019","footprints":"2021"},"geometry":{"type":"Polygon","coordinates":[[[13.722675162625414,51.122369244063805],[13.722656959876279,51.12237641929903],[13.722685177853291,51.12240505481673],[13.72270352346206,51.12239788113769],[13.722703566813756,51.12239786362568],[13.722675249328773,51.12236920903983],[13.722675162625414,51.122369244063805]]]}},{"type":"Feature","id":"DESNATPU1000EL2F","properties":{"id":"DESNATPU1000EL2F","height_m":6.78,"ground_m":196.653,"height_source":"LoD1 solid top minus bottom","production":"2023","laser":"2019","footprints":"2021"},"geometry":{"type":"Polygon","coordinates":[[[13.726348658628423,51.1244861075824],[13.726428188101016,51.12463922152757],[13.72657750194846,51.12460874348918],[13.726497981920529,51.12445527003829],[13.726348658628423,51.1244861075824]]]}},{"type":"Feature","id":"DESNATPU1000DsAS","properties":{"id":"DESNATPU1000DsAS","height_m":5.481,"ground_m":212.431,"height_source":"LoD1 solid top minus bottom","production":"2023","laser":"2019","footprints":"2021"},"geometry":{"type":"Polygon","coordinates":[[[13.722096872852331,51.12173199173476],[13.722181812866758,51.12181781188827],[13.72227238485826,51.121782380865426],[13.722187590069545,51.12169647243683],[13.722096872852331,51.12173199173476]]]}},{"type":"Feature","id":"DESNATPU1000GHBt","properties":{"id":"DESNATPU1000GHBt","height_m":4.142,"ground_m":198.884,"height_source":"LoD1 solid top minus bottom","production":"2023","laser":"2019","footprints":"2021"},"geometry":{"type":"Polygon","coordinates":[[[13.730916958982284,51.12418335085614],[13.730906916471714,51.124247360340945],[13.731092226403781,51.124258993693395],[13.731152728274186,51.1238762882685],[13.73104212694778,51.123870951375494],[13.73096709225716,51.12386618023819],[13.73092801629606,51.12411359700826],[13.730839422005424,51.124108228986515],[13.730829652750518,51.12417790687944],[13.730916958982284,51.12418335085614]]]}},{"type":"Feature","id":"DESNATPU1000F0Js","properties":{"id":"DESNATPU1000F0Js","height_m":2.945,"ground_m":210.562,"height_source":"LoD1 solid top minus bottom","production":"2023","laser":"2019","footprints":"2021"},"geometry":{"type":"Polygon","coordinates":[[[13.721483708239319,51.12276177919041],[13.72152268202024,51.122787448068465],[13.721543897048322,51.122774694447386],[13.721505287984213,51.12274927236928],[13.72148746945389,51.12275959909832],[13.721483708239319,51.12276177919041]]]}},{"type":"Feature","id":"DESNATPU1000Flwk","properties":{"id":"DESNATPU1000Flwk","height_m":3.182,"ground_m":207.176,"height_source":"LoD1 solid top minus bottom","production":"2023","laser":"2019","footprints":"2021"},"geometry":{"type":"Polygon","coordinates":[[[13.736364766242097,51.12149191101403],[13.736421365416147,51.12154378147241],[13.736480216965214,51.12151833838579],[13.736423474904853,51.121466466411746],[13.736364766242097,51.12149191101403]]]}},{"type":"Feature","id":"DESNATPU1000GAiU","properties":{"id":"DESNATPU1000GAiU","height_m":3.435,"ground_m":209.768,"height_source":"LoD1 solid top minus bottom","production":"2023","laser":"2019","footprints":"2021"},"geometry":{"type":"Polygon","coordinates":[[[13.721038962540067,51.1225618350048],[13.720985081934257,51.12258853875062],[13.721026912681355,51.122626127506834],[13.72104871588957,51.12261691457255],[13.721092264585131,51.12259540353571],[13.721092496377672,51.12259528916475],[13.72108316312468,51.1225896745061],[13.721038962540067,51.1225618350048]]]}},{"type":"Feature","id":"DESNATPU1000HqDt","properties":{"id":"DESNATPU1000HqDt","height_m":2.488,"ground_m":199.235,"height_source":"LoD1 solid top minus bottom","production":"2023","laser":"2019","footprints":"2021"},"geometry":{"type":"Polygon","coordinates":[[[13.724819928949035,51.1239035845816],[13.724808725000289,51.1239051620323],[13.724820177891214,51.123919972139774],[13.724846183585742,51.12391330432218],[13.724838221037988,51.12389888299889],[13.724819928949035,51.1239035845816]]]}},{"type":"Feature","id":"UUID_545f3718-3440-46af-90f4-8fa1f5bbe3d1","properties":{"id":"UUID_545f3718-3440-46af-90f4-8fa1f5bbe3d1","height_m":5.612,"ground_m":200.093,"height_source":"LoD1 solid top minus bottom","production":"2023","laser":"2019","footprints":"2021"},"geometry":{"type":"Polygon","coordinates":[[[13.724200679346577,51.12382961771745],[13.72421596815873,51.12383848953939],[13.72426528146616,51.123804828026735],[13.724251201154251,51.12379514206059],[13.724200679346577,51.12382961771745]]]}},{"type":"Feature","id":"UUID_31db9a83-16f3-465b-b79b-0728b4dfe66d","properties":{"id":"UUID_31db9a83-16f3-465b-b79b-0728b4dfe66d","height_m":7.124,"ground_m":200.093,"height_source":"LoD1 solid top minus bottom","production":"2023","laser":"2019","footprints":"2021"},"geometry":{"type":"Polygon","coordinates":[[[13.724059282368962,51.12374758051413],[13.724200679346577,51.12382961771745],[13.724274575996992,51.123779192096315],[13.724133179286921,51.12369714599175],[13.724059282368962,51.12374758051413]]]}},{"type":"Feature","id":"DESNATPU1000Bs4B","properties":{"id":"DESNATPU1000Bs4B","height_m":5.259,"ground_m":209.825,"height_source":"LoD1 solid top minus bottom","production":"2023","laser":"2019","footprints":"2021"},"geometry":{"type":"Polygon","coordinates":[[[13.721907173352587,51.122850140424035],[13.721830581878157,51.12281592201011],[13.721707314818474,51.12290148974625],[13.721686830738028,51.12291571721131],[13.721752858198558,51.12295939754942],[13.721907173352587,51.122850140424035]]]}},{"type":"Feature","id":"DESNATPU1000Htz2","properties":{"id":"DESNATPU1000Htz2","height_m":2.861,"ground_m":201.505,"height_source":"LoD1 solid top minus bottom","production":"2023","laser":"2019","footprints":"2021"},"geometry":{"type":"Polygon","coordinates":[[[13.724176459772918,51.12332798799227],[13.724195190448325,51.123359748027134],[13.724276486006168,51.12334364763903],[13.724263841678706,51.12331348279368],[13.724176459772918,51.12332798799227]]]}},{"type":"Feature","id":"DESNATPU1000I6r9","properties":{"id":"DESNATPU1000I6r9","height_m":3.053,"ground_m":208.771,"height_source":"LoD1 solid top minus bottom","production":"2023","laser":"2019","footprints":"2021"},"geometry":{"type":"Polygon","coordinates":[[[13.718957211227298,51.12173418314422],[13.718932002169524,51.121740993272475],[13.718980945510099,51.121812716382806],[13.719006140066373,51.12180591507788],[13.718957211227298,51.12173418314422]]]}},{"type":"Feature","id":"UUID_eb04f630-abe1-410a-b0ad-29d572b4c737","properties":{"id":"UUID_eb04f630-abe1-410a-b0ad-29d572b4c737","height_m":7.683,"ground_m":197.185,"height_source":"LoD1 solid top minus bottom","production":"2023","laser":"2019","footprints":"2021"},"geometry":{"type":"Polygon","coordinates":[[[13.724837822041959,51.125295816780316],[13.724854660947004,51.12533871610058],[13.724854718339284,51.125338707733654],[13.724871407553774,51.12538133563541],[13.724928409483468,51.12537105797501],[13.72498141903507,51.12536149214759],[13.724963131732334,51.12531462023095],[13.724978489723272,51.125312179789674],[13.724963669295981,51.12527433845222],[13.724948308841388,51.125276868792426],[13.7249265473334,51.12522123599189],[13.72487294276276,51.12522958128057],[13.7248153197316,51.12523854818754],[13.724837893720354,51.1252958085692],[13.724837822041959,51.125295816780316]]]}},{"type":"Feature","id":"UUID_9131cf15-2966-4c08-ad92-d416ac5dd51e","properties":{"id":"UUID_9131cf15-2966-4c08-ad92-d416ac5dd51e","height_m":6.125,"ground_m":197.185,"height_source":"LoD1 solid top minus bottom","production":"2023","laser":"2019","footprints":"2021"},"geometry":{"type":"Polygon","coordinates":[[[13.724815538819335,51.125344755272934],[13.724854660947004,51.12533871610058],[13.724837822041959,51.125295816780316],[13.72479885709637,51.12530185766111],[13.724815538819335,51.125344755272934]]]}},{"type":"Feature","id":"DESNATPU1000BDeE","properties":{"id":"DESNATPU1000BDeE","height_m":7.507,"ground_m":209.434,"height_source":"LoD1 solid top minus bottom","production":"2023","laser":"2019","footprints":"2021"},"geometry":{"type":"Polygon","coordinates":[[[13.72093194251333,51.122385080274],[13.72086415310915,51.12241507605387],[13.72090014333846,51.122447340186866],[13.720936063929472,51.1224795405972],[13.721174764592023,51.122374229049534],[13.721138746400085,51.12234193771701],[13.72110265856995,51.1223095826619],[13.721052301576485,51.12233185556384],[13.72093194251333,51.122385080274]]]}},{"type":"Feature","id":"DESNATPU1000D5gm","properties":{"id":"DESNATPU1000D5gm","height_m":7.915,"ground_m":198.145,"height_source":"LoD1 solid top minus bottom","production":"2023","laser":"2019","footprints":"2021"},"geometry":{"type":"Polygon","coordinates":[[[13.725241546801827,51.124285464775454],[13.725408998334515,51.12425536581674],[13.725371663562928,51.12417366413338],[13.725197389753927,51.12420242967149],[13.725241546801827,51.124285464775454]]]}},{"type":"Feature","id":"UUID_b567b2df-40c5-4193-ac75-1c7aafd982ca","properties":{"id":"UUID_b567b2df-40c5-4193-ac75-1c7aafd982ca","height_m":10.773,"ground_m":203.443,"height_source":"LoD1 solid top minus bottom","production":"2023","laser":"2019","footprints":"2021"},"geometry":{"type":"Polygon","coordinates":[[[13.718548731192298,51.12752408078292],[13.718400868651516,51.127315203727136],[13.718252648634516,51.12735676245582],[13.718242494836836,51.12735960078769],[13.718390342510869,51.127568477881525],[13.718548731192298,51.12752408078292]]]}},{"type":"Feature","id":"UUID_e713f87f-2e04-48f8-bbd2-32d92d30baa7","properties":{"id":"UUID_e713f87f-2e04-48f8-bbd2-32d92d30baa7","height_m":17.826,"ground_m":203.443,"height_source":"LoD1 solid top minus bottom","production":"2023","laser":"2019","footprints":"2021"},"geometry":{"type":"Polygon","coordinates":[[[13.71739702795306,51.12800312503227],[13.717410317892234,51.12800780316386],[13.71742545282847,51.128006755145066],[13.717436805281077,51.128000377883396],[13.717440179577528,51.12799103542554],[13.717418862498953,51.12795877557234],[13.717373192476543,51.12797156871882],[13.71739702795306,51.12800312503227]]]}},{"type":"Feature","id":"UUID_afed00b6-aa40-43bb-bf1e-83d1c2488cc2","properties":{"id":"UUID_afed00b6-aa40-43bb-bf1e-83d1c2488cc2","height_m":17.839,"ground_m":203.443,"height_source":"LoD1 solid top minus bottom","production":"2023","laser":"2019","footprints":"2021"},"geometry":{"type":"Polygon","coordinates":[[[13.718123591883767,51.127761236813186],[13.718077920032247,51.12777403645027],[13.718101866205203,51.12780573771758],[13.718115170198745,51.12781042491598],[13.71813031934297,51.12780937696196],[13.71814168618663,51.12780299079718],[13.718145046288104,51.127793639170896],[13.718123591883767,51.127761236813186]]]}},{"type":"Feature","id":"UUID_d59d72b0-be7a-4b7f-8170-8ef9f9fb9d9e","properties":{"id":"UUID_d59d72b0-be7a-4b7f-8170-8ef9f9fb9d9e","height_m":17.341,"ground_m":203.443,"height_source":"LoD1 solid top minus bottom","production":"2023","laser":"2019","footprints":"2021"},"geometry":{"type":"Polygon","coordinates":[[[13.716805998807141,51.12776224399011],[13.716732103968543,51.12765738661108],[13.7166703844774,51.127674766767015],[13.71674422379915,51.12777956062647],[13.716805998807141,51.12776224399011]]]}},{"type":"Feature","id":"UUID_529d09b1-c7a0-43a7-8f74-2ba194e6c9a6","properties":{"id":"UUID_529d09b1-c7a0-43a7-8f74-2ba194e6c9a6","height_m":19.371,"ground_m":203.443,"height_source":"LoD1 solid top minus bottom","production":"2023","laser":"2019","footprints":"2021"},"geometry":{"type":"Polygon","coordinates":[[[13.717455549407685,51.127948488306465],[13.717455549158657,51.12794849729652],[13.718077920032247,51.12777403645027],[13.718123591883767,51.127761236813186],[13.71846003084192,51.12766693020465],[13.718421453206755,51.12761240685143],[13.718401097754287,51.127583667656516],[13.718390342510869,51.127568477881525],[13.718242494836836,51.12735960078769],[13.718242480550071,51.12735960063109],[13.716806012844868,51.12776225313692],[13.716805998807141,51.12776224399011],[13.71674422379915,51.12777956062647],[13.716744223549986,51.12777956961652],[13.716034795176514,51.12797840016098],[13.7162523481095,51.12828572489289],[13.716669452496973,51.128168828818154],[13.716669452746155,51.12816881982812],[13.716715125368529,51.12815602074762],[13.717373192476543,51.12797156871882],[13.717455549407685,51.127948488306465]]]}},{"type":"Feature","id":"UUID_e08e0448-e657-40f8-81dc-e8f4bf4e0246","properties":{"id":"UUID_e08e0448-e657-40f8-81dc-e8f4bf4e0246","height_m":17.799,"ground_m":203.443,"height_source":"LoD1 solid top minus bottom","production":"2023","laser":"2019","footprints":"2021"},"geometry":{"type":"Polygon","coordinates":[[[13.716715125368529,51.12815602074762],[13.716669452746155,51.12816881982812],[13.716669452496973,51.128168828818154],[13.716693329205528,51.12820043069193],[13.716706619377607,51.12820509991319],[13.716721754143531,51.128204060976145],[13.716733121276887,51.128197674950776],[13.716736495730062,51.12818833251466],[13.716715125368529,51.12815602074762]]]}},{"type":"Feature","id":"UUID_0c087661-74e2-4d4b-b478-18034c8a3625","properties":{"id":"UUID_0c087661-74e2-4d4b-b478-18034c8a3625","height_m":17.858,"ground_m":203.443,"height_source":"LoD1 solid top minus bottom","production":"2023","laser":"2019","footprints":"2021"},"geometry":{"type":"Polygon","coordinates":[[[13.718472641930655,51.12757066583265],[13.718457448145827,51.12756868277521],[13.718401097754287,51.127583667656516],[13.718421453206755,51.12761240685143],[13.718476826336598,51.127596071326124],[13.718484648534071,51.127587631898585],[13.718483031154092,51.12757791096538],[13.718472641930655,51.12757066583265]]]}},{"type":"Feature","id":"DESNATP17K0001Yy","properties":{"id":"DESNATP17K0001Yy","height_m":5.531,"ground_m":203.217,"height_source":"LoD1 solid top minus bottom","production":"2023","laser":"2019","footprints":"2021"},"geometry":{"type":"Polygon","coordinates":[[[13.715051668066295,51.127100921780944],[13.714987669247167,51.12701299750778],[13.714868414597595,51.12704736128823],[13.714932413235397,51.12713528562488],[13.715051668066295,51.127100921780944]]]}},{"type":"Feature","id":"DESNATPU1000F4CD","properties":{"id":"DESNATPU1000F4CD","height_m":3.571,"ground_m":202.457,"height_source":"LoD1 solid top minus bottom","production":"2023","laser":"2019","footprints":"2021"},"geometry":{"type":"Polygon","coordinates":[[[13.724048784927604,51.12307057039873],[13.72407395888095,51.123121564380355],[13.724188032113192,51.12309933792147],[13.72416204550025,51.12304671639705],[13.724048784927604,51.12307057039873]]]}},{"type":"Feature","id":"DESNATPU1000HJwS","properties":{"id":"DESNATPU1000HJwS","height_m":8.162,"ground_m":210.109,"height_source":"LoD1 solid top minus bottom","production":"2023","laser":"2019","footprints":"2021"},"geometry":{"type":"Polygon","coordinates":[[[13.721504696053843,51.121924438776574],[13.721613838140682,51.12201349158369],[13.721717541592493,51.121963096677234],[13.721686518494742,51.121937757584064],[13.721610699926162,51.12187352955013],[13.721504696053843,51.121924438776574]]]}},{"type":"Feature","id":"DESNATPU1000GnRb","properties":{"id":"DESNATPU1000GnRb","height_m":2.914,"ground_m":198.629,"height_source":"LoD1 solid top minus bottom","production":"2023","laser":"2019","footprints":"2021"},"geometry":{"type":"Polygon","coordinates":[[[13.730852370421463,51.123583641125435],[13.730923567220293,51.12358765126283],[13.730932286883963,51.123524976329485],[13.730861233037054,51.12352096774857],[13.730852370421463,51.123583641125435]]]}},{"type":"Feature","id":"DESNATPU1000BLWu","properties":{"id":"DESNATPU1000BLWu","height_m":2.687,"ground_m":195.778,"height_source":"LoD1 solid top minus bottom","production":"2023","laser":"2019","footprints":"2021"},"geometry":{"type":"Polygon","coordinates":[[[13.736036532293788,51.12828770632994],[13.736022983853815,51.12833378269096],[13.736102926244472,51.12834229062896],[13.73611610051766,51.12829944760998],[13.736036532293788,51.12828770632994]]]}},{"type":"Feature","id":"DESNATPU1000Cf5O","properties":{"id":"DESNATPU1000Cf5O","height_m":3.112,"ground_m":210.176,"height_source":"LoD1 solid top minus bottom","production":"2023","laser":"2019","footprints":"2021"},"geometry":{"type":"Polygon","coordinates":[[[13.721944394013626,51.12304703955529],[13.721917304320437,51.123063991615425],[13.721910411929969,51.12306830475684],[13.721997599518092,51.12312350218243],[13.72202698010902,51.12314211461735],[13.722059071678158,51.12316242933088],[13.722093082335146,51.123141164398696],[13.721948312417094,51.123049519427845],[13.721944394013626,51.12304703955529]]]}},{"type":"Feature","id":"DESNATPU1000EXyd","properties":{"id":"DESNATPU1000EXyd","height_m":9.76,"ground_m":212.947,"height_source":"LoD1 solid top minus bottom","production":"2023","laser":"2019","footprints":"2021"},"geometry":{"type":"Polygon","coordinates":[[[13.722295365213622,51.12106338907201],[13.7223678720768,51.121159594800226],[13.72248712545152,51.12112555613474],[13.722416502700268,51.121028381860626],[13.722295365213622,51.12106338907201]]]}},{"type":"Feature","id":"UUID_41536ac9-d810-4ab5-968c-33e6aedc0451","properties":{"id":"UUID_41536ac9-d810-4ab5-968c-33e6aedc0451","height_m":2.719,"ground_m":200.709,"height_source":"LoD1 solid top minus bottom","production":"2023","laser":"2019","footprints":"2021"},"geometry":{"type":"Polygon","coordinates":[[[13.731665705956466,51.121634019394776],[13.731604174346431,51.12164765045723],[13.731632651323169,51.12169831891311],[13.73169408250464,51.121684704731784],[13.731665705956466,51.121634019394776]]]}},{"type":"Feature","id":"UUID_a22cddbc-cd9e-4102-9c71-f28be0f62ac8","properties":{"id":"UUID_a22cddbc-cd9e-4102-9c71-f28be0f62ac8","height_m":6.414,"ground_m":200.709,"height_source":"LoD1 solid top minus bottom","production":"2023","laser":"2019","footprints":"2021"},"geometry":{"type":"Polygon","coordinates":[[[13.731722707577244,51.12156143647367],[13.731635871879524,51.12158072832004],[13.731665705956466,51.121634019394776],[13.73169408250464,51.121684704731784],[13.73178116171342,51.12166539749745],[13.731722707577244,51.12156143647367]]]}},{"type":"Feature","id":"DESNATPU1000FNnO","properties":{"id":"DESNATPU1000FNnO","height_m":5.595,"ground_m":212.016,"height_source":"LoD1 solid top minus bottom","production":"2023","laser":"2019","footprints":"2021"},"geometry":{"type":"Polygon","coordinates":[[[13.716535812786185,51.12107246008838],[13.71656674601349,51.12109782655691],[13.71663771079869,51.12107909111231],[13.71662032867802,51.12105302807575],[13.716577243883087,51.121062932855395],[13.716535812786185,51.12107246008838]]]}},{"type":"Feature","id":"DESNATPU1000JRp2","properties":{"id":"DESNATPU1000JRp2","height_m":2.304,"ground_m":211.522,"height_source":"LoD1 solid top minus bottom","production":"2023","laser":"2019","footprints":"2021"},"geometry":{"type":"Polygon","coordinates":[[[13.72343377827404,51.12189812341389],[13.72334440762885,51.12192628429571],[13.7233765916076,51.12196656363969],[13.72346582441678,51.12193822137279],[13.72343377827404,51.12189812341389]]]}},{"type":"Feature","id":"DESNATP17K0001Zf","properties":{"id":"DESNATP17K0001Zf","height_m":2.966,"ground_m":204.989,"height_source":"LoD1 solid top minus bottom","production":"2023","laser":"2019","footprints":"2021"},"geometry":{"type":"Polygon","coordinates":[[[13.733565656271049,51.12080997529439],[13.733474826892293,51.12083378458377],[13.73349960080409,51.12087570746721],[13.73359243739281,51.12085426701268],[13.73356821248229,51.12081421160006],[13.733565656271049,51.12080997529439]]]}},{"type":"Feature","id":"UUID_a0180471-5c94-4e9a-95ec-9109f981c66d","properties":{"id":"UUID_a0180471-5c94-4e9a-95ec-9109f981c66d","height_m":10.058,"ground_m":203.404,"height_source":"LoD1 solid top minus bottom","production":"2023","laser":"2019","footprints":"2021"},"geometry":{"type":"Polygon","coordinates":[[[13.732524760151824,51.12098992825875],[13.73252987311291,51.12100620665278],[13.73276127836791,51.120977743667225],[13.73288205643055,51.12096288355308],[13.732854808985097,51.12086985475551],[13.732844458147474,51.12083454485195],[13.732490231741261,51.12087528274683],[13.732492857686383,51.12088427701174],[13.732492918762516,51.12088413378935],[13.732501317776334,51.120911913597595],[13.732514134423656,51.120954228656586],[13.732513325830816,51.12095349147656],[13.732524760151824,51.12098992825875]]]}},{"type":"Feature","id":"UUID_2e434ea2-0a46-4cfc-bbb3-b01c89a16204","properties":{"id":"UUID_2e434ea2-0a46-4cfc-bbb3-b01c89a16204","height_m":6.984,"ground_m":203.404,"height_source":"LoD1 solid top minus bottom","production":"2023","laser":"2019","footprints":"2021"},"geometry":{"type":"Polygon","coordinates":[[[13.732492857686383,51.12088427701174],[13.732496750176615,51.12089763751038],[13.732488865312071,51.120902237275295],[13.73248339043139,51.12090805920367],[13.73248078189827,51.12091461364015],[13.732481254218708,51.12092137233627],[13.732484724131345,51.12092772288058],[13.732485028064218,51.120928103871904],[13.73249094139915,51.12093341076242],[13.732493577483533,51.12093472530492],[13.732494696898046,51.120935591753295],[13.732496312331872,51.120936085881866],[13.732499244461945,51.120937547517826],[13.732509079900455,51.12093999225569],[13.732513325830816,51.12095349147656],[13.732514134423656,51.120954228656586],[13.732509888970759,51.120940189874254],[13.732496967894015,51.12089751397156],[13.732492918762516,51.12088413378935],[13.732492857686383,51.12088427701174]]]}},{"type":"Feature","id":"UUID_16833fc5-58b6-4813-9b07-8fe252a34ec2","properties":{"id":"UUID_16833fc5-58b6-4813-9b07-8fe252a34ec2","height_m":8.395,"ground_m":203.404,"height_source":"LoD1 solid top minus bottom","production":"2023","laser":"2019","footprints":"2021"},"geometry":{"type":"Polygon","coordinates":[[[13.73288205643055,51.12096288355308],[13.73276127836791,51.120977743667225],[13.732775250551486,51.121025358972666],[13.732801116818706,51.1211140293069],[13.732922413474698,51.121100595629095],[13.73288205643055,51.12096288355308]]]}},{"type":"Feature","id":"DESNATPU1000DQj9","properties":{"id":"DESNATPU1000DQj9","height_m":2.615,"ground_m":209.088,"height_source":"LoD1 solid top minus bottom","production":"2023","laser":"2019","footprints":"2021"},"geometry":{"type":"Polygon","coordinates":[[[13.718408920340059,51.12052516471067],[13.718457801989148,51.12055411768341],[13.718461737513916,51.12055648095675],[13.718531134854398,51.12051067687954],[13.718478893050682,51.12047922308599],[13.718408920340059,51.12052516471067]]]}},{"type":"Feature","id":"DESNATPU1000B5EC","properties":{"id":"DESNATPU1000B5EC","height_m":4.956,"ground_m":187.487,"height_source":"LoD1 solid top minus bottom","production":"2023","laser":"2019","footprints":"2021"},"geometry":{"type":"Polygon","coordinates":[[[13.727198910747644,51.13729476195884],[13.727154277855474,51.137259654050574],[13.727076150288912,51.137299001283516],[13.727120783158696,51.137334109221236],[13.727198910747644,51.13729476195884]]]}},{"type":"Feature","id":"DESNATPU1000EFy6","properties":{"id":"DESNATPU1000EFy6","height_m":7.628,"ground_m":213.728,"height_source":"LoD1 solid top minus bottom","production":"2023","laser":"2019","footprints":"2021"},"geometry":{"type":"Polygon","coordinates":[[[13.721588683126546,51.12115079051052],[13.721639489613361,51.121213639007046],[13.72173876278909,51.12118183769032],[13.721788053387694,51.12116604562808],[13.721805065112342,51.12116059311597],[13.721771043358283,51.121118629571306],[13.721754228397932,51.121097798317756],[13.721588683126546,51.12115079051052]]]}},{"type":"Feature","id":"DESNATPU1000C3qB","properties":{"id":"DESNATPU1000C3qB","height_m":3.031,"ground_m":202.267,"height_source":"LoD1 solid top minus bottom","production":"2023","laser":"2019","footprints":"2021"},"geometry":{"type":"Polygon","coordinates":[[[13.723237303568695,51.12374309562104],[13.723217529845614,51.12374503797752],[13.723192162140638,51.12376328610841],[13.723241429914694,51.12379556858614],[13.723303679697668,51.12376126635656],[13.723260938709718,51.123730673870185],[13.723237303568695,51.12374309562104]]]}},{"type":"Feature","id":"DESNATP17K0001Zc","properties":{"id":"DESNATP17K0001Zc","height_m":4.281,"ground_m":203.954,"height_source":"LoD1 solid top minus bottom","production":"2023","laser":"2019","footprints":"2021"},"geometry":{"type":"Polygon","coordinates":[[[13.732948485759461,51.1234640896083],[13.732951849052554,51.12347121235835],[13.733020340351523,51.12361641441745],[13.733058960386623,51.123607741177246],[13.732986858454188,51.123457140324504],[13.732948485759461,51.1234640896083]]]}},{"type":"Feature","id":"UUID_32ba2500-0e19-4094-8d77-0e2db0c0d6b9","properties":{"id":"UUID_32ba2500-0e19-4094-8d77-0e2db0c0d6b9","height_m":6.284,"ground_m":204.602,"height_source":"LoD1 solid top minus bottom","production":"2023","laser":"2019","footprints":"2021"},"geometry":{"type":"Polygon","coordinates":[[[13.733935139583288,51.12078866187252],[13.733904598770906,51.120748079511536],[13.73386361242357,51.12076029753484],[13.733835793474414,51.12076859339348],[13.733859235129813,51.12079967447018],[13.73389809304562,51.12085120118251],[13.733925840363787,51.120842913526175],[13.733934441161043,51.120840344791596],[13.733966755835933,51.12083067672806],[13.733935139583288,51.12078866187252]]]}},{"type":"Feature","id":"UUID_9edf7c46-d2aa-48dc-959e-f68f8f90cea4","properties":{"id":"UUID_9edf7c46-d2aa-48dc-959e-f68f8f90cea4","height_m":2.98,"ground_m":204.602,"height_source":"LoD1 solid top minus bottom","production":"2023","laser":"2019","footprints":"2021"},"geometry":{"type":"Polygon","coordinates":[[[13.733950237876458,51.12078414910766],[13.733935139583288,51.12078866187252],[13.733966755835933,51.12083067672806],[13.73398198417794,51.12082611141054],[13.733950237876458,51.12078414910766]]]}},{"type":"Feature","id":"UUID_02e779b0-36df-4dba-83d4-0914a64bdc14","properties":{"id":"UUID_02e779b0-36df-4dba-83d4-0914a64bdc14","height_m":4.705,"ground_m":204.602,"height_source":"LoD1 solid top minus bottom","production":"2023","laser":"2019","footprints":"2021"},"geometry":{"type":"Polygon","coordinates":[[[13.733827022169077,51.120809280656026],[13.733859235129813,51.12079967447018],[13.733835793474414,51.12076859339348],[13.73380360959189,51.12077818190217],[13.733827022169077,51.120809280656026]]]}},{"type":"Feature","id":"DESNATPU1000F5jq","properties":{"id":"DESNATPU1000F5jq","height_m":2.537,"ground_m":211.771,"height_source":"LoD1 solid top minus bottom","production":"2023","laser":"2019","footprints":"2021"},"geometry":{"type":"Polygon","coordinates":[[[13.716247619908954,51.12068410820345],[13.716204040729084,51.120612370867995],[13.716148738206906,51.12062282479698],[13.716195992864021,51.120697021568674],[13.716247619908954,51.12068410820345]]]}},{"type":"Feature","id":"DESNATPU1000CdLi","properties":{"id":"DESNATPU1000CdLi","height_m":4.629,"ground_m":205.124,"height_source":"LoD1 solid top minus bottom","production":"2023","laser":"2019","footprints":"2021"},"geometry":{"type":"Polygon","coordinates":[[[13.735180910752169,51.121575244002734],[13.73523173081839,51.12162939064969],[13.735293088147541,51.12160640331126],[13.73524240842934,51.121552348136774],[13.735180910752169,51.121575244002734]]]}},{"type":"Feature","id":"UUID_cdd849f8-41dd-4577-bd21-71a36d3a0e02","properties":{"id":"UUID_cdd849f8-41dd-4577-bd21-71a36d3a0e02","height_m":3.018,"ground_m":201.369,"height_source":"LoD1 solid top minus bottom","production":"2023","laser":"2019","footprints":"2021"},"geometry":{"type":"Polygon","coordinates":[[[13.731208384571023,51.12116170323253],[13.731227208641455,51.12119958723242],[13.73125375891926,51.121195378933415],[13.731250101482052,51.12118805509748],[13.731208384571023,51.12116170323253]]]}},{"type":"Feature","id":"UUID_3a05d9d2-b8f6-41ae-81f5-be6ff489debc","properties":{"id":"UUID_3a05d9d2-b8f6-41ae-81f5-be6ff489debc","height_m":2.793,"ground_m":201.369,"height_source":"LoD1 solid top minus bottom","production":"2023","laser":"2019","footprints":"2021"},"geometry":{"type":"Polygon","coordinates":[[[13.731317915443375,51.12114850325725],[13.731208384571023,51.12116170323253],[13.731250101482052,51.12118805509748],[13.731321600014486,51.121175701425464],[13.731317915443375,51.12114850325725]]]}},{"type":"Feature","id":"DESNATPU1000DK6j","properties":{"id":"DESNATPU1000DK6j","height_m":4.381,"ground_m":199.018,"height_source":"LoD1 solid top minus bottom","production":"2023","laser":"2019","footprints":"2021"},"geometry":{"type":"Polygon","coordinates":[[[13.731247952207843,51.12330847457075],[13.731237196392838,51.12330779131946],[13.73106742899212,51.12329699231536],[13.731062307858354,51.12329666695723],[13.731038510746773,51.12344493338207],[13.731107282486748,51.1234493037803],[13.731151875074014,51.12345213479102],[13.731224170215196,51.123456732202136],[13.731247952207843,51.12330847457075]]]}},{"type":"Feature","id":"DESNATPU1000Im5d","properties":{"id":"DESNATPU1000Im5d","height_m":6.37,"ground_m":209.923,"height_source":"LoD1 solid top minus bottom","production":"2023","laser":"2019","footprints":"2021"},"geometry":{"type":"Polygon","coordinates":[[[13.721165223754864,51.12255827893075],[13.721092496377672,51.12259528916475],[13.721092264585131,51.12259540353571],[13.72104871588957,51.12261691457255],[13.72109111768817,51.122650903445134],[13.721126794779423,51.12267951301077],[13.721253378663233,51.122619260869456],[13.721212576657813,51.12258787947358],[13.72117052938312,51.122555540201596],[13.721165223754864,51.12255827893075]]]}},{"type":"Feature","id":"UUID_3ca57a24-47e6-46fc-9492-1ba02c47ec5b","properties":{"id":"UUID_3ca57a24-47e6-46fc-9492-1ba02c47ec5b","height_m":3.256,"ground_m":210.549,"height_source":"LoD1 solid top minus bottom","production":"2023","laser":"2019","footprints":"2021"},"geometry":{"type":"Polygon","coordinates":[[[13.721170494922795,51.12169624331064],[13.721187600799926,51.12170757245428],[13.7212432086311,51.12167571665361],[13.721224757702998,51.12166341957285],[13.721170494922795,51.12169624331064]]]}},{"type":"Feature","id":"UUID_030ba8f3-5ae0-4cab-93f3-097ba27414fe","properties":{"id":"UUID_030ba8f3-5ae0-4cab-93f3-097ba27414fe","height_m":6.917,"ground_m":210.549,"height_source":"LoD1 solid top minus bottom","production":"2023","laser":"2019","footprints":"2021"},"geometry":{"type":"Polygon","coordinates":[[[13.721224757702998,51.12166341957285],[13.721224827886918,51.121663465304344],[13.721277290453783,51.12163166501753],[13.721299962308679,51.121617884208774],[13.721325828977767,51.12160224984781],[13.721292480073458,51.121580428370194],[13.721258457436138,51.12155816786115],[13.721148886693232,51.121624415421095],[13.721136256096969,51.12161609384468],[13.721114168008423,51.12162943136745],[13.72112679860427,51.12163775294624],[13.721062566440322,51.12167661866141],[13.72109621020959,51.12169914486674],[13.721129208816112,51.12172123235222],[13.721170494922795,51.12169624331064],[13.721224757702998,51.12166341957285]]]}},{"type":"Feature","id":"DESNATP17K0001Yt","properties":{"id":"DESNATP17K0001Yt","height_m":2.748,"ground_m":214.153,"height_source":"LoD1 solid top minus bottom","production":"2023","laser":"2019","footprints":"2021"},"geometry":{"type":"Polygon","coordinates":[[[13.714412081248106,51.12047500277141],[13.71439002383858,51.12044085742807],[13.71431143359065,51.12046096449569],[13.714333222538205,51.12049499898857],[13.714412081248106,51.12047500277141]]]}},{"type":"Feature","id":"UUID_fc792e76-b7a9-4345-b2f4-8303ffa8bb4e","properties":{"id":"UUID_fc792e76-b7a9-4345-b2f4-8303ffa8bb4e","height_m":8.836,"ground_m":199.759,"height_source":"LoD1 solid top minus bottom","production":"2023","laser":"2019","footprints":"2021"},"geometry":{"type":"Polygon","coordinates":[[[13.72434044234078,51.12407732887825],[13.724240119751515,51.124014274114174],[13.724172278581776,51.124057031994305],[13.724131850253231,51.12408250806502],[13.724106880399995,51.12409825174838],[13.724117443484324,51.124104895764994],[13.724207217271477,51.12416130678175],[13.72434044234078,51.12407732887825]]]}},{"type":"Feature","id":"UUID_d060004c-74dc-427c-aa0f-40d7838b48a3","properties":{"id":"UUID_d060004c-74dc-427c-aa0f-40d7838b48a3","height_m":3.327,"ground_m":199.759,"height_source":"LoD1 solid top minus bottom","production":"2023","laser":"2019","footprints":"2021"},"geometry":{"type":"Polygon","coordinates":[[[13.724172278581776,51.124057031994305],[13.724118211834952,51.12402306985713],[13.72407781207853,51.12404854622107],[13.724131850253231,51.12408250806502],[13.724172278581776,51.124057031994305]]]}},{"type":"Feature","id":"DESNATPU1000J9Qd","properties":{"id":"DESNATPU1000J9Qd","height_m":2.683,"ground_m":206.68,"height_source":"LoD1 solid top minus bottom","production":"2023","laser":"2019","footprints":"2021"},"geometry":{"type":"Polygon","coordinates":[[[13.722420751980016,51.12292448477465],[13.722470758789221,51.122948574244454],[13.722563209848513,51.1228725521209],[13.722513217357285,51.122848462846655],[13.722420751980016,51.12292448477465]]]}},{"type":"Feature","id":"DESNATPU1000BBr6","properties":{"id":"DESNATPU1000BBr6","height_m":6.311,"ground_m":213.46,"height_source":"LoD1 solid top minus bottom","production":"2023","laser":"2019","footprints":"2021"},"geometry":{"type":"Polygon","coordinates":[[[13.715518825613968,51.120890042949966],[13.715560598700934,51.12088312774287],[13.715555502109343,51.12087111134604],[13.71560187122521,51.120863347332296],[13.715591391438311,51.12083831319397],[13.715581098683666,51.12081374873416],[13.715422917921963,51.120839528991716],[13.715433131693484,51.12086436238166],[13.71544353249578,51.12088966545037],[13.71551387188002,51.120878028120615],[13.715518825613968,51.120890042949966]]]}},{"type":"Feature","id":"DESNATPU1000IIzJ","properties":{"id":"DESNATPU1000IIzJ","height_m":3.033,"ground_m":212.508,"height_source":"LoD1 solid top minus bottom","production":"2023","laser":"2019","footprints":"2021"},"geometry":{"type":"Polygon","coordinates":[[[13.722101612529096,51.121622367536865],[13.722066044951475,51.12159393931557],[13.722023740448048,51.12161546431183],[13.721935494176515,51.12166034500146],[13.721978585850804,51.12169573498045],[13.72204917111969,51.121659636035595],[13.72204267831955,51.12165465501318],[13.722101612529096,51.121622367536865]]]}},{"type":"Feature","id":"UUID_b5aeab51-5aa3-4f1d-a628-bb40981f9adf","properties":{"id":"UUID_b5aeab51-5aa3-4f1d-a628-bb40981f9adf","height_m":2.888,"ground_m":211.304,"height_source":"LoD1 solid top minus bottom","production":"2023","laser":"2019","footprints":"2021"},"geometry":{"type":"Polygon","coordinates":[[[13.71974451830731,51.12240023262856],[13.719846244326035,51.12238012340866],[13.719893490058812,51.12236652197865],[13.7198567141023,51.12231153315527],[13.71976506861438,51.12233400095048],[13.7197117214767,51.12234707689087],[13.71974451830731,51.12240023262856]]]}},{"type":"Feature","id":"UUID_c5b2d2d6-fd79-4633-b800-0f9f42f51090","properties":{"id":"UUID_c5b2d2d6-fd79-4633-b800-0f9f42f51090","height_m":2.94,"ground_m":211.304,"height_source":"LoD1 solid top minus bottom","production":"2023","laser":"2019","footprints":"2021"},"geometry":{"type":"Polygon","coordinates":[[[13.71976506861438,51.12233400095048],[13.719739776755603,51.122292627003844],[13.719686255502305,51.12230579994678],[13.7197117214767,51.12234707689087],[13.71976506861438,51.12233400095048]]]}},{"type":"Feature","id":"UUID_17d5a211-6616-4622-afc4-60e4cfe3d4cb","properties":{"id":"UUID_17d5a211-6616-4622-afc4-60e4cfe3d4cb","height_m":6.153,"ground_m":208.925,"height_source":"LoD1 solid top minus bottom","production":"2023","laser":"2019","footprints":"2021"},"geometry":{"type":"Polygon","coordinates":[[[13.718422534737115,51.12051236431566],[13.718372608470105,51.12048759951016],[13.718367625950457,51.12049157366661],[13.718295574152522,51.120549129103814],[13.718330348182267,51.1205663627616],[13.718336789696924,51.120569562858876],[13.718369762955556,51.12054756820744],[13.718405968078521,51.120523414729504],[13.718422534737115,51.12051236431566]]]}},{"type":"Feature","id":"UUID_3baf49b1-55cd-4a50-ac57-6dec24b44eb3","properties":{"id":"UUID_3baf49b1-55cd-4a50-ac57-6dec24b44eb3","height_m":8.021,"ground_m":208.925,"height_source":"LoD1 solid top minus bottom","production":"2023","laser":"2019","footprints":"2021"},"geometry":{"type":"Polygon","coordinates":[[[13.718145328330369,51.12055263494994],[13.718235328435327,51.120597263574524],[13.718295574152522,51.120549129103814],[13.718367625950457,51.12049157366661],[13.718277625919729,51.120446945143634],[13.718145328330369,51.12055263494994]]]}},{"type":"Feature","id":"DESNATPU1000JUWe","properties":{"id":"DESNATPU1000JUWe","height_m":3.563,"ground_m":194.424,"height_source":"LoD1 solid top minus bottom","production":"2023","laser":"2019","footprints":"2021"},"geometry":{"type":"Polygon","coordinates":[[[13.734924349042261,51.13025853874923],[13.734945596555141,51.13020274370395],[13.73449255541561,51.13013426286254],[13.73447130493365,51.130190147723525],[13.734924349042261,51.13025853874923]]]}},{"type":"Feature","id":"DESNATPU1000DxzB","properties":{"id":"DESNATPU1000DxzB","height_m":3.488,"ground_m":198.584,"height_source":"LoD1 solid top minus bottom","production":"2023","laser":"2019","footprints":"2021"},"geometry":{"type":"Polygon","coordinates":[[[13.733424061806723,51.127577517125495],[13.733468438425758,51.127653177317356],[13.73357587496578,51.12762826190373],[13.733531645980769,51.12755242349653],[13.733424061806723,51.127577517125495]]]}},{"type":"Feature","id":"DESNATPU1000ISok","properties":{"id":"DESNATPU1000ISok","height_m":2.57,"ground_m":209.162,"height_source":"LoD1 solid top minus bottom","production":"2023","laser":"2019","footprints":"2021"},"geometry":{"type":"Polygon","coordinates":[[[13.722059479584937,51.12281572605608],[13.722032582510458,51.122839685625756],[13.72201804992498,51.12285262927708],[13.722053411062069,51.1228673412539],[13.72206713210382,51.12285428980819],[13.722093418782935,51.12286539541184],[13.722119023209876,51.12284167349938],[13.722059479584937,51.12281572605608]]]}},{"type":"Feature","id":"UUID_7bd489ba-644b-4506-9516-b6169f0098e0","properties":{"id":"UUID_7bd489ba-644b-4506-9516-b6169f0098e0","height_m":2.585,"ground_m":210.072,"height_source":"LoD1 solid top minus bottom","production":"2023","laser":"2019","footprints":"2021"},"geometry":{"type":"Polygon","coordinates":[[[13.718811227992873,51.12222033443646],[13.718888333333307,51.12220796885069],[13.718874245307514,51.122173309177164],[13.718860116933937,51.12213855913174],[13.718783039277653,51.12215096097313],[13.718811227992873,51.12222033443646]]]}},{"type":"Feature","id":"UUID_31b2ae40-0134-43ad-b8c2-d2d842f2acce","properties":{"id":"UUID_31b2ae40-0134-43ad-b8c2-d2d842f2acce","height_m":2.942,"ground_m":210.072,"height_source":"LoD1 solid top minus bottom","production":"2023","laser":"2019","footprints":"2021"},"geometry":{"type":"Polygon","coordinates":[[[13.718888333333307,51.12220796885069],[13.718919422257494,51.122202985737744],[13.718905229956215,51.12216951197331],[13.718874245307514,51.122173309177164],[13.718888333333307,51.12220796885069]]]}},{"type":"Feature","id":"DESNATPU1000J9zP","properties":{"id":"DESNATPU1000J9zP","height_m":4.215,"ground_m":199.56,"height_source":"LoD1 solid top minus bottom","production":"2023","laser":"2019","footprints":"2021"},"geometry":{"type":"Polygon","coordinates":[[[13.721662850314726,51.126998455855286],[13.721522781058773,51.12703532366517],[13.721560518043097,51.12709194110692],[13.721700587441903,51.12705507325318],[13.721662850314726,51.126998455855286]]]}},{"type":"Feature","id":"DESNATPU1000FgC1","properties":{"id":"DESNATPU1000FgC1","height_m":6.159,"ground_m":201.361,"height_source":"LoD1 solid top minus bottom","production":"2023","laser":"2019","footprints":"2021"},"geometry":{"type":"Polygon","coordinates":[[[13.731628201223586,51.12112463034626],[13.731661263447933,51.12121030346663],[13.731787206896586,51.1211910490851],[13.731871824273993,51.12117811794192],[13.73190027881045,51.12117376827865],[13.731864088026446,51.1210885738848],[13.731628201223586,51.12112463034626]]]}},{"type":"Feature","id":"DESNATPU1000J8O0","properties":{"id":"DESNATPU1000J8O0","height_m":3.052,"ground_m":198.968,"height_source":"LoD1 solid top minus bottom","production":"2023","laser":"2019","footprints":"2021"},"geometry":{"type":"Polygon","coordinates":[[[13.724435249034343,51.124505088472525],[13.724378857216502,51.12454979690188],[13.72445500744644,51.12459190446449],[13.724513959276685,51.12455801525739],[13.724435249034343,51.124505088472525]]]}},{"type":"Feature","id":"DESNATPU1000EgOH","properties":{"id":"DESNATPU1000EgOH","height_m":4.913,"ground_m":201.342,"height_source":"LoD1 solid top minus bottom","production":"2023","laser":"2019","footprints":"2021"},"geometry":{"type":"Polygon","coordinates":[[[13.72421665163195,51.1234127338333],[13.724239694739367,51.123408300007675],[13.724242967830593,51.12341501735417],[13.724289634951543,51.1234052927188],[13.724265872031374,51.123360123518204],[13.72407047701319,51.12340093207728],[13.724088218980164,51.12343745650669],[13.724155854487602,51.12342443555442],[13.724162319145913,51.12343771648528],[13.724223101772926,51.12342602359517],[13.72421665163195,51.1234127338333]]]}},{"type":"Feature","id":"UUID_cac8c3b1-88f0-4a0c-bdd9-2d0003ae82cd","properties":{"id":"UUID_cac8c3b1-88f0-4a0c-bdd9-2d0003ae82cd","height_m":7.473,"ground_m":205.151,"height_source":"LoD1 solid top minus bottom","production":"2023","laser":"2019","footprints":"2021"},"geometry":{"type":"Polygon","coordinates":[[[13.723489156599594,51.122754795904946],[13.723413752418438,51.12277907155292],[13.723413779997898,51.12277910782517],[13.723402823977786,51.12278258532427],[13.723419751113184,51.122801987702196],[13.72343745445386,51.12282226185867],[13.723633091299066,51.12275964950536],[13.723616214798776,51.12273892577232],[13.723600056869024,51.12271909117322],[13.723489046033768,51.12275465980618],[13.723489156599594,51.122754795904946]]]}},{"type":"Feature","id":"UUID_0defcab2-292b-4aa0-a70a-2b2a7822d66e","properties":{"id":"UUID_0defcab2-292b-4aa0-a70a-2b2a7822d66e","height_m":6.9,"ground_m":205.151,"height_source":"LoD1 solid top minus bottom","production":"2023","laser":"2019","footprints":"2021"},"geometry":{"type":"Polygon","coordinates":[[[13.723489046033768,51.12275465980618],[13.723457112434136,51.122715642223696],[13.723381853880502,51.12273982052032],[13.723413752418438,51.12277907155292],[13.723489156599594,51.122754795904946],[13.723489046033768,51.12275465980618]]]}},{"type":"Feature","id":"DESNATP17K0001ZK","properties":{"id":"DESNATP17K0001ZK","height_m":5.428,"ground_m":204.098,"height_source":"LoD1 solid top minus bottom","production":"2023","laser":"2019","footprints":"2021"},"geometry":{"type":"Polygon","coordinates":[[[13.723191013037773,51.12323952501344],[13.723078609872406,51.12331205637243],[13.723165564178457,51.12336541584282],[13.723277967340149,51.12329288440084],[13.723191013037773,51.12323952501344]]]}},{"type":"Feature","id":"DESNATPU1000CxjV","properties":{"id":"DESNATPU1000CxjV","height_m":2.524,"ground_m":211.367,"height_source":"LoD1 solid top minus bottom","production":"2023","laser":"2019","footprints":"2021"},"geometry":{"type":"Polygon","coordinates":[[[13.719917659947049,51.12210833393753],[13.719924537015455,51.12211646675984],[13.719964333951985,51.12216348505621],[13.720060017396735,51.12213139406258],[13.720008626843113,51.12207782803824],[13.719917659947049,51.12210833393753]]]}},{"type":"Feature","id":"DESNATPU1000E1eS","properties":{"id":"DESNATPU1000E1eS","height_m":2.787,"ground_m":213.892,"height_source":"LoD1 solid top minus bottom","production":"2023","laser":"2019","footprints":"2021"},"geometry":{"type":"Polygon","coordinates":[[[13.715674536362433,51.12132689648791],[13.715621317855593,51.12124207646825],[13.715576218158054,51.12125300191133],[13.715632239894667,51.1213392736038],[13.715674536362433,51.12132689648791]]]}},{"type":"Feature","id":"DESNATPU1000Dpl6","properties":{"id":"DESNATPU1000Dpl6","height_m":3.684,"ground_m":205.411,"height_source":"LoD1 solid top minus bottom","production":"2023","laser":"2019","footprints":"2021"},"geometry":{"type":"Polygon","coordinates":[[[13.734606392930043,51.123370649355635],[13.734598100779797,51.123355631617116],[13.734571390800015,51.123361466641256],[13.734613228472112,51.123437404736535],[13.734672052820788,51.12342458811348],[13.734652953605464,51.12338984019631],[13.734638550816372,51.12336364126824],[13.734606392930043,51.123370649355635]]]}},{"type":"Feature","id":"DESNATPU1000Gb1W","properties":{"id":"DESNATPU1000Gb1W","height_m":3.0,"ground_m":200.422,"height_source":"LoD1 solid top minus bottom","production":"2023","laser":"2019","footprints":"2021"},"geometry":{"type":"Polygon","coordinates":[[[13.724585133773216,51.12362896524593],[13.724598880412158,51.123650248218176],[13.7245992729071,51.12365104386385],[13.72472713503362,51.123625774839596],[13.72472167748786,51.12361483405486],[13.724705061341378,51.12358151444026],[13.724601912506614,51.123601900136066],[13.724585133773216,51.12362896524593]]]}},{"type":"Feature","id":"DESNATPU1000ES02","properties":{"id":"DESNATPU1000ES02","height_m":6.904,"ground_m":203.017,"height_source":"LoD1 solid top minus bottom","production":"2023","laser":"2019","footprints":"2021"},"geometry":{"type":"Polygon","coordinates":[[[13.723710448993124,51.12307616749391],[13.7237402031064,51.123125323057124],[13.72390942566545,51.123084768993465],[13.723897904488528,51.12306571345504],[13.723879685930255,51.12303560463773],[13.723710448993124,51.12307616749391]]]}},{"type":"Feature","id":"DESNATPU1000EI1x","properties":{"id":"DESNATPU1000EI1x","height_m":2.796,"ground_m":184.038,"height_source":"LoD1 solid top minus bottom","production":"2023","laser":"2019","footprints":"2021"},"geometry":{"type":"Polygon","coordinates":[[[13.71927235905001,51.13806586968215],[13.719361830521096,51.13813861175532],[13.719420802099375,51.13810994112976],[13.719331330589405,51.138037199101085],[13.71927235905001,51.13806586968215]]]}},{"type":"Feature","id":"DESNATPU1000Bk4A","properties":{"id":"DESNATPU1000Bk4A","height_m":5.069,"ground_m":213.31,"height_source":"LoD1 solid top minus bottom","production":"2023","laser":"2019","footprints":"2021"},"geometry":{"type":"Polygon","coordinates":[[[13.716165629675908,51.12123872859441],[13.71599080893148,51.12128277113083],[13.715908557331181,51.12130348654697],[13.715901751633993,51.12129280930854],[13.715751545155674,51.12133087180987],[13.715842357375339,51.12147192288803],[13.715994060590736,51.121433490015384],[13.715965703865367,51.121388898128174],[13.716048488122551,51.12136804463595],[13.71622034476824,51.121324751842046],[13.716165629675908,51.12123872859441]]]}},{"type":"Feature","id":"DESNATPU1000G91c","properties":{"id":"DESNATPU1000G91c","height_m":2.132,"ground_m":202.465,"height_source":"LoD1 solid top minus bottom","production":"2023","laser":"2019","footprints":"2021"},"geometry":{"type":"Polygon","coordinates":[[[13.723347976581046,51.12359547348998],[13.72325681462448,51.12363665428387],[13.723300352278358,51.12367462955093],[13.723391371415744,51.12363344716395],[13.723347976581046,51.12359547348998]]]}},{"type":"Feature","id":"DESNATPU1000EYJU","properties":{"id":"DESNATPU1000EYJU","height_m":4.105,"ground_m":212.227,"height_source":"LoD1 solid top minus bottom","production":"2023","laser":"2019","footprints":"2021"},"geometry":{"type":"Polygon","coordinates":[[[13.717334556785078,51.12164792335177],[13.717107048099543,51.12169515755348],[13.717127512745845,51.12173531006023],[13.71735571345048,51.121688892760325],[13.717334556785078,51.12164792335177]]]}},{"type":"Feature","id":"DESNATPU1000I5jw","properties":{"id":"DESNATPU1000I5jw","height_m":3.842,"ground_m":211.896,"height_source":"LoD1 solid top minus bottom","production":"2023","laser":"2019","footprints":"2021"},"geometry":{"type":"Polygon","coordinates":[[[13.719970204662076,51.12091970312405],[13.719945709254425,51.12093742053985],[13.719996669819263,51.120965136630346],[13.720020879526528,51.1209474160765],[13.719970204662076,51.12091970312405]]]}},{"type":"Feature","id":"DESNATP17K0001ZC","properties":{"id":"DESNATP17K0001ZC","height_m":3.879,"ground_m":199.696,"height_source":"LoD1 solid top minus bottom","production":"2023","laser":"2019","footprints":"2021"},"geometry":{"type":"Polygon","coordinates":[[[13.723998960974834,51.12429482534773],[13.72390819023613,51.124237773797816],[13.723895141088871,51.124230077454435],[13.723895052400948,51.124230184399906],[13.723730457845226,51.12434065386649],[13.723774953082874,51.124367254541845],[13.723850344973458,51.124313437244545],[13.723916471685587,51.12435003110862],[13.723998960974834,51.12429482534773]]]}},{"type":"Feature","id":"DESNATPU1000BHzr","properties":{"id":"DESNATPU1000BHzr","height_m":6.857,"ground_m":211.444,"height_source":"LoD1 solid top minus bottom","production":"2023","laser":"2019","footprints":"2021"},"geometry":{"type":"Polygon","coordinates":[[[13.720414301436001,51.12121997692238],[13.720680539117218,51.12107405954233],[13.720584292289766,51.12100457135323],[13.720315882174049,51.1211515438742],[13.720414301436001,51.12121997692238]]]}},{"type":"Feature","id":"DESNATPU1000B8fl","properties":{"id":"DESNATPU1000B8fl","height_m":3.905,"ground_m":214.524,"height_source":"LoD1 solid top minus bottom","production":"2023","laser":"2019","footprints":"2021"},"geometry":{"type":"Polygon","coordinates":[[[13.721802330491927,51.121479708171144],[13.721769324537966,51.12145425749349],[13.72169866248579,51.12149055327206],[13.721735656022593,51.12151907813046],[13.721802330491927,51.121479708171144]]]}},{"type":"Feature","id":"DESNATPU1000Gvxs","properties":{"id":"DESNATPU1000Gvxs","height_m":3.113,"ground_m":204.681,"height_source":"LoD1 solid top minus bottom","production":"2023","laser":"2019","footprints":"2021"},"geometry":{"type":"Polygon","coordinates":[[[13.734427024045363,51.120944031299196],[13.734493821535608,51.12091228134753],[13.73441819147852,51.120828018811785],[13.734345958763386,51.12085369372113],[13.734427024045363,51.120944031299196]]]}},{"type":"Feature","id":"DESNATPU1000Hm79","properties":{"id":"DESNATPU1000Hm79","height_m":2.945,"ground_m":214.235,"height_source":"LoD1 solid top minus bottom","production":"2023","laser":"2019","footprints":"2021"},"geometry":{"type":"Polygon","coordinates":[[[13.715739735710823,51.12108583246841],[13.715764813831145,51.12113064020299],[13.715871106585013,51.12110709539666],[13.715846028623051,51.12106227869401],[13.7158392568541,51.12106377806142],[13.715739735710823,51.12108583246841]]]}},{"type":"Feature","id":"DESNATP17K0001ZW","properties":{"id":"DESNATP17K0001ZW","height_m":3.178,"ground_m":205.587,"height_source":"LoD1 solid top minus bottom","production":"2023","laser":"2019","footprints":"2021"},"geometry":{"type":"Polygon","coordinates":[[[13.73425312813975,51.12376190535194],[13.734231072118233,51.12365601950891],[13.734157541529473,51.12366209399907],[13.734179597630995,51.123767970864584],[13.73425312813975,51.12376190535194]]]}},{"type":"Feature","id":"DESNATPU1000Ifiq","properties":{"id":"DESNATPU1000Ifiq","height_m":6.94,"ground_m":213.473,"height_source":"LoD1 solid top minus bottom","production":"2023","laser":"2019","footprints":"2021"},"geometry":{"type":"Polygon","coordinates":[[[13.715297166046039,51.120793453233304],[13.715346456349204,51.120907034160744],[13.71544353249578,51.12088966545037],[13.715422917921963,51.120839528991716],[13.715397071485077,51.12077710485487],[13.715297166046039,51.120793453233304]]]}},{"type":"Feature","id":"DESNATPU1000EFc5","properties":{"id":"DESNATPU1000EFc5","height_m":5.692,"ground_m":211.835,"height_source":"LoD1 solid top minus bottom","production":"2023","laser":"2019","footprints":"2021"},"geometry":{"type":"Polygon","coordinates":[[[13.721641865603436,51.12166955421844],[13.72168446598748,51.12163680060636],[13.721615683450585,51.12160137244619],[13.721573082555038,51.12163414401344],[13.721641865603436,51.12166955421844]]]}},{"type":"Feature","id":"DESNATPU1000EEe9","properties":{"id":"DESNATPU1000EEe9","height_m":7.021,"ground_m":209.817,"height_source":"LoD1 solid top minus bottom","production":"2023","laser":"2019","footprints":"2021"},"geometry":{"type":"Polygon","coordinates":[[[13.718454173565954,51.121340524211],[13.718357318339217,51.12135662985792],[13.718393623830258,51.12144350243884],[13.718490623071581,51.12142736236864],[13.718454173565954,51.121340524211]]]}},{"type":"Feature","id":"DESNATPU1000B0Dh","properties":{"id":"DESNATPU1000B0Dh","height_m":3.0,"ground_m":211.463,"height_source":"LoD1 solid top minus bottom","production":"2023","laser":"2019","footprints":"2021"},"geometry":{"type":"Polygon","coordinates":[[[13.723398506581589,51.12161477141399],[13.723428136211092,51.121660103781196],[13.723486006274985,51.12164513308626],[13.723471280688763,51.12162259828053],[13.723456376597886,51.121599800733286],[13.723398506581589,51.12161477141399]]]}},{"type":"Feature","id":"DESNATPU1000EOD3","properties":{"id":"DESNATPU1000EOD3","height_m":6.675,"ground_m":196.801,"height_source":"LoD1 solid top minus bottom","production":"2023","laser":"2019","footprints":"2021"},"geometry":{"type":"Polygon","coordinates":[[[13.725979635555335,51.12427185433331],[13.72602740099174,51.12438324670515],[13.726133591708383,51.12436452957425],[13.72604940081553,51.12416793850721],[13.725979635555335,51.12427185433331]]]}},{"type":"Feature","id":"DESNATPU1000EWoj","properties":{"id":"DESNATPU1000EWoj","height_m":3.093,"ground_m":210.183,"height_source":"LoD1 solid top minus bottom","production":"2023","laser":"2019","footprints":"2021"},"geometry":{"type":"Polygon","coordinates":[[[13.720584506269113,51.12248127897343],[13.720621054343688,51.122513000736554],[13.720737610131645,51.12246143437156],[13.720706341741506,51.12243153299432],[13.720584506269113,51.12248127897343]]]}},{"type":"Feature","id":"DESNATPU1000INNA","properties":{"id":"DESNATPU1000INNA","height_m":4.672,"ground_m":196.903,"height_source":"LoD1 solid top minus bottom","production":"2023","laser":"2019","footprints":"2021"},"geometry":{"type":"Polygon","coordinates":[[[13.725862645850937,51.124659679108476],[13.725824135568992,51.124675707265936],[13.725774234070686,51.124696476371305],[13.725702937657175,51.124726157953916],[13.725766611473697,51.124758488431965],[13.72575330772651,51.124768856013084],[13.725780426384134,51.12479290145643],[13.725886809440983,51.12474541874942],[13.72586367388737,51.124720994071865],[13.725906590891952,51.12470321536207],[13.725894545248353,51.124691231631026],[13.725862645850937,51.124659679108476]]]}},{"type":"Feature","id":"DESNATPU1000ELmV","properties":{"id":"DESNATPU1000ELmV","height_m":8.464,"ground_m":197.724,"height_source":"LoD1 solid top minus bottom","production":"2023","laser":"2019","footprints":"2021"},"geometry":{"type":"Polygon","coordinates":[[[13.725737271342908,51.12401492462234],[13.725771809523543,51.12418996772751],[13.725916133033506,51.12417514653714],[13.725882298345178,51.1240036003396],[13.725737271342908,51.12401492462234]]]}},{"type":"Feature","id":"DESNATPU1000FVEw","properties":{"id":"DESNATPU1000FVEw","height_m":6.262,"ground_m":208.734,"height_source":"LoD1 solid top minus bottom","production":"2023","laser":"2019","footprints":"2021"},"geometry":{"type":"Polygon","coordinates":[[[13.718922742228937,51.12168367071909],[13.719006140066373,51.12180591507788],[13.719110964641448,51.121777585067484],[13.719027566575628,51.12165534078128],[13.718922742228937,51.12168367071909]]]}},{"type":"Feature","id":"DESNATPU1000ESh8","properties":{"id":"DESNATPU1000ESh8","height_m":4.625,"ground_m":208.25,"height_source":"LoD1 solid top minus bottom","production":"2023","laser":"2019","footprints":"2021"},"geometry":{"type":"Polygon","coordinates":[[[13.723385193550563,51.12229210636047],[13.723461538791375,51.122275134152225],[13.723424869997144,51.12223165839792],[13.723354228097946,51.1222542683772],[13.723385193550563,51.12229210636047]]]}},{"type":"Feature","id":"DESNATPU1000J5No","properties":{"id":"DESNATPU1000J5No","height_m":2.357,"ground_m":202.904,"height_source":"LoD1 solid top minus bottom","production":"2023","laser":"2019","footprints":"2021"},"geometry":{"type":"Polygon","coordinates":[[[13.723061021131025,51.12376697994158],[13.72302739895109,51.1237891846449],[13.723074115967687,51.123815504101955],[13.72310374806697,51.12379289610195],[13.723061021131025,51.12376697994158]]]}},{"type":"Feature","id":"DESNATPU1000IVmV","properties":{"id":"DESNATPU1000IVmV","height_m":4.941,"ground_m":199.383,"height_source":"LoD1 solid top minus bottom","production":"2023","laser":"2019","footprints":"2021"},"geometry":{"type":"Polygon","coordinates":[[[13.731135561149282,51.124466297738216],[13.73065486537944,51.1245278968549],[13.730684773532637,51.12462021759325],[13.731165620475284,51.12455835020823],[13.731135561149282,51.124466297738216]]]}},{"type":"Feature","id":"DESNATPU1000CS3h","properties":{"id":"DESNATPU1000CS3h","height_m":6.581,"ground_m":197.215,"height_source":"LoD1 solid top minus bottom","production":"2023","laser":"2019","footprints":"2021"},"geometry":{"type":"Polygon","coordinates":[[[13.724742602726295,51.124755202720145],[13.724832017622148,51.124813821552664],[13.72495668586412,51.12473910212701],[13.72486741381107,51.12468048494689],[13.724819027011321,51.12470954351948],[13.72478913015392,51.124689883006646],[13.724737237907458,51.124721691077525],[13.724766570750562,51.12474107566918],[13.724742602726295,51.124755202720145]]]}},{"type":"Feature","id":"DESNATP17K0001Za","properties":{"id":"DESNATP17K0001Za","height_m":3.993,"ground_m":203.411,"height_source":"LoD1 solid top minus bottom","production":"2023","laser":"2019","footprints":"2021"},"geometry":{"type":"Polygon","coordinates":[[[13.732678213896037,51.12401731872247],[13.73267299169548,51.124000841319415],[13.732598998161377,51.124010749728406],[13.732648685612904,51.12414333815304],[13.732726059699152,51.124134185771645],[13.732722913570317,51.12412487113293],[13.732805235646385,51.12411454031467],[13.732888201461781,51.124102094120026],[13.732847991155714,51.123996011282124],[13.732678213896037,51.12401731872247]]]}},{"type":"Feature","id":"DESNATPU1000IpAg","properties":{"id":"DESNATPU1000IpAg","height_m":4.528,"ground_m":213.061,"height_source":"LoD1 solid top minus bottom","production":"2023","laser":"2019","footprints":"2021"},"geometry":{"type":"Polygon","coordinates":[[[13.722166194822824,51.121050313877745],[13.722140153668903,51.12101688188083],[13.722015578254029,51.121059441141995],[13.722038997959043,51.121088447043704],[13.722166194822824,51.121050313877745]]]}},{"type":"Feature","id":"DESNATPU1000GFoG","properties":{"id":"DESNATPU1000GFoG","height_m":3.417,"ground_m":198.614,"height_source":"LoD1 solid top minus bottom","production":"2023","laser":"2019","footprints":"2021"},"geometry":{"type":"Polygon","coordinates":[[[13.725251624367917,51.12388823771636],[13.725272942279146,51.123930907039494],[13.725328469465182,51.1239279332335],[13.725314172052377,51.1238845940522],[13.725251624367917,51.12388823771636]]]}},{"type":"Feature","id":"DESNATPU1000JDuK","properties":{"id":"DESNATPU1000JDuK","height_m":4.252,"ground_m":208.827,"height_source":"LoD1 solid top minus bottom","production":"2023","laser":"2019","footprints":"2021"},"geometry":{"type":"Polygon","coordinates":[[[13.717327325689414,51.12067956350243],[13.71736364665168,51.120747731590505],[13.717445009888603,51.120730656483055],[13.717408607592391,51.12066232565812],[13.717327325689414,51.12067956350243]]]}},{"type":"Feature","id":"DESNATPU1000Jaos","properties":{"id":"DESNATPU1000Jaos","height_m":7.153,"ground_m":214.441,"height_source":"LoD1 solid top minus bottom","production":"2023","laser":"2019","footprints":"2021"},"geometry":{"type":"Polygon","coordinates":[[[13.720475263721573,51.12067882864727],[13.7205077988096,51.120712484960286],[13.720542223518846,51.12074808639707],[13.72060635556121,51.120723158689245],[13.720617610788542,51.12073470267986],[13.720645200095353,51.120723943421616],[13.720633799532921,51.12071248777133],[13.720664270601672,51.12070086076074],[13.720629791425376,51.120665159843234],[13.720628985759978,51.1206643236916],[13.720593561895472,51.120632821050904],[13.720475263721573,51.12067882864727]]]}},{"type":"Feature","id":"DESNATPU1000CqXF","properties":{"id":"DESNATPU1000CqXF","height_m":2.572,"ground_m":203.17,"height_source":"LoD1 solid top minus bottom","production":"2023","laser":"2019","footprints":"2021"},"geometry":{"type":"Polygon","coordinates":[[[13.723348073749406,51.123172094427396],[13.723412505084257,51.123136377113255],[13.723377894035712,51.12311153887549],[13.723313319854476,51.12314725461103],[13.723348073749406,51.123172094427396]]]}},{"type":"Feature","id":"DESNATPU1000GqDe","properties":{"id":"DESNATPU1000GqDe","height_m":2.76,"ground_m":210.549,"height_source":"LoD1 solid top minus bottom","production":"2023","laser":"2019","footprints":"2021"},"geometry":{"type":"Polygon","coordinates":[[[13.722761927830945,51.1221713614167],[13.722722799468892,51.12211347011915],[13.72265701286557,51.122131006828596],[13.722696141159412,51.122188898147485],[13.722761927830945,51.1221713614167]]]}},{"type":"Feature","id":"DESNATPU1000HRZs","properties":{"id":"DESNATPU1000HRZs","height_m":8.032,"ground_m":203.074,"height_source":"LoD1 solid top minus bottom","production":"2023","laser":"2019","footprints":"2021"},"geometry":{"type":"Polygon","coordinates":[[[13.732543647833868,51.12110801931605],[13.732410316514013,51.12113148397588],[13.732474225151257,51.121275305819545],[13.73248708576231,51.12127372760968],[13.732607673610726,51.12125227400889],[13.732543647833868,51.12110801931605]]]}},{"type":"Feature","id":"UUID_7e70d7d1-d327-4517-8dae-85e342c2bfc4","properties":{"id":"UUID_7e70d7d1-d327-4517-8dae-85e342c2bfc4","height_m":3.799,"ground_m":210.581,"height_source":"LoD1 solid top minus bottom","production":"2023","laser":"2019","footprints":"2021"},"geometry":{"type":"Polygon","coordinates":[[[13.722061697447124,51.12224238843178],[13.72202040514831,51.12223290837902],[13.7219679233637,51.12222086896689],[13.72194902587175,51.12225321629275],[13.722001342115217,51.1222655596585],[13.722042158809344,51.12227518739714],[13.722061637577378,51.12224248669808],[13.722061697447124,51.12224238843178]]]}},{"type":"Feature","id":"UUID_e777d74e-749d-447e-b073-bfb7da2f173d","properties":{"id":"UUID_e777d74e-749d-447e-b073-bfb7da2f173d","height_m":3.616,"ground_m":210.581,"height_source":"LoD1 solid top minus bottom","production":"2023","laser":"2019","footprints":"2021"},"geometry":{"type":"Polygon","coordinates":[[[13.721884006791786,51.12217561730666],[13.721884106043735,51.1221756453699],[13.721902350685378,51.12214417221088],[13.721902308077961,51.12214416275236],[13.72186297881778,51.12213500985509],[13.721845128395422,51.122165659981235],[13.721884006791786,51.12217561730666]]]}},{"type":"Feature","id":"UUID_103ebd7a-8f57-47d1-a809-92011bb72c25","properties":{"id":"UUID_103ebd7a-8f57-47d1-a809-92011bb72c25","height_m":8.403,"ground_m":210.581,"height_source":"LoD1 solid top minus bottom","production":"2023","laser":"2019","footprints":"2021"},"geometry":{"type":"Polygon","coordinates":[[[13.721902308077961,51.12214416275236],[13.721902350685378,51.12214417221088],[13.721890617695912,51.122164412617494],[13.721884106043735,51.1221756453699],[13.721884006791786,51.12217561730666],[13.721870798160763,51.12219858438047],[13.7219679233637,51.12222086896689],[13.722061697447124,51.12224238843178],[13.722081488042843,51.12220822531365],[13.722104549810632,51.122168405510166],[13.721913708174995,51.122124593164656],[13.721902308077961,51.12214416275236]]]}},{"type":"Feature","id":"DESNATPU1000IC2a","properties":{"id":"DESNATPU1000IC2a","height_m":3.606,"ground_m":196.668,"height_source":"LoD1 solid top minus bottom","production":"2023","laser":"2019","footprints":"2021"},"geometry":{"type":"Polygon","coordinates":[[[13.726286332116779,51.12453987095811],[13.726269036802673,51.12447819894495],[13.726198526154787,51.124486612477014],[13.72621555074404,51.12454773299235],[13.726286332116779,51.12453987095811]]]}},{"type":"Feature","id":"DESNATPU1000INSQ","properties":{"id":"DESNATPU1000INSQ","height_m":6.132,"ground_m":207.148,"height_source":"LoD1 solid top minus bottom","production":"2023","laser":"2019","footprints":"2021"},"geometry":{"type":"Polygon","coordinates":[[[13.722300954117552,51.12307234806753],[13.722282599724025,51.12308500718495],[13.722255515283114,51.12310332628326],[13.722376368762662,51.123177218590925],[13.722483851734943,51.12310384278237],[13.722440248809455,51.12307863624037],[13.722360084133484,51.12303198708345],[13.722300954117552,51.12307234806753]]]}},{"type":"Feature","id":"DESNATPU1000Bff5","properties":{"id":"DESNATPU1000Bff5","height_m":3.125,"ground_m":206.289,"height_source":"LoD1 solid top minus bottom","production":"2023","laser":"2019","footprints":"2021"},"geometry":{"type":"Polygon","coordinates":[[[13.723631954103634,51.122531310363506],[13.723672268810004,51.12260324303612],[13.723759385440124,51.12258431986604],[13.723722406492188,51.12253652428877],[13.723730768776601,51.12253382779997],[13.723713752843473,51.1225134982406],[13.723631954103634,51.122531310363506]]]}},{"type":"Feature","id":"DESNATPU1000Bfd0","properties":{"id":"DESNATPU1000Bfd0","height_m":8.72,"ground_m":208.69,"height_source":"LoD1 solid top minus bottom","production":"2023","laser":"2019","footprints":"2021"},"geometry":{"type":"Polygon","coordinates":[[[13.721437765164021,51.12227325645807],[13.72157524790734,51.1223813241711],[13.721668570081572,51.12233432299106],[13.721530944404073,51.12222625382445],[13.721437765164021,51.12227325645807]]]}},{"type":"Feature","id":"DESNATPU1000JB3Y","properties":{"id":"DESNATPU1000JB3Y","height_m":6.303,"ground_m":210.796,"height_source":"LoD1 solid top minus bottom","production":"2023","laser":"2019","footprints":"2021"},"geometry":{"type":"Polygon","coordinates":[[[13.720027988473372,51.12195376868303],[13.720035917793812,51.12196157129174],[13.720062195968824,51.12198742543246],[13.720194269502596,51.12193430285363],[13.72016800581647,51.12190843990836],[13.720154164575453,51.12189480822421],[13.720022090861464,51.12194793974863],[13.720027988473372,51.12195376868303]]]}},{"type":"Feature","id":"UUID_ce4e881f-1261-439f-9c07-936f03a0ccc3","properties":{"id":"UUID_ce4e881f-1261-439f-9c07-936f03a0ccc3","height_m":5.511,"ground_m":214.147,"height_source":"LoD1 solid top minus bottom","production":"2023","laser":"2019","footprints":"2021"},"geometry":{"type":"Polygon","coordinates":[[[13.72065312802719,51.12090766286739],[13.720677096565492,51.12089866254274],[13.720677111098617,51.12089865370896],[13.720651206565755,51.120871697676236],[13.720627290953741,51.12088085145206],[13.72065312802719,51.12090766286739]]]}},{"type":"Feature","id":"UUID_2b5a8577-baad-4c41-bc4d-8bdf2e339479","properties":{"id":"UUID_2b5a8577-baad-4c41-bc4d-8bdf2e339479","height_m":7.15,"ground_m":214.147,"height_source":"LoD1 solid top minus bottom","production":"2023","laser":"2019","footprints":"2021"},"geometry":{"type":"Polygon","coordinates":[[[13.720657075189143,51.12081443287224],[13.720612510123827,51.120831409255125],[13.720651264449897,51.120871671331216],[13.720651206565755,51.120871697676236],[13.720677096565492,51.12089866254274],[13.720695709221113,51.12091802082002],[13.720740413463366,51.120901180819935],[13.720787110328535,51.12088358922291],[13.720703632874777,51.12079670489392],[13.720657075189143,51.12081443287224]]]}},{"type":"Feature","id":"DESNATPU1000EP8p","properties":{"id":"DESNATPU1000EP8p","height_m":2.439,"ground_m":208.975,"height_source":"LoD1 solid top minus bottom","production":"2023","laser":"2019","footprints":"2021"},"geometry":{"type":"Polygon","coordinates":[[[13.718369762955556,51.12054756820744],[13.718421566557863,51.120578333794604],[13.718457801989148,51.12055411768341],[13.718408920340059,51.12052516471067],[13.718405968078521,51.120523414729504],[13.718369762955556,51.12054756820744]]]}},{"type":"Feature","id":"DESNATPU1000GxIR","properties":{"id":"DESNATPU1000GxIR","height_m":4.068,"ground_m":209.693,"height_source":"LoD1 solid top minus bottom","production":"2023","laser":"2019","footprints":"2021"},"geometry":{"type":"Polygon","coordinates":[[[13.721993442004115,51.12293396083152],[13.721930230533438,51.122978260823],[13.721996529999366,51.12301572098947],[13.72206022304999,51.12297105752164],[13.72199396188108,51.12293428126101],[13.721993442004115,51.12293396083152]]]}},{"type":"Feature","id":"DESNATPU1000EWRG","properties":{"id":"DESNATPU1000EWRG","height_m":3.34,"ground_m":196.194,"height_source":"LoD1 solid top minus bottom","production":"2023","laser":"2019","footprints":"2021"},"geometry":{"type":"Polygon","coordinates":[[[13.726625613256491,51.12482246817315],[13.726737012908384,51.124807152530096],[13.726717971604456,51.12475230507948],[13.726606572326087,51.12476761171534],[13.726625613256491,51.12482246817315]]]}},{"type":"Feature","id":"DESNATPU1000IMhf","properties":{"id":"DESNATPU1000IMhf","height_m":6.726,"ground_m":203.632,"height_source":"LoD1 solid top minus bottom","production":"2023","laser":"2019","footprints":"2021"},"geometry":{"type":"Polygon","coordinates":[[[13.732811328702397,51.12339995963995],[13.732841207953825,51.123440723944974],[13.732860822781157,51.12348164679319],[13.732948485759461,51.1234640896083],[13.732914321164728,51.1233663366506],[13.732811328702397,51.12339995963995]]]}},{"type":"Feature","id":"DESNATPU1000C63w","properties":{"id":"DESNATPU1000C63w","height_m":2.755,"ground_m":210.927,"height_source":"LoD1 solid top minus bottom","production":"2023","laser":"2019","footprints":"2021"},"geometry":{"type":"Polygon","coordinates":[[[13.719899627521883,51.12239675996301],[13.7199730334758,51.12245412817962],[13.720067435136418,51.12240535951734],[13.720020604792952,51.12236774266247],[13.720009701046443,51.1223703571093],[13.719899627521883,51.12239675996301]]]}},{"type":"Feature","id":"DESNATP1100001Bl","properties":{"id":"DESNATP1100001Bl","height_m":4.245,"ground_m":210.359,"height_source":"LoD1 solid top minus bottom","production":"2023","laser":"2019","footprints":"2021"},"geometry":{"type":"Polygon","coordinates":[[[13.720209432636477,51.12256195836532],[13.720273417885018,51.122618971481415],[13.7202951319573,51.122638327787136],[13.720357288442806,51.12261569873045],[13.720436102502413,51.12258701093455],[13.720323586324467,51.12250219167927],[13.720318911566174,51.12250536892812],[13.720209432636477,51.12256195836532]]]}},{"type":"Feature","id":"DESNATPU1000FKSj","properties":{"id":"DESNATPU1000FKSj","height_m":5.951,"ground_m":199.305,"height_source":"LoD1 solid top minus bottom","production":"2023","laser":"2019","footprints":"2021"},"geometry":{"type":"Polygon","coordinates":[[[13.724284211762564,51.1243418405252],[13.724418371991453,51.12424934758217],[13.724360948257052,51.12421636512298],[13.724226787763707,51.12430886699056],[13.724284211762564,51.1243418405252]]]}},{"type":"Feature","id":"DESNATPU1000EfaG","properties":{"id":"DESNATPU1000EfaG","height_m":6.216,"ground_m":207.24,"height_source":"LoD1 solid top minus bottom","production":"2023","laser":"2019","footprints":"2021"},"geometry":{"type":"Polygon","coordinates":[[[13.722488801155766,51.12239607495132],[13.722597426755076,51.12243143426569],[13.722647973643737,51.12239655489385],[13.722557389655146,51.12235986395764],[13.722488801155766,51.12239607495132]]]}},{"type":"Feature","id":"DESNATPU1000Gvh6","properties":{"id":"DESNATPU1000Gvh6","height_m":4.242,"ground_m":213.932,"height_source":"LoD1 solid top minus bottom","production":"2023","laser":"2019","footprints":"2021"},"geometry":{"type":"Polygon","coordinates":[[[13.71544415088114,51.12090858408207],[13.71537042550864,51.12092792696238],[13.71539981519187,51.120980066307276],[13.715475884551836,51.120962250954484],[13.715455193083997,51.120927248523806],[13.71544415088114,51.12090858408207]]]}},{"type":"Feature","id":"DESNATPU1000G4Yu","properties":{"id":"DESNATPU1000G4Yu","height_m":4.117,"ground_m":209.68,"height_source":"LoD1 solid top minus bottom","production":"2023","laser":"2019","footprints":"2021"},"geometry":{"type":"Polygon","coordinates":[[[13.721038962540067,51.1225618350048],[13.72108316312468,51.1225896745061],[13.721092496377672,51.12259528916475],[13.721165223754864,51.12255827893075],[13.721157999873064,51.12255234562204],[13.721163096052349,51.122548912158145],[13.721156790961404,51.122545929538305],[13.721097576536664,51.12251792585324],[13.721038962540067,51.1225618350048]]]}},{"type":"Feature","id":"DESNATPU1000I8r0","properties":{"id":"DESNATPU1000I8r0","height_m":1.982,"ground_m":200.721,"height_source":"LoD1 solid top minus bottom","production":"2023","laser":"2019","footprints":"2021"},"geometry":{"type":"Polygon","coordinates":[[[13.724602025407751,51.12356200040418],[13.724552692529398,51.123569411920926],[13.724556209887215,51.12357867687931],[13.724589344267887,51.12357674513646],[13.724591998660873,51.1235820618435],[13.724608766313183,51.12357874654279],[13.72460366215231,51.12356846607973],[13.724602025407751,51.12356200040418]]]}},{"type":"Feature","id":"DESNATPU1000JUa7","properties":{"id":"DESNATPU1000JUa7","height_m":8.113,"ground_m":197.174,"height_source":"LoD1 solid top minus bottom","production":"2023","laser":"2019","footprints":"2021"},"geometry":{"type":"Polygon","coordinates":[[[13.724824383855845,51.12511697476003],[13.724780737485405,51.12515031161754],[13.7248153197316,51.12523854818754],[13.7249265473334,51.12522123599189],[13.724882221767903,51.12510798321391],[13.724824383855845,51.12511697476003]]]}},{"type":"Feature","id":"DESNATPU1000FWIO","properties":{"id":"DESNATPU1000FWIO","height_m":6.236,"ground_m":204.985,"height_source":"LoD1 solid top minus bottom","production":"2023","laser":"2019","footprints":"2021"},"geometry":{"type":"Polygon","coordinates":[[[13.734689885162181,51.12069826178716],[13.734748472019158,51.12072434531397],[13.734809950368708,51.12068643153003],[13.734761473001551,51.12065119486585],[13.734689885162181,51.12069826178716]]]}},{"type":"Feature","id":"DESNATPU1000CLwX","properties":{"id":"DESNATPU1000CLwX","height_m":2.595,"ground_m":196.961,"height_source":"LoD1 solid top minus bottom","production":"2023","laser":"2019","footprints":"2021"},"geometry":{"type":"Polygon","coordinates":[[[13.725894995519676,51.12464682121116],[13.725862645850937,51.124659679108476],[13.725894545248353,51.124691231631026],[13.725926518361247,51.124678036889236],[13.725894995519676,51.12464682121116]]]}},{"type":"Feature","id":"DESNATPU1000JUAt","properties":{"id":"DESNATPU1000JUAt","height_m":7.666,"ground_m":203.05,"height_source":"LoD1 solid top minus bottom","production":"2023","laser":"2019","footprints":"2021"},"geometry":{"type":"Polygon","coordinates":[[[13.724084335681466,51.12304005013931],[13.724028698563119,51.12293658359612],[13.723931847788473,51.12295714533796],[13.723987307094914,51.12306083480674],[13.724084335681466,51.12304005013931]]]}},{"type":"Feature","id":"DESNATPU1000Gqia","properties":{"id":"DESNATPU1000Gqia","height_m":3.438,"ground_m":204.31,"height_source":"LoD1 solid top minus bottom","production":"2023","laser":"2019","footprints":"2021"},"geometry":{"type":"Polygon","coordinates":[[[13.733780381704266,51.12110042033711],[13.73378968922134,51.12111224770861],[13.73384102399051,51.12117728180543],[13.733903716738919,51.121157717916994],[13.733843245546272,51.121080867326704],[13.733780381704266,51.12110042033711]]]}},{"type":"Feature","id":"DESNATPU1000HI5L","properties":{"id":"DESNATPU1000HI5L","height_m":4.482,"ground_m":214.474,"height_source":"LoD1 solid top minus bottom","production":"2023","laser":"2019","footprints":"2021"},"geometry":{"type":"Polygon","coordinates":[[[13.720580642205846,51.12061946028777],[13.720593561895472,51.120632821050904],[13.720628985759978,51.1206643236916],[13.720677366024432,51.12064578832929],[13.720632490503816,51.1205995240452],[13.720580642205846,51.12061946028777]]]}},{"type":"Feature","id":"DESNATPU1000EnJJ","properties":{"id":"DESNATPU1000EnJJ","height_m":4.014,"ground_m":200.076,"height_source":"LoD1 solid top minus bottom","production":"2023","laser":"2019","footprints":"2021"},"geometry":{"type":"Polygon","coordinates":[[[13.731434123647352,51.12374704872331],[13.7314171992911,51.12384999424783],[13.731416117040094,51.123856637159406],[13.731395127854986,51.1239843316579],[13.731381906012174,51.1240647904444],[13.73152324036445,51.12407397658682],[13.731577195892823,51.123745444344095],[13.731435891101693,51.12373625858338],[13.731434123647352,51.12374704872331]]]}},{"type":"Feature","id":"DESNATPU1000DNRL","properties":{"id":"DESNATPU1000DNRL","height_m":9.105,"ground_m":208.756,"height_source":"LoD1 solid top minus bottom","production":"2023","laser":"2019","footprints":"2021"},"geometry":{"type":"Polygon","coordinates":[[[13.719126584758644,51.12166334095447],[13.71929006694788,51.12162673248073],[13.719239661400746,51.121537601433324],[13.719076324825267,51.12157412150335],[13.719126584758644,51.12166334095447]]]}},{"type":"Feature","id":"DESNATPU1000Bvmq","properties":{"id":"DESNATPU1000Bvmq","height_m":3.66,"ground_m":210.488,"height_source":"LoD1 solid top minus bottom","production":"2023","laser":"2019","footprints":"2021"},"geometry":{"type":"Polygon","coordinates":[[[13.719472411032493,51.122049016389276],[13.719506896858684,51.12210360256214],[13.719552050280651,51.122092280510294],[13.719550297346897,51.12208952750769],[13.719624392421727,51.122070770573906],[13.719592052685943,51.12201918454827],[13.719472411032493,51.122049016389276]]]}},{"type":"Feature","id":"DESNATPU1000Es6V","properties":{"id":"DESNATPU1000Es6V","height_m":2.644,"ground_m":208.683,"height_source":"LoD1 solid top minus bottom","production":"2023","laser":"2019","footprints":"2021"},"geometry":{"type":"Polygon","coordinates":[[[13.721812669097705,51.12235802051676],[13.721903537814793,51.122384373443644],[13.721933387508559,51.12234351276438],[13.721842659224853,51.1223172513232],[13.721812669097705,51.12235802051676]]]}},{"type":"Feature","id":"DESNATP17K0001Yq","properties":{"id":"DESNATP17K0001Yq","height_m":2.835,"ground_m":210.773,"height_source":"LoD1 solid top minus bottom","production":"2023","laser":"2019","footprints":"2021"},"geometry":{"type":"Polygon","coordinates":[[[13.721938832024774,51.12319731110369],[13.72202698010902,51.12314211461735],[13.721997599518092,51.12312350218243],[13.721909422615942,51.12317870732455],[13.721938832024774,51.12319731110369]]]}},{"type":"Feature","id":"DESNATPU1000Ia5S","properties":{"id":"DESNATPU1000Ia5S","height_m":4.712,"ground_m":202.632,"height_source":"LoD1 solid top minus bottom","production":"2023","laser":"2019","footprints":"2021"},"geometry":{"type":"Polygon","coordinates":[[[13.731474384244407,51.120600652152866],[13.731437256198909,51.12059979971375],[13.731442512244058,51.12065309398848],[13.731442741302306,51.1206551648127],[13.731581345394343,51.12064992386965],[13.731578096441615,51.120596381591106],[13.731474384244407,51.120600652152866]]]}},{"type":"Feature","id":"DESNATPU1000FiN1","properties":{"id":"DESNATPU1000FiN1","height_m":8.028,"ground_m":204.33,"height_source":"LoD1 solid top minus bottom","production":"2023","laser":"2019","footprints":"2021"},"geometry":{"type":"Polygon","coordinates":[[[13.73299130947159,51.1212408021766],[13.73334579898257,51.12118687320362],[13.73331554941704,51.12110482815134],[13.73296294722692,51.121155603031816],[13.73299130947159,51.1212408021766]]]}},{"type":"Feature","id":"DESNATPU1000Jh1R","properties":{"id":"DESNATPU1000Jh1R","height_m":4.288,"ground_m":204.995,"height_source":"LoD1 solid top minus bottom","production":"2023","laser":"2019","footprints":"2021"},"geometry":{"type":"Polygon","coordinates":[[[13.733266918755287,51.120803564872276],[13.733217120578612,51.12081351994755],[13.733283272198875,51.120887950401666],[13.733307207476235,51.12088320971285],[13.733266918755287,51.120803564872276]]]}},{"type":"Feature","id":"DESNATPU1000HrJP","properties":{"id":"DESNATPU1000HrJP","height_m":3.178,"ground_m":200.008,"height_source":"LoD1 solid top minus bottom","production":"2023","laser":"2019","footprints":"2021"},"geometry":{"type":"Polygon","coordinates":[[[13.731577659030641,51.12360176281896],[13.731597798565014,51.12348210759901],[13.731481550356085,51.123474281814204],[13.73146225535251,51.12359439581614],[13.731577659030641,51.12360176281896]]]}},{"type":"Feature","id":"DESNATPU1000J8jJ","properties":{"id":"DESNATPU1000J8jJ","height_m":3.538,"ground_m":196.874,"height_source":"LoD1 solid top minus bottom","production":"2023","laser":"2019","footprints":"2021"},"geometry":{"type":"Polygon","coordinates":[[[13.725910834754677,51.12470166988192],[13.725906590891952,51.12470321536207],[13.72586367388737,51.124720994071865],[13.725886809440983,51.12474541874942],[13.725915789988509,51.12477606716157],[13.725963041313188,51.12475865040492],[13.725920629523818,51.12471236110428],[13.725910834754677,51.12470166988192]]]}},{"type":"Feature","id":"DESNATPU1000EXgS","properties":{"id":"DESNATPU1000EXgS","height_m":2.785,"ground_m":204.615,"height_source":"LoD1 solid top minus bottom","production":"2023","laser":"2019","footprints":"2021"},"geometry":{"type":"Polygon","coordinates":[[[13.734621821014146,51.12102061769339],[13.73458265022618,51.121039078617116],[13.734717164872052,51.12114013826434],[13.734747885842618,51.12112395096278],[13.734676812922064,51.12107055615509],[13.734621821014146,51.12102061769339]]]}},{"type":"Feature","id":"DESNATPU1000BDFO","properties":{"id":"DESNATPU1000BDFO","height_m":7.067,"ground_m":210.866,"height_source":"LoD1 solid top minus bottom","production":"2023","laser":"2019","footprints":"2021"},"geometry":{"type":"Polygon","coordinates":[[[13.720142139500787,51.12210087217659],[13.720340329055674,51.12202556847102],[13.72030470299708,51.12198842506392],[13.72028156331236,51.121964304963676],[13.720001709638245,51.12207063003116],[13.720008612557967,51.12207782788187],[13.720024613089667,51.12209450479558],[13.720060017396735,51.12213139406258],[13.72007513285477,51.12212632571914],[13.720142139500787,51.12210087217659]]]}},{"type":"Feature","id":"DESNATPU1000D4gf","properties":{"id":"DESNATPU1000D4gf","height_m":4.338,"ground_m":201.122,"height_source":"LoD1 solid top minus bottom","production":"2023","laser":"2019","footprints":"2021"},"geometry":{"type":"Polygon","coordinates":[[[13.72424610223657,51.1234931628398],[13.724342641425283,51.12345956689818],[13.724307859024972,51.12340149874799],[13.724289634951543,51.1234052927188],[13.724242967830593,51.12341501735417],[13.724234444965262,51.12341679486413],[13.724249898271669,51.12344614503778],[13.724227476627803,51.12345343635729],[13.72424610223657,51.1234931628398]]]}},{"type":"Feature","id":"DESNATPU1000F2hq","properties":{"id":"DESNATPU1000F2hq","height_m":2.907,"ground_m":202.864,"height_source":"LoD1 solid top minus bottom","production":"2023","laser":"2019","footprints":"2021"},"geometry":{"type":"Polygon","coordinates":[[[13.73234612164686,51.12099030286599],[13.732336531323657,51.12096950651235],[13.732273857884579,51.12097790973454],[13.732280996115291,51.120999021233736],[13.73234612164686,51.12099030286599]]]}},{"type":"Feature","id":"DESNATPU1000FZLr","properties":{"id":"DESNATPU1000FZLr","height_m":7.354,"ground_m":204.691,"height_source":"LoD1 solid top minus bottom","production":"2023","laser":"2019","footprints":"2021"},"geometry":{"type":"Polygon","coordinates":[[[13.73420451002802,51.12073401546594],[13.734288114294587,51.120827636014596],[13.734364011708434,51.120800669876935],[13.73428026448717,51.12070704783507],[13.73420451002802,51.12073401546594]]]}},{"type":"Feature","id":"DESNATPU1000IBpN","properties":{"id":"DESNATPU1000IBpN","height_m":5.353,"ground_m":199.122,"height_source":"LoD1 solid top minus bottom","production":"2023","laser":"2019","footprints":"2021"},"geometry":{"type":"Polygon","coordinates":[[[13.733459025099718,51.126492648577084],[13.733528819131342,51.1266317133002],[13.733768476865583,51.126579452830136],[13.733704218403108,51.126467876142016],[13.733459025099718,51.126492648577084]]]}},{"type":"Feature","id":"UUID_f90a94cb-06e3-4c14-8418-031f1bbd2b35","properties":{"id":"UUID_f90a94cb-06e3-4c14-8418-031f1bbd2b35","height_m":6.732,"ground_m":202.189,"height_source":"LoD1 solid top minus bottom","production":"2023","laser":"2019","footprints":"2021"},"geometry":{"type":"Polygon","coordinates":[[[13.731360961104636,51.12069339613478],[13.73136081801056,51.12069340357503],[13.731367519940886,51.12074607505281],[13.73137034002188,51.12076831781347],[13.731413407712523,51.120766213140755],[13.731453184477285,51.120764270590286],[13.73144989141542,51.120727993965446],[13.731449705466872,51.12072800094088],[13.731446913395732,51.120698995916285],[13.731446827440784,51.12069900397655],[13.731442741302306,51.1206551648127],[13.731442512244058,51.12065309398848],[13.73140095835101,51.12065471149975],[13.731397310809651,51.12065485178161],[13.73135611649563,51.12065638325039],[13.731360961104636,51.12069339613478]]]}},{"type":"Feature","id":"UUID_ebd6c485-c1bf-489f-be21-1855914b6303","properties":{"id":"UUID_ebd6c485-c1bf-489f-be21-1855914b6303","height_m":6.25,"ground_m":202.189,"height_source":"LoD1 solid top minus bottom","production":"2023","laser":"2019","footprints":"2021"},"geometry":{"type":"Polygon","coordinates":[[[13.731302558600003,51.12074932704707],[13.731367519940886,51.12074607505281],[13.73136081801056,51.12069340357503],[13.731296142685135,51.12069664967592],[13.731302558600003,51.12074932704707]]]}},{"type":"Feature","id":"UUID_38730e02-782a-4d3f-8fbc-af4585bf7dde","properties":{"id":"UUID_38730e02-782a-4d3f-8fbc-af4585bf7dde","height_m":2.585,"ground_m":202.189,"height_source":"LoD1 solid top minus bottom","production":"2023","laser":"2019","footprints":"2021"},"geometry":{"type":"Polygon","coordinates":[[[13.731449705466872,51.12072800094088],[13.73144989141542,51.120727993965446],[13.731474924276238,51.120727006554915],[13.73147214598164,51.12069801966601],[13.731446913395732,51.120698995916285],[13.731449705466872,51.12072800094088]]]}},{"type":"Feature","id":"DESNATPU1000HPVn","properties":{"id":"DESNATPU1000HPVn","height_m":2.976,"ground_m":195.811,"height_source":"LoD1 solid top minus bottom","production":"2023","laser":"2019","footprints":"2021"},"geometry":{"type":"Polygon","coordinates":[[[13.734595724176929,51.128923919185226],[13.73457727991198,51.1289765071183],[13.734660851846016,51.128988202783006],[13.734679441351515,51.12893552648114],[13.734595724176929,51.128923919185226]]]}},{"type":"Feature","id":"DESNATPU1000BtAG","properties":{"id":"DESNATPU1000BtAG","height_m":3.147,"ground_m":210.557,"height_source":"LoD1 solid top minus bottom","production":"2023","laser":"2019","footprints":"2021"},"geometry":{"type":"Polygon","coordinates":[[[13.719377747724234,51.122072628886244],[13.71940245671902,51.12211181128398],[13.719390729795835,51.12211474039798],[13.719400559691968,51.122130288667925],[13.719506896858684,51.12210360256214],[13.719472411032493,51.122049016389276],[13.719377747724234,51.122072628886244]]]}},{"type":"Feature","id":"DESNATPU1000Hzbz","properties":{"id":"DESNATPU1000Hzbz","height_m":6.453,"ground_m":199.102,"height_source":"LoD1 solid top minus bottom","production":"2023","laser":"2019","footprints":"2021"},"geometry":{"type":"Polygon","coordinates":[[[13.724698869233544,51.123907021489565],[13.724764155311973,51.12398971168568],[13.72485290881684,51.12396228039398],[13.724820177891214,51.123919972139774],[13.724808710714553,51.12390516187651],[13.724788798997848,51.12387942321989],[13.724698869233544,51.123907021489565]]]}},{"type":"Feature","id":"UUID_8bd2daa4-3b60-4805-8457-c724a598d6ae","properties":{"id":"UUID_8bd2daa4-3b60-4805-8457-c724a598d6ae","height_m":6.775,"ground_m":201.682,"height_source":"LoD1 solid top minus bottom","production":"2023","laser":"2019","footprints":"2021"},"geometry":{"type":"Polygon","coordinates":[[[13.733231164525446,51.124871508664086],[13.733323785820362,51.12484883406417],[13.733218559431686,51.12467827032369],[13.733125913054776,51.124700827662],[13.733231164525446,51.124871508664086]]]}},{"type":"Feature","id":"UUID_0c092f52-6d04-4770-8d2f-f0b456cc921c","properties":{"id":"UUID_0c092f52-6d04-4770-8d2f-f0b456cc921c","height_m":5.36,"ground_m":201.682,"height_source":"LoD1 solid top minus bottom","production":"2023","laser":"2019","footprints":"2021"},"geometry":{"type":"Polygon","coordinates":[[[13.732991236525223,51.124870231118706],[13.733023391972536,51.124922377897164],[13.733231164525446,51.124871508664086],[13.733199049522126,51.124819443316206],[13.732991236525223,51.124870231118706]]]}},{"type":"Feature","id":"UUID_28dacf76-f1ef-4565-bd10-321b0fb6d02f","properties":{"id":"UUID_28dacf76-f1ef-4565-bd10-321b0fb6d02f","height_m":5.451,"ground_m":201.682,"height_source":"LoD1 solid top minus bottom","production":"2023","laser":"2019","footprints":"2021"},"geometry":{"type":"Polygon","coordinates":[[[13.73250980602571,51.12478632685369],[13.73261776176174,51.124961507134095],[13.732991236525223,51.124870231118706],[13.733199049522126,51.124819443316206],[13.733125913054776,51.124700827662],[13.733091020960911,51.124644244801026],[13.73250980602571,51.12478632685369]]]}},{"type":"Feature","id":"DESNATPU1000GR2U","properties":{"id":"DESNATPU1000GR2U","height_m":5.577,"ground_m":202.133,"height_source":"LoD1 solid top minus bottom","production":"2023","laser":"2019","footprints":"2021"},"geometry":{"type":"Polygon","coordinates":[[[13.723125952581734,51.123806447891084],[13.723147570808317,51.123820532840625],[13.723206805474145,51.12385930904209],[13.72322182348438,51.12386918522912],[13.723290417000527,51.123827668122374],[13.723241429914694,51.12379556858614],[13.723192162140638,51.12376328610841],[13.723125952581734,51.123806447891084]]]}},{"type":"Feature","id":"DESNATPU1000Jauq","properties":{"id":"DESNATPU1000Jauq","height_m":6.97,"ground_m":208.722,"height_source":"LoD1 solid top minus bottom","production":"2023","laser":"2019","footprints":"2021"},"geometry":{"type":"Polygon","coordinates":[[[13.721305984721008,51.122165700576694],[13.721289845187005,51.122175775853286],[13.721300658604807,51.122182638694106],[13.7212484499831,51.122210395015195],[13.721282553657735,51.12223594776815],[13.72130934942844,51.12225602492432],[13.721452446697402,51.12218142081248],[13.72142497167143,51.122161102449155],[13.721390131100069,51.12213532585278],[13.721318349650735,51.12217329980543],[13.721305984721008,51.122165700576694]]]}},{"type":"Feature","id":"DESNATPU1000FR0j","properties":{"id":"DESNATPU1000FR0j","height_m":6.967,"ground_m":212.728,"height_source":"LoD1 solid top minus bottom","production":"2023","laser":"2019","footprints":"2021"},"geometry":{"type":"Polygon","coordinates":[[[13.717090566135138,51.121743357917836],[13.717028392880865,51.12175677644362],[13.717016820707219,51.121759275364035],[13.71696708067817,51.121770060500005],[13.71703189628612,51.12189595129738],[13.717094876773254,51.12188434917637],[13.717114338386166,51.12188075875248],[13.717158718317858,51.12187261258372],[13.717090566135138,51.121743357917836]]]}},{"type":"Feature","id":"DESNATPU1000BECi","properties":{"id":"DESNATPU1000BECi","height_m":6.271,"ground_m":208.412,"height_source":"LoD1 solid top minus bottom","production":"2023","laser":"2019","footprints":"2021"},"geometry":{"type":"Polygon","coordinates":[[[13.718072032065537,51.121190975848045],[13.718018774738127,51.12121425881411],[13.718085921513373,51.12127562435813],[13.71807202352431,51.12128162305678],[13.71807332638754,51.121282563597724],[13.718121246937464,51.12132509427081],[13.718166934247389,51.12128982182051],[13.718216391765088,51.12126753130372],[13.718232732739654,51.121260516204664],[13.718195373931497,51.12122565530065],[13.718176304507264,51.1212336746545],[13.718143271901242,51.12120306978412],[13.718068459227485,51.12120183593658],[13.718072032065537,51.121190975848045]]]}},{"type":"Feature","id":"DESNATPU1000IjRO","properties":{"id":"DESNATPU1000IjRO","height_m":5.533,"ground_m":203.428,"height_source":"LoD1 solid top minus bottom","production":"2023","laser":"2019","footprints":"2021"},"geometry":{"type":"Polygon","coordinates":[[[13.732948485759461,51.1234640896083],[13.732860822781157,51.12348164679319],[13.732779645060573,51.12349563212254],[13.73279305651671,51.12352407772575],[13.732853754474048,51.123652747641486],[13.732867609130713,51.12365977725157],[13.732881449505888,51.123666806705224],[13.733009777612597,51.12366403360752],[13.733026769176673,51.123630054170654],[13.733020340351523,51.12361641441745],[13.732951849052554,51.12347121235835],[13.732948485759461,51.1234640896083]]]}},{"type":"Feature","id":"DESNATPU1000H6P7","properties":{"id":"DESNATPU1000H6P7","height_m":3.0,"ground_m":204.772,"height_source":"LoD1 solid top minus bottom","production":"2023","laser":"2019","footprints":"2021"},"geometry":{"type":"Polygon","coordinates":[[[13.733222173809734,51.120907738064716],[13.73324234389239,51.12095602297592],[13.733247070418672,51.120955093968554],[13.733326057015471,51.12094216372318],[13.73331370884821,51.120928145107925],[13.733328463742488,51.12092522042458],[13.733312087906196,51.120892848883365],[13.733222173809734,51.120907738064716]]]}},{"type":"Feature","id":"DESNATPU1000Ekdf","properties":{"id":"DESNATPU1000Ekdf","height_m":5.719,"ground_m":197.048,"height_source":"LoD1 solid top minus bottom","production":"2023","laser":"2019","footprints":"2021"},"geometry":{"type":"Polygon","coordinates":[[[13.726124800860406,51.12470018813204],[13.726082789462684,51.12465388526659],[13.725920629523818,51.12471236110428],[13.725963041313188,51.12475865040492],[13.726124800860406,51.12470018813204]]]}},{"type":"Feature","id":"DESNATPU1000HEIk","properties":{"id":"DESNATPU1000HEIk","height_m":6.947,"ground_m":202.618,"height_source":"LoD1 solid top minus bottom","production":"2023","laser":"2019","footprints":"2021"},"geometry":{"type":"Polygon","coordinates":[[[13.723048311792825,51.12364229113696],[13.723008324741498,51.123668338186036],[13.722955328259296,51.123702876210366],[13.723061021131025,51.12376697994158],[13.72310374806697,51.12379289610195],[13.723123142541896,51.1238047085773],[13.723125952581734,51.123806447891084],[13.7231789347723,51.12377190963396],[13.723192162140638,51.12376328610841],[13.723217529845614,51.12374503797752],[13.723048311792825,51.12364229113696]]]}},{"type":"Feature","id":"DESNATPU1000I8wn","properties":{"id":"DESNATPU1000I8wn","height_m":3.139,"ground_m":201.014,"height_source":"LoD1 solid top minus bottom","production":"2023","laser":"2019","footprints":"2021"},"geometry":{"type":"Polygon","coordinates":[[[13.724637293378063,51.12354382398112],[13.724644313344497,51.12356237171734],[13.724645605460214,51.123565785081105],[13.72470937353809,51.12355621082527],[13.724701047141634,51.12353424957376],[13.724637293378063,51.12354382398112]]]}},{"type":"Feature","id":"UUID_70c838b4-c8b3-43b2-927a-18b09cca4cf0","properties":{"id":"UUID_70c838b4-c8b3-43b2-927a-18b09cca4cf0","height_m":4.63,"ground_m":209.193,"height_source":"LoD1 solid top minus bottom","production":"2023","laser":"2019","footprints":"2021"},"geometry":{"type":"Polygon","coordinates":[[[13.721215542720525,51.121958327098014],[13.72114727725404,51.12200093471136],[13.721189522757198,51.12202090209316],[13.721200861278044,51.122013921798384],[13.721252339198227,51.121981571187284],[13.721215542720525,51.121958327098014]]]}},{"type":"Feature","id":"UUID_63b7c206-a3a8-4638-a5bb-7a64edfeebd9","properties":{"id":"UUID_63b7c206-a3a8-4638-a5bb-7a64edfeebd9","height_m":5.029,"ground_m":209.193,"height_source":"LoD1 solid top minus bottom","production":"2023","laser":"2019","footprints":"2021"},"geometry":{"type":"Polygon","coordinates":[[[13.72114727725404,51.12200093471136],[13.721036118704486,51.12207030328133],[13.72113793713669,51.12213994194041],[13.721268794895911,51.122058369670874],[13.72114727725404,51.12200093471136]]]}},{"type":"Feature","id":"DESNATPU1000B3GQ","properties":{"id":"DESNATPU1000B3GQ","height_m":5.549,"ground_m":205.468,"height_source":"LoD1 solid top minus bottom","production":"2023","laser":"2019","footprints":"2021"},"geometry":{"type":"Polygon","coordinates":[[[13.73494882620601,51.12064507454602],[13.734901641974755,51.120661884134805],[13.734907048507253,51.12066796779062],[13.734980793415607,51.12074070785418],[13.735026444516537,51.120723530929205],[13.735066984742604,51.12070827710768],[13.734990815823403,51.120630115207994],[13.73494882620601,51.12064507454602]]]}},{"type":"Feature","id":"DESNATPU1000HY8v","properties":{"id":"DESNATPU1000HY8v","height_m":6.041,"ground_m":201.044,"height_source":"LoD1 solid top minus bottom","production":"2023","laser":"2019","footprints":"2021"},"geometry":{"type":"Polygon","coordinates":[[[13.724701046894051,51.12353425856384],[13.724818179550478,51.12351667815229],[13.724793453851092,51.12345144466362],[13.724612567920373,51.1234785904562],[13.724637293378063,51.12354382398112],[13.724701046894051,51.12353425856384]]]}},{"type":"Feature","id":"DESNATPU1000HWkX","properties":{"id":"DESNATPU1000HWkX","height_m":4.44,"ground_m":203.45,"height_source":"LoD1 solid top minus bottom","production":"2023","laser":"2019","footprints":"2021"},"geometry":{"type":"Polygon","coordinates":[[[13.7145591540478,51.12692084183033],[13.714639291981628,51.12690148899654],[13.714589000893957,51.126818652214226],[13.71450886807553,51.12683782521392],[13.7145591540478,51.12692084183033]]]}},{"type":"Feature","id":"UUID_47f1c8e9-b479-4008-88c2-56460d2b112d","properties":{"id":"UUID_47f1c8e9-b479-4008-88c2-56460d2b112d","height_m":4.799,"ground_m":195.766,"height_source":"LoD1 solid top minus bottom","production":"2023","laser":"2019","footprints":"2021"},"geometry":{"type":"Polygon","coordinates":[[[13.735957962560246,51.128348799194704],[13.735825987292907,51.128329225097254],[13.73582556471981,51.12833056944351],[13.735325146035361,51.12825492489253],[13.735293312480799,51.12834359098821],[13.735264664099248,51.12842342465838],[13.73555471989051,51.12846747853615],[13.735715827490726,51.128492062139195],[13.735761798437572,51.12849903395116],[13.736521208933405,51.12861452548321],[13.736552481195945,51.128532732464855],[13.736587109348878,51.12844212681639],[13.735957666069227,51.12834971325165],[13.735957962560246,51.128348799194704]]]}},{"type":"Feature","id":"UUID_2acceff6-c648-498d-9b34-326938c03cb4","properties":{"id":"UUID_2acceff6-c648-498d-9b34-326938c03cb4","height_m":3.548,"ground_m":195.766,"height_source":"LoD1 solid top minus bottom","production":"2023","laser":"2019","footprints":"2021"},"geometry":{"type":"Polygon","coordinates":[[[13.735906952192954,51.12765276532512],[13.735873249131648,51.127741914966656],[13.736138391682374,51.127781255660565],[13.736640410113061,51.12785574497493],[13.736675164598427,51.127770958976505],[13.735906952192954,51.12765276532512]]]}},{"type":"Feature","id":"UUID_8519cc9f-cde9-4fc9-87ae-66666f5f3952","properties":{"id":"UUID_8519cc9f-cde9-4fc9-87ae-66666f5f3952","height_m":3.525,"ground_m":195.766,"height_source":"LoD1 solid top minus bottom","production":"2023","laser":"2019","footprints":"2021"},"geometry":{"type":"Polygon","coordinates":[[[13.736136374234691,51.12778814929167],[13.736138391682374,51.127781255660565],[13.735873249131648,51.127741914966656],[13.735871061819113,51.1277477006469],[13.73604881906783,51.1277748019128],[13.736136374234691,51.12778814929167]]]}},{"type":"Feature","id":"UUID_67a7529f-6e53-41f6-9026-f755627eed54","properties":{"id":"UUID_67a7529f-6e53-41f6-9026-f755627eed54","height_m":4.773,"ground_m":195.766,"height_source":"LoD1 solid top minus bottom","production":"2023","laser":"2019","footprints":"2021"},"geometry":{"type":"Polygon","coordinates":[[[13.73584860662316,51.128256088672806],[13.736614569173842,51.128369105497306],[13.736677342012847,51.12819921793658],[13.736048248935045,51.12810456043643],[13.736048633844797,51.12810354841453],[13.735930079871475,51.128085504387506],[13.735930001809093,51.12808574634829],[13.735419074545595,51.12800774039694],[13.735351413349148,51.128182727290714],[13.73584860662316,51.128256088672806]]]}},{"type":"Feature","id":"UUID_037cf52c-058a-4901-bdc3-69370738b2ed","properties":{"id":"UUID_037cf52c-058a-4901-bdc3-69370738b2ed","height_m":3.344,"ground_m":195.766,"height_source":"LoD1 solid top minus bottom","production":"2023","laser":"2019","footprints":"2021"},"geometry":{"type":"Polygon","coordinates":[[[13.735760185850738,51.12850313520274],[13.73573338848857,51.128571208474234],[13.735869766837105,51.12859075833055],[13.735896314848501,51.12852395930569],[13.735760185850738,51.12850313520274]]]}},{"type":"Feature","id":"UUID_6cf73f7f-6a05-40d0-94ac-d91310e89bdc","properties":{"id":"UUID_6cf73f7f-6a05-40d0-94ac-d91310e89bdc","height_m":3.276,"ground_m":195.766,"height_source":"LoD1 solid top minus bottom","production":"2023","laser":"2019","footprints":"2021"},"geometry":{"type":"Polygon","coordinates":[[[13.73584736895492,51.128260068080145],[13.735825987292907,51.128329225097254],[13.735957962560246,51.128348799194704],[13.735980589962093,51.128279547707166],[13.73584736895492,51.128260068080145]]]}},{"type":"Feature","id":"UUID_c0275253-cc51-4a03-94d6-3f9447e1fcbd","properties":{"id":"UUID_c0275253-cc51-4a03-94d6-3f9447e1fcbd","height_m":4.843,"ground_m":195.766,"height_source":"LoD1 solid top minus bottom","production":"2023","laser":"2019","footprints":"2021"},"geometry":{"type":"Polygon","coordinates":[[[13.73544548198122,51.12793563421512],[13.735953104775312,51.128009018024],[13.736004591698459,51.12783800161767],[13.73550245222635,51.127764848181364],[13.73544548198122,51.12793563421512]]]}},{"type":"Feature","id":"UUID_302e3ec8-b37f-4091-97a1-69c52b3698e1","properties":{"id":"UUID_302e3ec8-b37f-4091-97a1-69c52b3698e1","height_m":3.467,"ground_m":195.766,"height_source":"LoD1 solid top minus bottom","production":"2023","laser":"2019","footprints":"2021"},"geometry":{"type":"Polygon","coordinates":[[[13.736195076136502,51.12787215566827],[13.736196773430041,51.12786599598283],[13.736023865383926,51.12784080886271],[13.736004591698459,51.12783800161767],[13.736002689699218,51.12784432995022],[13.736195076136502,51.12787215566827]]]}},{"type":"Feature","id":"UUID_545807a0-0dc3-4508-bd2d-6637f2d51bc5","properties":{"id":"UUID_545807a0-0dc3-4508-bd2d-6637f2d51bc5","height_m":3.055,"ground_m":195.766,"height_source":"LoD1 solid top minus bottom","production":"2023","laser":"2019","footprints":"2021"},"geometry":{"type":"Polygon","coordinates":[[[13.735760185850738,51.12850313520274],[13.735896314848501,51.12852395930569],[13.736519393011184,51.12861927202691],[13.736521208933405,51.12861452548321],[13.735761798437572,51.12849903395116],[13.735760185850738,51.12850313520274]]]}},{"type":"Feature","id":"UUID_7034f85a-0581-4335-8e2a-d6db251a4e6e","properties":{"id":"UUID_7034f85a-0581-4335-8e2a-d6db251a4e6e","height_m":3.087,"ground_m":195.766,"height_source":"LoD1 solid top minus bottom","production":"2023","laser":"2019","footprints":"2021"},"geometry":{"type":"Polygon","coordinates":[[[13.736023865383926,51.12784080886271],[13.736196773430041,51.12786599598283],[13.736208555008094,51.12782338070363],[13.736130509528437,51.1278082386903],[13.736042626582389,51.12779119173778],[13.736023865383926,51.12784080886271]]]}},{"type":"Feature","id":"UUID_1b4dc570-2b41-4c45-b134-182d291253ea","properties":{"id":"UUID_1b4dc570-2b41-4c45-b134-182d291253ea","height_m":3.067,"ground_m":195.766,"height_source":"LoD1 solid top minus bottom","production":"2023","laser":"2019","footprints":"2021"},"geometry":{"type":"Polygon","coordinates":[[[13.73584736895492,51.128260068080145],[13.735980589962093,51.128279547707166],[13.736036532293788,51.12828770632994],[13.73611610051766,51.12829944760998],[13.736613458808025,51.128372088091076],[13.736614569173842,51.128369105497306],[13.73584860662316,51.128256088672806],[13.73584736895492,51.128260068080145]]]}},{"type":"Feature","id":"UUID_debc1b05-2296-4031-8434-6e1d35306e9a","properties":{"id":"UUID_debc1b05-2296-4031-8434-6e1d35306e9a","height_m":3.313,"ground_m":195.766,"height_source":"LoD1 solid top minus bottom","production":"2023","laser":"2019","footprints":"2021"},"geometry":{"type":"Polygon","coordinates":[[[13.736130509528437,51.1278082386903],[13.736136374234691,51.12778814929167],[13.73604881906783,51.1277748019128],[13.736042626582389,51.12779119173778],[13.736130509528437,51.1278082386903]]]}},{"type":"Feature","id":"UUID_dc1f8e9d-f61d-4bca-a6f9-cd711676322b","properties":{"id":"UUID_dc1f8e9d-f61d-4bca-a6f9-cd711676322b","height_m":3.249,"ground_m":195.766,"height_source":"LoD1 solid top minus bottom","production":"2023","laser":"2019","footprints":"2021"},"geometry":{"type":"Polygon","coordinates":[[[13.735950260370718,51.12801845665768],[13.735930079871475,51.128085504387506],[13.736048633844797,51.12810354841453],[13.736074394781767,51.12803676781671],[13.735950260370718,51.12801845665768]]]}},{"type":"Feature","id":"UUID_3b90cc98-89c4-44d7-8aa8-02674b9c567a","properties":{"id":"UUID_3b90cc98-89c4-44d7-8aa8-02674b9c567a","height_m":4.829,"ground_m":195.766,"height_source":"LoD1 solid top minus bottom","production":"2023","laser":"2019","footprints":"2021"},"geometry":{"type":"Polygon","coordinates":[[[13.736074394781767,51.12803676781671],[13.73671777164899,51.12813166942112],[13.736778429414858,51.12795651617077],[13.736195076136502,51.12787215566827],[13.736002689699218,51.12784432995022],[13.735953104775312,51.128009018024],[13.735950260370718,51.12801845665768],[13.736074394781767,51.12803676781671]]]}},{"type":"Feature","id":"DESNATPU1000DgJK","properties":{"id":"DESNATPU1000DgJK","height_m":5.095,"ground_m":204.661,"height_source":"LoD1 solid top minus bottom","production":"2023","laser":"2019","footprints":"2021"},"geometry":{"type":"Polygon","coordinates":[[[13.733574863399262,51.123461657726494],[13.733575954140203,51.12347872883064],[13.73358102237507,51.12355884638166],[13.734007821171764,51.123548315232625],[13.73400683503179,51.12353263914561],[13.734002685194687,51.12346803509941],[13.734001580256669,51.12345095485333],[13.733998072146207,51.12339633073924],[13.733571423040342,51.123407187208755],[13.733574863399262,51.123461657726494]]]}},{"type":"Feature","id":"UUID_b3f8e9de-db03-4540-9f2d-48ffeecb7eb6","properties":{"id":"UUID_b3f8e9de-db03-4540-9f2d-48ffeecb7eb6","height_m":7.838,"ground_m":212.451,"height_source":"LoD1 solid top minus bottom","production":"2023","laser":"2019","footprints":"2021"},"geometry":{"type":"Polygon","coordinates":[[[13.722492372739804,51.121908147564376],[13.72250148114619,51.12192036035768],[13.722630429563624,51.12188251560452],[13.722621343598464,51.12187000630458],[13.722492372739804,51.121908147564376]]]}},{"type":"Feature","id":"UUID_17bf9aa2-3dfd-49e7-8de6-3077a3c1b06c","properties":{"id":"UUID_17bf9aa2-3dfd-49e7-8de6-3077a3c1b06c","height_m":7.156,"ground_m":212.451,"height_source":"LoD1 solid top minus bottom","production":"2023","laser":"2019","footprints":"2021"},"geometry":{"type":"Polygon","coordinates":[[[13.722464977859737,51.12187144546935],[13.722442933179774,51.121878039128106],[13.722479166270753,51.12192690610736],[13.72250148114619,51.12192036035768],[13.722464977859737,51.12187144546935]]]}},{"type":"Feature","id":"UUID_e09a98f8-5743-4eef-85a6-a1766b866b6a","properties":{"id":"UUID_e09a98f8-5743-4eef-85a6-a1766b866b6a","height_m":10.126,"ground_m":212.451,"height_source":"LoD1 solid top minus bottom","production":"2023","laser":"2019","footprints":"2021"},"geometry":{"type":"Polygon","coordinates":[[[13.722621343598464,51.12187000630458],[13.722662691451502,51.12185777817367],[13.722635829875088,51.121821423670426],[13.722635714602571,51.12182145838228],[13.722631897985556,51.12181632677277],[13.722609646637858,51.121786380524796],[13.72260979072842,51.121786337135006],[13.722605237838291,51.121780442087285],[13.722434523833368,51.12183064520499],[13.72246138138714,51.12186662201416],[13.722464977859737,51.12187144546935],[13.722492372739804,51.121908147564376],[13.722621343598464,51.12187000630458]]]}},{"type":"Feature","id":"UUID_871bf1ee-4595-4652-bcc4-a06e8e1753e0","properties":{"id":"UUID_871bf1ee-4595-4652-bcc4-a06e8e1753e0","height_m":7.866,"ground_m":212.451,"height_source":"LoD1 solid top minus bottom","production":"2023","laser":"2019","footprints":"2021"},"geometry":{"type":"Polygon","coordinates":[[[13.722635714602571,51.12182145838228],[13.722635829875088,51.121821423670426],[13.722655135539753,51.12181569933246],[13.72262895353084,51.12178061124068],[13.72260979072842,51.121786337135006],[13.722609646637858,51.121786380524796],[13.722635714602571,51.12182145838228]]]}},{"type":"Feature","id":"UUID_1529818e-cc28-4756-bd72-d4d33d8b00b6","properties":{"id":"UUID_1529818e-cc28-4756-bd72-d4d33d8b00b6","height_m":4.839,"ground_m":195.723,"height_source":"LoD1 solid top minus bottom","production":"2023","laser":"2019","footprints":"2021"},"geometry":{"type":"Polygon","coordinates":[[[13.736344949614042,51.12918276206491],[13.735678789983227,51.12908428482722],[13.735614533109304,51.12925547773539],[13.736281255700828,51.12935383551289],[13.736344949614042,51.12918276206491]]]}},{"type":"Feature","id":"UUID_49ce9165-bb96-4183-99bf-dea4a28a1967","properties":{"id":"UUID_49ce9165-bb96-4183-99bf-dea4a28a1967","height_m":3.404,"ground_m":195.723,"height_source":"LoD1 solid top minus bottom","production":"2023","laser":"2019","footprints":"2021"},"geometry":{"type":"Polygon","coordinates":[[[13.735491473699527,51.129569217519396],[13.73551752991174,51.12949953558477],[13.735517545426934,51.12949949078873],[13.735379131718583,51.129479019246],[13.73535315808911,51.129548809957015],[13.735491473699527,51.129569217519396]]]}},{"type":"Feature","id":"UUID_b6cc2085-a224-4343-8a80-06a9a1f7d09b","properties":{"id":"UUID_b6cc2085-a224-4343-8a80-06a9a1f7d09b","height_m":3.338,"ground_m":195.723,"height_source":"LoD1 solid top minus bottom","production":"2023","laser":"2019","footprints":"2021"},"geometry":{"type":"Polygon","coordinates":[[[13.735781822482558,51.12883342154694],[13.735802397302981,51.128767655084374],[13.735659571806245,51.12874657861578],[13.735635048094814,51.128812500197604],[13.735623589529387,51.12881081156029],[13.735623527224476,51.12881099973465],[13.735781509979136,51.12883439837963],[13.735781822482558,51.12883342154694]]]}},{"type":"Feature","id":"UUID_476fb56e-1a8a-457e-ae49-1725fe9e218d","properties":{"id":"UUID_476fb56e-1a8a-457e-ae49-1725fe9e218d","height_m":3.123,"ground_m":195.723,"height_source":"LoD1 solid top minus bottom","production":"2023","laser":"2019","footprints":"2021"},"geometry":{"type":"Polygon","coordinates":[[[13.735351878171324,51.129552240343116],[13.736069046191073,51.12965823115814],[13.736070388363224,51.129654612589334],[13.735491473699527,51.129569217519396],[13.73535315808911,51.129548809957015],[13.735351878171324,51.129552240343116]]]}},{"type":"Feature","id":"UUID_e2078109-0822-4aad-ac50-29ae0d224382","properties":{"id":"UUID_e2078109-0822-4aad-ac50-29ae0d224382","height_m":3.682,"ground_m":195.723,"height_source":"LoD1 solid top minus bottom","production":"2023","laser":"2019","footprints":"2021"},"geometry":{"type":"Polygon","coordinates":[[[13.735802397302981,51.128767655084374],[13.735803273979188,51.12876485881988],[13.735159885377993,51.1286669934723],[13.735157818860033,51.12867253764078],[13.735659571806245,51.12874657861578],[13.735802397302981,51.128767655084374]]]}},{"type":"Feature","id":"UUID_8e7a4b4b-df61-473a-a1db-8e378b0b239d","properties":{"id":"UUID_8e7a4b4b-df61-473a-a1db-8e378b0b239d","height_m":4.827,"ground_m":195.723,"height_source":"LoD1 solid top minus bottom","production":"2023","laser":"2019","footprints":"2021"},"geometry":{"type":"Polygon","coordinates":[[[13.735531457619985,51.12905760194996],[13.73482814672974,51.12895377209285],[13.734763986996414,51.12912600875999],[13.73546217160078,51.12922924398971],[13.735615858071043,51.12925196689854],[13.735678789983227,51.12908428482722],[13.73568054689692,51.12907960960066],[13.735531457619985,51.12905760194996]]]}},{"type":"Feature","id":"UUID_90548a27-05c5-41d7-b9f3-fe7aae92b383","properties":{"id":"UUID_90548a27-05c5-41d7-b9f3-fe7aae92b383","height_m":4.785,"ground_m":195.723,"height_source":"LoD1 solid top minus bottom","production":"2023","laser":"2019","footprints":"2021"},"geometry":{"type":"Polygon","coordinates":[[[13.735589265276028,51.12890276912664],[13.735623589529387,51.12881081156029],[13.73513713976362,51.12873895034532],[13.735102802034376,51.128830844678276],[13.735071917514896,51.12891351380775],[13.735558441913867,51.12898532213594],[13.735589265276028,51.12890276912664]]]}},{"type":"Feature","id":"UUID_f3b9b8a1-5562-4323-ba36-671846bf3018","properties":{"id":"UUID_f3b9b8a1-5562-4323-ba36-671846bf3018","height_m":4.713,"ground_m":195.723,"height_source":"LoD1 solid top minus bottom","production":"2023","laser":"2019","footprints":"2021"},"geometry":{"type":"Polygon","coordinates":[[[13.736432062745504,51.12886050351176],[13.736463578672712,51.12877607827256],[13.736497900359653,51.12868414740507],[13.736446374251772,51.12867648636383],[13.736271015149745,51.128650400841316],[13.735869766837105,51.12859075833055],[13.73573338848857,51.128571208474234],[13.735223808818905,51.128496004021436],[13.735190443995158,51.128585256039905],[13.735159885377993,51.1286669934723],[13.735803273979188,51.12876485881988],[13.736432062745504,51.12886050351176]]]}},{"type":"Feature","id":"UUID_53daac2d-d17a-49a8-ab10-751dad464303","properties":{"id":"UUID_53daac2d-d17a-49a8-ab10-751dad464303","height_m":3.371,"ground_m":195.723,"height_source":"LoD1 solid top minus bottom","production":"2023","laser":"2019","footprints":"2021"},"geometry":{"type":"Polygon","coordinates":[[[13.73568054689692,51.12907960960066],[13.735705916937706,51.129012006522764],[13.735556714548444,51.12898996170923],[13.735531457619985,51.12905760194996],[13.73568054689692,51.12907960960066]]]}},{"type":"Feature","id":"UUID_b79f9b1b-917a-4ef9-ac3e-e3abc5b926f3","properties":{"id":"UUID_b79f9b1b-917a-4ef9-ac3e-e3abc5b926f3","height_m":4.638,"ground_m":195.723,"height_source":"LoD1 solid top minus bottom","production":"2023","laser":"2019","footprints":"2021"},"geometry":{"type":"Polygon","coordinates":[[[13.736435846762538,51.12893131744648],[13.735781822482558,51.12883342154694],[13.735781509979136,51.12883439837963],[13.735623527224476,51.12881099973465],[13.735589682460141,51.128901622563845],[13.735584485112584,51.1289155770913],[13.735558441913867,51.12898532213594],[13.735556714548444,51.12898996170923],[13.735705916937706,51.129012006522764],[13.736369087504928,51.12911000167218],[13.73639682458755,51.12903575139704],[13.736402035747055,51.129021805976635],[13.736435846762538,51.12893131744648]]]}},{"type":"Feature","id":"UUID_8b1afb5a-2675-48fb-bf9b-ce69b4aa1465","properties":{"id":"UUID_8b1afb5a-2675-48fb-bf9b-ce69b4aa1465","height_m":7.243,"ground_m":195.723,"height_source":"LoD1 solid top minus bottom","production":"2023","laser":"2019","footprints":"2021"},"geometry":{"type":"Polygon","coordinates":[[[13.734858306906764,51.12966488644554],[13.736003604516293,51.12983410567724],[13.736069046191073,51.12965823115814],[13.734923853665528,51.129488977712946],[13.734858306906764,51.12966488644554]]]}},{"type":"Feature","id":"UUID_1f995861-d8f4-449e-8663-fc87d6e9e569","properties":{"id":"UUID_1f995861-d8f4-449e-8663-fc87d6e9e569","height_m":3.384,"ground_m":195.723,"height_source":"LoD1 solid top minus bottom","production":"2023","laser":"2019","footprints":"2021"},"geometry":{"type":"Polygon","coordinates":[[[13.73546217160078,51.12922924398971],[13.735433802916926,51.129305105914],[13.735433649238143,51.12930549993367],[13.735578565556102,51.129327003952525],[13.735605693504604,51.129254177125254],[13.735614547151236,51.12925548687997],[13.735615858071043,51.12925196689854],[13.73546217160078,51.12922924398971]]]}},{"type":"Feature","id":"UUID_fd8028bc-816d-4efd-88da-259c0c02d32e","properties":{"id":"UUID_fd8028bc-816d-4efd-88da-259c0c02d32e","height_m":4.856,"ground_m":195.723,"height_source":"LoD1 solid top minus bottom","production":"2023","laser":"2019","footprints":"2021"},"geometry":{"type":"Polygon","coordinates":[[[13.735379131718583,51.129479019246],[13.735517545426934,51.12949949078873],[13.73551752991174,51.12949953558477],[13.736187680933455,51.12959859641701],[13.736218918570072,51.12951497759132],[13.73625182134684,51.12942689835633],[13.735578396363396,51.12932744276844],[13.735578565556102,51.129327003952525],[13.735433649238143,51.12930549993367],[13.735433802916926,51.129305105914],[13.734735900529458,51.12920196350148],[13.734702913778836,51.129290401125274],[13.734671592304739,51.12937437836211],[13.735379178264546,51.129478884857924],[13.735379131718583,51.129479019246]]]}}]}