{"type":"FeatureCollection","features":[{"type":"Feature","id":"DESNATP150000QuU","properties":{"id":"DESNATP150000QuU","height_m":3.995,"ground_m":191.755,"height_source":"LoD1 solid top minus bottom","production":"2023","laser":"2019","footprints":"2023"},"geometry":{"type":"Polygon","coordinates":[[[13.764502943713907,51.163060098046586],[13.76462916627042,51.16314443378781],[13.764699805135741,51.163102644397604],[13.764573582802003,51.16301829974178],[13.764502943713907,51.163060098046586]]]}},{"type":"Feature","id":"UUID_dd4fb114-f926-4916-b03c-5260e71796e0","properties":{"id":"UUID_dd4fb114-f926-4916-b03c-5260e71796e0","height_m":4.516,"ground_m":190.854,"height_source":"LoD1 solid top minus bottom","production":"2023","laser":"2019","footprints":"2023"},"geometry":{"type":"Polygon","coordinates":[[[13.76764760167013,51.16218519912686],[13.767661407173348,51.1621834291368],[13.767646225289324,51.16213648920091],[13.76764543282712,51.162134025846775],[13.767631542030616,51.162135776950855],[13.76764760167013,51.16218519912686]]]}},{"type":"Feature","id":"UUID_38271fc8-94b3-4d4a-863a-02168e3e21bf","properties":{"id":"UUID_38271fc8-94b3-4d4a-863a-02168e3e21bf","height_m":6.029,"ground_m":190.854,"height_source":"LoD1 solid top minus bottom","production":"2023","laser":"2019","footprints":"2023"},"geometry":{"type":"Polygon","coordinates":[[[13.767631542030616,51.162135776950855],[13.767582077910719,51.16214200030076],[13.76753815284632,51.16214752660823],[13.76753536901433,51.162147874968326],[13.76757788933096,51.162281459790506],[13.767607579332731,51.162277725905355],[13.767625015629578,51.162275490583816],[13.767674856661335,51.16226908233988],[13.76764760167013,51.16218519912686],[13.767631542030616,51.162135776950855]]]}},{"type":"Feature","id":"DESNATPU1000E88T","properties":{"id":"DESNATPU1000E88T","height_m":4.803,"ground_m":191.395,"height_source":"LoD1 solid top minus bottom","production":"2023","laser":"2019","footprints":"2023"},"geometry":{"type":"Polygon","coordinates":[[[13.767673047767817,51.16212604351746],[13.767753025454802,51.162109862948725],[13.767909468776566,51.16207833694381],[13.767888676533648,51.162046571560694],[13.76787129218815,51.162020021862965],[13.767627021374677,51.16206015474048],[13.767640098162241,51.16209163204884],[13.767640192017572,51.16209186684769],[13.767656798723905,51.16212827336937],[13.767673047767817,51.16212604351746]]]}},{"type":"Feature","id":"UUID_52b2fcf6-19ad-4e75-bb8c-2fda3fadf4aa","properties":{"id":"UUID_52b2fcf6-19ad-4e75-bb8c-2fda3fadf4aa","height_m":3.669,"ground_m":189.331,"height_source":"LoD1 solid top minus bottom","production":"2023","laser":"2019","footprints":"2023"},"geometry":{"type":"Polygon","coordinates":[[[13.766505677504725,51.16247192650763],[13.766505187540249,51.162472065223696],[13.766475739818311,51.162480648445616],[13.766498926397663,51.16251109042685],[13.76652856720124,51.16250223945446],[13.766505677504725,51.16247192650763]]]}},{"type":"Feature","id":"UUID_c5a806a6-982a-4676-afda-5103ddbce5a1","properties":{"id":"UUID_c5a806a6-982a-4676-afda-5103ddbce5a1","height_m":7.89,"ground_m":189.331,"height_source":"LoD1 solid top minus bottom","production":"2023","laser":"2019","footprints":"2023"},"geometry":{"type":"Polygon","coordinates":[[[13.766505187540249,51.162472065223696],[13.766505677504725,51.16247192650763],[13.76652856720124,51.16250223945446],[13.766550406975979,51.16253116544298],[13.766599577040902,51.16251668413601],[13.766648040724505,51.162502411184626],[13.766561991782877,51.16238798906324],[13.76651364137768,51.16240230813693],[13.766502281628442,51.162405677505205],[13.76646418065544,51.16241696619624],[13.766505187540249,51.162472065223696]]]}},{"type":"Feature","id":"UUID_1be903b1-ce59-46cb-a83c-1f29e41bb52f","properties":{"id":"UUID_1be903b1-ce59-46cb-a83c-1f29e41bb52f","height_m":2.758,"ground_m":189.331,"height_source":"LoD1 solid top minus bottom","production":"2023","laser":"2019","footprints":"2023"},"geometry":{"type":"Polygon","coordinates":[[[13.766502281628442,51.162405677505205],[13.766561991782877,51.16238798906324],[13.766561977964606,51.16238797093215],[13.76654703988199,51.16236731906091],[13.766486971673608,51.16238449113578],[13.766502281628442,51.162405677505205]]]}},{"type":"Feature","id":"DESNATPU1000Iman","properties":{"id":"DESNATPU1000Iman","height_m":8.278,"ground_m":191.647,"height_source":"LoD1 solid top minus bottom","production":"2023","laser":"2019","footprints":"2023"},"geometry":{"type":"Polygon","coordinates":[[[13.767446534058312,51.163381734248674],[13.767667422534718,51.16329350528165],[13.767624110166837,51.1632497041829],[13.767402654686757,51.16333774723942],[13.767446534058312,51.163381734248674]]]}},{"type":"Feature","id":"DESNATPU1000Im9F","properties":{"id":"DESNATPU1000Im9F","height_m":2.795,"ground_m":189.605,"height_source":"LoD1 solid top minus bottom","production":"2023","laser":"2019","footprints":"2023"},"geometry":{"type":"Polygon","coordinates":[[[13.763824382341676,51.16355174425487],[13.76383922899867,51.163565084448],[13.763930130585306,51.16352508338462],[13.763915283914532,51.163511743202825],[13.763824382341676,51.16355174425487]]]}},{"type":"Feature","id":"DESNATPU1000GmnA","properties":{"id":"DESNATPU1000GmnA","height_m":6.372,"ground_m":197.683,"height_source":"LoD1 solid top minus bottom","production":"2023","laser":"2019","footprints":"2023"},"geometry":{"type":"Polygon","coordinates":[[[13.768180343867783,51.163614443613696],[13.768150666906557,51.16353121848066],[13.768097407397379,51.163538661057515],[13.768084600942233,51.16354049557828],[13.768071116546995,51.16350818670933],[13.767994678216251,51.16352080770434],[13.768041948433199,51.163634028943996],[13.768180343867783,51.163614443613696]]]}},{"type":"Feature","id":"DESNATP150000Qur","properties":{"id":"DESNATP150000Qur","height_m":4.042,"ground_m":186.881,"height_source":"LoD1 solid top minus bottom","production":"2023","laser":"2019","footprints":"2023"},"geometry":{"type":"Polygon","coordinates":[[[13.763082598767514,51.16536745828611],[13.762971833756005,51.16525908506393],[13.762919429351687,51.16527829677318],[13.76301272521935,51.16536708807189],[13.762995904330507,51.16537406836566],[13.76303102406736,51.16540537462181],[13.763096087572926,51.16537810438772],[13.763082598767514,51.16536745828611]]]}},{"type":"Feature","id":"DESNATPU1000JYD2","properties":{"id":"DESNATPU1000JYD2","height_m":2.653,"ground_m":190.58,"height_source":"LoD1 solid top minus bottom","production":"2023","laser":"2019","footprints":"2023"},"geometry":{"type":"Polygon","coordinates":[[[13.766658318026211,51.164224493873554],[13.766457553564598,51.164281368834075],[13.766489073991814,51.16432273488345],[13.766687437444721,51.16426418889039],[13.766658318026211,51.164224493873554]]]}},{"type":"Feature","id":"DESNATPU1000HObo","properties":{"id":"DESNATPU1000HObo","height_m":8.248,"ground_m":191.748,"height_source":"LoD1 solid top minus bottom","production":"2023","laser":"2019","footprints":"2023"},"geometry":{"type":"Polygon","coordinates":[[[13.76779921706211,51.16302781086274],[13.767842964078016,51.16325389830094],[13.767941836694296,51.16324684638119],[13.767899111621988,51.16301996040425],[13.76779921706211,51.16302781086274]]]}},{"type":"Feature","id":"DESNATPU1000Ejcr","properties":{"id":"DESNATPU1000Ejcr","height_m":2.439,"ground_m":191.34,"height_source":"LoD1 solid top minus bottom","production":"2023","laser":"2019","footprints":"2023"},"geometry":{"type":"Polygon","coordinates":[[[13.76753815284632,51.16214752660823],[13.76764543282712,51.162134025846775],[13.767646225289324,51.16213648920091],[13.767676419208238,51.16213262571744],[13.767673047767817,51.16212604351746],[13.767656798723905,51.16212827336937],[13.767640192017572,51.16209186684769],[13.767524913296903,51.162106596254624],[13.76753815284632,51.16214752660823]]]}},{"type":"Feature","id":"DESNATPU1000HLm5","properties":{"id":"DESNATPU1000HLm5","height_m":8.13,"ground_m":189.074,"height_source":"LoD1 solid top minus bottom","production":"2023","laser":"2019","footprints":"2023"},"geometry":{"type":"Polygon","coordinates":[[[13.765375155033462,51.16445825582642],[13.765471178103914,51.16452590515932],[13.765821694880076,51.16432906714192],[13.76572581467981,51.16426141960263],[13.76571768757922,51.16426583018834],[13.76559281079891,51.164336094197736],[13.765375155033462,51.16445825582642]]]}},{"type":"Feature","id":"DESNATPU1000Idoj","properties":{"id":"DESNATPU1000Idoj","height_m":4.855,"ground_m":196.08,"height_source":"LoD1 solid top minus bottom","production":"2023","laser":"2019","footprints":"2023"},"geometry":{"type":"Polygon","coordinates":[[[13.769316883216907,51.163607028053754],[13.769325813603093,51.16369709385934],[13.769477977020157,51.16369112290009],[13.769476961706197,51.163680905517985],[13.769469074217119,51.16360108437535],[13.769450490702662,51.16360180612477],[13.769350228077418,51.16360571524146],[13.769336540777886,51.163606254677184],[13.769316883216907,51.163607028053754]]]}},{"type":"Feature","id":"DESNATP150000Qua","properties":{"id":"DESNATP150000Qua","height_m":3.056,"ground_m":190.185,"height_source":"LoD1 solid top minus bottom","production":"2023","laser":"2019","footprints":"2023"},"geometry":{"type":"Polygon","coordinates":[[[13.764913398467,51.16315275908603],[13.764843396626093,51.163106984496146],[13.764779012935934,51.16314590841229],[13.764849014770693,51.16319168304038],[13.764913398467,51.16315275908603]]]}},{"type":"Feature","id":"DESNATPU1000GjFr","properties":{"id":"DESNATPU1000GjFr","height_m":6.844,"ground_m":187.262,"height_source":"LoD1 solid top minus bottom","production":"2023","laser":"2019","footprints":"2023"},"geometry":{"type":"Polygon","coordinates":[[[13.763787309174482,51.16514821156728],[13.763835397856223,51.1652117675412],[13.763988575440345,51.16516593184433],[13.763937674560607,51.16510323649213],[13.763787309174482,51.16514821156728]]]}},{"type":"Feature","id":"UUID_67afbd76-769f-41d3-9311-8cba263e32c4","properties":{"id":"UUID_67afbd76-769f-41d3-9311-8cba263e32c4","height_m":3.156,"ground_m":187.695,"height_source":"LoD1 solid top minus bottom","production":"2023","laser":"2019","footprints":"2023"},"geometry":{"type":"Polygon","coordinates":[[[13.765364357219934,51.16381328502943],[13.765394170930405,51.163836567051426],[13.765446988050593,51.163809831712534],[13.765417188628573,51.16378654985474],[13.765364357219934,51.16381328502943]]]}},{"type":"Feature","id":"UUID_ef960d9b-e3fb-477b-bdc6-8476b0509c31","properties":{"id":"UUID_ef960d9b-e3fb-477b-bdc6-8476b0509c31","height_m":6.564,"ground_m":187.695,"height_source":"LoD1 solid top minus bottom","production":"2023","laser":"2019","footprints":"2023"},"geometry":{"type":"Polygon","coordinates":[[[13.76530186247016,51.163908928083856],[13.765307476174138,51.16391294412511],[13.765344545735024,51.16389481047617],[13.765364587691051,51.16388500417006],[13.765309908457139,51.16384327644731],[13.765262111504722,51.16380680113929],[13.765242228417774,51.16381708571762],[13.765205696587968,51.16383597140426],[13.76527245178398,51.16388662150357],[13.76530186247016,51.163908928083856]]]}},{"type":"Feature","id":"UUID_303dd832-ba64-4a37-9a3d-2eb27636ab29","properties":{"id":"UUID_303dd832-ba64-4a37-9a3d-2eb27636ab29","height_m":3.468,"ground_m":187.695,"height_source":"LoD1 solid top minus bottom","production":"2023","laser":"2019","footprints":"2023"},"geometry":{"type":"Polygon","coordinates":[[[13.76545458724892,51.16377162104216],[13.765481290604377,51.16379247815782],[13.765503269918291,51.16378135236466],[13.765476580857436,51.16376049540486],[13.76545458724892,51.16377162104216]]]}},{"type":"Feature","id":"UUID_01f8ef8d-a3e7-4ad9-9481-ec053aaebfbb","properties":{"id":"UUID_01f8ef8d-a3e7-4ad9-9481-ec053aaebfbb","height_m":6.062,"ground_m":187.695,"height_source":"LoD1 solid top minus bottom","production":"2023","laser":"2019","footprints":"2023"},"geometry":{"type":"Polygon","coordinates":[[[13.765364587691051,51.16388500417006],[13.76539096248615,51.163872099277405],[13.765336007839299,51.1638299729814],[13.765309908457139,51.16384327644731],[13.765364587691051,51.16388500417006]]]}},{"type":"Feature","id":"UUID_9e0bc088-f77e-45c6-8923-b8b7e7c6bd97","properties":{"id":"UUID_9e0bc088-f77e-45c6-8923-b8b7e7c6bd97","height_m":3.781,"ground_m":187.695,"height_source":"LoD1 solid top minus bottom","production":"2023","laser":"2019","footprints":"2023"},"geometry":{"type":"Polygon","coordinates":[[[13.765364319096257,51.1638516744235],[13.76539096248615,51.163872099277405],[13.76554066096569,51.16379885108711],[13.765512302304263,51.16377678048706],[13.765503269918291,51.16378135236466],[13.765481290604377,51.16379247815782],[13.765446988050593,51.163809831712534],[13.765394170930405,51.163836567051426],[13.765364319096257,51.1638516744235]]]}},{"type":"Feature","id":"DESNATPU1000Gvit","properties":{"id":"DESNATPU1000Gvit","height_m":4.651,"ground_m":185.295,"height_source":"LoD1 solid top minus bottom","production":"2023","laser":"2019","footprints":"2023"},"geometry":{"type":"Polygon","coordinates":[[[13.762796802767413,51.16454468900085],[13.762817593445401,51.164575888728926],[13.76285491230739,51.164620662378546],[13.762971605772197,51.16458221180955],[13.76293456389783,51.16453777385624],[13.76285240096472,51.1645648451595],[13.762827235144057,51.164534660299495],[13.762796802767413,51.16454468900085]]]}},{"type":"Feature","id":"DESNATPU1000Byl8","properties":{"id":"DESNATPU1000Byl8","height_m":7.686,"ground_m":189.076,"height_source":"LoD1 solid top minus bottom","production":"2023","laser":"2019","footprints":"2023"},"geometry":{"type":"Polygon","coordinates":[[[13.765627588783696,51.16278465549926],[13.765741091110199,51.16285157184622],[13.765816642225413,51.16280090387667],[13.765703139911405,51.16273398760257],[13.765627588783696,51.16278465549926]]]}},{"type":"Feature","id":"DESNATPU1000HQRw","properties":{"id":"DESNATPU1000HQRw","height_m":10.459,"ground_m":196.886,"height_source":"LoD1 solid top minus bottom","production":"2023","laser":"2019","footprints":"2023"},"geometry":{"type":"Polygon","coordinates":[[[13.76958370623351,51.16393543338697],[13.769598904115478,51.164089907771455],[13.769775437660698,51.16408295177941],[13.769760239190472,51.16392847741367],[13.76958370623351,51.16393543338697]]]}},{"type":"Feature","id":"DESNATP1S20000Tp","properties":{"id":"DESNATP1S20000Tp","height_m":2.851,"ground_m":187.729,"height_source":"LoD1 solid top minus bottom","production":"2023","laser":"2019","footprints":"2023"},"geometry":{"type":"Polygon","coordinates":[[[13.763514787047761,51.16391847619604],[13.763434155600164,51.163860520207145],[13.763378879482788,51.16389091564771],[13.763459496614468,51.163948871523154],[13.763514787047761,51.16391847619604]]]}},{"type":"Feature","id":"DESNATPU1000D36l","properties":{"id":"DESNATPU1000D36l","height_m":2.947,"ground_m":195.972,"height_source":"LoD1 solid top minus bottom","production":"2023","laser":"2019","footprints":"2023"},"geometry":{"type":"Polygon","coordinates":[[[13.769477977020157,51.16369112290009],[13.76952832765379,51.16368926053148],[13.769519419490003,51.16359941979367],[13.769469074217119,51.16360108437535],[13.769477977020157,51.16369112290009]]]}},{"type":"Feature","id":"UUID_5a26e190-94ac-499a-94b2-30db3b71d2e4","properties":{"id":"UUID_5a26e190-94ac-499a-94b2-30db3b71d2e4","height_m":8.03,"ground_m":193.316,"height_source":"LoD1 solid top minus bottom","production":"2023","laser":"2019","footprints":"2023"},"geometry":{"type":"Polygon","coordinates":[[[13.768735657013268,51.16236450632571],[13.768762070933715,51.16228560373274],[13.768754527987573,51.16225037190503],[13.768662317195046,51.16224848395968],[13.768657872791634,51.162285415115996],[13.768639737756562,51.16233967494304],[13.768735657013268,51.16236450632571]]]}},{"type":"Feature","id":"UUID_0aaf8dbf-b9e0-4a25-b97b-78fc4cfd76b5","properties":{"id":"UUID_0aaf8dbf-b9e0-4a25-b97b-78fc4cfd76b5","height_m":9.998,"ground_m":193.316,"height_source":"LoD1 solid top minus bottom","production":"2023","laser":"2019","footprints":"2023"},"geometry":{"type":"Polygon","coordinates":[[[13.768743265453066,51.162163078206596],[13.768672109642138,51.16215840834459],[13.768663748405123,51.162236628674734],[13.768662317195046,51.16224848395968],[13.768754527987573,51.16225037190503],[13.768893994688499,51.16225323378155],[13.768865160954867,51.16217108781813],[13.768743265453066,51.162163078206596]]]}},{"type":"Feature","id":"UUID_0b125267-f72d-484b-9bbd-a47c1d0fc30e","properties":{"id":"UUID_0b125267-f72d-484b-9bbd-a47c1d0fc30e","height_m":9.821,"ground_m":193.316,"height_source":"LoD1 solid top minus bottom","production":"2023","laser":"2019","footprints":"2023"},"geometry":{"type":"Polygon","coordinates":[[[13.768604803479562,51.16242058310562],[13.768775546144722,51.16250197481687],[13.768848026877585,51.16244185723398],[13.768728789450632,51.1623850183016],[13.768604803479562,51.16242058310562]]]}},{"type":"Feature","id":"UUID_c4eadf2a-b946-4cb2-86f3-c1148c399270","properties":{"id":"UUID_c4eadf2a-b946-4cb2-86f3-c1148c399270","height_m":10.475,"ground_m":193.316,"height_source":"LoD1 solid top minus bottom","production":"2023","laser":"2019","footprints":"2023"},"geometry":{"type":"Polygon","coordinates":[[[13.768728789450632,51.1623850183016],[13.768735657013268,51.16236450632571],[13.768632422723359,51.16233778141068],[13.768604803479562,51.16242058310562],[13.768728789450632,51.1623850183016]]]}},{"type":"Feature","id":"DESNATPU1000GsuI","properties":{"id":"DESNATPU1000GsuI","height_m":2.351,"ground_m":186.327,"height_source":"LoD1 solid top minus bottom","production":"2023","laser":"2019","footprints":"2023"},"geometry":{"type":"Polygon","coordinates":[[[13.763570168048227,51.164278373608234],[13.763660371086353,51.1642458382955],[13.763650519317622,51.16423504185315],[13.763634095267598,51.16421703574348],[13.763533807053669,51.16425285467105],[13.763463193548212,51.16427807909004],[13.763479684236552,51.164296265781985],[13.763489631499256,51.164307234109366],[13.763523235437589,51.16429518842161],[13.763570168048227,51.164278373608234]]]}},{"type":"Feature","id":"DESNATPU1000JXH5","properties":{"id":"DESNATPU1000JXH5","height_m":4.246,"ground_m":189.253,"height_source":"LoD1 solid top minus bottom","production":"2023","laser":"2019","footprints":"2023"},"geometry":{"type":"Polygon","coordinates":[[[13.765483394048395,51.1642611993768],[13.765501599397352,51.1643185850276],[13.76559281079891,51.164336094197736],[13.76571768757922,51.16426583018834],[13.765621612370918,51.1641937111372],[13.765483394048395,51.1642611993768]]]}},{"type":"Feature","id":"DESNATPU1000E3K3","properties":{"id":"DESNATPU1000E3K3","height_m":8.824,"ground_m":195.376,"height_source":"LoD1 solid top minus bottom","production":"2023","laser":"2019","footprints":"2023"},"geometry":{"type":"Polygon","coordinates":[[[13.769809818273254,51.16286588327295],[13.769899005769158,51.16287878153561],[13.769910065596335,51.162850121242975],[13.769927542390153,51.16280066539449],[13.769936638222342,51.16277594122808],[13.76984744613023,51.16276322279867],[13.769809818273254,51.16286588327295]]]}},{"type":"Feature","id":"DESNATPU1000DTLk","properties":{"id":"DESNATPU1000DTLk","height_m":2.957,"ground_m":188.939,"height_source":"LoD1 solid top minus bottom","production":"2023","laser":"2019","footprints":"2023"},"geometry":{"type":"Polygon","coordinates":[[[13.763764818154144,51.16368799250077],[13.763808223824073,51.16370196726457],[13.763894173371584,51.163649800736316],[13.763851200275257,51.16363569568538],[13.763830106523605,51.16364845820582],[13.763764818154144,51.16368799250077]]]}},{"type":"Feature","id":"DESNATPU1000D6ru","properties":{"id":"DESNATPU1000D6ru","height_m":7.331,"ground_m":188.486,"height_source":"LoD1 solid top minus bottom","production":"2023","laser":"2019","footprints":"2023"},"geometry":{"type":"Polygon","coordinates":[[[13.764639577921228,51.163483864997616],[13.764595726427352,51.16351280795091],[13.764694883297933,51.163576534257864],[13.764742200201733,51.16354528976505],[13.764639577921228,51.163483864997616]]]}},{"type":"Feature","id":"DESNATPU1000HsIk","properties":{"id":"DESNATPU1000HsIk","height_m":7.036,"ground_m":196.022,"height_source":"LoD1 solid top minus bottom","production":"2023","laser":"2019","footprints":"2023"},"geometry":{"type":"Polygon","coordinates":[[[13.768733397724846,51.16320512817811],[13.768690219664226,51.1632217777478],[13.768647532736004,51.16323824362543],[13.768727152534963,51.16332096920724],[13.768770739816427,51.16330453076331],[13.768814832528417,51.16328790877683],[13.768811298699559,51.163284193570334],[13.768733397724846,51.16320512817811]]]}},{"type":"Feature","id":"DESNATPU1000E51Q","properties":{"id":"DESNATPU1000E51Q","height_m":6.688,"ground_m":192.408,"height_source":"LoD1 solid top minus bottom","production":"2023","laser":"2019","footprints":"2023"},"geometry":{"type":"Polygon","coordinates":[[[13.766861967683308,51.16371455232961],[13.76669160873982,51.16373295377093],[13.766612446284752,51.16374150742382],[13.76663328301343,51.16381771536758],[13.76692133202234,51.16378658911417],[13.76693359973126,51.16370680939961],[13.766861967683308,51.16371455232961]]]}},{"type":"Feature","id":"UUID_d11455b4-9e6e-4aee-914b-d62517d104ba","properties":{"id":"UUID_d11455b4-9e6e-4aee-914b-d62517d104ba","height_m":7.008,"ground_m":187.021,"height_source":"LoD1 solid top minus bottom","production":"2023","laser":"2019","footprints":"2023"},"geometry":{"type":"Polygon","coordinates":[[[13.762597750207314,51.163949973991315],[13.762435364880695,51.163982437230544],[13.762468671596706,51.16404830138813],[13.762634177672147,51.16401520565642],[13.762597750207314,51.163949973991315]]]}},{"type":"Feature","id":"UUID_bc219ea4-6b4e-4b91-8268-9addae911918","properties":{"id":"UUID_bc219ea4-6b4e-4b91-8268-9addae911918","height_m":4.527,"ground_m":187.021,"height_source":"LoD1 solid top minus bottom","production":"2023","laser":"2019","footprints":"2023"},"geometry":{"type":"Polygon","coordinates":[[[13.762597750207314,51.163949973991315],[13.762625838570973,51.16400027050437],[13.762646311863463,51.16399574793542],[13.762703918848018,51.16398303015064],[13.76269544276056,51.16396786873719],[13.76267663503886,51.1639341989835],[13.762597750207314,51.163949973991315]]]}},{"type":"Feature","id":"UUID_af31a2bc-fa5e-40a9-a1c5-7d07ff068b93","properties":{"id":"UUID_af31a2bc-fa5e-40a9-a1c5-7d07ff068b93","height_m":5.583,"ground_m":190.686,"height_source":"LoD1 solid top minus bottom","production":"2023","laser":"2019","footprints":"2023"},"geometry":{"type":"Polygon","coordinates":[[[13.768121910835005,51.162740718993184],[13.768097430775672,51.16272818614813],[13.76802335642005,51.162787405199474],[13.767957816095992,51.162839798716526],[13.768041311555512,51.162883807106525],[13.768186362780668,51.16277373548736],[13.768121910835005,51.162740718993184]]]}},{"type":"Feature","id":"UUID_2c9fd719-7134-4f8d-8619-fdb0427b1356","properties":{"id":"UUID_2c9fd719-7134-4f8d-8619-fdb0427b1356","height_m":5.761,"ground_m":190.686,"height_source":"LoD1 solid top minus bottom","production":"2023","laser":"2019","footprints":"2023"},"geometry":{"type":"Polygon","coordinates":[[[13.768186362780668,51.16277373548736],[13.768235700965313,51.1627362879337],[13.768170755073259,51.16270302346184],[13.768121910835005,51.162740718993184],[13.768186362780668,51.16277373548736]]]}},{"type":"Feature","id":"UUID_5ad09671-9a30-4be6-b2b0-8462804b6fd8","properties":{"id":"UUID_5ad09671-9a30-4be6-b2b0-8462804b6fd8","height_m":7.383,"ground_m":190.686,"height_source":"LoD1 solid top minus bottom","production":"2023","laser":"2019","footprints":"2023"},"geometry":{"type":"Polygon","coordinates":[[[13.768086749959037,51.16272271401324],[13.7680548345294,51.16270636188932],[13.767979165561854,51.16276477276107],[13.76802335642005,51.162787405199474],[13.768097430775672,51.16272818614813],[13.768086749959037,51.16272271401324]]]}},{"type":"Feature","id":"DESNATPU1000C2ea","properties":{"id":"DESNATPU1000C2ea","height_m":2.565,"ground_m":190.906,"height_source":"LoD1 solid top minus bottom","production":"2023","laser":"2019","footprints":"2023"},"geometry":{"type":"Polygon","coordinates":[[[13.767119486606322,51.162164526019836],[13.767136400792742,51.16219635857726],[13.767231727110298,51.162176329402],[13.767244283609239,51.16217366501344],[13.767227354579228,51.1621418503007],[13.767119486606322,51.162164526019836]]]}},{"type":"Feature","id":"DESNATP150000QuW","properties":{"id":"DESNATP150000QuW","height_m":6.643,"ground_m":189.903,"height_source":"LoD1 solid top minus bottom","production":"2023","laser":"2019","footprints":"2023"},"geometry":{"type":"Polygon","coordinates":[[[13.764985083495425,51.16295611742009],[13.765193948226726,51.16308475082055],[13.765286950297504,51.16302599414098],[13.765079119584456,51.1628972009612],[13.764985083495425,51.16295611742009]]]}},{"type":"Feature","id":"DESNATPU1000F5Xj","properties":{"id":"DESNATPU1000F5Xj","height_m":3.234,"ground_m":190.889,"height_source":"LoD1 solid top minus bottom","production":"2023","laser":"2019","footprints":"2023"},"geometry":{"type":"Polygon","coordinates":[[[13.768150679648903,51.16258258875887],[13.768146039745535,51.16262952670089],[13.768237438759574,51.162639904594194],[13.768250647674723,51.16259395615648],[13.768150679648903,51.16258258875887]]]}},{"type":"Feature","id":"DESNATPU1000GoRw","properties":{"id":"DESNATPU1000GoRw","height_m":6.538,"ground_m":196.154,"height_source":"LoD1 solid top minus bottom","production":"2023","laser":"2019","footprints":"2023"},"geometry":{"type":"Polygon","coordinates":[[[13.768755119122144,51.163350291997574],[13.768809506440054,51.163332708247566],[13.768812994920939,51.163337052464954],[13.768868897930775,51.163318405518744],[13.76883301971266,51.16327628381809],[13.768811298699559,51.163284193570334],[13.768814832528417,51.16328790877683],[13.768727152534963,51.16332096920724],[13.768755119122144,51.163350291997574]]]}},{"type":"Feature","id":"DESNATP150000QuS","properties":{"id":"DESNATP150000QuS","height_m":4.583,"ground_m":190.94,"height_source":"LoD1 solid top minus bottom","production":"2023","laser":"2019","footprints":"2023"},"geometry":{"type":"Polygon","coordinates":[[[13.76457855170833,51.16302128384182],[13.764680367782539,51.1630844717174],[13.764742612636706,51.1630447698814],[13.764819871332037,51.16299555042355],[13.764718211095921,51.16293241827046],[13.76457855170833,51.16302128384182]]]}},{"type":"Feature","id":"DESNATPU1000GckR","properties":{"id":"DESNATPU1000GckR","height_m":5.481,"ground_m":195.875,"height_source":"LoD1 solid top minus bottom","production":"2023","laser":"2019","footprints":"2023"},"geometry":{"type":"Polygon","coordinates":[[[13.768647532736004,51.16323824362543],[13.768733397724846,51.16320512817811],[13.768772975137093,51.163189420894426],[13.768716830263582,51.16313121372645],[13.76867597939495,51.16314694355616],[13.768643656764636,51.163114175651195],[13.768558700736005,51.16314753441227],[13.768647532736004,51.16323824362543]]]}},{"type":"Feature","id":"DESNATPU1000CqiE","properties":{"id":"DESNATPU1000CqiE","height_m":2.994,"ground_m":188.71,"height_source":"LoD1 solid top minus bottom","production":"2023","laser":"2019","footprints":"2023"},"geometry":{"type":"Polygon","coordinates":[[[13.766260193757923,51.16324141397366],[13.766235063417822,51.16322592427728],[13.766205644272267,51.16324252921383],[13.766229304356962,51.163258983611556],[13.766260193757923,51.16324141397366]]]}},{"type":"Feature","id":"DESNATPU1000Hd1B","properties":{"id":"DESNATPU1000Hd1B","height_m":5.216,"ground_m":191.141,"height_source":"LoD1 solid top minus bottom","production":"2023","laser":"2019","footprints":"2023"},"geometry":{"type":"Polygon","coordinates":[[[13.76693359973126,51.16370680939961],[13.766939849520302,51.16369770274075],[13.766941475766654,51.16365817003483],[13.766951224852034,51.16354465017141],[13.766875802072384,51.16354223637172],[13.766866617933252,51.16365655354223],[13.76686196792305,51.16371454333944],[13.76693359973126,51.16370680939961]]]}},{"type":"Feature","id":"DESNATP150000Quc","properties":{"id":"DESNATP150000Quc","height_m":3.234,"ground_m":190.633,"height_source":"LoD1 solid top minus bottom","production":"2023","laser":"2019","footprints":"2023"},"geometry":{"type":"Polygon","coordinates":[[[13.764745442651922,51.1630705368536],[13.76470300923658,51.16309620349793],[13.764779012935934,51.16314590841229],[13.764843396626093,51.163106984496146],[13.764807440059387,51.16308346659764],[13.764745442651922,51.1630705368536]]]}},{"type":"Feature","id":"DESNATPU1000Ip7w","properties":{"id":"DESNATPU1000Ip7w","height_m":7.577,"ground_m":186.849,"height_source":"LoD1 solid top minus bottom","production":"2023","laser":"2019","footprints":"2023"},"geometry":{"type":"Polygon","coordinates":[[[13.762813962819079,51.164089885264104],[13.762871067890211,51.16408149656572],[13.762926492819032,51.16407335985083],[13.762877319451112,51.163940845038496],[13.762876515378656,51.163940962431845],[13.76282192495361,51.163948919102744],[13.762777069416325,51.16395545895395],[13.762764891289144,51.16395731752474],[13.762813962819079,51.164089885264104]]]}},{"type":"Feature","id":"DESNATPU1000CEgM","properties":{"id":"DESNATPU1000CEgM","height_m":8.877,"ground_m":189.291,"height_source":"LoD1 solid top minus bottom","production":"2023","laser":"2019","footprints":"2023"},"geometry":{"type":"Polygon","coordinates":[[[13.765237285334885,51.163057366942084],[13.765193948226726,51.16308475082055],[13.765192244626478,51.16308588390045],[13.765337341535602,51.16317525619258],[13.765382171612774,51.16314659307243],[13.765431541595992,51.163115019257596],[13.765286950297504,51.16302599414098],[13.765237285334885,51.163057366942084]]]}},{"type":"Feature","id":"UUID_5190f831-c5b5-4451-80e3-e5430f802ebf","properties":{"id":"UUID_5190f831-c5b5-4451-80e3-e5430f802ebf","height_m":8.261,"ground_m":190.349,"height_source":"LoD1 solid top minus bottom","production":"2023","laser":"2019","footprints":"2023"},"geometry":{"type":"Polygon","coordinates":[[[13.766652670737951,51.163526772468686],[13.766522404189296,51.16353649580043],[13.766549134493028,51.163678070828375],[13.766594204628273,51.16367471520817],[13.766679415014844,51.163668374591026],[13.766652670737951,51.163526772468686]]]}},{"type":"Feature","id":"UUID_6f6c37d7-44f5-41a7-b806-3cf767e28a0a","properties":{"id":"UUID_6f6c37d7-44f5-41a7-b806-3cf767e28a0a","height_m":5.218,"ground_m":190.349,"height_source":"LoD1 solid top minus bottom","production":"2023","laser":"2019","footprints":"2023"},"geometry":{"type":"Polygon","coordinates":[[[13.76669160873982,51.16373295377093],[13.766679415014844,51.163668374591026],[13.766594204628273,51.16367471520817],[13.766612446284752,51.16374150742382],[13.76669160873982,51.16373295377093]]]}},{"type":"Feature","id":"DESNATPU1000J5Pz","properties":{"id":"DESNATPU1000J5Pz","height_m":5.872,"ground_m":189.576,"height_source":"LoD1 solid top minus bottom","production":"2023","laser":"2019","footprints":"2023"},"geometry":{"type":"Polygon","coordinates":[[[13.767058609891736,51.162864864629775],[13.766969794292097,51.162859503993246],[13.766977640535647,51.162965916282495],[13.766982161208695,51.163035063773215],[13.76704635675301,51.163043887855],[13.76705563055973,51.16294066858657],[13.767058609891736,51.162864864629775]]]}},{"type":"Feature","id":"UUID_c362cef6-0d06-4067-a17d-1b21a5c7e787","properties":{"id":"UUID_c362cef6-0d06-4067-a17d-1b21a5c7e787","height_m":2.549,"ground_m":186.043,"height_source":"LoD1 solid top minus bottom","production":"2023","laser":"2019","footprints":"2023"},"geometry":{"type":"Polygon","coordinates":[[[13.763218195693996,51.164993438298026],[13.763150562419996,51.165013604178895],[13.763183408415578,51.165057188349344],[13.763250810075833,51.1650371279128],[13.763218195693996,51.164993438298026]]]}},{"type":"Feature","id":"UUID_0b8d146e-d48e-4572-a88f-017d79fddc99","properties":{"id":"UUID_0b8d146e-d48e-4572-a88f-017d79fddc99","height_m":7.811,"ground_m":186.043,"height_source":"LoD1 solid top minus bottom","production":"2023","laser":"2019","footprints":"2023"},"geometry":{"type":"Polygon","coordinates":[[[13.763218195693996,51.164993438298026],[13.763250810075833,51.1650371279128],[13.763250766939434,51.165037136449385],[13.763260654911827,51.16505032536215],[13.763308907070073,51.16503607852844],[13.763356611522562,51.16502198775275],[13.763265393572855,51.16489989178217],[13.763217815021788,51.16491409176409],[13.76316970282411,51.16492845694504],[13.763218657097674,51.16499329929367],[13.763218195693996,51.164993438298026]]]}},{"type":"Feature","id":"DESNATPU1000EUOv","properties":{"id":"DESNATPU1000EUOv","height_m":3.656,"ground_m":190.349,"height_source":"LoD1 solid top minus bottom","production":"2023","laser":"2019","footprints":"2023"},"geometry":{"type":"Polygon","coordinates":[[[13.765888739762165,51.163985210636106],[13.765848784141475,51.16391856689361],[13.765743935929205,51.16394902491614],[13.765740734139465,51.16394466564654],[13.765730991444297,51.163947449493705],[13.765779501252673,51.16401617991603],[13.765888739762165,51.163985210636106]]]}},{"type":"Feature","id":"UUID_b6ec8ca9-097e-4330-9241-c3769465ac27","properties":{"id":"UUID_b6ec8ca9-097e-4330-9241-c3769465ac27","height_m":7.189,"ground_m":193.795,"height_source":"LoD1 solid top minus bottom","production":"2023","laser":"2019","footprints":"2023"},"geometry":{"type":"Polygon","coordinates":[[[13.767564204343843,51.1635065337041],[13.767636920202209,51.16357402561177],[13.76774535709108,51.163530114670586],[13.76784783704358,51.163488613867884],[13.767834747533582,51.16347638081332],[13.767770192171932,51.163416088214994],[13.767564204343843,51.1635065337041]]]}},{"type":"Feature","id":"UUID_a1e931e2-329a-4f9f-a92f-03f9816fb06a","properties":{"id":"UUID_a1e931e2-329a-4f9f-a92f-03f9816fb06a","height_m":8.155,"ground_m":193.795,"height_source":"LoD1 solid top minus bottom","production":"2023","laser":"2019","footprints":"2023"},"geometry":{"type":"Polygon","coordinates":[[[13.767834747533582,51.16347638081332],[13.767849501766685,51.163470151427546],[13.76778402675973,51.16341002001028],[13.767770192171932,51.163416088214994],[13.767834747533582,51.16347638081332]]]}},{"type":"Feature","id":"UUID_4b356b1d-52e2-4ea6-95b8-e6f1edf618b8","properties":{"id":"UUID_4b356b1d-52e2-4ea6-95b8-e6f1edf618b8","height_m":4.628,"ground_m":193.795,"height_source":"LoD1 solid top minus bottom","production":"2023","laser":"2019","footprints":"2023"},"geometry":{"type":"Polygon","coordinates":[[[13.76774535709108,51.163530114670586],[13.767750513269538,51.16353520489688],[13.767852470258955,51.16349293420214],[13.76784783704358,51.163488613867884],[13.76774535709108,51.163530114670586]]]}},{"type":"Feature","id":"DESNATPU1000JdRr","properties":{"id":"DESNATPU1000JdRr","height_m":7.667,"ground_m":191.188,"height_source":"LoD1 solid top minus bottom","production":"2023","laser":"2019","footprints":"2023"},"geometry":{"type":"Polygon","coordinates":[[[13.76617450253946,51.16393369365303],[13.766124711794603,51.16395583000834],[13.766160610044125,51.163988015831386],[13.766198184326347,51.16402171210866],[13.76644609131117,51.163912727537166],[13.766421504260773,51.16389079585512],[13.766408175933211,51.16387894680775],[13.766395099225898,51.16386731623707],[13.766372196840237,51.16384657136134],[13.76617450253946,51.16393369365303]]]}},{"type":"Feature","id":"DESNATP150000Qup","properties":{"id":"DESNATP150000Qup","height_m":2.401,"ground_m":185.94,"height_source":"LoD1 solid top minus bottom","production":"2023","laser":"2019","footprints":"2023"},"geometry":{"type":"Polygon","coordinates":[[[13.762065846305756,51.16418020612049],[13.762027790348771,51.16413789740086],[13.76197092733978,51.16415913880806],[13.762008391491998,51.16420164811444],[13.762065846305756,51.16418020612049]]]}},{"type":"Feature","id":"DESNATPU1000Bq76","properties":{"id":"DESNATPU1000Bq76","height_m":5.591,"ground_m":193.119,"height_source":"LoD1 solid top minus bottom","production":"2023","laser":"2019","footprints":"2023"},"geometry":{"type":"Polygon","coordinates":[[[13.76941346304674,51.16313635069683],[13.769437575016545,51.16308480648319],[13.769354745401847,51.163069456810334],[13.769331059898391,51.16312109542129],[13.76941346304674,51.16313635069683]]]}},{"type":"Feature","id":"DESNATPU1000Ee8W","properties":{"id":"DESNATPU1000Ee8W","height_m":2.166,"ground_m":189.092,"height_source":"LoD1 solid top minus bottom","production":"2023","laser":"2019","footprints":"2023"},"geometry":{"type":"Polygon","coordinates":[[[13.763421071520384,51.16369034806026],[13.763375379689778,51.163715871864845],[13.763405193315258,51.16373697816581],[13.763406124257617,51.16373746462051],[13.763451423675662,51.163711639896675],[13.763450885150666,51.1637114543497],[13.763421071520384,51.16369034806026]]]}},{"type":"Feature","id":"UUID_c0c3e89b-9338-45d9-a5b8-6a18cf95fb20","properties":{"id":"UUID_c0c3e89b-9338-45d9-a5b8-6a18cf95fb20","height_m":3.537,"ground_m":186.572,"height_source":"LoD1 solid top minus bottom","production":"2023","laser":"2019","footprints":"2023"},"geometry":{"type":"Polygon","coordinates":[[[13.76348663298891,51.16519864783709],[13.763465676720072,51.165168264818114],[13.763395829273932,51.16518885706823],[13.763415876412367,51.16521793554119],[13.76348663298891,51.16519864783709]]]}},{"type":"Feature","id":"UUID_6d3cfb5d-71ad-4ce2-8f7b-aafecbc93849","properties":{"id":"UUID_6d3cfb5d-71ad-4ce2-8f7b-aafecbc93849","height_m":6.418,"ground_m":186.572,"height_source":"LoD1 solid top minus bottom","production":"2023","laser":"2019","footprints":"2023"},"geometry":{"type":"Polygon","coordinates":[[[13.763356611522562,51.16502198775275],[13.763260654911827,51.16505032536215],[13.763369793286461,51.165196531349316],[13.763395829273932,51.16518885706823],[13.763465676720072,51.165168264818114],[13.763356611522562,51.16502198775275]]]}},{"type":"Feature","id":"DESNATPU1000GvM8","properties":{"id":"DESNATPU1000GvM8","height_m":5.607,"ground_m":193.494,"height_source":"LoD1 solid top minus bottom","production":"2023","laser":"2019","footprints":"2023"},"geometry":{"type":"Polygon","coordinates":[[[13.768569632914197,51.162380923769014],[13.768587337999941,51.162329923773086],[13.768610265901302,51.16233306979249],[13.768650591646498,51.162214035420845],[13.7685667837397,51.16220648953041],[13.768509855234328,51.16237271357348],[13.768569632914197,51.162380923769014]]]}},{"type":"Feature","id":"DESNATPU1000H3Uc","properties":{"id":"DESNATPU1000H3Uc","height_m":6.464,"ground_m":187.413,"height_source":"LoD1 solid top minus bottom","production":"2023","laser":"2019","footprints":"2023"},"geometry":{"type":"Polygon","coordinates":[[[13.764722480276674,51.16375827124259],[13.764523904085697,51.163880974513695],[13.764622183179588,51.16394385528409],[13.764688215293267,51.16390377082145],[13.76473199624058,51.163876409802775],[13.764789216893828,51.163840647638764],[13.764759743118587,51.16382178446266],[13.764791299907913,51.163802288830276],[13.764722480276674,51.16375827124259]]]}},{"type":"Feature","id":"UUID_3de7b6c3-6eeb-40f0-867d-6a80bef6a6b4","properties":{"id":"UUID_3de7b6c3-6eeb-40f0-867d-6a80bef6a6b4","height_m":2.974,"ground_m":185.776,"height_source":"LoD1 solid top minus bottom","production":"2023","laser":"2019","footprints":"2023"},"geometry":{"type":"Polygon","coordinates":[[[13.762405074069928,51.16434202227051],[13.76245684353769,51.16431978252969],[13.762421753155714,51.164287424256656],[13.762386118418892,51.16425456561496],[13.7623342474586,51.16427685820681],[13.762405074069928,51.16434202227051]]]}},{"type":"Feature","id":"UUID_000ac85f-e17e-4ef9-bbed-e12dffee1096","properties":{"id":"UUID_000ac85f-e17e-4ef9-bbed-e12dffee1096","height_m":4.074,"ground_m":185.776,"height_source":"LoD1 solid top minus bottom","production":"2023","laser":"2019","footprints":"2023"},"geometry":{"type":"Polygon","coordinates":[[[13.762421753155714,51.164287424256656],[13.76245684353769,51.16431978252969],[13.762517077133781,51.164293909339385],[13.762504130601322,51.16428172216152],[13.762473927132003,51.164294424030224],[13.762452382356138,51.164274313241854],[13.762421753155714,51.164287424256656]]]}},{"type":"Feature","id":"UUID_de83e66b-32cf-4246-806d-7d6c1eeec789","properties":{"id":"UUID_de83e66b-32cf-4246-806d-7d6c1eeec789","height_m":5.436,"ground_m":196.394,"height_source":"LoD1 solid top minus bottom","production":"2023","laser":"2019","footprints":"2023"},"geometry":{"type":"Polygon","coordinates":[[[13.770000750236393,51.1625701432924],[13.769935793240899,51.16256037758404],[13.769946135602755,51.1625968617754],[13.769991054008795,51.16259701040339],[13.770000750236393,51.1625701432924]]]}},{"type":"Feature","id":"UUID_cf390985-3f56-4792-95bf-8465b1021f1a","properties":{"id":"UUID_cf390985-3f56-4792-95bf-8465b1021f1a","height_m":6.596,"ground_m":196.394,"height_source":"LoD1 solid top minus bottom","production":"2023","laser":"2019","footprints":"2023"},"geometry":{"type":"Polygon","coordinates":[[[13.76999784893169,51.162609320907684],[13.769987163741408,51.16260776971347],[13.76996520863112,51.1626685902001],[13.769975539016242,51.16267003874555],[13.76999784893169,51.162609320907684]]]}},{"type":"Feature","id":"UUID_0ada6d40-7298-4d2c-8dfb-a0d1e2e0b807","properties":{"id":"UUID_0ada6d40-7298-4d2c-8dfb-a0d1e2e0b807","height_m":6.901,"ground_m":196.394,"height_source":"LoD1 solid top minus bottom","production":"2023","laser":"2019","footprints":"2023"},"geometry":{"type":"Polygon","coordinates":[[[13.769804544304094,51.16259640683866],[13.769853881724973,51.16259656602535],[13.769946135602755,51.1625968617754],[13.769935793240899,51.16256037758404],[13.769922326637802,51.162512844491125],[13.769784181029923,51.162528567642745],[13.769804544304094,51.16259640683866]]]}},{"type":"Feature","id":"UUID_3bfac2ed-c853-4d38-b25d-915b3add9f9c","properties":{"id":"UUID_3bfac2ed-c853-4d38-b25d-915b3add9f9c","height_m":7.789,"ground_m":196.394,"height_source":"LoD1 solid top minus bottom","production":"2023","laser":"2019","footprints":"2023"},"geometry":{"type":"Polygon","coordinates":[[[13.769886013002683,51.162657514672254],[13.76984744613023,51.16276322279867],[13.769936638222342,51.16277594122808],[13.769975539016242,51.16267003874555],[13.769886013002683,51.162657514672254]]]}},{"type":"Feature","id":"UUID_57c19423-4c1c-416c-a5b6-4aa15e5c247a","properties":{"id":"UUID_57c19423-4c1c-416c-a5b6-4aa15e5c247a","height_m":7.365,"ground_m":196.394,"height_source":"LoD1 solid top minus bottom","production":"2023","laser":"2019","footprints":"2023"},"geometry":{"type":"Polygon","coordinates":[[[13.769833861880038,51.16265022168263],[13.769886013002683,51.162657514672254],[13.76996520863112,51.1626685902001],[13.769987163741408,51.16260776971347],[13.769991054008795,51.16259701040339],[13.769853881724973,51.16259656602535],[13.769833861880038,51.16265022168263]]]}},{"type":"Feature","id":"UUID_fcd393e6-0707-4609-8fb2-0936f0be6c40","properties":{"id":"UUID_fcd393e6-0707-4609-8fb2-0936f0be6c40","height_m":8.821,"ground_m":185.966,"height_source":"LoD1 solid top minus bottom","production":"2023","laser":"2019","footprints":"2023"},"geometry":{"type":"Polygon","coordinates":[[[13.762601392832126,51.16425853381272],[13.76258805806503,51.16424642347124],[13.762504130601322,51.16428172216152],[13.762517077133781,51.164293909339385],[13.762601392832126,51.16425853381272]]]}},{"type":"Feature","id":"UUID_19f43707-9575-4380-a18a-5d9c07f99e06","properties":{"id":"UUID_19f43707-9575-4380-a18a-5d9c07f99e06","height_m":7.658,"ground_m":185.966,"height_source":"LoD1 solid top minus bottom","production":"2023","laser":"2019","footprints":"2023"},"geometry":{"type":"Polygon","coordinates":[[[13.762529273095023,51.16419305043535],[13.762417009309473,51.16424129550982],[13.762452382356138,51.164274313241854],[13.762473927132003,51.164294424030224],[13.762504130601322,51.16428172216152],[13.76258805806503,51.16424642347124],[13.762529273095023,51.16419305043535]]]}},{"type":"Feature","id":"UUID_a8d5dac1-91cc-4036-85bc-c25397746ad8","properties":{"id":"UUID_a8d5dac1-91cc-4036-85bc-c25397746ad8","height_m":5.089,"ground_m":185.966,"height_source":"LoD1 solid top minus bottom","production":"2023","laser":"2019","footprints":"2023"},"geometry":{"type":"Polygon","coordinates":[[[13.762417009309473,51.16424129550982],[13.762386118418892,51.16425456561496],[13.762421753155714,51.164287424256656],[13.762452382356138,51.164274313241854],[13.762417009309473,51.16424129550982]]]}},{"type":"Feature","id":"UUID_2e6353e0-9882-4a9f-98a4-1ebe172e4528","properties":{"id":"UUID_2e6353e0-9882-4a9f-98a4-1ebe172e4528","height_m":3.408,"ground_m":195.128,"height_source":"LoD1 solid top minus bottom","production":"2023","laser":"2019","footprints":"2023"},"geometry":{"type":"Polygon","coordinates":[[[13.769674202966126,51.162850967840434],[13.769684551082172,51.16286626533899],[13.769728315875724,51.1628544146783],[13.76971496769243,51.16284006583141],[13.769674202966126,51.162850967840434]]]}},{"type":"Feature","id":"UUID_5466c594-755c-47ef-ba60-eca588d25ee2","properties":{"id":"UUID_5466c594-755c-47ef-ba60-eca588d25ee2","height_m":2.829,"ground_m":195.128,"height_source":"LoD1 solid top minus bottom","production":"2023","laser":"2019","footprints":"2023"},"geometry":{"type":"Polygon","coordinates":[[[13.769796184217869,51.16289991209515],[13.769776119886266,51.16286921585117],[13.769759000237814,51.16284610443396],[13.769728315875724,51.1628544146783],[13.769684551082172,51.16286626533899],[13.769699797473857,51.162888826494935],[13.7696862497028,51.162892730704144],[13.769708863711507,51.16292435305069],[13.769796184217869,51.16289991209515]]]}},{"type":"Feature","id":"DESNATPU1000I6ep","properties":{"id":"DESNATPU1000I6ep","height_m":3.042,"ground_m":189.873,"height_source":"LoD1 solid top minus bottom","production":"2023","laser":"2019","footprints":"2023"},"geometry":{"type":"Polygon","coordinates":[[[13.763975807497754,51.16348511694303],[13.764020437299402,51.16351268352982],[13.76409170842732,51.16346707929221],[13.764062625793425,51.163449119339425],[13.764055536070304,51.163450033621785],[13.763975807497754,51.16348511694303]]]}},{"type":"Feature","id":"DESNATPU1000FKAK","properties":{"id":"DESNATPU1000FKAK","height_m":3.061,"ground_m":198.092,"height_source":"LoD1 solid top minus bottom","production":"2023","laser":"2019","footprints":"2023"},"geometry":{"type":"Polygon","coordinates":[[[13.769368360812205,51.16249871716335],[13.769372624742788,51.16252766452979],[13.76943899516647,51.162523542723534],[13.769434064680642,51.16249223226235],[13.769425756112442,51.162492738368094],[13.76942612452331,51.16249501739454],[13.769368360812205,51.16249871716335]]]}},{"type":"Feature","id":"DESNATPU1000BVuS","properties":{"id":"DESNATPU1000BVuS","height_m":7.164,"ground_m":189.298,"height_source":"LoD1 solid top minus bottom","production":"2023","laser":"2019","footprints":"2023"},"geometry":{"type":"Polygon","coordinates":[[[13.765703139911405,51.16273398760257],[13.765501693257287,51.162625891771235],[13.765437150053161,51.16266922977665],[13.765627588783696,51.16278465549926],[13.765703139911405,51.16273398760257]]]}},{"type":"Feature","id":"DESNATPU1000G7Uy","properties":{"id":"DESNATPU1000G7Uy","height_m":6.506,"ground_m":189.526,"height_source":"LoD1 solid top minus bottom","production":"2023","laser":"2019","footprints":"2023"},"geometry":{"type":"Polygon","coordinates":[[[13.76519708736476,51.16286060513953],[13.765341506725662,51.16294050996763],[13.765427777837104,51.16287885842155],[13.765283358275935,51.16279896268959],[13.76519708736476,51.16286060513953]]]}},{"type":"Feature","id":"UUID_88b74fa4-640c-4c5d-b3b7-5858c2d5324a","properties":{"id":"UUID_88b74fa4-640c-4c5d-b3b7-5858c2d5324a","height_m":7.651,"ground_m":194.527,"height_source":"LoD1 solid top minus bottom","production":"2023","laser":"2019","footprints":"2023"},"geometry":{"type":"Polygon","coordinates":[[[13.769360977826123,51.163381820476346],[13.769360151013517,51.163398915870715],[13.769468855619582,51.163401300514266],[13.769469856362438,51.16338411702216],[13.769360977826123,51.163381820476346]]]}},{"type":"Feature","id":"UUID_d1b7189a-9f58-4eb9-b104-33dffd05253b","properties":{"id":"UUID_d1b7189a-9f58-4eb9-b104-33dffd05253b","height_m":9.808,"ground_m":194.527,"height_source":"LoD1 solid top minus bottom","production":"2023","laser":"2019","footprints":"2023"},"geometry":{"type":"Polygon","coordinates":[[[13.769469074217119,51.16360108437535],[13.769479104301634,51.16340152523768],[13.769360151013517,51.163398915870715],[13.769350228077418,51.16360571524146],[13.769469074217119,51.16360108437535]]]}},{"type":"Feature","id":"DESNATPU1000IiN8","properties":{"id":"DESNATPU1000IiN8","height_m":9.122,"ground_m":189.939,"height_source":"LoD1 solid top minus bottom","production":"2023","laser":"2019","footprints":"2023"},"geometry":{"type":"Polygon","coordinates":[[[13.766652670737951,51.163526772468686],[13.76663174233925,51.16341593270721],[13.76650149039742,51.16342565616871],[13.766522404189296,51.16353649580043],[13.766652670737951,51.163526772468686]]]}},{"type":"Feature","id":"DESNATPU1000GSMi","properties":{"id":"DESNATPU1000GSMi","height_m":2.216,"ground_m":195.144,"height_source":"LoD1 solid top minus bottom","production":"2023","laser":"2019","footprints":"2023"},"geometry":{"type":"Polygon","coordinates":[[[13.768032819125265,51.1633104837413],[13.768036472194805,51.16332904715781],[13.768093939484718,51.163324706440285],[13.768090000429611,51.163306140013624],[13.768032819125265,51.1633104837413]]]}},{"type":"Feature","id":"UUID_d8a0b615-61bf-4126-8300-629e343152eb","properties":{"id":"UUID_d8a0b615-61bf-4126-8300-629e343152eb","height_m":3.296,"ground_m":190.462,"height_source":"LoD1 solid top minus bottom","production":"2023","laser":"2019","footprints":"2023"},"geometry":{"type":"Polygon","coordinates":[[[13.766382373484719,51.162259360801144],[13.766441920851548,51.16224240810449],[13.766404185214174,51.16219228953306],[13.766344888635686,51.16220895708938],[13.766382373484719,51.162259360801144]]]}},{"type":"Feature","id":"UUID_a009f44a-7c05-465d-8f87-52b58b9db255","properties":{"id":"UUID_a009f44a-7c05-465d-8f87-52b58b9db255","height_m":7.916,"ground_m":190.462,"height_source":"LoD1 solid top minus bottom","production":"2023","laser":"2019","footprints":"2023"},"geometry":{"type":"Polygon","coordinates":[[[13.766138654183807,51.16226693385506],[13.766404185214174,51.16219228953306],[13.766351757752075,51.16211819435215],[13.766085750921967,51.16219299540388],[13.766138654183807,51.16226693385506]]]}},{"type":"Feature","id":"UUID_c4b6908e-4896-4b15-ba84-52a6be14d178","properties":{"id":"UUID_c4b6908e-4896-4b15-ba84-52a6be14d178","height_m":4.167,"ground_m":190.462,"height_source":"LoD1 solid top minus bottom","production":"2023","laser":"2019","footprints":"2023"},"geometry":{"type":"Polygon","coordinates":[[[13.765991051300807,51.162281167890136],[13.766122191640491,51.16224392774697],[13.766085750921967,51.16219299540388],[13.765954577401637,51.16222987544829],[13.765991051300807,51.162281167890136]]]}},{"type":"Feature","id":"DESNATP150000RG0","properties":{"id":"DESNATP150000RG0","height_m":2.685,"ground_m":189.822,"height_source":"LoD1 solid top minus bottom","production":"2023","laser":"2019","footprints":"2023"},"geometry":{"type":"Polygon","coordinates":[[[13.767216722778146,51.16289850918769],[13.767233401697045,51.162940788752934],[13.76730454437085,51.16292560348655],[13.767343350396839,51.162917919028274],[13.767323238424272,51.16287726694693],[13.767216722778146,51.16289850918769]]]}},{"type":"Feature","id":"DESNATPU1000GAVY","properties":{"id":"DESNATPU1000GAVY","height_m":3.912,"ground_m":193.416,"height_source":"LoD1 solid top minus bottom","production":"2023","laser":"2019","footprints":"2023"},"geometry":{"type":"Polygon","coordinates":[[[13.769233271787702,51.163042279745554],[13.769203309927002,51.1631056506973],[13.769316320568684,51.16312677659597],[13.769346282289199,51.16306340561454],[13.769233271787702,51.163042279745554]]]}},{"type":"Feature","id":"DESNATP150000RFz","properties":{"id":"DESNATP150000RFz","height_m":6.084,"ground_m":189.872,"height_source":"LoD1 solid top minus bottom","production":"2023","laser":"2019","footprints":"2023"},"geometry":{"type":"Polygon","coordinates":[[[13.767337583171484,51.162992092910784],[13.76730454437085,51.16292560348655],[13.767089908225676,51.16297140720988],[13.767115509873719,51.16303306117144],[13.767337583171484,51.162992092910784]]]}},{"type":"Feature","id":"DESNATPU1000Cp8F","properties":{"id":"DESNATPU1000Cp8F","height_m":8.107,"ground_m":198.992,"height_source":"LoD1 solid top minus bottom","production":"2023","laser":"2019","footprints":"2023"},"geometry":{"type":"Polygon","coordinates":[[[13.769784181029923,51.162528567642745],[13.769922326637802,51.162512844491125],[13.769910551100452,51.16247217261705],[13.769899011900648,51.162432294583596],[13.769875056721496,51.16243496527647],[13.769774214977797,51.16244622467752],[13.769597203846896,51.162465990205455],[13.769608809499367,51.1625060488222],[13.76962065148456,51.16254690128014],[13.769741863243953,51.16253334730415],[13.769784181029923,51.162528567642745]]]}},{"type":"Feature","id":"DESNATPU1000HWH7","properties":{"id":"DESNATPU1000HWH7","height_m":5.463,"ground_m":186.383,"height_source":"LoD1 solid top minus bottom","production":"2023","laser":"2019","footprints":"2023"},"geometry":{"type":"Polygon","coordinates":[[[13.76346817982633,51.16445798562767],[13.76358600930174,51.16440322472299],[13.76354346848648,51.16436704707554],[13.763425639054365,51.164421807938],[13.76346817982633,51.16445798562767]]]}},{"type":"Feature","id":"UUID_63d30cf4-77a3-4703-8f41-cc9012c09db3","properties":{"id":"UUID_63d30cf4-77a3-4703-8f41-cc9012c09db3","height_m":8.756,"ground_m":191.476,"height_source":"LoD1 solid top minus bottom","production":"2023","laser":"2019","footprints":"2023"},"geometry":{"type":"Polygon","coordinates":[[[13.767340304274738,51.163423330073776],[13.767296553568432,51.16337988394213],[13.767242274171961,51.16340144289707],[13.767186260249952,51.163423684975236],[13.767340619577872,51.163577827806385],[13.76742392311018,51.163661258557156],[13.767432164169577,51.16365792817702],[13.767480040970623,51.16363834300889],[13.767534395701855,51.16361611028588],[13.767474611434896,51.163557117780876],[13.767340304274738,51.163423330073776]]]}},{"type":"Feature","id":"UUID_810caff4-63e5-455c-b686-8bb88b46eee1","properties":{"id":"UUID_810caff4-63e5-455c-b686-8bb88b46eee1","height_m":4.408,"ground_m":191.476,"height_source":"LoD1 solid top minus bottom","production":"2023","laser":"2019","footprints":"2023"},"geometry":{"type":"Polygon","coordinates":[[[13.767296553568432,51.16337988394213],[13.767340304274738,51.163423330073776],[13.767446534058312,51.163381734248674],[13.767402654686757,51.16333774723942],[13.767296553568432,51.16337988394213]]]}},{"type":"Feature","id":"DESNATPU1000CDRv","properties":{"id":"DESNATPU1000CDRv","height_m":6.277,"ground_m":186.402,"height_source":"LoD1 solid top minus bottom","production":"2023","laser":"2019","footprints":"2023"},"geometry":{"type":"Polygon","coordinates":[[[13.764484070401368,51.16453890865266],[13.764447784866327,51.1645126803779],[13.764331702463588,51.16456845879207],[13.764279105787072,51.16459919770561],[13.764312026085841,51.16462450919756],[13.76434861864307,51.16465262922223],[13.76452415881234,51.164567874890736],[13.764484070401368,51.16453890865266]]]}},{"type":"Feature","id":"DESNATPU1000Dxe6","properties":{"id":"DESNATPU1000Dxe6","height_m":4.98,"ground_m":190.448,"height_source":"LoD1 solid top minus bottom","production":"2023","laser":"2019","footprints":"2023"},"geometry":{"type":"Polygon","coordinates":[[[13.76590900926213,51.164219288387756],[13.765997458271267,51.164318871353366],[13.766324862609105,51.16420550993819],[13.766623831387177,51.16410182965884],[13.766536217745983,51.16400306531817],[13.766252440212329,51.164100251017246],[13.76590900926213,51.164219288387756]]]}},{"type":"Feature","id":"UUID_432f7ad6-d216-40c5-8c6b-abb7184081f8","properties":{"id":"UUID_432f7ad6-d216-40c5-8c6b-abb7184081f8","height_m":6.543,"ground_m":186.323,"height_source":"LoD1 solid top minus bottom","production":"2023","laser":"2019","footprints":"2023"},"geometry":{"type":"Polygon","coordinates":[[[13.763402801699309,51.16452542309219],[13.76348060924205,51.164495940283295],[13.76332014524528,51.1643281668223],[13.763316082387782,51.164323924279635],[13.763255651148638,51.164343833635684],[13.763234973459461,51.164350647286525],[13.763402801699309,51.16452542309219]]]}},{"type":"Feature","id":"UUID_04d50678-d0fc-42b3-8086-7135770688d6","properties":{"id":"UUID_04d50678-d0fc-42b3-8086-7135770688d6","height_m":6.362,"ground_m":186.323,"height_source":"LoD1 solid top minus bottom","production":"2023","laser":"2019","footprints":"2023"},"geometry":{"type":"Polygon","coordinates":[[[13.763411892087497,51.1642935347403],[13.763367555931747,51.164246951488316],[13.763309261739973,51.164268780923436],[13.763275455296256,51.164281444904475],[13.76332014524528,51.1643281668223],[13.763411892087497,51.1642935347403]]]}},{"type":"Feature","id":"UUID_1bb3fc0a-bb4b-4864-b16e-0a1d9348f8fa","properties":{"id":"UUID_1bb3fc0a-bb4b-4864-b16e-0a1d9348f8fa","height_m":4.964,"ground_m":186.323,"height_source":"LoD1 solid top minus bottom","production":"2023","laser":"2019","footprints":"2023"},"geometry":{"type":"Polygon","coordinates":[[[13.763195693358284,51.16427919868118],[13.763217796881305,51.164303029220996],[13.763309261739973,51.164268780923436],[13.763287415669202,51.164245483691744],[13.763195693358284,51.16427919868118]]]}},{"type":"Feature","id":"UUID_e533f9ca-cf79-4710-9474-3bcd3030a313","properties":{"id":"UUID_e533f9ca-cf79-4710-9474-3bcd3030a313","height_m":6.448,"ground_m":186.323,"height_source":"LoD1 solid top minus bottom","production":"2023","laser":"2019","footprints":"2023"},"geometry":{"type":"Polygon","coordinates":[[[13.763255651148638,51.164343833635684],[13.763316082387782,51.164323924279635],[13.763275455296256,51.164281444904475],[13.763217796881305,51.164303029220996],[13.763255651148638,51.164343833635684]]]}},{"type":"Feature","id":"DESNATP1S20000UJ","properties":{"id":"DESNATP1S20000UJ","height_m":2.363,"ground_m":189.284,"height_source":"LoD1 solid top minus bottom","production":"2023","laser":"2019","footprints":"2023"},"geometry":{"type":"Polygon","coordinates":[[[13.765644888473803,51.16259573074123],[13.76558266768283,51.16256386047097],[13.765525483403094,51.16260798661039],[13.765587704212972,51.16263985691098],[13.765644888473803,51.16259573074123]]]}},{"type":"Feature","id":"DESNATP1S20000Ty","properties":{"id":"DESNATP1S20000Ty","height_m":4.518,"ground_m":191.405,"height_source":"LoD1 solid top minus bottom","production":"2023","laser":"2019","footprints":"2023"},"geometry":{"type":"Polygon","coordinates":[[[13.764564772102517,51.16327100025359],[13.764620571310173,51.1633167958666],[13.764709516576781,51.16327395882532],[13.764653717331253,51.16322816325415],[13.764564772102517,51.16327100025359]]]}},{"type":"Feature","id":"DESNATPU1000DA5s","properties":{"id":"DESNATPU1000DA5s","height_m":4.062,"ground_m":186.213,"height_source":"LoD1 solid top minus bottom","production":"2023","laser":"2019","footprints":"2023"},"geometry":{"type":"Polygon","coordinates":[[[13.764221534387419,51.16459130539593],[13.764249828758565,51.16461363641527],[13.764279105787072,51.16459919770561],[13.764331702463588,51.16456845879207],[13.76430677004901,51.16454877118947],[13.764221534387419,51.16459130539593]]]}},{"type":"Feature","id":"DESNATGMqh00009l","properties":{"id":"DESNATGMqh00009l","height_m":6.656,"ground_m":196.856,"height_source":"LoD1 solid top minus bottom","production":"2023","laser":"2019","footprints":"2023"},"geometry":{"type":"Polygon","coordinates":[[[13.7686092442583,51.16347247778714],[13.768569301286224,51.16342563701569],[13.768477668811395,51.16345887147283],[13.768519608495021,51.16350162363889],[13.7686092442583,51.16347247778714]]]}},{"type":"Feature","id":"DESNATPU1000Hhtw","properties":{"id":"DESNATPU1000Hhtw","height_m":6.966,"ground_m":196.024,"height_source":"LoD1 solid top minus bottom","production":"2023","laser":"2019","footprints":"2023"},"geometry":{"type":"Polygon","coordinates":[[[13.769324307802284,51.162794409910255],[13.769405421720268,51.16280434594304],[13.769433582666867,51.162702755046844],[13.76942345503911,51.16270174922845],[13.76938253473337,51.16269700221939],[13.769353591224405,51.16269364018477],[13.769324307802284,51.162794409910255]]]}},{"type":"Feature","id":"DESNATPU1000En41","properties":{"id":"DESNATPU1000En41","height_m":7.629,"ground_m":188.933,"height_source":"LoD1 solid top minus bottom","production":"2023","laser":"2019","footprints":"2023"},"geometry":{"type":"Polygon","coordinates":[[[13.764867568309588,51.16320546691809],[13.765072950654474,51.163335997182415],[13.765136041401032,51.16329675370403],[13.76493065904851,51.16316622354962],[13.764867568309588,51.16320546691809]]]}},{"type":"Feature","id":"DESNATPU1000Ex5Q","properties":{"id":"DESNATPU1000Ex5Q","height_m":7.233,"ground_m":190.267,"height_source":"LoD1 solid top minus bottom","production":"2023","laser":"2019","footprints":"2023"},"geometry":{"type":"Polygon","coordinates":[[[13.7671351068013,51.16219661471892],[13.767223344050079,51.16236203905046],[13.767321673300318,51.162341501889365],[13.767231727110298,51.162176329402],[13.767136400792742,51.16219635857726],[13.7671351068013,51.16219661471892]]]}},{"type":"Feature","id":"DESNATPU1000GuC6","properties":{"id":"DESNATPU1000GuC6","height_m":2.694,"ground_m":195.024,"height_source":"LoD1 solid top minus bottom","production":"2023","laser":"2019","footprints":"2023"},"geometry":{"type":"Polygon","coordinates":[[[13.767903170727065,51.16334052061194],[13.767913053563749,51.1633931240355],[13.767997489010039,51.16338685523156],[13.767987606078394,51.163334251814426],[13.767903170727065,51.16334052061194]]]}},{"type":"Feature","id":"DESNATPU1000INR9","properties":{"id":"DESNATPU1000INR9","height_m":3.944,"ground_m":192.318,"height_source":"LoD1 solid top minus bottom","production":"2023","laser":"2019","footprints":"2023"},"geometry":{"type":"Polygon","coordinates":[[[13.76715812931213,51.16190704989605],[13.767097419267836,51.161920969155766],[13.767146663435462,51.16200238647068],[13.76720641562499,51.1619884570897],[13.76715812931213,51.16190704989605]]]}},{"type":"Feature","id":"DESNATPU1000I7rR","properties":{"id":"DESNATPU1000I7rR","height_m":8.061,"ground_m":188.382,"height_source":"LoD1 solid top minus bottom","production":"2023","laser":"2019","footprints":"2023"},"geometry":{"type":"Polygon","coordinates":[[[13.765516731858698,51.16338477289012],[13.765317423801806,51.16347503314108],[13.765405702069243,51.16354876978003],[13.765601737257876,51.16345682018436],[13.765516731858698,51.16338477289012]]]}},{"type":"Feature","id":"DESNATPU1000D2OF","properties":{"id":"DESNATPU1000D2OF","height_m":2.123,"ground_m":188.051,"height_source":"LoD1 solid top minus bottom","production":"2023","laser":"2019","footprints":"2023"},"geometry":{"type":"Polygon","coordinates":[[[13.7654607960453,51.16360495309273],[13.765415529688958,51.163570123239154],[13.765338232884396,51.16361004424231],[13.765383358638553,51.16364478271467],[13.7654607960453,51.16360495309273]]]}},{"type":"Feature","id":"DESNATGMqh00009n","properties":{"id":"DESNATGMqh00009n","height_m":5.327,"ground_m":187.695,"height_source":"LoD1 solid top minus bottom","production":"2023","laser":"2019","footprints":"2023"},"geometry":{"type":"Polygon","coordinates":[[[13.765205696587968,51.16383597140426],[13.765130499753532,51.16387863922472],[13.765193511380648,51.16392808079686],[13.76527245178398,51.16388662150357],[13.765205696587968,51.16383597140426]]]}},{"type":"Feature","id":"DESNATGMqh00009X","properties":{"id":"DESNATGMqh00009X","height_m":2.778,"ground_m":187.834,"height_source":"LoD1 solid top minus bottom","production":"2023","laser":"2019","footprints":"2023"},"geometry":{"type":"Polygon","coordinates":[[[13.762939765624026,51.16542165749278],[13.762916704267884,51.165399399489516],[13.76287727218619,51.1654170127873],[13.762904757409085,51.165438040624274],[13.762939765624026,51.16542165749278]]]}},{"type":"Feature","id":"DESNATPU1000DOsz","properties":{"id":"DESNATPU1000DOsz","height_m":7.478,"ground_m":192.822,"height_source":"LoD1 solid top minus bottom","production":"2023","laser":"2019","footprints":"2023"},"geometry":{"type":"Polygon","coordinates":[[[13.767842964078016,51.16325389830094],[13.767855968069528,51.16332408833935],[13.768032819125265,51.1633104837413],[13.768090000429611,51.163306140013624],[13.768076545588313,51.16323675459594],[13.767941836694296,51.16324684638119],[13.767842964078016,51.16325389830094]]]}},{"type":"Feature","id":"UUID_7096ad33-9db9-4135-9ada-2da851719da8","properties":{"id":"UUID_7096ad33-9db9-4135-9ada-2da851719da8","height_m":4.004,"ground_m":191.287,"height_source":"LoD1 solid top minus bottom","production":"2023","laser":"2019","footprints":"2023"},"geometry":{"type":"Polygon","coordinates":[[[13.766809431267253,51.16196741100744],[13.766820117116179,51.16198555401746],[13.766868082594803,51.16197438719491],[13.766857382431771,51.161956244038386],[13.766809431267253,51.16196741100744]]]}},{"type":"Feature","id":"UUID_d035cead-b1e2-4154-9f5f-0ab1f14f57c3","properties":{"id":"UUID_d035cead-b1e2-4154-9f5f-0ab1f14f57c3","height_m":8.271,"ground_m":191.287,"height_source":"LoD1 solid top minus bottom","production":"2023","laser":"2019","footprints":"2023"},"geometry":{"type":"Polygon","coordinates":[[[13.767146663435462,51.16200238647068],[13.767122089215164,51.16196175925477],[13.767097419267836,51.161920969155766],[13.766868082594803,51.16197438719491],[13.766820117116179,51.16198555401746],[13.766705275877117,51.16201230146607],[13.76672946890381,51.162053266473556],[13.766753566204011,51.16209406859785],[13.76706433065645,51.16202160830824],[13.767146663435462,51.16200238647068]]]}},{"type":"Feature","id":"DESNATPU1000Danm","properties":{"id":"DESNATPU1000Danm","height_m":3.109,"ground_m":191.602,"height_source":"LoD1 solid top minus bottom","production":"2023","laser":"2019","footprints":"2023"},"geometry":{"type":"Polygon","coordinates":[[[13.763866687784935,51.16242445369563],[13.763929324349487,51.16247817253153],[13.764002880185195,51.16244441788226],[13.763940245982537,51.162390609183646],[13.763866687784935,51.16242445369563]]]}},{"type":"Feature","id":"DESNATPU1000JK6R","properties":{"id":"DESNATPU1000JK6R","height_m":7.76,"ground_m":196.058,"height_source":"LoD1 solid top minus bottom","production":"2023","laser":"2019","footprints":"2023"},"geometry":{"type":"Polygon","coordinates":[[[13.768543397128868,51.163386003295],[13.768429117046946,51.16326807497095],[13.768330159586416,51.163305161991545],[13.76836483050879,51.16334050863309],[13.768341013475563,51.163348710971924],[13.76837833404521,51.163386603462556],[13.768401307568196,51.163377852673136],[13.768477668811395,51.16345887147283],[13.768569301286224,51.16342563701569],[13.76856917643314,51.163425491818224],[13.768559345947677,51.16341385969554],[13.768561123536491,51.163413167987635],[13.768560998204647,51.163413040770486],[13.768537041294158,51.16338836440544],[13.768543397128868,51.163386003295]]]}},{"type":"Feature","id":"DESNATGMqh00009r","properties":{"id":"DESNATGMqh00009r","height_m":2.375,"ground_m":188.083,"height_source":"LoD1 solid top minus bottom","production":"2023","laser":"2019","footprints":"2023"},"geometry":{"type":"Polygon","coordinates":[[[13.76318819478804,51.16384622019675],[13.763183621240781,51.16384021867395],[13.763148140162112,51.16385828750388],[13.763196888256244,51.16389764240764],[13.763244079745602,51.163873276601045],[13.763257676088811,51.16386598340435],[13.763213105947454,51.1638345862716],[13.76318819478804,51.16384622019675]]]}},{"type":"Feature","id":"DESNATPU1000Ghoq","properties":{"id":"DESNATPU1000Ghoq","height_m":2.791,"ground_m":193.822,"height_source":"LoD1 solid top minus bottom","production":"2023","laser":"2019","footprints":"2023"},"geometry":{"type":"Polygon","coordinates":[[[13.767432164169577,51.16365792817702],[13.76746172402518,51.163686476709955],[13.767563943614492,51.16364510830168],[13.767534395701855,51.16361611028588],[13.767432164169577,51.16365792817702]]]}},{"type":"Feature","id":"DESNATPU1000HatT","properties":{"id":"DESNATPU1000HatT","height_m":7.09,"ground_m":197.508,"height_source":"LoD1 solid top minus bottom","production":"2023","laser":"2019","footprints":"2023"},"geometry":{"type":"Polygon","coordinates":[[[13.769430387165848,51.16392568210315],[13.769428185914041,51.1639030603207],[13.769170901544008,51.16391325776422],[13.769170672529537,51.16391111509465],[13.769078153226792,51.163914781724706],[13.769080311710049,51.16393900376268],[13.76908243926593,51.163962775840645],[13.76943275767763,51.163950005284114],[13.769430387165848,51.16392568210315]]]}},{"type":"Feature","id":"DESNATPU1000HcFT","properties":{"id":"DESNATPU1000HcFT","height_m":2.807,"ground_m":191.208,"height_source":"LoD1 solid top minus bottom","production":"2023","laser":"2019","footprints":"2023"},"geometry":{"type":"Polygon","coordinates":[[[13.764079630006833,51.1634400635184],[13.764017615584965,51.163394049095665],[13.763988902881607,51.16340933901656],[13.764055536070304,51.163450033621785],[13.764062625793425,51.163449119339425],[13.764079630006833,51.1634400635184]]]}},{"type":"Feature","id":"DESNATPU1000H1Aw","properties":{"id":"DESNATPU1000H1Aw","height_m":2.761,"ground_m":192.616,"height_source":"LoD1 solid top minus bottom","production":"2023","laser":"2019","footprints":"2023"},"geometry":{"type":"Polygon","coordinates":[[[13.768644779902681,51.16289152848183],[13.768639320146907,51.162921470617675],[13.768685375431078,51.162924590309295],[13.768694423616935,51.162859785317956],[13.768648949522316,51.16285740015587],[13.768644779902681,51.16289152848183]]]}},{"type":"Feature","id":"UUID_4e11d916-cf36-46f3-9b4d-29b2555c297d","properties":{"id":"UUID_4e11d916-cf36-46f3-9b4d-29b2555c297d","height_m":4.061,"ground_m":189.605,"height_source":"LoD1 solid top minus bottom","production":"2023","laser":"2019","footprints":"2023"},"geometry":{"type":"Polygon","coordinates":[[[13.763674473049486,51.16354453940505],[13.7636895012107,51.163558043404294],[13.763710688991267,51.16357707107003],[13.763729138995123,51.163593650761136],[13.7638202576083,51.163553562149694],[13.763765591852144,51.16350444184536],[13.763674473049486,51.16354453940505]]]}},{"type":"Feature","id":"UUID_f0c7fb54-580d-45dc-a1b8-3c85bab3801e","properties":{"id":"UUID_f0c7fb54-580d-45dc-a1b8-3c85bab3801e","height_m":2.568,"ground_m":189.605,"height_source":"LoD1 solid top minus bottom","production":"2023","laser":"2019","footprints":"2023"},"geometry":{"type":"Polygon","coordinates":[[[13.76383922899867,51.163565084448],[13.763824382341676,51.16355174425487],[13.763729138995123,51.163593650761136],[13.763743985637674,51.16360699096619],[13.76383922899867,51.163565084448]]]}},{"type":"Feature","id":"UUID_c577b236-ff69-4f4e-b63e-0a3911b8ba68","properties":{"id":"UUID_c577b236-ff69-4f4e-b63e-0a3911b8ba68","height_m":3.399,"ground_m":189.605,"height_source":"LoD1 solid top minus bottom","production":"2023","laser":"2019","footprints":"2023"},"geometry":{"type":"Polygon","coordinates":[[[13.763904572868675,51.163422341569124],[13.7639005067905,51.163418755478546],[13.763870534067722,51.163391829349486],[13.763775638335733,51.163433586691234],[13.763809619430525,51.16346411631391],[13.763904572868675,51.163422341569124]]]}},{"type":"Feature","id":"UUID_050bea6b-4f3c-49f9-b3d3-09d02638fee2","properties":{"id":"UUID_050bea6b-4f3c-49f9-b3d3-09d02638fee2","height_m":6.541,"ground_m":189.605,"height_source":"LoD1 solid top minus bottom","production":"2023","laser":"2019","footprints":"2023"},"geometry":{"type":"Polygon","coordinates":[[[13.76396084222087,51.16339220817236],[13.7639005067905,51.163418755478546],[13.763975807497754,51.16348511694303],[13.764055536070304,51.163450033621785],[13.76396084222087,51.16339220817236]]]}},{"type":"Feature","id":"UUID_7d88f58d-8578-4666-9a5a-37a5708f0fc4","properties":{"id":"UUID_7d88f58d-8578-4666-9a5a-37a5708f0fc4","height_m":6.503,"ground_m":189.605,"height_source":"LoD1 solid top minus bottom","production":"2023","laser":"2019","footprints":"2023"},"geometry":{"type":"Polygon","coordinates":[[[13.763824382341676,51.16355174425487],[13.763915283914532,51.163511743202825],[13.763975807497754,51.16348511694303],[13.763904572868675,51.163422341569124],[13.763809619430525,51.16346411631391],[13.7637499351693,51.163490373665894],[13.763765591852144,51.16350444184536],[13.7638202576083,51.163553562149694],[13.763824382341676,51.16355174425487]]]}},{"type":"Feature","id":"DESNATPU1000Ccl5","properties":{"id":"DESNATPU1000Ccl5","height_m":3.051,"ground_m":186.357,"height_source":"LoD1 solid top minus bottom","production":"2023","laser":"2019","footprints":"2023"},"geometry":{"type":"Polygon","coordinates":[[[13.763128323161038,51.16510177615509],[13.76314579174899,51.1651251170506],[13.76316326035442,51.165148457943545],[13.763303129012748,51.16510719458193],[13.763295493313093,51.16509696110313],[13.763285744460413,51.165083917547456],[13.763268359925421,51.16506064051042],[13.763128323161038,51.16510177615509]]]}},{"type":"Feature","id":"DESNATP1S20000To","properties":{"id":"DESNATP1S20000To","height_m":2.716,"ground_m":189.184,"height_source":"LoD1 solid top minus bottom","production":"2023","laser":"2019","footprints":"2023"},"geometry":{"type":"Polygon","coordinates":[[[13.765584433622887,51.164622575828496],[13.765514681790915,51.16465465401283],[13.765567518373505,51.16470008515693],[13.765637284776984,51.16466799810228],[13.765584433622887,51.164622575828496]]]}},{"type":"Feature","id":"UUID_ae763e9d-833b-44b9-80a8-96c7ea9ae571","properties":{"id":"UUID_ae763e9d-833b-44b9-80a8-96c7ea9ae571","height_m":9.947,"ground_m":195.767,"height_source":"LoD1 solid top minus bottom","production":"2023","laser":"2019","footprints":"2023"},"geometry":{"type":"Polygon","coordinates":[[[13.769484316221389,51.162713873180195],[13.769453603478766,51.162713577050184],[13.769452376070292,51.16273820410614],[13.769474385376244,51.16273879535982],[13.769484316221389,51.162713873180195]]]}},{"type":"Feature","id":"UUID_dc376755-0614-4d13-8c78-a22287924a43","properties":{"id":"UUID_dc376755-0614-4d13-8c78-a22287924a43","height_m":9.066,"ground_m":195.767,"height_source":"LoD1 solid top minus bottom","production":"2023","laser":"2019","footprints":"2023"},"geometry":{"type":"Polygon","coordinates":[[[13.769560168756733,51.16271298950619],[13.769558310021484,51.16271296995313],[13.769558266963815,51.162714588184265],[13.769484316221389,51.162713873180195],[13.769474385376244,51.16273879535982],[13.769446187181774,51.16280954094906],[13.769519558117798,51.16282130189217],[13.769590878312714,51.162832735465386],[13.769633170571835,51.16271389231976],[13.769560168756733,51.16271298950619]]]}},{"type":"Feature","id":"DESNATPU1000EhWb","properties":{"id":"DESNATPU1000EhWb","height_m":7.542,"ground_m":186.247,"height_source":"LoD1 solid top minus bottom","production":"2023","laser":"2019","footprints":"2023"},"geometry":{"type":"Polygon","coordinates":[[[13.764056827274713,51.164460699884884],[13.764221534387419,51.16459130539593],[13.76430677004901,51.16454877118947],[13.764140921368742,51.16441806380947],[13.764056827274713,51.164460699884884]]]}},{"type":"Feature","id":"DESNATGMqh00009j","properties":{"id":"DESNATGMqh00009j","height_m":3.38,"ground_m":187.344,"height_source":"LoD1 solid top minus bottom","production":"2023","laser":"2019","footprints":"2023"},"geometry":{"type":"Polygon","coordinates":[[[13.764775106413277,51.16396357259658],[13.764821504459023,51.163937291326974],[13.76473199624058,51.163876409802775],[13.764688215293267,51.16390377082145],[13.764775106413277,51.16396357259658]]]}},{"type":"Feature","id":"DESNATPU1000Gv3G","properties":{"id":"DESNATPU1000Gv3G","height_m":6.171,"ground_m":185.538,"height_source":"LoD1 solid top minus bottom","production":"2023","laser":"2019","footprints":"2023"},"geometry":{"type":"Polygon","coordinates":[[[13.762034470626157,51.164289045337895],[13.761931951392535,51.16417042576035],[13.761842740109977,51.16420113573309],[13.761945990950252,51.164319133644085],[13.762034470626157,51.164289045337895]]]}},{"type":"Feature","id":"DESNATPU1000Eouw","properties":{"id":"DESNATPU1000Eouw","height_m":6.236,"ground_m":186.973,"height_source":"LoD1 solid top minus bottom","production":"2023","laser":"2019","footprints":"2023"},"geometry":{"type":"Polygon","coordinates":[[[13.762805201394869,51.16532128770088],[13.762840937116756,51.16534827504632],[13.762912712405434,51.16531070733101],[13.762876976669927,51.165283720007224],[13.762805201394869,51.16532128770088]]]}},{"type":"Feature","id":"DESNATP1S20000Tw","properties":{"id":"DESNATP1S20000Tw","height_m":2.513,"ground_m":189.403,"height_source":"LoD1 solid top minus bottom","production":"2023","laser":"2019","footprints":"2023"},"geometry":{"type":"Polygon","coordinates":[[[13.76683601866618,51.16299659912183],[13.766904839860352,51.1629869560986],[13.766878090917585,51.16291148621344],[13.7668092698307,51.16292112922177],[13.76683601866618,51.16299659912183]]]}},{"type":"Feature","id":"UUID_c4d48c27-178c-4868-9bff-d6fcedff9213","properties":{"id":"UUID_c4d48c27-178c-4868-9bff-d6fcedff9213","height_m":4.724,"ground_m":191.247,"height_source":"LoD1 solid top minus bottom","production":"2023","laser":"2019","footprints":"2023"},"geometry":{"type":"Polygon","coordinates":[[[13.76262283666203,51.16375862308369],[13.762727483882358,51.163718633472115],[13.762691911825197,51.16368183678329],[13.762587278956724,51.163721826514895],[13.76262283666203,51.16375862308369]]]}},{"type":"Feature","id":"UUID_c7e361b3-c0c1-4fdd-ae7c-7ab42aa53b9c","properties":{"id":"UUID_c7e361b3-c0c1-4fdd-ae7c-7ab42aa53b9c","height_m":8.528,"ground_m":191.247,"height_source":"LoD1 solid top minus bottom","production":"2023","laser":"2019","footprints":"2023"},"geometry":{"type":"Polygon","coordinates":[[[13.762767480008488,51.16371944322601],[13.762795995608716,51.16374896210637],[13.76280530133553,51.16374540950234],[13.762810208143975,51.16373146877291],[13.762798725400584,51.16371909926977],[13.76277668468167,51.16371592552613],[13.762767480008488,51.16371944322601]]]}},{"type":"Feature","id":"UUID_a13ff339-223a-4482-9f6b-4a5bed8d0575","properties":{"id":"UUID_a13ff339-223a-4482-9f6b-4a5bed8d0575","height_m":8.355,"ground_m":191.247,"height_source":"LoD1 solid top minus bottom","production":"2023","laser":"2019","footprints":"2023"},"geometry":{"type":"Polygon","coordinates":[[[13.762727483882358,51.163718633472115],[13.76262283666203,51.16375862308369],[13.762597939277613,51.16376813475387],[13.76266613254029,51.16383869340184],[13.762824288486222,51.16377825380644],[13.762795995608716,51.16374896210637],[13.762767480008488,51.16371944322601],[13.762756123905154,51.16370768656125],[13.762727483882358,51.163718633472115]]]}},{"type":"Feature","id":"UUID_dae4825b-5e3d-476a-a17c-33696c1ac8de","properties":{"id":"UUID_dae4825b-5e3d-476a-a17c-33696c1ac8de","height_m":2.907,"ground_m":188.198,"height_source":"LoD1 solid top minus bottom","production":"2023","laser":"2019","footprints":"2023"},"geometry":{"type":"Polygon","coordinates":[[[13.763965077203162,51.16380415419054],[13.763925228145572,51.16382833709109],[13.763993365240799,51.16387271663783],[13.764033214301804,51.16384853371425],[13.763965077203162,51.16380415419054]]]}},{"type":"Feature","id":"UUID_f4f0e53d-4fc3-4887-a6ea-5ee4da69f7c6","properties":{"id":"UUID_f4f0e53d-4fc3-4887-a6ea-5ee4da69f7c6","height_m":4.796,"ground_m":188.198,"height_source":"LoD1 solid top minus bottom","production":"2023","laser":"2019","footprints":"2023"},"geometry":{"type":"Polygon","coordinates":[[[13.763808223824073,51.16370196726457],[13.763853165525813,51.16373124582164],[13.763939143194033,51.16367909754312],[13.763894173371584,51.163649800736316],[13.763808223824073,51.16370196726457]]]}},{"type":"Feature","id":"UUID_e8dce7d0-7053-4ca2-bdd9-511aa657fce9","properties":{"id":"UUID_e8dce7d0-7053-4ca2-bdd9-511aa657fce9","height_m":8.059,"ground_m":188.198,"height_source":"LoD1 solid top minus bottom","production":"2023","laser":"2019","footprints":"2023"},"geometry":{"type":"Polygon","coordinates":[[[13.763965077203162,51.16380415419054],[13.764033214301804,51.16384853371425],[13.764057084059061,51.163864082505256],[13.764149313804038,51.163808115293065],[13.763945423603223,51.16367528806121],[13.763939143194033,51.16367909754312],[13.763853165525813,51.16373124582164],[13.763965077203162,51.16380415419054]]]}},{"type":"Feature","id":"DESNATPU1000Ifve","properties":{"id":"DESNATPU1000Ifve","height_m":5.83,"ground_m":189.13,"height_source":"LoD1 solid top minus bottom","production":"2023","laser":"2019","footprints":"2023"},"geometry":{"type":"Polygon","coordinates":[[[13.764224192276304,51.16355582509193],[13.764093971408293,51.163475520363235],[13.764029577325626,51.163515325042674],[13.764159084727408,51.1635966384785],[13.764224192276304,51.16355582509193]]]}},{"type":"Feature","id":"UUID_9058aa38-247f-4e2a-8852-c46115292ffd","properties":{"id":"UUID_9058aa38-247f-4e2a-8852-c46115292ffd","height_m":6.541,"ground_m":186.783,"height_source":"LoD1 solid top minus bottom","production":"2023","laser":"2019","footprints":"2023"},"geometry":{"type":"Polygon","coordinates":[[[13.762904494123093,51.165269325978805],[13.762907975603856,51.16526750131289],[13.76289907414778,51.165260743585186],[13.762918654975607,51.165250573111706],[13.762876253328301,51.16521827254894],[13.76285324990384,51.16523020535374],[13.762904494123093,51.165269325978805]]]}},{"type":"Feature","id":"UUID_817a3c7e-1bad-40ce-b97f-9d3daf353691","properties":{"id":"UUID_817a3c7e-1bad-40ce-b97f-9d3daf353691","height_m":8.513,"ground_m":186.783,"height_source":"LoD1 solid top minus bottom","production":"2023","laser":"2019","footprints":"2023"},"geometry":{"type":"Polygon","coordinates":[[[13.762876976669927,51.165283720007224],[13.762904494123093,51.165269325978805],[13.76285324990384,51.16523020535374],[13.762827039067702,51.16521019816382],[13.762726818649156,51.16526208705875],[13.762805201394869,51.16532128770088],[13.762876976669927,51.165283720007224]]]}},{"type":"Feature","id":"DESNATPU1000BeG4","properties":{"id":"DESNATPU1000BeG4","height_m":6.684,"ground_m":191.076,"height_source":"LoD1 solid top minus bottom","production":"2023","laser":"2019","footprints":"2023"},"geometry":{"type":"Polygon","coordinates":[[[13.767765098827024,51.162146797227834],[13.76776303347894,51.162147018272165],[13.76768789311974,51.16215502149945],[13.76768374812434,51.16215546343468],[13.767713890296454,51.16226356739672],[13.767793446935837,51.162255682618024],[13.767765098827024,51.162146797227834]]]}},{"type":"Feature","id":"DESNATGMqh0000AC","properties":{"id":"DESNATGMqh0000AC","height_m":4.391,"ground_m":199.57,"height_source":"LoD1 solid top minus bottom","production":"2023","laser":"2019","footprints":"2023"},"geometry":{"type":"Polygon","coordinates":[[[13.769875056721496,51.16243496527647],[13.769868545713711,51.162396929665626],[13.769763819814234,51.16240796835421],[13.769774214977797,51.16244622467752],[13.769875056721496,51.16243496527647]]]}},{"type":"Feature","id":"UUID_dd8bcb2e-56f4-4508-b10d-984992d1bb64","properties":{"id":"UUID_dd8bcb2e-56f4-4508-b10d-984992d1bb64","height_m":3.868,"ground_m":186.457,"height_source":"LoD1 solid top minus bottom","production":"2023","laser":"2019","footprints":"2023"},"geometry":{"type":"Polygon","coordinates":[[[13.764583057622865,51.164714520293366],[13.764614750151509,51.164746716124185],[13.76467930757768,51.16472386407155],[13.764647976341372,51.16469259832105],[13.764583057622865,51.164714520293366]]]}},{"type":"Feature","id":"UUID_3718f495-bda0-4c04-ae4d-3e04f6539cad","properties":{"id":"UUID_3718f495-bda0-4c04-ae4d-3e04f6539cad","height_m":4.906,"ground_m":186.457,"height_source":"LoD1 solid top minus bottom","production":"2023","laser":"2019","footprints":"2023"},"geometry":{"type":"Polygon","coordinates":[[[13.76439827556425,51.164761344839654],[13.764444353341787,51.16480703782657],[13.764614750151509,51.164746716124185],[13.764583057622865,51.164714520293366],[13.764566487186205,51.1646976908143],[13.76439827556425,51.164761344839654]]]}},{"type":"Feature","id":"UUID_0a46a3b5-89b8-4ca7-8cfb-31faf5b85b7b","properties":{"id":"UUID_0a46a3b5-89b8-4ca7-8cfb-31faf5b85b7b","height_m":4.19,"ground_m":187.498,"height_source":"LoD1 solid top minus bottom","production":"2023","laser":"2019","footprints":"2023"},"geometry":{"type":"Polygon","coordinates":[[[13.763726029945994,51.163875781597305],[13.763749595516693,51.16386204703186],[13.763667772429097,51.163803718901924],[13.763642356254119,51.1638181982688],[13.763726029945994,51.163875781597305]]]}},{"type":"Feature","id":"UUID_776d03d8-51d7-42db-97ec-7e290aacbb2f","properties":{"id":"UUID_776d03d8-51d7-42db-97ec-7e290aacbb2f","height_m":7.713,"ground_m":187.498,"height_source":"LoD1 solid top minus bottom","production":"2023","laser":"2019","footprints":"2023"},"geometry":{"type":"Polygon","coordinates":[[[13.763687950098678,51.16389797774652],[13.763726029945994,51.163875781597305],[13.763642356254119,51.1638181982688],[13.763548683904594,51.163753719702484],[13.763471161494346,51.16370038287486],[13.763451423675662,51.163711639896675],[13.763406124257617,51.16373746462051],[13.763396364373646,51.16374302683379],[13.763474167924683,51.163796546536595],[13.763650945355517,51.16391954676612],[13.763687950098678,51.16389797774652]]]}},{"type":"Feature","id":"DESNATPU1000GZvi","properties":{"id":"DESNATPU1000GZvi","height_m":6.107,"ground_m":192.475,"height_source":"LoD1 solid top minus bottom","production":"2023","laser":"2019","footprints":"2023"},"geometry":{"type":"Polygon","coordinates":[[[13.764353637688082,51.16311601114948],[13.76448626150259,51.16303944547435],[13.764413101908135,51.162988763229315],[13.764280482925514,51.16306514901922],[13.764353637688082,51.16311601114948]]]}},{"type":"Feature","id":"DESNATPU1000FSwc","properties":{"id":"DESNATPU1000FSwc","height_m":5.044,"ground_m":198.297,"height_source":"LoD1 solid top minus bottom","production":"2023","laser":"2019","footprints":"2023"},"geometry":{"type":"Polygon","coordinates":[[[13.769462330032617,51.16231844913878],[13.769381191595896,51.162329888507784],[13.769414986903461,51.162426627717466],[13.76942451393806,51.16248513546938],[13.769437008071547,51.16248373815881],[13.76951631875295,51.16247488740257],[13.769583736563836,51.16246687370558],[13.769575406776465,51.16243915154579],[13.769506798213907,51.16244730558688],[13.769462330032617,51.16231844913878]]]}},{"type":"Feature","id":"DESNATPU1000Begz","properties":{"id":"DESNATPU1000Begz","height_m":3.814,"ground_m":188.498,"height_source":"LoD1 solid top minus bottom","production":"2023","laser":"2019","footprints":"2023"},"geometry":{"type":"Polygon","coordinates":[[[13.763135141198259,51.165606158308464],[13.763156933806403,51.165633079049904],[13.763178615896592,51.16565985473542],[13.763267723339785,51.1656330994293],[13.763247193532035,51.16560602119962],[13.763226553205026,51.16557879791453],[13.763145091554648,51.1656031160843],[13.763135141198259,51.165606158308464]]]}},{"type":"Feature","id":"UUID_91fc0f4d-34a6-4c2d-b090-4843a72cc6f3","properties":{"id":"UUID_91fc0f4d-34a6-4c2d-b090-4843a72cc6f3","height_m":6.392,"ground_m":195.105,"height_source":"LoD1 solid top minus bottom","production":"2023","laser":"2019","footprints":"2023"},"geometry":{"type":"Polygon","coordinates":[[[13.769974648452806,51.163800401300044],[13.769973404914529,51.16378047841312],[13.769860342673857,51.163783264172196],[13.76985979872431,51.16377467942763],[13.769859598309043,51.16377468631257],[13.769861256824186,51.163803201581715],[13.769862344570674,51.163821989752854],[13.769975822035185,51.16381919037261],[13.769974648452806,51.163800401300044]]]}},{"type":"Feature","id":"UUID_55100285-d203-443a-908d-1b41ca6f0013","properties":{"id":"UUID_55100285-d203-443a-908d-1b41ca6f0013","height_m":5.814,"ground_m":195.105,"height_source":"LoD1 solid top minus bottom","production":"2023","laser":"2019","footprints":"2023"},"geometry":{"type":"Polygon","coordinates":[[[13.769799926602474,51.16373123555762],[13.769785681340288,51.163715114720155],[13.769741033412087,51.163716047984686],[13.769731131151131,51.16373290404209],[13.769799926602474,51.16373123555762]]]}},{"type":"Feature","id":"UUID_da0d1d5f-f5fd-451a-958f-97721ec6d0f5","properties":{"id":"UUID_da0d1d5f-f5fd-451a-958f-97721ec6d0f5","height_m":8.564,"ground_m":195.105,"height_source":"LoD1 solid top minus bottom","production":"2023","laser":"2019","footprints":"2023"},"geometry":{"type":"Polygon","coordinates":[[[13.769733667940018,51.16382516872088],[13.769796524947333,51.163823617631124],[13.769862344570674,51.163821989752854],[13.769859598309043,51.16377468631257],[13.76985979872431,51.16377467942763],[13.769857000996575,51.163729848434734],[13.76981528252823,51.16373087548535],[13.76979994042241,51.16373125368834],[13.769799926602474,51.16373123555762],[13.769766595295055,51.16373203605774],[13.769731131151131,51.16373290404209],[13.769727925466267,51.16373297823689],[13.769733667940018,51.16382516872088]]]}},{"type":"Feature","id":"DESNATP1S20000Tq","properties":{"id":"DESNATP1S20000Tq","height_m":2.998,"ground_m":195.825,"height_source":"LoD1 solid top minus bottom","production":"2023","laser":"2019","footprints":"2023"},"geometry":{"type":"Polygon","coordinates":[[[13.769240086688054,51.1634498731302],[13.769136541772621,51.163440627193026],[13.769126473759153,51.16348519692233],[13.76923001877207,51.16349444286901],[13.769240086688054,51.1634498731302]]]}},{"type":"Feature","id":"DESNATPU1000JM7g","properties":{"id":"DESNATPU1000JM7g","height_m":2.274,"ground_m":191.794,"height_source":"LoD1 solid top minus bottom","production":"2023","laser":"2019","footprints":"2023"},"geometry":{"type":"Polygon","coordinates":[[[13.766425058854555,51.16385405324136],[13.766395099225898,51.16386731623707],[13.766421504260773,51.16389079585512],[13.76644609131117,51.163912727537166],[13.76648513083776,51.16389686247617],[13.76645956208131,51.1638742010341],[13.766453337066553,51.16387701304587],[13.766425058854555,51.16385405324136]]]}},{"type":"Feature","id":"DESNATPU1000Ehnm","properties":{"id":"DESNATPU1000Ehnm","height_m":2.849,"ground_m":188.016,"height_source":"LoD1 solid top minus bottom","production":"2023","laser":"2019","footprints":"2023"},"geometry":{"type":"Polygon","coordinates":[[[13.765300332379107,51.163543071282156],[13.765263872446877,51.16350838828449],[13.765232965779875,51.16352122732268],[13.765154979033065,51.16355377590782],[13.765248369513596,51.16364226968511],[13.765326370404257,51.16360973017983],[13.765269526986373,51.163555866435566],[13.765300332379107,51.163543071282156]]]}},{"type":"Feature","id":"DESNATPU1000GaWE","properties":{"id":"DESNATPU1000GaWE","height_m":7.725,"ground_m":187.822,"height_source":"LoD1 solid top minus bottom","production":"2023","laser":"2019","footprints":"2023"},"geometry":{"type":"Polygon","coordinates":[[[13.763380136163025,51.16397762747683],[13.763244079745602,51.163873276601045],[13.763166693828333,51.163913231204226],[13.763302692030475,51.16401761752485],[13.763380136163025,51.16397762747683]]]}},{"type":"Feature","id":"DESNATPU1000C3sa","properties":{"id":"DESNATPU1000C3sa","height_m":5.982,"ground_m":193.355,"height_source":"LoD1 solid top minus bottom","production":"2023","laser":"2019","footprints":"2023"},"geometry":{"type":"Polygon","coordinates":[[[13.767474611434896,51.163557117780876],[13.767500531830805,51.16358269633768],[13.767534395701855,51.16361611028588],[13.767636920202209,51.16357402561177],[13.767594309512711,51.16353447644713],[13.767564204343843,51.1635065337041],[13.767512261225738,51.163539708977176],[13.767474611434896,51.163557117780876]]]}},{"type":"Feature","id":"DESNATPU1000HX0m","properties":{"id":"DESNATPU1000HX0m","height_m":3.234,"ground_m":187.507,"height_source":"LoD1 solid top minus bottom","production":"2023","laser":"2019","footprints":"2023"},"geometry":{"type":"Polygon","coordinates":[[[13.76287727218619,51.1654170127873],[13.762837733963554,51.165386738874076],[13.762833585587796,51.16538889820648],[13.762797791441539,51.16536195520454],[13.762733697791118,51.16539466711707],[13.76276884054206,51.16542190000723],[13.762843736897667,51.16547991267946],[13.76291832466255,51.16544842678801],[13.762904757409085,51.165438040624274],[13.76287727218619,51.1654170127873]]]}},{"type":"Feature","id":"DESNATPU1000CX27","properties":{"id":"DESNATPU1000CX27","height_m":4.407,"ground_m":194.258,"height_source":"LoD1 solid top minus bottom","production":"2023","laser":"2019","footprints":"2023"},"geometry":{"type":"Polygon","coordinates":[[[13.768952276448381,51.16305849509971],[13.769071508070947,51.163082852136434],[13.769094247176351,51.16303883841044],[13.76897502995255,51.16301448154786],[13.768952276448381,51.16305849509971]]]}},{"type":"Feature","id":"DESNATPU1000ETHU","properties":{"id":"DESNATPU1000ETHU","height_m":6.434,"ground_m":195.858,"height_source":"LoD1 solid top minus bottom","production":"2023","laser":"2019","footprints":"2023"},"geometry":{"type":"Polygon","coordinates":[[[13.7684561526069,51.163238369011125],[13.76844845708777,51.16317772222219],[13.768452825123887,51.163178037993916],[13.768460513189742,51.16313639286212],[13.768430966427642,51.16313419329819],[13.768436663391073,51.163102868795924],[13.768336034348671,51.1630953344805],[13.768324364539822,51.16318981469122],[13.768290368576473,51.163188197729646],[13.768307106057247,51.16330617821171],[13.768330159586416,51.163305161991545],[13.768429117046946,51.16326807497095],[13.768425547962021,51.163239908259165],[13.7684561526069,51.163238369011125]]]}},{"type":"Feature","id":"UUID_d3ba91dc-10b7-42dc-aa64-c0fe15a92ee7","properties":{"id":"UUID_d3ba91dc-10b7-42dc-aa64-c0fe15a92ee7","height_m":3.663,"ground_m":191.52,"height_source":"LoD1 solid top minus bottom","production":"2023","laser":"2019","footprints":"2023"},"geometry":{"type":"Polygon","coordinates":[[[13.76793095252871,51.16217701523039],[13.767973354700556,51.16217443133004],[13.768036872043465,51.16217055904215],[13.768010621293149,51.16210478877953],[13.767929862220816,51.162109504604544],[13.767933582177324,51.16213467836111],[13.76792452610263,51.16213532936195],[13.76793095252871,51.16217701523039]]]}},{"type":"Feature","id":"UUID_2effd5bf-ae9e-4b17-a847-ecf9fbf8e18b","properties":{"id":"UUID_2effd5bf-ae9e-4b17-a847-ecf9fbf8e18b","height_m":4.633,"ground_m":191.52,"height_source":"LoD1 solid top minus bottom","production":"2023","laser":"2019","footprints":"2023"},"geometry":{"type":"Polygon","coordinates":[[[13.76800087664066,51.16224455845948],[13.768032306847589,51.16224099567188],[13.76806301976444,51.16223751524797],[13.768063552136292,51.16223739495744],[13.768036872043465,51.16217055904215],[13.76801618652008,51.16217182496165],[13.767973354700556,51.16217443133004],[13.767979158141888,51.16224701851291],[13.76800087664066,51.16224455845948]]]}},{"type":"Feature","id":"UUID_efaf2adf-b485-40e6-9a3a-cd70cc55fd83","properties":{"id":"UUID_efaf2adf-b485-40e6-9a3a-cd70cc55fd83","height_m":5.817,"ground_m":191.52,"height_source":"LoD1 solid top minus bottom","production":"2023","laser":"2019","footprints":"2023"},"geometry":{"type":"Polygon","coordinates":[[[13.767852978581754,51.16220387336782],[13.767934330502667,51.162198921037444],[13.76793095252871,51.16217701523039],[13.76792452610263,51.16213532936195],[13.76785480078103,51.16214031423547],[13.767852978581754,51.16220387336782]]]}},{"type":"Feature","id":"UUID_4d29973c-2cf0-4885-a539-571c7981e99e","properties":{"id":"UUID_4d29973c-2cf0-4885-a539-571c7981e99e","height_m":9.441,"ground_m":197.492,"height_source":"LoD1 solid top minus bottom","production":"2023","laser":"2019","footprints":"2023"},"geometry":{"type":"Polygon","coordinates":[[[13.7697685421525,51.16399324014896],[13.769760941151429,51.163939186094666],[13.769584469946638,51.16394543229644],[13.769584360991733,51.163993065415696],[13.7697685421525,51.16399324014896]]]}},{"type":"Feature","id":"UUID_e0582c81-3112-4c13-897c-4aec4e361599","properties":{"id":"UUID_e0582c81-3112-4c13-897c-4aec4e361599","height_m":5.008,"ground_m":197.492,"height_source":"LoD1 solid top minus bottom","production":"2023","laser":"2019","footprints":"2023"},"geometry":{"type":"Polygon","coordinates":[[[13.769120361214776,51.16423656160247],[13.769120746134465,51.1642403695598],[13.769489988841178,51.164226521005375],[13.769488897693565,51.16422130276062],[13.769120361214776,51.16423656160247]]]}},{"type":"Feature","id":"UUID_9368e0fb-22be-4197-8c22-b26def057714","properties":{"id":"UUID_9368e0fb-22be-4197-8c22-b26def057714","height_m":6.617,"ground_m":197.492,"height_source":"LoD1 solid top minus bottom","production":"2023","laser":"2019","footprints":"2023"},"geometry":{"type":"Polygon","coordinates":[[[13.76858289767938,51.16412885551777],[13.768596443154756,51.16425825002291],[13.769120361214776,51.16423656160247],[13.769488897693565,51.16422130276062],[13.769441641305239,51.16399293091507],[13.76943275767763,51.163950005284114],[13.76908243926593,51.163962775840645],[13.768567742488887,51.163984183469296],[13.76858289767938,51.16412885551777]]]}},{"type":"Feature","id":"UUID_ac8c3eba-4079-4f47-8afb-ff09f89f795d","properties":{"id":"UUID_ac8c3eba-4079-4f47-8afb-ff09f89f795d","height_m":9.127,"ground_m":197.492,"height_source":"LoD1 solid top minus bottom","production":"2023","laser":"2019","footprints":"2023"},"geometry":{"type":"Polygon","coordinates":[[[13.769782756142245,51.16409440450121],[13.7697685421525,51.16399324014896],[13.76956624042541,51.163993045660845],[13.769589416537482,51.164105149494695],[13.769782756142245,51.16409440450121]]]}},{"type":"Feature","id":"UUID_3cdfed51-ee7f-4ce3-9c4f-4babab07ba83","properties":{"id":"UUID_3cdfed51-ee7f-4ce3-9c4f-4babab07ba83","height_m":3.731,"ground_m":197.492,"height_source":"LoD1 solid top minus bottom","production":"2023","laser":"2019","footprints":"2023"},"geometry":{"type":"Polygon","coordinates":[[[13.769535913903365,51.164143749831396],[13.769596373131444,51.1641388013662],[13.769589416537482,51.164105149494695],[13.76956624042541,51.163993045660845],[13.769521618062324,51.16399300790125],[13.769535913903365,51.164143749831396]]]}},{"type":"Feature","id":"UUID_68e089f5-7287-410a-9c95-834f767424f5","properties":{"id":"UUID_68e089f5-7287-410a-9c95-834f767424f5","height_m":5.799,"ground_m":197.492,"height_source":"LoD1 solid top minus bottom","production":"2023","laser":"2019","footprints":"2023"},"geometry":{"type":"Polygon","coordinates":[[[13.769521618062324,51.16399300790125],[13.769441641305239,51.16399293091507],[13.769489988841178,51.164226521005375],[13.769543576287623,51.164224512825804],[13.769535913903365,51.164143749831396],[13.769521618062324,51.16399300790125]]]}},{"type":"Feature","id":"DESNATPU1000BrtG","properties":{"id":"DESNATPU1000BrtG","height_m":6.485,"ground_m":188.535,"height_source":"LoD1 solid top minus bottom","production":"2023","laser":"2019","footprints":"2023"},"geometry":{"type":"Polygon","coordinates":[[[13.764546531757054,51.16348210887598],[13.764525276308804,51.16349558023592],[13.764488468746924,51.16351889618426],[13.76463679898989,51.16361144194177],[13.764672850556808,51.163588585582794],[13.76469337860712,51.163575574134086],[13.764595726427352,51.16351280795091],[13.764546531757054,51.16348210887598]]]}},{"type":"Feature","id":"DESNATPU1000JLip","properties":{"id":"DESNATPU1000JLip","height_m":7.681,"ground_m":188.721,"height_source":"LoD1 solid top minus bottom","production":"2023","laser":"2019","footprints":"2023"},"geometry":{"type":"Polygon","coordinates":[[[13.766042625790861,51.16386382315471],[13.766135063357298,51.16382677719778],[13.765982957548507,51.16367673922614],[13.765947199386611,51.16364146133802],[13.765914005212316,51.16360871945102],[13.765821567910743,51.163645765236375],[13.766042625790861,51.16386382315471]]]}},{"type":"Feature","id":"DESNATP150000Que","properties":{"id":"DESNATP150000Que","height_m":2.12,"ground_m":195.872,"height_source":"LoD1 solid top minus bottom","production":"2023","laser":"2019","footprints":"2023"},"geometry":{"type":"Polygon","coordinates":[[[13.768690758921055,51.16192798710882],[13.768649138269952,51.16192754895889],[13.768672109642138,51.16215840834459],[13.768743265453066,51.162163078206596],[13.768717084085475,51.16196252638497],[13.768690758921055,51.16192798710882]]]}},{"type":"Feature","id":"DESNATPU1000E4dE","properties":{"id":"DESNATPU1000E4dE","height_m":8.441,"ground_m":192.185,"height_source":"LoD1 solid top minus bottom","production":"2023","laser":"2019","footprints":"2023"},"geometry":{"type":"Polygon","coordinates":[[[13.768167668381222,51.16232333754253],[13.768296992972301,51.16233809856058],[13.768377305720009,51.16206124996124],[13.768261388236079,51.162047889192465],[13.768248267829476,51.162046492047786],[13.768167668381222,51.16232333754253]]]}},{"type":"Feature","id":"DESNATPU1000EoZs","properties":{"id":"DESNATPU1000EoZs","height_m":2.642,"ground_m":190.478,"height_source":"LoD1 solid top minus bottom","production":"2023","laser":"2019","footprints":"2023"},"geometry":{"type":"Polygon","coordinates":[[[13.767838961101196,51.16280457234365],[13.767955136021119,51.162797064200355],[13.767949086811063,51.16276000455407],[13.767943691927933,51.16272683664175],[13.767867002129517,51.16273176615113],[13.767872273859997,51.162764186376556],[13.767832775546218,51.162766728890695],[13.767838961101196,51.16280457234365]]]}},{"type":"Feature","id":"DESNATPU1000GJJL","properties":{"id":"DESNATPU1000GJJL","height_m":3.774,"ground_m":190.17,"height_source":"LoD1 solid top minus bottom","production":"2023","laser":"2019","footprints":"2023"},"geometry":{"type":"Polygon","coordinates":[[[13.767492921563537,51.16296941361134],[13.767429594607693,51.162841077077225],[13.76735845937359,51.16285545315551],[13.767418533148966,51.1629867140422],[13.767492921563537,51.16296941361134]]]}},{"type":"Feature","id":"UUID_4c152dd3-e717-4224-a9eb-07b5b36279f4","properties":{"id":"UUID_4c152dd3-e717-4224-a9eb-07b5b36279f4","height_m":9.506,"ground_m":189.443,"height_source":"LoD1 solid top minus bottom","production":"2023","laser":"2019","footprints":"2023"},"geometry":{"type":"Polygon","coordinates":[[[13.766848200834241,51.164963932315636],[13.76676287406316,51.16486675700373],[13.766680323679607,51.16477274934922],[13.766309084583211,51.16489875178312],[13.76591992794765,51.165035256312585],[13.765959875294886,51.16508081207308],[13.766002265394102,51.16512916333779],[13.766087378949962,51.16522624702851],[13.766452842547343,51.16509972575829],[13.766848200834241,51.164963932315636]]]}},{"type":"Feature","id":"UUID_e52f4dd0-f635-425f-bff1-8ad133264e58","properties":{"id":"UUID_e52f4dd0-f635-425f-bff1-8ad133264e58","height_m":2.76,"ground_m":189.443,"height_source":"LoD1 solid top minus bottom","production":"2023","laser":"2019","footprints":"2023"},"geometry":{"type":"Polygon","coordinates":[[[13.76591992794765,51.165035256312585],[13.76586269454872,51.165053788899435],[13.765900564129403,51.16510002418742],[13.765959875294886,51.16508081207308],[13.76591992794765,51.165035256312585]]]}},{"type":"Feature","id":"DESNATPU1000GRLp","properties":{"id":"DESNATPU1000GRLp","height_m":7.417,"ground_m":196.343,"height_source":"LoD1 solid top minus bottom","production":"2023","laser":"2019","footprints":"2023"},"geometry":{"type":"Polygon","coordinates":[[[13.769094686015777,51.1634419852705],[13.769107850573535,51.16324293575168],[13.768983938487219,51.16323965332148],[13.768970916379335,51.16343870432763],[13.769094686015777,51.1634419852705]]]}},{"type":"Feature","id":"DESNATPU1000DdeR","properties":{"id":"DESNATPU1000DdeR","height_m":2.855,"ground_m":194.077,"height_source":"LoD1 solid top minus bottom","production":"2023","laser":"2019","footprints":"2023"},"geometry":{"type":"Polygon","coordinates":[[[13.769837542239467,51.16347745285015],[13.769844544667889,51.163478740508154],[13.769872907245357,51.16353998224142],[13.769940771486983,51.163549652653785],[13.76994053446606,51.16349242968844],[13.769955747373219,51.163447976945164],[13.769852414133533,51.16343399472175],[13.769837542239467,51.16347745285015]]]}},{"type":"Feature","id":"DESNATPU1000Gt1g","properties":{"id":"DESNATPU1000Gt1g","height_m":4.875,"ground_m":195.128,"height_source":"LoD1 solid top minus bottom","production":"2023","laser":"2019","footprints":"2023"},"geometry":{"type":"Polygon","coordinates":[[[13.768919036625489,51.16241925961309],[13.768986209930958,51.16241989465493],[13.7689867299741,51.16239820975943],[13.768988100738722,51.162340805858875],[13.768920927548075,51.162340170818915],[13.768919036625489,51.16241925961309]]]}},{"type":"Feature","id":"UUID_50d11d96-22b1-41f0-b620-6bd24a7c19ee","properties":{"id":"UUID_50d11d96-22b1-41f0-b620-6bd24a7c19ee","height_m":5.552,"ground_m":188.974,"height_source":"LoD1 solid top minus bottom","production":"2023","laser":"2019","footprints":"2023"},"geometry":{"type":"Polygon","coordinates":[[[13.764151978104694,51.16347188871038],[13.764165385134058,51.16347916156956],[13.76419575141103,51.16349565126444],[13.764267808572766,51.16344310387391],[13.764224006201397,51.163419359024886],[13.764151978104694,51.16347188871038]]]}},{"type":"Feature","id":"UUID_af0e8052-7913-4f3a-b63e-0be5a157aa39","properties":{"id":"UUID_af0e8052-7913-4f3a-b63e-0be5a157aa39","height_m":8.698,"ground_m":188.974,"height_source":"LoD1 solid top minus bottom","production":"2023","laser":"2019","footprints":"2023"},"geometry":{"type":"Polygon","coordinates":[[[13.764267808572766,51.16344310387391],[13.76419575141103,51.16349565126444],[13.764196272995557,51.16349593554863],[13.76425256234543,51.16352606225241],[13.764312517889175,51.16355815209577],[13.764421989941665,51.16347722325536],[13.76442094653001,51.16347666367915],[13.764453435793989,51.163452240999455],[13.76443793358668,51.16345272471997],[13.764386040868217,51.16342719485224],[13.764364555332943,51.16341662628692],[13.76432551248171,51.16340102517786],[13.764267808572766,51.16344310387391]]]}},{"type":"Feature","id":"UUID_b6b706b2-d047-42ea-a87c-52f29847e686","properties":{"id":"UUID_b6b706b2-d047-42ea-a87c-52f29847e686","height_m":2.501,"ground_m":188.974,"height_source":"LoD1 solid top minus bottom","production":"2023","laser":"2019","footprints":"2023"},"geometry":{"type":"Polygon","coordinates":[[[13.764479028820249,51.16346591944345],[13.764453435793989,51.163452240999455],[13.76442094653001,51.16347666367915],[13.764421989941665,51.16347722325536],[13.764446215025647,51.16349017683364],[13.764479028820249,51.16346591944345]]]}},{"type":"Feature","id":"UUID_a5ff7898-d6ba-4abb-914f-aa4831d30526","properties":{"id":"UUID_a5ff7898-d6ba-4abb-914f-aa4831d30526","height_m":3.68,"ground_m":189.206,"height_source":"LoD1 solid top minus bottom","production":"2023","laser":"2019","footprints":"2023"},"geometry":{"type":"Polygon","coordinates":[[[13.766102347895998,51.16248539701966],[13.766170083335341,51.1625764611271],[13.76620162355842,51.16256718063881],[13.766133859714055,51.16247610725733],[13.766102347895998,51.16248539701966]]]}},{"type":"Feature","id":"UUID_b83556e1-8abb-499c-81fd-5583d3825044","properties":{"id":"UUID_b83556e1-8abb-499c-81fd-5583d3825044","height_m":8.671,"ground_m":189.206,"height_source":"LoD1 solid top minus bottom","production":"2023","laser":"2019","footprints":"2023"},"geometry":{"type":"Polygon","coordinates":[[[13.766250493605645,51.16244172649415],[13.766138400483973,51.16247477028264],[13.766133859714055,51.16247610725733],[13.76620162355842,51.16256718063881],[13.766242422985721,51.162622007788656],[13.766360713179365,51.162587203743946],[13.766250493605645,51.16244172649415]]]}},{"type":"Feature","id":"UUID_26a08f57-e888-4dde-b96a-1d42c5fb2934","properties":{"id":"UUID_26a08f57-e888-4dde-b96a-1d42c5fb2934","height_m":7.489,"ground_m":189.206,"height_source":"LoD1 solid top minus bottom","production":"2023","laser":"2019","footprints":"2023"},"geometry":{"type":"Polygon","coordinates":[[[13.766250493605645,51.16244172649415],[13.766168485496213,51.16233348870902],[13.76613612013603,51.16234314716968],[13.766057635773219,51.16236657251409],[13.766138400483973,51.16247477028264],[13.766250493605645,51.16244172649415]]]}},{"type":"Feature","id":"UUID_4129b2a2-580a-44be-8844-8eaa13890946","properties":{"id":"UUID_4129b2a2-580a-44be-8844-8eaa13890946","height_m":3.558,"ground_m":189.206,"height_source":"LoD1 solid top minus bottom","production":"2023","laser":"2019","footprints":"2023"},"geometry":{"type":"Polygon","coordinates":[[[13.76613612013603,51.16234314716968],[13.766110846485828,51.16230946371396],[13.766032338370145,51.16233270893692],[13.766055398926198,51.162363572335224],[13.766057635773219,51.16236657251409],[13.76613612013603,51.16234314716968]]]}},{"type":"Feature","id":"DESNATPU1000Hc68","properties":{"id":"DESNATPU1000Hc68","height_m":6.736,"ground_m":198.184,"height_source":"LoD1 solid top minus bottom","production":"2023","laser":"2019","footprints":"2023"},"geometry":{"type":"Polygon","coordinates":[[[13.769461406859655,51.162570279703885],[13.769547818104488,51.16256547839521],[13.76951631875295,51.16247488740257],[13.769437008071547,51.16248373815881],[13.769461406859655,51.162570279703885]]]}},{"type":"Feature","id":"UUID_a3db0681-d381-4ba1-a615-c8ad9ba71609","properties":{"id":"UUID_a3db0681-d381-4ba1-a615-c8ad9ba71609","height_m":9.512,"ground_m":187.758,"height_source":"LoD1 solid top minus bottom","production":"2023","laser":"2019","footprints":"2023"},"geometry":{"type":"Polygon","coordinates":[[[13.765027330910815,51.16362288597372],[13.764999346726508,51.16363661011234],[13.764982840150862,51.16364470910283],[13.764940030514929,51.163665704653084],[13.765050413512782,51.16375467476861],[13.765046631006516,51.163756532290556],[13.765086813747676,51.163788916559184],[13.765149912290108,51.16375797341004],[13.765177896504424,51.163744249235876],[13.765121430829923,51.16369873462589],[13.765027330910815,51.16362288597372]]]}},{"type":"Feature","id":"UUID_47ea581f-866d-4219-864e-42884c240862","properties":{"id":"UUID_47ea581f-866d-4219-864e-42884c240862","height_m":4.327,"ground_m":187.758,"height_source":"LoD1 solid top minus bottom","production":"2023","laser":"2019","footprints":"2023"},"geometry":{"type":"Polygon","coordinates":[[[13.764926617827358,51.163654888703505],[13.764940030514929,51.163665704653084],[13.764982840150862,51.16364470910283],[13.764969427459196,51.16363389315809],[13.764926617827358,51.163654888703505]]]}},{"type":"Feature","id":"UUID_4f48952e-e529-41c8-b16e-fb281c002cc4","properties":{"id":"UUID_4f48952e-e529-41c8-b16e-fb281c002cc4","height_m":8.309,"ground_m":187.758,"height_source":"LoD1 solid top minus bottom","production":"2023","laser":"2019","footprints":"2023"},"geometry":{"type":"Polygon","coordinates":[[[13.765055894690155,51.16360888018168],[13.765027330910815,51.16362288597372],[13.765121430829923,51.16369873462589],[13.765149980570246,51.163684719670066],[13.765055894690155,51.16360888018168]]]}},{"type":"Feature","id":"DESNATPU1000HqeI","properties":{"id":"DESNATPU1000HqeI","height_m":4.146,"ground_m":188.369,"height_source":"LoD1 solid top minus bottom","production":"2023","laser":"2019","footprints":"2023"},"geometry":{"type":"Polygon","coordinates":[[[13.765090031224343,51.16411401831162],[13.764998713808975,51.1641578018055],[13.765030265704999,51.16418615616333],[13.765001031190419,51.16419902178825],[13.765103471936847,51.16427535418747],[13.765132938687406,51.164260755399596],[13.765226024468003,51.16433500154154],[13.765313033771761,51.16429187382554],[13.765090031224343,51.16411401831162]]]}},{"type":"Feature","id":"DESNATPU1000HXdv","properties":{"id":"DESNATPU1000HXdv","height_m":6.875,"ground_m":187.659,"height_source":"LoD1 solid top minus bottom","production":"2023","laser":"2019","footprints":"2023"},"geometry":{"type":"Polygon","coordinates":[[[13.763899469605187,51.165294332084976],[13.763917639653366,51.16531820185158],[13.763978659704033,51.16529984511758],[13.76396048987156,51.165275966370054],[13.764054874876605,51.165247566617644],[13.763988575440345,51.16516593184433],[13.763835397856223,51.1652117675412],[13.763521327775326,51.165305757829614],[13.763584433734348,51.165389121679056],[13.763899469605187,51.165294332084976]]]}},{"type":"Feature","id":"DESNATPU1000H30f","properties":{"id":"DESNATPU1000H30f","height_m":6.458,"ground_m":190.593,"height_source":"LoD1 solid top minus bottom","production":"2023","laser":"2019","footprints":"2023"},"geometry":{"type":"Polygon","coordinates":[[[13.766025572074284,51.163967463851606],[13.76600439471204,51.163962474309756],[13.76596660199918,51.163974485508284],[13.76596109232073,51.16398800634203],[13.765966231557302,51.1639937259567],[13.765949625319529,51.163999665785965],[13.765998387420757,51.16405359680972],[13.766125312618868,51.1640083536554],[13.766077665494192,51.16395551356947],[13.766030156176688,51.16397254811869],[13.766025572074284,51.163967463851606]]]}},{"type":"Feature","id":"DESNATPU1000DZBX","properties":{"id":"DESNATPU1000DZBX","height_m":4.205,"ground_m":191.398,"height_source":"LoD1 solid top minus bottom","production":"2023","laser":"2019","footprints":"2023"},"geometry":{"type":"Polygon","coordinates":[[[13.767281483781993,51.16211245713618],[13.767212559579129,51.16198706502909],[13.76720641562499,51.1619884570897],[13.767146663435462,51.16200238647068],[13.767174534861118,51.16204862390265],[13.76718179349308,51.16206496818822],[13.767221421537862,51.16212567286523],[13.767229265827732,51.162123804126466],[13.767281483781993,51.16211245713618]]]}},{"type":"Feature","id":"UUID_2421f420-455f-4024-b2e8-40f7564c5da1","properties":{"id":"UUID_2421f420-455f-4024-b2e8-40f7564c5da1","height_m":4.956,"ground_m":189.066,"height_source":"LoD1 solid top minus bottom","production":"2023","laser":"2019","footprints":"2023"},"geometry":{"type":"Polygon","coordinates":[[[13.765978004913718,51.16468338261887],[13.765874303758983,51.1645888095201],[13.765852945275888,51.16459809843176],[13.765672643338595,51.16467647364655],[13.76510639591489,51.16492260692262],[13.765052261289418,51.16494613579346],[13.765156981411732,51.16504000995372],[13.765978004913718,51.16468338261887]]]}},{"type":"Feature","id":"UUID_503504f9-1098-4ca6-827d-81448e32c2e1","properties":{"id":"UUID_503504f9-1098-4ca6-827d-81448e32c2e1","height_m":4.334,"ground_m":189.066,"height_source":"LoD1 solid top minus bottom","production":"2023","laser":"2019","footprints":"2023"},"geometry":{"type":"Polygon","coordinates":[[[13.765852931217308,51.16459808929075],[13.765773174026641,51.1645259806749],[13.76559337230929,51.1646038394701],[13.765672629280026,51.16467646450551],[13.765852931217308,51.16459808929075]]]}},{"type":"Feature","id":"UUID_6e044b05-0238-4730-9ce7-482510bffa5a","properties":{"id":"UUID_6e044b05-0238-4730-9ce7-482510bffa5a","height_m":3.16,"ground_m":189.066,"height_source":"LoD1 solid top minus bottom","production":"2023","laser":"2019","footprints":"2023"},"geometry":{"type":"Polygon","coordinates":[[[13.76510639591489,51.16492260692262],[13.765076797023138,51.16489608074062],[13.76502291378657,51.164919837069235],[13.765052261289418,51.16494613579346],[13.76510639591489,51.16492260692262]]]}},{"type":"Feature","id":"UUID_ef900ad0-1fd7-492e-9d81-54f7d415b492","properties":{"id":"UUID_ef900ad0-1fd7-492e-9d81-54f7d415b492","height_m":3.0,"ground_m":186.233,"height_source":"LoD1 solid top minus bottom","production":"2023","laser":"2019","footprints":"2023"},"geometry":{"type":"Polygon","coordinates":[[[13.762993502510948,51.164430925524535],[13.762979126484215,51.164405872726206],[13.76288665776757,51.16442683693667],[13.762905378868181,51.164459480569604],[13.762993502510948,51.164430925524535]]]}},{"type":"Feature","id":"UUID_4e3f2ecb-36e2-402b-bf69-b1680aa8a55b","properties":{"id":"UUID_4e3f2ecb-36e2-402b-bf69-b1680aa8a55b","height_m":6.738,"ground_m":186.233,"height_source":"LoD1 solid top minus bottom","production":"2023","laser":"2019","footprints":"2023"},"geometry":{"type":"Polygon","coordinates":[[[13.762914886700871,51.164456397714254],[13.762905378868181,51.164459480569604],[13.762964936548453,51.16453211493551],[13.762974112772756,51.16452859691913],[13.762914886700871,51.164456397714254]]]}},{"type":"Feature","id":"UUID_e75bd2d7-1c53-401b-a0fb-e8b4760be2cb","properties":{"id":"UUID_e75bd2d7-1c53-401b-a0fb-e8b4760be2cb","height_m":6.37,"ground_m":186.233,"height_source":"LoD1 solid top minus bottom","production":"2023","laser":"2019","footprints":"2023"},"geometry":{"type":"Polygon","coordinates":[[[13.763103076044382,51.16450944839898],[13.76302919651484,51.164419351716354],[13.763003962688163,51.16442752899667],[13.762993502510948,51.164430925524535],[13.762914886700871,51.164456397714254],[13.762974112772756,51.16452859691913],[13.762988794661355,51.16454649476982],[13.763103076044382,51.16450944839898]]]}},{"type":"Feature","id":"UUID_24b8b03a-8f96-4733-8188-86ff624dcb04","properties":{"id":"UUID_24b8b03a-8f96-4733-8188-86ff624dcb04","height_m":2.555,"ground_m":197.455,"height_source":"LoD1 solid top minus bottom","production":"2023","laser":"2019","footprints":"2023"},"geometry":{"type":"Polygon","coordinates":[[[13.769681388743283,51.164174200565206],[13.769651944316669,51.164175653420166],[13.769657028369368,51.164216254923325],[13.769686473060919,51.16421479307709],[13.769681388743283,51.164174200565206]]]}},{"type":"Feature","id":"UUID_4e9cdcf1-ab94-4b06-927e-63e048c63476","properties":{"id":"UUID_4e9cdcf1-ab94-4b06-927e-63e048c63476","height_m":3.413,"ground_m":197.455,"height_source":"LoD1 solid top minus bottom","production":"2023","laser":"2019","footprints":"2023"},"geometry":{"type":"Polygon","coordinates":[[[13.769593760579854,51.16424021139503],[13.76965963624289,51.164237037476084],[13.769657028369368,51.164216254923325],[13.769651944316669,51.164175653420166],[13.769650199634688,51.164161669425404],[13.76958432168639,51.164164933241516],[13.769593760579854,51.16424021139503]]]}},{"type":"Feature","id":"DESNATPU1000Fv2k","properties":{"id":"DESNATPU1000Fv2k","height_m":7.148,"ground_m":191.121,"height_source":"LoD1 solid top minus bottom","production":"2023","laser":"2019","footprints":"2023"},"geometry":{"type":"Polygon","coordinates":[[[13.767852978581754,51.16220387336782],[13.767868120977944,51.16230222407495],[13.767949443277377,51.16229731638492],[13.767934330502667,51.162198921037444],[13.767852978581754,51.16220387336782]]]}},{"type":"Feature","id":"DESNATPU1000D2b0","properties":{"id":"DESNATPU1000D2b0","height_m":3.059,"ground_m":191.334,"height_source":"LoD1 solid top minus bottom","production":"2023","laser":"2019","footprints":"2023"},"geometry":{"type":"Polygon","coordinates":[[[13.767673047767817,51.16212604351746],[13.767676419208238,51.16213262571744],[13.76768789311974,51.16215502149945],[13.76776303347894,51.162147018272165],[13.767753025454802,51.162109862948725],[13.767673047767817,51.16212604351746]]]}},{"type":"Feature","id":"DESNATPU1000BAMr","properties":{"id":"DESNATPU1000BAMr","height_m":2.623,"ground_m":187.363,"height_source":"LoD1 solid top minus bottom","production":"2023","laser":"2019","footprints":"2023"},"geometry":{"type":"Polygon","coordinates":[[[13.764673901666374,51.163977539572834],[13.764775106413277,51.16396357259658],[13.764688215293267,51.16390377082145],[13.764622183179588,51.16394385528409],[13.764673901666374,51.163977539572834]]]}},{"type":"Feature","id":"DESNATP150000Qun","properties":{"id":"DESNATP150000Qun","height_m":8.451,"ground_m":194.272,"height_source":"LoD1 solid top minus bottom","production":"2023","laser":"2019","footprints":"2023"},"geometry":{"type":"Polygon","coordinates":[[[13.76936642955098,51.16326832715659],[13.769360977826123,51.163381820476346],[13.769469856362438,51.16338411702216],[13.769476495706249,51.16327113079026],[13.76936642955098,51.16326832715659]]]}},{"type":"Feature","id":"UUID_809dfa50-200d-47ac-853c-bd7033558f04","properties":{"id":"UUID_809dfa50-200d-47ac-853c-bd7033558f04","height_m":2.663,"ground_m":191.637,"height_source":"LoD1 solid top minus bottom","production":"2023","laser":"2019","footprints":"2023"},"geometry":{"type":"Polygon","coordinates":[[[13.766799840054233,51.16418536605356],[13.766877911281723,51.164163590507364],[13.766849664048708,51.16412336517145],[13.766771419617449,51.1641452018214],[13.7667998121767,51.164185338781564],[13.766799840054233,51.16418536605356]]]}},{"type":"Feature","id":"UUID_0afaac96-7716-4f9b-986d-b46f7d522b17","properties":{"id":"UUID_0afaac96-7716-4f9b-986d-b46f7d522b17","height_m":2.861,"ground_m":191.637,"height_source":"LoD1 solid top minus bottom","production":"2023","laser":"2019","footprints":"2023"},"geometry":{"type":"Polygon","coordinates":[[[13.766912083924888,51.164212241503066],[13.766877911281723,51.164163590507364],[13.766799840054233,51.16418536605356],[13.7667998121767,51.164185338781564],[13.766774738746268,51.16419235850707],[13.766808768316885,51.16424100802459],[13.766912083924888,51.164212241503066]]]}},{"type":"Feature","id":"DESNATPU1000BdEL","properties":{"id":"DESNATPU1000BdEL","height_m":7.409,"ground_m":186.151,"height_source":"LoD1 solid top minus bottom","production":"2023","laser":"2019","footprints":"2023"},"geometry":{"type":"Polygon","coordinates":[[[13.762027790348771,51.16413789740086],[13.762065846305756,51.16418020612049],[13.76207890169875,51.16419473259978],[13.762256945397562,51.16413141975288],[13.762208867832872,51.16407344768618],[13.762027790348771,51.16413789740086]]]}},{"type":"Feature","id":"DESNATP150000QuY","properties":{"id":"DESNATP150000QuY","height_m":3.664,"ground_m":189.896,"height_source":"LoD1 solid top minus bottom","production":"2023","laser":"2019","footprints":"2023"},"geometry":{"type":"Polygon","coordinates":[[[13.765157949697274,51.16278268394752],[13.765114757970405,51.162811058528085],[13.76519708736476,51.16286060513953],[13.76523813052108,51.16283128160015],[13.76519552492762,51.162807711614576],[13.765157949697274,51.16278268394752]]]}},{"type":"Feature","id":"UUID_c2a13525-4b33-45a9-ab2d-7435fe8e0f7d","properties":{"id":"UUID_c2a13525-4b33-45a9-ab2d-7435fe8e0f7d","height_m":7.726,"ground_m":193.605,"height_source":"LoD1 solid top minus bottom","production":"2023","laser":"2019","footprints":"2023"},"geometry":{"type":"Polygon","coordinates":[[[13.769676639063047,51.16339909783606],[13.769794614972849,51.16341532951665],[13.769813066943179,51.16335664845428],[13.769849001985618,51.16324236961446],[13.769738712375784,51.1632270011952],[13.769676639063047,51.16339909783606]]]}},{"type":"Feature","id":"UUID_f9c8159b-e957-4d5f-a757-d2cdc89effee","properties":{"id":"UUID_f9c8159b-e957-4d5f-a757-d2cdc89effee","height_m":5.623,"ground_m":193.605,"height_source":"LoD1 solid top minus bottom","production":"2023","laser":"2019","footprints":"2023"},"geometry":{"type":"Polygon","coordinates":[[[13.769794614972849,51.16341532951665],[13.77000139692788,51.16344378978669],[13.769980634158781,51.16338556861205],[13.769813066943179,51.16335664845428],[13.769794614972849,51.16341532951665]]]}},{"type":"Feature","id":"UUID_d03337c8-8fb0-43bf-8d58-539b511968f5","properties":{"id":"UUID_d03337c8-8fb0-43bf-8d58-539b511968f5","height_m":3.712,"ground_m":190.786,"height_source":"LoD1 solid top minus bottom","production":"2023","laser":"2019","footprints":"2023"},"geometry":{"type":"Polygon","coordinates":[[[13.764763123506338,51.16280269637656],[13.764828302687816,51.16284320432992],[13.7648659854239,51.162819223064275],[13.764800806002347,51.16277872412192],[13.764763123506338,51.16280269637656]]]}},{"type":"Feature","id":"UUID_ad6a853a-f00e-4f54-9f3d-a84fd151abb5","properties":{"id":"UUID_ad6a853a-f00e-4f54-9f3d-a84fd151abb5","height_m":5.832,"ground_m":190.786,"height_source":"LoD1 solid top minus bottom","production":"2023","laser":"2019","footprints":"2023"},"geometry":{"type":"Polygon","coordinates":[[[13.76457855170833,51.16302128384182],[13.764718211095921,51.16293241827046],[13.764843538867062,51.16285267265977],[13.764828302687816,51.16284320432992],[13.764763123506338,51.16280269637656],[13.764433037236062,51.16259753987977],[13.764168051996904,51.162766078217544],[13.76457855170833,51.16302128384182]]]}},{"type":"Feature","id":"DESNATPU1000FELB","properties":{"id":"DESNATPU1000FELB","height_m":6.748,"ground_m":195.508,"height_source":"LoD1 solid top minus bottom","production":"2023","laser":"2019","footprints":"2023"},"geometry":{"type":"Polygon","coordinates":[[[13.769968717719632,51.16280658394361],[13.769927542390153,51.16280066539449],[13.769910065596335,51.162850121242975],[13.769950821592472,51.1628556756807],[13.769968717719632,51.16280658394361]]]}},{"type":"Feature","id":"UUID_4a70fa9e-1052-4366-8d9e-a2d4368af519","properties":{"id":"UUID_4a70fa9e-1052-4366-8d9e-a2d4368af519","height_m":4.118,"ground_m":189.961,"height_source":"LoD1 solid top minus bottom","production":"2023","laser":"2019","footprints":"2023"},"geometry":{"type":"Polygon","coordinates":[[[13.766246172009051,51.16443435323988],[13.766218761016777,51.16439764372117],[13.766049081420686,51.1644478315644],[13.766076462270231,51.16448459476112],[13.766246172009051,51.16443435323988]]]}},{"type":"Feature","id":"UUID_a3187bca-11ea-4cb5-a220-8f855a8f575b","properties":{"id":"UUID_a3187bca-11ea-4cb5-a220-8f855a8f575b","height_m":5.179,"ground_m":189.961,"height_source":"LoD1 solid top minus bottom","production":"2023","laser":"2019","footprints":"2023"},"geometry":{"type":"Polygon","coordinates":[[[13.767004880321474,51.164336599423365],[13.766965895661352,51.16428442655229],[13.766927270381153,51.16423272507586],[13.76624610291534,51.164434262584194],[13.766246172009051,51.16443435323988],[13.766076462270231,51.16448459476112],[13.766076420814162,51.16448454036766],[13.766064309321056,51.16448818953],[13.766102865945763,51.16453975567749],[13.766141781943112,51.16459179322224],[13.766513145698587,51.16448195249708],[13.767004880321474,51.164336599423365]]]}},{"type":"Feature","id":"DESNATPU1000Iz3u","properties":{"id":"DESNATPU1000Iz3u","height_m":10.145,"ground_m":189.834,"height_source":"LoD1 solid top minus bottom","production":"2023","laser":"2019","footprints":"2023"},"geometry":{"type":"Polygon","coordinates":[[[13.767487502081295,51.16267102399301],[13.767300202975022,51.16272255673184],[13.767362685533849,51.162819239163326],[13.767549594936296,51.1627705349154],[13.767487502081295,51.16267102399301]]]}},{"type":"Feature","id":"DESNATPU1000IDQZ","properties":{"id":"DESNATPU1000IDQZ","height_m":8.48,"ground_m":189.252,"height_source":"LoD1 solid top minus bottom","production":"2023","laser":"2019","footprints":"2023"},"geometry":{"type":"Polygon","coordinates":[[[13.765341506725662,51.16294050996763],[13.765493072490036,51.16302435689749],[13.765579329021705,51.16296271407943],[13.765427777837104,51.16287885842155],[13.765341506725662,51.16294050996763]]]}},{"type":"Feature","id":"UUID_d8016ebd-4255-4b69-acd7-6acc5c0053f9","properties":{"id":"UUID_d8016ebd-4255-4b69-acd7-6acc5c0053f9","height_m":2.772,"ground_m":191.207,"height_source":"LoD1 solid top minus bottom","production":"2023","laser":"2019","footprints":"2023"},"geometry":{"type":"Polygon","coordinates":[[[13.76806740815338,51.16232403518496],[13.768065035462472,51.16227727517984],[13.76806301976444,51.16223751524797],[13.768014516371341,51.16228122144338],[13.768016752622573,51.162325048395324],[13.76806740815338,51.16232403518496]]]}},{"type":"Feature","id":"UUID_665a7190-642c-454e-b0f1-d0ee0b4334fb","properties":{"id":"UUID_665a7190-642c-454e-b0f1-d0ee0b4334fb","height_m":2.843,"ground_m":191.207,"height_source":"LoD1 solid top minus bottom","production":"2023","laser":"2019","footprints":"2023"},"geometry":{"type":"Polygon","coordinates":[[[13.768002792970325,51.16228214111471],[13.768014516371341,51.16228122144338],[13.76806301976444,51.16223751524797],[13.76800087664066,51.16224455845948],[13.768002792970325,51.16228214111471]]]}},{"type":"Feature","id":"UUID_ee74d756-699d-4695-b667-ced52b38f507","properties":{"id":"UUID_ee74d756-699d-4695-b667-ced52b38f507","height_m":8.901,"ground_m":188.777,"height_source":"LoD1 solid top minus bottom","production":"2023","laser":"2019","footprints":"2023"},"geometry":{"type":"Polygon","coordinates":[[[13.764312517889175,51.16355815209577],[13.764196272995557,51.16349593554863],[13.764171982882168,51.16351378120145],[13.764172010998006,51.16351379948389],[13.764166511983966,51.163517806080385],[13.764276304471359,51.163584918455385],[13.764312517889175,51.16355815209577]]]}},{"type":"Feature","id":"UUID_b038fd92-e7a2-4a79-b4eb-7e18dbcc3670","properties":{"id":"UUID_b038fd92-e7a2-4a79-b4eb-7e18dbcc3670","height_m":5.898,"ground_m":188.777,"height_source":"LoD1 solid top minus bottom","production":"2023","laser":"2019","footprints":"2023"},"geometry":{"type":"Polygon","coordinates":[[[13.764165385134058,51.16347916156956],[13.764140953237362,51.163496960754514],[13.764171982882168,51.16351378120145],[13.764196272995557,51.16349593554863],[13.764165385134058,51.16347916156956]]]}},{"type":"Feature","id":"UUID_4dae1da1-de33-4d2a-b019-c1b3ca5e2468","properties":{"id":"UUID_4dae1da1-de33-4d2a-b019-c1b3ca5e2468","height_m":5.958,"ground_m":186.336,"height_source":"LoD1 solid top minus bottom","production":"2023","laser":"2019","footprints":"2023"},"geometry":{"type":"Polygon","coordinates":[[[13.763911311017155,51.16504719422413],[13.763859740155318,51.16497746846484],[13.763841753868515,51.164953150994826],[13.76382726646305,51.16495738631993],[13.763897984303842,51.16505081233552],[13.763911311017155,51.16504719422413]]]}},{"type":"Feature","id":"UUID_250f4c25-a044-4f85-8c45-6b24826278c8","properties":{"id":"UUID_250f4c25-a044-4f85-8c45-6b24826278c8","height_m":7.861,"ground_m":186.336,"height_source":"LoD1 solid top minus bottom","production":"2023","laser":"2019","footprints":"2023"},"geometry":{"type":"Polygon","coordinates":[[[13.763787309174482,51.16514821156728],[13.763937674560607,51.16510323649213],[13.763895621539874,51.16505145282539],[13.763897984303842,51.16505081233552],[13.76382726646305,51.16495738631993],[13.763826286225138,51.164957672719154],[13.763777863427395,51.164892179778214],[13.763738202367309,51.1648397468801],[13.763700932123795,51.16485089058065],[13.76358791010749,51.164884686500464],[13.763787309174482,51.16514821156728]]]}},{"type":"Feature","id":"UUID_8f93eb42-17df-4156-a002-7e15f6fa8ed2","properties":{"id":"UUID_8f93eb42-17df-4156-a002-7e15f6fa8ed2","height_m":8.457,"ground_m":186.336,"height_source":"LoD1 solid top minus bottom","production":"2023","laser":"2019","footprints":"2023"},"geometry":{"type":"Polygon","coordinates":[[[13.763700932123795,51.16485089058065],[13.763650012302543,51.164783581646866],[13.763536990174856,51.164817386508886],[13.76358791010749,51.164884686500464],[13.763700932123795,51.16485089058065]]]}},{"type":"Feature","id":"UUID_55df9249-aebd-43bd-9208-72e80f8f8bd5","properties":{"id":"UUID_55df9249-aebd-43bd-9208-72e80f8f8bd5","height_m":3.442,"ground_m":186.336,"height_source":"LoD1 solid top minus bottom","production":"2023","laser":"2019","footprints":"2023"},"geometry":{"type":"Polygon","coordinates":[[[13.763911311017155,51.16504719422413],[13.763955037392012,51.16503530933841],[13.763896758735445,51.164966645791],[13.763859740155318,51.16497746846484],[13.763911311017155,51.16504719422413]]]}},{"type":"Feature","id":"UUID_45775a9b-55c1-4042-b1d0-9fe436bc2c7b","properties":{"id":"UUID_45775a9b-55c1-4042-b1d0-9fe436bc2c7b","height_m":4.36,"ground_m":188.861,"height_source":"LoD1 solid top minus bottom","production":"2023","laser":"2019","footprints":"2023"},"geometry":{"type":"Polygon","coordinates":[[[13.766339294412987,51.16292474333501],[13.76636496539358,51.16295105691986],[13.766394422821135,51.1629812593049],[13.766475370987036,51.16295450544287],[13.766453083723599,51.16292304777741],[13.76642966626217,51.16288999547437],[13.76642845563729,51.16289034241439],[13.766339294412987,51.16292474333501]]]}},{"type":"Feature","id":"UUID_9f040862-8631-4a77-93f6-1ee884d45f08","properties":{"id":"UUID_9f040862-8631-4a77-93f6-1ee884d45f08","height_m":2.987,"ground_m":188.861,"height_source":"LoD1 solid top minus bottom","production":"2023","laser":"2019","footprints":"2023"},"geometry":{"type":"Polygon","coordinates":[[[13.766721323937881,51.16280593184409],[13.766709461650226,51.162789529998555],[13.766674780552028,51.16279752752157],[13.766687602927284,51.1628154682514],[13.766688954017805,51.1628173619699],[13.766722206640624,51.16280715516445],[13.766721323937881,51.16280593184409]]]}},{"type":"Feature","id":"UUID_484ec70d-9368-4aec-8e73-ea64c5041799","properties":{"id":"UUID_484ec70d-9368-4aec-8e73-ea64c5041799","height_m":7.193,"ground_m":188.861,"height_source":"LoD1 solid top minus bottom","production":"2023","laser":"2019","footprints":"2023"},"geometry":{"type":"Polygon","coordinates":[[[13.76642966626217,51.16288999547437],[13.766454779068056,51.16292543972717],[13.766475370987036,51.16295450544287],[13.766480057253291,51.16296111952825],[13.766659637296996,51.16290950670594],[13.766632993283633,51.1628724816234],[13.766608210722621,51.162838057065464],[13.766608052245855,51.16283810035782],[13.76642966626217,51.16288999547437]]]}},{"type":"Feature","id":"UUID_d4e60fd8-e9b4-4137-94cd-cadd37e64645","properties":{"id":"UUID_d4e60fd8-e9b4-4137-94cd-cadd37e64645","height_m":9.247,"ground_m":188.861,"height_source":"LoD1 solid top minus bottom","production":"2023","laser":"2019","footprints":"2023"},"geometry":{"type":"Polygon","coordinates":[[[13.766722206640624,51.16280715516445],[13.766688954017805,51.1628173619699],[13.766687602927284,51.1628154682514],[13.766608210722621,51.162838057065464],[13.766638123433038,51.162879612966464],[13.766659637296996,51.16290950670594],[13.766664464167658,51.162916212193394],[13.766843457531051,51.162865132465136],[13.766823747798144,51.16283783868284],[13.766807927470197,51.16281593655457],[13.766787183550958,51.16278720202432],[13.766721323937881,51.16280593184409],[13.766722206640624,51.16280715516445]]]}},{"type":"Feature","id":"DESNATGMqh00008f","properties":{"id":"DESNATGMqh00008f","height_m":3.751,"ground_m":198.408,"height_source":"LoD1 solid top minus bottom","production":"2023","laser":"2019","footprints":"2023"},"geometry":{"type":"Polygon","coordinates":[[[13.768971462954338,51.16488914066211],[13.768868477431365,51.16491946820969],[13.769037100384287,51.16511039505573],[13.769134352449983,51.16508215627841],[13.768971462954338,51.16488914066211]]]}},{"type":"Feature","id":"DESNATPU1000Ffq8","properties":{"id":"DESNATPU1000Ffq8","height_m":2.475,"ground_m":188.398,"height_source":"LoD1 solid top minus bottom","production":"2023","laser":"2019","footprints":"2023"},"geometry":{"type":"Polygon","coordinates":[[[13.765909881659411,51.16328466030072],[13.765964819200244,51.16333385440591],[13.766017470602959,51.16331061521893],[13.765962533272777,51.16326141214792],[13.765909881659411,51.16328466030072]]]}},{"type":"Feature","id":"DESNATPU1000HBSh","properties":{"id":"DESNATPU1000HBSh","height_m":4.629,"ground_m":197.19,"height_source":"LoD1 solid top minus bottom","production":"2023","laser":"2019","footprints":"2023"},"geometry":{"type":"Polygon","coordinates":[[[13.769138341363517,51.16361373739688],[13.769140182312006,51.16363054611833],[13.769147143312408,51.16369410774792],[13.769156210736575,51.16377686395302],[13.769247804436976,51.16377303464717],[13.769231203456583,51.16361006533553],[13.769138341363517,51.16361373739688]]]}},{"type":"Feature","id":"DESNATPU1000IAMV","properties":{"id":"DESNATPU1000IAMV","height_m":3.749,"ground_m":188.388,"height_source":"LoD1 solid top minus bottom","production":"2023","laser":"2019","footprints":"2023"},"geometry":{"type":"Polygon","coordinates":[[[13.76606917870371,51.16333076478359],[13.766127641947309,51.16330518580975],[13.766171663134022,51.163285920210704],[13.766175237467428,51.16328435721546],[13.766140630464255,51.163253111259436],[13.766090181488051,51.16321471984582],[13.76607476231751,51.16320298359174],[13.765955884274566,51.16325546077903],[13.765962533272777,51.16326141214792],[13.765969573263376,51.16326771835642],[13.766017456304832,51.163310615068085],[13.766049541514825,51.16333935247405],[13.76606917870371,51.16333076478359]]]}},{"type":"Feature","id":"DESNATPU1000B4v1","properties":{"id":"DESNATPU1000B4v1","height_m":6.24,"ground_m":196.47,"height_source":"LoD1 solid top minus bottom","production":"2023","laser":"2019","footprints":"2023"},"geometry":{"type":"Polygon","coordinates":[[[13.769558266963815,51.162714588184265],[13.769558310021484,51.16271296995313],[13.769633170571835,51.16271389231976],[13.769641421099681,51.162631174422934],[13.7695900594796,51.16262915035228],[13.769592499982119,51.1626046169898],[13.769562799624426,51.16257111254274],[13.769452175771015,51.16257589294664],[13.769453603478766,51.162713577050184],[13.769558266963815,51.162714588184265]]]}},{"type":"Feature","id":"DESNATPU1000FJAP","properties":{"id":"DESNATPU1000FJAP","height_m":7.788,"ground_m":190.332,"height_source":"LoD1 solid top minus bottom","production":"2023","laser":"2019","footprints":"2023"},"geometry":{"type":"Polygon","coordinates":[[[13.764632718516504,51.163328398836555],[13.764726364013274,51.163399261064214],[13.764819917435062,51.16335042951631],[13.764726414872346,51.16327956887265],[13.764632718516504,51.163328398836555]]]}},{"type":"Feature","id":"DESNATPU1000Hi0n","properties":{"id":"DESNATPU1000Hi0n","height_m":2.776,"ground_m":197.048,"height_source":"LoD1 solid top minus bottom","production":"2023","laser":"2019","footprints":"2023"},"geometry":{"type":"Polygon","coordinates":[[[13.769387767430217,51.16267772299046],[13.76938253473337,51.16269700221939],[13.76942345503911,51.16270174922845],[13.769427877128084,51.16268605854539],[13.769425699503392,51.16268189899813],[13.769387767430217,51.16267772299046]]]}},{"type":"Feature","id":"DESNATP150000Quv","properties":{"id":"DESNATP150000Quv","height_m":3.859,"ground_m":197.351,"height_source":"LoD1 solid top minus bottom","production":"2023","laser":"2019","footprints":"2023"},"geometry":{"type":"Polygon","coordinates":[[[13.769140182312006,51.16363054611833],[13.76904151257719,51.1636310275331],[13.76908004909541,51.163694193052834],[13.769147143312408,51.16369410774792],[13.769140182312006,51.16363054611833]]]}},{"type":"Feature","id":"DESNATPU1000IO7O","properties":{"id":"DESNATPU1000IO7O","height_m":4.607,"ground_m":193.46,"height_source":"LoD1 solid top minus bottom","production":"2023","laser":"2019","footprints":"2023"},"geometry":{"type":"Polygon","coordinates":[[[13.768685375431078,51.162924590309295],[13.768639320146907,51.162921470617675],[13.768626346369556,51.162991899672214],[13.768686232336966,51.163004130676484],[13.768693388753636,51.162954512409435],[13.768711388808075,51.162958505801235],[13.768716303779279,51.16292646263087],[13.768685375431078,51.162924590309295]]]}},{"type":"Feature","id":"UUID_4332a8c4-aa0a-4958-9afb-ae78d4338eb0","properties":{"id":"UUID_4332a8c4-aa0a-4958-9afb-ae78d4338eb0","height_m":7.191,"ground_m":189.842,"height_source":"LoD1 solid top minus bottom","production":"2023","laser":"2019","footprints":"2023"},"geometry":{"type":"Polygon","coordinates":[[[13.766885377910713,51.162299781248166],[13.766734255542863,51.16212690414363],[13.76667504385496,51.16214736767796],[13.766668317075133,51.16214969779763],[13.766617362066176,51.16216730775335],[13.766859596332576,51.16244441767909],[13.766916989532861,51.16242458235419],[13.766976475768926,51.16240402267194],[13.766905806541905,51.1623231707811],[13.766885377910713,51.162299781248166]]]}},{"type":"Feature","id":"UUID_1cd72405-d361-4a54-a242-7bc4cfbc5882","properties":{"id":"UUID_1cd72405-d361-4a54-a242-7bc4cfbc5882","height_m":3.527,"ground_m":189.842,"height_source":"LoD1 solid top minus bottom","production":"2023","laser":"2019","footprints":"2023"},"geometry":{"type":"Polygon","coordinates":[[[13.766885363373166,51.162299790087594],[13.766905806541905,51.1623231707811],[13.766931269785928,51.16231436559294],[13.766910826608052,51.162290984903784],[13.766885377910713,51.162299781248166],[13.766885363373166,51.162299790087594]]]}},{"type":"Feature","id":"UUID_93740dff-a65d-4af4-9ae5-82eb75729d4e","properties":{"id":"UUID_93740dff-a65d-4af4-9ae5-82eb75729d4e","height_m":3.651,"ground_m":189.842,"height_source":"LoD1 solid top minus bottom","production":"2023","laser":"2019","footprints":"2023"},"geometry":{"type":"Polygon","coordinates":[[[13.766639947425727,51.16211894040673],[13.766589573969865,51.162134587082946],[13.766617362066176,51.16216730775335],[13.766668317075133,51.16214969779763],[13.766639947425727,51.16211894040673]]]}},{"type":"Feature","id":"DESNATPU1000FC9M","properties":{"id":"DESNATPU1000FC9M","height_m":3.475,"ground_m":191.763,"height_source":"LoD1 solid top minus bottom","production":"2023","laser":"2019","footprints":"2023"},"geometry":{"type":"Polygon","coordinates":[[[13.76706433065645,51.16202160830824],[13.76708696453095,51.162059912954106],[13.767104132825475,51.16206450933136],[13.767172204965345,51.16204911192896],[13.767174534861118,51.16204862390265],[13.767146663435462,51.16200238647068],[13.76706433065645,51.16202160830824]]]}},{"type":"Feature","id":"DESNATPU1000DN9G","properties":{"id":"DESNATPU1000DN9G","height_m":2.716,"ground_m":187.233,"height_source":"LoD1 solid top minus bottom","production":"2023","laser":"2019","footprints":"2023"},"geometry":{"type":"Polygon","coordinates":[[[13.764497235847415,51.16401619469671],[13.76461509086685,51.163995722160436],[13.764533793712701,51.16394014296819],[13.764461421868837,51.163993208772176],[13.764497235847415,51.16401619469671]]]}},{"type":"Feature","id":"DESNATPU1000GSgc","properties":{"id":"DESNATPU1000GSgc","height_m":9.44,"ground_m":193.04,"height_source":"LoD1 solid top minus bottom","production":"2023","laser":"2019","footprints":"2023"},"geometry":{"type":"Polygon","coordinates":[[[13.76894166657009,51.16297728736108],[13.768753217669767,51.162937192801216],[13.768720054808846,51.162998830318976],[13.768908504169092,51.163038915943226],[13.76894166657009,51.16297728736108]]]}},{"type":"Feature","id":"DESNATPU1000GQyL","properties":{"id":"DESNATPU1000GQyL","height_m":5.569,"ground_m":189.227,"height_source":"LoD1 solid top minus bottom","production":"2023","laser":"2019","footprints":"2023"},"geometry":{"type":"Polygon","coordinates":[[[13.765984148524744,51.16362782256203],[13.765947199386611,51.16364146133802],[13.765982957548507,51.16367673922614],[13.765986610362278,51.16368027592008],[13.766023864485302,51.16366700005676],[13.765984148524744,51.16362782256203]]]}},{"type":"Feature","id":"DESNATPU1000H1Vj","properties":{"id":"DESNATPU1000H1Vj","height_m":2.585,"ground_m":188.083,"height_source":"LoD1 solid top minus bottom","production":"2023","laser":"2019","footprints":"2023"},"geometry":{"type":"Polygon","coordinates":[[[13.76276471257882,51.16392176752141],[13.762777069416325,51.16395545895395],[13.762876515378656,51.163940962431845],[13.762864185144625,51.1639073432329],[13.76276471257882,51.16392176752141]]]}},{"type":"Feature","id":"DESNATPU1000Grds","properties":{"id":"DESNATPU1000Grds","height_m":2.128,"ground_m":190.071,"height_source":"LoD1 solid top minus bottom","production":"2023","laser":"2019","footprints":"2023"},"geometry":{"type":"Polygon","coordinates":[[[13.763606727756802,51.16360696102304],[13.763612970156766,51.163610992784776],[13.763641375847516,51.16361789367506],[13.763700339592361,51.16358168284502],[13.763710688991267,51.16357707107003],[13.7636895012107,51.163558043404294],[13.763679166352562,51.16356264633841],[13.763606727756802,51.16360696102304]]]}},{"type":"Feature","id":"DESNATPU1000C0RC","properties":{"id":"DESNATPU1000C0RC","height_m":6.764,"ground_m":197.517,"height_source":"LoD1 solid top minus bottom","production":"2023","laser":"2019","footprints":"2023"},"geometry":{"type":"Polygon","coordinates":[[[13.769156210736575,51.16377686395302],[13.769156962389044,51.16378516312095],[13.769163432739742,51.16384459194098],[13.769170672529537,51.16391111509465],[13.769170901544008,51.16391325776422],[13.769428185914041,51.1639030603207],[13.769507404318839,51.16389991894942],[13.769500384244642,51.16383103305278],[13.769493453456656,51.16376309232638],[13.769247804436976,51.16377303464717],[13.769156210736575,51.16377686395302]]]}},{"type":"Feature","id":"DESNATPU1000HLZg","properties":{"id":"DESNATPU1000HLZg","height_m":3.425,"ground_m":193.912,"height_source":"LoD1 solid top minus bottom","production":"2023","laser":"2019","footprints":"2023"},"geometry":{"type":"Polygon","coordinates":[[[13.769469856362438,51.16338411702216],[13.769468855619582,51.163401300514266],[13.769479104301634,51.16340152523768],[13.76949738592724,51.163401933386844],[13.769500660395886,51.1633444505994],[13.769511066106064,51.1633446859647],[13.769513724351604,51.16330068572656],[13.7694892690773,51.16330009572758],[13.769491017109814,51.163271490389505],[13.769476495706249,51.16327113079026],[13.769469856362438,51.16338411702216]]]}},{"type":"Feature","id":"DESNATPU1000DbpS","properties":{"id":"DESNATPU1000DbpS","height_m":5.847,"ground_m":196.427,"height_source":"LoD1 solid top minus bottom","production":"2023","laser":"2019","footprints":"2023"},"geometry":{"type":"Polygon","coordinates":[[[13.768833555088335,51.16336253833291],[13.768813009219093,51.16333705261546],[13.768809506440054,51.163332708247566],[13.768755119122144,51.163350291997574],[13.768561084951331,51.16341300571301],[13.768560998444057,51.16341303178032],[13.768561123536491,51.163413167987635],[13.768559345947677,51.16341385969554],[13.76856917643314,51.163425491818224],[13.768569301286224,51.16342563701569],[13.76858421049521,51.16344312288994],[13.7686092442583,51.16347247778714],[13.768857700743018,51.16339248633908],[13.768833555088335,51.16336253833291]]]}},{"type":"Feature","id":"UUID_3dfa8ba5-6555-4bc4-b2f6-fd7e2f15b428","properties":{"id":"UUID_3dfa8ba5-6555-4bc4-b2f6-fd7e2f15b428","height_m":2.998,"ground_m":194.459,"height_source":"LoD1 solid top minus bottom","production":"2023","laser":"2019","footprints":"2023"},"geometry":{"type":"Polygon","coordinates":[[[13.77008408791465,51.16291750792722],[13.770106017266365,51.162917882396414],[13.770108108878894,51.16286935286337],[13.770086179550162,51.16286897839473],[13.77008408791465,51.16291750792722]]]}},{"type":"Feature","id":"UUID_b9647790-d45e-41e6-ab6d-d58008317507","properties":{"id":"UUID_b9647790-d45e-41e6-ab6d-d58008317507","height_m":3.972,"ground_m":194.459,"height_source":"LoD1 solid top minus bottom","production":"2023","laser":"2019","footprints":"2023"},"geometry":{"type":"Polygon","coordinates":[[[13.76996340920608,51.16295238953091],[13.769999434527325,51.16295298419499],[13.770001956273846,51.162879684329454],[13.769966506756425,51.162878951838074],[13.769964679982314,51.16292235832156],[13.76996340920608,51.16295238953091]]]}},{"type":"Feature","id":"UUID_771dbb45-5044-42de-9369-8b423fee4870","properties":{"id":"UUID_771dbb45-5044-42de-9369-8b423fee4870","height_m":6.964,"ground_m":194.459,"height_source":"LoD1 solid top minus bottom","production":"2023","laser":"2019","footprints":"2023"},"geometry":{"type":"Polygon","coordinates":[[[13.77008408791465,51.16291750792722],[13.770086179550162,51.16286897839473],[13.770088820878476,51.162807846892186],[13.770004477053876,51.16280642042359],[13.770001956273846,51.162879684329454],[13.769999434527325,51.16295298419499],[13.770082492751714,51.16295436117729],[13.77008408791465,51.16291750792722]]]}},{"type":"Feature","id":"UUID_fea12e1e-f594-45f1-b9a9-585866d05cba","properties":{"id":"UUID_fea12e1e-f594-45f1-b9a9-585866d05cba","height_m":3.251,"ground_m":194.459,"height_source":"LoD1 solid top minus bottom","production":"2023","laser":"2019","footprints":"2023"},"geometry":{"type":"Polygon","coordinates":[[[13.769964679982314,51.16292235832156],[13.769966506756425,51.162878951838074],[13.769918013787331,51.16287391855066],[13.769904815027138,51.16291470547222],[13.769964679982314,51.16292235832156]]]}},{"type":"Feature","id":"UUID_c91b4c54-a833-4754-8234-9a17e92569b3","properties":{"id":"UUID_c91b4c54-a833-4754-8234-9a17e92569b3","height_m":7.772,"ground_m":189.177,"height_source":"LoD1 solid top minus bottom","production":"2023","laser":"2019","footprints":"2023"},"geometry":{"type":"Polygon","coordinates":[[[13.765721782885466,51.163734108655284],[13.765634362726031,51.163759462781705],[13.765740900215112,51.16390468589806],[13.765768252528407,51.16394196145454],[13.765848784141475,51.16391856689361],[13.765721782885466,51.163734108655284]]]}},{"type":"Feature","id":"UUID_2d5a2170-5a4c-4364-9005-9da249877196","properties":{"id":"UUID_2d5a2170-5a4c-4364-9005-9da249877196","height_m":5.366,"ground_m":189.177,"height_source":"LoD1 solid top minus bottom","production":"2023","laser":"2019","footprints":"2023"},"geometry":{"type":"Polygon","coordinates":[[[13.765740900215112,51.16390468589806],[13.765716656322928,51.16391170515774],[13.76574074843779,51.16394466579742],[13.765743935929205,51.16394902491614],[13.765768252528407,51.16394196145454],[13.765740900215112,51.16390468589806]]]}},{"type":"Feature","id":"DESNATPU1000AxXD","properties":{"id":"DESNATPU1000AxXD","height_m":5.285,"ground_m":189.609,"height_source":"LoD1 solid top minus bottom","production":"2023","laser":"2019","footprints":"2023"},"geometry":{"type":"Polygon","coordinates":[[[13.765437676742986,51.16266396561805],[13.765348741265912,51.16260472726229],[13.765263320560228,51.16265543462902],[13.765213421711724,51.162622201448464],[13.76516366313183,51.16265173872139],[13.76521356197571,51.16268497192299],[13.765106589730758,51.16274846408619],[13.76519552492762,51.162807711614576],[13.76523813052108,51.16283128160015],[13.765279625743823,51.162801630088865],[13.765241403448757,51.16278048046132],[13.765437676742986,51.16266396561805]]]}},{"type":"Feature","id":"UUID_a83ff449-5f3b-4ae2-9745-c3e8edefca9b","properties":{"id":"UUID_a83ff449-5f3b-4ae2-9745-c3e8edefca9b","height_m":3.281,"ground_m":197.551,"height_source":"LoD1 solid top minus bottom","production":"2023","laser":"2019","footprints":"2023"},"geometry":{"type":"Polygon","coordinates":[[[13.769291643445413,51.162512226341256],[13.769214681445897,51.16251343089508],[13.769217094423668,51.16253131576769],[13.769286485196245,51.16252817006191],[13.769286556933386,51.16253031107688],[13.769293798372848,51.16253013547505],[13.769291643445413,51.162512226341256]]]}},{"type":"Feature","id":"UUID_0ab5ce98-9852-487f-86d7-d6a34a424a5e","properties":{"id":"UUID_0ab5ce98-9852-487f-86d7-d6a34a424a5e","height_m":7.855,"ground_m":197.551,"height_source":"LoD1 solid top minus bottom","production":"2023","laser":"2019","footprints":"2023"},"geometry":{"type":"Polygon","coordinates":[[[13.76942612452331,51.16249501739454],[13.769425756112442,51.162492738368094],[13.76942451393806,51.16248513546938],[13.769420678114217,51.162461597215305],[13.769414986903461,51.162426627717466],[13.769405886222117,51.16242734131264],[13.769405894665692,51.16242863634881],[13.769263628817681,51.162436887574906],[13.76916970888784,51.16244062945672],[13.769177978973186,51.162510886441346],[13.769290626585455,51.16250368157936],[13.76936836105145,51.16249870817319],[13.76942612452331,51.16249501739454]]]}},{"type":"Feature","id":"UUID_9b2a41bb-122d-454e-9705-3e02f21bb503","properties":{"id":"UUID_9b2a41bb-122d-454e-9705-3e02f21bb503","height_m":4.314,"ground_m":197.551,"height_source":"LoD1 solid top minus bottom","production":"2023","laser":"2019","footprints":"2023"},"geometry":{"type":"Polygon","coordinates":[[[13.769177978973186,51.162510886441346],[13.769178339416685,51.16251400170492],[13.769214681445897,51.16251343089508],[13.769291643445413,51.162512226341256],[13.769290626585455,51.16250368157936],[13.769177978973186,51.162510886441346]]]}},{"type":"Feature","id":"DESNATPU1000IlQm","properties":{"id":"DESNATPU1000IlQm","height_m":7.832,"ground_m":190.232,"height_source":"LoD1 solid top minus bottom","production":"2023","laser":"2019","footprints":"2023"},"geometry":{"type":"Polygon","coordinates":[[[13.767229265827732,51.162123804126466],[13.767261985199802,51.162183473756365],[13.767352243588748,51.162347669306534],[13.767384684505222,51.16240706618352],[13.76749510544401,51.162383598785375],[13.767434877585789,51.162271553681],[13.767429023390427,51.162272804923695],[13.767334622279408,51.162100912991974],[13.767281483781993,51.16211245713618],[13.767229265827732,51.162123804126466]]]}},{"type":"Feature","id":"DESNATGMqh00009p","properties":{"id":"DESNATGMqh00009p","height_m":2.715,"ground_m":187.729,"height_source":"LoD1 solid top minus bottom","production":"2023","laser":"2019","footprints":"2023"},"geometry":{"type":"Polygon","coordinates":[[[13.763545286935368,51.163900552439095],[13.763462607689275,51.163843761857954],[13.763434155600164,51.163860520207145],[13.763514787047761,51.16391847619604],[13.763545286935368,51.163900552439095]]]}},{"type":"Feature","id":"UUID_6ebb572e-ef52-404d-adaf-80c626da40cb","properties":{"id":"UUID_6ebb572e-ef52-404d-adaf-80c626da40cb","height_m":8.157,"ground_m":190.368,"height_source":"LoD1 solid top minus bottom","production":"2023","laser":"2019","footprints":"2023"},"geometry":{"type":"Polygon","coordinates":[[[13.768095179335807,51.162589899820276],[13.768098411719079,51.16253889135222],[13.767980699472352,51.16253595192174],[13.767977468157131,51.16258691543482],[13.768095179335807,51.162589899820276]]]}},{"type":"Feature","id":"UUID_5cc51799-0d6e-4a32-a669-31b0185ba14c","properties":{"id":"UUID_5cc51799-0d6e-4a32-a669-31b0185ba14c","height_m":8.095,"ground_m":190.368,"height_source":"LoD1 solid top minus bottom","production":"2023","laser":"2019","footprints":"2023"},"geometry":{"type":"Polygon","coordinates":[[[13.768021804213525,51.16273185898768],[13.768027207027426,51.162727689329294],[13.76803025877022,51.16272533840926],[13.7680548345294,51.16270636188932],[13.768086749959037,51.16272271401324],[13.768088767090328,51.16269101803899],[13.767968883564507,51.162687965802995],[13.767964421067294,51.16275722546395],[13.767979165561854,51.16276477276107],[13.768021804213525,51.16273185898768]]]}},{"type":"Feature","id":"UUID_be1899cb-4a45-4a40-ba91-2f04b2ee7bd7","properties":{"id":"UUID_be1899cb-4a45-4a40-ba91-2f04b2ee7bd7","height_m":7.031,"ground_m":190.368,"height_source":"LoD1 solid top minus bottom","production":"2023","laser":"2019","footprints":"2023"},"geometry":{"type":"Polygon","coordinates":[[[13.768095179335807,51.162589899820276],[13.767977468157131,51.16258691543482],[13.767937992882652,51.16258591510655],[13.767931509283622,51.162687014581],[13.767968883564507,51.162687965802995],[13.768088767090328,51.16269101803899],[13.768095179335807,51.162589899820276]]]}},{"type":"Feature","id":"DESNATPU1000BuHt","properties":{"id":"DESNATPU1000BuHt","height_m":7.108,"ground_m":188.514,"height_source":"LoD1 solid top minus bottom","production":"2023","laser":"2019","footprints":"2023"},"geometry":{"type":"Polygon","coordinates":[[[13.766205644272267,51.16324252921383],[13.766235063417822,51.16322592427728],[13.766244256833195,51.16322067059742],[13.766285169471125,51.16319729847827],[13.766138110717726,51.16309508309681],[13.766097128286537,51.163118391479735],[13.766053168888458,51.163143386046904],[13.766200227364141,51.163245610524264],[13.766205644272267,51.16324252921383]]]}},{"type":"Feature","id":"DESNATPU1000Gp9E","properties":{"id":"DESNATPU1000Gp9E","height_m":6.619,"ground_m":187.977,"height_source":"LoD1 solid top minus bottom","production":"2023","laser":"2019","footprints":"2023"},"geometry":{"type":"Polygon","coordinates":[[[13.763166841309095,51.16543860898409],[13.763199539706708,51.1654818408702],[13.763201128759206,51.16548392599101],[13.763213727274918,51.16550058776711],[13.763343196668421,51.16546154350471],[13.7632921405708,51.165394511755],[13.763248638123422,51.165407630760214],[13.76323885487655,51.16540068388157],[13.763206399765561,51.16541038555123],[13.763208817426088,51.16541945776078],[13.763163027109767,51.16543362267324],[13.763166841309095,51.16543860898409]]]}},{"type":"Feature","id":"DESNATP150000Qul","properties":{"id":"DESNATP150000Qul","height_m":4.154,"ground_m":196.375,"height_source":"LoD1 solid top minus bottom","production":"2023","laser":"2019","footprints":"2023"},"geometry":{"type":"Polygon","coordinates":[[[13.769862344570674,51.163821989752854],[13.769864106525153,51.163850380211954],[13.769977584059289,51.16384758083048],[13.769975822035185,51.16381919037261],[13.769862344570674,51.163821989752854]]]}}]}