{"type":"FeatureCollection","features":[{"type":"Feature","id":"DESNATP1Ak0000UQ","properties":{"id":"DESNATP1Ak0000UQ","height_m":3.0,"ground_m":218.542,"height_source":"LoD1 solid top minus bottom","production":"2024","laser":"2016","footprints":"2022"},"geometry":{"type":"Polygon","coordinates":[[[13.799785939814374,51.07766258686557],[13.799703328341874,51.077619481462875],[13.799643346388306,51.07766509747714],[13.799725957884872,51.077708202922075],[13.799785939814374,51.07766258686557]]]}},{"type":"Feature","id":"UUID_4bba8610-04b2-4b0a-b7e7-de3ddb8b1e15","properties":{"id":"UUID_4bba8610-04b2-4b0a-b7e7-de3ddb8b1e15","height_m":9.917,"ground_m":136.869,"height_source":"LoD1 solid top minus bottom","production":"2024","laser":"2016","footprints":"2022"},"geometry":{"type":"Polygon","coordinates":[[[13.782041616119642,51.06883341775125],[13.782000748625514,51.068840635788085],[13.78193032714052,51.068853085400896],[13.781930340465559,51.06885312151103],[13.78188689269947,51.06886076225937],[13.781908591445928,51.06890954961695],[13.78192423259485,51.06894442490077],[13.782078958633546,51.06891699044177],[13.782060489361168,51.068875664836696],[13.782041616119642,51.06883341775125]]]}},{"type":"Feature","id":"UUID_0ad8c5ec-a40d-4b38-9850-491e3cce0986","properties":{"id":"UUID_0ad8c5ec-a40d-4b38-9850-491e3cce0986","height_m":10.01,"ground_m":136.869,"height_source":"LoD1 solid top minus bottom","production":"2024","laser":"2016","footprints":"2022"},"geometry":{"type":"Polygon","coordinates":[[[13.782000748625514,51.068840635788085],[13.781991448117447,51.06881976545806],[13.781920894935855,51.06883233959222],[13.78193032714052,51.068853085400896],[13.782000748625514,51.068840635788085]]]}},{"type":"Feature","id":"DESNATPU1000DOum","properties":{"id":"DESNATPU1000DOum","height_m":8.885,"ground_m":144.137,"height_source":"LoD1 solid top minus bottom","production":"2024","laser":"2016","footprints":"2022"},"geometry":{"type":"Polygon","coordinates":[[[13.786515282549843,51.070254590808446],[13.786526369140468,51.070283662768524],[13.786535975443151,51.070309302090166],[13.786668486148196,51.070290893516265],[13.786685684851944,51.070288194347576],[13.786676852356601,51.070265710555766],[13.786689608681721,51.07026368469725],[13.786681875433647,51.070242831022846],[13.786546895841417,51.07025195138223],[13.786534712646755,51.070253893247134],[13.786515282549843,51.070254590808446]]]}},{"type":"Feature","id":"DESNATPU1000JHtd","properties":{"id":"DESNATPU1000JHtd","height_m":5.808,"ground_m":124.589,"height_source":"LoD1 solid top minus bottom","production":"2024","laser":"2016","footprints":"2022"},"geometry":{"type":"Polygon","coordinates":[[[13.773844281997038,51.068938629031656],[13.773804637695594,51.06902913059485],[13.773882357084272,51.06904253586149],[13.773908211927386,51.06901474946687],[13.773975752600906,51.06894342541856],[13.773878429932118,51.06892648722806],[13.773816487630302,51.06891558560607],[13.773809046747735,51.068932503984456],[13.773844281997038,51.068938629031656]]]}},{"type":"Feature","id":"DESNATP1Ak0000R4","properties":{"id":"DESNATP1Ak0000R4","height_m":2.331,"ground_m":140.915,"height_source":"LoD1 solid top minus bottom","production":"2024","laser":"2016","footprints":"2022"},"geometry":{"type":"Polygon","coordinates":[[[13.78759134127953,51.06894692525398],[13.787555577381449,51.068909072222986],[13.78739817362935,51.06896809588701],[13.787433937207918,51.069005957955625],[13.78759134127953,51.06894692525398]]]}},{"type":"Feature","id":"DESNATPU1000J2mN","properties":{"id":"DESNATPU1000J2mN","height_m":6.257,"ground_m":122.605,"height_source":"LoD1 solid top minus bottom","production":"2024","laser":"2016","footprints":"2022"},"geometry":{"type":"Polygon","coordinates":[[[13.77417792945256,51.06849233455561],[13.774075914307776,51.06847368363937],[13.774040525930268,51.06855061478745],[13.774142541941464,51.06856923876439],[13.77417792945256,51.06849233455561]]]}},{"type":"Feature","id":"DESNATPU1000Bxh4","properties":{"id":"DESNATPU1000Bxh4","height_m":11.683,"ground_m":166.736,"height_source":"LoD1 solid top minus bottom","production":"2024","laser":"2016","footprints":"2022"},"geometry":{"type":"Polygon","coordinates":[[[13.795130206090997,51.073341194578234],[13.795176301059762,51.07336361215373],[13.795210581643104,51.073335278455296],[13.795238878187618,51.07331200896722],[13.795192778569431,51.073289771224296],[13.795130206090997,51.073341194578234]]]}},{"type":"Feature","id":"UUID_f7b9ba7a-8498-4e61-a207-21aeedee566c","properties":{"id":"UUID_f7b9ba7a-8498-4e61-a207-21aeedee566c","height_m":15.875,"ground_m":124.176,"height_source":"LoD1 solid top minus bottom","production":"2024","laser":"2016","footprints":"2022"},"geometry":{"type":"Polygon","coordinates":[[[13.77647437865005,51.06830512792247],[13.776467406179528,51.068336799602186],[13.776473382524484,51.06833749166045],[13.776567475880167,51.06834589567232],[13.776644396520625,51.06835277094703],[13.776656862650979,51.06829678620443],[13.776580229138315,51.06828985099319],[13.77648662316934,51.068281371157596],[13.776481073177044,51.06830564764179],[13.77647437865005,51.06830512792247]]]}},{"type":"Feature","id":"UUID_b3a4b51e-00bf-4e6c-94c7-e6c3366d1002","properties":{"id":"UUID_b3a4b51e-00bf-4e6c-94c7-e6c3366d1002","height_m":15.737,"ground_m":124.176,"height_source":"LoD1 solid top minus bottom","production":"2024","laser":"2016","footprints":"2022"},"geometry":{"type":"Polygon","coordinates":[[[13.776768068066097,51.06830685297207],[13.776792790921586,51.068197399258246],[13.776737967197853,51.06819259887215],[13.776737641528335,51.0681941242438],[13.776595682029399,51.06818121755711],[13.776596471325277,51.06817834811502],[13.77650740762231,51.068170284544586],[13.776505485357184,51.068170111544795],[13.776492534120319,51.068228249472654],[13.776498660252232,51.06822867331291],[13.776486655974246,51.06828120963016],[13.77648662316934,51.068281371157596],[13.776656862650979,51.06829678620443],[13.776768068066097,51.06830685297207]]]}},{"type":"Feature","id":"DESNATPU1000DSj7","properties":{"id":"DESNATPU1000DSj7","height_m":15.11,"ground_m":133.888,"height_source":"LoD1 solid top minus bottom","production":"2024","laser":"2016","footprints":"2022"},"geometry":{"type":"Polygon","coordinates":[[[13.777874429345466,51.06998389689424],[13.77779230201375,51.06996433308474],[13.777799913333462,51.069951732796234],[13.77773764483494,51.06993687301095],[13.777730775391527,51.06994840191492],[13.777662401868158,51.06993230918162],[13.777659862382254,51.06993659917822],[13.777597559846907,51.07004763844888],[13.777783742889344,51.070094189838336],[13.777811353375093,51.07008638501028],[13.777830306805665,51.070055018394896],[13.777854843743757,51.070060940433684],[13.777880202950756,51.070019388974124],[13.777856232072041,51.0700136527157],[13.777874429345466,51.06998389689424]]]}},{"type":"Feature","id":"DESNATPU1000CpQv","properties":{"id":"DESNATPU1000CpQv","height_m":19.129,"ground_m":167.836,"height_source":"LoD1 solid top minus bottom","production":"2024","laser":"2016","footprints":"2022"},"geometry":{"type":"Polygon","coordinates":[[[13.791098630251247,51.07464201369989],[13.79117834320059,51.07466163305239],[13.79117446877013,51.074667887947136],[13.791210922506332,51.0746768080988],[13.79121479693266,51.07467055320284],[13.791294650348204,51.07469026385619],[13.791353784183213,51.07459573145819],[13.791270531421112,51.07457500547659],[13.79123889963876,51.07456729527953],[13.791158204261231,51.074547036311124],[13.791098630251247,51.07464201369989]]]}},{"type":"Feature","id":"DESNATPU1000EcQ6","properties":{"id":"DESNATPU1000EcQ6","height_m":3.0,"ground_m":136.311,"height_source":"LoD1 solid top minus bottom","production":"2024","laser":"2016","footprints":"2022"},"geometry":{"type":"Polygon","coordinates":[[[13.782285063144654,51.06807175348751],[13.782277652605243,51.06805337589331],[13.782244787840465,51.06805969717144],[13.782253795063879,51.06807814535984],[13.782285063144654,51.06807175348751]]]}},{"type":"Feature","id":"DESNATPU1000GjzU","properties":{"id":"DESNATPU1000GjzU","height_m":3.963,"ground_m":146.774,"height_source":"LoD1 solid top minus bottom","production":"2024","laser":"2016","footprints":"2022"},"geometry":{"type":"Polygon","coordinates":[[[13.78801514510188,51.07059839029054],[13.78810729647165,51.07067155805871],[13.788314698976581,51.07056741323945],[13.788221698347463,51.0704939670451],[13.78801514510188,51.07059839029054]]]}},{"type":"Feature","id":"UUID_46d74116-a666-4c51-a6f7-6e7d3fedc886","properties":{"id":"UUID_46d74116-a666-4c51-a6f7-6e7d3fedc886","height_m":12.295,"ground_m":136.466,"height_source":"LoD1 solid top minus bottom","production":"2024","laser":"2016","footprints":"2022"},"geometry":{"type":"Polygon","coordinates":[[[13.782088837289956,51.06817032964806],[13.782108730641426,51.068209592751586],[13.782162277110292,51.06819890965751],[13.782162100581283,51.068198566091034],[13.782204483774306,51.06819013177486],[13.782219103995908,51.06818722654291],[13.782300549563832,51.068170718941325],[13.782282432451243,51.06813446898519],[13.78229313790178,51.06813226036989],[13.782278895492718,51.06810391050504],[13.782268163161953,51.06810605588924],[13.782253795063879,51.06807814535984],[13.782157521077982,51.06809734015766],[13.782062036284916,51.068116372236375],[13.782063748846838,51.06812018505168],[13.782088837289956,51.06817032964806]]]}},{"type":"Feature","id":"UUID_30f7fc5f-fd8c-4ef4-9c8d-1e900e112c98","properties":{"id":"UUID_30f7fc5f-fd8c-4ef4-9c8d-1e900e112c98","height_m":9.013,"ground_m":136.466,"height_source":"LoD1 solid top minus bottom","production":"2024","laser":"2016","footprints":"2022"},"geometry":{"type":"Polygon","coordinates":[[[13.782225076154948,51.068199501015194],[13.782307378347554,51.06818298434818],[13.782301543431043,51.068170918144794],[13.78230072585783,51.06817107149796],[13.782300549563832,51.068170718941325],[13.782219103995908,51.06818722654291],[13.782225076154948,51.068199501015194]]]}},{"type":"Feature","id":"DESNATP1Ak0000Qx","properties":{"id":"DESNATP1Ak0000Qx","height_m":2.372,"ground_m":145.298,"height_source":"LoD1 solid top minus bottom","production":"2024","laser":"2016","footprints":"2022"},"geometry":{"type":"Polygon","coordinates":[[[13.785083350889689,51.07148624574888],[13.785059419465426,51.071508919681804],[13.785117842909557,51.07153342084078],[13.785128827444566,51.07153802242471],[13.785152787154852,51.07151535776455],[13.785083350889689,51.07148624574888]]]}},{"type":"Feature","id":"UUID_a8442138-0844-44b4-a74b-730b20e4401e","properties":{"id":"UUID_a8442138-0844-44b4-a74b-730b20e4401e","height_m":12.178,"ground_m":135.105,"height_source":"LoD1 solid top minus bottom","production":"2024","laser":"2016","footprints":"2022"},"geometry":{"type":"Polygon","coordinates":[[[13.78011359168085,51.0692199665438],[13.780097852287806,51.06917258996958],[13.780097794974715,51.06917259836424],[13.780088349935735,51.06914422636071],[13.780088177996562,51.06914425154466],[13.780075358039994,51.06910526875944],[13.779895463643072,51.06912902057838],[13.779931446031302,51.0692370402366],[13.780023434701075,51.06922841406381],[13.78011359168085,51.0692199665438]]]}},{"type":"Feature","id":"UUID_94d5cc6a-2460-4e59-872c-5ce154a8d643","properties":{"id":"UUID_94d5cc6a-2460-4e59-872c-5ce154a8d643","height_m":11.349,"ground_m":135.105,"height_source":"LoD1 solid top minus bottom","production":"2024","laser":"2016","footprints":"2022"},"geometry":{"type":"Polygon","coordinates":[[[13.780129281791815,51.06913892513339],[13.780088349935735,51.06914422636071],[13.780097794974715,51.06917259836424],[13.780097852287806,51.06917258996958],[13.780138670723597,51.069167260576684],[13.780129281791815,51.06913892513339]]]}},{"type":"Feature","id":"DESNATPU1000C21r","properties":{"id":"DESNATPU1000C21r","height_m":16.655,"ground_m":137.233,"height_source":"LoD1 solid top minus bottom","production":"2024","laser":"2016","footprints":"2022"},"geometry":{"type":"Polygon","coordinates":[[[13.781638019350192,51.070321119997274],[13.78169256264631,51.07044542968727],[13.781834378048774,51.07042064874297],[13.78185029280826,51.07041793690355],[13.781836697253912,51.07038668006574],[13.781820782504415,51.0703893919034],[13.781793436971606,51.07032732625],[13.78180963709215,51.070324617390305],[13.781796036870512,51.07029354035478],[13.781779836760089,51.070296249212674],[13.781638019350192,51.070321119997274]]]}},{"type":"Feature","id":"UUID_937ac302-f352-45f8-b39c-898ef3a3c74b","properties":{"id":"UUID_937ac302-f352-45f8-b39c-898ef3a3c74b","height_m":10.363,"ground_m":136.057,"height_source":"LoD1 solid top minus bottom","production":"2024","laser":"2016","footprints":"2022"},"geometry":{"type":"Polygon","coordinates":[[[13.779630867604453,51.07028929959245],[13.779704907403477,51.070274515030064],[13.779698941176308,51.070262573227936],[13.779624914954674,51.07027738490674],[13.779630867604453,51.07028929959245]]]}},{"type":"Feature","id":"UUID_7adb9746-29a8-4393-94d6-07909d3fceff","properties":{"id":"UUID_7adb9746-29a8-4393-94d6-07909d3fceff","height_m":12.763,"ground_m":136.057,"height_source":"LoD1 solid top minus bottom","production":"2024","laser":"2016","footprints":"2022"},"geometry":{"type":"Polygon","coordinates":[[[13.779503562850142,51.07021279039059],[13.77952317868527,51.070251700308084],[13.779544259512068,51.07029352120635],[13.779624914954674,51.07027738490674],[13.77969894093985,51.070262582218284],[13.779782165177897,51.07024591507454],[13.779740906819512,51.070164818765534],[13.779638450459322,51.07018551170775],[13.779606019328913,51.07019209756754],[13.779503562850142,51.07021279039059]]]}},{"type":"Feature","id":"UUID_374f0dcf-c295-4090-8fa2-d1ea5a53f4a8","properties":{"id":"UUID_374f0dcf-c295-4090-8fa2-d1ea5a53f4a8","height_m":11.673,"ground_m":137.788,"height_source":"LoD1 solid top minus bottom","production":"2024","laser":"2016","footprints":"2022"},"geometry":{"type":"Polygon","coordinates":[[[13.78437390950324,51.068830089760546],[13.784386018406341,51.06883642074088],[13.784399112017768,51.068843301530094],[13.784435855054552,51.068862748429915],[13.784444165486075,51.06886697155262],[13.78444766308518,51.068864220153365],[13.784481594729549,51.068882019093756],[13.784505324414333,51.068864280232006],[13.784521488130395,51.06885203823319],[13.78454041477876,51.06883784654393],[13.78455266168781,51.06884435879836],[13.784588783955805,51.06881721640104],[13.784576377733698,51.0688107924219],[13.784588898780864,51.06880139023655],[13.784530333033997,51.068770475430114],[13.784532921278247,51.06876429730126],[13.78449924681895,51.068747580187846],[13.784490914232947,51.06874965181075],[13.78448133844291,51.0687446961068],[13.78444529951174,51.06872561625587],[13.784421277428732,51.068743621849265],[13.78433749102602,51.068806428585205],[13.784335802363959,51.06880768800206],[13.78437579746138,51.06882885040154],[13.78437390950324,51.068830089760546]]]}},{"type":"Feature","id":"UUID_0769238c-abbc-450f-867b-33c78592318c","properties":{"id":"UUID_0769238c-abbc-450f-867b-33c78592318c","height_m":9.708,"ground_m":137.788,"height_source":"LoD1 solid top minus bottom","production":"2024","laser":"2016","footprints":"2022"},"geometry":{"type":"Polygon","coordinates":[[[13.784421277428732,51.068743621849265],[13.784414662822421,51.068740045858604],[13.784364576174964,51.06877774442058],[13.784329340710933,51.068804266475325],[13.784335802363959,51.06880768800206],[13.784421277428732,51.068743621849265]]]}},{"type":"Feature","id":"DESNATPU1000FN1X","properties":{"id":"DESNATPU1000FN1X","height_m":7.326,"ground_m":123.631,"height_source":"LoD1 solid top minus bottom","production":"2024","laser":"2016","footprints":"2022"},"geometry":{"type":"Polygon","coordinates":[[[13.774439492412212,51.068753953886905],[13.774528087082045,51.06877169938417],[13.7745776131191,51.06867446663359],[13.77448916367914,51.06865663276747],[13.774439492412212,51.068753953886905]]]}},{"type":"Feature","id":"DESNATPU1000I8yg","properties":{"id":"DESNATPU1000I8yg","height_m":12.975,"ground_m":129.397,"height_source":"LoD1 solid top minus bottom","production":"2024","laser":"2016","footprints":"2022"},"geometry":{"type":"Polygon","coordinates":[[[13.777106690101489,51.06897028966559],[13.777128935720015,51.068873579783855],[13.77715409086047,51.068763950672036],[13.777071087190748,51.06875606784392],[13.77705886994929,51.06875496879113],[13.776996616533872,51.068749353380966],[13.776963438409007,51.06874639829834],[13.776888908024448,51.06907223772054],[13.776951017982151,51.06907789664923],[13.777017584716539,51.06908396189041],[13.777079566521497,51.069089610416945],[13.777097155294426,51.06901254609994],[13.777106690101489,51.06897028966559]]]}},{"type":"Feature","id":"UUID_9d700d78-81ab-4603-acfb-8815da453c50","properties":{"id":"UUID_9d700d78-81ab-4603-acfb-8815da453c50","height_m":12.194,"ground_m":134.308,"height_source":"LoD1 solid top minus bottom","production":"2024","laser":"2016","footprints":"2022"},"geometry":{"type":"Polygon","coordinates":[[[13.782051576265513,51.06724682833552],[13.782027959595046,51.06727113264142],[13.782032577300733,51.06728008365357],[13.782009089130224,51.06730492886393],[13.7820027272496,51.067302614363065],[13.782000378194953,51.06730510787405],[13.781983761440404,51.06732372970977],[13.78200256407732,51.06733058033706],[13.782083146735394,51.067359945271676],[13.782160336640004,51.06738806976174],[13.782201882481843,51.06734407810138],[13.782237511890184,51.06730635573058],[13.782160111458545,51.067278642767015],[13.782079331600835,51.06724972547095],[13.782066041823683,51.067244910722],[13.782051576265513,51.06724682833552]]]}},{"type":"Feature","id":"UUID_f5dc995c-5cfb-49a7-825a-7934ea5baccf","properties":{"id":"UUID_f5dc995c-5cfb-49a7-825a-7934ea5baccf","height_m":6.104,"ground_m":134.308,"height_source":"LoD1 solid top minus bottom","production":"2024","laser":"2016","footprints":"2022"},"geometry":{"type":"Polygon","coordinates":[[[13.782264560967365,51.0673160440363],[13.782237695730629,51.06730642059572],[13.782237511890184,51.06730635573058],[13.782201882481843,51.06734407810138],[13.782228433810964,51.06735478641088],[13.782264560967365,51.0673160440363]]]}},{"type":"Feature","id":"DESNATPU1000ErRP","properties":{"id":"DESNATPU1000ErRP","height_m":3.06,"ground_m":166.137,"height_source":"LoD1 solid top minus bottom","production":"2024","laser":"2016","footprints":"2022"},"geometry":{"type":"Polygon","coordinates":[[[13.793064934613096,51.07370549906763],[13.793171833886214,51.07376649489251],[13.793247547499577,51.073720334149485],[13.793139055073743,51.07366022122456],[13.793064934613096,51.07370549906763]]]}},{"type":"Feature","id":"DESNATPU1000FbIf","properties":{"id":"DESNATPU1000FbIf","height_m":10.907,"ground_m":141.133,"height_source":"LoD1 solid top minus bottom","production":"2024","laser":"2016","footprints":"2022"},"geometry":{"type":"Polygon","coordinates":[[[13.785442344887718,51.06974767284028],[13.785443236718951,51.06975886017689],[13.785452346563963,51.06987268697251],[13.785526201849617,51.06987030689753],[13.785517090647055,51.06975652505822],[13.78551619762141,51.06974538267391],[13.785442344887718,51.06974767284028]]]}},{"type":"Feature","id":"DESNATPU1000BtQX","properties":{"id":"DESNATPU1000BtQX","height_m":6.09,"ground_m":145.348,"height_source":"LoD1 solid top minus bottom","production":"2024","laser":"2016","footprints":"2022"},"geometry":{"type":"Polygon","coordinates":[[[13.784942365306962,51.071526156182074],[13.784925972862204,51.07151930411676],[13.784877535850695,51.07156531141297],[13.784893957079671,51.071572154791404],[13.78496188247731,51.071600639702275],[13.785020898729847,51.07162539887018],[13.78506942316706,51.071579320481504],[13.784942365306962,51.071526156182074]]]}},{"type":"Feature","id":"DESNATPU1000EiE9","properties":{"id":"DESNATPU1000EiE9","height_m":16.665,"ground_m":137.244,"height_source":"LoD1 solid top minus bottom","production":"2024","laser":"2016","footprints":"2022"},"geometry":{"type":"Polygon","coordinates":[[[13.781796036870512,51.07029354035478],[13.781782689009743,51.07026372494208],[13.781766774299516,51.070266436772684],[13.78173862467202,51.07020238430417],[13.781754396666743,51.07019967098996],[13.781741200996171,51.0701694974454],[13.781725283955394,51.07017229917417],[13.781583473980158,51.07019690018479],[13.781638019350192,51.070321119997274],[13.781779836760089,51.070296249212674],[13.781796036870512,51.07029354035478]]]}},{"type":"Feature","id":"DESNATP1CX0001jJ","properties":{"id":"DESNATP1CX0001jJ","height_m":2.604,"ground_m":144.04,"height_source":"LoD1 solid top minus bottom","production":"2024","laser":"2016","footprints":"2022"},"geometry":{"type":"Polygon","coordinates":[[[13.78689426299748,51.070082913071815],[13.786744069593572,51.070064699473185],[13.7867276800624,51.070118333354955],[13.786877887902289,51.07013654712371],[13.78689426299748,51.070082913071815]]]}},{"type":"Feature","id":"DESNATPU1000DbPN","properties":{"id":"DESNATPU1000DbPN","height_m":3.045,"ground_m":146.2,"height_source":"LoD1 solid top minus bottom","production":"2024","laser":"2016","footprints":"2022"},"geometry":{"type":"Polygon","coordinates":[[[13.79210195170256,51.06954528092956],[13.792086423925769,51.069538645637984],[13.792080278662178,51.06954442745801],[13.792144977009338,51.069570275926175],[13.79219069333152,51.069524795076276],[13.79214409829428,51.06950533875025],[13.79210195170256,51.06954528092956]]]}},{"type":"Feature","id":"UUID_c501a762-9de9-454e-b9e6-eb5bcfe753cd","properties":{"id":"UUID_c501a762-9de9-454e-b9e6-eb5bcfe753cd","height_m":10.734,"ground_m":148.957,"height_source":"LoD1 solid top minus bottom","production":"2024","laser":"2016","footprints":"2022"},"geometry":{"type":"Polygon","coordinates":[[[13.78971932516078,51.070787451577125],[13.789839016327429,51.07088567831599],[13.789992605565134,51.07081159388876],[13.790130944007634,51.07074486039837],[13.79013121864885,51.07074472834899],[13.790012684937228,51.07064644194751],[13.789829759910178,51.07073436836761],[13.789811257832168,51.07074325954357],[13.78971932516078,51.070787451577125]]]}},{"type":"Feature","id":"UUID_cc86be2f-98f4-486d-a7de-7ef436e5e16b","properties":{"id":"UUID_cc86be2f-98f4-486d-a7de-7ef436e5e16b","height_m":10.829,"ground_m":148.957,"height_source":"LoD1 solid top minus bottom","production":"2024","laser":"2016","footprints":"2022"},"geometry":{"type":"Polygon","coordinates":[[[13.789829759910178,51.07073436836761],[13.790012684937228,51.07064644194751],[13.789989701808912,51.070627391064534],[13.789812471504838,51.070713146193135],[13.78980726875026,51.07071561031249],[13.789829759910178,51.07073436836761]]]}},{"type":"Feature","id":"UUID_f82705bf-fdd7-4c41-8354-faf90c92f704","properties":{"id":"UUID_f82705bf-fdd7-4c41-8354-faf90c92f704","height_m":10.711,"ground_m":148.957,"height_source":"LoD1 solid top minus bottom","production":"2024","laser":"2016","footprints":"2022"},"geometry":{"type":"Polygon","coordinates":[[[13.789943056450513,51.070971063039394],[13.789997554600282,51.070944738717195],[13.790034708572376,51.07092668807022],[13.79005349842187,51.07091770990986],[13.790095798032171,51.07089719452204],[13.790018731951381,51.07083326723839],[13.789992605565134,51.07081159388876],[13.789839016327429,51.07088567831599],[13.789943056450513,51.070971063039394]]]}},{"type":"Feature","id":"UUID_0ac780cc-c722-40dc-988a-a7424646ef9a","properties":{"id":"UUID_0ac780cc-c722-40dc-988a-a7424646ef9a","height_m":10.718,"ground_m":148.957,"height_source":"LoD1 solid top minus bottom","production":"2024","laser":"2016","footprints":"2022"},"geometry":{"type":"Polygon","coordinates":[[[13.790017034594113,51.07061922077235],[13.79010880010273,51.07057484691902],[13.790078225157059,51.07054971027134],[13.789986578516428,51.07059390547509],[13.790017034594113,51.07061922077235]]]}},{"type":"Feature","id":"UUID_e078060c-31fb-4a8d-a9dc-d7c38c56ab0c","properties":{"id":"UUID_e078060c-31fb-4a8d-a9dc-d7c38c56ab0c","height_m":10.794,"ground_m":148.957,"height_source":"LoD1 solid top minus bottom","production":"2024","laser":"2016","footprints":"2022"},"geometry":{"type":"Polygon","coordinates":[[[13.790067589673885,51.07080976219381],[13.790018731951381,51.07083326723839],[13.790095798032171,51.07089719452204],[13.790145007635747,51.070873333375225],[13.790067589673885,51.07080976219381]]]}},{"type":"Feature","id":"UUID_eaefe157-f0cb-4f11-acf2-e9e9e1798652","properties":{"id":"UUID_eaefe157-f0cb-4f11-acf2-e9e9e1798652","height_m":10.715,"ground_m":148.957,"height_source":"LoD1 solid top minus bottom","production":"2024","laser":"2016","footprints":"2022"},"geometry":{"type":"Polygon","coordinates":[[[13.79010880010273,51.07057484691902],[13.790017034594113,51.07061922077235],[13.789998097473436,51.07062837725855],[13.789994184026046,51.07062518926233],[13.789989701808912,51.070627391064534],[13.790012684937228,51.07064644194751],[13.79013121864885,51.07074472834899],[13.790130944007634,51.07074486039837],[13.790185302155688,51.07078957774327],[13.790190214815658,51.07078729046076],[13.790209877171966,51.07077769180943],[13.790301388303973,51.0707332252446],[13.79010880010273,51.07057484691902]]]}},{"type":"Feature","id":"DESNATPU1000CYs9","properties":{"id":"DESNATPU1000CYs9","height_m":7.284,"ground_m":166.046,"height_source":"LoD1 solid top minus bottom","production":"2024","laser":"2016","footprints":"2022"},"geometry":{"type":"Polygon","coordinates":[[[13.794927352390873,51.07320439119919],[13.794911462597884,51.073195144647464],[13.794982971809672,51.073145881885246],[13.79493951285802,51.073120910473236],[13.794888459066435,51.07309158016732],[13.79476482740952,51.07317682522085],[13.794764333103952,51.07317717084337],[13.794765755481594,51.07317736536571],[13.794833104526704,51.07321681877184],[13.794848573202518,51.07322579120825],[13.794858700832355,51.07323156109372],[13.794887334522457,51.07321180235948],[13.794903226651593,51.0732209590105],[13.794927352390873,51.07320439119919]]]}},{"type":"Feature","id":"DESNATPU1000DcnK","properties":{"id":"DESNATPU1000DcnK","height_m":8.435,"ground_m":123.664,"height_source":"LoD1 solid top minus bottom","production":"2024","laser":"2016","footprints":"2022"},"geometry":{"type":"Polygon","coordinates":[[[13.776673619402548,51.0680293351498],[13.77704694438173,51.06806372756518],[13.777070283251774,51.06796343199063],[13.776697296579487,51.06792706476583],[13.7766782859202,51.06800932999339],[13.776675889661066,51.068019556732835],[13.776673619402548,51.0680293351498]]]}},{"type":"Feature","id":"DESNATP1iT0000eM","properties":{"id":"DESNATP1iT0000eM","height_m":4.473,"ground_m":139.444,"height_source":"LoD1 solid top minus bottom","production":"2024","laser":"2016","footprints":"2022"},"geometry":{"type":"Polygon","coordinates":[[[13.785431195086105,51.069137619248316],[13.785295131529393,51.069141915732295],[13.78530298638249,51.06927476730222],[13.785436856356794,51.0692675882983],[13.785431195086105,51.069137619248316]]]}},{"type":"Feature","id":"DESNATGMpJ0001A5","properties":{"id":"DESNATGMpJ0001A5","height_m":3.0,"ground_m":168.278,"height_source":"LoD1 solid top minus bottom","production":"2024","laser":"2016","footprints":"2022"},"geometry":{"type":"Polygon","coordinates":[[[13.791096745162104,51.073405708323044],[13.791102862151307,51.073467318351604],[13.79128042771721,51.073461052153625],[13.791274352656064,51.073397823863644],[13.791096745162104,51.073405708323044]]]}},{"type":"Feature","id":"DESNATP1Ak0000RO","properties":{"id":"DESNATP1Ak0000RO","height_m":2.43,"ground_m":155.973,"height_source":"LoD1 solid top minus bottom","production":"2024","laser":"2016","footprints":"2022"},"geometry":{"type":"Polygon","coordinates":[[[13.788598365988191,51.072001514415085],[13.788575578546611,51.07202416494588],[13.788588398000924,51.072029576587234],[13.788639376508714,51.0720501139209],[13.788647392779536,51.072053065704345],[13.788670309570605,51.072030380528986],[13.788598365988191,51.072001514415085]]]}},{"type":"Feature","id":"DESNATP1CX00027w","properties":{"id":"DESNATP1CX00027w","height_m":2.94,"ground_m":140.242,"height_source":"LoD1 solid top minus bottom","production":"2024","laser":"2016","footprints":"2022"},"geometry":{"type":"Polygon","coordinates":[[[13.773492639525012,51.07228024258334],[13.773217362379922,51.071949952106394],[13.773037823949544,51.07200934468769],[13.773313100154205,51.07233963557785],[13.773492639525012,51.07228024258334]]]}},{"type":"Feature","id":"DESNATPU1000Bzgz","properties":{"id":"DESNATPU1000Bzgz","height_m":18.897,"ground_m":168.048,"height_source":"LoD1 solid top minus bottom","production":"2024","laser":"2016","footprints":"2022"},"geometry":{"type":"Polygon","coordinates":[[[13.791373551910281,51.074850612063734],[13.791518059859134,51.07488717811743],[13.791548865504922,51.07483893546579],[13.791559500824992,51.07484165333138],[13.79157348698559,51.07481985548418],[13.791562708959889,51.0748171361445],[13.791595147548826,51.074766482305414],[13.791485685392951,51.07473810242923],[13.79145108677784,51.074729201544415],[13.7914170056433,51.074782626130194],[13.791404799863543,51.074801834454576],[13.791373551910281,51.074850612063734]]]}},{"type":"Feature","id":"DESNATPU1000BEUW","properties":{"id":"DESNATPU1000BEUW","height_m":2.099,"ground_m":121.119,"height_source":"LoD1 solid top minus bottom","production":"2024","laser":"2016","footprints":"2022"},"geometry":{"type":"Polygon","coordinates":[[[13.77351183816238,51.067443860731956],[13.773497895950513,51.06747455982647],[13.773531210972338,51.067483092887],[13.773546632304111,51.067450430887284],[13.773520789367998,51.06744539351278],[13.77351183816238,51.067443860731956]]]}},{"type":"Feature","id":"DESNATPU1000Hk80","properties":{"id":"DESNATPU1000Hk80","height_m":6.248,"ground_m":147.387,"height_source":"LoD1 solid top minus bottom","production":"2024","laser":"2016","footprints":"2022"},"geometry":{"type":"Polygon","coordinates":[[[13.786701000970229,51.07097972081092],[13.786792404594683,51.07105414084805],[13.78719260745189,51.070858743555874],[13.787100918165482,51.070784320866025],[13.786701000970229,51.07097972081092]]]}},{"type":"Feature","id":"DESNATPU1000GWnv","properties":{"id":"DESNATPU1000GWnv","height_m":3.453,"ground_m":141.198,"height_source":"LoD1 solid top minus bottom","production":"2024","laser":"2016","footprints":"2022"},"geometry":{"type":"Polygon","coordinates":[[[13.778843868928302,51.07268154176183],[13.778977785168514,51.07275762609118],[13.779179726940809,51.07261695651614],[13.779046054780707,51.072540821008864],[13.778843868928302,51.07268154176183]]]}},{"type":"Feature","id":"DESNATPU1000IP2I","properties":{"id":"DESNATPU1000IP2I","height_m":2.471,"ground_m":157.493,"height_source":"LoD1 solid top minus bottom","production":"2024","laser":"2016","footprints":"2022"},"geometry":{"type":"Polygon","coordinates":[[[13.793914757208947,51.07133108755211],[13.793974560697258,51.07136416865314],[13.794036093270782,51.07131974956652],[13.79397614242175,51.07128684683237],[13.793914757208947,51.07133108755211]]]}},{"type":"Feature","id":"DESNATP1Ak0000Qd","properties":{"id":"DESNATP1Ak0000Qd","height_m":6.473,"ground_m":141.133,"height_source":"LoD1 solid top minus bottom","production":"2024","laser":"2016","footprints":"2022"},"geometry":{"type":"Polygon","coordinates":[[[13.78739253869689,51.06870801916481],[13.787343235265741,51.06865740867859],[13.787248504617903,51.06869404276154],[13.787336564511316,51.068784857594075],[13.787352347580267,51.068800803733545],[13.787441123206012,51.06876648189193],[13.787447193459487,51.06876413479072],[13.78739253869689,51.06870801916481]]]}},{"type":"Feature","id":"UUID_f37ad21e-5789-4f31-a4a7-039be80be8d7","properties":{"id":"UUID_f37ad21e-5789-4f31-a4a7-039be80be8d7","height_m":14.674,"ground_m":132.17,"height_source":"LoD1 solid top minus bottom","production":"2024","laser":"2016","footprints":"2022"},"geometry":{"type":"Polygon","coordinates":[[[13.778839174218179,51.067764372018914],[13.778848062472395,51.06779108363706],[13.778927979716398,51.06778060559254],[13.778943532801685,51.06776449106604],[13.778918834580699,51.067753891296924],[13.778839174218179,51.067764372018914]]]}},{"type":"Feature","id":"UUID_c6b8aee7-531c-43d6-afde-5c50784665fd","properties":{"id":"UUID_c6b8aee7-531c-43d6-afde-5c50784665fd","height_m":15.227,"ground_m":132.17,"height_source":"LoD1 solid top minus bottom","production":"2024","laser":"2016","footprints":"2022"},"geometry":{"type":"Polygon","coordinates":[[[13.778607570147042,51.06757410994313],[13.778668002731239,51.06775621660772],[13.778796330939262,51.06773930204342],[13.77879633046604,51.067739320024124],[13.778829386208292,51.067734971138165],[13.77882941237971,51.06773506133982],[13.778964760538793,51.067717140795686],[13.778904326835526,51.06753503427572],[13.778607570147042,51.06757410994313]]]}},{"type":"Feature","id":"UUID_f49f89b5-c56c-44b8-8772-586c7cfa262a","properties":{"id":"UUID_f49f89b5-c56c-44b8-8772-586c7cfa262a","height_m":14.702,"ground_m":132.17,"height_source":"LoD1 solid top minus bottom","production":"2024","laser":"2016","footprints":"2022"},"geometry":{"type":"Polygon","coordinates":[[[13.77879633046604,51.067739320024124],[13.77882518429238,51.06782521517864],[13.778857982782561,51.06782088158233],[13.778847919311708,51.067791100127],[13.778848062472395,51.06779108363706],[13.778839174218179,51.067764372018914],[13.77883905959505,51.06776438880701],[13.77882941237971,51.06773506133982],[13.778829386208292,51.067734971138165],[13.77879633046604,51.067739320024124]]]}},{"type":"Feature","id":"DESNATPU1000CL7i","properties":{"id":"DESNATPU1000CL7i","height_m":4.181,"ground_m":140.747,"height_source":"LoD1 solid top minus bottom","production":"2024","laser":"2016","footprints":"2022"},"geometry":{"type":"Polygon","coordinates":[[[13.7820731732184,51.071986628125195],[13.782093533292624,51.07199403452276],[13.782125060520455,51.07200560403823],[13.78217001689016,51.072022169583356],[13.782257275361388,51.07192802464681],[13.7821605745171,51.07189248474807],[13.7820731732184,51.071986628125195]]]}},{"type":"Feature","id":"DESNATPU1000E2n5","properties":{"id":"DESNATPU1000E2n5","height_m":19.561,"ground_m":142.805,"height_source":"LoD1 solid top minus bottom","production":"2024","laser":"2016","footprints":"2022"},"geometry":{"type":"Polygon","coordinates":[[[13.783583109155584,51.07084740447063],[13.783532410335695,51.07084300992831],[13.783512936519273,51.07093246562056],[13.783620315866973,51.07094176658967],[13.78365492299011,51.07094473464469],[13.783751476243237,51.07095320340732],[13.783770954323263,51.07086356786531],[13.783722106051892,51.070859363524484],[13.783583109155584,51.07084740447063]]]}},{"type":"Feature","id":"DESNATPU1000BqlQ","properties":{"id":"DESNATPU1000BqlQ","height_m":3.852,"ground_m":136.614,"height_source":"LoD1 solid top minus bottom","production":"2024","laser":"2016","footprints":"2022"},"geometry":{"type":"Polygon","coordinates":[[[13.784544885655418,51.06835659743414],[13.784485335072988,51.068368747958175],[13.784521451185393,51.06843935744836],[13.784581146894327,51.06842711848672],[13.784544885655418,51.06835659743414]]]}},{"type":"Feature","id":"DESNATPU1000J7j4","properties":{"id":"DESNATPU1000J7j4","height_m":2.899,"ground_m":139.844,"height_source":"LoD1 solid top minus bottom","production":"2024","laser":"2016","footprints":"2022"},"geometry":{"type":"Polygon","coordinates":[[[13.779030966586033,51.07202449374402],[13.779075938014829,51.072089262136394],[13.779160627495845,51.0720658661205],[13.77911565360452,51.072001187663254],[13.779030966586033,51.07202449374402]]]}},{"type":"Feature","id":"UUID_4ffeb54c-d10c-41ea-8f52-423f04b95aa6","properties":{"id":"UUID_4ffeb54c-d10c-41ea-8f52-423f04b95aa6","height_m":9.474,"ground_m":135.156,"height_source":"LoD1 solid top minus bottom","production":"2024","laser":"2016","footprints":"2022"},"geometry":{"type":"Polygon","coordinates":[[[13.78264673973175,51.06782892886493],[13.78264879041998,51.06783236749492],[13.782673968282502,51.067868241292246],[13.78269081136018,51.06786275123476],[13.782661128802292,51.0678244923911],[13.78264673973175,51.06782892886493]]]}},{"type":"Feature","id":"UUID_32693926-d3f3-40f7-bd2e-106d58c2b66e","properties":{"id":"UUID_32693926-d3f3-40f7-bd2e-106d58c2b66e","height_m":11.216,"ground_m":135.156,"height_source":"LoD1 solid top minus bottom","production":"2024","laser":"2016","footprints":"2022"},"geometry":{"type":"Polygon","coordinates":[[[13.78269081136018,51.06786275123476],[13.782756571140945,51.067841322749324],[13.782850172410289,51.067810813638594],[13.782841206640505,51.06779893967916],[13.782832088754406,51.06778742384771],[13.782827252691767,51.06778134829715],[13.78283977264142,51.06777743190617],[13.782808967379824,51.06773844198278],[13.782701828239741,51.06777086942348],[13.782635173850245,51.06779103855847],[13.782661128802292,51.0678244923911],[13.78269081136018,51.06786275123476]]]}},{"type":"Feature","id":"UUID_efb41d59-9c53-4aa6-a5ce-645bfa4219d2","properties":{"id":"UUID_efb41d59-9c53-4aa6-a5ce-645bfa4219d2","height_m":15.434,"ground_m":132.956,"height_source":"LoD1 solid top minus bottom","production":"2024","laser":"2016","footprints":"2022"},"geometry":{"type":"Polygon","coordinates":[[[13.777023801134497,51.069792508406124],[13.777031604328204,51.06977750909099],[13.776968713405836,51.069764620801976],[13.77696088165541,51.0697796198142],[13.777023801134497,51.069792508406124]]]}},{"type":"Feature","id":"UUID_ee297025-97c8-416a-9779-d237433283c6","properties":{"id":"UUID_ee297025-97c8-416a-9779-d237433283c6","height_m":16.015,"ground_m":132.956,"height_source":"LoD1 solid top minus bottom","production":"2024","laser":"2016","footprints":"2022"},"geometry":{"type":"Polygon","coordinates":[[[13.777023801134497,51.069792508406124],[13.77696088165541,51.0697796198142],[13.776961047386656,51.069779288813976],[13.776894881642544,51.06976609643367],[13.776890817991795,51.069774057521336],[13.7768653883395,51.06982583287116],[13.776835765161671,51.069886161467984],[13.777025582334499,51.06992474849137],[13.777056351158775,51.069864809532895],[13.7770868198237,51.06980542498045],[13.77702378615423,51.069792535227826],[13.777023801134497,51.069792508406124]]]}},{"type":"Feature","id":"DESNATPU1000CVWq","properties":{"id":"DESNATPU1000CVWq","height_m":2.533,"ground_m":144.178,"height_source":"LoD1 solid top minus bottom","production":"2024","laser":"2016","footprints":"2022"},"geometry":{"type":"Polygon","coordinates":[[[13.786970308318308,51.07036965578397],[13.786941814097487,51.07038401835284],[13.786987549571029,51.070419924682874],[13.787016046150532,51.07040547219924],[13.786970308318308,51.07036965578397]]]}},{"type":"Feature","id":"DESNATPU1000D55P","properties":{"id":"DESNATPU1000D55P","height_m":18.837,"ground_m":168.081,"height_source":"LoD1 solid top minus bottom","production":"2024","laser":"2016","footprints":"2022"},"geometry":{"type":"Polygon","coordinates":[[[13.791332920462546,51.07517735011854],[13.791365509297743,51.07512642811388],[13.791220855677011,51.07508995029685],[13.791187658383501,51.0751423048181],[13.791175906314628,51.07516052860181],[13.791141824539176,51.07521395309918],[13.791257690853902,51.075243118941415],[13.791286478481117,51.07525043101546],[13.791319523662226,51.07519843460643],[13.7913321595625,51.075201622819264],[13.79134553974454,51.07518062808616],[13.791332920462546,51.07517735011854]]]}},{"type":"Feature","id":"DESNATPU1000IB8S","properties":{"id":"DESNATPU1000IB8S","height_m":2.769,"ground_m":137.007,"height_source":"LoD1 solid top minus bottom","production":"2024","laser":"2016","footprints":"2022"},"geometry":{"type":"Polygon","coordinates":[[[13.780584556883843,51.071533679017065],[13.780544859218903,51.07147185291988],[13.780460218063292,51.07149347885419],[13.780499927539735,51.071555395031645],[13.780584556883843,51.071533679017065]]]}},{"type":"Feature","id":"UUID_c8d39695-a63a-4a0c-be72-b941f7bb04af","properties":{"id":"UUID_c8d39695-a63a-4a0c-be72-b941f7bb04af","height_m":8.925,"ground_m":133.645,"height_source":"LoD1 solid top minus bottom","production":"2024","laser":"2016","footprints":"2022"},"geometry":{"type":"Polygon","coordinates":[[[13.784430868025018,51.06741374668094],[13.784434282058697,51.067440877551896],[13.784550041979168,51.06743506699293],[13.784542270768195,51.06737212637225],[13.784452807714528,51.06737659170054],[13.784426396854833,51.067377935737476],[13.784430868025018,51.06741374668094]]]}},{"type":"Feature","id":"UUID_00752a4b-7660-4063-be7d-091541cb9303","properties":{"id":"UUID_00752a4b-7660-4063-be7d-091541cb9303","height_m":11.826,"ground_m":133.645,"height_source":"LoD1 solid top minus bottom","production":"2024","laser":"2016","footprints":"2022"},"geometry":{"type":"Polygon","coordinates":[[[13.784339684901976,51.06732751044109],[13.784338198938402,51.067316676623804],[13.78426674036237,51.06732033985848],[13.784268172296919,51.06733105620809],[13.784268590435335,51.06733416308011],[13.784340116842726,51.06733063544204],[13.784339684901976,51.06732751044109]]]}},{"type":"Feature","id":"UUID_23cd685d-7062-4e9b-8477-c180d7f1e8a2","properties":{"id":"UUID_23cd685d-7062-4e9b-8477-c180d7f1e8a2","height_m":11.918,"ground_m":133.645,"height_source":"LoD1 solid top minus bottom","production":"2024","laser":"2016","footprints":"2022"},"geometry":{"type":"Polygon","coordinates":[[[13.784340116842726,51.06733063544204],[13.784268590435335,51.06733416308011],[13.784268172296919,51.06733105620809],[13.784184140804266,51.06733521811336],[13.784184531106499,51.06733829771768],[13.784196183727392,51.06743120684258],[13.78418860955608,51.067431577696865],[13.784193227373288,51.067467776866415],[13.784193341758273,51.067467769063434],[13.784297408560349,51.067462655468454],[13.78429694851848,51.06745842405832],[13.784435576058803,51.06745141260818],[13.784434282058697,51.067440877551896],[13.784426396854833,51.067377935737476],[13.784426368317531,51.06737793544069],[13.784424270995444,51.06735992798933],[13.784423072583012,51.06735119249076],[13.78442000334523,51.06732670010111],[13.784388993301985,51.06732817615393],[13.7843536932449,51.067329967292444],[13.784340116842726,51.06733063544204]]]}},{"type":"Feature","id":"DESNATPU1000JKL3","properties":{"id":"DESNATPU1000JKL3","height_m":6.55,"ground_m":139.494,"height_source":"LoD1 solid top minus bottom","production":"2024","laser":"2016","footprints":"2022"},"geometry":{"type":"Polygon","coordinates":[[[13.783513020610599,51.06982958757089],[13.783513736611091,51.06984038640263],[13.783520371731592,51.06994117500295],[13.783711052521125,51.06993614497512],[13.783704414629973,51.069835446286376],[13.783703838922355,51.069824738843984],[13.783513020610599,51.06982958757089]]]}},{"type":"Feature","id":"DESNATPU1000Cvly","properties":{"id":"DESNATPU1000Cvly","height_m":16.902,"ground_m":167.282,"height_source":"LoD1 solid top minus bottom","production":"2024","laser":"2016","footprints":"2022"},"geometry":{"type":"Polygon","coordinates":[[[13.795057911934636,51.073464639964506],[13.795093371671216,51.07343487960726],[13.795101833066395,51.07342786251466],[13.795090130931232,51.073422256276345],[13.795055866765916,51.07340598580473],[13.794989770960711,51.07346114974042],[13.795005845598821,51.07346877948171],[13.795024598960794,51.07347769582777],[13.795035737283797,51.07348302647629],[13.795057911934636,51.073464639964506]]]}},{"type":"Feature","id":"UUID_90947f4c-7bcd-4f79-8479-5b69434bdfc4","properties":{"id":"UUID_90947f4c-7bcd-4f79-8479-5b69434bdfc4","height_m":2.885,"ground_m":140.207,"height_source":"LoD1 solid top minus bottom","production":"2024","laser":"2016","footprints":"2022"},"geometry":{"type":"Polygon","coordinates":[[[13.779335730730583,51.07234943981758],[13.779300928191825,51.072302331705984],[13.779234113969583,51.07232175983478],[13.779268701928894,51.07236888371092],[13.779335730730583,51.07234943981758]]]}},{"type":"Feature","id":"UUID_2b4cf774-0c63-4b3f-bb3d-efc6603c9392","properties":{"id":"UUID_2b4cf774-0c63-4b3f-bb3d-efc6603c9392","height_m":2.353,"ground_m":140.207,"height_source":"LoD1 solid top minus bottom","production":"2024","laser":"2016","footprints":"2022"},"geometry":{"type":"Polygon","coordinates":[[[13.779344296119811,51.07228972704213],[13.779300928191825,51.072302331705984],[13.779321671925402,51.0723304080847],[13.779364825349035,51.072317819158705],[13.779344296119811,51.07228972704213]]]}},{"type":"Feature","id":"DESNATPU1000HGKB","properties":{"id":"DESNATPU1000HGKB","height_m":8.569,"ground_m":138.119,"height_source":"LoD1 solid top minus bottom","production":"2024","laser":"2016","footprints":"2022"},"geometry":{"type":"Polygon","coordinates":[[[13.781995469359554,51.06978881951748],[13.781909820485474,51.06980330468865],[13.78195101531231,51.06990000210061],[13.782036649847663,51.06988552574229],[13.781995469359554,51.06978881951748]]]}},{"type":"Feature","id":"UUID_69bd4dcf-7acc-4daa-8bb2-5a855bc7150f","properties":{"id":"UUID_69bd4dcf-7acc-4daa-8bb2-5a855bc7150f","height_m":8.487,"ground_m":134.794,"height_source":"LoD1 solid top minus bottom","production":"2024","laser":"2016","footprints":"2022"},"geometry":{"type":"Polygon","coordinates":[[[13.780867481952061,51.06762184046199],[13.780867539263099,51.06762183206696],[13.780867525703016,51.067621804947045],[13.780883441916004,51.067619003328254],[13.780895634091427,51.06761670243414],[13.780909540872294,51.06761432949404],[13.780889566417311,51.06757059589963],[13.780875654924476,51.067573148644584],[13.780847518495456,51.067578232874524],[13.780867481952061,51.06762184046199]]]}},{"type":"Feature","id":"UUID_1e7f5238-525a-44f0-9ac7-dfba41394b4e","properties":{"id":"UUID_1e7f5238-525a-44f0-9ac7-dfba41394b4e","height_m":9.604,"ground_m":134.794,"height_source":"LoD1 solid top minus bottom","production":"2024","laser":"2016","footprints":"2022"},"geometry":{"type":"Polygon","coordinates":[[[13.780682886782834,51.06758192922374],[13.780718926569946,51.067660632664676],[13.78087251695131,51.0676328282504],[13.780867539263099,51.06762183206696],[13.780867481952061,51.06762184046199],[13.780847518495456,51.067578232874524],[13.78084740387348,51.06757824966459],[13.780836476923652,51.067554124854844],[13.78082815856679,51.06755565679592],[13.780746989121425,51.06757036768696],[13.780682886782834,51.06758192922374]]]}},{"type":"Feature","id":"DESNATPU1000He0j","properties":{"id":"DESNATPU1000He0j","height_m":2.536,"ground_m":144.177,"height_source":"LoD1 solid top minus bottom","production":"2024","laser":"2016","footprints":"2022"},"geometry":{"type":"Polygon","coordinates":[[[13.786885110994998,51.07041274643126],[13.786930701405552,51.07044874120599],[13.786959055324337,51.070434287255644],[13.786913317508462,51.07039847081834],[13.786885110994998,51.07041274643126]]]}},{"type":"Feature","id":"UUID_eba0f406-a237-4aa9-8fd9-a3b998ef9baf","properties":{"id":"UUID_eba0f406-a237-4aa9-8fd9-a3b998ef9baf","height_m":3.259,"ground_m":121.119,"height_source":"LoD1 solid top minus bottom","production":"2024","laser":"2016","footprints":"2022"},"geometry":{"type":"Polygon","coordinates":[[[13.77345012655534,51.06734817695125],[13.77345014129921,51.067348159120336],[13.773460870849306,51.06732560979053],[13.773387163914043,51.067311706768045],[13.773376434331576,51.06733425609091],[13.77345012655534,51.06734817695125]]]}},{"type":"Feature","id":"UUID_e70a0e36-048f-46d8-82b5-e7eaa574d75d","properties":{"id":"UUID_e70a0e36-048f-46d8-82b5-e7eaa574d75d","height_m":6.375,"ground_m":121.119,"height_source":"LoD1 solid top minus bottom","production":"2024","laser":"2016","footprints":"2022"},"geometry":{"type":"Polygon","coordinates":[[[13.77345012655534,51.06734817695125],[13.773376434331576,51.06733425609091],[13.773339853325048,51.06741148028222],[13.77351183816238,51.067443860731956],[13.773520789367998,51.06744539351278],[13.773546632304111,51.067450430887284],[13.773583067937349,51.06737329503576],[13.773557362973408,51.0673684389734],[13.77345014129921,51.067348159120336],[13.77345012655534,51.06734817695125]]]}},{"type":"Feature","id":"DESNATPU1000FFpc","properties":{"id":"DESNATPU1000FFpc","height_m":15.439,"ground_m":133.173,"height_source":"LoD1 solid top minus bottom","production":"2024","laser":"2016","footprints":"2022"},"geometry":{"type":"Polygon","coordinates":[[[13.777216220451926,51.06996469271649],[13.777279742975779,51.06984530308358],[13.777209617161624,51.06983072053283],[13.777217708822812,51.06981614688597],[13.777159940547106,51.06980385186019],[13.77715183228376,51.0698190548269],[13.777118902707127,51.06981205562259],[13.7770868198237,51.06980542498045],[13.777025582334499,51.06992474849137],[13.777057665291103,51.06993137915068],[13.777216220451926,51.06996469271649]]]}},{"type":"Feature","id":"DESNATPU1000IcdY","properties":{"id":"DESNATPU1000IcdY","height_m":11.23,"ground_m":136.967,"height_source":"LoD1 solid top minus bottom","production":"2024","laser":"2016","footprints":"2022"},"geometry":{"type":"Polygon","coordinates":[[[13.77999682754232,51.06968718381547],[13.779959944947128,51.06969480244751],[13.779965649660829,51.06970583323302],[13.779945271355105,51.06971002700362],[13.779966723802056,51.06975183372232],[13.779989941001595,51.0697970941137],[13.78020246636654,51.06975380855354],[13.780179464438223,51.06970849649444],[13.78015822680371,51.069666656085694],[13.780002529899976,51.06969830450276],[13.77999682754232,51.06968718381547]]]}},{"type":"Feature","id":"DESNATPU1000BvxN","properties":{"id":"DESNATPU1000BvxN","height_m":6.415,"ground_m":165.959,"height_source":"LoD1 solid top minus bottom","production":"2024","laser":"2016","footprints":"2022"},"geometry":{"type":"Polygon","coordinates":[[[13.795005468293308,51.0730106821794],[13.794888459066435,51.07309158016732],[13.794982971809672,51.073145881885246],[13.795099541223381,51.07306542891001],[13.795005468293308,51.0730106821794]]]}},{"type":"Feature","id":"UUID_f61597aa-db8e-4ae3-a873-a747cfccc413","properties":{"id":"UUID_f61597aa-db8e-4ae3-a873-a747cfccc413","height_m":7.064,"ground_m":121.41,"height_source":"LoD1 solid top minus bottom","production":"2024","laser":"2016","footprints":"2022"},"geometry":{"type":"Polygon","coordinates":[[[13.773318933607554,51.06753010993429],[13.773276748190634,51.067516987301396],[13.773272375887649,51.0675225709219],[13.77326049862366,51.06751888510425],[13.773243525674943,51.0675405865107],[13.773255133740326,51.067544197562015],[13.773237522025505,51.06756630593337],[13.773214537291109,51.06759567806841],[13.773288942973203,51.06761879718612],[13.773350629404106,51.067539965983535],[13.773318933607554,51.06753010993429]]]}},{"type":"Feature","id":"UUID_5b7f4e7f-1699-4d52-8fa6-47407daf645d","properties":{"id":"UUID_5b7f4e7f-1699-4d52-8fa6-47407daf645d","height_m":6.875,"ground_m":121.41,"height_source":"LoD1 solid top minus bottom","production":"2024","laser":"2016","footprints":"2022"},"geometry":{"type":"Polygon","coordinates":[[[13.773195109964922,51.06755311794252],[13.773237522025505,51.06756630593337],[13.773255133740326,51.067544197562015],[13.773212495298035,51.06753093525875],[13.773195109964922,51.06755311794252]]]}},{"type":"Feature","id":"UUID_4566d925-0328-4816-9a71-8deb29e8bfdc","properties":{"id":"UUID_4566d925-0328-4816-9a71-8deb29e8bfdc","height_m":6.974,"ground_m":121.41,"height_source":"LoD1 solid top minus bottom","production":"2024","laser":"2016","footprints":"2022"},"geometry":{"type":"Polygon","coordinates":[[[13.773343454704554,51.06749876648788],[13.773301254802591,51.0674856527045],[13.773276748190634,51.067516987301396],[13.773318933607554,51.06753010993429],[13.773343454704554,51.06749876648788]]]}},{"type":"Feature","id":"DESNATPU1000EXql","properties":{"id":"DESNATPU1000EXql","height_m":7.239,"ground_m":129.633,"height_source":"LoD1 solid top minus bottom","production":"2024","laser":"2016","footprints":"2022"},"geometry":{"type":"Polygon","coordinates":[[[13.776704078713562,51.0693805558143],[13.776729711174884,51.06938280250048],[13.776742512659478,51.069324932774684],[13.776631147899337,51.06931540389478],[13.776624082459309,51.06934518611303],[13.776607282713913,51.06934357142339],[13.776588206806647,51.069422868305644],[13.776605717671448,51.069424580369244],[13.776597266032866,51.06945821498988],[13.776711608708503,51.06946849449294],[13.776724127226684,51.0694105318801],[13.776698190403154,51.06940900143308],[13.776704078713562,51.0693805558143]]]}},{"type":"Feature","id":"DESNATPU1000HMPx","properties":{"id":"DESNATPU1000HMPx","height_m":18.948,"ground_m":166.484,"height_source":"LoD1 solid top minus bottom","production":"2024","laser":"2016","footprints":"2022"},"geometry":{"type":"Polygon","coordinates":[[[13.790412077737184,51.07480928159761],[13.79042086947706,51.074811530849125],[13.790388855364364,51.07486227868728],[13.790539332931296,51.07489980701005],[13.790570764347965,51.074849502742616],[13.790583723878967,51.07482877352637],[13.790614556234248,51.07477954218509],[13.79046450243352,51.07474219819839],[13.790433382181757,51.07479151644974],[13.790424447735415,51.07478926572242],[13.790412077737184,51.07480928159761]]]}},{"type":"Feature","id":"DESNATPU1000DkZw","properties":{"id":"DESNATPU1000DkZw","height_m":2.957,"ground_m":134.81,"height_source":"LoD1 solid top minus bottom","production":"2024","laser":"2016","footprints":"2022"},"geometry":{"type":"Polygon","coordinates":[[[13.780186629218539,51.06778277674229],[13.780162753788947,51.06773000948889],[13.780142966028803,51.06773349002958],[13.78012893486758,51.06770258813893],[13.780071431268594,51.06771286928734],[13.78008546003078,51.06774386108817],[13.780110476879617,51.06779664027042],[13.780186629218539,51.06778277674229]]]}},{"type":"Feature","id":"DESNATPU1000Bh6G","properties":{"id":"DESNATPU1000Bh6G","height_m":6.27,"ground_m":148.309,"height_source":"LoD1 solid top minus bottom","production":"2024","laser":"2016","footprints":"2022"},"geometry":{"type":"Polygon","coordinates":[[[13.785709674736724,51.07183841085512],[13.785693452601658,51.07183158764635],[13.785645002685692,51.07187755915141],[13.785661202407601,51.07188414832086],[13.78572740685063,51.071911886485026],[13.785788046850875,51.0719373545762],[13.785836918203074,51.071891639189005],[13.785709674736724,51.07183841085512]]]}},{"type":"Feature","id":"DESNATPU1000Cqea","properties":{"id":"DESNATPU1000Cqea","height_m":2.442,"ground_m":136.777,"height_source":"LoD1 solid top minus bottom","production":"2024","laser":"2016","footprints":"2022"},"geometry":{"type":"Polygon","coordinates":[[[13.78116528148855,51.07095144398017],[13.781166967340273,51.071001371691324],[13.781281317618927,51.071000675546365],[13.781284055261384,51.07095079395954],[13.78116528148855,51.07095144398017]]]}},{"type":"Feature","id":"UUID_2bdad395-9cc7-4009-ad06-bd52ea31b8d2","properties":{"id":"UUID_2bdad395-9cc7-4009-ad06-bd52ea31b8d2","height_m":24.702,"ground_m":128.274,"height_source":"LoD1 solid top minus bottom","production":"2024","laser":"2016","footprints":"2022"},"geometry":{"type":"Polygon","coordinates":[[[13.777861177717725,51.06811950143771],[13.777956695359999,51.068106876018724],[13.777962414735166,51.068106486175424],[13.77796069948361,51.06810116247639],[13.777933931686622,51.06802282490352],[13.77783268306537,51.06803682922989],[13.777736419590644,51.06805013919531],[13.777765058365013,51.06813221041492],[13.777861177717725,51.06811950143771]]]}},{"type":"Feature","id":"UUID_3f275d51-b9bf-443f-ba32-a53be4f4b84c","properties":{"id":"UUID_3f275d51-b9bf-443f-ba32-a53be4f4b84c","height_m":24.555,"ground_m":128.274,"height_source":"LoD1 solid top minus bottom","production":"2024","laser":"2016","footprints":"2022"},"geometry":{"type":"Polygon","coordinates":[[[13.77825008250368,51.06797909753805],[13.77844739353591,51.06795180725707],[13.778407360254299,51.06782759365488],[13.778395182105724,51.06782935486717],[13.777705006006343,51.067919531660095],[13.777691669727732,51.06792191018571],[13.777736419590644,51.06805013919531],[13.777933931686622,51.06802282490352],[13.778153401141601,51.067992025779546],[13.77825008250368,51.06797909753805]]]}},{"type":"Feature","id":"UUID_ec8e203e-86b6-4bfb-a237-0bff80044e5c","properties":{"id":"UUID_ec8e203e-86b6-4bfb-a237-0bff80044e5c","height_m":24.654,"ground_m":128.274,"height_source":"LoD1 solid top minus bottom","production":"2024","laser":"2016","footprints":"2022"},"geometry":{"type":"Polygon","coordinates":[[[13.77844739353591,51.06795180725707],[13.778349525909192,51.06796534376742],[13.77825008250368,51.06797909753805],[13.77827643760946,51.06806228684786],[13.778280161707805,51.06806178620494],[13.778376333595295,51.06804923922483],[13.778471645989283,51.06803680908271],[13.778474654275723,51.06803639088093],[13.77844739353591,51.06795180725707]]]}},{"type":"Feature","id":"DESNATPU1000H8Hu","properties":{"id":"DESNATPU1000H8Hu","height_m":3.671,"ground_m":136.905,"height_source":"LoD1 solid top minus bottom","production":"2024","laser":"2016","footprints":"2022"},"geometry":{"type":"Polygon","coordinates":[[[13.779176212962113,51.0711860817662],[13.779220193842459,51.071196253365926],[13.779299423612754,51.071174149151936],[13.779423796289104,51.07113974649875],[13.779415013678195,51.07112634541576],[13.779396906063424,51.07109845844544],[13.779392737082485,51.07109958397594],[13.779271015843669,51.07113086680105],[13.779255912766804,51.07112441409353],[13.779176212962113,51.0711860817662]]]}},{"type":"Feature","id":"DESNATPU1000GMav","properties":{"id":"DESNATPU1000GMav","height_m":4.472,"ground_m":140.308,"height_source":"LoD1 solid top minus bottom","production":"2024","laser":"2016","footprints":"2022"},"geometry":{"type":"Polygon","coordinates":[[[13.782561395581181,51.07162886321829],[13.782553993332249,51.07163571058606],[13.782645296127928,51.07167242595704],[13.782701477685801,51.07161694986493],[13.78261690706381,51.07157934242309],[13.782561395581181,51.07162886321829]]]}},{"type":"Feature","id":"DESNATPU1000Bl3C","properties":{"id":"DESNATPU1000Bl3C","height_m":13.588,"ground_m":135.676,"height_source":"LoD1 solid top minus bottom","production":"2024","laser":"2016","footprints":"2022"},"geometry":{"type":"Polygon","coordinates":[[[13.782130156225373,51.06780275599179],[13.78206393287991,51.067671094509116],[13.781873181058042,51.067709079766516],[13.781939195417717,51.067841071914685],[13.782130156225373,51.06780275599179]]]}},{"type":"Feature","id":"DESNATPU1000BACV","properties":{"id":"DESNATPU1000BACV","height_m":3.24,"ground_m":136.999,"height_source":"LoD1 solid top minus bottom","production":"2024","laser":"2016","footprints":"2022"},"geometry":{"type":"Polygon","coordinates":[[[13.779120273977018,51.071158429108365],[13.779072047325034,51.071195695198895],[13.779131332256151,51.07122095476741],[13.779220193842459,51.071196253365926],[13.779176212962113,51.0711860817662],[13.779120273977018,51.071158429108365]]]}},{"type":"Feature","id":"DESNATPU1000Hmqu","properties":{"id":"DESNATPU1000Hmqu","height_m":9.692,"ground_m":136.569,"height_source":"LoD1 solid top minus bottom","production":"2024","laser":"2016","footprints":"2022"},"geometry":{"type":"Polygon","coordinates":[[[13.781818445867954,51.068450605839544],[13.781660244753493,51.06847998214825],[13.781695251580295,51.06855462773191],[13.78185345292873,51.06852525137777],[13.781818445867954,51.068450605839544]]]}},{"type":"Feature","id":"UUID_9ab1b597-57f1-4edc-b5a6-9785db309f85","properties":{"id":"UUID_9ab1b597-57f1-4edc-b5a6-9785db309f85","height_m":12.825,"ground_m":133.25,"height_source":"LoD1 solid top minus bottom","production":"2024","laser":"2016","footprints":"2022"},"geometry":{"type":"Polygon","coordinates":[[[13.77744611361471,51.06967950711293],[13.77743830666952,51.06969357116281],[13.77751101651161,51.06971029391651],[13.777519193199044,51.06969573912385],[13.77744611361471,51.06967950711293]]]}},{"type":"Feature","id":"UUID_2b70c9d2-86fc-45f0-98b6-30db4f801923","properties":{"id":"UUID_2b70c9d2-86fc-45f0-98b6-30db4f801923","height_m":13.158,"ground_m":133.25,"height_source":"LoD1 solid top minus bottom","production":"2024","laser":"2016","footprints":"2022"},"geometry":{"type":"Polygon","coordinates":[[[13.77732037827394,51.06976029636293],[13.777517183166495,51.06980453123376],[13.777560784334794,51.0697261202098],[13.777562743569888,51.06972218385943],[13.777510656992538,51.06971093763939],[13.77751101651161,51.06971029391651],[13.77743830666952,51.06969357116281],[13.777437572649623,51.069694885429904],[13.777365256312061,51.06967677285918],[13.77732037827394,51.06976029636293]]]}},{"type":"Feature","id":"DESNATPU1000F9Lz","properties":{"id":"DESNATPU1000F9Lz","height_m":14.637,"ground_m":135.099,"height_source":"LoD1 solid top minus bottom","production":"2024","laser":"2016","footprints":"2022"},"geometry":{"type":"Polygon","coordinates":[[[13.779198061810375,51.06931418491426],[13.779209703297102,51.069349108719166],[13.779214333250462,51.069363006019906],[13.77922611035728,51.069398201023894],[13.779231009147336,51.06941273062907],[13.779242372393337,51.06944738173934],[13.779246245556008,51.069457494149994],[13.779326018641532,51.06944717619122],[13.779327710444953,51.06945339890542],[13.779321118201482,51.069454409197576],[13.779346002594396,51.06952850012845],[13.779391687173062,51.069522682244795],[13.779413749377763,51.069519585293655],[13.779464887011107,51.06951265525962],[13.779478349799184,51.069510907349354],[13.779500623267479,51.06950520467015],[13.779542387277006,51.06949107239475],[13.779603320862709,51.069453579070164],[13.779639852297079,51.06940503955399],[13.779647391999877,51.0693788592403],[13.779648310365182,51.0693656493834],[13.779651639147694,51.06928250055316],[13.779683749602775,51.06928265594912],[13.779684741156618,51.069250382077286],[13.77965220974155,51.069249952501785],[13.779659988594428,51.06899760525228],[13.77965329602519,51.068948164792324],[13.779636874727418,51.06894844298156],[13.779558957551249,51.06895878052862],[13.779561009386171,51.0688916255825],[13.779527206633624,51.06889612874795],[13.779523739750159,51.06899537328749],[13.779553674165896,51.0689968549211],[13.779536523224444,51.06912797101578],[13.77934201716064,51.06915372768887],[13.779286046159859,51.06898632632503],[13.779208273902416,51.06899657522402],[13.779193863069878,51.06895298938367],[13.779160778425174,51.06895732008737],[13.779175474610284,51.06900090891232],[13.77909684142641,51.06901132860148],[13.779198061810375,51.06931418491426]],[[13.779433448819214,51.069427254891046],[13.77938185253229,51.069272579142954],[13.779532955497412,51.06925275410828],[13.779529354594276,51.06936251884229],[13.77952677908008,51.06937903873819],[13.77952323465764,51.06938898375823],[13.779493459298504,51.06941942828977],[13.77944285155764,51.069438773961046],[13.779433448819214,51.069427254891046]]]}},{"type":"Feature","id":"UUID_7bf76a47-f7cf-489d-afa1-660c99fa4a53","properties":{"id":"UUID_7bf76a47-f7cf-489d-afa1-660c99fa4a53","height_m":2.818,"ground_m":143.658,"height_source":"LoD1 solid top minus bottom","production":"2024","laser":"2016","footprints":"2022"},"geometry":{"type":"Polygon","coordinates":[[[13.790266819817417,51.0696727678966],[13.790133560455194,51.069565651118225],[13.79009994041952,51.069582326505945],[13.790099882638774,51.069582352886286],[13.790208663775081,51.06966974690881],[13.790208678278882,51.069669738066125],[13.790233185481316,51.06968944317446],[13.790266819817417,51.0696727678966]]]}},{"type":"Feature","id":"UUID_c35a4c1f-5de5-41fe-a6c7-299667749796","properties":{"id":"UUID_c35a4c1f-5de5-41fe-a6c7-299667749796","height_m":15.237,"ground_m":143.658,"height_source":"LoD1 solid top minus bottom","production":"2024","laser":"2016","footprints":"2022"},"geometry":{"type":"Polygon","coordinates":[[[13.789735910635743,51.0697335758613],[13.789719874291093,51.06972072994801],[13.789667752782067,51.06967897618275],[13.789562928098386,51.06973102920702],[13.789186386820592,51.069917480049654],[13.789241542930705,51.06996163057252],[13.78925752355364,51.06997442201705],[13.789313840472525,51.07001949280314],[13.789380101539114,51.06998651002663],[13.789671543698251,51.06984225296804],[13.789795120769597,51.06978100551244],[13.789735910635743,51.0697335758613]]]}},{"type":"Feature","id":"UUID_728a7263-b2a2-4373-b3d1-4e91d889ae41","properties":{"id":"UUID_728a7263-b2a2-4373-b3d1-4e91d889ae41","height_m":15.379,"ground_m":143.658,"height_source":"LoD1 solid top minus bottom","production":"2024","laser":"2016","footprints":"2022"},"geometry":{"type":"Polygon","coordinates":[[[13.78925752355364,51.06997442201705],[13.789231119099382,51.069987502830614],[13.789287435069669,51.0700326095908],[13.789300970076669,51.07002589726554],[13.789313840472525,51.07001949280314],[13.78925752355364,51.06997442201705]]]}},{"type":"Feature","id":"UUID_f40a969f-24c4-49d0-b6a1-f2addaf3c2a3","properties":{"id":"UUID_f40a969f-24c4-49d0-b6a1-f2addaf3c2a3","height_m":15.276,"ground_m":143.658,"height_source":"LoD1 solid top minus bottom","production":"2024","laser":"2016","footprints":"2022"},"geometry":{"type":"Polygon","coordinates":[[[13.789671543698251,51.06984225296804],[13.78969312965609,51.06985958081623],[13.78974319411379,51.0698997665051],[13.789774716359448,51.069884184607695],[13.78986699791592,51.069838584271174],[13.789795120769597,51.06978100551244],[13.789671543698251,51.06984225296804]]]}},{"type":"Feature","id":"UUID_015d1f8c-1ce7-494e-839b-1bb716b38588","properties":{"id":"UUID_015d1f8c-1ce7-494e-839b-1bb716b38588","height_m":15.475,"ground_m":143.658,"height_source":"LoD1 solid top minus bottom","production":"2024","laser":"2016","footprints":"2022"},"geometry":{"type":"Polygon","coordinates":[[[13.789215456630792,51.06997455280758],[13.789241542930705,51.06996163057252],[13.789186386820592,51.069917480049654],[13.789160329304107,51.06993039357782],[13.789215456630792,51.06997455280758]]]}},{"type":"Feature","id":"UUID_0c834356-72db-4462-8a98-cc428cd2e9f0","properties":{"id":"UUID_0c834356-72db-4462-8a98-cc428cd2e9f0","height_m":15.367,"ground_m":143.658,"height_source":"LoD1 solid top minus bottom","production":"2024","laser":"2016","footprints":"2022"},"geometry":{"type":"Polygon","coordinates":[[[13.789719874291093,51.06972072994801],[13.7897400460348,51.06971074096606],[13.789687910718186,51.06966896908114],[13.789667752782067,51.06967897618275],[13.789719874291093,51.06972072994801]]]}},{"type":"Feature","id":"UUID_4497ae86-ee5f-4784-a92e-249f8a8589cd","properties":{"id":"UUID_4497ae86-ee5f-4784-a92e-249f8a8589cd","height_m":14.4,"ground_m":143.658,"height_source":"LoD1 solid top minus bottom","production":"2024","laser":"2016","footprints":"2022"},"geometry":{"type":"Polygon","coordinates":[[[13.78969312965609,51.06985958081623],[13.78966898566271,51.06987137218422],[13.789719133148976,51.06991165766402],[13.78974319411379,51.0698997665051],[13.78969312965609,51.06985958081623]]]}},{"type":"Feature","id":"UUID_efcccb6c-5b0a-437c-a974-465c30fdef71","properties":{"id":"UUID_efcccb6c-5b0a-437c-a974-465c30fdef71","height_m":15.291,"ground_m":143.658,"height_source":"LoD1 solid top minus bottom","production":"2024","laser":"2016","footprints":"2022"},"geometry":{"type":"Polygon","coordinates":[[[13.790099882638774,51.069582352886286],[13.79009994041952,51.069582326505945],[13.79007730439609,51.06956421448061],[13.789735910635743,51.0697335758613],[13.78986699791592,51.069838584271174],[13.790176028542776,51.069685874957024],[13.790208663775081,51.06966974690881],[13.790099882638774,51.069582352886286]]]}},{"type":"Feature","id":"DESNATPU1000Gp1T","properties":{"id":"DESNATPU1000Gp1T","height_m":3.611,"ground_m":143.139,"height_source":"LoD1 solid top minus bottom","production":"2024","laser":"2016","footprints":"2022"},"geometry":{"type":"Polygon","coordinates":[[[13.783439939018463,51.07212685086782],[13.783376151059102,51.072175197771806],[13.783431068989769,51.07220382695639],[13.783494711873756,51.07215556844097],[13.783439939018463,51.07212685086782]]]}},{"type":"Feature","id":"DESNATPU1000FUkk","properties":{"id":"DESNATPU1000FUkk","height_m":9.567,"ground_m":139.036,"height_source":"LoD1 solid top minus bottom","production":"2024","laser":"2016","footprints":"2022"},"geometry":{"type":"Polygon","coordinates":[[[13.785100851126257,51.069039797480436],[13.785103585446812,51.06904112086687],[13.785105675626639,51.0690419699315],[13.785107839741768,51.06904272084362],[13.785110092061354,51.06904337375149],[13.78511240404705,51.069043928358525],[13.785115728202085,51.06904452945726],[13.785119129117176,51.06904492451896],[13.78512159438758,51.06904507604229],[13.785124076751922,51.069045119829454],[13.785126547671844,51.069045055583814],[13.785129007147336,51.06904488330536],[13.785132400945129,51.069044459946376],[13.785135110999803,51.06904398451651],[13.785137709490416,51.069043409006056],[13.78514022542607,51.06904271573084],[13.785142672840525,51.069041913829565],[13.785145023195438,51.06904100300564],[13.785147261986234,51.06903999210113],[13.78514938897752,51.0690388901064],[13.785151433649181,51.06903766135657],[13.785153308738485,51.06903636789444],[13.785155014480832,51.06903500072959],[13.78515656491,51.06903356900073],[13.785157960025996,51.06903207270788],[13.78515918555967,51.06903051170271],[13.785160226535698,51.06902891280803],[13.785161097694044,51.06902725819145],[13.785161784765554,51.06902554770462],[13.785161847256136,51.069025341519335],[13.785162142469366,51.06902387875856],[13.785162280721805,51.06902241436639],[13.785162262013477,51.06902094834284],[13.785162071839842,51.06901948952995],[13.785161738739236,51.06901803822436],[13.785161219668806,51.0690166029715],[13.785160556965272,51.06901520219706],[13.785159613351004,51.06901362763939],[13.78515947560259,51.06901343735854],[13.785158468320873,51.069012113937994],[13.785157317170691,51.06901083398622],[13.78515602168128,51.06900961548393],[13.785154596121803,51.06900845857945],[13.785153054761416,51.06900736342106],[13.785151383095581,51.069006338850826],[13.785149609662605,51.069005385165376],[13.785147451668688,51.06900440050442],[13.785185168834925,51.06897575471517],[13.785154501859736,51.068959725526135],[13.785116784452539,51.06898838029588],[13.785073966121363,51.0689660017548],[13.78507497926676,51.06896437559314],[13.78507550928936,51.0689632120362],[13.785075925629608,51.06896202931196],[13.785076284983806,51.06896029743357],[13.78507637345971,51.06895855374677],[13.785076262312513,51.068957347554026],[13.785076022743063,51.0689561400264],[13.785075439392395,51.06895443432048],[13.785074953716547,51.068953359127015],[13.78507345638061,51.06895058276842],[13.785071657509725,51.06894787521806],[13.785069556633125,51.0689452544567],[13.785067181818308,51.068942738761656],[13.78506451879617,51.068940327984606],[13.785061609903327,51.068938040551245],[13.785057176658327,51.068935098782944],[13.785052322075966,51.068932440405],[13.785048570743768,51.06893071076198],[13.785044629440346,51.0689291500077],[13.785040526468528,51.06892776742912],[13.78503627609741,51.06892656317458],[13.78503190639439,51.068925555521425],[13.785025711655429,51.06892447494039],[13.785022923851738,51.068924104234725],[13.785020118718569,51.06892385025548],[13.785017281515936,51.06892373083507],[13.785014455522036,51.06892372843772],[13.785011611963176,51.068923851757155],[13.785008793646718,51.068924101238345],[13.785006014841768,51.068924477029626],[13.785003290052856,51.06892497028895],[13.78500061927996,51.06892558101633],[13.784998016792192,51.068926309360094],[13.784951509505492,51.06890200393514],[13.784918539580332,51.06892704791688],[13.784884606085448,51.06890931203471],[13.784834029913704,51.06894772513242],[13.784867963416845,51.06896546102921],[13.784839173173935,51.06898732001975],[13.784884173934127,51.06901083644493],[13.784861543135436,51.069028038245314],[13.784990631749972,51.06909550438205],[13.784995641108988,51.06909170752901],[13.785017479750165,51.06910312160386],[13.785100851126257,51.069039797480436]]]}},{"type":"Feature","id":"DESNATPU1000C5rO","properties":{"id":"DESNATPU1000C5rO","height_m":13.46,"ground_m":136.843,"height_source":"LoD1 solid top minus bottom","production":"2024","laser":"2016","footprints":"2022"},"geometry":{"type":"Polygon","coordinates":[[[13.778847349375813,51.07081178261842],[13.778994648375088,51.07084992220171],[13.779048170590428,51.07077413226808],[13.779081636064987,51.070728258750194],[13.779008373005846,51.07070806897027],[13.778935844787881,51.070687077467156],[13.778847349375813,51.07081178261842]]]}},{"type":"Feature","id":"DESNATPU1000GQLM","properties":{"id":"DESNATPU1000GQLM","height_m":8.896,"ground_m":144.136,"height_source":"LoD1 solid top minus bottom","production":"2024","laser":"2016","footprints":"2022"},"geometry":{"type":"Polygon","coordinates":[[[13.786694644022793,51.07021850311296],[13.786707664565965,51.070217289348456],[13.786703515156558,51.07019584337955],[13.786568062056919,51.07019578617761],[13.786555048570259,51.0701967302154],[13.786535506369443,51.07019625755037],[13.786541567892481,51.07022590683717],[13.786546895841417,51.07025195138223],[13.786681875433647,51.070242831022846],[13.786699183900096,51.070241391985526],[13.786694644022793,51.07021850311296]]]}},{"type":"Feature","id":"DESNATPU1000HIEN","properties":{"id":"DESNATPU1000HIEN","height_m":6.611,"ground_m":145.235,"height_source":"LoD1 solid top minus bottom","production":"2024","laser":"2016","footprints":"2022"},"geometry":{"type":"Polygon","coordinates":[[[13.787068296365607,51.07044333459536],[13.787044862303258,51.070455231711556],[13.787094803604818,51.0704940593442],[13.787252728165162,51.07061737076966],[13.787798245662941,51.0703393962458],[13.787769145126838,51.070316882194696],[13.787819914840426,51.07029123964021],[13.787787602792307,51.07026599444373],[13.78780756724913,51.070255769830965],[13.787743357242514,51.07020582328494],[13.78767261841193,51.07024187020749],[13.787590089017717,51.07017743499307],[13.787068296365607,51.07044333459536]]]}},{"type":"Feature","id":"DESNATPU1000I1HU","properties":{"id":"DESNATPU1000I1HU","height_m":3.113,"ground_m":167.072,"height_source":"LoD1 solid top minus bottom","production":"2024","laser":"2016","footprints":"2022"},"geometry":{"type":"Polygon","coordinates":[[[13.793704562422032,51.073892587423174],[13.793592735257368,51.07397164910863],[13.79366336436731,51.07401122696491],[13.793775189171697,51.073932255116134],[13.793704562422032,51.073892587423174]]]}},{"type":"Feature","id":"DESNATP1Ak0000QN","properties":{"id":"DESNATP1Ak0000QN","height_m":4.11,"ground_m":139.938,"height_source":"LoD1 solid top minus bottom","production":"2024","laser":"2016","footprints":"2022"},"geometry":{"type":"Polygon","coordinates":[[[13.7843520717396,51.06976002564879],[13.784355335953492,51.06979996072297],[13.784498161531669,51.069795330969654],[13.784496463412621,51.069774611848196],[13.784494882925648,51.06975539575021],[13.784403851251303,51.069758540784996],[13.7843520717396,51.06976002564879]]]}},{"type":"Feature","id":"DESNATP1Ak0000RX","properties":{"id":"DESNATP1Ak0000RX","height_m":9.142,"ground_m":157.596,"height_source":"LoD1 solid top minus bottom","production":"2024","laser":"2016","footprints":"2022"},"geometry":{"type":"Polygon","coordinates":[[[13.78836328282203,51.07225149696591],[13.78831210694499,51.07230191073481],[13.788363058728795,51.07232238496077],[13.788370752162022,51.07232567514319],[13.788433758617892,51.07235078868497],[13.788484960141574,51.072300483043016],[13.78836328282203,51.07225149696591]]]}},{"type":"Feature","id":"DESNATPU1000BYvp","properties":{"id":"DESNATPU1000BYvp","height_m":19.93,"ground_m":133.863,"height_source":"LoD1 solid top minus bottom","production":"2024","laser":"2016","footprints":"2022"},"geometry":{"type":"Polygon","coordinates":[[[13.779175960215495,51.06895532937542],[13.779193863069878,51.06895298938367],[13.779271777948166,51.068942741984],[13.77926766437955,51.068930918426425],[13.779228844971398,51.06881144803828],[13.779196573649084,51.06871434822371],[13.779164438052133,51.06861751960048],[13.77912663691067,51.06849734038035],[13.778933693404268,51.06852347240196],[13.779081289165516,51.06896773082421],[13.779160778425174,51.06895732008737],[13.779175960215495,51.06895532937542]]]}},{"type":"Feature","id":"DESNATP1Ak0000RP","properties":{"id":"DESNATP1Ak0000RP","height_m":9.333,"ground_m":156.048,"height_source":"LoD1 solid top minus bottom","production":"2024","laser":"2016","footprints":"2022"},"geometry":{"type":"Polygon","coordinates":[[[13.788639376508714,51.0720501139209],[13.788588398000924,51.072029576587234],[13.78853739385717,51.07207999223473],[13.788658943659403,51.07212893184732],[13.788709845253857,51.072078614005655],[13.788647392779536,51.072053065704345],[13.788639376508714,51.0720501139209]]]}},{"type":"Feature","id":"UUID_91245faf-5764-4c5b-a059-e5c5a80a380e","properties":{"id":"UUID_91245faf-5764-4c5b-a059-e5c5a80a380e","height_m":9.206,"ground_m":136.003,"height_source":"LoD1 solid top minus bottom","production":"2024","laser":"2016","footprints":"2022"},"geometry":{"type":"Polygon","coordinates":[[[13.784148076666158,51.068303045840985],[13.784180583082414,51.06829623468839],[13.784139504278755,51.068218406188706],[13.784106997911389,51.068225217330294],[13.784148076666158,51.068303045840985]]]}},{"type":"Feature","id":"UUID_45727ed9-45f1-4b3c-b995-5dfe4f6b084a","properties":{"id":"UUID_45727ed9-45f1-4b3c-b995-5dfe4f6b084a","height_m":12.256,"ground_m":136.003,"height_source":"LoD1 solid top minus bottom","production":"2024","laser":"2016","footprints":"2022"},"geometry":{"type":"Polygon","coordinates":[[[13.784264238638343,51.06827870554179],[13.784335049486295,51.06826386648672],[13.784283216098103,51.068165602412066],[13.784300069804155,51.068148808260894],[13.784292738494585,51.068136636666466],[13.784278411549192,51.068131622534665],[13.78426753535615,51.068127822352764],[13.784250539140299,51.06813207902793],[13.78423567384502,51.06814815644359],[13.784192217246018,51.06815726378374],[13.784187772520468,51.06815639920328],[13.784184231816726,51.06815589474624],[13.784180630032795,51.06815554253167],[13.784177009739734,51.068155351995166],[13.784173370937507,51.06815532313675],[13.784169727894966,51.068155456104854],[13.78416612341874,51.06815575134476],[13.784162557744361,51.06815619986608],[13.784158083706872,51.06815699865102],[13.784153745761984,51.068158050650396],[13.784150451566056,51.06815903257165],[13.78414729605407,51.068160168813364],[13.784144251394954,51.06816143210761],[13.784141374664259,51.06816282304806],[13.784138651357505,51.06816435047673],[13.784136096685893,51.06816597858054],[13.784133738716049,51.06816772563714],[13.78413100753303,51.06817009830863],[13.784115694515691,51.0681733023283],[13.784139504278755,51.068218406188706],[13.784180583082414,51.06829623468839],[13.784264238638343,51.06827870554179]]]}},{"type":"Feature","id":"UUID_ebe2437d-3924-4baf-9626-eb08cb052d09","properties":{"id":"UUID_ebe2437d-3924-4baf-9626-eb08cb052d09","height_m":6.231,"ground_m":136.003,"height_source":"LoD1 solid top minus bottom","production":"2024","laser":"2016","footprints":"2022"},"geometry":{"type":"Polygon","coordinates":[[[13.784264238638343,51.06827870554179],[13.784274192598042,51.06829755010926],[13.784295270883703,51.06830146539627],[13.784335613339245,51.06829300908248],[13.784344445532867,51.06828167107135],[13.784335049486295,51.06826386648672],[13.784264238638343,51.06827870554179]]]}},{"type":"Feature","id":"DESNATPU1000B6bY","properties":{"id":"DESNATPU1000B6bY","height_m":15.216,"ground_m":151.563,"height_source":"LoD1 solid top minus bottom","production":"2024","laser":"2016","footprints":"2022"},"geometry":{"type":"Polygon","coordinates":[[[13.787665928370338,51.07177066877631],[13.78767158469438,51.071772705861676],[13.787669387809254,51.071774841350376],[13.787745664606527,51.07180554255091],[13.787822365378316,51.071836409968626],[13.787841117258129,51.071817989317545],[13.78786456002295,51.07179485111957],[13.787928728012362,51.0717317575126],[13.78786022078919,51.07170415858861],[13.787866383307655,51.07169774767183],[13.78783898138316,51.071686672131044],[13.787832395460422,51.07169289879928],[13.787776033693206,51.07167028189749],[13.78769487777216,51.071749835929126],[13.787688943097258,51.07174752617357],[13.787665928370338,51.07177066877631]]]}},{"type":"Feature","id":"DESNATPU1000EsHP","properties":{"id":"DESNATPU1000EsHP","height_m":5.242,"ground_m":121.211,"height_source":"LoD1 solid top minus bottom","production":"2024","laser":"2016","footprints":"2022"},"geometry":{"type":"Polygon","coordinates":[[[13.773519496427419,51.06753048806059],[13.773444757292543,51.06751674510861],[13.773400136193029,51.06761303966506],[13.773474889737479,51.06762678279605],[13.773519496427419,51.06753048806059]]]}},{"type":"Feature","id":"DESNATPU1000CVo0","properties":{"id":"DESNATPU1000CVo0","height_m":2.511,"ground_m":137.835,"height_source":"LoD1 solid top minus bottom","production":"2024","laser":"2016","footprints":"2022"},"geometry":{"type":"Polygon","coordinates":[[[13.787945362860453,51.06832482287548],[13.787987215752024,51.06836725332455],[13.788203824994392,51.06828181929561],[13.788161826941778,51.06823947734709],[13.787945362860453,51.06832482287548]]]}},{"type":"Feature","id":"DESNATPU1000J0TO","properties":{"id":"DESNATPU1000J0TO","height_m":9.621,"ground_m":135.629,"height_source":"LoD1 solid top minus bottom","production":"2024","laser":"2016","footprints":"2022"},"geometry":{"type":"Polygon","coordinates":[[[13.784212232294701,51.06792775941628],[13.784153279883652,51.06781415141843],[13.784086379520168,51.06782793391868],[13.784083146575208,51.06782167725579],[13.784062935663174,51.06781517202802],[13.784032384965906,51.06782143694572],[13.784022117219969,51.06783418086482],[13.784025160525184,51.067840048865285],[13.783968433445093,51.0678517698653],[13.784008193569806,51.06792815485483],[13.78412049835509,51.0679050065878],[13.784139938672642,51.06794255599314],[13.784212232294701,51.06792775941628]]]}},{"type":"Feature","id":"UUID_995026a5-bf07-4649-b1c9-1560f6eec300","properties":{"id":"UUID_995026a5-bf07-4649-b1c9-1560f6eec300","height_m":2.86,"ground_m":146.388,"height_source":"LoD1 solid top minus bottom","production":"2024","laser":"2016","footprints":"2022"},"geometry":{"type":"Polygon","coordinates":[[[13.786066043504357,51.07135864993999],[13.786091952780131,51.071334008931736],[13.78608757616416,51.071332164916],[13.78609124007652,51.07132851591432],[13.786095758450145,51.07133039737339],[13.786095788166028,51.07133035271793],[13.786091281664607,51.07132847626948],[13.786034677170477,51.071304906868356],[13.786034603939232,51.0713049780503],[13.786058479761657,51.07131495624419],[13.786055255705705,51.07131816017246],[13.786031250983056,51.07130819862479],[13.786005042177738,51.07133337607754],[13.786066043504357,51.07135864993999]]]}},{"type":"Feature","id":"UUID_da6f5563-8b1c-471d-8b38-d7f328181aeb","properties":{"id":"UUID_da6f5563-8b1c-471d-8b38-d7f328181aeb","height_m":19.486,"ground_m":146.388,"height_source":"LoD1 solid top minus bottom","production":"2024","laser":"2016","footprints":"2022"},"geometry":{"type":"Polygon","coordinates":[[[13.786034677170477,51.071304906868356],[13.786095788166028,51.07133035271793],[13.786095758450145,51.07133039737339],[13.786173984204321,51.07136291841161],[13.786253178754883,51.071287481750915],[13.786210975610322,51.07126985823769],[13.786096734082761,51.071222187998494],[13.786052822990863,51.07120383625754],[13.785973340512276,51.07127935972172],[13.786034603939232,51.0713049780503],[13.786034677170477,51.071304906868356]]]}},{"type":"Feature","id":"UUID_4a17414f-3cff-460f-acef-d184d501fcfa","properties":{"id":"UUID_4a17414f-3cff-460f-acef-d184d501fcfa","height_m":13.863,"ground_m":133.653,"height_source":"LoD1 solid top minus bottom","production":"2024","laser":"2016","footprints":"2022"},"geometry":{"type":"Polygon","coordinates":[[[13.777526188409848,51.06990696371877],[13.777526113036007,51.0699071158084],[13.77761885072054,51.069927555160085],[13.777619300593388,51.06992673252541],[13.777592616241504,51.06992105776301],[13.777598612971055,51.06991014923735],[13.777532334953186,51.06989578697873],[13.777526188409848,51.06990696371877]]]}},{"type":"Feature","id":"UUID_e1554242-593b-405e-b374-04080bc6144a","properties":{"id":"UUID_e1554242-593b-405e-b374-04080bc6144a","height_m":14.994,"ground_m":133.653,"height_source":"LoD1 solid top minus bottom","production":"2024","laser":"2016","footprints":"2022"},"geometry":{"type":"Polygon","coordinates":[[[13.77761885072054,51.069927555160085],[13.777526113036007,51.0699071158084],[13.777526188409848,51.06990696371877],[13.777467575618147,51.06989421037221],[13.777436304166628,51.06995049309435],[13.777405541488509,51.07000588184752],[13.777556686767465,51.07003874873668],[13.777597559846907,51.07004763844888],[13.777628456729428,51.069992565798486],[13.777659862382254,51.06993659917822],[13.777619300593388,51.06992673252541],[13.77761885072054,51.069927555160085]]]}},{"type":"Feature","id":"DESNATP1Ak0000Qz","properties":{"id":"DESNATP1Ak0000Qz","height_m":2.35,"ground_m":145.32,"height_source":"LoD1 solid top minus bottom","production":"2024","laser":"2016","footprints":"2022"},"geometry":{"type":"Polygon","coordinates":[[[13.78496188247731,51.071600639702275],[13.784939210172311,51.0716221036767],[13.785009267362835,51.071651492015675],[13.785031939650247,51.07163002802766],[13.785020898729847,51.07162539887018],[13.78496188247731,51.071600639702275]]]}},{"type":"Feature","id":"DESNATPU1000CTSH","properties":{"id":"DESNATPU1000CTSH","height_m":3.435,"ground_m":137.768,"height_source":"LoD1 solid top minus bottom","production":"2024","laser":"2016","footprints":"2022"},"geometry":{"type":"Polygon","coordinates":[[[13.784326953680258,51.06869380984821],[13.784277012058975,51.068731419953245],[13.784323047703298,51.068755729736544],[13.784372989314102,51.068718119611944],[13.784326953680258,51.06869380984821]]]}},{"type":"Feature","id":"DESNATPU1000CnYY","properties":{"id":"DESNATPU1000CnYY","height_m":18.803,"ground_m":164.587,"height_source":"LoD1 solid top minus bottom","production":"2024","laser":"2016","footprints":"2022"},"geometry":{"type":"Polygon","coordinates":[[[13.790139190795475,51.075415000444565],[13.790080193789825,51.07550962357223],[13.790158485351926,51.0755290490449],[13.790156248538835,51.07553271294259],[13.790190714162463,51.075541253119695],[13.790192805916675,51.075537677648036],[13.790272938762845,51.075557661669144],[13.790332513319713,51.075462774639014],[13.790250958183321,51.075442596081835],[13.790218050725676,51.07543452168906],[13.790139190795475,51.075415000444565]]]}},{"type":"Feature","id":"DESNATPU1000JD1B","properties":{"id":"DESNATPU1000JD1B","height_m":16.666,"ground_m":127.674,"height_source":"LoD1 solid top minus bottom","production":"2024","laser":"2016","footprints":"2022"},"geometry":{"type":"Polygon","coordinates":[[[13.776228942537163,51.069136373016036],[13.776194386427106,51.06927764816336],[13.776392191940781,51.06929464716877],[13.77639688005423,51.0692738328989],[13.776398361064821,51.06926638436043],[13.776399799399076,51.06926055408317],[13.776401594242953,51.06925202969132],[13.776421383364008,51.06925394548935],[13.776431720017722,51.06920837015906],[13.776412496940747,51.06920664014477],[13.776424759264753,51.069152991433256],[13.776402256676455,51.069151137157796],[13.776228942537163,51.069136373016036]]]}},{"type":"Feature","id":"UUID_433dd76c-9a8a-4f67-9c5a-d76ae1bfe64e","properties":{"id":"UUID_433dd76c-9a8a-4f67-9c5a-d76ae1bfe64e","height_m":9.292,"ground_m":139.036,"height_source":"LoD1 solid top minus bottom","production":"2024","laser":"2016","footprints":"2022"},"geometry":{"type":"Polygon","coordinates":[[[13.785314951107615,51.06880192345312],[13.78535563553896,51.06888346145818],[13.785395436237527,51.06887553871729],[13.78535498075422,51.068793976126976],[13.785314951107615,51.06880192345312]]]}},{"type":"Feature","id":"UUID_b291cd5c-14dc-41e4-8f52-bc0c52b96f9a","properties":{"id":"UUID_b291cd5c-14dc-41e4-8f52-bc0c52b96f9a","height_m":5.979,"ground_m":139.036,"height_source":"LoD1 solid top minus bottom","production":"2024","laser":"2016","footprints":"2022"},"geometry":{"type":"Polygon","coordinates":[[[13.785459526788944,51.06886281439985],[13.785472538774558,51.068888633091774],[13.785543987266479,51.06887453734037],[13.785530977833258,51.06884861976201],[13.785459526788944,51.06886281439985]]]}},{"type":"Feature","id":"UUID_d89a921f-cf7c-4cb9-9e1f-714c184da49d","properties":{"id":"UUID_d89a921f-cf7c-4cb9-9e1f-714c184da49d","height_m":9.498,"ground_m":139.036,"height_source":"LoD1 solid top minus bottom","production":"2024","laser":"2016","footprints":"2022"},"geometry":{"type":"Polygon","coordinates":[[[13.785331661755885,51.06874697114671],[13.78533558797089,51.06875510548374],[13.78534304763512,51.06877002115317],[13.78535498075422,51.068793976126976],[13.785395436237527,51.06887553871729],[13.785459513461149,51.068862778290104],[13.785459526788944,51.06886281439985],[13.785461176679467,51.06886248981692],[13.785530977833258,51.06884861976201],[13.785530964270096,51.06884859264265],[13.785536272078236,51.06884756865506],[13.785515808188572,51.068805989068444],[13.785523087131978,51.06879509346436],[13.7855178978412,51.068786136656236],[13.785504148598937,51.06878248659442],[13.785472974624748,51.06871930288176],[13.78542961957637,51.06872779123309],[13.785393638353684,51.068734845401515],[13.785389990451288,51.06872698374308],[13.785348028659826,51.068735135822614],[13.785339923093376,51.06873671526018],[13.785343999060286,51.06874458136867],[13.785331661755885,51.06874697114671]]]}},{"type":"Feature","id":"UUID_5156d131-de3c-4d9b-9607-43d070545426","properties":{"id":"UUID_5156d131-de3c-4d9b-9607-43d070545426","height_m":5.714,"ground_m":136.707,"height_source":"LoD1 solid top minus bottom","production":"2024","laser":"2016","footprints":"2022"},"geometry":{"type":"Polygon","coordinates":[[[13.781523423233297,51.06853113691214],[13.781468423324545,51.06854007794093],[13.781507697312879,51.06862614398409],[13.78156298130846,51.06861617172378],[13.781523423233297,51.06853113691214]]]}},{"type":"Feature","id":"UUID_56b385fb-f531-4258-9925-e7fbd037fe0d","properties":{"id":"UUID_56b385fb-f531-4258-9925-e7fbd037fe0d","height_m":2.338,"ground_m":136.707,"height_source":"LoD1 solid top minus bottom","production":"2024","laser":"2016","footprints":"2022"},"geometry":{"type":"Polygon","coordinates":[[[13.78159497578068,51.06861039911898],[13.781580628712922,51.068581697359306],[13.781548443992632,51.06858493200171],[13.78156298130846,51.06861617172378],[13.78159497578068,51.06861039911898]]]}},{"type":"Feature","id":"UUID_ae33139e-c3fc-4344-8f9b-e3b94546b3f0","properties":{"id":"UUID_ae33139e-c3fc-4344-8f9b-e3b94546b3f0","height_m":14.333,"ground_m":123.096,"height_source":"LoD1 solid top minus bottom","production":"2024","laser":"2016","footprints":"2022"},"geometry":{"type":"Polygon","coordinates":[[[13.773144378664627,51.06846185913305],[13.773153184987079,51.0684634803486],[13.77311401294041,51.0685468823126],[13.77320079451391,51.06856299107978],[13.773200718890497,51.06856315215691],[13.773253665884273,51.06857307840091],[13.77325362070048,51.06857316785495],[13.773353182646645,51.06859174877945],[13.773373294050115,51.06854906406291],[13.773380963634454,51.06855049347514],[13.773406972606486,51.06849528068845],[13.77340001410057,51.06849394866842],[13.773419226503243,51.06845287321782],[13.773405449816376,51.068450300579585],[13.773405464798282,51.068450273758344],[13.77333357443998,51.06843669553074],[13.773179440546802,51.068407586744485],[13.773179426991009,51.06840755962373],[13.77317069226043,51.06840593016873],[13.773144378664627,51.06846185913305]]]}},{"type":"Feature","id":"UUID_908b6043-3341-4d37-be9d-a5c454d671eb","properties":{"id":"UUID_908b6043-3341-4d37-be9d-a5c454d671eb","height_m":14.359,"ground_m":123.096,"height_source":"LoD1 solid top minus bottom","production":"2024","laser":"2016","footprints":"2022"},"geometry":{"type":"Polygon","coordinates":[[[13.773245154696571,51.068591064650526],[13.77325362070048,51.06857316785495],[13.773253665884273,51.06857307840091],[13.773200718890497,51.06856315215691],[13.77319245929605,51.06858133888565],[13.773245154696571,51.068591064650526]]]}},{"type":"Feature","id":"UUID_090f647e-b7cd-4897-bc1d-c5fb21e7a548","properties":{"id":"UUID_090f647e-b7cd-4897-bc1d-c5fb21e7a548","height_m":9.889,"ground_m":123.096,"height_source":"LoD1 solid top minus bottom","production":"2024","laser":"2016","footprints":"2022"},"geometry":{"type":"Polygon","coordinates":[[[13.773342960933364,51.068416910902634],[13.773336763675117,51.06842997538916],[13.77333357443998,51.06843669553074],[13.773405464798282,51.068450273758344],[13.773414966841246,51.068430436380254],[13.773342960933364,51.068416910902634]]]}},{"type":"Feature","id":"UUID_c91dc38c-abdb-49e8-850e-13482bfa8b74","properties":{"id":"UUID_c91dc38c-abdb-49e8-850e-13482bfa8b74","height_m":14.036,"ground_m":123.096,"height_source":"LoD1 solid top minus bottom","production":"2024","laser":"2016","footprints":"2022"},"geometry":{"type":"Polygon","coordinates":[[[13.773336763675117,51.06842997538916],[13.773245440018567,51.068412919767354],[13.77324255778708,51.0684193643511],[13.773179441022213,51.06840756876381],[13.773179440546802,51.068407586744485],[13.77333357443998,51.06843669553074],[13.773336763675117,51.06842997538916]]]}},{"type":"Feature","id":"DESNATPU1000GdHk","properties":{"id":"DESNATPU1000GdHk","height_m":15.469,"ground_m":148.951,"height_source":"LoD1 solid top minus bottom","production":"2024","laser":"2016","footprints":"2022"},"geometry":{"type":"Polygon","coordinates":[[[13.786692887915246,51.07153557224806],[13.786652634556901,51.0715738234902],[13.786647981901654,51.071571616917744],[13.7866280527871,51.071591374080526],[13.786634422540939,51.07159341862239],[13.786593323910687,51.071636697044084],[13.786651818494306,51.07165960644299],[13.786648589752238,51.071662990195],[13.78670152380354,51.07168566199033],[13.78670402728844,51.071682720349166],[13.78674487962918,51.0716979825362],[13.786746285989507,51.0716966032482],[13.78684757577837,51.071597159905615],[13.786769878572898,51.07156622754368],[13.786692887915246,51.07153557224806]]]}},{"type":"Feature","id":"DESNATPU1000H8dA","properties":{"id":"DESNATPU1000H8dA","height_m":6.24,"ground_m":148.313,"height_source":"LoD1 solid top minus bottom","production":"2024","laser":"2016","footprints":"2022"},"geometry":{"type":"Polygon","coordinates":[[[13.78553393715306,51.07198225960316],[13.785485673608138,51.072028188014535],[13.785502150053176,51.07203511281511],[13.785629112882228,51.0720881675931],[13.785677504780404,51.072042240456675],[13.785550426211936,51.07198924747775],[13.78553393715306,51.07198225960316]]]}},{"type":"Feature","id":"UUID_783032bb-36e8-413c-914c-06d6bbe69105","properties":{"id":"UUID_783032bb-36e8-413c-914c-06d6bbe69105","height_m":5.229,"ground_m":135.896,"height_source":"LoD1 solid top minus bottom","production":"2024","laser":"2016","footprints":"2022"},"geometry":{"type":"Polygon","coordinates":[[[13.782244787840465,51.06805969717144],[13.782277652605243,51.06805337589331],[13.78224323231299,51.067981920049235],[13.782209883634108,51.06798819131162],[13.782244787840465,51.06805969717144]]]}},{"type":"Feature","id":"UUID_e0da86bd-5823-4906-8b6a-961ec652ebc9","properties":{"id":"UUID_e0da86bd-5823-4906-8b6a-961ec652ebc9","height_m":11.055,"ground_m":135.896,"height_source":"LoD1 solid top minus bottom","production":"2024","laser":"2016","footprints":"2022"},"geometry":{"type":"Polygon","coordinates":[[[13.782022972636987,51.068023357116225],[13.781996566124423,51.06802832475732],[13.782016665187168,51.068070620602015],[13.782040892237283,51.06806603492244],[13.782022972636987,51.068023357116225]]]}},{"type":"Feature","id":"UUID_0c552526-4459-43d1-a830-5197069ed8dd","properties":{"id":"UUID_0c552526-4459-43d1-a830-5197069ed8dd","height_m":13.007,"ground_m":135.896,"height_source":"LoD1 solid top minus bottom","production":"2024","laser":"2016","footprints":"2022"},"geometry":{"type":"Polygon","coordinates":[[[13.782053936454508,51.0680970701776],[13.782044833487388,51.068098585036665],[13.78205294758312,51.06811788724472],[13.782062036284916,51.068116372236375],[13.78215531163937,51.068097775770475],[13.782253795063879,51.06807814535984],[13.782244787840465,51.06805969717144],[13.782209883634108,51.06798819131162],[13.782113796035445,51.068006272905336],[13.782022972636987,51.068023357116225],[13.782040892237283,51.06806603492244],[13.782053936454508,51.0680970701776]]]}},{"type":"Feature","id":"DESNATPU1000IQMb","properties":{"id":"DESNATPU1000IQMb","height_m":7.878,"ground_m":147.523,"height_source":"LoD1 solid top minus bottom","production":"2024","laser":"2016","footprints":"2022"},"geometry":{"type":"Polygon","coordinates":[[[13.788990003794659,51.07078520333325],[13.788985521514936,51.07078740509647],[13.788989998655067,51.07079086875116],[13.78874789154151,51.07091219111496],[13.788366482055423,51.071104191399],[13.788702136737667,51.07136900140044],[13.789330904428253,51.07105141481121],[13.788990003794659,51.07078520333325]]]}},{"type":"Feature","id":"DESNATPU1000JbVi","properties":{"id":"DESNATPU1000JbVi","height_m":16.589,"ground_m":137.295,"height_source":"LoD1 solid top minus bottom","production":"2024","laser":"2016","footprints":"2022"},"geometry":{"type":"Polygon","coordinates":[[[13.781741200996171,51.0701694974454],[13.781727598503565,51.070138510305284],[13.781711824167525,51.07014131351961],[13.781683941192707,51.070077983240786],[13.78170042898207,51.07007518746669],[13.781687364271772,51.07004546492106],[13.781671019186822,51.07004826218075],[13.781669936648619,51.07004600269265],[13.781528127032365,51.07007060363905],[13.781583473980158,51.07019690018479],[13.781725283955394,51.07017229917417],[13.781741200996171,51.0701694974454]]]}},{"type":"Feature","id":"DESNATPU1000EJAS","properties":{"id":"DESNATPU1000EJAS","height_m":12.595,"ground_m":153.29,"height_source":"LoD1 solid top minus bottom","production":"2024","laser":"2016","footprints":"2022"},"geometry":{"type":"Polygon","coordinates":[[[13.786953215679517,51.07301057718313],[13.786907433306853,51.07299274592447],[13.786641652544235,51.072888818147234],[13.786583000342153,51.07294828125572],[13.786556306344538,51.07297561206508],[13.78650132264252,51.07303124630822],[13.786899789142721,51.07318682134529],[13.786939536374737,51.07314613671276],[13.786959772602122,51.073125573334316],[13.786979714000136,51.073105366605084],[13.787039407138245,51.07304429539649],[13.786953215679517,51.07301057718313]]]}},{"type":"Feature","id":"DESNATPU1000DaLw","properties":{"id":"DESNATPU1000DaLw","height_m":4.464,"ground_m":134.705,"height_source":"LoD1 solid top minus bottom","production":"2024","laser":"2016","footprints":"2022"},"geometry":{"type":"Polygon","coordinates":[[[13.780979895281662,51.06745551263336],[13.780981753179953,51.06740489343026],[13.780899381550398,51.06741756850326],[13.780917988115513,51.067465559420576],[13.780979895281662,51.06745551263336]]]}},{"type":"Feature","id":"UUID_60473f65-52d7-4154-980e-cd570ea090d8","properties":{"id":"UUID_60473f65-52d7-4154-980e-cd570ea090d8","height_m":12.143,"ground_m":134.235,"height_source":"LoD1 solid top minus bottom","production":"2024","laser":"2016","footprints":"2022"},"geometry":{"type":"Polygon","coordinates":[[[13.788386260065034,51.06756686622998],[13.788342015507626,51.067522028027376],[13.788341741584901,51.06752213310156],[13.788348510624596,51.067529091770155],[13.788330919673909,51.067535923810176],[13.788368031186701,51.06757407835384],[13.788386260065034,51.06756686622998]]]}},{"type":"Feature","id":"UUID_e956db45-c39d-4dbe-b4d4-512f18538eb1","properties":{"id":"UUID_e956db45-c39d-4dbe-b4d4-512f18538eb1","height_m":10.964,"ground_m":134.235,"height_source":"LoD1 solid top minus bottom","production":"2024","laser":"2016","footprints":"2022"},"geometry":{"type":"Polygon","coordinates":[[[13.788494237781501,51.06746333608405],[13.788482002909662,51.067450889107725],[13.788329598924621,51.067509435266324],[13.788342015507626,51.067522028027376],[13.788494237781501,51.06746333608405]]]}},{"type":"Feature","id":"UUID_a20cb0ad-243a-4940-a870-4f338ae5e14b","properties":{"id":"UUID_a20cb0ad-243a-4940-a870-4f338ae5e14b","height_m":8.631,"ground_m":134.235,"height_source":"LoD1 solid top minus bottom","production":"2024","laser":"2016","footprints":"2022"},"geometry":{"type":"Polygon","coordinates":[[[13.788329598924621,51.067509435266324],[13.788428659441573,51.06747137936497],[13.788415739319909,51.06745784614051],[13.788316542421262,51.06749620637286],[13.788329538093578,51.06750957852078],[13.788341741584901,51.06752213310156],[13.788342015507626,51.067522028027376],[13.788329598924621,51.067509435266324]]]}},{"type":"Feature","id":"UUID_0cd95126-78b1-4b0b-afa9-29f80f3bc64a","properties":{"id":"UUID_0cd95126-78b1-4b0b-afa9-29f80f3bc64a","height_m":12.556,"ground_m":134.235,"height_source":"LoD1 solid top minus bottom","production":"2024","laser":"2016","footprints":"2022"},"geometry":{"type":"Polygon","coordinates":[[[13.788529008808352,51.067569272153364],[13.788527065172532,51.067567183659996],[13.78863433468213,51.06752575942852],[13.78865207061921,51.067518838917444],[13.788623994173912,51.06748995077775],[13.788598139730654,51.067463423792866],[13.788569642332837,51.06743426149222],[13.788551908528687,51.067441101077534],[13.788494237781501,51.06746333608405],[13.788342015507626,51.067522028027376],[13.788386260065034,51.06756686622998],[13.788386635042794,51.06756671723915],[13.788425276280973,51.067606416400295],[13.788461464057512,51.0675924929312],[13.788463272046119,51.06759431023512],[13.788529008808352,51.067569272153364]]]}},{"type":"Feature","id":"DESNATPU1000Hc7U","properties":{"id":"DESNATPU1000Hc7U","height_m":2.283,"ground_m":140.344,"height_source":"LoD1 solid top minus bottom","production":"2024","laser":"2016","footprints":"2022"},"geometry":{"type":"Polygon","coordinates":[[[13.784627424819893,51.0699951375849],[13.784628865369381,51.07001097991922],[13.784718157830197,51.07000777166032],[13.784716855235189,51.06999211061787],[13.784627424819893,51.0699951375849]]]}},{"type":"Feature","id":"DESNATPU1000CMfG","properties":{"id":"DESNATPU1000CMfG","height_m":13.113,"ground_m":134.528,"height_source":"LoD1 solid top minus bottom","production":"2024","laser":"2016","footprints":"2022"},"geometry":{"type":"Polygon","coordinates":[[[13.778203372909166,51.07053025932977],[13.778174746996566,51.07057444757552],[13.778238500920436,51.0705925600644],[13.778234946005764,51.07059746895631],[13.778240304536377,51.07059995302876],[13.778278581541803,51.07060988550913],[13.778281993756746,51.070604975124354],[13.778342056602748,51.070622329550304],[13.778371463664442,51.07057828432092],[13.778400900629157,51.07053418543964],[13.778232028726245,51.07048601743256],[13.778203372909166,51.07053025932977]]]}},{"type":"Feature","id":"UUID_b8646a9b-acad-439c-83a5-d3c65e9c881c","properties":{"id":"UUID_b8646a9b-acad-439c-83a5-d3c65e9c881c","height_m":14.049,"ground_m":138.434,"height_source":"LoD1 solid top minus bottom","production":"2024","laser":"2016","footprints":"2022"},"geometry":{"type":"Polygon","coordinates":[[[13.783742477649918,51.069118485357244],[13.7837408219075,51.06911630985183],[13.78368256979656,51.06913332960252],[13.783671504961983,51.06914706339749],[13.78367490642847,51.06915179304499],[13.783677564226362,51.06915548977234],[13.783808462569187,51.069117921958814],[13.783801409131776,51.06910821725888],[13.783797274483044,51.06910259869],[13.783742477649918,51.069118485357244]]]}},{"type":"Feature","id":"UUID_09761449-e3e5-45b4-870a-49779b5fb9ee","properties":{"id":"UUID_09761449-e3e5-45b4-870a-49779b5fb9ee","height_m":13.925,"ground_m":138.434,"height_source":"LoD1 solid top minus bottom","production":"2024","laser":"2016","footprints":"2022"},"geometry":{"type":"Polygon","coordinates":[[[13.783864027510784,51.06916966024635],[13.783861492935836,51.06916616264737],[13.78386113466134,51.06916567330749],[13.783855237161669,51.069167410508975],[13.78384646225734,51.06917001705298],[13.783839575085999,51.069160502934636],[13.783813946349754,51.06912543406402],[13.78381146744379,51.06912199100003],[13.783808848202874,51.069118456547635],[13.783808462569187,51.069117921958814],[13.783677564226362,51.06915548977234],[13.783646860279642,51.06916429796384],[13.783642186259824,51.06916564321001],[13.783682545596767,51.06922136903325],[13.783688728493916,51.06921963481034],[13.783700868260242,51.0692356784251],[13.783860655258888,51.0691894093571],[13.78387547035979,51.06918506709452],[13.783864027510784,51.06916966024635]]]}},{"type":"Feature","id":"UUID_63a75f8f-a0fd-4fae-bd0a-423e625366f0","properties":{"id":"UUID_63a75f8f-a0fd-4fae-bd0a-423e625366f0","height_m":12.034,"ground_m":137.222,"height_source":"LoD1 solid top minus bottom","production":"2024","laser":"2016","footprints":"2022"},"geometry":{"type":"Polygon","coordinates":[[[13.776935374620487,51.07052578400965],[13.776929981166466,51.070540871482166],[13.776990814210649,51.0705506447241],[13.776996915437664,51.07053578048223],[13.776935374620487,51.07052578400965]]]}},{"type":"Feature","id":"UUID_a8d9912f-284d-4ccb-b8d3-785e095ee7ab","properties":{"id":"UUID_a8d9912f-284d-4ccb-b8d3-785e095ee7ab","height_m":12.143,"ground_m":137.222,"height_source":"LoD1 solid top minus bottom","production":"2024","laser":"2016","footprints":"2022"},"geometry":{"type":"Polygon","coordinates":[[[13.7769610277409,51.070640980678284],[13.77696287331121,51.07064135970247],[13.777014463471499,51.070649813193384],[13.777053555628038,51.070655887692254],[13.777060567529835,51.07063896462701],[13.776968026352352,51.0706240215081],[13.7769610277409,51.070640980678284]]]}},{"type":"Feature","id":"UUID_aa68d4ee-8d40-49e8-96dc-ea5239863bda","properties":{"id":"UUID_aa68d4ee-8d40-49e8-96dc-ea5239863bda","height_m":12.86,"ground_m":137.222,"height_source":"LoD1 solid top minus bottom","production":"2024","laser":"2016","footprints":"2022"},"geometry":{"type":"Polygon","coordinates":[[[13.77710281544159,51.070568633158146],[13.776990814210649,51.0705506447241],[13.776929981166466,51.070540871482166],[13.776916821351115,51.07057767628311],[13.776903939697482,51.07061367463934],[13.776968042043897,51.07062396771537],[13.776968026352352,51.0706240215081],[13.777060567529835,51.07063896462701],[13.777160627541035,51.07065511942954],[13.777190199199797,51.07058266789757],[13.77719190852233,51.07057846814744],[13.77710463916517,51.07056442561336],[13.77710281544159,51.070568633158146]]]}},{"type":"Feature","id":"DESNATPU1000IWdA","properties":{"id":"DESNATPU1000IWdA","height_m":7.253,"ground_m":122.109,"height_source":"LoD1 solid top minus bottom","production":"2024","laser":"2016","footprints":"2022"},"geometry":{"type":"Polygon","coordinates":[[[13.774519140193906,51.06794640596691],[13.774361188783091,51.067915963741044],[13.774291665434776,51.068059182852004],[13.77445174763369,51.068090025210246],[13.774509588734562,51.067970838250055],[13.77452122773107,51.0679468055529],[13.774519140193906,51.06794640596691]]]}},{"type":"Feature","id":"DESNATPU1000GHkw","properties":{"id":"DESNATPU1000GHkw","height_m":10.469,"ground_m":136.411,"height_source":"LoD1 solid top minus bottom","production":"2024","laser":"2016","footprints":"2022"},"geometry":{"type":"Polygon","coordinates":[[[13.782640791033108,51.068616008403815],[13.782635744982906,51.06861793426823],[13.78263768839507,51.068620022857715],[13.782581920021618,51.06864030534386],[13.782683643885672,51.068750717502695],[13.78268813097919,51.068748336173854],[13.782707815188123,51.06877057358499],[13.782740031444746,51.06877756378646],[13.782759489269438,51.068754025384045],[13.782752267471993,51.06874639620702],[13.782773314926667,51.068738431933404],[13.782804152595713,51.068727242266824],[13.782830381701885,51.068717623308],[13.782804151376398,51.068689202630914],[13.78282130370347,51.06868281649293],[13.782808256356763,51.06866874175251],[13.782826414583434,51.06866209630442],[13.782786306766038,51.06861860302794],[13.782768153267835,51.06862506866267],[13.782739762620453,51.06863547445018],[13.782728937032939,51.06862376097177],[13.782717419227057,51.06861123092945],[13.782701462707056,51.06859379853596],[13.782696273971593,51.06859572291696],[13.782691297512894,51.06858955597145],[13.782670523718739,51.06858709141044],[13.782649052962793,51.06859487140043],[13.78263664241601,51.06861092921641],[13.782640791033108,51.068616008403815]]]}},{"type":"Feature","id":"DESNATP1Ak0000R9","properties":{"id":"DESNATP1Ak0000R9","height_m":6.204,"ground_m":146.34,"height_source":"LoD1 solid top minus bottom","production":"2024","laser":"2016","footprints":"2022"},"geometry":{"type":"Polygon","coordinates":[[[13.785061473484118,51.07194285323707],[13.785013066580301,51.07198878895779],[13.785029715122414,51.07199567964297],[13.785156275378554,51.07204882068092],[13.785204796601267,51.0720028770969],[13.785078182157992,51.07194962763388],[13.785061473484118,51.07194285323707]]]}},{"type":"Feature","id":"DESNATP1Ak0000QO","properties":{"id":"DESNATP1Ak0000QO","height_m":3.015,"ground_m":139.873,"height_source":"LoD1 solid top minus bottom","production":"2024","laser":"2016","footprints":"2022"},"geometry":{"type":"Polygon","coordinates":[[[13.784332090450446,51.06988200322349],[13.78432731884563,51.06981625208214],[13.784221314672044,51.06981938513515],[13.784226757260749,51.069885125274936],[13.784332090450446,51.06988200322349]]]}},{"type":"Feature","id":"DESNATPU1000EAyU","properties":{"id":"DESNATPU1000EAyU","height_m":18.928,"ground_m":164.457,"height_source":"LoD1 solid top minus bottom","production":"2024","laser":"2016","footprints":"2022"},"geometry":{"type":"Polygon","coordinates":[[[13.789584217787967,51.07538614337306],[13.789581087134561,51.07539123685268],[13.789614986390498,51.07539959147957],[13.789618117040776,51.07539449799902],[13.789697112385591,51.07541429078235],[13.789755810549305,51.07532020431834],[13.789676382513525,51.075300586949695],[13.78964602998491,51.075293078418106],[13.789562912668364,51.07527261341797],[13.789504366272277,51.07536634164654],[13.789584217787967,51.07538614337306]]]}},{"type":"Feature","id":"DESNATPU1000DiY7","properties":{"id":"DESNATPU1000DiY7","height_m":8.785,"ground_m":137.143,"height_source":"LoD1 solid top minus bottom","production":"2024","laser":"2016","footprints":"2022"},"geometry":{"type":"Polygon","coordinates":[[[13.78081060075836,51.06950583653726],[13.780816484732817,51.069520915919284],[13.780818777268731,51.06952058011935],[13.780855441986494,51.06961358858716],[13.780860650318717,51.06962722206835],[13.780912386984625,51.06961921851125],[13.780941338568674,51.06961466434826],[13.780935987520865,51.06960102938221],[13.781027282235986,51.0695867836612],[13.780990895492737,51.069494047931705],[13.780982298492273,51.0694953071939],[13.780971806751106,51.069487194162804],[13.780946860097176,51.06949143039043],[13.780939727389047,51.06950214738131],[13.78087280163297,51.06951242058601],[13.780866920003435,51.06949725130313],[13.78081060075836,51.06950583653726]]]}},{"type":"Feature","id":"DESNATPU1000DcwB","properties":{"id":"DESNATPU1000DcwB","height_m":6.796,"ground_m":122.5,"height_source":"LoD1 solid top minus bottom","production":"2024","laser":"2016","footprints":"2022"},"geometry":{"type":"Polygon","coordinates":[[[13.772754020563815,51.068202634607445],[13.772787673463364,51.068160631740135],[13.77271407478693,51.06813719703952],[13.772654883036186,51.06821121596038],[13.77264411006943,51.06822459207605],[13.772753383401035,51.06825910286762],[13.772789404958866,51.068213887453076],[13.772771571259643,51.068208214581745],[13.772754020563815,51.068202634607445]]]}},{"type":"Feature","id":"UUID_fde134eb-b38c-438c-9199-3ee4be5ca8d2","properties":{"id":"UUID_fde134eb-b38c-438c-9199-3ee4be5ca8d2","height_m":10.513,"ground_m":135.944,"height_source":"LoD1 solid top minus bottom","production":"2024","laser":"2016","footprints":"2022"},"geometry":{"type":"Polygon","coordinates":[[[13.779153973237657,51.070371378924335],[13.779160348972118,51.07038402647163],[13.779233242773198,51.0703694100938],[13.779226867020736,51.07035676255034],[13.779153973237657,51.070371378924335]]]}},{"type":"Feature","id":"UUID_4a1cf7a0-1f4c-48cf-b264-1d1d913c89f8","properties":{"id":"UUID_4a1cf7a0-1f4c-48cf-b264-1d1d913c89f8","height_m":12.935,"ground_m":135.944,"height_source":"LoD1 solid top minus bottom","production":"2024","laser":"2016","footprints":"2022"},"geometry":{"type":"Polygon","coordinates":[[[13.779253267502295,51.070351543669226],[13.779304926411994,51.07034111194766],[13.779284287267068,51.07029987115909],[13.779264244320123,51.070259841630865],[13.779162510482196,51.070280181990256],[13.779131234975543,51.07028624021981],[13.77902705627727,51.07030727435027],[13.779067878322083,51.07038863614045],[13.779153973237657,51.070371378924335],[13.779226867020736,51.07035676255034],[13.779253267502295,51.070351543669226]]]}},{"type":"Feature","id":"DESNATPU1000HRhD","properties":{"id":"DESNATPU1000HRhD","height_m":2.465,"ground_m":167.357,"height_source":"LoD1 solid top minus bottom","production":"2024","laser":"2016","footprints":"2022"},"geometry":{"type":"Polygon","coordinates":[[[13.795210581643104,51.073335278455296],[13.795176301059762,51.07336361215373],[13.795209292560962,51.07337941983224],[13.795243568466738,51.073351265932104],[13.795210581643104,51.073335278455296]]]}},{"type":"Feature","id":"UUID_e3cea89c-9bb9-4dee-8864-1cf8a731a76a","properties":{"id":"UUID_e3cea89c-9bb9-4dee-8864-1cf8a731a76a","height_m":6.291,"ground_m":149.465,"height_source":"LoD1 solid top minus bottom","production":"2024","laser":"2016","footprints":"2022"},"geometry":{"type":"Polygon","coordinates":[[[13.786052708331194,51.072263799830324],[13.786117804397552,51.07220245246271],[13.78610303660955,51.07219622894824],[13.786103065620297,51.07219621126391],[13.786027155378322,51.072164064955984],[13.786027228375708,51.07216400276445],[13.785987188565047,51.07214713905428],[13.785921915047377,51.07220871831998],[13.786052708331194,51.072263799830324]]]}},{"type":"Feature","id":"UUID_a8a4dfca-6569-4c03-95e7-d825beef8c94","properties":{"id":"UUID_a8a4dfca-6569-4c03-95e7-d825beef8c94","height_m":2.974,"ground_m":149.465,"height_source":"LoD1 solid top minus bottom","production":"2024","laser":"2016","footprints":"2022"},"geometry":{"type":"Polygon","coordinates":[[[13.78613259879163,51.072168379464344],[13.786056556849587,51.072136357706924],[13.786027228375708,51.07216400276445],[13.786027155378322,51.072164064955984],[13.786103065620297,51.07219621126391],[13.78613259879163,51.072168379464344]]]}},{"type":"Feature","id":"UUID_7e001145-0e40-426a-8afd-e9ebdc5dbca0","properties":{"id":"UUID_7e001145-0e40-426a-8afd-e9ebdc5dbca0","height_m":11.234,"ground_m":137.423,"height_source":"LoD1 solid top minus bottom","production":"2024","laser":"2016","footprints":"2022"},"geometry":{"type":"Polygon","coordinates":[[[13.786107343275916,51.06813144068779],[13.786107228419189,51.068131466473396],[13.78609762827455,51.0681165286214],[13.786054015256306,51.06812781128979],[13.78610542641044,51.06820798562584],[13.786120457769215,51.06820408597384],[13.786149770969763,51.06819656665032],[13.786140299375818,51.068182169706155],[13.786140371190738,51.068182152466335],[13.786107343275916,51.06813144068779]]]}},{"type":"Feature","id":"UUID_3f913275-d1be-4451-a379-c90232e6ec79","properties":{"id":"UUID_3f913275-d1be-4451-a379-c90232e6ec79","height_m":11.279,"ground_m":137.423,"height_source":"LoD1 solid top minus bottom","production":"2024","laser":"2016","footprints":"2022"},"geometry":{"type":"Polygon","coordinates":[[[13.785923015018668,51.068255092895065],[13.785839324913228,51.06812669642058],[13.785824364901076,51.0681305967776],[13.785855922426279,51.06817912609425],[13.785907924434278,51.068259072841926],[13.785923015018668,51.068255092895065]]]}},{"type":"Feature","id":"UUID_fce3b29d-07af-4cb5-a484-0aa8c8a9025b","properties":{"id":"UUID_fce3b29d-07af-4cb5-a484-0aa8c8a9025b","height_m":10.043,"ground_m":137.423,"height_source":"LoD1 solid top minus bottom","production":"2024","laser":"2016","footprints":"2022"},"geometry":{"type":"Polygon","coordinates":[[[13.786022817807071,51.068079150874446],[13.785898086537289,51.06811139851998],[13.785839324913228,51.06812669642058],[13.785898027538392,51.06821674876267],[13.785923015018668,51.068255092895065],[13.78594016430422,51.068281530052126],[13.78595031872276,51.068297103171105],[13.785968160316177,51.06832435686824],[13.786009401522675,51.06831372405823],[13.786149937518264,51.068277494740954],[13.786122086171313,51.06823458853563],[13.786104794109388,51.068208149922555],[13.78610542641044,51.06820798562584],[13.786080756482583,51.06816950094557],[13.786054015256306,51.06812781128979],[13.786053512317022,51.06812794095851],[13.786022817807071,51.068079150874446]]]}},{"type":"Feature","id":"UUID_972927c4-9c7c-4968-8a18-a726452d14ff","properties":{"id":"UUID_972927c4-9c7c-4968-8a18-a726452d14ff","height_m":6.903,"ground_m":137.423,"height_source":"LoD1 solid top minus bottom","production":"2024","laser":"2016","footprints":"2022"},"geometry":{"type":"Polygon","coordinates":[[[13.786140371190738,51.068182152466335],[13.786164010056304,51.068176031045894],[13.786130939077907,51.06812532781966],[13.786107343275916,51.06813144068779],[13.786140371190738,51.068182152466335]]]}},{"type":"Feature","id":"UUID_6815a7dc-b2cb-4e5a-858d-5ad9556db3a2","properties":{"id":"UUID_6815a7dc-b2cb-4e5a-858d-5ad9556db3a2","height_m":8.877,"ground_m":137.423,"height_source":"LoD1 solid top minus bottom","production":"2024","laser":"2016","footprints":"2022"},"geometry":{"type":"Polygon","coordinates":[[[13.786015025982454,51.06832241558038],[13.78615569975062,51.068286376536264],[13.786149937518264,51.068277494740954],[13.786009401522675,51.06831372405823],[13.786015025982454,51.06832241558038]]]}},{"type":"Feature","id":"DESNATP1Ak0000R1","properties":{"id":"DESNATP1Ak0000R1","height_m":6.922,"ground_m":145.333,"height_source":"LoD1 solid top minus bottom","production":"2024","laser":"2016","footprints":"2022"},"geometry":{"type":"Polygon","coordinates":[[[13.7849693639467,51.07167414378993],[13.78491009174298,51.07164934596431],[13.784842432962085,51.07162103465895],[13.784826055475424,51.07161415575687],[13.784777448438172,51.07166010728707],[13.784920677395533,51.07172040930087],[13.7849693639467,51.07167414378993]]]}},{"type":"Feature","id":"DESNATPU1000DMag","properties":{"id":"DESNATPU1000DMag","height_m":18.539,"ground_m":165.885,"height_source":"LoD1 solid top minus bottom","production":"2024","laser":"2016","footprints":"2022"},"geometry":{"type":"Polygon","coordinates":[[[13.790463592749559,51.074459544934015],[13.790542865265115,51.07447960980535],[13.790539292589798,51.074485238305435],[13.79057332680651,51.07449387283072],[13.790576899712779,51.074488235339196],[13.790618453204287,51.07449864729179],[13.790657587696662,51.07450876441812],[13.790717302794947,51.074413878637166],[13.790635896718742,51.07439352202516],[13.790605401913185,51.07438601226799],[13.790522858957424,51.074365463957875],[13.790463592749559,51.074459544934015]]]}},{"type":"Feature","id":"DESNATPU1000HB3C","properties":{"id":"DESNATPU1000HB3C","height_m":9.152,"ground_m":135.343,"height_source":"LoD1 solid top minus bottom","production":"2024","laser":"2016","footprints":"2022"},"geometry":{"type":"Polygon","coordinates":[[[13.780835070306614,51.06772173637901],[13.780750602225027,51.06773704236348],[13.78079165002816,51.06782613976452],[13.780875685472282,51.06781100909393],[13.780835070306614,51.06772173637901]]]}},{"type":"Feature","id":"DESNATPU1000Fbkp","properties":{"id":"DESNATPU1000Fbkp","height_m":6.53,"ground_m":161.006,"height_source":"LoD1 solid top minus bottom","production":"2024","laser":"2016","footprints":"2022"},"geometry":{"type":"Polygon","coordinates":[[[13.790225706805035,51.073033521888654],[13.790238442480215,51.073119894721515],[13.790329366623931,51.073114540770696],[13.790460318313654,51.073106903116276],[13.790467467599692,51.07310643752796],[13.790454726813017,51.07302024452463],[13.790225706805035,51.073033521888654]]]}},{"type":"Feature","id":"UUID_a4184ab3-afd0-4ea6-816e-6098e604ceeb","properties":{"id":"UUID_a4184ab3-afd0-4ea6-816e-6098e604ceeb","height_m":10.982,"ground_m":139.199,"height_source":"LoD1 solid top minus bottom","production":"2024","laser":"2016","footprints":"2022"},"geometry":{"type":"Polygon","coordinates":[[[13.785847340261205,51.068718740856305],[13.78584736762308,51.06871878610462],[13.785804467840082,51.06872733328085],[13.785789110531178,51.068730591016546],[13.785770169482582,51.06873444101806],[13.785838739480225,51.06886851679989],[13.78602011257758,51.06883173161992],[13.785971363456778,51.0687365309315],[13.785984059826006,51.06872587142434],[13.785975243623437,51.06870824386159],[13.785955344554456,51.06870506954552],[13.78595140176823,51.06869756455467],[13.785912226095375,51.06870561088313],[13.785912185170098,51.06870553851551],[13.785847340261205,51.068718740856305]]]}},{"type":"Feature","id":"UUID_8945b3f1-c93d-43cc-bf1f-fed39dfffda9","properties":{"id":"UUID_8945b3f1-c93d-43cc-bf1f-fed39dfffda9","height_m":5.179,"ground_m":139.199,"height_source":"LoD1 solid top minus bottom","production":"2024","laser":"2016","footprints":"2022"},"geometry":{"type":"Polygon","coordinates":[[[13.78590245108076,51.06868644457651],[13.78583759028012,51.068699709696496],[13.78583854441628,51.06870142824307],[13.785847340261205,51.068718740856305],[13.785912185170098,51.06870553851551],[13.78590245108076,51.06868644457651]]]}},{"type":"Feature","id":"DESNATPU1000H4yF","properties":{"id":"DESNATPU1000H4yF","height_m":8.536,"ground_m":135.427,"height_source":"LoD1 solid top minus bottom","production":"2024","laser":"2016","footprints":"2022"},"geometry":{"type":"Polygon","coordinates":[[[13.781372427211833,51.067857915931036],[13.78135893899935,51.06786065300323],[13.78135047083262,51.06786245320422],[13.781378407717694,51.06791823018464],[13.78154284417802,51.067885052349624],[13.781538909257891,51.06787727750341],[13.781527654009139,51.06785476804639],[13.781514911835595,51.06782909559977],[13.781488655963622,51.06783430750264],[13.781473013282563,51.06783756169657],[13.781372427211833,51.067857915931036]]]}},{"type":"Feature","id":"DESNATPU1000Elnm","properties":{"id":"DESNATPU1000Elnm","height_m":15.154,"ground_m":139.329,"height_source":"LoD1 solid top minus bottom","production":"2024","laser":"2016","footprints":"2022"},"geometry":{"type":"Polygon","coordinates":[[[13.778363297624077,51.071227228676044],[13.778365711616745,51.0712293312471],[13.778278759613821,51.07127039191073],[13.778276176042432,51.07126822461566],[13.778124704153539,51.07133972591371],[13.778127231589455,51.07134185665403],[13.778087399108147,51.071360612941966],[13.778130918039082,51.07139699418701],[13.778126351229872,51.07139913170219],[13.778154304359685,51.071422787251386],[13.778158583168334,51.07142074564555],[13.778195935863234,51.07145225125012],[13.778226805528945,51.07143778973468],[13.778235996467412,51.07144543077918],[13.778270554647975,51.0714291193153],[13.778261380107526,51.07142139750954],[13.778369118059521,51.07137046416424],[13.77837816607326,51.071378112696635],[13.778413038327297,51.07136179548051],[13.778403975330905,51.07135417377267],[13.778458174872155,51.07132861607701],[13.778467030757033,51.07133651439356],[13.778501765457795,51.07131999787154],[13.778492674625197,51.071312348901195],[13.77860070267485,51.07126122053298],[13.77860976047904,51.07126904001337],[13.778644463462454,51.07125264002432],[13.778635428515024,51.07124503661308],[13.778665707874756,51.071230757663116],[13.778628004205926,51.071199023720176],[13.77863267251777,51.07119682429638],[13.778604514292322,51.07117336455996],[13.778600192006621,51.07117543270619],[13.778556982584261,51.071139216740235],[13.778517019654586,51.07115806173897],[13.778514366386093,51.07115583077106],[13.778363297624077,51.071227228676044]]]}},{"type":"Feature","id":"UUID_5ff2e1cf-2b13-468d-99dd-c5ae005b1e99","properties":{"id":"UUID_5ff2e1cf-2b13-468d-99dd-c5ae005b1e99","height_m":14.597,"ground_m":136.358,"height_source":"LoD1 solid top minus bottom","production":"2024","laser":"2016","footprints":"2022"},"geometry":{"type":"Polygon","coordinates":[[[13.781163712726686,51.070014672827014],[13.781276901939888,51.06999505269176],[13.781504455843955,51.06995560851973],[13.781620268590945,51.069935538783234],[13.781576409910464,51.06983540520632],[13.781362759371266,51.06987265634214],[13.781327629317055,51.06987876489835],[13.781120002242833,51.0699149093277],[13.781163712726686,51.070014672827014]]]}},{"type":"Feature","id":"UUID_5c0cd41b-70af-4d20-8184-04890bb8e735","properties":{"id":"UUID_5c0cd41b-70af-4d20-8184-04890bb8e735","height_m":11.272,"ground_m":136.358,"height_source":"LoD1 solid top minus bottom","production":"2024","laser":"2016","footprints":"2022"},"geometry":{"type":"Polygon","coordinates":[[[13.78150741803991,51.069962384013394],[13.781553734952158,51.06995423374369],[13.781553748513302,51.06995426086351],[13.78156181969952,51.06997248351391],[13.781622189119432,51.06996187178714],[13.78161438950245,51.069943633986135],[13.781623136582622,51.069942097464356],[13.781620268590945,51.069935538783234],[13.781504455843955,51.06995560851973],[13.78150741803991,51.069962384013394]]]}},{"type":"Feature","id":"UUID_0000921b-9e85-44c6-a913-d139250f4a56","properties":{"id":"UUID_0000921b-9e85-44c6-a913-d139250f4a56","height_m":9.218,"ground_m":136.358,"height_source":"LoD1 solid top minus bottom","production":"2024","laser":"2016","footprints":"2022"},"geometry":{"type":"Polygon","coordinates":[[[13.781276901939888,51.06999505269176],[13.781163712726686,51.070014672827014],[13.781166594691607,51.07002124065799],[13.781175056175615,51.07001971018437],[13.78117508329749,51.0700197644241],[13.781183005175059,51.070037688781056],[13.781242081066702,51.07002742347448],[13.78123413180983,51.070009453872],[13.781279873550885,51.07000146857672],[13.781276901939888,51.06999505269176]]]}},{"type":"Feature","id":"DESNATPU1000IiaU","properties":{"id":"DESNATPU1000IiaU","height_m":2.657,"ground_m":141.965,"height_source":"LoD1 solid top minus bottom","production":"2024","laser":"2016","footprints":"2022"},"geometry":{"type":"Polygon","coordinates":[[[13.782942678544343,51.07244559541515],[13.782858638824404,51.072411626783975],[13.782819965429358,51.072449353597946],[13.78290414553195,51.07248341364646],[13.782942678544343,51.07244559541515]]]}},{"type":"Feature","id":"DESNATPU1000DZXd","properties":{"id":"DESNATPU1000DZXd","height_m":12.186,"ground_m":135.914,"height_source":"LoD1 solid top minus bottom","production":"2024","laser":"2016","footprints":"2022"},"geometry":{"type":"Polygon","coordinates":[[[13.781542371204043,51.06946841317579],[13.781558969650556,51.06951031288335],[13.781570359591637,51.069538579137564],[13.781916204904233,51.06948400028562],[13.781904964538164,51.069455465839816],[13.781888494328198,51.069414107087596],[13.781876435604604,51.06938412525906],[13.781530586271824,51.069438883806164],[13.781542371204043,51.06946841317579]]]}},{"type":"Feature","id":"DESNATP1Ak0000Q4","properties":{"id":"DESNATP1Ak0000Q4","height_m":3.095,"ground_m":138.174,"height_source":"LoD1 solid top minus bottom","production":"2024","laser":"2016","footprints":"2022"},"geometry":{"type":"Polygon","coordinates":[[[13.77896722787013,51.07152736148141],[13.778869069810698,51.07155870118987],[13.778910755562315,51.071610530634295],[13.779008913704452,51.07157919089163],[13.77896722787013,51.07152736148141]]]}},{"type":"Feature","id":"UUID_a764d5bd-2c64-4935-863b-541c08a88e77","properties":{"id":"UUID_a764d5bd-2c64-4935-863b-541c08a88e77","height_m":5.717,"ground_m":135.829,"height_source":"LoD1 solid top minus bottom","production":"2024","laser":"2016","footprints":"2022"},"geometry":{"type":"Polygon","coordinates":[[[13.783706384797611,51.06829180468755],[13.783697391228273,51.06827934597333],[13.783607660232958,51.068304851068234],[13.783616764163485,51.06831745482297],[13.783706384797611,51.06829180468755]]]}},{"type":"Feature","id":"UUID_3fa83870-97fc-4e0a-8d9f-c203a4ce424f","properties":{"id":"UUID_3fa83870-97fc-4e0a-8d9f-c203a4ce424f","height_m":9.972,"ground_m":135.829,"height_source":"LoD1 solid top minus bottom","production":"2024","laser":"2016","footprints":"2022"},"geometry":{"type":"Polygon","coordinates":[[[13.783822837086566,51.06826347503592],[13.783783866682354,51.068274580345665],[13.78360202864753,51.068326393211066],[13.783628167902107,51.06836265449985],[13.78364368903966,51.068384182960905],[13.783654570294452,51.068399224276604],[13.783678587996103,51.06839227996064],[13.783701167011616,51.06838577030952],[13.783701263359326,51.068385906204405],[13.78375959023672,51.06836926492207],[13.783759549079443,51.06836920154408],[13.783820380391347,51.06835175895245],[13.78383619640975,51.0683473371817],[13.783871426305744,51.06833736200206],[13.783845353610902,51.06830073275517],[13.783844858073452,51.0683000351521],[13.783848451226406,51.0682990833285],[13.783822837086566,51.06826347503592]]]}},{"type":"Feature","id":"UUID_f8a6302b-f451-4e4a-bbb6-177ac6977717","properties":{"id":"UUID_f8a6302b-f451-4e4a-bbb6-177ac6977717","height_m":3.0,"ground_m":135.829,"height_source":"LoD1 solid top minus bottom","production":"2024","laser":"2016","footprints":"2022"},"geometry":{"type":"Polygon","coordinates":[[[13.783599205331248,51.06832247893108],[13.78360202864753,51.068326393211066],[13.783783866682354,51.068274580345665],[13.783780833561593,51.068270502016226],[13.783706343169147,51.06829175929026],[13.783706384797611,51.06829180468755],[13.783616764163485,51.06831745482297],[13.78361675013023,51.0683174456841],[13.783599205331248,51.06832247893108]]]}},{"type":"Feature","id":"UUID_c048f543-8a69-4f7a-86e4-c765691b6802","properties":{"id":"UUID_c048f543-8a69-4f7a-86e4-c765691b6802","height_m":7.407,"ground_m":135.829,"height_source":"LoD1 solid top minus bottom","production":"2024","laser":"2016","footprints":"2022"},"geometry":{"type":"Polygon","coordinates":[[[13.78375959023672,51.06836926492207],[13.783701263359326,51.068385906204405],[13.783710670878841,51.06839890879471],[13.783747341875793,51.068388409079425],[13.783769057673027,51.068382160217325],[13.78375959023672,51.06836926492207]]]}},{"type":"Feature","id":"DESNATPU1000C0pi","properties":{"id":"DESNATPU1000C0pi","height_m":3.136,"ground_m":136.783,"height_source":"LoD1 solid top minus bottom","production":"2024","laser":"2016","footprints":"2022"},"geometry":{"type":"Polygon","coordinates":[[[13.780674624368624,51.06860243829921],[13.780646798375388,51.0686076336346],[13.7806588291851,51.068633208824274],[13.780728671303653,51.06862053810583],[13.780716645183407,51.068594783115934],[13.780674624368624,51.06860243829921]]]}},{"type":"Feature","id":"DESNATPU1000BOkH","properties":{"id":"DESNATPU1000BOkH","height_m":5.575,"ground_m":136.935,"height_source":"LoD1 solid top minus bottom","production":"2024","laser":"2016","footprints":"2022"},"geometry":{"type":"Polygon","coordinates":[[[13.781372518954932,51.07134874913617],[13.781363863596049,51.07135765171225],[13.781426881417586,51.071382139675606],[13.781470031971887,51.07133699595257],[13.78140728305552,51.07131314031276],[13.781372518954932,51.07134874913617]]]}},{"type":"Feature","id":"UUID_c084838b-2d51-480e-964d-8ab1de4d2cae","properties":{"id":"UUID_c084838b-2d51-480e-964d-8ab1de4d2cae","height_m":8.923,"ground_m":140.502,"height_source":"LoD1 solid top minus bottom","production":"2024","laser":"2016","footprints":"2022"},"geometry":{"type":"Polygon","coordinates":[[[13.785997526313064,51.06917237871652],[13.785997891006629,51.06918680698094],[13.78605329907936,51.069185718789015],[13.786052347057776,51.06917082579126],[13.785997526313064,51.06917237871652]]]}},{"type":"Feature","id":"UUID_e446a283-e5c5-4728-8b24-6d09031d7299","properties":{"id":"UUID_e446a283-e5c5-4728-8b24-6d09031d7299","height_m":2.835,"ground_m":140.502,"height_source":"LoD1 solid top minus bottom","production":"2024","laser":"2016","footprints":"2022"},"geometry":{"type":"Polygon","coordinates":[[[13.78599602653871,51.06911350515941],[13.785997526313064,51.06917237871652],[13.786052347057776,51.06917082579126],[13.786084913788706,51.06916990502949],[13.786083949446795,51.06915766478469],[13.7860829166765,51.06911203350404],[13.78599602653871,51.06911350515941]]]}},{"type":"Feature","id":"UUID_58ea933f-96f4-4d9f-8fc1-9e29dcfc1cc9","properties":{"id":"UUID_58ea933f-96f4-4d9f-8fc1-9e29dcfc1cc9","height_m":9.036,"ground_m":133.59,"height_source":"LoD1 solid top minus bottom","production":"2024","laser":"2016","footprints":"2022"},"geometry":{"type":"Polygon","coordinates":[[[13.780154894742628,51.06833298608294],[13.780151345314115,51.06832249938109],[13.780031753093889,51.06833824762357],[13.780035293041413,51.068349093943006],[13.780154894742628,51.06833298608294]]]}},{"type":"Feature","id":"UUID_493ab995-f4ed-4d37-961c-1bc6a54d33f5","properties":{"id":"UUID_493ab995-f4ed-4d37-961c-1bc6a54d33f5","height_m":9.635,"ground_m":133.59,"height_source":"LoD1 solid top minus bottom","production":"2024","laser":"2016","footprints":"2022"},"geometry":{"type":"Polygon","coordinates":[[[13.78016832600129,51.068212982166145],[13.780158528076202,51.068183923026005],[13.780186173363187,51.068180164772755],[13.780179042493005,51.06815823779709],[13.780151254529871,51.068161994559574],[13.780128753578454,51.068094943061716],[13.780077622332731,51.06810169359212],[13.780077648979505,51.0681017658128],[13.779957751040937,51.06811776258633],[13.779957738190417,51.06811770849526],[13.779910040877507,51.068124135083664],[13.779932550981354,51.068190827007086],[13.779904622654923,51.068194492317666],[13.779912038778113,51.06821642228802],[13.779940254858829,51.0682126700511],[13.779949762546968,51.06824190603675],[13.779949662191934,51.06824192297485],[13.779961749097877,51.06827783157685],[13.779961806409883,51.06827782318226],[13.77998417396982,51.0683445136056],[13.780031726447056,51.068338175402864],[13.780031753093889,51.06833824762357],[13.780151345314115,51.06832249938109],[13.780151318667103,51.06832242716042],[13.780202447783024,51.06831576650318],[13.780180075106774,51.068248716356116],[13.780168154065619,51.06821300735023],[13.78016832600129,51.068212982166145]]]}},{"type":"Feature","id":"UUID_826a5750-5801-4956-98de-4c88e9048ee7","properties":{"id":"UUID_826a5750-5801-4956-98de-4c88e9048ee7","height_m":9.04,"ground_m":133.59,"height_source":"LoD1 solid top minus bottom","production":"2024","laser":"2016","footprints":"2022"},"geometry":{"type":"Polygon","coordinates":[[[13.779933880397113,51.068281398595886],[13.779961749097877,51.06827783157685],[13.779949662191934,51.06824192297485],[13.779921831827043,51.068245661254736],[13.779933880397113,51.068281398595886]]]}},{"type":"Feature","id":"UUID_8d5e0b81-9cd2-4c4d-854d-fb87bfb9dd4f","properties":{"id":"UUID_8d5e0b81-9cd2-4c4d-854d-fb87bfb9dd4f","height_m":9.036,"ground_m":133.59,"height_source":"LoD1 solid top minus bottom","production":"2024","laser":"2016","footprints":"2022"},"geometry":{"type":"Polygon","coordinates":[[[13.780196111630282,51.068209315303385],[13.78016832600129,51.068212982166145],[13.780168154065619,51.06821300735023],[13.780180075106774,51.068248716356116],[13.780180089375671,51.06824871650503],[13.78020801298735,51.068245230935844],[13.780196111630282,51.068209315303385]]]}},{"type":"Feature","id":"UUID_6065bd89-eabb-41e1-8eff-6a382e9cf268","properties":{"id":"UUID_6065bd89-eabb-41e1-8eff-6a382e9cf268","height_m":9.009,"ground_m":133.59,"height_source":"LoD1 solid top minus bottom","production":"2024","laser":"2016","footprints":"2022"},"geometry":{"type":"Polygon","coordinates":[[[13.779954164539507,51.068107059663205],[13.779957738190417,51.06811770849526],[13.779957751040937,51.06811776258633],[13.780077648979505,51.0681017658128],[13.780077622332731,51.06810169359212],[13.780074191343889,51.06809104625278],[13.779954164539507,51.068107059663205]]]}},{"type":"Feature","id":"DESNATP1Ak0000Qs","properties":{"id":"DESNATP1Ak0000Qs","height_m":10.085,"ground_m":137.757,"height_source":"LoD1 solid top minus bottom","production":"2024","laser":"2016","footprints":"2022"},"geometry":{"type":"Polygon","coordinates":[[[13.787279352662832,51.06798504546276],[13.787242109549052,51.067947033093496],[13.78722692608341,51.06795293670917],[13.787204057745805,51.06792958788567],[13.78713119710381,51.06795792360824],[13.787227080471077,51.06805569922736],[13.787273598955728,51.06803753978515],[13.787267768097182,51.06803182280468],[13.787294170244598,51.06802153917456],[13.787264183693154,51.06799094024086],[13.787279352662832,51.06798504546276]]]}},{"type":"Feature","id":"DESNATPU1000IsXi","properties":{"id":"DESNATPU1000IsXi","height_m":5.01,"ground_m":138.372,"height_source":"LoD1 solid top minus bottom","production":"2024","laser":"2016","footprints":"2022"},"geometry":{"type":"Polygon","coordinates":[[[13.786015025982454,51.06832241558038],[13.786009401522675,51.06831372405823],[13.785968160316177,51.06832435686824],[13.786016448832093,51.06839895923126],[13.786237888232769,51.06834181644589],[13.786195361891066,51.068276086974656],[13.78615569975062,51.068286376536264],[13.786015025982454,51.06832241558038]]]}},{"type":"Feature","id":"UUID_3d0d91ea-45e9-48ee-92f2-a5f5c6d15987","properties":{"id":"UUID_3d0d91ea-45e9-48ee-92f2-a5f5c6d15987","height_m":12.518,"ground_m":134.947,"height_source":"LoD1 solid top minus bottom","production":"2024","laser":"2016","footprints":"2022"},"geometry":{"type":"Polygon","coordinates":[[[13.776777418944913,51.0701664866008],[13.77673368942291,51.07015766562829],[13.776716578485644,51.070198700647985],[13.776699559297459,51.070239502811894],[13.776786602264856,51.07025669076991],[13.776781917996527,51.07026653385084],[13.7768318906591,51.070276769061124],[13.776836865048155,51.070266749157874],[13.776859413717506,51.07027229088595],[13.776879719562483,51.07027628036041],[13.77694917986327,51.07028905757813],[13.776952599303751,51.07028387752248],[13.776966457167827,51.07025632463978],[13.776970825198052,51.07024764730927],[13.776985179849701,51.07021749170449],[13.776937614068292,51.07020800117054],[13.776772994045684,51.07017515433633],[13.776777418944913,51.0701664866008]]]}},{"type":"Feature","id":"UUID_9e500c45-8469-458a-a9e4-b2b4e66a3b24","properties":{"id":"UUID_9e500c45-8469-458a-a9e4-b2b4e66a3b24","height_m":12.56,"ground_m":134.947,"height_source":"LoD1 solid top minus bottom","production":"2024","laser":"2016","footprints":"2022"},"geometry":{"type":"Polygon","coordinates":[[[13.776937614068292,51.07020800117054],[13.77694545604142,51.07019207600711],[13.776781030864447,51.070159420072],[13.776772994045684,51.07017515433633],[13.776937614068292,51.07020800117054]]]}},{"type":"Feature","id":"UUID_5526f5f8-ec87-45ce-8f6c-688d800fa1a4","properties":{"id":"UUID_5526f5f8-ec87-45ce-8f6c-688d800fa1a4","height_m":11.203,"ground_m":135.287,"height_source":"LoD1 solid top minus bottom","production":"2024","laser":"2016","footprints":"2022"},"geometry":{"type":"Polygon","coordinates":[[[13.783659002359709,51.06800746227337],[13.783615275399969,51.067948481951184],[13.783604818535087,51.06795155658499],[13.783648545248624,51.068010545901366],[13.783659002359709,51.06800746227337]]]}},{"type":"Feature","id":"UUID_0df7226d-1530-4f79-8456-6fba1da9caad","properties":{"id":"UUID_0df7226d-1530-4f79-8456-6fba1da9caad","height_m":15.204,"ground_m":135.287,"height_source":"LoD1 solid top minus bottom","production":"2024","laser":"2016","footprints":"2022"},"geometry":{"type":"Polygon","coordinates":[[[13.783601538290503,51.06802441824013],[13.78360151045986,51.06802439097203],[13.783648545484297,51.068010536911004],[13.783604818535087,51.06795155658499],[13.783550518500668,51.067878311505176],[13.783487489156434,51.06789686417393],[13.783484652365976,51.06789618716553],[13.783481754964814,51.06789564441851],[13.783478797188629,51.067895226942504],[13.783481485559514,51.067898843058245],[13.78334711628394,51.06793881142605],[13.783347143642922,51.06793885667496],[13.783331364867793,51.06794349459482],[13.783336369063754,51.067950237342835],[13.783326832457096,51.067953051746485],[13.783351494249926,51.067986312105404],[13.783361044895097,51.06798350683867],[13.783399960274561,51.06803600730844],[13.78338866894669,51.068039334029024],[13.783412903108827,51.068072032368235],[13.783424194442999,51.06806870564538],[13.78342908828629,51.06807530335547],[13.783466112147913,51.06806440272448],[13.783466098350473,51.068064384595246],[13.783601538290503,51.06802441824013]]]}},{"type":"Feature","id":"UUID_474f6bd3-44db-4315-b0ca-ed439e6e279a","properties":{"id":"UUID_474f6bd3-44db-4315-b0ca-ed439e6e279a","height_m":14.142,"ground_m":135.287,"height_source":"LoD1 solid top minus bottom","production":"2024","laser":"2016","footprints":"2022"},"geometry":{"type":"Polygon","coordinates":[[[13.783611339581833,51.068037640765226],[13.783601538290503,51.06802441824013],[13.783466098350473,51.068064384595246],[13.783466112147913,51.06806440272448],[13.783475844892886,51.068077516633686],[13.783611339581833,51.068037640765226]]]}},{"type":"Feature","id":"UUID_d4a8c303-3a45-44b2-a40f-c289cb2c5158","properties":{"id":"UUID_d4a8c303-3a45-44b2-a40f-c289cb2c5158","height_m":10.66,"ground_m":135.287,"height_source":"LoD1 solid top minus bottom","production":"2024","laser":"2016","footprints":"2022"},"geometry":{"type":"Polygon","coordinates":[[[13.783478797188629,51.067895226942504],[13.783475807575009,51.067894935034516],[13.783472785888222,51.06789477768494],[13.783469760665856,51.067894755190764],[13.783466746176687,51.067894867700545],[13.783463742420693,51.06789511521421],[13.783460763902356,51.06789548888999],[13.78345785342807,51.067895989173344],[13.7834549964933,51.06789662490621],[13.783452207838245,51.067897378256326],[13.783448218843862,51.067898730624556],[13.783445693517413,51.06789978347836],[13.783443279748472,51.06790093641428],[13.783441005838931,51.06790219871969],[13.783438872260213,51.067903552413874],[13.783436907549934,51.06790499779389],[13.783435097439286,51.0679065347112],[13.78343345690423,51.06790813634323],[13.783432014246674,51.06790981197741],[13.783430741400446,51.06791154333596],[13.783429215031667,51.06791423428741],[13.783418341066923,51.067917430462636],[13.783400406245118,51.067893250942305],[13.783328933610683,51.06791428758767],[13.78334711628394,51.06793881142605],[13.783481485559514,51.067898843058245],[13.783478797188629,51.067895226942504]]]}},{"type":"Feature","id":"UUID_6212e9ab-31c8-44da-bc6e-c13b99101667","properties":{"id":"UUID_6212e9ab-31c8-44da-bc6e-c13b99101667","height_m":12.321,"ground_m":122.122,"height_source":"LoD1 solid top minus bottom","production":"2024","laser":"2016","footprints":"2022"},"geometry":{"type":"Polygon","coordinates":[[[13.772774411251152,51.06770149860647],[13.772827928425706,51.06771788788533],[13.772886679883577,51.067736040730246],[13.772894801085766,51.06772578424128],[13.772895111189573,51.06772539181257],[13.772783038293612,51.067690465060345],[13.772774411251152,51.06770149860647]]]}},{"type":"Feature","id":"UUID_cb3ca58a-6fd4-4d7a-ae41-4efa2f893f89","properties":{"id":"UUID_cb3ca58a-6fd4-4d7a-ae41-4efa2f893f89","height_m":11.469,"ground_m":122.122,"height_source":"LoD1 solid top minus bottom","production":"2024","laser":"2016","footprints":"2022"},"geometry":{"type":"Polygon","coordinates":[[[13.772795823284676,51.0675826583911],[13.772780677092024,51.06757791302001],[13.77274745030002,51.0676200102902],[13.772763274265431,51.06762503256683],[13.772796120548655,51.06758275144051],[13.772795823284676,51.0675826583911]]]}},{"type":"Feature","id":"UUID_8c7cd414-89fd-43ff-93af-b9f91182108d","properties":{"id":"UUID_8c7cd414-89fd-43ff-93af-b9f91182108d","height_m":14.335,"ground_m":122.122,"height_source":"LoD1 solid top minus bottom","production":"2024","laser":"2016","footprints":"2022"},"geometry":{"type":"Polygon","coordinates":[[[13.772877587353634,51.06757254559861],[13.772825735955017,51.06755631771627],[13.772825780187546,51.067556264223704],[13.77281841755669,51.06755402864249],[13.772795823284676,51.0675826583911],[13.772796120548655,51.06758275144051],[13.772778404918474,51.06760554210719],[13.772763274265431,51.06762503256683],[13.772763868793795,51.06762521866582],[13.772732568215629,51.067664638308294],[13.772726216299045,51.067672755085354],[13.772783126996803,51.06769034908495],[13.772783038293612,51.067690465060345],[13.772895111189573,51.06772539181257],[13.772894801085766,51.06772578424128],[13.7729501637532,51.06774255255217],[13.772982389266327,51.06770053464245],[13.773001016826845,51.067676179773954],[13.773001427528097,51.067676300992154],[13.773034159958666,51.06763400061908],[13.773034105498978,51.06763390112629],[13.773041831887515,51.06762400019566],[13.77304184710708,51.06762396438411],[13.772943268476212,51.06759310930447],[13.772877587353634,51.06757254559861]]]}},{"type":"Feature","id":"UUID_609c59f0-4d72-4ba1-95c9-3e3455a93cbe","properties":{"id":"UUID_609c59f0-4d72-4ba1-95c9-3e3455a93cbe","height_m":9.887,"ground_m":122.122,"height_source":"LoD1 solid top minus bottom","production":"2024","laser":"2016","footprints":"2022"},"geometry":{"type":"Polygon","coordinates":[[[13.772894714348817,51.06755096276881],[13.772842909578184,51.06753459149824],[13.772825780187546,51.067556264223704],[13.772825735955017,51.06755631771627],[13.772877587353634,51.06757254559861],[13.772894714348817,51.06755096276881]]]}},{"type":"Feature","id":"UUID_71457ba0-f930-46c6-8198-3f50c732b355","properties":{"id":"UUID_71457ba0-f930-46c6-8198-3f50c732b355","height_m":14.102,"ground_m":122.122,"height_source":"LoD1 solid top minus bottom","production":"2024","laser":"2016","footprints":"2022"},"geometry":{"type":"Polygon","coordinates":[[[13.773001427528097,51.067676300992154],[13.773023107183677,51.06768279657884],[13.77304734223752,51.06765148616288],[13.773044224524273,51.06765064408055],[13.773034159958666,51.06763400061908],[13.773001427528097,51.067676300992154]]]}},{"type":"Feature","id":"UUID_190c02ff-9edd-4d9f-a8d9-c6d3d845ce1b","properties":{"id":"UUID_190c02ff-9edd-4d9f-a8d9-c6d3d845ce1b","height_m":12.114,"ground_m":122.122,"height_source":"LoD1 solid top minus bottom","production":"2024","laser":"2016","footprints":"2022"},"geometry":{"type":"Polygon","coordinates":[[[13.772953743947323,51.06758017967888],[13.772943268476212,51.06759310930447],[13.77304184710708,51.06762396438411],[13.773051981536428,51.06761097721282],[13.772953743947323,51.06758017967888]]]}},{"type":"Feature","id":"DESNATPU1000GP2y","properties":{"id":"DESNATPU1000GP2y","height_m":18.898,"ground_m":165.573,"height_source":"LoD1 solid top minus bottom","production":"2024","laser":"2016","footprints":"2022"},"geometry":{"type":"Polygon","coordinates":[[[13.789888895208389,51.07431717580912],[13.789968464367977,51.07433679450314],[13.78996517939603,51.07434233603627],[13.789998932906556,51.074350778974996],[13.790002217875104,51.0743452374409],[13.790079234796174,51.07436420014251],[13.790138227962514,51.07426966689106],[13.79005951274663,51.074250147079724],[13.790031006662089,51.07424301746984],[13.78994832385823,51.07422237737591],[13.789888895208389,51.07431717580912]]]}},{"type":"Feature","id":"DESNATPU1000EneA","properties":{"id":"DESNATPU1000EneA","height_m":2.407,"ground_m":139.993,"height_source":"LoD1 solid top minus bottom","production":"2024","laser":"2016","footprints":"2022"},"geometry":{"type":"Polygon","coordinates":[[[13.779368060235686,51.072287097510326],[13.779407172961118,51.072341282993285],[13.779521079468594,51.072308749357255],[13.779500835550856,51.07228066024759],[13.779452226433126,51.072294451248496],[13.779433640577826,51.07226844778839],[13.779368060235686,51.072287097510326]]]}},{"type":"Feature","id":"DESNATPU1000EI0s","properties":{"id":"DESNATPU1000EI0s","height_m":15.786,"ground_m":167.621,"height_source":"LoD1 solid top minus bottom","production":"2024","laser":"2016","footprints":"2022"},"geometry":{"type":"Polygon","coordinates":[[[13.795005845598821,51.07346877948171],[13.794990380178165,51.073481659612256],[13.795008988501241,51.073490664393596],[13.795024598960794,51.07347769582777],[13.795005845598821,51.07346877948171]]]}},{"type":"Feature","id":"DESNATPU1000EJO1","properties":{"id":"DESNATPU1000EJO1","height_m":6.782,"ground_m":124.424,"height_source":"LoD1 solid top minus bottom","production":"2024","laser":"2016","footprints":"2022"},"geometry":{"type":"Polygon","coordinates":[[[13.774804637041173,51.06871452651315],[13.774637521776667,51.06868129976198],[13.774586338871137,51.06879263390088],[13.774754662493796,51.06882335539938],[13.774804637041173,51.06871452651315]]]}},{"type":"Feature","id":"DESNATPU1000Ib3s","properties":{"id":"DESNATPU1000Ib3s","height_m":2.455,"ground_m":166.904,"height_source":"LoD1 solid top minus bottom","production":"2024","laser":"2016","footprints":"2022"},"geometry":{"type":"Polygon","coordinates":[[[13.79371814296059,51.07377105494279],[13.79364265990333,51.07373700255947],[13.793591957729427,51.07378198285616],[13.79366758820395,51.07381585693719],[13.79371814296059,51.07377105494279]]]}},{"type":"Feature","id":"DESNATPU1000G3J2","properties":{"id":"DESNATPU1000G3J2","height_m":5.964,"ground_m":140.882,"height_source":"LoD1 solid top minus bottom","production":"2024","laser":"2016","footprints":"2022"},"geometry":{"type":"Polygon","coordinates":[[[13.784718157830197,51.07000777166032],[13.784672368631313,51.070009417870935],[13.784628865369381,51.07001097991922],[13.78463556093559,51.07008775825601],[13.78467913538131,51.070086205937955],[13.784721566852696,51.070084695676734],[13.784724996238737,51.07008455147667],[13.784718157830197,51.07000777166032]]]}},{"type":"Feature","id":"UUID_bd7e608c-dd2d-4d5b-a68a-dba6c40e7df2","properties":{"id":"UUID_bd7e608c-dd2d-4d5b-a68a-dba6c40e7df2","height_m":16.457,"ground_m":135.326,"height_source":"LoD1 solid top minus bottom","production":"2024","laser":"2016","footprints":"2022"},"geometry":{"type":"Polygon","coordinates":[[[13.78761714627593,51.067705321011864],[13.787629694128345,51.06771834686551],[13.787682314455354,51.06769824515494],[13.78766948215772,51.067685180385325],[13.78761714627593,51.067705321011864]]]}},{"type":"Feature","id":"UUID_8ac7aa00-db8f-45bf-9766-35e2ef767b00","properties":{"id":"UUID_8ac7aa00-db8f-45bf-9766-35e2ef767b00","height_m":15.592,"ground_m":135.326,"height_source":"LoD1 solid top minus bottom","production":"2024","laser":"2016","footprints":"2022"},"geometry":{"type":"Polygon","coordinates":[[[13.787842789766849,51.06781485569814],[13.787840149152036,51.06781213046797],[13.78788253390726,51.067795933312425],[13.787799133570559,51.06771035605387],[13.78780403897186,51.06770833858048],[13.787763868550345,51.06766709457431],[13.787758837081634,51.067669020810335],[13.787735322812116,51.0676780395315],[13.787682411518054,51.0676983540755],[13.787682314455354,51.06769824515494],[13.787629694128345,51.06771834686551],[13.787629652261623,51.06771831045999],[13.787553128064118,51.06774758866096],[13.787547044150827,51.06774991764022],[13.787583462885054,51.0677872558935],[13.787588047085661,51.06779206963808],[13.787594243743408,51.067789795783085],[13.787635246756025,51.067831947764624],[13.787677087180654,51.067874827842346],[13.787719046333779,51.06785853640326],[13.787722245952576,51.067861717074834],[13.787842789766849,51.06781485569814]]]}},{"type":"Feature","id":"DESNATPU1000Flqg","properties":{"id":"DESNATPU1000Flqg","height_m":18.79,"ground_m":159.823,"height_source":"LoD1 solid top minus bottom","production":"2024","laser":"2016","footprints":"2022"},"geometry":{"type":"Polygon","coordinates":[[[13.787923811230256,51.073952390793394],[13.787955672931973,51.07390209167548],[13.787807191580045,51.073864850486814],[13.787776656391536,51.07391354461674],[13.787764449345739,51.07393275255511],[13.787730935412654,51.073986181968436],[13.787878996014127,51.07402314910469],[13.787911000521113,51.07397285148007],[13.787919366206687,51.073975006574955],[13.787932319619685,51.07395454736715],[13.787923811230256,51.073952390793394]]]}},{"type":"Feature","id":"DESNATPU1000JMCX","properties":{"id":"DESNATPU1000JMCX","height_m":6.267,"ground_m":160.613,"height_source":"LoD1 solid top minus bottom","production":"2024","laser":"2016","footprints":"2022"},"geometry":{"type":"Polygon","coordinates":[[[13.778213779047805,51.080723423426704],[13.778111125966072,51.08066938282105],[13.778031008275264,51.08072996617622],[13.778060012156626,51.08074537728145],[13.778048794764569,51.08075389311264],[13.778070200345471,51.080765088095916],[13.77808155809511,51.080756663657915],[13.7781335186679,51.08078400536005],[13.778213779047805,51.080723423426704]]]}},{"type":"Feature","id":"DESNATPU1000HC7Z","properties":{"id":"DESNATPU1000HC7Z","height_m":11.109,"ground_m":136.514,"height_source":"LoD1 solid top minus bottom","production":"2024","laser":"2016","footprints":"2022"},"geometry":{"type":"Polygon","coordinates":[[[13.782336926740811,51.06850155706066],[13.782332610355473,51.06849688978412],[13.782314768278088,51.06847897905956],[13.782333329928512,51.06847164544369],[13.78233635892341,51.06847587664592],[13.782337964239955,51.06847616315439],[13.782361278919455,51.0684769815804],[13.78238248221843,51.06846851540266],[13.78239273701119,51.06845356825116],[13.782387481589941,51.06844824371134],[13.782410137360662,51.06843936100423],[13.782286672884583,51.068314432509084],[13.782209835883858,51.06834458526128],[13.78220848928849,51.06834531763524],[13.782207647060936,51.068345866414944],[13.782206846696353,51.068346451602096],[13.78220613100155,51.06834707364269],[13.782205471674612,51.06834772324903],[13.782204882748522,51.06834840956015],[13.782204379200085,51.06834910575365],[13.782203960557396,51.068349829810195],[13.782203612787473,51.06835057259084],[13.782203350395216,51.06835132525383],[13.782203173380626,51.06835208779919],[13.782203072777378,51.068353201860646],[13.7822031434014,51.06835431770611],[13.78220329457241,51.06835508367083],[13.782203545861961,51.068355841685865],[13.782203868968134,51.068356582463515],[13.782204263890932,51.06835730600377],[13.782204744663343,51.06835802144567],[13.782205311993234,51.06835870181814],[13.78220595113976,51.06835936495321],[13.782206648305893,51.068359992721504],[13.782207432029514,51.06836058542035],[13.782208259267845,51.06836115159412],[13.78220958143602,51.068361893788065],[13.78218633108917,51.068370590405074],[13.7821831598542,51.06838918149304],[13.782229570450063,51.06843613094108],[13.782227450024878,51.06843698115239],[13.782225975714248,51.06843768521745],[13.782224585129747,51.068438462097376],[13.782223278979227,51.06843928482109],[13.782222071059753,51.06844017151798],[13.78222096184323,51.06844110420731],[13.782219965362673,51.06844209202812],[13.782219067821027,51.06844311685104],[13.782218297992188,51.06844416998303],[13.782217641371236,51.0684452602658],[13.782217112463101,51.06844637885762],[13.782216586498105,51.06844792913544],[13.782216302633636,51.06844949992132],[13.782216243421633,51.06845066837093],[13.782216298597337,51.06845182901953],[13.782216496462745,51.06845299115476],[13.782216823220804,51.06845413664728],[13.782217278635567,51.06845527448743],[13.782217848909985,51.06845638654585],[13.782218548548986,51.068457463980785],[13.782219363047657,51.06845851563397],[13.782220292877907,51.06845952352467],[13.782221338039744,51.068460487652885],[13.78222290431097,51.0684617180022],[13.782261403361412,51.068500680319346],[13.782264938317375,51.068498684770915],[13.782290887093497,51.06852476450522],[13.78234104832537,51.068504945327305],[13.782336926740811,51.06850155706066]]]}},{"type":"Feature","id":"DESNATP1Ak0000YS","properties":{"id":"DESNATP1Ak0000YS","height_m":7.041,"ground_m":214.523,"height_source":"LoD1 solid top minus bottom","production":"2024","laser":"2016","footprints":"2022"},"geometry":{"type":"Polygon","coordinates":[[[13.79963451666581,51.07759201229674],[13.799561457710654,51.0775615228567],[13.799509983366818,51.07761047257205],[13.799583028092261,51.07764096189776],[13.79963451666581,51.07759201229674]]]}},{"type":"Feature","id":"DESNATP1Ak0000Qj","properties":{"id":"DESNATP1Ak0000Qj","height_m":16.56,"ground_m":141.339,"height_source":"LoD1 solid top minus bottom","production":"2024","laser":"2016","footprints":"2022"},"geometry":{"type":"Polygon","coordinates":[[[13.787107655825213,51.068657590216176],[13.787010640632776,51.068695342487906],[13.78704798191422,51.06873343687887],[13.787144997156984,51.068695684576724],[13.787107655825213,51.068657590216176]]]}},{"type":"Feature","id":"UUID_cc8971ad-441c-4c73-a225-6c6e307899d8","properties":{"id":"UUID_cc8971ad-441c-4c73-a225-6c6e307899d8","height_m":16.829,"ground_m":131.628,"height_source":"LoD1 solid top minus bottom","production":"2024","laser":"2016","footprints":"2022"},"geometry":{"type":"Polygon","coordinates":[[[13.776423273668621,51.06968562073716],[13.77639514607779,51.069680560089274],[13.776371955026951,51.06973240373337],[13.77634448721522,51.06979378894717],[13.776536636708338,51.06983050369991],[13.776596426026494,51.06984192989886],[13.776624086766839,51.06977917074504],[13.776646221059405,51.06972896167811],[13.77664751336242,51.06972596260867],[13.776423273668621,51.06968562073716]]]}},{"type":"Feature","id":"UUID_b7fe23a2-abbc-49a4-9cf2-bca732f72460","properties":{"id":"UUID_b7fe23a2-abbc-49a4-9cf2-bca732f72460","height_m":14.941,"ground_m":131.628,"height_source":"LoD1 solid top minus bottom","production":"2024","laser":"2016","footprints":"2022"},"geometry":{"type":"Polygon","coordinates":[[[13.776423273668621,51.06968562073716],[13.776647470791467,51.06972595317029],[13.77664751336242,51.06972596260867],[13.776650325045267,51.06971947224126],[13.776593644068267,51.0697092566634],[13.776426302976242,51.06967899776082],[13.776423273668621,51.06968562073716]]]}},{"type":"Feature","id":"DESNATP1Ak0000RR","properties":{"id":"DESNATP1Ak0000RR","height_m":3.1,"ground_m":156.256,"height_source":"LoD1 solid top minus bottom","production":"2024","laser":"2016","footprints":"2022"},"geometry":{"type":"Polygon","coordinates":[[[13.788486447621626,51.07213037248888],[13.78847992637418,51.07212811065105],[13.788457056008404,51.072150652385474],[13.788528467509847,51.07217967494093],[13.788551595892066,51.07215709090285],[13.788537523502137,51.072151009796585],[13.788486447621626,51.07213037248888]]]}},{"type":"Feature","id":"DESNATPU1000CdXr","properties":{"id":"DESNATPU1000CdXr","height_m":4.434,"ground_m":136.547,"height_source":"LoD1 solid top minus bottom","production":"2024","laser":"2016","footprints":"2022"},"geometry":{"type":"Polygon","coordinates":[[[13.78402151588217,51.0683941394471],[13.784097561748565,51.06837343772279],[13.784104460320673,51.06837162099491],[13.784081629055484,51.068338739555244],[13.78399793352032,51.068362689028],[13.784019789470529,51.06839466105563],[13.78402151588217,51.0683941394471]]]}},{"type":"Feature","id":"DESNATPU1000IwAp","properties":{"id":"DESNATPU1000IwAp","height_m":13.353,"ground_m":134.575,"height_source":"LoD1 solid top minus bottom","production":"2024","laser":"2016","footprints":"2022"},"geometry":{"type":"Polygon","coordinates":[[[13.778037660604639,51.07059137783075],[13.77796693662977,51.07057398372811],[13.777848253625763,51.07073919991662],[13.77798638344975,51.070778593824194],[13.778066035822775,51.07066998394405],[13.778109745992175,51.07060910986383],[13.778037660604639,51.07059137783075]]]}},{"type":"Feature","id":"DESNATPU1000IaiM","properties":{"id":"DESNATPU1000IaiM","height_m":4.895,"ground_m":152.918,"height_source":"LoD1 solid top minus bottom","production":"2024","laser":"2016","footprints":"2022"},"geometry":{"type":"Polygon","coordinates":[[[13.789296852292066,51.07190780712142],[13.789217120090505,51.07184538048379],[13.78917594769005,51.07184234607038],[13.789104767606549,51.071878838924626],[13.789018916953184,51.07191958622095],[13.789013964785418,51.071945254350155],[13.789294061381849,51.0720639833118],[13.789357341433984,51.07202938693694],[13.78923942116858,51.071937068364186],[13.789296852292066,51.07190780712142]]]}},{"type":"Feature","id":"DESNATPU1000CuO9","properties":{"id":"DESNATPU1000CuO9","height_m":5.554,"ground_m":162.664,"height_source":"LoD1 solid top minus bottom","production":"2024","laser":"2016","footprints":"2022"},"geometry":{"type":"Polygon","coordinates":[[[13.791914966445232,51.073059851336396],[13.791919685373722,51.07309186953379],[13.791989594278416,51.0730877359373],[13.791991666764448,51.07310133649294],[13.792021400803431,51.07309966536804],[13.792019475695081,51.07308588647992],[13.79206136301104,51.073083441662824],[13.792056642814996,51.07305146842238],[13.792052263675277,51.07302174690761],[13.791910588566243,51.073030084865046],[13.791914966445232,51.073059851336396]]]}},{"type":"Feature","id":"UUID_dc6cfff3-38d4-461d-9b7d-64c3184e07df","properties":{"id":"UUID_dc6cfff3-38d4-461d-9b7d-64c3184e07df","height_m":5.317,"ground_m":138.869,"height_source":"LoD1 solid top minus bottom","production":"2024","laser":"2016","footprints":"2022"},"geometry":{"type":"Polygon","coordinates":[[[13.787131867485465,51.068323236758545],[13.787165421515052,51.068358782819736],[13.78718906043149,51.06834992737669],[13.787185227238185,51.068345867813406],[13.787155506389963,51.06831438132215],[13.787131867485465,51.068323236758545]]]}},{"type":"Feature","id":"UUID_fff7f3de-7cf7-450d-b5ec-acecd1db9b49","properties":{"id":"UUID_fff7f3de-7cf7-450d-b5ec-acecd1db9b49","height_m":8.319,"ground_m":138.869,"height_source":"LoD1 solid top minus bottom","production":"2024","laser":"2016","footprints":"2022"},"geometry":{"type":"Polygon","coordinates":[[[13.787301934865877,51.06835793308175],[13.787263048077085,51.068316720211996],[13.787185227238185,51.068345867813406],[13.78718906043149,51.06834992737669],[13.787224113746413,51.068387089698916],[13.787301934865877,51.06835793308175]]]}},{"type":"Feature","id":"UUID_309e4710-eac6-45ad-8a7f-88b1025904a8","properties":{"id":"UUID_309e4710-eac6-45ad-8a7f-88b1025904a8","height_m":8.376,"ground_m":138.869,"height_source":"LoD1 solid top minus bottom","production":"2024","laser":"2016","footprints":"2022"},"geometry":{"type":"Polygon","coordinates":[[[13.787321265917226,51.068294914148844],[13.787266532775146,51.06823690915252],[13.787130493973242,51.06828787174499],[13.787155506389963,51.06831438132215],[13.787185227238185,51.068345867813406],[13.787263048077085,51.068316720211996],[13.787321265917226,51.068294914148844]]]}},{"type":"Feature","id":"DESNATP1CX00027y","properties":{"id":"DESNATP1CX00027y","height_m":2.961,"ground_m":140.393,"height_source":"LoD1 solid top minus bottom","production":"2024","laser":"2016","footprints":"2022"},"geometry":{"type":"Polygon","coordinates":[[[13.773846695908933,51.071989577272376],[13.773538755032172,51.07208979091761],[13.77363241308783,51.07220402919381],[13.773824134993026,51.072141643002325],[13.773848514233507,51.07217137721094],[13.77380316099598,51.072186135275984],[13.773994613933628,51.07241965471436],[13.774175883502734,51.07236066551209],[13.773923529962627,51.07205287435819],[13.773903847957733,51.07205928661697],[13.773846695908933,51.071989577272376]]]}},{"type":"Feature","id":"DESNATP1Ak0000RN","properties":{"id":"DESNATP1Ak0000RN","height_m":2.462,"ground_m":154.804,"height_source":"LoD1 solid top minus bottom","production":"2024","laser":"2016","footprints":"2022"},"geometry":{"type":"Polygon","coordinates":[[[13.78794599465191,51.072154283899955],[13.787922851943087,51.072176858677864],[13.787994121147877,51.07220585310677],[13.78801717962525,51.072183223484686],[13.788009428455771,51.072179959658484],[13.787958466708712,51.072159332295676],[13.78794599465191,51.072154283899955]]]}},{"type":"Feature","id":"DESNATPU1000E9vq","properties":{"id":"DESNATPU1000E9vq","height_m":2.616,"ground_m":140.782,"height_source":"LoD1 solid top minus bottom","production":"2024","laser":"2016","footprints":"2022"},"geometry":{"type":"Polygon","coordinates":[[[13.782278325136948,51.07246385594456],[13.78222398328098,51.07251661718262],[13.782283863678234,51.07254107198467],[13.782338207855348,51.07248822081518],[13.782278325136948,51.07246385594456]]]}},{"type":"Feature","id":"DESNATPU1000BJlg","properties":{"id":"DESNATPU1000BJlg","height_m":2.946,"ground_m":135.162,"height_source":"LoD1 solid top minus bottom","production":"2024","laser":"2016","footprints":"2022"},"geometry":{"type":"Polygon","coordinates":[[[13.787618929471181,51.0675278213011],[13.787706775357393,51.06761803113884],[13.787775979327398,51.06759141073375],[13.787702426123001,51.06751681683756],[13.787618929471181,51.0675278213011]]]}},{"type":"Feature","id":"DESNATPU1000CkNN","properties":{"id":"DESNATPU1000CkNN","height_m":15.416,"ground_m":150.063,"height_source":"LoD1 solid top minus bottom","production":"2024","laser":"2016","footprints":"2022"},"geometry":{"type":"Polygon","coordinates":[[[13.787404542627014,51.07151516948125],[13.787400015556571,51.071519079353415],[13.787342669417319,51.07149591245961],[13.787262083866706,51.071575472111995],[13.787255428687947,51.071573424643],[13.787232572984344,51.07159593931468],[13.787238640916193,51.0715986101887],[13.787314241148001,51.071630599618835],[13.787389841484524,51.0716625890006],[13.787408301014615,51.071644435169496],[13.7874129895945,51.0716398075477],[13.787431006908982,51.07162218869406],[13.787496342682683,51.07155811822678],[13.78742953662046,51.07153098633511],[13.787433207493043,51.07152706757967],[13.787404542627014,51.07151516948125]]]}},{"type":"Feature","id":"UUID_c041a2a3-0dd8-406e-9fcd-98aef3039784","properties":{"id":"UUID_c041a2a3-0dd8-406e-9fcd-98aef3039784","height_m":12.933,"ground_m":136.722,"height_source":"LoD1 solid top minus bottom","production":"2024","laser":"2016","footprints":"2022"},"geometry":{"type":"Polygon","coordinates":[[[13.777356509145056,51.070386790445845],[13.777356538631782,51.07038675478301],[13.77743967486317,51.07040596973523],[13.777464195044777,51.07036378009302],[13.77748998565361,51.07031941847785],[13.777283277621681,51.07027175263371],[13.777257337040181,51.070316382419925],[13.77723296650038,51.070358303800504],[13.7772637513127,51.070365460390434],[13.777263781273344,51.07036540674695],[13.777356509145056,51.070386790445845]]]}},{"type":"Feature","id":"UUID_ac59f6eb-3999-4e8b-8b91-1f19ffb3cbec","properties":{"id":"UUID_ac59f6eb-3999-4e8b-8b91-1f19ffb3cbec","height_m":11.937,"ground_m":136.722,"height_source":"LoD1 solid top minus bottom","production":"2024","laser":"2016","footprints":"2022"},"geometry":{"type":"Polygon","coordinates":[[[13.777476694564816,51.07034226511165],[13.777464195044777,51.07036378009302],[13.777485901879274,51.070368773325406],[13.777498443725486,51.0703472767701],[13.777511763107249,51.07032443942262],[13.777490030594137,51.07031933801252],[13.777476694564816,51.07034226511165]]]}},{"type":"Feature","id":"UUID_231eb704-2a2d-4415-a911-9d9b7413ca7a","properties":{"id":"UUID_231eb704-2a2d-4415-a911-9d9b7413ca7a","height_m":10.501,"ground_m":136.722,"height_source":"LoD1 solid top minus bottom","production":"2024","laser":"2016","footprints":"2022"},"geometry":{"type":"Polygon","coordinates":[[[13.7772637513127,51.070365460390434],[13.777259716102453,51.0703723426492],[13.77730313447729,51.07038214937885],[13.777352501064206,51.07039372694845],[13.777356509145056,51.070386790445845],[13.777263781273344,51.07036540674695],[13.7772637513127,51.070365460390434]]]}},{"type":"Feature","id":"UUID_5a4c576a-61c4-45a4-afd3-990338c9e2da","properties":{"id":"UUID_5a4c576a-61c4-45a4-afd3-990338c9e2da","height_m":3.038,"ground_m":136.722,"height_source":"LoD1 solid top minus bottom","production":"2024","laser":"2016","footprints":"2022"},"geometry":{"type":"Polygon","coordinates":[[[13.777307083723134,51.07027724447934],[13.77748998565361,51.07031941847785],[13.777490030594137,51.07031933801252],[13.777470057082844,51.0703146506804],[13.777474239689775,51.0703075900997],[13.777393258259796,51.070287858141164],[13.777311373345416,51.07026991523918],[13.777307188348084,51.07027706571739],[13.777307083723134,51.07027724447934]]]}},{"type":"Feature","id":"UUID_084be889-e313-40bf-908e-93e8130625e9","properties":{"id":"UUID_084be889-e313-40bf-908e-93e8130625e9","height_m":12.31,"ground_m":136.722,"height_source":"LoD1 solid top minus bottom","production":"2024","laser":"2016","footprints":"2022"},"geometry":{"type":"Polygon","coordinates":[[[13.777231375463876,51.0703103554243],[13.777257337040181,51.070316382419925],[13.777283277621681,51.07027175263371],[13.777307083723134,51.07027724447934],[13.777307188348084,51.07027706571739],[13.777257244008485,51.07026575186858],[13.777231375463876,51.0703103554243]]]}},{"type":"Feature","id":"DESNATPU1000FgW8","properties":{"id":"DESNATPU1000FgW8","height_m":3.116,"ground_m":141.022,"height_source":"LoD1 solid top minus bottom","production":"2024","laser":"2016","footprints":"2022"},"geometry":{"type":"Polygon","coordinates":[[[13.782093533292624,51.07199403452276],[13.782008771087042,51.072085507505356],[13.78202955221593,51.072093188085795],[13.782094761715525,51.07202336389722],[13.78210508210221,51.07202715848504],[13.782125060520455,51.07200560403823],[13.782093533292624,51.07199403452276]]]}},{"type":"Feature","id":"DESNATPU1000IaSh","properties":{"id":"DESNATPU1000IaSh","height_m":14.705,"ground_m":139.839,"height_source":"LoD1 solid top minus bottom","production":"2024","laser":"2016","footprints":"2022"},"geometry":{"type":"Polygon","coordinates":[[[13.778071766076536,51.07099003532419],[13.77808413865685,51.07098417545075],[13.778164951804122,51.07105208868546],[13.778152767089987,51.07105786060309],[13.778178567235612,51.07107979399975],[13.778190927687813,51.0710738530529],[13.778214080765515,51.07109332171771],[13.778263807947065,51.07106956089041],[13.77826706367113,51.071072220823694],[13.778304485322025,51.071054482443465],[13.778301258846726,51.07105179583847],[13.778358604570013,51.07102437358844],[13.778329051033118,51.070999163586805],[13.778332442770187,51.07099774220032],[13.778214766409773,51.07089871529824],[13.778211431045003,51.07090016424902],[13.77818157468853,51.070875076943096],[13.77812379165954,51.07090230568599],[13.77812042967486,51.07089988744385],[13.77808289297557,51.070917660533944],[13.778086048317167,51.07092033740866],[13.778036125456495,51.07094394323701],[13.778057980681728,51.07096228325581],[13.77804581048476,51.07096804632127],[13.778071766076536,51.07099003532419]]]}},{"type":"Feature","id":"DESNATP1Ak0000Q2","properties":{"id":"DESNATP1Ak0000Q2","height_m":2.341,"ground_m":136.806,"height_source":"LoD1 solid top minus bottom","production":"2024","laser":"2016","footprints":"2022"},"geometry":{"type":"Polygon","coordinates":[[[13.780511199688254,51.07136494586728],[13.780479689859538,51.07131473396133],[13.780386169605716,51.07133802979339],[13.780417679348169,51.07138824172378],[13.780511199688254,51.07136494586728]]]}},{"type":"Feature","id":"UUID_c75035f4-858a-46eb-8dc6-dbbeb59e1dac","properties":{"id":"UUID_c75035f4-858a-46eb-8dc6-dbbeb59e1dac","height_m":10.456,"ground_m":136.229,"height_source":"LoD1 solid top minus bottom","production":"2024","laser":"2016","footprints":"2022"},"geometry":{"type":"Polygon","coordinates":[[[13.782478282568505,51.068433128409715],[13.782479852396934,51.06843204763806],[13.782481281422871,51.068430893457105],[13.782481615978432,51.06843065413591],[13.782482665282815,51.06842982873387],[13.78248387980235,51.06842869030412],[13.782484924745575,51.068427487158225],[13.782485799876598,51.06842622828654],[13.782485698711916,51.06842355636541],[13.782551191947116,51.06839817737011],[13.782541198181768,51.0683879473601],[13.782427197786319,51.06843266821075],[13.782431132573668,51.06843664805446],[13.782437372937029,51.068438160904165],[13.782439140751814,51.06843878183831],[13.782440925194718,51.06843931301744],[13.782442754803672,51.068439754738854],[13.78244462934275,51.06844011599289],[13.782446534307072,51.06844040562128],[13.782448484673322,51.06844059680157],[13.782450437162769,51.06844070706857],[13.782452391775402,51.068440736422275],[13.782454420327864,51.06844066762516],[13.782456436970433,51.06844050877576],[13.782458370122349,51.06844026812122],[13.782460262590508,51.06843994610749],[13.782462114374898,51.06843954273457],[13.782463925475511,51.06843905800247],[13.782465667354407,51.0684384916139],[13.782467353808732,51.06843786169819],[13.782468957008266,51.06843714098706],[13.78247053402887,51.068436330075],[13.78247473595263,51.06843502492211],[13.782475024870505,51.068434893039374],[13.782476572173477,51.068434126781774],[13.782478282568505,51.068433128409715]]]}},{"type":"Feature","id":"UUID_3d042aec-f7c9-4631-8528-b879ad80c4ea","properties":{"id":"UUID_3d042aec-f7c9-4631-8528-b879ad80c4ea","height_m":5.411,"ground_m":136.229,"height_source":"LoD1 solid top minus bottom","production":"2024","laser":"2016","footprints":"2022"},"geometry":{"type":"Polygon","coordinates":[[[13.78235466570532,51.06831943942406],[13.782331842937042,51.06829607212942],[13.782304733698744,51.06828919796875],[13.782285564913222,51.06829737057983],[13.782286672884583,51.068314432509084],[13.782309085265936,51.06833712107562],[13.78235466570532,51.06831943942406]]]}},{"type":"Feature","id":"UUID_d5971698-292c-497c-b359-650b80f658c8","properties":{"id":"UUID_d5971698-292c-497c-b359-650b80f658c8","height_m":12.025,"ground_m":136.229,"height_source":"LoD1 solid top minus bottom","production":"2024","laser":"2016","footprints":"2022"},"geometry":{"type":"Polygon","coordinates":[[[13.78235466570532,51.06831943942406],[13.782309085265936,51.06833712107562],[13.782410137360662,51.06843936100423],[13.782427197786319,51.06843266821075],[13.782541198181768,51.0683879473601],[13.782441428457748,51.068285783852716],[13.78235466570532,51.06831943942406]]]}},{"type":"Feature","id":"UUID_0f699875-ddac-48ee-8fbe-598b5d0cc191","properties":{"id":"UUID_0f699875-ddac-48ee-8fbe-598b5d0cc191","height_m":8.488,"ground_m":136.09,"height_source":"LoD1 solid top minus bottom","production":"2024","laser":"2016","footprints":"2022"},"geometry":{"type":"Polygon","coordinates":[[[13.780535480646243,51.06810975382611],[13.780514630948128,51.06811344817105],[13.780481930191355,51.068119491888076],[13.780499870485555,51.06815915755571],[13.780525728970234,51.06821632492808],[13.780579277165689,51.068206676750464],[13.78063361414422,51.06819688389934],[13.780589913385253,51.06810011487258],[13.780535480646243,51.06810975382611]]]}},{"type":"Feature","id":"UUID_bacb8f4b-e127-45d0-99b2-177d2eb8a68f","properties":{"id":"UUID_bacb8f4b-e127-45d0-99b2-177d2eb8a68f","height_m":6.401,"ground_m":136.09,"height_source":"LoD1 solid top minus bottom","production":"2024","laser":"2016","footprints":"2022"},"geometry":{"type":"Polygon","coordinates":[[[13.780525728970234,51.06821632492808],[13.780499870485555,51.06815915755571],[13.780483951701584,51.06816204902414],[13.78048853375107,51.0681723486479],[13.780500141023746,51.068197739580995],[13.78050999731768,51.06821915540275],[13.780525728970234,51.06821632492808]]]}},{"type":"Feature","id":"UUID_f0eef3d9-5181-4284-985a-583026e50806","properties":{"id":"UUID_f0eef3d9-5181-4284-985a-583026e50806","height_m":13.799,"ground_m":135.186,"height_source":"LoD1 solid top minus bottom","production":"2024","laser":"2016","footprints":"2022"},"geometry":{"type":"Polygon","coordinates":[[[13.777671059229883,51.070653138267524],[13.77767108871654,51.07065310260461],[13.777701417868093,51.07059683695],[13.777724078132637,51.0705548076617],[13.777502560360851,51.07050740101326],[13.777476258295621,51.07055600189162],[13.777474632023678,51.07055813416593],[13.777471479061044,51.07056403644925],[13.777469374716583,51.07056806120814],[13.777466825701394,51.07057271081343],[13.777464117407202,51.07057798825008],[13.777460962072906,51.07058398043648],[13.777457818582496,51.070589523105696],[13.777449401192932,51.07060562213993],[13.777531001360375,51.07062356196375],[13.777582530022448,51.070634352693475],[13.777671059229883,51.070653138267524]]]}},{"type":"Feature","id":"UUID_f06ceea9-d57a-41c2-8eb9-a253575bbbb6","properties":{"id":"UUID_f06ceea9-d57a-41c2-8eb9-a253575bbbb6","height_m":12.158,"ground_m":135.186,"height_source":"LoD1 solid top minus bottom","production":"2024","laser":"2016","footprints":"2022"},"geometry":{"type":"Polygon","coordinates":[[[13.777476685740263,51.070501860594554],[13.77745028021071,51.070550595277346],[13.777459791088173,51.070552583247874],[13.777476258532511,51.070555992901284],[13.777502560360851,51.07050740101326],[13.777476685740263,51.070501860594554]]]}},{"type":"Feature","id":"UUID_7e6a2336-a53c-4f32-86f8-d8a0bc90b44a","properties":{"id":"UUID_7e6a2336-a53c-4f32-86f8-d8a0bc90b44a","height_m":12.417,"ground_m":135.186,"height_source":"LoD1 solid top minus bottom","production":"2024","laser":"2016","footprints":"2022"},"geometry":{"type":"Polygon","coordinates":[[[13.777689980212303,51.070657149089044],[13.777720439664964,51.07060081284967],[13.777701417868093,51.07059683695],[13.77767108871654,51.07065310260461],[13.777671059229883,51.070653138267524],[13.777689980212303,51.070657149089044]]]}},{"type":"Feature","id":"DESNATPU1000IpsP","properties":{"id":"DESNATPU1000IpsP","height_m":4.614,"ground_m":133.737,"height_source":"LoD1 solid top minus bottom","production":"2024","laser":"2016","footprints":"2022"},"geometry":{"type":"Polygon","coordinates":[[[13.785197048050739,51.067361370612],[13.785232246251741,51.06736019866467],[13.785239567953635,51.06729478005856],[13.785191599289751,51.06729636784104],[13.785197048050739,51.067361370612]]]}},{"type":"Feature","id":"DESNATPU1000BocF","properties":{"id":"DESNATPU1000BocF","height_m":3.123,"ground_m":140.936,"height_source":"LoD1 solid top minus bottom","production":"2024","laser":"2016","footprints":"2022"},"geometry":{"type":"Polygon","coordinates":[[[13.782094761715525,51.07202336389722],[13.78202955221593,51.072093188085795],[13.78208539512292,51.07211373401211],[13.78217001689016,51.072022169583356],[13.782125060520455,51.07200560403823],[13.78210508210221,51.07202715848504],[13.782094761715525,51.07202336389722]]]}},{"type":"Feature","id":"UUID_246d0c49-3fd0-4966-b03d-0b379db104a1","properties":{"id":"UUID_246d0c49-3fd0-4966-b03d-0b379db104a1","height_m":12.258,"ground_m":135.779,"height_source":"LoD1 solid top minus bottom","production":"2024","laser":"2016","footprints":"2022"},"geometry":{"type":"Polygon","coordinates":[[[13.782138797100156,51.067819932385284],[13.782130156225373,51.06780275599179],[13.782024954724518,51.067823872049374],[13.781939195181714,51.06784108090505],[13.781925564318641,51.067843816555914],[13.781946930566086,51.06788622454124],[13.781977372343638,51.06794664978927],[13.78199070122908,51.06794400091367],[13.782076713771234,51.06792694753408],[13.782167418105159,51.06790895376648],[13.78212430588074,51.06782282096549],[13.782138797100156,51.067819932385284]]]}},{"type":"Feature","id":"UUID_7d11c884-eeaa-4582-a544-f5624cfac0a0","properties":{"id":"UUID_7d11c884-eeaa-4582-a544-f5624cfac0a0","height_m":3.578,"ground_m":135.779,"height_source":"LoD1 solid top minus bottom","production":"2024","laser":"2016","footprints":"2022"},"geometry":{"type":"Polygon","coordinates":[[[13.781941925279629,51.067900192187246],[13.781942411816058,51.067901231431925],[13.781943027243708,51.06790225403416],[13.78194374349699,51.06790324171583],[13.781945492749276,51.06790511246621],[13.78194652598429,51.06790598654454],[13.781947646248156,51.067906807572875],[13.781948867573679,51.067907584690275],[13.781950457528055,51.067908455577424],[13.781950413777647,51.06790849109278],[13.78194434849967,51.06791390451301],[13.78196381815064,51.06795353193385],[13.78197451727405,51.06794721356289],[13.781977372343638,51.06794664978927],[13.78195131211774,51.06789493028838],[13.781946930566086,51.06788622454124],[13.781945646827948,51.067887281308785],[13.781944695284073,51.067888188660234],[13.781943117310469,51.06789012365787],[13.781942491116755,51.06789114231369],[13.781941992870172,51.06789218028853],[13.781941594033135,51.06789323728498],[13.781941323143245,51.06789431360043],[13.78194112357856,51.06789647879045],[13.781941168145593,51.06789695587439],[13.781941245606893,51.06789781099958],[13.781941539332816,51.06789912701238],[13.781941925279629,51.067900192187246]]]}},{"type":"Feature","id":"DESNATPU1000BZUG","properties":{"id":"DESNATPU1000BZUG","height_m":4.837,"ground_m":134.341,"height_source":"LoD1 solid top minus bottom","production":"2024","laser":"2016","footprints":"2022"},"geometry":{"type":"Polygon","coordinates":[[[13.781260032479645,51.06723017818869],[13.781333233065277,51.067258009832024],[13.781377549625338,51.067211799144786],[13.78130420639932,51.067183966041554],[13.781260032479645,51.06723017818869]]]}},{"type":"Feature","id":"DESNATPU1000EYjB","properties":{"id":"DESNATPU1000EYjB","height_m":6.761,"ground_m":146.305,"height_source":"LoD1 solid top minus bottom","production":"2024","laser":"2016","footprints":"2022"},"geometry":{"type":"Polygon","coordinates":[[[13.785394597858438,51.071637016544],[13.785296280114524,51.07172313519771],[13.785435091696476,51.07178590865827],[13.785533266619883,51.0716997884052],[13.785394597858438,51.071637016544]]]}},{"type":"Feature","id":"UUID_52e04a36-37ed-40bf-becb-39c63e20d436","properties":{"id":"UUID_52e04a36-37ed-40bf-becb-39c63e20d436","height_m":3.618,"ground_m":136.572,"height_source":"LoD1 solid top minus bottom","production":"2024","laser":"2016","footprints":"2022"},"geometry":{"type":"Polygon","coordinates":[[[13.787461404172301,51.06782271638197],[13.78750458533773,51.067866716547435],[13.787517681697894,51.06788005385852],[13.787570786048242,51.067859462613974],[13.787518562269119,51.06780593520491],[13.787473068709138,51.067823664728614],[13.78746917634392,51.06781968549572],[13.787461404172301,51.06782271638197]]]}},{"type":"Feature","id":"UUID_b365c3b7-2e11-454b-8d10-1449024d5358","properties":{"id":"UUID_b365c3b7-2e11-454b-8d10-1449024d5358","height_m":9.527,"ground_m":136.572,"height_source":"LoD1 solid top minus bottom","production":"2024","laser":"2016","footprints":"2022"},"geometry":{"type":"Polygon","coordinates":[[[13.787431881365766,51.06784045869155],[13.787465630530866,51.06782702282136],[13.787461404172301,51.06782271638197],[13.787449392383548,51.067810478446646],[13.787415433892718,51.0678237322842],[13.787431881365766,51.06784045869155]]]}},{"type":"Feature","id":"UUID_52b7d342-20d3-4214-9340-3018bebf411b","properties":{"id":"UUID_52b7d342-20d3-4214-9340-3018bebf411b","height_m":11.918,"ground_m":136.572,"height_source":"LoD1 solid top minus bottom","production":"2024","laser":"2016","footprints":"2022"},"geometry":{"type":"Polygon","coordinates":[[[13.787519893217995,51.067933611037134],[13.787556316867095,51.067919420509504],[13.787517681697894,51.06788005385852],[13.78750476613386,51.06786689827926],[13.787465630765798,51.06782701383098],[13.787431881365766,51.06784045869155],[13.787432103558304,51.067840694809874],[13.787393285936838,51.06785583168662],[13.787432098016906,51.06789552395606],[13.787488925907777,51.06795364953025],[13.787525492740263,51.067939442511914],[13.787519893217995,51.067933611037134]]]}},{"type":"Feature","id":"DESNATPU1000Jf0m","properties":{"id":"DESNATPU1000Jf0m","height_m":2.69,"ground_m":137.981,"height_source":"LoD1 solid top minus bottom","production":"2024","laser":"2016","footprints":"2022"},"geometry":{"type":"Polygon","coordinates":[[[13.780394057410385,51.07176720432221],[13.780433934944025,51.071824904641716],[13.780499352606284,51.0718069720521],[13.780459617705674,51.071749273243164],[13.780394057410385,51.07176720432221]]]}},{"type":"Feature","id":"DESNATPU1000IZBL","properties":{"id":"DESNATPU1000IZBL","height_m":9.936,"ground_m":134.599,"height_source":"LoD1 solid top minus bottom","production":"2024","laser":"2016","footprints":"2022"},"geometry":{"type":"Polygon","coordinates":[[[13.781223985320878,51.06765708724485],[13.781239551037672,51.06766219560564],[13.781272402455365,51.06772647711121],[13.781329943594486,51.06771475691275],[13.78137585855751,51.06770552338907],[13.781394221704392,51.067701937858814],[13.781444733329275,51.06769158316583],[13.781400897775303,51.06760533463437],[13.781264442051931,51.06763286876614],[13.78124859332925,51.06762766752943],[13.781223985320878,51.06765708724485]]]}},{"type":"Feature","id":"DESNATPU1000Bn9A","properties":{"id":"DESNATPU1000Bn9A","height_m":20.031,"ground_m":144.352,"height_source":"LoD1 solid top minus bottom","production":"2024","laser":"2016","footprints":"2022"},"geometry":{"type":"Polygon","coordinates":[[[13.784779715899827,51.07097082271386],[13.784724174525534,51.070966018630216],[13.784706828837521,51.07104515490203],[13.784704712367681,51.07105511491984],[13.784811940139692,51.071064772928494],[13.784845833947326,51.071067733214235],[13.78494850721914,51.07107689410736],[13.784968546773191,51.07098753399678],[13.784920979943042,51.07098344239969],[13.784779715899827,51.07097082271386]]]}},{"type":"Feature","id":"DESNATPU1000JUK0","properties":{"id":"DESNATPU1000JUK0","height_m":3.429,"ground_m":143.999,"height_source":"LoD1 solid top minus bottom","production":"2024","laser":"2016","footprints":"2022"},"geometry":{"type":"Polygon","coordinates":[[[13.792309561779543,51.0692681095095],[13.792277427558993,51.06929628469296],[13.79239026211547,51.06934816997693],[13.792423409193882,51.0693194656584],[13.792309561779543,51.0692681095095]]]}},{"type":"Feature","id":"DESNATPU1000Ih0C","properties":{"id":"DESNATPU1000Ih0C","height_m":4.746,"ground_m":130.807,"height_source":"LoD1 solid top minus bottom","production":"2024","laser":"2016","footprints":"2022"},"geometry":{"type":"Polygon","coordinates":[[[13.7773209187057,51.06857525492643],[13.77723602246815,51.068568791268085],[13.77722576127536,51.06862237107262],[13.777310802668302,51.06862874632824],[13.7773209187057,51.06857525492643]]]}},{"type":"Feature","id":"DESNATPU1000DnNk","properties":{"id":"DESNATPU1000DnNk","height_m":3.975,"ground_m":123.601,"height_source":"LoD1 solid top minus bottom","production":"2024","laser":"2016","footprints":"2022"},"geometry":{"type":"Polygon","coordinates":[[[13.77431977334074,51.0686339033109],[13.774370321573537,51.06864387583585],[13.77437634738453,51.06863188863711],[13.774325511408964,51.06862200302557],[13.77431977334074,51.0686339033109]]]}},{"type":"Feature","id":"UUID_4ff8eb7f-730a-4fe5-8b98-2d5600553a76","properties":{"id":"UUID_4ff8eb7f-730a-4fe5-8b98-2d5600553a76","height_m":8.671,"ground_m":138.441,"height_source":"LoD1 solid top minus bottom","production":"2024","laser":"2016","footprints":"2022"},"geometry":{"type":"Polygon","coordinates":[[[13.787029748817424,51.067955656822356],[13.78705933126464,51.06798587392515],[13.787059042832439,51.06798598783858],[13.787090949164602,51.06801903480787],[13.787118255920824,51.06804731280995],[13.787117952984508,51.068047435565845],[13.787148286561946,51.068078406843455],[13.787174602443828,51.068068149323544],[13.787180330828262,51.06807396416633],[13.787227080471077,51.06805569922736],[13.787163436117238,51.06799080314643],[13.78713119710381,51.06795792360824],[13.787101600358158,51.06792770637524],[13.787029748817424,51.067955656822356]]]}},{"type":"Feature","id":"UUID_69f088c9-532d-41dd-b6a6-5ac5b9b0ba07","properties":{"id":"UUID_69f088c9-532d-41dd-b6a6-5ac5b9b0ba07","height_m":8.095,"ground_m":138.441,"height_source":"LoD1 solid top minus bottom","production":"2024","laser":"2016","footprints":"2022"},"geometry":{"type":"Polygon","coordinates":[[[13.787117952984508,51.068047435565845],[13.787118255920824,51.06804731280995],[13.787059042832439,51.06798598783858],[13.7870581199904,51.06798634696733],[13.787080112374246,51.0680088054333],[13.787064943371876,51.068014700185294],[13.787102769705278,51.068053330174585],[13.787117952984508,51.068047435565845]]]}},{"type":"Feature","id":"DESNATPU1000G840","properties":{"id":"DESNATPU1000G840","height_m":18.875,"ground_m":165.119,"height_source":"LoD1 solid top minus bottom","production":"2024","laser":"2016","footprints":"2022"},"geometry":{"type":"Polygon","coordinates":[[[13.789883242722796,51.07376774677721],[13.789914773126958,51.07377931420936],[13.789919330696785,51.07377423549216],[13.789992287209177,51.07380106989035],[13.790071466405,51.07371519886547],[13.789998790702775,51.07368854727904],[13.789969520187771,51.07367790254446],[13.789894161328773,51.07365014397931],[13.789814544419784,51.073736370066186],[13.789887503156397,51.07376311462535],[13.789883242722796,51.07376774677721]]]}},{"type":"Feature","id":"DESNATP1CX00027u","properties":{"id":"DESNATP1CX00027u","height_m":2.971,"ground_m":140.402,"height_source":"LoD1 solid top minus bottom","production":"2024","laser":"2016","footprints":"2022"},"geometry":{"type":"Polygon","coordinates":[[[13.773273082251025,51.07250835255074],[13.773177255881484,51.07239245453966],[13.772744462263706,51.07253448515864],[13.772840288070936,51.07265037452608],[13.773273082251025,51.07250835255074]]]}},{"type":"Feature","id":"UUID_0f2ae44d-839b-4c49-9351-0314eccabc05","properties":{"id":"UUID_0f2ae44d-839b-4c49-9351-0314eccabc05","height_m":6.751,"ground_m":136.735,"height_source":"LoD1 solid top minus bottom","production":"2024","laser":"2016","footprints":"2022"},"geometry":{"type":"Polygon","coordinates":[[[13.780731403657986,51.068728390523056],[13.780734663802832,51.06874011519752],[13.78074383521248,51.06876044471404],[13.780769877513869,51.06875577931137],[13.780755566539268,51.06872409220961],[13.780731403657986,51.068728390523056]]]}},{"type":"Feature","id":"UUID_555dfba6-ac8c-45a6-8226-279214f7e35e","properties":{"id":"UUID_555dfba6-ac8c-45a6-8226-279214f7e35e","height_m":10.09,"ground_m":136.735,"height_source":"LoD1 solid top minus bottom","production":"2024","laser":"2016","footprints":"2022"},"geometry":{"type":"Polygon","coordinates":[[[13.780891233262416,51.06875062426184],[13.780891246822831,51.068750651381734],[13.780904870925813,51.06874818556484],[13.78087722091135,51.06868692585045],[13.78087729249274,51.068686917604246],[13.780862363829648,51.06865374925022],[13.780862249205015,51.06865376604027],[13.78086131179012,51.068651418129384],[13.78073310886492,51.06867436146166],[13.780755781519911,51.06872405848085],[13.780755566539268,51.06872409220961],[13.780769877513869,51.06875577931137],[13.780769934826328,51.068755770916376],[13.780776810443733,51.06877113043128],[13.780808788722126,51.068765438807596],[13.780808775397984,51.06876540269733],[13.780891233262416,51.06875062426184]]]}},{"type":"Feature","id":"UUID_15ae0c88-56e4-4dc9-a897-4ca88dc3c3d4","properties":{"id":"UUID_15ae0c88-56e4-4dc9-a897-4ca88dc3c3d4","height_m":7.215,"ground_m":136.735,"height_source":"LoD1 solid top minus bottom","production":"2024","laser":"2016","footprints":"2022"},"geometry":{"type":"Polygon","coordinates":[[[13.78087729249274,51.068686917604246],[13.780898300325788,51.06868318887221],[13.780883328605503,51.068650029064614],[13.780862363829648,51.06865374925022],[13.78087729249274,51.068686917604246]]]}},{"type":"Feature","id":"UUID_11628b7c-d68a-40d9-afb0-f2dc38807a89","properties":{"id":"UUID_11628b7c-d68a-40d9-afb0-f2dc38807a89","height_m":9.23,"ground_m":136.735,"height_source":"LoD1 solid top minus bottom","production":"2024","laser":"2016","footprints":"2022"},"geometry":{"type":"Polygon","coordinates":[[[13.780808788722126,51.068765438807596],[13.780813370901225,51.06877573841846],[13.780895824294632,51.06876113079664],[13.780891246822831,51.068750651381734],[13.780891233262416,51.06875062426184],[13.780808775397984,51.06876540269733],[13.780808788722126,51.068765438807596]]]}},{"type":"Feature","id":"DESNATPU1000B7xE","properties":{"id":"DESNATPU1000B7xE","height_m":6.268,"ground_m":145.718,"height_source":"LoD1 solid top minus bottom","production":"2024","laser":"2016","footprints":"2022"},"geometry":{"type":"Polygon","coordinates":[[[13.786703564797017,51.07065789465082],[13.786788584758192,51.07072532396683],[13.786942761146834,51.07064805717622],[13.786857741099341,51.07058062797092],[13.786703564797017,51.07065789465082]]]}},{"type":"Feature","id":"DESNATPU1000GUX7","properties":{"id":"DESNATPU1000GUX7","height_m":2.481,"ground_m":139.26,"height_source":"LoD1 solid top minus bottom","production":"2024","laser":"2016","footprints":"2022"},"geometry":{"type":"Polygon","coordinates":[[[13.779089151562246,51.071793266707964],[13.778984621634766,51.07182751657969],[13.779020026584865,51.07187069223062],[13.779124839618646,51.071836535212434],[13.779089151562246,51.071793266707964]]]}},{"type":"Feature","id":"UUID_91e4281a-db82-4753-b255-304860ba194a","properties":{"id":"UUID_91e4281a-db82-4753-b255-304860ba194a","height_m":12.121,"ground_m":123.985,"height_source":"LoD1 solid top minus bottom","production":"2024","laser":"2016","footprints":"2022"},"geometry":{"type":"Polygon","coordinates":[[[13.775544803451277,51.06818559103952],[13.775548427260661,51.06817807502973],[13.775511646505176,51.06817103502075],[13.775507430583769,51.068179354180515],[13.775399223948655,51.06815843631192],[13.775381858556985,51.0681944954532],[13.775375749050207,51.068193442230815],[13.775357189915718,51.06823146728244],[13.775346772545754,51.0682530308406],[13.775352736998121,51.06825417247291],[13.775343693987944,51.06827233315741],[13.775330299056481,51.06830017847888],[13.775330355894742,51.068300188067234],[13.775489156860205,51.068330961616155],[13.77555591110742,51.06834393614883],[13.775555926325294,51.06834390033696],[13.775609796299253,51.06823231514602],[13.775624743291438,51.06820135654823],[13.775544803451277,51.06818559103952]]]}},{"type":"Feature","id":"UUID_f888fa4f-6034-4062-8b56-017696fc4742","properties":{"id":"UUID_f888fa4f-6034-4062-8b56-017696fc4742","height_m":12.449,"ground_m":123.985,"height_source":"LoD1 solid top minus bottom","production":"2024","laser":"2016","footprints":"2022"},"geometry":{"type":"Polygon","coordinates":[[[13.775575494212315,51.068347693462705],[13.775596699557106,51.0683013327714],[13.775600961244793,51.06830209684067],[13.775613546352135,51.06827572682156],[13.7756322343567,51.06823659696273],[13.775609796299253,51.06823231514602],[13.775590938948959,51.06827137128477],[13.77555591110742,51.06834393614883],[13.775568392974959,51.068346360076696],[13.775575494212315,51.068347693462705]]]}},{"type":"Feature","id":"UUID_16738414-439f-44d0-8082-07f09ec9b0d7","properties":{"id":"UUID_16738414-439f-44d0-8082-07f09ec9b0d7","height_m":11.337,"ground_m":123.985,"height_source":"LoD1 solid top minus bottom","production":"2024","laser":"2016","footprints":"2022"},"geometry":{"type":"Polygon","coordinates":[[[13.775393093645686,51.06832581847742],[13.775390680120964,51.068330739243734],[13.775480565680661,51.068348227762],[13.775481478756747,51.06834607904998],[13.775482969198563,51.0683431450182],[13.775489156860205,51.068330961616155],[13.775330355894742,51.068300188067234],[13.775330299056481,51.06830017847888],[13.775324364400928,51.068312508408866],[13.775393093645686,51.06832581847742]]]}},{"type":"Feature","id":"DESNATPU1000D1gL","properties":{"id":"DESNATPU1000D1gL","height_m":3.366,"ground_m":122.463,"height_source":"LoD1 solid top minus bottom","production":"2024","laser":"2016","footprints":"2022"},"geometry":{"type":"Polygon","coordinates":[[[13.77497306224805,51.067941290229875],[13.77487183149554,51.06792107448021],[13.774835661303838,51.06799362716184],[13.774936759004266,51.06801348183451],[13.77497306224805,51.067941290229875]]]}},{"type":"Feature","id":"UUID_fbfc1946-2cf0-4949-a0ca-d9982b7a4856","properties":{"id":"UUID_fbfc1946-2cf0-4949-a0ca-d9982b7a4856","height_m":13.623,"ground_m":133.644,"height_source":"LoD1 solid top minus bottom","production":"2024","laser":"2016","footprints":"2022"},"geometry":{"type":"Polygon","coordinates":[[[13.778277606877376,51.06819405291587],[13.778039982568743,51.06822535492208],[13.778039929754938,51.06822519249911],[13.777998103629013,51.068230870335164],[13.778034086231276,51.06835982590528],[13.778064879125749,51.068470148034756],[13.778394593109036,51.068426382208266],[13.778361102463068,51.068316580533285],[13.778321934960282,51.068188212281704],[13.778277540504048,51.06819386337283],[13.778277606877376,51.06819405291587]]]}},{"type":"Feature","id":"UUID_802fe384-06bc-41c9-98ab-703498ca85f1","properties":{"id":"UUID_802fe384-06bc-41c9-98ab-703498ca85f1","height_m":6.04,"ground_m":133.644,"height_source":"LoD1 solid top minus bottom","production":"2024","laser":"2016","footprints":"2022"},"geometry":{"type":"Polygon","coordinates":[[[13.778277606877376,51.06819405291587],[13.778277540504048,51.06819386337283],[13.778273703161178,51.06818240237783],[13.778036090100816,51.068213821400235],[13.778039929754938,51.06822519249911],[13.778039982568743,51.06822535492208],[13.778277606877376,51.06819405291587]]]}},{"type":"Feature","id":"DESNATPU1000FTXq","properties":{"id":"DESNATPU1000FTXq","height_m":17.43,"ground_m":130.41,"height_source":"LoD1 solid top minus bottom","production":"2024","laser":"2016","footprints":"2022"},"geometry":{"type":"Polygon","coordinates":[[[13.776329355696522,51.06965855835155],[13.776313063688448,51.06964309998993],[13.776299105852216,51.06964196465023],[13.776309435605624,51.069596659045324],[13.776129827122576,51.069582368435256],[13.776097668489356,51.06973553917443],[13.776114050977988,51.069752976934204],[13.77634448721522,51.06979378894717],[13.77639514607779,51.069680560089274],[13.77632822923797,51.06966879837542],[13.776329355696522,51.06965855835155]]]}},{"type":"Feature","id":"UUID_2d141c3c-0a1f-4108-a68b-1da5be2c757a","properties":{"id":"UUID_2d141c3c-0a1f-4108-a68b-1da5be2c757a","height_m":3.001,"ground_m":158.763,"height_source":"LoD1 solid top minus bottom","production":"2024","laser":"2016","footprints":"2022"},"geometry":{"type":"Polygon","coordinates":[[[13.793879241369773,51.07154203405492],[13.793845170093887,51.07152390369619],[13.793797877374349,51.071559180061826],[13.793831934620929,51.071577301296635],[13.793879241369773,51.07154203405492]]]}},{"type":"Feature","id":"UUID_5367050f-8a2c-465b-9f1d-95d4f0d7e0d3","properties":{"id":"UUID_5367050f-8a2c-465b-9f1d-95d4f0d7e0d3","height_m":3.013,"ground_m":158.763,"height_source":"LoD1 solid top minus bottom","production":"2024","laser":"2016","footprints":"2022"},"geometry":{"type":"Polygon","coordinates":[[[13.793684351867032,51.071687316050884],[13.793650238687551,51.071669149232186],[13.793601622084468,51.07170537408547],[13.793635749307333,51.071723550055964],[13.793684351867032,51.071687316050884]]]}},{"type":"Feature","id":"UUID_1ff8f76d-0488-4919-88e4-910c96cf08f3","properties":{"id":"UUID_1ff8f76d-0488-4919-88e4-910c96cf08f3","height_m":4.681,"ground_m":158.763,"height_source":"LoD1 solid top minus bottom","production":"2024","laser":"2016","footprints":"2022"},"geometry":{"type":"Polygon","coordinates":[[[13.793773666305636,51.07179700577822],[13.79374978000657,51.07181480783953],[13.7939642724697,51.071929071546165],[13.794061825063627,51.07185640898853],[13.794061923552054,51.07185646396151],[13.794157522292783,51.07178537289259],[13.794157634817562,51.071785437003086],[13.794256148254426,51.07171202880041],[13.794041611845564,51.07159781912784],[13.794017667503741,51.07161566560893],[13.793773666305636,51.07179700577822]]]}},{"type":"Feature","id":"UUID_4d9bc75f-86f5-452d-b81c-540717053a19","properties":{"id":"UUID_4d9bc75f-86f5-452d-b81c-540717053a19","height_m":4.129,"ground_m":158.763,"height_source":"LoD1 solid top minus bottom","production":"2024","laser":"2016","footprints":"2022"},"geometry":{"type":"Polygon","coordinates":[[[13.793831934620929,51.071577301296635],[13.793684351867032,51.071687316050884],[13.793635749307333,51.071723550055964],[13.793773666305636,51.07179700577822],[13.794017667503741,51.07161566560893],[13.793879241369773,51.07154203405492],[13.793831934620929,51.071577301296635]]]}},{"type":"Feature","id":"UUID_9d498821-9e16-4e21-af36-fa1e12c2bb44","properties":{"id":"UUID_9d498821-9e16-4e21-af36-fa1e12c2bb44","height_m":6.943,"ground_m":158.763,"height_source":"LoD1 solid top minus bottom","production":"2024","laser":"2016","footprints":"2022"},"geometry":{"type":"Polygon","coordinates":[[[13.794061923552054,51.07185646396151],[13.794091531828897,51.07187222806638],[13.794187017565378,51.0718010908437],[13.794157634817562,51.071785437003086],[13.794157522292783,51.07178537289259],[13.794061923552054,51.07185646396151]]]}},{"type":"Feature","id":"UUID_a47e7825-c61c-4bdd-8a39-231b268f4218","properties":{"id":"UUID_a47e7825-c61c-4bdd-8a39-231b268f4218","height_m":2.988,"ground_m":140.658,"height_source":"LoD1 solid top minus bottom","production":"2024","laser":"2016","footprints":"2022"},"geometry":{"type":"Polygon","coordinates":[[[13.77395775533753,51.072557496728656],[13.773914070538934,51.07250532979074],[13.77388575900793,51.072514736063304],[13.77392944378318,51.07256690301158],[13.77395775533753,51.072557496728656]]]}},{"type":"Feature","id":"UUID_23b70458-711f-4470-b37a-6806f424dbd9","properties":{"id":"UUID_23b70458-711f-4470-b37a-6806f424dbd9","height_m":5.566,"ground_m":140.658,"height_source":"LoD1 solid top minus bottom","production":"2024","laser":"2016","footprints":"2022"},"geometry":{"type":"Polygon","coordinates":[[[13.773918182564847,51.07257064280658],[13.77392944378318,51.07256690301158],[13.77388575900793,51.072514736063304],[13.773770645680356,51.072377278279376],[13.773759456321695,51.072381000827306],[13.773918182564847,51.07257064280658]]]}},{"type":"Feature","id":"UUID_fd998a5d-eee7-4bb0-acad-58975e5344b4","properties":{"id":"UUID_fd998a5d-eee7-4bb0-acad-58975e5344b4","height_m":5.584,"ground_m":140.658,"height_source":"LoD1 solid top minus bottom","production":"2024","laser":"2016","footprints":"2022"},"geometry":{"type":"Polygon","coordinates":[[[13.773759456321695,51.072381000827306],[13.773452823865737,51.07248290963357],[13.773616851414932,51.072678785718324],[13.773926042122826,51.07258003281737],[13.773918182564847,51.07257064280658],[13.773759456321695,51.072381000827306]]]}},{"type":"Feature","id":"UUID_3d4f97fa-d7dc-48c0-b07a-ee877c3ab28b","properties":{"id":"UUID_3d4f97fa-d7dc-48c0-b07a-ee877c3ab28b","height_m":11.85,"ground_m":145.692,"height_source":"LoD1 solid top minus bottom","production":"2024","laser":"2016","footprints":"2022"},"geometry":{"type":"Polygon","coordinates":[[[13.78611652961484,51.07077382307493],[13.786098384671854,51.070766854051726],[13.78602615973104,51.07084270472558],[13.786044262824207,51.07084963735393],[13.78611652961484,51.07077382307493]]]}},{"type":"Feature","id":"UUID_6534f650-a603-4256-bb17-aa2154e37f13","properties":{"id":"UUID_6534f650-a603-4256-bb17-aa2154e37f13","height_m":12.025,"ground_m":145.692,"height_source":"LoD1 solid top minus bottom","production":"2024","laser":"2016","footprints":"2022"},"geometry":{"type":"Polygon","coordinates":[[[13.786140951347255,51.070748195382286],[13.786116543649326,51.0707738322135],[13.78611652961484,51.07077382307493],[13.786044262824207,51.07084963735393],[13.78604431943265,51.07084965592749],[13.786020017396424,51.07087506901555],[13.78619158705085,51.07093996239298],[13.786243082866756,51.07088553307339],[13.786235637976917,51.07088257806373],[13.786252679997354,51.07086459854161],[13.786260312508691,51.070867474563144],[13.78631227184895,51.070812780241845],[13.786140951347255,51.070748195382286]]]}},{"type":"Feature","id":"DESNATPU1000JT6P","properties":{"id":"DESNATPU1000JT6P","height_m":2.729,"ground_m":161.323,"height_source":"LoD1 solid top minus bottom","production":"2024","laser":"2016","footprints":"2022"},"geometry":{"type":"Polygon","coordinates":[[[13.7886744870773,51.07338472283022],[13.788718374214186,51.073338504960745],[13.788645154892647,51.07331085768365],[13.788601122657203,51.07335716395033],[13.7886744870773,51.07338472283022]]]}},{"type":"Feature","id":"UUID_5e6f8559-3adb-4e3b-ba38-8476294336ed","properties":{"id":"UUID_5e6f8559-3adb-4e3b-ba38-8476294336ed","height_m":11.748,"ground_m":121.677,"height_source":"LoD1 solid top minus bottom","production":"2024","laser":"2016","footprints":"2022"},"geometry":{"type":"Polygon","coordinates":[[[13.773985781090664,51.06805072292248],[13.774049983035557,51.067904750327166],[13.774045607973306,51.067903958033426],[13.774032745545696,51.06793161095348],[13.773977996706295,51.06804931932389],[13.773985781090664,51.06805072292248]]]}},{"type":"Feature","id":"UUID_607cbbb7-0eb7-4407-a2a7-fb226af42d3d","properties":{"id":"UUID_607cbbb7-0eb7-4407-a2a7-fb226af42d3d","height_m":13.582,"ground_m":121.677,"height_source":"LoD1 solid top minus bottom","production":"2024","laser":"2016","footprints":"2022"},"geometry":{"type":"Polygon","coordinates":[[[13.774064147358725,51.068069836313015],[13.774064203008779,51.06806989085367],[13.774081321344397,51.068086437343545],[13.774108458393638,51.06809112845203],[13.774134070140335,51.06808224237555],[13.774064147358725,51.068069836313015]]]}},{"type":"Feature","id":"UUID_0da2dc2c-a85d-49a1-9110-03cf165d3ba5","properties":{"id":"UUID_0da2dc2c-a85d-49a1-9110-03cf165d3ba5","height_m":10.244,"ground_m":121.677,"height_source":"LoD1 solid top minus bottom","production":"2024","laser":"2016","footprints":"2022"},"geometry":{"type":"Polygon","coordinates":[[[13.773971905662751,51.06800327511345],[13.773980000864473,51.068004798879485],[13.773961348023558,51.06804632993367],[13.773977996706295,51.06804931932389],[13.774032745545696,51.06793161095348],[13.774015133038919,51.06792836865492],[13.773994520801207,51.06797383600584],[13.773985854853237,51.067972306254035],[13.773971905662751,51.06800327511345]]]}},{"type":"Feature","id":"UUID_b0c7575e-fbe2-44b2-a4e8-cf25f0b84ade","properties":{"id":"UUID_b0c7575e-fbe2-44b2-a4e8-cf25f0b84ade","height_m":14.114,"ground_m":121.677,"height_source":"LoD1 solid top minus bottom","production":"2024","laser":"2016","footprints":"2022"},"geometry":{"type":"Polygon","coordinates":[[[13.774064203008779,51.06806989085367],[13.774064147358725,51.068069836313015],[13.774134070140335,51.06808224237555],[13.774134386904423,51.06808213778389],[13.774182967738636,51.06809092069158],[13.774251290051076,51.06794131313578],[13.774253561937538,51.06793635493565],[13.774149297077958,51.06791754559218],[13.774147028506528,51.06792237792555],[13.774049983035557,51.067904750327166],[13.773985781090664,51.06805072292248],[13.773983655183548,51.06805555674911],[13.774064203008779,51.06806989085367]]]}},{"type":"Feature","id":"DESNATPU1000DFa5","properties":{"id":"DESNATPU1000DFa5","height_m":2.853,"ground_m":147.464,"height_source":"LoD1 solid top minus bottom","production":"2024","laser":"2016","footprints":"2022"},"geometry":{"type":"Polygon","coordinates":[[[13.788395867471404,51.07148749982553],[13.788354789096427,51.07150820711631],[13.788422339467537,51.07156151527135],[13.788462545229319,51.07154142840892],[13.78842842383187,51.07151436608285],[13.788395867471404,51.07148749982553]]]}},{"type":"Feature","id":"DESNATP1Ak0000RB","properties":{"id":"DESNATP1Ak0000RB","height_m":6.524,"ground_m":146.327,"height_source":"LoD1 solid top minus bottom","production":"2024","laser":"2016","footprints":"2022"},"geometry":{"type":"Polygon","coordinates":[[[13.7853219306866,51.07182725075968],[13.785242439292569,51.07179399657587],[13.785226263112971,51.07178705687292],[13.785177685296052,51.07183299088558],[13.785193920212118,51.07183986825593],[13.785273524161406,51.07187318659175],[13.785320922138,51.07189303169372],[13.785369230395034,51.07184703187142],[13.7853219306866,51.07182725075968]]]}},{"type":"Feature","id":"DESNATPU1000DuDL","properties":{"id":"DESNATPU1000DuDL","height_m":12.897,"ground_m":121.902,"height_source":"LoD1 solid top minus bottom","production":"2024","laser":"2016","footprints":"2022"},"geometry":{"type":"Polygon","coordinates":[[[13.772842817251455,51.06806696589042],[13.772805637712494,51.06811279866166],[13.772838194442931,51.06812303259311],[13.772861409849842,51.068130290737294],[13.773011030732704,51.068177275275474],[13.77303775356902,51.068143652844064],[13.773050348224173,51.068147741898514],[13.773093905614166,51.06809280331564],[13.773112871305942,51.06809884773327],[13.773143139766793,51.0680606761539],[13.77311978403863,51.06805332666444],[13.773111717383522,51.068050723999214],[13.773118214351008,51.06804251879605],[13.773057205557995,51.068023353163454],[13.77306060624172,51.068018892448],[13.773064147235411,51.068014523133606],[13.77297921445531,51.06798791206093],[13.772975818520935,51.06799219296737],[13.772972272765886,51.06799674208568],[13.772911677892392,51.067978120291436],[13.772867637648844,51.06803512208851],[13.772850224938919,51.06802972343354],[13.772824562670847,51.06806101882318],[13.772842817251455,51.06806696589042]]]}},{"type":"Feature","id":"UUID_0d9f679e-bf87-4206-9505-6f49bd46174f","properties":{"id":"UUID_0d9f679e-bf87-4206-9505-6f49bd46174f","height_m":8.994,"ground_m":144.131,"height_source":"LoD1 solid top minus bottom","production":"2024","laser":"2016","footprints":"2022"},"geometry":{"type":"Polygon","coordinates":[[[13.787062398244915,51.07014480191217],[13.787044031525296,51.07015396384097],[13.78694996336806,51.07020334737657],[13.786966329653668,51.0702161071671],[13.786999188092258,51.07024172696829],[13.787015110632453,51.07023378968281],[13.787111345065018,51.07018343936463],[13.787062398244915,51.07014480191217]]]}},{"type":"Feature","id":"UUID_271f7217-7782-4712-b739-99a6df1c9658","properties":{"id":"UUID_271f7217-7782-4712-b739-99a6df1c9658","height_m":8.54,"ground_m":144.131,"height_source":"LoD1 solid top minus bottom","production":"2024","laser":"2016","footprints":"2022"},"geometry":{"type":"Polygon","coordinates":[[[13.786966329653668,51.0702161071671],[13.786936541865819,51.07023081602252],[13.786968977314256,51.07025678216198],[13.786999188092258,51.07024172696829],[13.786966329653668,51.0702161071671]]]}},{"type":"Feature","id":"DESNATPU1000G6jv","properties":{"id":"DESNATPU1000G6jv","height_m":12.42,"ground_m":135.12,"height_source":"LoD1 solid top minus bottom","production":"2024","laser":"2016","footprints":"2022"},"geometry":{"type":"Polygon","coordinates":[[[13.77994177224087,51.06926772361243],[13.779930597341561,51.069269315601254],[13.779935251144114,51.06928231383981],[13.779941725337991,51.06930207569477],[13.779952752824661,51.06930066202255],[13.779964789858694,51.06933684887383],[13.780042562529347,51.0693265994748],[13.780144677938706,51.06931336666486],[13.780123113855947,51.069248663091386],[13.78011359168085,51.0692199665438],[13.779931446031302,51.0692370402366],[13.77994177224087,51.06926772361243]]]}},{"type":"Feature","id":"DESNATPU1000BkUQ","properties":{"id":"DESNATPU1000BkUQ","height_m":9.22,"ground_m":135.125,"height_source":"LoD1 solid top minus bottom","production":"2024","laser":"2016","footprints":"2022"},"geometry":{"type":"Polygon","coordinates":[[[13.785021328942438,51.067723690371636],[13.785002168633621,51.06769777173909],[13.7849919652263,51.06768408651726],[13.784985622888826,51.06767556733787],[13.785002881920283,51.06767053091307],[13.785018844990942,51.06766593065523],[13.784987687584419,51.067623970021074],[13.784954465506173,51.06763360669509],[13.784901242718787,51.06764942033662],[13.78489793358165,51.06764497945377],[13.784867698915512,51.067638639942636],[13.784841087508966,51.06764654674658],[13.784831903280624,51.067664796613315],[13.784834934101147,51.06766896481996],[13.784778693605613,51.06768555638592],[13.784744605897314,51.0676955437133],[13.784776039087031,51.067737866992466],[13.784809263630946,51.06772814046639],[13.78484455324895,51.067775809583765],[13.784883820131437,51.06776425736308],[13.784891820565994,51.06777486213379],[13.784913288726713,51.067778052945144],[13.784922060953658,51.06777553622195],[13.7849714007073,51.06776085127183],[13.784984205849762,51.06775693761642],[13.784989744247229,51.06774710308867],[13.784981196585553,51.067735593354264],[13.785021328942438,51.067723690371636]]]}},{"type":"Feature","id":"DESNATP1Ak0000QY","properties":{"id":"DESNATP1Ak0000QY","height_m":2.424,"ground_m":141.489,"height_source":"LoD1 solid top minus bottom","production":"2024","laser":"2016","footprints":"2022"},"geometry":{"type":"Polygon","coordinates":[[[13.782247474674383,51.072391142390615],[13.782306649448959,51.072414195944575],[13.782371840916806,51.07234777969347],[13.782312666193418,51.07232472617263],[13.782247474674383,51.072391142390615]]]}},{"type":"Feature","id":"UUID_706a5a60-1286-44ce-ae0b-c32c1ed1afcc","properties":{"id":"UUID_706a5a60-1286-44ce-ae0b-c32c1ed1afcc","height_m":8.864,"ground_m":135.12,"height_source":"LoD1 solid top minus bottom","production":"2024","laser":"2016","footprints":"2022"},"geometry":{"type":"Polygon","coordinates":[[[13.77769122243186,51.06909295086736],[13.777710925095624,51.06915232967352],[13.777900846939222,51.06912724720647],[13.777881056532737,51.06906793945808],[13.77769122243186,51.06909295086736]]]}},{"type":"Feature","id":"UUID_daf56e23-ce5d-427b-b05c-17735e322eb6","properties":{"id":"UUID_daf56e23-ce5d-427b-b05c-17735e322eb6","height_m":8.079,"ground_m":135.12,"height_source":"LoD1 solid top minus bottom","production":"2024","laser":"2016","footprints":"2022"},"geometry":{"type":"Polygon","coordinates":[[[13.777283066713764,51.06905298035095],[13.777274598439002,51.06915226244709],[13.777274770379659,51.06915223726731],[13.77727515924167,51.06914777190273],[13.77747179720954,51.06912186110777],[13.777475093326858,51.06912135601383],[13.777523786090448,51.06911512068322],[13.77755468094414,51.06911102833164],[13.777614450869988,51.06910311924394],[13.777648539332676,51.06909861961864],[13.77769122243186,51.06909295086736],[13.777881056532737,51.06906793945808],[13.777841050988647,51.068948114469734],[13.777540110290493,51.0689879710437],[13.777330721768404,51.069015709009214],[13.77728603154549,51.06902171634518],[13.777283066713764,51.06905298035095]]]}},{"type":"Feature","id":"UUID_22be9bcc-2b1e-44cb-a7e4-85f6b45df9fb","properties":{"id":"UUID_22be9bcc-2b1e-44cb-a7e4-85f6b45df9fb","height_m":9.773,"ground_m":135.12,"height_source":"LoD1 solid top minus bottom","production":"2024","laser":"2016","footprints":"2022"},"geometry":{"type":"Polygon","coordinates":[[[13.777270681383941,51.0691979949339],[13.777259521720458,51.06932899353249],[13.777360225941788,51.06928538862414],[13.77746107456155,51.06924171319715],[13.777461544713365,51.06923470371379],[13.777471609510988,51.06912356778071],[13.77747179720954,51.06912186110777],[13.77727515924167,51.06914777190273],[13.777274770379659,51.06915223726731],[13.777274598439002,51.06915226244709],[13.777270681383941,51.0691979949339]]]}},{"type":"Feature","id":"DESNATPU1000J6cF","properties":{"id":"DESNATPU1000J6cF","height_m":18.941,"ground_m":161.563,"height_source":"LoD1 solid top minus bottom","production":"2024","laser":"2016","footprints":"2022"},"geometry":{"type":"Polygon","coordinates":[[[13.788836407593447,51.07410456630484],[13.788828891043808,51.07410268985867],[13.788858681211146,51.074055156804135],[13.788708207768998,51.074017626340144],[13.788677373919361,51.07406685717458],[13.788665312258365,51.07408597678394],[13.788633884010812,51.074136100727465],[13.788784215066215,51.07417362980982],[13.788814300129864,51.07412574011031],[13.788821959390116,51.074127618036144],[13.788836407593447,51.07410456630484]]]}},{"type":"Feature","id":"DESNATPU1000IfEA","properties":{"id":"DESNATPU1000IfEA","height_m":3.645,"ground_m":135.083,"height_source":"LoD1 solid top minus bottom","production":"2024","laser":"2016","footprints":"2022"},"geometry":{"type":"Polygon","coordinates":[[[13.78111404327558,51.067751084832864],[13.781191786065989,51.06773642788279],[13.781181651264806,51.06771473942875],[13.78110405591846,51.0677292180532],[13.78111404327558,51.067751084832864]]]}},{"type":"Feature","id":"DESNATPU1000Ff2Q","properties":{"id":"DESNATPU1000Ff2Q","height_m":6.766,"ground_m":138.658,"height_source":"LoD1 solid top minus bottom","production":"2024","laser":"2016","footprints":"2022"},"geometry":{"type":"Polygon","coordinates":[[[13.782797206470722,51.070150912821795],[13.782786643505688,51.070145497059485],[13.782771853943629,51.07013796893281],[13.782782637432893,51.07012953805539],[13.782801581645982,51.07011471733268],[13.782812802642965,51.0701059312959],[13.782825039008722,51.07009652633442],[13.782723205705313,51.07004456650473],[13.782690569864274,51.07006985614578],[13.782679443227773,51.07006416471863],[13.782605851474107,51.070121761636095],[13.782616978115152,51.07012745307021],[13.782583307908384,51.07015408083067],[13.782685155443989,51.07020550136026],[13.782741995309774,51.07016076952102],[13.782766505822389,51.07017316507868],[13.782797206470722,51.070150912821795]]]}},{"type":"Feature","id":"UUID_2bb52281-8cae-4317-bec3-542d30efca7b","properties":{"id":"UUID_2bb52281-8cae-4317-bec3-542d30efca7b","height_m":4.542,"ground_m":136.161,"height_source":"LoD1 solid top minus bottom","production":"2024","laser":"2016","footprints":"2022"},"geometry":{"type":"Polygon","coordinates":[[[13.781085508600123,51.06836463721395],[13.781094547833487,51.06838348151016],[13.781146745046406,51.06837364812026],[13.781138004496588,51.06835484291412],[13.781085508600123,51.06836463721395]]]}},{"type":"Feature","id":"UUID_088da2c7-0b4f-4d27-8fa6-8ea2dcf50377","properties":{"id":"UUID_088da2c7-0b4f-4d27-8fa6-8ea2dcf50377","height_m":9.279,"ground_m":136.161,"height_source":"LoD1 solid top minus bottom","production":"2024","laser":"2016","footprints":"2022"},"geometry":{"type":"Polygon","coordinates":[[[13.781147187383544,51.06837365273296],[13.78114678572778,51.068373729479866],[13.781146745046406,51.06837364812026],[13.781094547833487,51.06838348151016],[13.781094575190517,51.068383526759554],[13.781081667013549,51.068385910136165],[13.781099781312845,51.06842440845574],[13.781118045416388,51.06846263854974],[13.781117902018215,51.06846266403281],[13.781131423051924,51.06849128529447],[13.781191379094958,51.0684800399861],[13.781262240922661,51.068466570229134],[13.781212339560927,51.068361283539936],[13.781198568175242,51.06836392771297],[13.781147187383544,51.06837365273296]]]}},{"type":"Feature","id":"UUID_dacf41ca-be2e-4487-81bb-6a957ca7a875","properties":{"id":"UUID_dacf41ca-be2e-4487-81bb-6a957ca7a875","height_m":3.192,"ground_m":136.161,"height_source":"LoD1 solid top minus bottom","production":"2024","laser":"2016","footprints":"2022"},"geometry":{"type":"Polygon","coordinates":[[[13.781131423051924,51.06849128529447],[13.781117902018215,51.06846266403281],[13.781086490729402,51.06846851453127],[13.781100011036804,51.06849716276749],[13.781131423051924,51.06849128529447]]]}},{"type":"Feature","id":"DESNATP1CX0001hx","properties":{"id":"DESNATP1CX0001hx","height_m":2.515,"ground_m":137.01,"height_source":"LoD1 solid top minus bottom","production":"2024","laser":"2016","footprints":"2022"},"geometry":{"type":"Polygon","coordinates":[[[13.78658703231199,51.06771189762712],[13.78648363092303,51.06755293721795],[13.78623384326124,51.06761743896974],[13.786337243930639,51.067776399593335],[13.78658703231199,51.06771189762712]]]}},{"type":"Feature","id":"UUID_482db6cf-f08f-4351-98d7-54ff2c1498bb","properties":{"id":"UUID_482db6cf-f08f-4351-98d7-54ff2c1498bb","height_m":13.925,"ground_m":144.043,"height_source":"LoD1 solid top minus bottom","production":"2024","laser":"2016","footprints":"2022"},"geometry":{"type":"Polygon","coordinates":[[[13.78966898566271,51.06987137218422],[13.789591362154882,51.06990932739096],[13.789682172141523,51.06998307355628],[13.789760417026327,51.06994482796054],[13.789719133148976,51.06991165766402],[13.78966898566271,51.06987137218422]]]}},{"type":"Feature","id":"UUID_efe781f3-1ca3-4d0b-bc16-6abcd81f6101","properties":{"id":"UUID_efe781f3-1ca3-4d0b-bc16-6abcd81f6101","height_m":17.652,"ground_m":144.043,"height_source":"LoD1 solid top minus bottom","production":"2024","laser":"2016","footprints":"2022"},"geometry":{"type":"Polygon","coordinates":[[[13.789815963272046,51.06991767824318],[13.789774716359448,51.069884184607695],[13.789719133148976,51.06991165766402],[13.789760417026327,51.06994482796054],[13.789815963272046,51.06991767824318]]]}},{"type":"Feature","id":"UUID_07876046-bc76-46a5-8c90-4db739c7f8cf","properties":{"id":"UUID_07876046-bc76-46a5-8c90-4db739c7f8cf","height_m":6.755,"ground_m":140.973,"height_source":"LoD1 solid top minus bottom","production":"2024","laser":"2016","footprints":"2022"},"geometry":{"type":"Polygon","coordinates":[[[13.787212832442192,51.06861665815598],[13.787157334683727,51.068560048058],[13.787033470167092,51.06860825916405],[13.787088982334163,51.06866486047744],[13.787107655825213,51.068657590216176],[13.787212832442192,51.06861665815598]]]}},{"type":"Feature","id":"UUID_bb3ad5b9-2bb8-485e-a7fb-7aaa01195c8e","properties":{"id":"UUID_bb3ad5b9-2bb8-485e-a7fb-7aaa01195c8e","height_m":6.815,"ground_m":140.973,"height_source":"LoD1 solid top minus bottom","production":"2024","laser":"2016","footprints":"2022"},"geometry":{"type":"Polygon","coordinates":[[[13.786895052899832,51.06863713742379],[13.786891250821796,51.06864608178589],[13.78695917679224,51.068715374964796],[13.7869800565253,51.06870724632477],[13.787010640632776,51.068695342487906],[13.787088982334163,51.06866486047744],[13.787033470167092,51.06860825916405],[13.78701573080452,51.06859017037389],[13.786895052899832,51.06863713742379]]]}},{"type":"Feature","id":"DESNATPU1000J3QD","properties":{"id":"DESNATPU1000J3QD","height_m":4.262,"ground_m":136.688,"height_source":"LoD1 solid top minus bottom","production":"2024","laser":"2016","footprints":"2022"},"geometry":{"type":"Polygon","coordinates":[[[13.781318120800085,51.071327588428474],[13.781304918980078,51.071341119861614],[13.781353382839852,51.071359970500566],[13.781366584651279,51.07134643906194],[13.781318120800085,51.071327588428474]]]}},{"type":"Feature","id":"DESNATPU1000IFre","properties":{"id":"DESNATPU1000IFre","height_m":11.822,"ground_m":135.284,"height_source":"LoD1 solid top minus bottom","production":"2024","laser":"2016","footprints":"2022"},"geometry":{"type":"Polygon","coordinates":[[[13.782695308942667,51.06789804993077],[13.782701922121232,51.0678962303133],[13.782726864211309,51.06793021315087],[13.782828490764196,51.06790119051642],[13.782910358586918,51.067877807381656],[13.78288153903933,51.067839287796644],[13.782901670977026,51.067833562171806],[13.782889134440076,51.06781634526978],[13.78288237387593,51.06781834321944],[13.782869138121495,51.0678223420893],[13.782860317390655,51.0678103797135],[13.782858954185679,51.06780793745649],[13.782850172410289,51.067810813638594],[13.782779100602545,51.067833976427934],[13.782673968282502,51.067868241292246],[13.782685246505553,51.067884455902075],[13.782695308942667,51.06789804993077]]]}},{"type":"Feature","id":"UUID_092d5a07-84e2-4006-a2fe-075d608b11eb","properties":{"id":"UUID_092d5a07-84e2-4006-a2fe-075d608b11eb","height_m":20.465,"ground_m":133.341,"height_source":"LoD1 solid top minus bottom","production":"2024","laser":"2016","footprints":"2022"},"geometry":{"type":"Polygon","coordinates":[[[13.779457189348387,51.06857902118181],[13.779625334905262,51.06855690996597],[13.779625336087548,51.068556865014216],[13.779680762781107,51.06854961995779],[13.779671692730354,51.06852002880773],[13.779661786096097,51.0684891429488],[13.779659161031747,51.068480959052366],[13.779642788806084,51.068428908527],[13.77912663691067,51.06849734038035],[13.77914549748921,51.068557321660755],[13.779164438052133,51.06861751960048],[13.779457198571494,51.06857867055808],[13.779457189348387,51.06857902118181]]]}},{"type":"Feature","id":"UUID_d92de76a-d8fb-4a81-a773-dd7be1e3ecb8","properties":{"id":"UUID_d92de76a-d8fb-4a81-a773-dd7be1e3ecb8","height_m":16.272,"ground_m":133.341,"height_source":"LoD1 solid top minus bottom","production":"2024","laser":"2016","footprints":"2022"},"geometry":{"type":"Polygon","coordinates":[[[13.779450852669004,51.068781931976496],[13.779446952071652,51.06890688246179],[13.779527206633624,51.06889612874795],[13.779561009386171,51.0688916255825],[13.779614264278077,51.06888448377906],[13.779624692108115,51.06857592307127],[13.779625334905262,51.06855690996597],[13.779457189348387,51.06857902118181],[13.779450852669004,51.068781931976496]]]}},{"type":"Feature","id":"UUID_b4d18e1f-98d6-401f-becf-62acb14a4713","properties":{"id":"UUID_b4d18e1f-98d6-401f-becf-62acb14a4713","height_m":16.418,"ground_m":133.341,"height_source":"LoD1 solid top minus bottom","production":"2024","laser":"2016","footprints":"2022"},"geometry":{"type":"Polygon","coordinates":[[[13.779651377491696,51.0685761117627],[13.779624692108115,51.06857592307127],[13.77961426451454,51.0688844747887],[13.779641221325797,51.06888086235265],[13.779651377491696,51.0685761117627]]]}},{"type":"Feature","id":"UUID_44db8f3d-f22f-449f-8b35-68ec34d3fb33","properties":{"id":"UUID_44db8f3d-f22f-449f-8b35-68ec34d3fb33","height_m":22.33,"ground_m":133.341,"height_source":"LoD1 solid top minus bottom","production":"2024","laser":"2016","footprints":"2022"},"geometry":{"type":"Polygon","coordinates":[[[13.779642788806084,51.068428908527],[13.779659161031747,51.068480959052366],[13.779669860391065,51.06848116068925],[13.779670298640482,51.06846992423828],[13.779671248437218,51.06844466432694],[13.779671763892129,51.068425065358134],[13.779642788806084,51.068428908527]]]}},{"type":"Feature","id":"UUID_7b6522a1-e39d-44aa-9f1d-b413e7e89b44","properties":{"id":"UUID_7b6522a1-e39d-44aa-9f1d-b413e7e89b44","height_m":16.279,"ground_m":133.341,"height_source":"LoD1 solid top minus bottom","production":"2024","laser":"2016","footprints":"2022"},"geometry":{"type":"Polygon","coordinates":[[[13.779450852669004,51.068781931976496],[13.779228844971398,51.06881144803828],[13.77926766437955,51.068930918426425],[13.779446951835158,51.068906891452144],[13.779450852669004,51.068781931976496]]]}},{"type":"Feature","id":"UUID_a3296755-5d39-4555-8c63-c3fa7872c81c","properties":{"id":"UUID_a3296755-5d39-4555-8c63-c3fa7872c81c","height_m":11.708,"ground_m":134.894,"height_source":"LoD1 solid top minus bottom","production":"2024","laser":"2016","footprints":"2022"},"geometry":{"type":"Polygon","coordinates":[[[13.782536089974625,51.06765842357849],[13.782536034786801,51.06765835106108],[13.78251504203992,51.0676642475129],[13.782533206613973,51.06768889719181],[13.78256217577532,51.06772822777725],[13.782584186227908,51.067721622491504],[13.782746743811595,51.06767295574611],[13.782736272212912,51.06765863803439],[13.782747201350746,51.06765551443969],[13.782731774618142,51.06763422065111],[13.78273027310088,51.0676321546505],[13.782721305391133,51.067619813034405],[13.782713731184211,51.06760930248017],[13.782536089974625,51.06765842357849]]]}},{"type":"Feature","id":"UUID_dd3f7128-0b05-44d4-823d-95ccd59c384d","properties":{"id":"UUID_dd3f7128-0b05-44d4-823d-95ccd59c384d","height_m":10.232,"ground_m":134.894,"height_source":"LoD1 solid top minus bottom","production":"2024","laser":"2016","footprints":"2022"},"geometry":{"type":"Polygon","coordinates":[[[13.78268479286224,51.06756988232471],[13.782594327327336,51.06759730345496],[13.782510709737569,51.067622655555276],[13.782536034786801,51.06765835106108],[13.782536089974625,51.06765842357849],[13.782621431414197,51.06763482502901],[13.782713731184211,51.06760930248017],[13.782687830558544,51.06757378087483],[13.78268479286224,51.06756988232471]]]}},{"type":"Feature","id":"UUID_7819ad2b-581f-4e34-8e10-d5961d3c6023","properties":{"id":"UUID_7819ad2b-581f-4e34-8e10-d5961d3c6023","height_m":10.379,"ground_m":138.936,"height_source":"LoD1 solid top minus bottom","production":"2024","laser":"2016","footprints":"2022"},"geometry":{"type":"Polygon","coordinates":[[[13.782404255701543,51.0703849498577],[13.782334214644576,51.07034964283282],[13.78235912545376,51.07033046886658],[13.782358871905092,51.0703303403258],[13.782334202498548,51.07034956177094],[13.782325503309796,51.070356341657025],[13.782395219822474,51.070392049983],[13.782404255701543,51.0703849498577]]]}},{"type":"Feature","id":"UUID_16c1b0b5-fc88-4382-8bd5-dcda652a31c3","properties":{"id":"UUID_16c1b0b5-fc88-4382-8bd5-dcda652a31c3","height_m":10.639,"ground_m":138.936,"height_source":"LoD1 solid top minus bottom","production":"2024","laser":"2016","footprints":"2022"},"geometry":{"type":"Polygon","coordinates":[[[13.782422304910238,51.0702818643708],[13.782334214644576,51.07034964283282],[13.782397071182007,51.070381331845965],[13.782404255701543,51.0703849498577],[13.782464548537321,51.07041534414058],[13.78247241217491,51.07040940086545],[13.782490345936372,51.07039501930857],[13.78258099693179,51.07032375121013],[13.782514920395696,51.07028966364507],[13.782453406414888,51.070257943715575],[13.782422375314185,51.07028190107545],[13.782422304910238,51.0702818643708]]]}},{"type":"Feature","id":"UUID_89bc0ab2-54c1-4a98-9ad9-9ff89a9da451","properties":{"id":"UUID_89bc0ab2-54c1-4a98-9ad9-9ff89a9da451","height_m":9.728,"ground_m":138.936,"height_source":"LoD1 solid top minus bottom","production":"2024","laser":"2016","footprints":"2022"},"geometry":{"type":"Polygon","coordinates":[[[13.782422304910238,51.0702818643708],[13.782409980918022,51.07027556691955],[13.782347041208384,51.07032428182014],[13.78235912545376,51.07033046886658],[13.782422304910238,51.0702818643708]]]}},{"type":"Feature","id":"DESNATP1CX000282","properties":{"id":"DESNATP1CX000282","height_m":2.951,"ground_m":140.208,"height_source":"LoD1 solid top minus bottom","production":"2024","laser":"2016","footprints":"2022"},"geometry":{"type":"Polygon","coordinates":[[[13.773529087486748,51.071598591544394],[13.77287530285619,51.07181443680582],[13.772971767783293,51.071930404735724],[13.77350393487174,51.07175471277146],[13.773532184032828,51.07178868730427],[13.773488092533116,51.07180324265855],[13.773630433133043,51.07197437675713],[13.773812703367515,51.07191420257247],[13.773602380565789,51.071661348096086],[13.773585821159756,51.07166681284706],[13.773529087486748,51.071598591544394]]]}},{"type":"Feature","id":"DESNATPU1000CDzN","properties":{"id":"DESNATPU1000CDzN","height_m":12.03,"ground_m":131.811,"height_source":"LoD1 solid top minus bottom","production":"2024","laser":"2016","footprints":"2022"},"geometry":{"type":"Polygon","coordinates":[[[13.788461056245424,51.06734572581604],[13.78844789805653,51.06735224410857],[13.788494736335355,51.06735677637399],[13.788497923382684,51.06734403960855],[13.78846247422402,51.0673406146085],[13.788461056245424,51.06734572581604]]]}},{"type":"Feature","id":"UUID_77f6d38a-e9cb-4f68-a97d-8f2260cbc87e","properties":{"id":"UUID_77f6d38a-e9cb-4f68-a97d-8f2260cbc87e","height_m":2.973,"ground_m":149.254,"height_source":"LoD1 solid top minus bottom","production":"2024","laser":"2016","footprints":"2022"},"geometry":{"type":"Polygon","coordinates":[[[13.785997187090636,51.07229689227437],[13.785921145034438,51.07226487042877],[13.785891816397896,51.07229251545062],[13.785891743400123,51.07229257764207],[13.785967653755524,51.07232472403801],[13.785997187090636,51.07229689227437]]]}},{"type":"Feature","id":"UUID_3268622a-8948-4d3a-9ceb-43904843233c","properties":{"id":"UUID_3268622a-8948-4d3a-9ceb-43904843233c","height_m":6.22,"ground_m":149.254,"height_source":"LoD1 solid top minus bottom","production":"2024","laser":"2016","footprints":"2022"},"geometry":{"type":"Polygon","coordinates":[[[13.785917296127437,51.07239231254235],[13.785982406824981,51.07233096540214],[13.785967639014823,51.07232474187054],[13.785967653755524,51.07232472403801],[13.785891743400123,51.07229257764207],[13.785891816397896,51.07229251545062],[13.785851776527133,51.07227565169399],[13.785786502647285,51.0723372308803],[13.785917296127437,51.07239231254235]]]}},{"type":"Feature","id":"DESNATPU1000Hxt9","properties":{"id":"DESNATPU1000Hxt9","height_m":11.083,"ground_m":137.059,"height_source":"LoD1 solid top minus bottom","production":"2024","laser":"2016","footprints":"2022"},"geometry":{"type":"Polygon","coordinates":[[[13.780423843291747,51.069612683167605],[13.780417724579136,51.069601108515776],[13.78037998123411,51.0696088981552],[13.780385954881883,51.069620561223545],[13.780370891747319,51.06962346160593],[13.780392827897487,51.06966588480468],[13.780415714260789,51.06971017043423],[13.780630253088159,51.069666275609805],[13.780606992938912,51.069622085044074],[13.780584712022344,51.069579739224366],[13.780454264384144,51.069606525750686],[13.780423843291747,51.069612683167605]]]}},{"type":"Feature","id":"DESNATPU1000EBqp","properties":{"id":"DESNATPU1000EBqp","height_m":4.309,"ground_m":157.726,"height_source":"LoD1 solid top minus bottom","production":"2024","laser":"2016","footprints":"2022"},"geometry":{"type":"Polygon","coordinates":[[[13.790534563547967,51.0719727790481],[13.790311575593025,51.07219286364735],[13.79069752530346,51.07234694727533],[13.790643448795912,51.07238442736657],[13.790827205265272,51.07248659824909],[13.791155481232073,51.07224664837965],[13.790952051124114,51.07213806947243],[13.790534563547967,51.0719727790481]]]}},{"type":"Feature","id":"UUID_6f080652-de61-4eba-9825-41f8081be299","properties":{"id":"UUID_6f080652-de61-4eba-9825-41f8081be299","height_m":7.01,"ground_m":139.057,"height_source":"LoD1 solid top minus bottom","production":"2024","laser":"2016","footprints":"2022"},"geometry":{"type":"Polygon","coordinates":[[[13.775125815736075,51.07121099984234],[13.775270563897408,51.071381932353546],[13.775367502357728,51.071340636822306],[13.775326875107885,51.071292666114026],[13.775276503407623,51.07123317240706],[13.775228498630872,51.07117648226053],[13.775125815736075,51.07121099984234]]]}},{"type":"Feature","id":"UUID_6019f7cd-9aa7-4335-8133-d7a339c893ba","properties":{"id":"UUID_6019f7cd-9aa7-4335-8133-d7a339c893ba","height_m":4.148,"ground_m":139.057,"height_source":"LoD1 solid top minus bottom","production":"2024","laser":"2016","footprints":"2022"},"geometry":{"type":"Polygon","coordinates":[[[13.775271747788594,51.07138142317485],[13.775271817001842,51.07138150483545],[13.775319323513212,51.07143761420021],[13.775825407352338,51.071267510720034],[13.77577215588076,51.071204614760376],[13.775367502357728,51.071340636822306],[13.775271747788594,51.07138142317485]]]}},{"type":"Feature","id":"UUID_368fee15-9db6-4341-9d51-2b9bc6e3dd27","properties":{"id":"UUID_368fee15-9db6-4341-9d51-2b9bc6e3dd27","height_m":7.168,"ground_m":139.057,"height_source":"LoD1 solid top minus bottom","production":"2024","laser":"2016","footprints":"2022"},"geometry":{"type":"Polygon","coordinates":[[[13.775628967650144,51.070917188229366],[13.775590184666088,51.07093022623659],[13.775550969535852,51.07094341258193],[13.775633151113071,51.07104046066909],[13.775681156012027,51.07109715964348],[13.775731528326773,51.071156644189614],[13.77577215588076,51.071204614760376],[13.775825407352338,51.071267510720034],[13.775925425520374,51.07123389087946],[13.776515983191109,51.07103538841837],[13.77646846135787,51.07097927937977],[13.776469714440546,51.07097885184865],[13.776242766405806,51.070710864037956],[13.775628967650144,51.070917188229366]]]}},{"type":"Feature","id":"UUID_4484cd8a-e134-4f75-aef2-2ef4442d1746","properties":{"id":"UUID_4484cd8a-e134-4f75-aef2-2ef4442d1746","height_m":6.991,"ground_m":139.057,"height_source":"LoD1 solid top minus bottom","production":"2024","laser":"2016","footprints":"2022"},"geometry":{"type":"Polygon","coordinates":[[[13.775731528326773,51.071156644189614],[13.775681156012027,51.07109715964348],[13.775276503407623,51.07123317240706],[13.775326875107885,51.071292666114026],[13.775731528326773,51.071156644189614]]]}},{"type":"Feature","id":"UUID_f326d5cb-5760-4c30-8838-a8fd5f89a953","properties":{"id":"UUID_f326d5cb-5760-4c30-8838-a8fd5f89a953","height_m":8.292,"ground_m":139.057,"height_source":"LoD1 solid top minus bottom","production":"2024","laser":"2016","footprints":"2022"},"geometry":{"type":"Polygon","coordinates":[[[13.775389126504907,51.07097563797058],[13.775165632336462,51.07105068840541],[13.775176359424476,51.071069326024364],[13.775407646668985,51.070991587427955],[13.775389126504907,51.07097563797058]]]}},{"type":"Feature","id":"UUID_a12e1c71-8218-4e0f-8f56-92c16d4df739","properties":{"id":"UUID_a12e1c71-8218-4e0f-8f56-92c16d4df739","height_m":8.319,"ground_m":139.057,"height_source":"LoD1 solid top minus bottom","production":"2024","laser":"2016","footprints":"2022"},"geometry":{"type":"Polygon","coordinates":[[[13.775628967650144,51.070917188229366],[13.775612522742675,51.07089778032418],[13.775573795662863,51.070910863875696],[13.775590184666088,51.07093022623659],[13.775628967650144,51.070917188229366]]]}},{"type":"Feature","id":"UUID_2e5045eb-8442-4aee-b3a0-d5e2bf2ffeb3","properties":{"id":"UUID_2e5045eb-8442-4aee-b3a0-d5e2bf2ffeb3","height_m":3.869,"ground_m":139.057,"height_source":"LoD1 solid top minus bottom","production":"2024","laser":"2016","footprints":"2022"},"geometry":{"type":"Polygon","coordinates":[[[13.775925425520374,51.07123389087946],[13.77593778727328,51.071248471798306],[13.776528330809139,51.07104996912679],[13.776515983191109,51.07103538841837],[13.775925425520374,51.07123389087946]]]}},{"type":"Feature","id":"UUID_d10f4e04-ccb8-456f-80e9-d2e9f17b0886","properties":{"id":"UUID_d10f4e04-ccb8-456f-80e9-d2e9f17b0886","height_m":8.047,"ground_m":139.057,"height_source":"LoD1 solid top minus bottom","production":"2024","laser":"2016","footprints":"2022"},"geometry":{"type":"Polygon","coordinates":[[[13.775043635167698,51.07111394241612],[13.775125815736075,51.07121099984234],[13.775228498630872,51.07117648226053],[13.775633151113071,51.07104046066909],[13.775550969535852,51.07094341258193],[13.775407646668985,51.070991587427955],[13.775176359424476,51.071069326024364],[13.775043635167698,51.07111394241612]]]}},{"type":"Feature","id":"DESNATPU1000D3Sl","properties":{"id":"DESNATPU1000D3Sl","height_m":10.493,"ground_m":137.147,"height_source":"LoD1 solid top minus bottom","production":"2024","laser":"2016","footprints":"2022"},"geometry":{"type":"Polygon","coordinates":[[[13.783905102327472,51.06867530278338],[13.78392466456755,51.06870221498415],[13.783956906692017,51.068746345456766],[13.78396545192405,51.06875794516734],[13.783981571839014,51.06878005535103],[13.784067294080993,51.06875504783457],[13.784074917944698,51.068752789012656],[13.784095770658244,51.06874680089572],[13.784147404179391,51.06873178043995],[13.784131279489676,51.068709850085874],[13.784145231200991,51.06870576859257],[13.7841754341556,51.06869700002364],[13.78414566840615,51.068656402570625],[13.784115465472608,51.068665171132054],[13.78408459832418,51.068623033426555],[13.784023616993295,51.06864074437971],[13.784016318283623,51.06863059649214],[13.78394397484023,51.06865160646917],[13.7839515589181,51.06866175733021],[13.783905102327472,51.06867530278338]]]}},{"type":"Feature","id":"DESNATPU1000CVgu","properties":{"id":"DESNATPU1000CVgu","height_m":19.4,"ground_m":143.912,"height_source":"LoD1 solid top minus bottom","production":"2024","laser":"2016","footprints":"2022"},"geometry":{"type":"Polygon","coordinates":[[[13.784466723216875,51.07102422292828],[13.784569546075346,51.07103311592622],[13.784603725238757,51.0710360792496],[13.784706828837521,51.07104515490203],[13.784724174525534,51.070966018630216],[13.784726609350338,51.07095480292796],[13.784677334916564,51.070950513620936],[13.784535916571022,51.07093834167607],[13.784486499476262,51.07093405080495],[13.784466723216875,51.07102422292828]]]}},{"type":"Feature","id":"DESNATPU1000GPsB","properties":{"id":"DESNATPU1000GPsB","height_m":4.818,"ground_m":143.544,"height_source":"LoD1 solid top minus bottom","production":"2024","laser":"2016","footprints":"2022"},"geometry":{"type":"Polygon","coordinates":[[[13.786905327526032,51.070038045851625],[13.78690112812643,51.06998575401865],[13.786854270212567,51.06998733603516],[13.786796555747287,51.06998925498816],[13.786800612334387,51.07004154534296],[13.786905327526032,51.070038045851625]]]}},{"type":"Feature","id":"DESNATP1Ak0000RI","properties":{"id":"DESNATP1Ak0000RI","height_m":9.099,"ground_m":154.281,"height_source":"LoD1 solid top minus bottom","production":"2024","laser":"2016","footprints":"2022"},"geometry":{"type":"Polygon","coordinates":[[[13.788183113382882,51.071937371859626],[13.788131929914092,51.07198808223571],[13.788182762887068,51.07200871718161],[13.78819021953471,51.07201178010119],[13.788253421257394,51.07203704864557],[13.788304775890294,51.071986339991334],[13.788183113382882,51.071937371859626]]]}},{"type":"Feature","id":"DESNATPU1000Dfp4","properties":{"id":"DESNATPU1000Dfp4","height_m":3.676,"ground_m":124.171,"height_source":"LoD1 solid top minus bottom","production":"2024","laser":"2016","footprints":"2022"},"geometry":{"type":"Polygon","coordinates":[[[13.77394362255969,51.068830588154604],[13.774022597367335,51.068845085637314],[13.774033488692682,51.06882181853111],[13.773954371230634,51.06880731955922],[13.77394362255969,51.068830588154604]]]}},{"type":"Feature","id":"DESNATPU1000EJxZ","properties":{"id":"DESNATPU1000EJxZ","height_m":15.17,"ground_m":134.733,"height_source":"LoD1 solid top minus bottom","production":"2024","laser":"2016","footprints":"2022"},"geometry":{"type":"Polygon","coordinates":[[[13.78800097300331,51.067556423813436],[13.78801292239802,51.06756886788008],[13.78792613695445,51.06760196078989],[13.78796311019327,51.06763993417251],[13.787966305117418,51.06764329464516],[13.78797322456781,51.06764066855262],[13.788015619450233,51.067684183756654],[13.788058154751354,51.06772779032887],[13.78810616757374,51.06770922338889],[13.788108946190128,51.06771212990023],[13.788228768748004,51.06766553043319],[13.788226125770885,51.067662895115404],[13.788272267087496,51.067644938201795],[13.788186064202417,51.06755735374489],[13.78819284328833,51.06755463625596],[13.788154185856959,51.06751556634603],[13.788126505818049,51.067526160661394],[13.788063936200837,51.067550152219226],[13.78805143013729,51.06753716281669],[13.78800097300331,51.067556423813436]]]}},{"type":"Feature","id":"UUID_34af493e-0801-452a-80b0-4ce212437101","properties":{"id":"UUID_34af493e-0801-452a-80b0-4ce212437101","height_m":14.403,"ground_m":137.075,"height_source":"LoD1 solid top minus bottom","production":"2024","laser":"2016","footprints":"2022"},"geometry":{"type":"Polygon","coordinates":[[[13.78339141073586,51.0686647411759],[13.783341323071872,51.06868067667141],[13.783348783190332,51.06869010685621],[13.783298983223023,51.068705955400155],[13.783304100108253,51.06871221370929],[13.783474691816197,51.06865772129892],[13.78346913551158,51.068650801948],[13.783418325007812,51.06866708966573],[13.783398318958454,51.068673446187496],[13.78339141073586,51.0686647411759]]]}},{"type":"Feature","id":"UUID_fa6a52d9-fec7-4a7e-94c6-b341a1e13541","properties":{"id":"UUID_fa6a52d9-fec7-4a7e-94c6-b341a1e13541","height_m":6.156,"ground_m":137.075,"height_source":"LoD1 solid top minus bottom","production":"2024","laser":"2016","footprints":"2022"},"geometry":{"type":"Polygon","coordinates":[[[13.78325593706497,51.068741838286655],[13.783271395046691,51.06876196325888],[13.783274375048876,51.06876262377736],[13.783297527548056,51.06876691155556],[13.783322979472457,51.06875971245731],[13.783292095986868,51.06871604559158],[13.78326293462192,51.06872536434475],[13.78325593706497,51.068741838286655]]]}},{"type":"Feature","id":"UUID_1aa41b15-5fe6-4c17-85e8-33b4bd63cfa7","properties":{"id":"UUID_1aa41b15-5fe6-4c17-85e8-33b4bd63cfa7","height_m":13.404,"ground_m":137.075,"height_source":"LoD1 solid top minus bottom","production":"2024","laser":"2016","footprints":"2022"},"geometry":{"type":"Polygon","coordinates":[[[13.783348165421787,51.068795316399836],[13.7834358534961,51.06876992513111],[13.783537003387101,51.06874062713364],[13.783545925631426,51.06873784228998],[13.783536243697556,51.0687260508617],[13.783534031358219,51.06872332999122],[13.783537320129703,51.06871221312468],[13.783530157135411,51.06870233640353],[13.783516061414002,51.06870102063384],[13.783508184973442,51.06869113648598],[13.783502860640578,51.06869278970685],[13.783494153989329,51.0686819077073],[13.783474692051911,51.06865771230856],[13.783304100108253,51.06871221370929],[13.783292095986868,51.06871604559158],[13.783322979472457,51.06875971245731],[13.783344035570222,51.06878951800791],[13.783348165421787,51.068795316399836]]]}},{"type":"Feature","id":"UUID_71eda47b-c3ad-4481-83b3-3e600eb2a13f","properties":{"id":"UUID_71eda47b-c3ad-4481-83b3-3e600eb2a13f","height_m":7.554,"ground_m":137.407,"height_source":"LoD1 solid top minus bottom","production":"2024","laser":"2016","footprints":"2022"},"geometry":{"type":"Polygon","coordinates":[[[13.782611546570454,51.06896849209213],[13.78259515957617,51.06897344731994],[13.782620972454593,51.06900689967294],[13.782636795885233,51.06900220835643],[13.782636882207711,51.06900218227703],[13.782611546570454,51.06896849209213]]]}},{"type":"Feature","id":"UUID_82ed13b3-4cd9-4da2-a5d5-2ef87ea8daf9","properties":{"id":"UUID_82ed13b3-4cd9-4da2-a5d5-2ef87ea8daf9","height_m":12.299,"ground_m":137.407,"height_source":"LoD1 solid top minus bottom","production":"2024","laser":"2016","footprints":"2022"},"geometry":{"type":"Polygon","coordinates":[[[13.782735797838331,51.06889541554781],[13.782589521861379,51.06893917092537],[13.782611546570454,51.06896849209213],[13.782615104876035,51.06897322340459],[13.782636882207711,51.06900218227703],[13.782636795885233,51.06900220835643],[13.782658315103006,51.069030669931315],[13.782742043185468,51.069005552686384],[13.782761194497704,51.06900458306613],[13.782774412909761,51.06899581783371],[13.782830382110971,51.06897877476157],[13.782863946512999,51.06896865664102],[13.782821017223702,51.06891137498677],[13.782818397126864,51.06890787647408],[13.782795643174266,51.06887751357801],[13.782735797838331,51.06889541554781]]]}},{"type":"Feature","id":"UUID_49f3df78-c10b-45d3-a92c-b84469a37186","properties":{"id":"UUID_49f3df78-c10b-45d3-a92c-b84469a37186","height_m":10.316,"ground_m":137.407,"height_source":"LoD1 solid top minus bottom","production":"2024","laser":"2016","footprints":"2022"},"geometry":{"type":"Polygon","coordinates":[[[13.782830382110971,51.06897877476157],[13.782835211220972,51.06898512002249],[13.782919792916775,51.06896010146793],[13.782914660253109,51.06895335736567],[13.782830382110971,51.06897877476157]]]}},{"type":"Feature","id":"UUID_ab596542-ddbe-49c1-8a2e-b931a319869d","properties":{"id":"UUID_ab596542-ddbe-49c1-8a2e-b931a319869d","height_m":7.367,"ground_m":137.407,"height_source":"LoD1 solid top minus bottom","production":"2024","laser":"2016","footprints":"2022"},"geometry":{"type":"Polygon","coordinates":[[[13.782863946512999,51.06896865664102],[13.782914660253109,51.06895335736567],[13.782868463988356,51.06889275033879],[13.782842855080485,51.068900487272785],[13.782818397126864,51.06890787647408],[13.782863946512999,51.06896865664102]]]}},{"type":"Feature","id":"UUID_94fbf6f1-ec6e-473a-9ccd-637b7be44a69","properties":{"id":"UUID_94fbf6f1-ec6e-473a-9ccd-637b7be44a69","height_m":7.978,"ground_m":137.407,"height_source":"LoD1 solid top minus bottom","production":"2024","laser":"2016","footprints":"2022"},"geometry":{"type":"Polygon","coordinates":[[[13.782735797838331,51.06889541554781],[13.782727676246505,51.06888400001493],[13.782580942507034,51.06892779557847],[13.782589356529076,51.06893894438286],[13.782589521861379,51.06893917092537],[13.782735797838331,51.06889541554781]]]}},{"type":"Feature","id":"DESNATPU1000E8Nq","properties":{"id":"DESNATPU1000E8Nq","height_m":8.389,"ground_m":129.774,"height_source":"LoD1 solid top minus bottom","production":"2024","laser":"2016","footprints":"2022"},"geometry":{"type":"Polygon","coordinates":[[[13.776439979919086,51.0695608853273],[13.776522240175764,51.06956453418987],[13.77655082824615,51.06950341245837],[13.776573058091138,51.069456073113585],[13.776492462467822,51.06944884458221],[13.776439979919086,51.0695608853273]]]}},{"type":"Feature","id":"DESNATPU1000J0Nu","properties":{"id":"DESNATPU1000J0Nu","height_m":2.591,"ground_m":141.871,"height_source":"LoD1 solid top minus bottom","production":"2024","laser":"2016","footprints":"2022"},"geometry":{"type":"Polygon","coordinates":[[[13.782671586326511,51.07274636977141],[13.78261752526613,51.07279931397022],[13.782677551298812,51.072823680156034],[13.782731612320037,51.072770735929396],[13.782671586326511,51.07274636977141]]]}},{"type":"Feature","id":"DESNATPU1000FMXt","properties":{"id":"DESNATPU1000FMXt","height_m":2.775,"ground_m":136.624,"height_source":"LoD1 solid top minus bottom","production":"2024","laser":"2016","footprints":"2022"},"geometry":{"type":"Polygon","coordinates":[[[13.779512742878701,51.06958707595453],[13.77944285404586,51.06960145409864],[13.779574309960353,51.06985651419011],[13.779644213327236,51.069841596549345],[13.779512742878701,51.06958707595453]]]}},{"type":"Feature","id":"UUID_d9407e64-d8d2-4a83-a186-34e5706cdc7e","properties":{"id":"UUID_d9407e64-d8d2-4a83-a186-34e5706cdc7e","height_m":13.973,"ground_m":126.214,"height_source":"LoD1 solid top minus bottom","production":"2024","laser":"2016","footprints":"2022"},"geometry":{"type":"Polygon","coordinates":[[[13.776976507913071,51.06845849493457],[13.776968974835395,51.06849357804903],[13.777039692713297,51.06849915614114],[13.777052122082733,51.06844130046747],[13.776981487958308,51.06843525563207],[13.776976450837296,51.06845849433734],[13.776976507913071,51.06845849493457]]]}},{"type":"Feature","id":"UUID_cd18c08c-634a-4a15-9a62-5f91e423482e","properties":{"id":"UUID_cd18c08c-634a-4a15-9a62-5f91e423482e","height_m":13.918,"ground_m":126.214,"height_source":"LoD1 solid top minus bottom","production":"2024","laser":"2016","footprints":"2022"},"geometry":{"type":"Polygon","coordinates":[[[13.777247971293423,51.068380759434866],[13.777211223815177,51.068377857009345],[13.777211272071176,51.06837765067926],[13.777105147169864,51.06836868065747],[13.77710513124234,51.06836874344057],[13.777068390891836,51.06836557125995],[13.777052122082733,51.06844130046747],[13.777042946251012,51.06848401929083],[13.77713371197816,51.06849197435781],[13.777179853359383,51.068495874368594],[13.77722228481963,51.068499735549516],[13.777247971293423,51.068380759434866]]]}},{"type":"Feature","id":"UUID_b9f4b5aa-dbf1-4118-bf46-a0a17404700a","properties":{"id":"UUID_b9f4b5aa-dbf1-4118-bf46-a0a17404700a","height_m":17.379,"ground_m":126.214,"height_source":"LoD1 solid top minus bottom","production":"2024","laser":"2016","footprints":"2022"},"geometry":{"type":"Polygon","coordinates":[[[13.777130764462385,51.06850633203667],[13.77713371197816,51.06849197435781],[13.777042946251012,51.06848401929083],[13.777039692713297,51.06849915614114],[13.777130764462385,51.06850633203667]]]}},{"type":"Feature","id":"UUID_0f250b73-2144-4703-a75a-b4c15b4541c0","properties":{"id":"UUID_0f250b73-2144-4703-a75a-b4c15b4541c0","height_m":13.888,"ground_m":126.214,"height_source":"LoD1 solid top minus bottom","production":"2024","laser":"2016","footprints":"2022"},"geometry":{"type":"Polygon","coordinates":[[[13.776968974835395,51.06849357804903],[13.776962220971415,51.068525090172805],[13.776961993141931,51.06852506980321],[13.776957241380073,51.068548311493316],[13.777096517067266,51.068560200445255],[13.777108402476848,51.068504569295214],[13.776968974835395,51.06849357804903]]]}},{"type":"Feature","id":"UUID_a0d0ffdf-5104-4771-b734-83f783593c0a","properties":{"id":"UUID_a0d0ffdf-5104-4771-b734-83f783593c0a","height_m":14.776,"ground_m":126.214,"height_source":"LoD1 solid top minus bottom","production":"2024","laser":"2016","footprints":"2022"},"geometry":{"type":"Polygon","coordinates":[[[13.777211272071176,51.06837765067926],[13.7772151530011,51.06835874340192],[13.777109483799546,51.068349814122556],[13.777105147169864,51.06836868065747],[13.777211272071176,51.06837765067926]]]}},{"type":"Feature","id":"UUID_4e2ca969-2d6f-4ed0-a11e-367531ba8932","properties":{"id":"UUID_4e2ca969-2d6f-4ed0-a11e-367531ba8932","height_m":14.788,"ground_m":126.214,"height_source":"LoD1 solid top minus bottom","production":"2024","laser":"2016","footprints":"2022"},"geometry":{"type":"Polygon","coordinates":[[[13.776961993141931,51.06852506980321],[13.776962220971415,51.068525090172805],[13.776976507913071,51.06845849493457],[13.776976450837296,51.06845849433734],[13.77694611723102,51.06845592872597],[13.776931659493059,51.06852250418782],[13.776961993141931,51.06852506980321]]]}},{"type":"Feature","id":"DESNATPU1000ICjd","properties":{"id":"DESNATPU1000ICjd","height_m":6.967,"ground_m":142.497,"height_source":"LoD1 solid top minus bottom","production":"2024","laser":"2016","footprints":"2022"},"geometry":{"type":"Polygon","coordinates":[[[13.783515521914529,51.070621547957934],[13.783923569084383,51.07064732282083],[13.783953387588525,51.07045994400477],[13.783545341810814,51.07043417824663],[13.783515521914529,51.070621547957934]]]}},{"type":"Feature","id":"DESNATPU1000DuKE","properties":{"id":"DESNATPU1000DuKE","height_m":6.884,"ground_m":146.256,"height_source":"LoD1 solid top minus bottom","production":"2024","laser":"2016","footprints":"2022"},"geometry":{"type":"Polygon","coordinates":[[[13.789210886712233,51.06997683460689],[13.789188597966442,51.06995909471272],[13.789059513923725,51.07002347692514],[13.78915903054049,51.070102673415654],[13.789268562373957,51.07004805260239],[13.789207302886572,51.069999306491816],[13.789191334896312,51.06998657812101],[13.789210886712233,51.06997683460689]]]}},{"type":"Feature","id":"DESNATPU1000C6O8","properties":{"id":"DESNATPU1000C6O8","height_m":4.32,"ground_m":138.916,"height_source":"LoD1 solid top minus bottom","production":"2024","laser":"2016","footprints":"2022"},"geometry":{"type":"Polygon","coordinates":[[[13.783242950728201,51.069857531900304],[13.783304649165059,51.069888749738595],[13.78340909900815,51.06980827210791],[13.783346130506475,51.06977650153503],[13.783242950728201,51.069857531900304]]]}},{"type":"Feature","id":"DESNATPU1000ECef","properties":{"id":"DESNATPU1000ECef","height_m":14.402,"ground_m":140.377,"height_source":"LoD1 solid top minus bottom","production":"2024","laser":"2016","footprints":"2022"},"geometry":{"type":"Polygon","coordinates":[[[13.787104164392412,51.06848156457777],[13.787087902076967,51.06846484904067],[13.787070526455311,51.06844704281017],[13.787063855949832,51.0684401390478],[13.787070057420165,51.068437685414054],[13.787019469679795,51.06838545174489],[13.787012982834352,51.06838790241439],[13.78696948200471,51.06834302645041],[13.786895953452557,51.06837122020331],[13.786900123671684,51.06837549010882],[13.786784625666332,51.06842033454408],[13.786761157066273,51.06841721324206],[13.78675230676614,51.068444549465944],[13.786777342617835,51.06844777696563],[13.786800555961895,51.06847157909237],[13.786843932860009,51.06851573440684],[13.786836435403126,51.06851862421801],[13.786852840336094,51.068535341270454],[13.786887465252674,51.068570322985096],[13.786901887064447,51.06856462733583],[13.786918900802059,51.06855805930376],[13.786933322841245,51.068552354660156],[13.786973848679606,51.068536327389],[13.786977602601501,51.06854014333036],[13.78702634189683,51.068521134730545],[13.78702300664192,51.06851768284818],[13.787107639990836,51.06848510784233],[13.787104164392412,51.06848156457777]]]}},{"type":"Feature","id":"UUID_42f02e85-a7f3-4e3a-9b65-68acc40a00f9","properties":{"id":"UUID_42f02e85-a7f3-4e3a-9b65-68acc40a00f9","height_m":2.853,"ground_m":138.979,"height_source":"LoD1 solid top minus bottom","production":"2024","laser":"2016","footprints":"2022"},"geometry":{"type":"Polygon","coordinates":[[[13.781650459823883,51.07168295088518],[13.781583093076328,51.07175066601015],[13.781681569578481,51.07179737598879],[13.781754767024097,51.071723957184254],[13.781712241708709,51.07170723695936],[13.781650459823883,51.07168295088518]]]}},{"type":"Feature","id":"UUID_cf0cf648-3c46-46f8-bd00-d1e9fbc6811c","properties":{"id":"UUID_cf0cf648-3c46-46f8-bd00-d1e9fbc6811c","height_m":3.218,"ground_m":138.979,"height_source":"LoD1 solid top minus bottom","production":"2024","laser":"2016","footprints":"2022"},"geometry":{"type":"Polygon","coordinates":[[[13.781673667954093,51.071659622622924],[13.781650459823883,51.07168295088518],[13.781712241708709,51.07170723695936],[13.781735406774468,51.07168391722897],[13.781673667954093,51.071659622622924]]]}},{"type":"Feature","id":"UUID_0665e2a5-2fe3-471b-9924-508a57bc09d5","properties":{"id":"UUID_0665e2a5-2fe3-471b-9924-508a57bc09d5","height_m":8.636,"ground_m":137.484,"height_source":"LoD1 solid top minus bottom","production":"2024","laser":"2016","footprints":"2022"},"geometry":{"type":"Polygon","coordinates":[[[13.781244599080164,51.06948381587989],[13.781244512992172,51.06948383296789],[13.781240891715038,51.06947498224615],[13.781134237043167,51.06949257515948],[13.781157886739857,51.06954857725266],[13.781157700294266,51.06954861127971],[13.78117614050365,51.069592652552984],[13.781179095544307,51.0695996977656],[13.781285759892583,51.06958174519895],[13.781256209374174,51.06951129309516],[13.781256152060863,51.069511301490394],[13.781244599080164,51.06948381587989]]]}},{"type":"Feature","id":"UUID_f6b06254-8487-433d-bb4b-9f1c0437d995","properties":{"id":"UUID_f6b06254-8487-433d-bb4b-9f1c0437d995","height_m":3.889,"ground_m":137.484,"height_source":"LoD1 solid top minus bottom","production":"2024","laser":"2016","footprints":"2022"},"geometry":{"type":"Polygon","coordinates":[[[13.781256152060863,51.069511301490394],[13.781256209374174,51.06951129309516],[13.781288321354877,51.06950596244619],[13.78127691270216,51.06947841539407],[13.781244599080164,51.06948381587989],[13.781256152060863,51.069511301490394]]]}},{"type":"Feature","id":"UUID_6bce5437-8e6c-4c49-ad17-c344437d20c8","properties":{"id":"UUID_6bce5437-8e6c-4c49-ad17-c344437d20c8","height_m":5.241,"ground_m":137.484,"height_source":"LoD1 solid top minus bottom","production":"2024","laser":"2016","footprints":"2022"},"geometry":{"type":"Polygon","coordinates":[[[13.781078038286568,51.06956177337693],[13.781097007807004,51.06960576622585],[13.781142026022685,51.06959814214573],[13.78117614050365,51.069592652552984],[13.781157700294266,51.06954861127971],[13.781078038286568,51.06956177337693]]]}},{"type":"Feature","id":"DESNATPU1000DYYb","properties":{"id":"DESNATPU1000DYYb","height_m":19.157,"ground_m":164.792,"height_source":"LoD1 solid top minus bottom","production":"2024","laser":"2016","footprints":"2022"},"geometry":{"type":"Polygon","coordinates":[[[13.789336048069305,51.07354004808743],[13.78936448323038,51.07354987497712],[13.789358163884614,51.073556823915204],[13.789390550247829,51.07356840035563],[13.789396427396648,51.0735619864044],[13.789471236099779,51.07358893024228],[13.789549716431761,51.07350251275966],[13.789473635200453,51.07347510615221],[13.78944620134579,51.07346519973091],[13.789369975186094,51.07343788148248],[13.789292079532975,51.073523765333746],[13.789336048069305,51.07354004808743]]]}},{"type":"Feature","id":"DESNATPU1000BFyQ","properties":{"id":"DESNATPU1000BFyQ","height_m":2.553,"ground_m":144.163,"height_source":"LoD1 solid top minus bottom","production":"2024","laser":"2016","footprints":"2022"},"geometry":{"type":"Polygon","coordinates":[[[13.786970308318308,51.07036965578397],[13.787016046150532,51.07040547219924],[13.78704454036197,51.070391109612274],[13.786998804871967,51.07035520330426],[13.786970308318308,51.07036965578397]]]}},{"type":"Feature","id":"UUID_2e620208-6cd2-4295-bd81-42d74d808b42","properties":{"id":"UUID_2e620208-6cd2-4295-bd81-42d74d808b42","height_m":22.204,"ground_m":138.534,"height_source":"LoD1 solid top minus bottom","production":"2024","laser":"2016","footprints":"2022"},"geometry":{"type":"Polygon","coordinates":[[[13.77336066460774,51.07116312737269],[13.773473879450934,51.071124953861954],[13.773403699999182,51.07104218489518],[13.773378535128385,51.071012505290184],[13.773143191861385,51.07109181601788],[13.77316921614758,51.07112245793318],[13.773255802826165,51.07119848376107],[13.77336066460774,51.07116312737269]]]}},{"type":"Feature","id":"UUID_f8d87dfb-d549-4c17-b52d-ccab0f4ff705","properties":{"id":"UUID_f8d87dfb-d549-4c17-b52d-ccab0f4ff705","height_m":24.204,"ground_m":138.534,"height_source":"LoD1 solid top minus bottom","production":"2024","laser":"2016","footprints":"2022"},"geometry":{"type":"Polygon","coordinates":[[[13.773848822492056,51.070998518775845],[13.774085187701177,51.07091882166619],[13.774085132522842,51.0709187491449],[13.774163433445656,51.07089243901523],[13.774093270933994,51.07080953574793],[13.774039095493498,51.070745523175525],[13.774035566014442,51.07074134945795],[13.773941366199839,51.070772996338796],[13.773944715156508,51.07077697931638],[13.773739335790792,51.07084543645607],[13.773735848427537,51.07084129014975],[13.773642987882436,51.070872474222064],[13.773646337533279,51.070876430237014],[13.773701841121927,51.07094202167682],[13.77377167087048,51.071024534996845],[13.773772224313438,51.07102519727895],[13.773849445383584,51.070999253728694],[13.773848822492056,51.070998518775845]]]}},{"type":"Feature","id":"UUID_1c66c757-6c88-4dbb-891b-f6f5aa0703f0","properties":{"id":"UUID_1c66c757-6c88-4dbb-891b-f6f5aa0703f0","height_m":22.409,"ground_m":138.534,"height_source":"LoD1 solid top minus bottom","production":"2024","laser":"2016","footprints":"2022"},"geometry":{"type":"Polygon","coordinates":[[[13.773473879450934,51.071124953861954],[13.773354226840866,51.07116529902445],[13.773255802826165,51.07119848376107],[13.773467654185502,51.0714473621222],[13.773663483979533,51.07138119735409],[13.773452020004067,51.071132755068504],[13.773474184116173,51.071125307779],[13.773473879450934,51.071124953861954]]]}},{"type":"Feature","id":"UUID_f2ff22ff-3b46-4ec0-bea3-027a4ecae41d","properties":{"id":"UUID_f2ff22ff-3b46-4ec0-bea3-027a4ecae41d","height_m":19.844,"ground_m":138.534,"height_source":"LoD1 solid top minus bottom","production":"2024","laser":"2016","footprints":"2022"},"geometry":{"type":"Polygon","coordinates":[[[13.774130228549,51.07097201896935],[13.774085187701177,51.07091882166619],[13.773848822492056,51.070998518775845],[13.773849445383584,51.070999253728694],[13.773893711165465,51.07105152572457],[13.774130228549,51.07097201896935]]]}},{"type":"Feature","id":"UUID_cc946132-0b72-453b-88ec-3abb3c640427","properties":{"id":"UUID_cc946132-0b72-453b-88ec-3abb3c640427","height_m":20.233,"ground_m":138.534,"height_source":"LoD1 solid top minus bottom","production":"2024","laser":"2016","footprints":"2022"},"geometry":{"type":"Polygon","coordinates":[[[13.773737191679155,51.07098380449681],[13.773701841121927,51.07094202167682],[13.773403699999182,51.07104218489518],[13.773439232777825,51.07108408662421],[13.773474184116173,51.071125307779],[13.773772224313438,51.07102519727895],[13.773737191679155,51.07098380449681]]]}},{"type":"Feature","id":"DESNATP1Ak0000R7","properties":{"id":"DESNATP1Ak0000R7","height_m":6.88,"ground_m":145.37,"height_source":"LoD1 solid top minus bottom","production":"2024","laser":"2016","footprints":"2022"},"geometry":{"type":"Polygon","coordinates":[[[13.78481155115693,51.07182350153399],[13.784684449181166,51.07177037247022],[13.784668028384953,51.07176351108157],[13.784619650295594,51.07180942895539],[13.784636155072176,51.071816354173656],[13.78476316772877,51.07186962624567],[13.78481155115693,51.07182350153399]]]}},{"type":"Feature","id":"UUID_b4692226-5430-456b-bf5d-9f2434ee2545","properties":{"id":"UUID_b4692226-5430-456b-bf5d-9f2434ee2545","height_m":7.051,"ground_m":144.457,"height_source":"LoD1 solid top minus bottom","production":"2024","laser":"2016","footprints":"2022"},"geometry":{"type":"Polygon","coordinates":[[[13.787557631575371,51.06990650455988],[13.787567846230745,51.06991434433604],[13.787554653476052,51.069921060011666],[13.787554524284776,51.069921634211624],[13.787652137212227,51.06987310530469],[13.78765169485973,51.06987310071651],[13.787634214538516,51.06988166941306],[13.787623033907078,51.069872560629214],[13.787601777147412,51.06987216028593],[13.787560739803581,51.069891338946505],[13.787557631575371,51.06990650455988]]]}},{"type":"Feature","id":"UUID_036038a1-6094-463b-8567-17e884c59d17","properties":{"id":"UUID_036038a1-6094-463b-8567-17e884c59d17","height_m":10.085,"ground_m":144.457,"height_source":"LoD1 solid top minus bottom","production":"2024","laser":"2016","footprints":"2022"},"geometry":{"type":"Polygon","coordinates":[[[13.787686751681616,51.069990487810706],[13.787723938655697,51.06997117924352],[13.78773334300262,51.06996633073385],[13.78773082617673,51.06996432621157],[13.787786952733825,51.06993577160138],[13.787685397833847,51.069856570775265],[13.78765169485973,51.06987310071651],[13.787652137212227,51.06987310530469],[13.787554524284776,51.069921634211624],[13.787554653476052,51.069921060011666],[13.787511574522776,51.0699429872639],[13.78761494910437,51.07002355603707],[13.787667753890423,51.06999649580697],[13.78767083444693,51.069998775962056],[13.787686751681616,51.069990487810706]]]}},{"type":"Feature","id":"DESNATPU1000BHKR","properties":{"id":"DESNATPU1000BHKR","height_m":2.453,"ground_m":136.336,"height_source":"LoD1 solid top minus bottom","production":"2024","laser":"2016","footprints":"2022"},"geometry":{"type":"Polygon","coordinates":[[[13.781124562598361,51.07119742254031],[13.78114773362301,51.07120647712481],[13.781160640606156,51.0711933023473],[13.781137184189395,51.071184244789286],[13.781124562598361,51.07119742254031]]]}},{"type":"Feature","id":"UUID_586b9a6b-2772-41a2-b9c4-23cad9dee4db","properties":{"id":"UUID_586b9a6b-2772-41a2-b9c4-23cad9dee4db","height_m":11.474,"ground_m":135.062,"height_source":"LoD1 solid top minus bottom","production":"2024","laser":"2016","footprints":"2022"},"geometry":{"type":"Polygon","coordinates":[[[13.782609527897709,51.067756688656104],[13.782635173850245,51.06779103855847],[13.782702274345061,51.067770730184435],[13.782808967379824,51.06773844198278],[13.782800679696534,51.06772792400451],[13.782786071306338,51.06770807759691],[13.782779048953117,51.06769829221981],[13.782768117448839,51.067701505721054],[13.782764396959982,51.067696430995774],[13.78275749607457,51.06768745623616],[13.782746743811595,51.06767295574611],[13.78265102178692,51.067701617143335],[13.782584186227908,51.067721622491504],[13.782609872942496,51.06775659332891],[13.782609527897709,51.067756688656104]]]}},{"type":"Feature","id":"UUID_0653389d-4f48-4969-b16f-1edd1f20c901","properties":{"id":"UUID_0653389d-4f48-4969-b16f-1edd1f20c901","height_m":7.951,"ground_m":135.062,"height_source":"LoD1 solid top minus bottom","production":"2024","laser":"2016","footprints":"2022"},"geometry":{"type":"Polygon","coordinates":[[[13.782584186227908,51.067721622491504],[13.78256217577532,51.06772822777725],[13.782567121461902,51.067735563475644],[13.782576910251516,51.0677487050238],[13.782582971496657,51.06775704155117],[13.782587522149461,51.06776311413922],[13.782609527897709,51.067756688656104],[13.782609872942496,51.06775659332891],[13.782584186227908,51.067721622491504]]]}},{"type":"Feature","id":"DESNATPU1000BKgA","properties":{"id":"DESNATPU1000BKgA","height_m":9.286,"ground_m":132.972,"height_source":"LoD1 solid top minus bottom","production":"2024","laser":"2016","footprints":"2022"},"geometry":{"type":"Polygon","coordinates":[[[13.776991009844325,51.06949273132546],[13.777419312799871,51.06958075539319],[13.777466020672323,51.06948735888584],[13.777061465683763,51.069408126640646],[13.776991009844325,51.06949273132546]]]}},{"type":"Feature","id":"DESNATPU1000IOKg","properties":{"id":"DESNATPU1000IOKg","height_m":11.558,"ground_m":136.211,"height_source":"LoD1 solid top minus bottom","production":"2024","laser":"2016","footprints":"2022"},"geometry":{"type":"Polygon","coordinates":[[[13.782997251725847,51.06847745407805],[13.782947816270603,51.068495734328984],[13.78294240228667,51.06848992255114],[13.782923686334415,51.06849062694914],[13.782890986808658,51.06850206704395],[13.782884025692539,51.0685117068016],[13.782889587078033,51.06851734026068],[13.782919711279336,51.068549668377976],[13.782927063932696,51.06854686723761],[13.782959005420901,51.06858065311841],[13.782938538262808,51.068588263754975],[13.782949506585632,51.06859997870015],[13.782983810193278,51.068636217230434],[13.783002118146857,51.068629303529576],[13.783020722242885,51.068649191508975],[13.783122770297409,51.06861122515111],[13.78310416853014,51.068591247284026],[13.782997251725847,51.06847745407805]]]}},{"type":"Feature","id":"DESNATPU1000FMgP","properties":{"id":"DESNATPU1000FMgP","height_m":6.257,"ground_m":148.124,"height_source":"LoD1 solid top minus bottom","production":"2024","laser":"2016","footprints":"2022"},"geometry":{"type":"Polygon","coordinates":[[[13.78543950916462,51.07209425513792],[13.785422825865856,51.07208759796354],[13.78537426454622,51.072133442299375],[13.78539084396213,51.07214025127893],[13.785517686667395,51.07219353874133],[13.785566465727486,51.07214755272394],[13.785495038531218,51.07211756595755],[13.78543950916462,51.07209425513792]]]}},{"type":"Feature","id":"DESNATPU1000BXtz","properties":{"id":"DESNATPU1000BXtz","height_m":18.905,"ground_m":166.48,"height_source":"LoD1 solid top minus bottom","production":"2024","laser":"2016","footprints":"2022"},"geometry":{"type":"Polygon","coordinates":[[[13.79034507946926,51.07493160982998],[13.790312461526401,51.0749836103905],[13.790463224842435,51.07502114176655],[13.790464263664711,51.07501962373934],[13.790495844988163,51.07496905125954],[13.790509101727142,51.07494787548688],[13.790539332931296,51.07489980701005],[13.790388855364364,51.07486227868728],[13.790358628718685,51.07491016731704],[13.790349696597639,51.07490782668013],[13.790336285366143,51.07492945047646],[13.79034507946926,51.07493160982998]]]}},{"type":"Feature","id":"DESNATPU1000BfjT","properties":{"id":"DESNATPU1000BfjT","height_m":2.288,"ground_m":138.784,"height_source":"LoD1 solid top minus bottom","production":"2024","laser":"2016","footprints":"2022"},"geometry":{"type":"Polygon","coordinates":[[[13.783169369569345,51.06924534425732],[13.783172595285892,51.069291061352644],[13.783215160038226,51.06928988576244],[13.783212623037608,51.06925056073866],[13.783222335538223,51.06925030213523],[13.783221934521091,51.06924382313186],[13.783169369569345,51.06924534425732]]]}},{"type":"Feature","id":"UUID_7ad4d546-7bb6-4ea9-a6bc-8f69c836e4f1","properties":{"id":"UUID_7ad4d546-7bb6-4ea9-a6bc-8f69c836e4f1","height_m":12.996,"ground_m":134.31,"height_source":"LoD1 solid top minus bottom","production":"2024","laser":"2016","footprints":"2022"},"geometry":{"type":"Polygon","coordinates":[[[13.781965985033587,51.06737021720437],[13.781932924802629,51.06740629360256],[13.782012852713748,51.06743613737396],[13.782087551111813,51.06746402911337],[13.782152999395281,51.06739572713787],[13.782160336640004,51.06738806976174],[13.782083980797719,51.06736025072578],[13.78200256407732,51.06733058033706],[13.782002366204477,51.06733050633251],[13.781965985033587,51.06737021720437]]]}},{"type":"Feature","id":"UUID_0a3e0c51-8063-41e9-9b0b-cd04994d1e0a","properties":{"id":"UUID_0a3e0c51-8063-41e9-9b0b-cd04994d1e0a","height_m":12.587,"ground_m":134.31,"height_source":"LoD1 solid top minus bottom","production":"2024","laser":"2016","footprints":"2022"},"geometry":{"type":"Polygon","coordinates":[[[13.782135214857352,51.067434372832444],[13.782103240906451,51.06746984908492],[13.782121189859664,51.06747660086917],[13.782153945746394,51.06744124067305],[13.782135214857352,51.067434372832444]]]}},{"type":"Feature","id":"UUID_32838ab2-20ca-41d6-92df-825cae11c8c2","properties":{"id":"UUID_32838ab2-20ca-41d6-92df-825cae11c8c2","height_m":9.567,"ground_m":134.31,"height_source":"LoD1 solid top minus bottom","production":"2024","laser":"2016","footprints":"2022"},"geometry":{"type":"Polygon","coordinates":[[[13.781970858144618,51.06733681469207],[13.781976225944275,51.067338938978914],[13.781958016018725,51.06735844349065],[13.781959625506207,51.067367812797514],[13.781965985033587,51.06737021720437],[13.782002366204477,51.06733050633251],[13.781988737741363,51.06732554416035],[13.781983761440404,51.06732372970977],[13.781973349888723,51.06733432266863],[13.781970858144618,51.06733681469207]]]}},{"type":"Feature","id":"UUID_8a84b64b-0458-4bc7-9b23-11062bcbb9ee","properties":{"id":"UUID_8a84b64b-0458-4bc7-9b23-11062bcbb9ee","height_m":13.805,"ground_m":134.31,"height_source":"LoD1 solid top minus bottom","production":"2024","laser":"2016","footprints":"2022"},"geometry":{"type":"Polygon","coordinates":[[[13.782095466290105,51.06746698029943],[13.782103240906451,51.06746984908492],[13.782135214857352,51.067434372832444],[13.782135002715199,51.06743429867942],[13.782160573440532,51.06740623772772],[13.782152999395281,51.06739572713787],[13.782087551111813,51.06746402911337],[13.782095466290105,51.06746698029943]]]}},{"type":"Feature","id":"UUID_a8fd7bb4-d6d8-4658-9be0-db26c83fd710","properties":{"id":"UUID_a8fd7bb4-d6d8-4658-9be0-db26c83fd710","height_m":13.232,"ground_m":133.616,"height_source":"LoD1 solid top minus bottom","production":"2024","laser":"2016","footprints":"2022"},"geometry":{"type":"Polygon","coordinates":[[[13.783461018509374,51.06741978036426],[13.783461007069171,51.06741967233134],[13.78358243645261,51.067415918145926],[13.783571437599022,51.06727470632863],[13.783516301823319,51.067276380703476],[13.78342984008597,51.067279059935764],[13.783429838436003,51.067279122868335],[13.783437994712534,51.06738338958655],[13.783440880843767,51.067420290189645],[13.783461018509374,51.06741978036426]]]}},{"type":"Feature","id":"UUID_6b1458c4-dd9e-4bc6-b8c6-684914ad2bb1","properties":{"id":"UUID_6b1458c4-dd9e-4bc6-b8c6-684914ad2bb1","height_m":8.557,"ground_m":133.616,"height_source":"LoD1 solid top minus bottom","production":"2024","laser":"2016","footprints":"2022"},"geometry":{"type":"Polygon","coordinates":[[[13.783461018509374,51.06741978036426],[13.783462507000364,51.067439220348426],[13.783520354017455,51.06743757421634],[13.783519616830516,51.06742758451353],[13.783583180723365,51.067425638137436],[13.78358243645261,51.067415918145926],[13.783461007069171,51.06741967233134],[13.783461018509374,51.06741978036426]]]}},{"type":"Feature","id":"UUID_88be5098-be9e-4ded-8463-6e40a84e8b1b","properties":{"id":"UUID_88be5098-be9e-4ded-8463-6e40a84e8b1b","height_m":12.052,"ground_m":133.616,"height_source":"LoD1 solid top minus bottom","production":"2024","laser":"2016","footprints":"2022"},"geometry":{"type":"Polygon","coordinates":[[[13.783369444274317,51.06732512201031],[13.783396012211012,51.067324319416436],[13.783399187292728,51.06736652879266],[13.783413569396851,51.067384124563766],[13.783437994712534,51.06738338958655],[13.78342984008597,51.067279059935764],[13.783420598391912,51.067279341441136],[13.783366173680047,51.06728111307457],[13.783369444274317,51.06732512201031]]]}},{"type":"Feature","id":"DESNATP1Ak0000R5","properties":{"id":"DESNATP1Ak0000R5","height_m":3.811,"ground_m":145.353,"height_source":"LoD1 solid top minus bottom","production":"2024","laser":"2016","footprints":"2022"},"geometry":{"type":"Polygon","coordinates":[[[13.784800000947962,51.071735863398985],[13.784776947120074,51.071757719059235],[13.784859374722451,51.071792209122975],[13.784882414259197,51.0717703532981],[13.784800000947962,51.071735863398985]]]}},{"type":"Feature","id":"DESNATPU1000Jc1J","properties":{"id":"DESNATPU1000Jc1J","height_m":6.532,"ground_m":136.939,"height_source":"LoD1 solid top minus bottom","production":"2024","laser":"2016","footprints":"2022"},"geometry":{"type":"Polygon","coordinates":[[[13.781450870545834,51.06914812429258],[13.781417883083893,51.06913788828121],[13.781397456270716,51.06916024729283],[13.781408449672,51.06919273605581],[13.781443445328247,51.0692080289845],[13.781448906118936,51.06922292406657],[13.781524701847838,51.06921184371875],[13.781531254621791,51.06922863867243],[13.781539853919433,51.0692272894658],[13.781540667575186,51.069228916655206],[13.781607010207903,51.069219086632],[13.781583452201017,51.06915957838447],[13.781562669810596,51.06916286894195],[13.781550340142468,51.069132344683965],[13.781450870545834,51.06914812429258]]]}},{"type":"Feature","id":"DESNATPU1000GiwN","properties":{"id":"DESNATPU1000GiwN","height_m":11.405,"ground_m":135.421,"height_source":"LoD1 solid top minus bottom","production":"2024","laser":"2016","footprints":"2022"},"geometry":{"type":"Polygon","coordinates":[[[13.782726864211309,51.06793021315087],[13.782755533921401,51.06796900099786],[13.782738417228385,51.067974038574164],[13.782736157799716,51.06798399707353],[13.782746353527324,51.067997952198425],[13.7827658216415,51.06800121250333],[13.78277689590523,51.06799800048892],[13.782789984334626,51.06801594257544],[13.7827973180435,51.06801386067155],[13.782811788560824,51.06803352578422],[13.782987083996543,51.06798355250144],[13.78297054147943,51.06796125791824],[13.782960759608136,51.067947846691524],[13.78298089629966,51.067941941246104],[13.782964770074084,51.06792010063746],[13.782944776078198,51.067926007565944],[13.782910358586918,51.067877807381656],[13.782726864211309,51.06793021315087]]]}},{"type":"Feature","id":"UUID_b7b8159f-6a98-4096-ac95-9f5c193ed087","properties":{"id":"UUID_b7b8159f-6a98-4096-ac95-9f5c193ed087","height_m":8.504,"ground_m":139.484,"height_source":"LoD1 solid top minus bottom","production":"2024","laser":"2016","footprints":"2022"},"geometry":{"type":"Polygon","coordinates":[[[13.781550380343157,51.07269026296314],[13.781550182212218,51.0726901979481],[13.781355672219203,51.07292207325586],[13.781646324125626,51.07301883528362],[13.78194212435095,51.072666207416866],[13.78165178559571,51.07256953930565],[13.781647703831064,51.072574406836246],[13.781550380343157,51.07269026296314]]]}},{"type":"Feature","id":"UUID_727e43c5-85ea-44ef-9cc2-48beb3308eb0","properties":{"id":"UUID_727e43c5-85ea-44ef-9cc2-48beb3308eb0","height_m":3.663,"ground_m":139.484,"height_source":"LoD1 solid top minus bottom","production":"2024","laser":"2016","footprints":"2022"},"geometry":{"type":"Polygon","coordinates":[[[13.781647703831064,51.072574406836246],[13.78134446095255,51.072473448770076],[13.781247250144993,51.072589341794476],[13.781550182212218,51.0726901979481],[13.781550380343157,51.07269026296314],[13.781647703831064,51.072574406836246]]]}},{"type":"Feature","id":"DESNATPU1000BIkU","properties":{"id":"DESNATPU1000BIkU","height_m":2.234,"ground_m":134.564,"height_source":"LoD1 solid top minus bottom","production":"2024","laser":"2016","footprints":"2022"},"geometry":{"type":"Polygon","coordinates":[[[13.785614658161796,51.06746133090793],[13.785414411764501,51.06753775751399],[13.785451502039034,51.067576632197266],[13.785651748545192,51.06750020552889],[13.785614658161796,51.06746133090793]]]}},{"type":"Feature","id":"DESNATPU1000Dxlv","properties":{"id":"DESNATPU1000Dxlv","height_m":7.325,"ground_m":134.875,"height_source":"LoD1 solid top minus bottom","production":"2024","laser":"2016","footprints":"2022"},"geometry":{"type":"Polygon","coordinates":[[[13.77767289524529,51.06963151913609],[13.778112680846862,51.06972262836273],[13.778163177991544,51.069626213636965],[13.777724135674696,51.06953942892276],[13.77767289524529,51.06963151913609]]]}},{"type":"Feature","id":"UUID_fce8b9e6-80c4-438b-8245-efbc1b2821dd","properties":{"id":"UUID_fce8b9e6-80c4-438b-8245-efbc1b2821dd","height_m":19.702,"ground_m":132.931,"height_source":"LoD1 solid top minus bottom","production":"2024","laser":"2016","footprints":"2022"},"geometry":{"type":"Polygon","coordinates":[[[13.777825617267078,51.068376072542506],[13.777795830451531,51.068378216115406],[13.77781422991747,51.06848164611528],[13.777860684534701,51.06847907430021],[13.777825617267078,51.068376072542506]]]}},{"type":"Feature","id":"UUID_1064961f-0225-44a2-8aec-2a3b5484a4ba","properties":{"id":"UUID_1064961f-0225-44a2-8aec-2a3b5484a4ba","height_m":19.665,"ground_m":132.931,"height_source":"LoD1 solid top minus bottom","production":"2024","laser":"2016","footprints":"2022"},"geometry":{"type":"Polygon","coordinates":[[[13.777846023302025,51.06837460425726],[13.777825617267078,51.068376072542506],[13.777860684534701,51.06847907430021],[13.777866646177726,51.06849658271141],[13.777885910861878,51.06849401435346],[13.777846023302025,51.06837460425726]]]}},{"type":"Feature","id":"UUID_08474d0c-c494-4585-b34f-52fe58e1c1ca","properties":{"id":"UUID_08474d0c-c494-4585-b34f-52fe58e1c1ca","height_m":19.804,"ground_m":132.931,"height_source":"LoD1 solid top minus bottom","production":"2024","laser":"2016","footprints":"2022"},"geometry":{"type":"Polygon","coordinates":[[[13.777837146710484,51.06834800959243],[13.777836731254352,51.068348068198034],[13.777846023302025,51.06837460425726],[13.777885910861878,51.06849401435346],[13.778064879125749,51.068470148034756],[13.777998103629013,51.068230870335164],[13.777990714455123,51.06820795131139],[13.777995011690697,51.06820736674147],[13.77797583481021,51.06814970210734],[13.777971394891214,51.06815028518479],[13.777962916325546,51.06812537634797],[13.777956695359999,51.068106876018724],[13.777765058365013,51.06813221041492],[13.777771276889068,51.06815080065725],[13.777779612667416,51.068175708015126],[13.777779584129693,51.0681757077167],[13.777837146710484,51.06834800959243]]]}},{"type":"Feature","id":"UUID_16e20fa4-5a3e-473b-9a5c-988a2a841658","properties":{"id":"UUID_16e20fa4-5a3e-473b-9a5c-988a2a841658","height_m":11.438,"ground_m":132.931,"height_source":"LoD1 solid top minus bottom","production":"2024","laser":"2016","footprints":"2022"},"geometry":{"type":"Polygon","coordinates":[[[13.777831860879207,51.068348736697445],[13.777836731254352,51.068348068198034],[13.777837146710484,51.06834800959243],[13.777790432792163,51.06820816834331],[13.777779584129693,51.0681757077167],[13.777775172743592,51.06817629108506],[13.777777385319235,51.06818440776241],[13.777785462549005,51.068208835796455],[13.777829600926026,51.068342418090566],[13.7778305216049,51.06834539534906],[13.777831860879207,51.068348736697445]]]}},{"type":"Feature","id":"DESNATPU1000GnaR","properties":{"id":"DESNATPU1000GnaR","height_m":7.73,"ground_m":166.061,"height_source":"LoD1 solid top minus bottom","production":"2024","laser":"2016","footprints":"2022"},"geometry":{"type":"Polygon","coordinates":[[[13.793312256204636,51.07367468924544],[13.79344305100899,51.07374447466784],[13.793461073971102,51.07373207078045],[13.793476818296059,51.07371946351399],[13.793482960924942,51.07371489562447],[13.793516120618694,51.073690192935835],[13.793328303878651,51.073590052769276],[13.793295231886637,51.07361467537528],[13.793255521961987,51.07364424742706],[13.793289448801287,51.07366249336197],[13.793312256204636,51.07367468924544]]]}},{"type":"Feature","id":"DESNATPU1000CPZf","properties":{"id":"DESNATPU1000CPZf","height_m":18.832,"ground_m":168.088,"height_source":"LoD1 solid top minus bottom","production":"2024","laser":"2016","footprints":"2022"},"geometry":{"type":"Polygon","coordinates":[[[13.791373551910281,51.074850612063734],[13.79134036667628,51.074902517113706],[13.791328160832533,51.07492172542926],[13.791297057768842,51.07497041458778],[13.79144170873773,51.07500698221294],[13.791472673649537,51.074958111732236],[13.791484017858977,51.074961016789935],[13.791497564250902,51.07493966404539],[13.791486360413792,51.074936850368346],[13.791518059859134,51.07488717811743],[13.791373551910281,51.074850612063734]]]}},{"type":"Feature","id":"DESNATP1Ak0000Qn","properties":{"id":"DESNATP1Ak0000Qn","height_m":9.421,"ground_m":136.388,"height_source":"LoD1 solid top minus bottom","production":"2024","laser":"2016","footprints":"2022"},"geometry":{"type":"Polygon","coordinates":[[[13.78494971431284,51.06818241599024],[13.784879129128768,51.068045854676505],[13.784807854032271,51.06806045542004],[13.784878137732239,51.06819707659264],[13.78494971431284,51.06818241599024]]]}},{"type":"Feature","id":"DESNATPU1000EHJ2","properties":{"id":"DESNATPU1000EHJ2","height_m":2.505,"ground_m":134.448,"height_source":"LoD1 solid top minus bottom","production":"2024","laser":"2016","footprints":"2022"},"geometry":{"type":"Polygon","coordinates":[[[13.788905345851617,51.06788216539733],[13.788951400108127,51.067927696592754],[13.789023663647512,51.06789867909177],[13.788977609347922,51.06785314792432],[13.788905345851617,51.06788216539733]]]}},{"type":"Feature","id":"DESNATPU1000JF7u","properties":{"id":"DESNATPU1000JF7u","height_m":18.142,"ground_m":135.425,"height_source":"LoD1 solid top minus bottom","production":"2024","laser":"2016","footprints":"2022"},"geometry":{"type":"Polygon","coordinates":[[[13.7727092514606,51.07051035288418],[13.772731757683637,51.07053637162236],[13.772777947686565,51.07058976137946],[13.77286265888975,51.070560165100616],[13.772875406441571,51.070574687449785],[13.772876804918472,51.07058657265813],[13.772904911198632,51.07058165189438],[13.772933864069792,51.070566308336936],[13.772919056973217,51.07055949820029],[13.77290645210738,51.07054497735385],[13.772988240286649,51.07051795821599],[13.772946665864058,51.070469760891335],[13.77292652973689,51.070446410966326],[13.77291967460631,51.07043846128658],[13.772902377446034,51.07041840555616],[13.772692080413304,51.070490388375056],[13.7727092514606,51.07051035288418]]]}},{"type":"Feature","id":"UUID_9d248e77-2674-4bea-9193-6bd92c796505","properties":{"id":"UUID_9d248e77-2674-4bea-9193-6bd92c796505","height_m":15.536,"ground_m":124.001,"height_source":"LoD1 solid top minus bottom","production":"2024","laser":"2016","footprints":"2022"},"geometry":{"type":"Polygon","coordinates":[[[13.774780869930831,51.06853246944526],[13.77478018810714,51.068532345391326],[13.774756587226188,51.06858290745197],[13.774980426587781,51.06862464224554],[13.77499676277299,51.06858974144517],[13.77504941695677,51.068477235493624],[13.775048550586302,51.06847707353589],[13.774982080989274,51.06846466824514],[13.774895741532015,51.068448556443336],[13.77489572678834,51.06844857427445],[13.774827411334703,51.06843580782066],[13.77479867424609,51.068497107441544],[13.77479796412237,51.068496974098245],[13.774780869930831,51.06853246944526]]]}},{"type":"Feature","id":"UUID_182a9ea3-e496-46c1-afc5-5081cd3055ef","properties":{"id":"UUID_182a9ea3-e496-46c1-afc5-5081cd3055ef","height_m":14.069,"ground_m":124.001,"height_source":"LoD1 solid top minus bottom","production":"2024","laser":"2016","footprints":"2022"},"geometry":{"type":"Polygon","coordinates":[[[13.77499676277299,51.06858974144517],[13.775008974752435,51.06859211763983],[13.775061944012883,51.06847957002083],[13.77504941695677,51.068477235493624],[13.77499676277299,51.06858974144517]]]}},{"type":"Feature","id":"UUID_b3372df4-1395-4274-9bf4-5925679262d2","properties":{"id":"UUID_b3372df4-1395-4274-9bf4-5925679262d2","height_m":10.271,"ground_m":124.001,"height_source":"LoD1 solid top minus bottom","production":"2024","laser":"2016","footprints":"2022"},"geometry":{"type":"Polygon","coordinates":[[[13.774982080989274,51.06846466824514],[13.774987062458706,51.0684543876992],[13.77490071088614,51.06843819483858],[13.774895741532015,51.068448556443336],[13.774982080989274,51.06846466824514]]]}},{"type":"Feature","id":"UUID_91586d59-743e-4332-b585-f3e9cdd0dd48","properties":{"id":"UUID_91586d59-743e-4332-b585-f3e9cdd0dd48","height_m":15.209,"ground_m":124.001,"height_source":"LoD1 solid top minus bottom","production":"2024","laser":"2016","footprints":"2022"},"geometry":{"type":"Polygon","coordinates":[[[13.774763709713216,51.06852938488],[13.77478018810714,51.068532345391326],[13.774780869930831,51.06853246944526],[13.77479796412237,51.068496974098245],[13.774780350396624,51.06849376787483],[13.774763709713216,51.06852938488]]]}},{"type":"Feature","id":"UUID_4623ddad-830d-47fc-9d80-50ed5c99736b","properties":{"id":"UUID_4623ddad-830d-47fc-9d80-50ed5c99736b","height_m":13.314,"ground_m":124.001,"height_source":"LoD1 solid top minus bottom","production":"2024","laser":"2016","footprints":"2022"},"geometry":{"type":"Polygon","coordinates":[[[13.775038158681436,51.068530103226045],[13.775055911806195,51.06853343677092],[13.775079655025326,51.0684828761424],[13.775061944012883,51.06847957002083],[13.775038158681436,51.068530103226045]]]}},{"type":"Feature","id":"DESNATPU1000DZvc","properties":{"id":"DESNATPU1000DZvc","height_m":3.558,"ground_m":140.366,"height_source":"LoD1 solid top minus bottom","production":"2024","laser":"2016","footprints":"2022"},"geometry":{"type":"Polygon","coordinates":[[[13.78479909999569,51.06982201229103],[13.784792888315971,51.06975944764088],[13.784703446579185,51.06976292418766],[13.784709515444545,51.06982548735806],[13.78479909999569,51.06982201229103]]]}},{"type":"Feature","id":"DESNATPU1000InKj","properties":{"id":"DESNATPU1000InKj","height_m":12.074,"ground_m":134.018,"height_source":"LoD1 solid top minus bottom","production":"2024","laser":"2016","footprints":"2022"},"geometry":{"type":"Polygon","coordinates":[[[13.780047174844379,51.06856923631818],[13.779954344579531,51.06858332135625],[13.779965448797391,51.06861698048561],[13.779954849544202,51.06861839862859],[13.7799590208506,51.06863346018021],[13.779965037676297,51.06864890070822],[13.779965684937444,51.06865142545422],[13.779976424524168,51.06865009870326],[13.779989034541728,51.06868620160905],[13.780066523097402,51.06867585930314],[13.780168931899494,51.06866226982519],[13.780147377611707,51.068597746206926],[13.780133470504124,51.06855614416007],[13.780047174844379,51.06856923631818]]]}},{"type":"Feature","id":"DESNATPU1000JcY8","properties":{"id":"DESNATPU1000JcY8","height_m":18.747,"ground_m":165.156,"height_source":"LoD1 solid top minus bottom","production":"2024","laser":"2016","footprints":"2022"},"geometry":{"type":"Polygon","coordinates":[[[13.789992287209177,51.07380106989035],[13.79006637842528,51.07382818577235],[13.790061388056483,51.07383343987131],[13.790093767756243,51.0738452858302],[13.790098173227616,51.073840565243984],[13.790168587017648,51.07386638400274],[13.790248203499942,51.07378015767366],[13.790175815350585,51.07375341924636],[13.790148240817823,51.07374342160733],[13.790071466405,51.07371519886547],[13.789992287209177,51.07380106989035]]]}},{"type":"Feature","id":"DESNATPU1000Jh1x","properties":{"id":"DESNATPU1000Jh1x","height_m":2.409,"ground_m":142.479,"height_source":"LoD1 solid top minus bottom","production":"2024","laser":"2016","footprints":"2022"},"geometry":{"type":"Polygon","coordinates":[[[13.7839176826119,51.07067858355229],[13.783911987845045,51.070732481193154],[13.783997682647449,51.07073589073232],[13.784002944512826,51.07068216844032],[13.7839176826119,51.07067858355229]]]}},{"type":"Feature","id":"UUID_540a8e4f-aedd-4b2f-8634-ed24961f60a6","properties":{"id":"UUID_540a8e4f-aedd-4b2f-8634-ed24961f60a6","height_m":3.483,"ground_m":133.991,"height_source":"LoD1 solid top minus bottom","production":"2024","laser":"2016","footprints":"2022"},"geometry":{"type":"Polygon","coordinates":[[[13.780321410804728,51.068693177644946],[13.780330150123406,51.068719078234565],[13.780374980007277,51.06871316112213],[13.780366385718045,51.06868717212105],[13.780366372157957,51.0686871450011],[13.780321384393572,51.06869309643396],[13.780321410804728,51.068693177644946]]]}},{"type":"Feature","id":"UUID_13de4432-a484-42f6-952e-5ec250e5f9b3","properties":{"id":"UUID_13de4432-a484-42f6-952e-5ec250e5f9b3","height_m":9.253,"ground_m":133.991,"height_source":"LoD1 solid top minus bottom","production":"2024","laser":"2016","footprints":"2022"},"geometry":{"type":"Polygon","coordinates":[[[13.780082795241078,51.06872468029785],[13.780185273837395,51.06871115448348],[13.780168931899494,51.06866226982519],[13.780066523097402,51.06867585930314],[13.780082795241078,51.06872468029785]]]}},{"type":"Feature","id":"UUID_49f19006-9a7d-4f63-b4aa-7b27440c4871","properties":{"id":"UUID_49f19006-9a7d-4f63-b4aa-7b27440c4871","height_m":9.341,"ground_m":133.991,"height_source":"LoD1 solid top minus bottom","production":"2024","laser":"2016","footprints":"2022"},"geometry":{"type":"Polygon","coordinates":[[[13.780168931899494,51.06866226982519],[13.780185273837395,51.06871115448348],[13.780321410804728,51.068693177644946],[13.780321384393572,51.06869309643396],[13.780366372157957,51.0686871450011],[13.780366385718045,51.06868717212105],[13.78042725831973,51.06867908425465],[13.780389564364024,51.06856556126192],[13.780147363342703,51.068597746058],[13.780166232318528,51.06865420206971],[13.780168931899494,51.06866226982519]]]}},{"type":"Feature","id":"DESNATPU1000IF5x","properties":{"id":"DESNATPU1000IF5x","height_m":19.155,"ground_m":164.217,"height_source":"LoD1 solid top minus bottom","production":"2024","laser":"2016","footprints":"2022"},"geometry":{"type":"Polygon","coordinates":[[[13.78939459278886,51.075338945799395],[13.789391319406722,51.07534403779581],[13.789425218593193,51.075352392477306],[13.789428346914802,51.07534738890569],[13.789504366272277,51.07536634164654],[13.789562912668364,51.07527261341797],[13.789482918645625,51.07525281019998],[13.789453417753956,51.07524549029382],[13.789370583685193,51.07522511801759],[13.789355686138219,51.075248974509456],[13.789312612501218,51.075318672253445],[13.78939459278886,51.075338945799395]]]}},{"type":"Feature","id":"DESNATPU1000BaoE","properties":{"id":"DESNATPU1000BaoE","height_m":8.89,"ground_m":144.149,"height_source":"LoD1 solid top minus bottom","production":"2024","laser":"2016","footprints":"2022"},"geometry":{"type":"Polygon","coordinates":[[[13.786535485454046,51.070491761191676],[13.786565275462914,51.07051518199019],[13.786593517003142,51.070537777352705],[13.7867132706132,51.070477779421864],[13.786689777271354,51.07045919021439],[13.786700190101456,51.070453992543456],[13.786678799600221,51.07043686401192],[13.786562601548574,51.07048098153984],[13.786552766535824,51.07048591541283],[13.786535485454046,51.070491761191676]]]}},{"type":"Feature","id":"UUID_b12c6634-8400-4d06-a399-582c89944750","properties":{"id":"UUID_b12c6634-8400-4d06-a399-582c89944750","height_m":13.014,"ground_m":136.428,"height_source":"LoD1 solid top minus bottom","production":"2024","laser":"2016","footprints":"2022"},"geometry":{"type":"Polygon","coordinates":[[[13.782608994152948,51.0687888789199],[13.782619352803701,51.068785749394856],[13.78263363017709,51.06876926138354],[13.782683643885672,51.068750717502695],[13.782621859974283,51.068683662050304],[13.782581920021618,51.06864030534386],[13.782566933980414,51.06864572480043],[13.782548630674471,51.06865245862538],[13.782543584616521,51.06865438448574],[13.782540390019294,51.06865102386763],[13.782495983749856,51.06866800738956],[13.782488217134672,51.06867026462176],[13.782491388139105,51.068674524277434],[13.782426842385409,51.06869750303403],[13.782452218698731,51.068725824972304],[13.782525615839923,51.06880774970346],[13.78258478095564,51.06878639650662],[13.782584933669517,51.06878655996798],[13.782608994152948,51.0687888789199]]]}},{"type":"Feature","id":"UUID_99bb7e70-d311-4470-9a99-d0073806148d","properties":{"id":"UUID_99bb7e70-d311-4470-9a99-d0073806148d","height_m":5.533,"ground_m":136.428,"height_source":"LoD1 solid top minus bottom","production":"2024","laser":"2016","footprints":"2022"},"geometry":{"type":"Polygon","coordinates":[[[13.78252585959378,51.06880770727835],[13.782584933669517,51.06878655996798],[13.78258478095564,51.06878639650662],[13.782525615839923,51.06880774970346],[13.782480604144606,51.068757505592686],[13.782452218698731,51.068725824972304],[13.782420810185016,51.06873700859978],[13.782449366373024,51.06876870899201],[13.782458672452206,51.06877903975939],[13.78249473642339,51.068818893897856],[13.78252585959378,51.06880770727835]]]}},{"type":"Feature","id":"DESNATPU1000JKht","properties":{"id":"DESNATPU1000JKht","height_m":9.745,"ground_m":140.917,"height_source":"LoD1 solid top minus bottom","production":"2024","laser":"2016","footprints":"2022"},"geometry":{"type":"Polygon","coordinates":[[[13.786322165570562,51.069228663836846],[13.786346301734262,51.0692281051025],[13.78634261651322,51.069167095547805],[13.786318480381237,51.069167654281614],[13.786317345824777,51.069151005791845],[13.786309493057981,51.06915110410712],[13.78629689534882,51.0691416207665],[13.78626147715203,51.069142422049005],[13.786247498803629,51.06913661142061],[13.78614681156048,51.06913898308079],[13.78613306765784,51.069146034599946],[13.78609879804825,51.06914657797711],[13.786089093417665,51.06915744842382],[13.786083949446795,51.06915766478469],[13.786084913788706,51.06916990502949],[13.786052347057776,51.06917082579126],[13.78605329907936,51.069185718789015],[13.786056998585112,51.06924398569358],[13.786089277630573,51.0692431518707],[13.786089915038747,51.06925152180913],[13.786166326247102,51.069249608525844],[13.786252449467076,51.06924745431797],[13.786323288371907,51.069245761845046],[13.786322165570562,51.069228663836846]]]}},{"type":"Feature","id":"UUID_6ac8a404-bc5b-42f1-9569-6c934a5fbe8b","properties":{"id":"UUID_6ac8a404-bc5b-42f1-9569-6c934a5fbe8b","height_m":8.976,"ground_m":136.628,"height_source":"LoD1 solid top minus bottom","production":"2024","laser":"2016","footprints":"2022"},"geometry":{"type":"Polygon","coordinates":[[[13.783892496417737,51.06855615167839],[13.783902715264947,51.06857033176037],[13.783976352234601,51.06854897555386],[13.783965872993047,51.06853492766149],[13.783892496417737,51.06855615167839]]]}},{"type":"Feature","id":"UUID_5d3f2731-f899-40cf-8afe-496943c59694","properties":{"id":"UUID_5d3f2731-f899-40cf-8afe-496943c59694","height_m":6.714,"ground_m":136.628,"height_source":"LoD1 solid top minus bottom","production":"2024","laser":"2016","footprints":"2022"},"geometry":{"type":"Polygon","coordinates":[[[13.783747728441691,51.068542460081595],[13.783769444311329,51.06853621122008],[13.783740330573787,51.06849634886392],[13.783718657761712,51.06850258917524],[13.783747728441691,51.068542460081595]]]}},{"type":"Feature","id":"UUID_6dabc9a7-981e-40ef-a418-ee92e92c286f","properties":{"id":"UUID_6dabc9a7-981e-40ef-a418-ee92e92c286f","height_m":14.087,"ground_m":136.628,"height_source":"LoD1 solid top minus bottom","production":"2024","laser":"2016","footprints":"2022"},"geometry":{"type":"Polygon","coordinates":[[[13.783851229820279,51.06845990383391],[13.783853851384496,51.06846334838187],[13.783818183893382,51.06847367871584],[13.78379085838137,51.068481577851536],[13.783746701460872,51.06849451767327],[13.783740402390062,51.068496331625596],[13.783740330573787,51.06849634886392],[13.783769444311329,51.06853621122008],[13.783773988125276,51.068542553473705],[13.783768290187364,51.06855301578099],[13.783780022949179,51.06856824580106],[13.783795895845913,51.068572547661184],[13.78380292561323,51.068582063267115],[13.783892523777604,51.06855619692715],[13.783892496417737,51.06855615167839],[13.783965872993047,51.06853492766149],[13.78397637183125,51.06853188940324],[13.783913679244941,51.06844607515724],[13.78390188678914,51.068449459663235],[13.78389509658707,51.06844714081029],[13.783851229820279,51.06845990383391]]]}},{"type":"Feature","id":"UUID_fa0fb5c5-d98d-4717-8a1b-3d333061e2ab","properties":{"id":"UUID_fa0fb5c5-d98d-4717-8a1b-3d333061e2ab","height_m":13.011,"ground_m":133.38,"height_source":"LoD1 solid top minus bottom","production":"2024","laser":"2016","footprints":"2022"},"geometry":{"type":"Polygon","coordinates":[[[13.789015033301345,51.06764966853471],[13.789015480325482,51.0676494933099],[13.788981183588836,51.06761447965278],[13.78898155833047,51.06761433965044],[13.788941089828423,51.06757354260414],[13.788852115435574,51.06760850201013],[13.788848777761766,51.06760514008271],[13.78878575452744,51.0676301165351],[13.788786853128526,51.06763122504313],[13.788834432659051,51.067679002312126],[13.788837892362896,51.06767768924007],[13.788908107620662,51.067749010411866],[13.789056060953815,51.06769092098822],[13.789015033301345,51.06764966853471]]]}},{"type":"Feature","id":"UUID_6be913c4-0c57-43cc-b6ad-c73f0ec80c29","properties":{"id":"UUID_6be913c4-0c57-43cc-b6ad-c73f0ec80c29","height_m":9.387,"ground_m":133.38,"height_source":"LoD1 solid top minus bottom","production":"2024","laser":"2016","footprints":"2022"},"geometry":{"type":"Polygon","coordinates":[[[13.78898155833047,51.06761433965044],[13.788981183588836,51.06761447965278],[13.788987189543525,51.06762060303848],[13.789015480325482,51.0676494933099],[13.789021952694398,51.0676470423797],[13.789045031409758,51.06763774910352],[13.78901673592372,51.06760903864682],[13.789010826562954,51.06760304216286],[13.788987324488533,51.06761215118957],[13.78898155833047,51.06761433965044]]]}},{"type":"Feature","id":"DESNATP1Ak0000RE","properties":{"id":"DESNATP1Ak0000RE","height_m":9.116,"ground_m":154.259,"height_source":"LoD1 solid top minus bottom","production":"2024","laser":"2016","footprints":"2022"},"geometry":{"type":"Polygon","coordinates":[[[13.788285164240053,51.07190761146818],[13.788234031894387,51.07188696446981],[13.788183113382882,51.071937371859626],[13.788304775890294,51.071986339991334],[13.788355706012506,51.07193603159047],[13.788292497378771,51.07191048425195],[13.788285164240053,51.07190761146818]]]}},{"type":"Feature","id":"UUID_ebabf688-072a-4b0b-8d62-656a47242237","properties":{"id":"UUID_ebabf688-072a-4b0b-8d62-656a47242237","height_m":3.572,"ground_m":157.575,"height_source":"LoD1 solid top minus bottom","production":"2024","laser":"2016","footprints":"2022"},"geometry":{"type":"Polygon","coordinates":[[[13.792664636647613,51.07134250702926],[13.792596080509442,51.07139348953889],[13.79278372518881,51.07149326047367],[13.792852416252078,51.0714425760111],[13.792664636647613,51.07134250702926]]]}},{"type":"Feature","id":"UUID_be4389a0-535f-43dc-8c5d-d19e73fc60ff","properties":{"id":"UUID_be4389a0-535f-43dc-8c5d-d19e73fc60ff","height_m":6.525,"ground_m":157.575,"height_source":"LoD1 solid top minus bottom","production":"2024","laser":"2016","footprints":"2022"},"geometry":{"type":"Polygon","coordinates":[[[13.79253157078312,51.07135919004722],[13.792308199491401,51.071525938130335],[13.792558353534863,51.071659547722675],[13.79278372518881,51.07149326047367],[13.79253157078312,51.07135919004722]]]}},{"type":"Feature","id":"UUID_1465df59-28ce-4d18-b68a-fab0b0fa833f","properties":{"id":"UUID_1465df59-28ce-4d18-b68a-fab0b0fa833f","height_m":6.842,"ground_m":157.575,"height_source":"LoD1 solid top minus bottom","production":"2024","laser":"2016","footprints":"2022"},"geometry":{"type":"Polygon","coordinates":[[[13.792457948845424,51.07165306084847],[13.79245530211952,51.07165164861287],[13.792492115871054,51.07162416921086],[13.792308199491401,51.071525938130335],[13.792268008610973,51.07155593653799],[13.792454921014377,51.071655322734],[13.792457948845424,51.07165306084847]]]}},{"type":"Feature","id":"UUID_5d43c8dd-245e-49bc-b8bc-ddcb14163ab1","properties":{"id":"UUID_5d43c8dd-245e-49bc-b8bc-ddcb14163ab1","height_m":3.29,"ground_m":157.575,"height_source":"LoD1 solid top minus bottom","production":"2024","laser":"2016","footprints":"2022"},"geometry":{"type":"Polygon","coordinates":[[[13.792772940837713,51.07153250161676],[13.792748142674688,51.071519511676506],[13.792558353534863,51.071659547722675],[13.792584144767645,51.07167332134255],[13.792772940837713,51.07153250161676]]]}},{"type":"Feature","id":"DESNATPU1000Bezi","properties":{"id":"DESNATPU1000Bezi","height_m":5.718,"ground_m":122.284,"height_source":"LoD1 solid top minus bottom","production":"2024","laser":"2016","footprints":"2022"},"geometry":{"type":"Polygon","coordinates":[[[13.774756150111212,51.06797678646486],[13.77452585806733,51.06793252852946],[13.774519140193906,51.06794640596691],[13.77452122773107,51.0679468055529],[13.774509588734562,51.067970838250055],[13.774737793409704,51.06801469663632],[13.774756150111212,51.06797678646486]]]}},{"type":"Feature","id":"DESNATPU1000FAd3","properties":{"id":"DESNATPU1000FAd3","height_m":9.203,"ground_m":135.685,"height_source":"LoD1 solid top minus bottom","production":"2024","laser":"2016","footprints":"2022"},"geometry":{"type":"Polygon","coordinates":[[[13.7809482636971,51.06797120881004],[13.78103287483166,51.06795590417389],[13.780992118914616,51.06786654012112],[13.780907652980488,51.0678817563137],[13.7809482636971,51.06797120881004]]]}},{"type":"Feature","id":"DESNATPU1000IEMm","properties":{"id":"DESNATPU1000IEMm","height_m":13.49,"ground_m":122.672,"height_source":"LoD1 solid top minus bottom","production":"2024","laser":"2016","footprints":"2022"},"geometry":{"type":"Polygon","coordinates":[[[13.774563553760874,51.06817458795062],[13.774565066121578,51.06817136638967],[13.774702109962293,51.06819744346667],[13.774700302499406,51.0682010306416],[13.774740919361278,51.06820873162458],[13.774742728957948,51.06820506353601],[13.774756077583456,51.06820763152943],[13.774812431540008,51.06808960689472],[13.774562487516006,51.068042022525475],[13.774542092054512,51.06808470446727],[13.774538258469306,51.06808394484771],[13.774524673343752,51.068111949956005],[13.77452893499577,51.068112714064135],[13.774506006918445,51.06815941621708],[13.774521341282709,51.06816245469889],[13.774519246293499,51.068166119791876],[13.774563553760874,51.06817458795062]]]}},{"type":"Feature","id":"DESNATP1Ak0000Py","properties":{"id":"DESNATP1Ak0000Py","height_m":2.626,"ground_m":120.688,"height_source":"LoD1 solid top minus bottom","production":"2024","laser":"2016","footprints":"2022"},"geometry":{"type":"Polygon","coordinates":[[[13.774682909882932,51.06741547785907],[13.774609051216212,51.06740243733002],[13.774576459870488,51.06747566594899],[13.77465031840649,51.06748871548955],[13.774682909882932,51.06741547785907]]]}},{"type":"Feature","id":"DESNATPU1000HUdI","properties":{"id":"DESNATPU1000HUdI","height_m":7.472,"ground_m":161.071,"height_source":"LoD1 solid top minus bottom","production":"2024","laser":"2016","footprints":"2022"},"geometry":{"type":"Polygon","coordinates":[[[13.790100579624951,51.073135284332416],[13.790239534580474,51.07312728012633],[13.790238442480215,51.073119894721515],[13.790225721075455,51.07303352203636],[13.790205696035938,51.072897703242795],[13.790066739418876,51.07290579731739],[13.790100579624951,51.073135284332416]]]}},{"type":"Feature","id":"UUID_14ab93e3-c1a6-45f5-8f0a-d7952e46dc01","properties":{"id":"UUID_14ab93e3-c1a6-45f5-8f0a-d7952e46dc01","height_m":12.785,"ground_m":134.666,"height_source":"LoD1 solid top minus bottom","production":"2024","laser":"2016","footprints":"2022"},"geometry":{"type":"Polygon","coordinates":[[[13.782077553381244,51.06749691959668],[13.782053539415442,51.06752221797043],[13.782073274673005,51.06752942902399],[13.782096919770023,51.06750404586726],[13.782077553381244,51.06749691959668]]]}},{"type":"Feature","id":"UUID_d0b01d5d-1904-4bb3-b30a-34a469621ab0","properties":{"id":"UUID_d0b01d5d-1904-4bb3-b30a-34a469621ab0","height_m":13.637,"ground_m":134.666,"height_source":"LoD1 solid top minus bottom","production":"2024","laser":"2016","footprints":"2022"},"geometry":{"type":"Polygon","coordinates":[[[13.781914282052414,51.06742597345321],[13.781887988294542,51.06745438652913],[13.78188256020321,51.067459995436195],[13.781961306251526,51.06748864886569],[13.782047686691907,51.06752007964138],[13.782053539415442,51.06752221797043],[13.782077553381244,51.06749691959668],[13.782103240906451,51.06746984908492],[13.782095466290105,51.06746698029943],[13.782011368663973,51.06743558233988],[13.781932924802629,51.06740629360256],[13.78192074198186,51.06741911630297],[13.781914282052414,51.06742597345321]]]}},{"type":"Feature","id":"UUID_1f84610a-a346-4625-8458-286a0f5a0d47","properties":{"id":"UUID_1f84610a-a346-4625-8458-286a0f5a0d47","height_m":2.731,"ground_m":140.251,"height_source":"LoD1 solid top minus bottom","production":"2024","laser":"2016","footprints":"2022"},"geometry":{"type":"Polygon","coordinates":[[[13.787675050221532,51.06885960997691],[13.787715092386838,51.06890579872013],[13.78794293676187,51.0688274960948],[13.7879028128126,51.068781153703654],[13.787845865043275,51.06880076998777],[13.787675050221532,51.06885960997691]]]}},{"type":"Feature","id":"UUID_ffab5146-91b9-4399-8cae-99825dfbceb5","properties":{"id":"UUID_ffab5146-91b9-4399-8cae-99825dfbceb5","height_m":2.344,"ground_m":140.251,"height_source":"LoD1 solid top minus bottom","production":"2024","laser":"2016","footprints":"2022"},"geometry":{"type":"Polygon","coordinates":[[[13.78781879646844,51.06868412223757],[13.78776190985339,51.068703586237135],[13.787845865043275,51.06880076998777],[13.7879028128126,51.068781153703654],[13.78781879646844,51.06868412223757]]]}},{"type":"Feature","id":"DESNATPU1000EhgJ","properties":{"id":"DESNATPU1000EhgJ","height_m":3.404,"ground_m":137.436,"height_source":"LoD1 solid top minus bottom","production":"2024","laser":"2016","footprints":"2022"},"geometry":{"type":"Polygon","coordinates":[[[13.780886778861019,51.069328123653364],[13.780853461459397,51.06925439473784],[13.780771860964299,51.0692691011567],[13.780804348077739,51.06934183222502],[13.780886778861019,51.069328123653364]]]}},{"type":"Feature","id":"DESNATPU1000FlNK","properties":{"id":"DESNATPU1000FlNK","height_m":6.664,"ground_m":133.728,"height_source":"LoD1 solid top minus bottom","production":"2024","laser":"2016","footprints":"2022"},"geometry":{"type":"Polygon","coordinates":[[[13.785103410381858,51.067407537715624],[13.785085853771593,51.067365070991535],[13.784940075522092,51.06736992254198],[13.784942166057842,51.067394737476896],[13.784846830123723,51.06741036509294],[13.78486202380246,51.06744713281874],[13.785103410381858,51.067407537715624]]]}},{"type":"Feature","id":"DESNATPU1000I4xS","properties":{"id":"DESNATPU1000I4xS","height_m":2.651,"ground_m":137.818,"height_source":"LoD1 solid top minus bottom","production":"2024","laser":"2016","footprints":"2022"},"geometry":{"type":"Polygon","coordinates":[[[13.78015248800455,51.071663981937675],[13.780107490097535,51.07158932158467],[13.780027767206853,51.07160845356991],[13.78007276736704,51.07168302404912],[13.78015248800455,51.071663981937675]]]}},{"type":"Feature","id":"DESNATP1Ak0000Qf","properties":{"id":"DESNATP1Ak0000Qf","height_m":3.449,"ground_m":141.12,"height_source":"LoD1 solid top minus bottom","production":"2024","laser":"2016","footprints":"2022"},"geometry":{"type":"Polygon","coordinates":[[[13.78756656461295,51.068718007934926],[13.787511610577965,51.068661871274585],[13.78739253869689,51.06870801916481],[13.787447193459487,51.06876413479072],[13.78756656461295,51.068718007934926]]]}},{"type":"Feature","id":"UUID_e87a411f-6897-48f3-8a8b-d457939d22f4","properties":{"id":"UUID_e87a411f-6897-48f3-8a8b-d457939d22f4","height_m":3.357,"ground_m":134.611,"height_source":"LoD1 solid top minus bottom","production":"2024","laser":"2016","footprints":"2022"},"geometry":{"type":"Polygon","coordinates":[[[13.7824673848366,51.06756256387148],[13.782467327290012,51.067562581257675],[13.78244129807082,51.06757004394002],[13.78246291674412,51.067600125304175],[13.782488978288598,51.06759251906857],[13.7824673848366,51.06756256387148]]]}},{"type":"Feature","id":"UUID_2bdece33-b330-496c-aed5-4cbe4cc7c60f","properties":{"id":"UUID_2bdece33-b330-496c-aed5-4cbe4cc7c60f","height_m":9.045,"ground_m":134.611,"height_source":"LoD1 solid top minus bottom","production":"2024","laser":"2016","footprints":"2022"},"geometry":{"type":"Polygon","coordinates":[[[13.782677768192322,51.067560186845235],[13.782660826214567,51.06753680891675],[13.78265545483171,51.06752937886016],[13.782664082085487,51.06752695072438],[13.782676882636187,51.06752321712976],[13.782659253182754,51.067498842830545],[13.782646452637428,51.067502576423266],[13.782633771237567,51.067485447911665],[13.782625386793343,51.06748786958134],[13.78260558291679,51.06749360756828],[13.78266502515971,51.067575872497464],[13.78268479286224,51.06756988232471],[13.782677768192322,51.067560186845235]]]}},{"type":"Feature","id":"UUID_ee1f2d6a-94c8-4d8e-90b9-907e4587f4d9","properties":{"id":"UUID_ee1f2d6a-94c8-4d8e-90b9-907e4587f4d9","height_m":11.249,"ground_m":134.611,"height_source":"LoD1 solid top minus bottom","production":"2024","laser":"2016","footprints":"2022"},"geometry":{"type":"Polygon","coordinates":[[[13.782488978288598,51.06759251906857],[13.78248909338183,51.06759248429617],[13.782510709737569,51.067622655555276],[13.782595981673657,51.067596808095324],[13.78266502515971,51.067575872497464],[13.78260558291679,51.06749360756828],[13.782594978149595,51.0674789287433],[13.782575276748569,51.06748456887143],[13.78256866126533,51.06748647838587],[13.782538461164926,51.06749515664103],[13.782538433571109,51.06749512038232],[13.782456205044744,51.06751867036244],[13.782439235891866,51.06752352957528],[13.782467327290012,51.067562581257675],[13.7824673848366,51.06756256387148],[13.782488978288598,51.06759251906857]]]}},{"type":"Feature","id":"UUID_de4aa13a-05c5-4c84-b907-64084ee32930","properties":{"id":"UUID_de4aa13a-05c5-4c84-b907-64084ee32930","height_m":11.962,"ground_m":134.611,"height_source":"LoD1 solid top minus bottom","production":"2024","laser":"2016","footprints":"2022"},"geometry":{"type":"Polygon","coordinates":[[[13.782445600319443,51.067503991524255],[13.782456205044744,51.06751867036244],[13.782538433571109,51.06749512038232],[13.78252991180086,51.06748373663496],[13.782527716090856,51.067480386420215],[13.782445600319443,51.067503991524255]]]}},{"type":"Feature","id":"DESNATPU1000I7lt","properties":{"id":"DESNATPU1000I7lt","height_m":9.772,"ground_m":154.198,"height_source":"LoD1 solid top minus bottom","production":"2024","laser":"2016","footprints":"2022"},"geometry":{"type":"Polygon","coordinates":[[[13.787418593976353,51.07261594533502],[13.787189230555544,51.07253865558654],[13.787105136102099,51.072637693113755],[13.787297571621847,51.07270245960949],[13.787328560387529,51.072712853061574],[13.787334499866814,51.07271498302835],[13.787373821191117,51.07266871828709],[13.787526919392562,51.07272030650682],[13.787611015452976,51.07262117876869],[13.787457917481381,51.072569590659846],[13.787418593976353,51.07261594533502]]]}},{"type":"Feature","id":"DESNATPU1000CPlY","properties":{"id":"DESNATPU1000CPlY","height_m":7.151,"ground_m":145.216,"height_source":"LoD1 solid top minus bottom","production":"2024","laser":"2016","footprints":"2022"},"geometry":{"type":"Polygon","coordinates":[[[13.784571257840005,51.07185534665981],[13.78458767888947,51.071862199071695],[13.78471457816022,51.07191544303842],[13.78476316772877,51.07186962624567],[13.784636155072176,51.071816354173656],[13.784619650295594,51.07180942895539],[13.784571257840005,51.07185534665981]]]}},{"type":"Feature","id":"UUID_41f60882-b1d9-42a8-ace1-d646edf3ae96","properties":{"id":"UUID_41f60882-b1d9-42a8-ace1-d646edf3ae96","height_m":12.612,"ground_m":134.482,"height_source":"LoD1 solid top minus bottom","production":"2024","laser":"2016","footprints":"2022"},"geometry":{"type":"Polygon","coordinates":[[[13.776423533194771,51.07018454518432],[13.776473215749013,51.07019440880614],[13.776509377859526,51.07012267390906],[13.776459966730513,51.07011280415071],[13.776423533194771,51.07018454518432]]]}},{"type":"Feature","id":"UUID_ff89a716-0e75-4212-a812-a4a652dd2590","properties":{"id":"UUID_ff89a716-0e75-4212-a812-a4a652dd2590","height_m":13.494,"ground_m":134.482,"height_source":"LoD1 solid top minus bottom","production":"2024","laser":"2016","footprints":"2022"},"geometry":{"type":"Polygon","coordinates":[[[13.776678313478474,51.070146654398364],[13.776636773705501,51.07022693019828],[13.776699559297459,51.070239502811894],[13.77673368942291,51.07015766562829],[13.776678313478474,51.070146654398364]]]}},{"type":"Feature","id":"UUID_5c0738d7-1b5c-45bc-a32f-46bfd4208ebd","properties":{"id":"UUID_5c0738d7-1b5c-45bc-a32f-46bfd4208ebd","height_m":13.172,"ground_m":134.482,"height_source":"LoD1 solid top minus bottom","production":"2024","laser":"2016","footprints":"2022"},"geometry":{"type":"Polygon","coordinates":[[[13.776532297736294,51.070216978729256],[13.776582560419698,51.070227037225976],[13.776587249467248,51.07021701434643],[13.776636773705501,51.07022693019828],[13.776659363256904,51.07018328166317],[13.776678313478474,51.070146654398364],[13.776681923041046,51.0701396777761],[13.776600864020768,51.07012291208448],[13.776517360287981,51.07010684017207],[13.776509377859526,51.07012267390906],[13.776495310510686,51.07015058425903],[13.776473215749013,51.07019440880614],[13.776536841728127,51.07020704426155],[13.776532297736294,51.070216978729256]]]}},{"type":"Feature","id":"DESNATPU1000GEEY","properties":{"id":"DESNATPU1000GEEY","height_m":18.816,"ground_m":159.843,"height_source":"LoD1 solid top minus bottom","production":"2024","laser":"2016","footprints":"2022"},"geometry":{"type":"Polygon","coordinates":[[[13.787856857032127,51.07407282960305],[13.78784876969921,51.07407094717458],[13.787878996014127,51.07402314910469],[13.787730935412654,51.073986181968436],[13.787700706621187,51.074034069903156],[13.787687296769063,51.074055603488354],[13.787654987751361,51.07410661731836],[13.787765309311492,51.0741347399279],[13.787802175984057,51.074144204998476],[13.787835221895492,51.07409229948968],[13.787843304533322,51.074094361726516],[13.787856857032127,51.07407282960305]]]}},{"type":"Feature","id":"DESNATPU1000CR14","properties":{"id":"DESNATPU1000CR14","height_m":15.293,"ground_m":149.006,"height_source":"LoD1 solid top minus bottom","production":"2024","laser":"2016","footprints":"2022"},"geometry":{"type":"Polygon","coordinates":[[[13.786950128779692,51.071496335699116],[13.787046898995635,51.071401026936435],[13.787052686033906,51.07139533159045],[13.787012276054716,51.0713795345316],[13.787006422365057,51.07138504932769],[13.786980145970276,51.071374614760735],[13.786986002012245,51.07136901006224],[13.786979353927084,51.07136669286657],[13.786972784389972,51.071372290160134],[13.786931544122302,51.07135549524716],[13.786936988525564,51.071349256782156],[13.786897572816518,51.07133364985824],[13.786891477166865,51.07133968372053],[13.78679529841288,51.07143474669648],[13.786872529916286,51.07146546737484],[13.786950128779692,51.071496335699116]]]}},{"type":"Feature","id":"UUID_2d919e69-ade1-442c-b4f5-c3b49db706bb","properties":{"id":"UUID_2d919e69-ade1-442c-b4f5-c3b49db706bb","height_m":9.532,"ground_m":134.693,"height_source":"LoD1 solid top minus bottom","production":"2024","laser":"2016","footprints":"2022"},"geometry":{"type":"Polygon","coordinates":[[[13.781842099698364,51.067582235838934],[13.781895097545162,51.06760221267045],[13.781931699492368,51.06761608334955],[13.781956321914949,51.06761328238684],[13.78196172195025,51.06760765519842],[13.781961594711856,51.067607608908354],[13.781837798267638,51.06756123773568],[13.781843421644473,51.06758081076505],[13.781842099698364,51.067582235838934]]]}},{"type":"Feature","id":"UUID_b53ab757-8fdf-450e-b1ab-6026da12d4a7","properties":{"id":"UUID_b53ab757-8fdf-450e-b1ab-6026da12d4a7","height_m":13.391,"ground_m":134.693,"height_source":"LoD1 solid top minus bottom","production":"2024","laser":"2016","footprints":"2022"},"geometry":{"type":"Polygon","coordinates":[[[13.781984036365799,51.06758349021379],[13.781984080351863,51.06758344570807],[13.782044223193997,51.06751881153392],[13.781962437361498,51.06748905633724],[13.78188256020321,51.067459995436195],[13.781852890205295,51.06749197044617],[13.781845821954073,51.067489378790434],[13.7818283352137,51.06748676847884],[13.781808325596677,51.0675095815542],[13.781818802882757,51.06751823393252],[13.781793842761553,51.06754477239435],[13.781801305348907,51.06754756600522],[13.781837798267638,51.06756123773568],[13.781961594711856,51.067607608908354],[13.78196172195025,51.06760765519842],[13.781973930515644,51.067594940676145],[13.781984036365799,51.06758349021379]]]}},{"type":"Feature","id":"UUID_b8db6fb2-9f28-469d-914a-ff1e0acbaa84","properties":{"id":"UUID_b8db6fb2-9f28-469d-914a-ff1e0acbaa84","height_m":9.138,"ground_m":134.693,"height_source":"LoD1 solid top minus bottom","production":"2024","laser":"2016","footprints":"2022"},"geometry":{"type":"Polygon","coordinates":[[[13.782044223193997,51.06751881153392],[13.781984080351863,51.06758344570807],[13.78198747180141,51.067584740044936],[13.782009951368847,51.06759288798207],[13.782050049431852,51.06754969064303],[13.782062207237695,51.067554133885004],[13.782082324041204,51.06753267080675],[13.782073274673005,51.06752942902399],[13.782047686927887,51.06752007065101],[13.782044223193997,51.06751881153392]]]}},{"type":"Feature","id":"DESNATPU1000C1OH","properties":{"id":"DESNATPU1000C1OH","height_m":6.322,"ground_m":145.961,"height_source":"LoD1 solid top minus bottom","production":"2024","laser":"2016","footprints":"2022"},"geometry":{"type":"Polygon","coordinates":[[[13.786726682922868,51.07075633613942],[13.786628425835106,51.07068202475598],[13.786491803642507,51.070753897839985],[13.786590060659723,51.0708282093369],[13.786726682922868,51.07075633613942]]]}},{"type":"Feature","id":"DESNATPU1000HJFa","properties":{"id":"DESNATPU1000HJFa","height_m":18.785,"ground_m":162.656,"height_source":"LoD1 solid top minus bottom","production":"2024","laser":"2016","footprints":"2022"},"geometry":{"type":"Polygon","coordinates":[[[13.78898896332911,51.074625571427426],[13.78901789761043,51.07463270572697],[13.789021477521837,51.074626807563625],[13.789105012181151,51.07464763699167],[13.789164875680635,51.074552663603406],[13.789081481526013,51.074531925600944],[13.78905227126701,51.07452442874553],[13.78897214073823,51.07450444389975],[13.788912129506617,51.074599595516666],[13.788992543243618,51.07461967326498],[13.78898896332911,51.074625571427426]]]}},{"type":"Feature","id":"DESNATPU1000DXn5","properties":{"id":"DESNATPU1000DXn5","height_m":14.362,"ground_m":126.638,"height_source":"LoD1 solid top minus bottom","production":"2024","laser":"2016","footprints":"2022"},"geometry":{"type":"Polygon","coordinates":[[[13.77654424278638,51.06916314506314],[13.776665721674691,51.069173409382984],[13.776697903612895,51.06917626419457],[13.776706406319882,51.06912986029228],[13.776735736770865,51.069132595321754],[13.776747000341118,51.06908433181801],[13.776740169638936,51.069078145211094],[13.776720661220805,51.069076412261005],[13.776730805072654,51.06903272337904],[13.776583430232566,51.06901940029989],[13.776578300462996,51.069019076821725],[13.77654424278638,51.06916314506314]]]}},{"type":"Feature","id":"DESNATP1Ak0000QJ","properties":{"id":"DESNATP1Ak0000QJ","height_m":9.627,"ground_m":138.639,"height_source":"LoD1 solid top minus bottom","production":"2024","laser":"2016","footprints":"2022"},"geometry":{"type":"Polygon","coordinates":[[[13.782449519373543,51.06975064539354],[13.782462634826741,51.06974853380889],[13.782465206100944,51.06975498146454],[13.782472407307955,51.06975360863295],[13.782468820791493,51.06974614320654],[13.782472709508802,51.06974318011264],[13.78247605575375,51.069740220360714],[13.782479224989414,51.06973693502347],[13.782482012726389,51.069733501827194],[13.782484255396154,51.069730170867],[13.78248622093528,51.0697265222714],[13.782474250154333,51.06972091195921],[13.782474424339103,51.06972025729794],[13.782474800896969,51.0697184176928],[13.78247494938096,51.06971656671908],[13.782474912599183,51.06971470482273],[13.782474661305192,51.06971285867754],[13.782474210004295,51.06971101944177],[13.782473543719407,51.0697092139379],[13.782472691225182,51.069707433472786],[13.782471637780453,51.069705695878554],[13.782470397418681,51.06970401029418],[13.782468428025894,51.069701822510815],[13.78246614140466,51.069699757322404],[13.782464251844804,51.069698334760055],[13.782462217468268,51.06969699162451],[13.782460038039142,51.06969573690614],[13.782457713085586,51.06969458858566],[13.782455285415658,51.06969354710898],[13.78245274075999,51.069692612327444],[13.782450093387927,51.06969178438968],[13.782447371366322,51.069691081573716],[13.782443551784322,51.06969032236052],[13.782439857795557,51.06968967236928],[13.782437012182543,51.06968932797834],[13.782434134727954,51.069689109155085],[13.78243122543177,51.0696890158995],[13.782428326866091,51.06968905764789],[13.782425439502747,51.069689216419526],[13.782421660597782,51.069689626695634],[13.782417961646644,51.069690253632096],[13.782415233483173,51.06969087269559],[13.78241257383527,51.06969160038653],[13.782409996500416,51.06969245483433],[13.782407530725079,51.0696934093652],[13.782405176037397,51.06969448195986],[13.782402251868755,51.069696043227076],[13.782399488673605,51.06969745329319],[13.782397588717421,51.069698602567264],[13.782395829331316,51.06969983424101],[13.782394196717796,51.06970113018507],[13.782392719179645,51.069702499687104],[13.78239096945749,51.06970445088684],[13.782389517032353,51.06970649511176],[13.782388648121673,51.069708059803155],[13.782387949735421,51.0697096532494],[13.782387421873622,51.069711275450494],[13.782387093310936,51.06971291771336],[13.782386920409024,51.06971515512375],[13.782386973221596,51.069717493806486],[13.782387238545544,51.069719349090846],[13.782387704112425,51.06972118847556],[13.782388586671395,51.06972345486663],[13.78238978457201,51.06972567058577],[13.782390952876797,51.06972738239882],[13.782392294065545,51.069729033063105],[13.782394254376964,51.06973102291117],[13.782389002235297,51.06973970921689],[13.78239124321573,51.06974188184517],[13.782393199639232,51.06974347596877],[13.782395315621152,51.069744972833504],[13.782397590925566,51.06974638142971],[13.782400026024332,51.06974768377666],[13.782402592614643,51.06974887058673],[13.782406096500848,51.069750238024184],[13.782409777046047,51.069751400467005],[13.782412726200883,51.069752150613986],[13.782415764275015,51.06975277578772],[13.78241886320153,51.069753257710204],[13.782421993969809,51.06975361406486],[13.782425171321046,51.0697538270196],[13.782429280428076,51.06975388780957],[13.782433031207482,51.06976216430188],[13.782440101161104,51.06976089801883],[13.782436566186561,51.06975310039408],[13.782449519373543,51.06975064539354]]]}},{"type":"Feature","id":"DESNATPU1000ISKd","properties":{"id":"DESNATPU1000ISKd","height_m":2.214,"ground_m":137.519,"height_source":"LoD1 solid top minus bottom","production":"2024","laser":"2016","footprints":"2022"},"geometry":{"type":"Polygon","coordinates":[[[13.781272988972136,51.071654636208585],[13.781119655288084,51.07181886486461],[13.781185955702385,51.071843387184956],[13.781239814298486,51.071863373258495],[13.781393147709702,51.07169914444416],[13.78133928687426,51.071679248345106],[13.781272988972136,51.071654636208585]]]}},{"type":"Feature","id":"DESNATPU1000Hp6G","properties":{"id":"DESNATPU1000Hp6G","height_m":11.095,"ground_m":139.669,"height_source":"LoD1 solid top minus bottom","production":"2024","laser":"2016","footprints":"2022"},"geometry":{"type":"Polygon","coordinates":[[[13.786354810373943,51.06862778809585],[13.786322967914424,51.06858193582111],[13.78629907405945,51.06858852225265],[13.786282609225426,51.06856482607431],[13.786253186942451,51.06855795579226],[13.786205743804578,51.06857105126488],[13.786195688735082,51.06855658531748],[13.786090105805252,51.06858574064858],[13.78612068420541,51.06862970935395],[13.786114393675224,51.06863447316642],[13.786136330870525,51.06866558232444],[13.786145348051058,51.06866516337957],[13.786157273867708,51.068682319625424],[13.786354810373943,51.06862778809585]]]}},{"type":"Feature","id":"DESNATPU1000FOdt","properties":{"id":"DESNATPU1000FOdt","height_m":2.903,"ground_m":162.908,"height_source":"LoD1 solid top minus bottom","production":"2024","laser":"2016","footprints":"2022"},"geometry":{"type":"Polygon","coordinates":[[[13.790484322219088,51.07335787095514],[13.790563386927815,51.07333108115094],[13.790519204679116,51.07327918513391],[13.790439999673302,51.07330588352835],[13.790484322219088,51.07335787095514]]]}},{"type":"Feature","id":"DESNATPU1000EiHC","properties":{"id":"DESNATPU1000EiHC","height_m":7.96,"ground_m":128.342,"height_source":"LoD1 solid top minus bottom","production":"2024","laser":"2016","footprints":"2022"},"geometry":{"type":"Polygon","coordinates":[[[13.77673552968954,51.06923789910331],[13.776761442717117,51.06924032857562],[13.776775090789156,51.069182827418025],[13.776697903612895,51.06917626419457],[13.776665721674691,51.069173409382984],[13.776658511217931,51.0692032800143],[13.77664284594498,51.06920194698801],[13.77662375356766,51.069281873202634],[13.7766388433583,51.06928338006452],[13.776631147899337,51.06931540389478],[13.776742512659478,51.069324932774684],[13.77675515482766,51.06926769087729],[13.776729379736599,51.06926544270371],[13.77673552968954,51.06923789910331]]]}},{"type":"Feature","id":"DESNATPU1000De1i","properties":{"id":"DESNATPU1000De1i","height_m":3.267,"ground_m":131.787,"height_source":"LoD1 solid top minus bottom","production":"2024","laser":"2016","footprints":"2022"},"geometry":{"type":"Polygon","coordinates":[[[13.777710300196802,51.06777273421516],[13.77774087150807,51.067863791499704],[13.77781549830605,51.06785369054691],[13.77778521459706,51.067762546361415],[13.777710300196802,51.06777273421516]]]}},{"type":"Feature","id":"DESNATPU1000HLcT","properties":{"id":"DESNATPU1000HLcT","height_m":2.613,"ground_m":144.105,"height_source":"LoD1 solid top minus bottom","production":"2024","laser":"2016","footprints":"2022"},"geometry":{"type":"Polygon","coordinates":[[[13.786998804871967,51.07035520330426],[13.78704454036197,51.070391109612274],[13.787072889509643,51.070376835441174],[13.78702744175329,51.07034084220203],[13.786998804871967,51.07035520330426]]]}},{"type":"Feature","id":"DESNATPU1000CmQH","properties":{"id":"DESNATPU1000CmQH","height_m":19.319,"ground_m":166.078,"height_source":"LoD1 solid top minus bottom","production":"2024","laser":"2016","footprints":"2022"},"geometry":{"type":"Polygon","coordinates":[[[13.790562914928694,51.07457019494734],[13.79057185168379,51.074572355760125],[13.790540280096025,51.07462256865104],[13.790689762737143,51.07465990663323],[13.790721638356702,51.074608977423736],[13.790734143845391,51.07458923270164],[13.790765572492033,51.07453901828014],[13.790766913115531,51.07453687387606],[13.790657587696662,51.07450876441812],[13.790618453204287,51.07449864729179],[13.790585403064918,51.07455082331439],[13.790576468657163,51.07454857259886],[13.790562914928694,51.07457019494734]]]}},{"type":"Feature","id":"DESNATP1Ak0000QM","properties":{"id":"DESNATP1Ak0000QM","height_m":8.563,"ground_m":138.12,"height_source":"LoD1 solid top minus bottom","production":"2024","laser":"2016","footprints":"2022"},"geometry":{"type":"Polygon","coordinates":[[[13.781909820485474,51.06980330468865],[13.7818241858283,51.06981778994536],[13.781865394993938,51.069914478544504],[13.78195101531231,51.06990000210061],[13.781909820485474,51.06980330468865]]]}},{"type":"Feature","id":"DESNATPU1000GQh9","properties":{"id":"DESNATPU1000GQh9","height_m":6.74,"ground_m":152.283,"height_source":"LoD1 solid top minus bottom","production":"2024","laser":"2016","footprints":"2022"},"geometry":{"type":"Polygon","coordinates":[[[13.785952218470586,51.072948386006544],[13.786262654994061,51.07306950568911],[13.786356651928692,51.07297398885216],[13.78641178784482,51.07291799654418],[13.786101494635552,51.07279687874085],[13.786046218142932,51.07285277951632],[13.785952218470586,51.072948386006544]]]}},{"type":"Feature","id":"DESNATPU1000IxBp","properties":{"id":"DESNATPU1000IxBp","height_m":13.45,"ground_m":136.85,"height_source":"LoD1 solid top minus bottom","production":"2024","laser":"2016","footprints":"2022"},"geometry":{"type":"Polygon","coordinates":[[[13.778755151166441,51.07094157492045],[13.778693037071864,51.07102923539388],[13.778838546169379,51.071070324098145],[13.778902588463108,51.07097989591908],[13.778755151166441,51.07094157492045]]]}},{"type":"Feature","id":"DESNATPU1000FsEF","properties":{"id":"DESNATPU1000FsEF","height_m":7.426,"ground_m":145.333,"height_source":"LoD1 solid top minus bottom","production":"2024","laser":"2016","footprints":"2022"},"geometry":{"type":"Polygon","coordinates":[[[13.78480000071248,51.07173587238933],[13.78487216396412,51.07176605608717],[13.784910418894741,51.07173005086777],[13.784920677395533,51.07172040930087],[13.784777448438172,51.07166010728707],[13.784767100533747,51.07166989179704],[13.784728855338686,51.07170606793478],[13.784745232842917,51.07171294685049],[13.78480000071248,51.07173587238933]]]}},{"type":"Feature","id":"DESNATPU1000Jc4i","properties":{"id":"DESNATPU1000Jc4i","height_m":18.819,"ground_m":162.656,"height_source":"LoD1 solid top minus bottom","production":"2024","laser":"2016","footprints":"2022"},"geometry":{"type":"Polygon","coordinates":[[[13.789105012181151,51.07464763699167],[13.789186703429765,51.07466799762403],[13.789183275631476,51.07467353765582],[13.789214053460634,51.0746811406436],[13.789217621618544,51.0746756919929],[13.789297752550503,51.07469567667254],[13.789357611028295,51.07460088299159],[13.789355056343958,51.07460031696373],[13.789276205472788,51.07458051644469],[13.789245429811439,51.07457283256016],[13.789164875680635,51.074552663603406],[13.789105012181151,51.07464763699167]]]}},{"type":"Feature","id":"DESNATPU1000GHcT","properties":{"id":"DESNATPU1000GHcT","height_m":10.632,"ground_m":141.271,"height_source":"LoD1 solid top minus bottom","production":"2024","laser":"2016","footprints":"2022"},"geometry":{"type":"Polygon","coordinates":[[[13.77845830713306,51.07205655005323],[13.778893671886,51.07230570372452],[13.779012314291714,51.0722233998575],[13.778576949658756,51.07197424662561],[13.77845830713306,51.07205655005323]]]}},{"type":"Feature","id":"DESNATPU1000Big5","properties":{"id":"DESNATPU1000Big5","height_m":13.112,"ground_m":137.362,"height_source":"LoD1 solid top minus bottom","production":"2024","laser":"2016","footprints":"2022"},"geometry":{"type":"Polygon","coordinates":[[[13.776626642012006,51.070568956012956],[13.776746172841785,51.07058828259239],[13.776739301159305,51.070605297034966],[13.77679189010956,51.07061376107735],[13.776831973967443,51.070620115813455],[13.77683884561832,51.07060310136526],[13.776903939697482,51.07061367463934],[13.776935374620487,51.07052578400965],[13.776893021916951,51.07051886599773],[13.776790826600658,51.07050250876167],[13.776784725312359,51.07051737299247],[13.776656240376681,51.0704966038128],[13.776626642012006,51.070568956012956]]]}},{"type":"Feature","id":"DESNATPU1000Bnmc","properties":{"id":"DESNATPU1000Bnmc","height_m":5.15,"ground_m":143.42,"height_source":"LoD1 solid top minus bottom","production":"2024","laser":"2016","footprints":"2022"},"geometry":{"type":"Polygon","coordinates":[[[13.787195720953417,51.06980589728467],[13.787201582723974,51.06988743300167],[13.78730358635048,51.06988390501929],[13.78729644015386,51.06980235598175],[13.787195720953417,51.06980589728467]]]}},{"type":"Feature","id":"DESNATPU1000ENm9","properties":{"id":"DESNATPU1000ENm9","height_m":2.999,"ground_m":136.133,"height_source":"LoD1 solid top minus bottom","production":"2024","laser":"2016","footprints":"2022"},"geometry":{"type":"Polygon","coordinates":[[[13.781386322079715,51.06850108343678],[13.781362214395704,51.06844785538565],[13.781263392021268,51.0684656739568],[13.781264509282245,51.06846823956741],[13.781240260966126,51.068472537094785],[13.781263406565712,51.0685232641285],[13.781386322079715,51.06850108343678]]]}},{"type":"Feature","id":"DESNATPU1000Dt8l","properties":{"id":"DESNATPU1000Dt8l","height_m":5.121,"ground_m":143.34,"height_source":"LoD1 solid top minus bottom","production":"2024","laser":"2016","footprints":"2022"},"geometry":{"type":"Polygon","coordinates":[[[13.786700755805816,51.070044825390816],[13.786800612334387,51.07004154534296],[13.786796555747287,51.06998925498816],[13.786696423345727,51.06999217245594],[13.786700755805816,51.070044825390816]]]}},{"type":"Feature","id":"UUID_09887f40-0027-4ac2-a3f2-ef1707474243","properties":{"id":"UUID_09887f40-0027-4ac2-a3f2-ef1707474243","height_m":2.401,"ground_m":137.769,"height_source":"LoD1 solid top minus bottom","production":"2024","laser":"2016","footprints":"2022"},"geometry":{"type":"Polygon","coordinates":[[[13.781719174224024,51.071084466813595],[13.781871808905281,51.07111195691928],[13.781879377536075,51.07109496743174],[13.781878198337212,51.07109475730073],[13.781907595335111,51.07102977581566],[13.781756297536718,51.07100247954557],[13.781719174224024,51.071084466813595]]]}},{"type":"Feature","id":"UUID_a8733804-a918-4f2f-9a79-9e0c3b3969d9","properties":{"id":"UUID_a8733804-a918-4f2f-9a79-9e0c3b3969d9","height_m":2.938,"ground_m":137.769,"height_source":"LoD1 solid top minus bottom","production":"2024","laser":"2016","footprints":"2022"},"geometry":{"type":"Polygon","coordinates":[[[13.781908672840078,51.07117358216955],[13.781939712693015,51.07110583002495],[13.781879377536075,51.07109496743174],[13.781871808905281,51.07111195691928],[13.781872320257136,51.07111205217653],[13.781849146732645,51.07116288986314],[13.781908672840078,51.07117358216955]]]}},{"type":"Feature","id":"DESNATPU1000EwRF","properties":{"id":"DESNATPU1000EwRF","height_m":3.452,"ground_m":121.897,"height_source":"LoD1 solid top minus bottom","production":"2024","laser":"2016","footprints":"2022"},"geometry":{"type":"Polygon","coordinates":[[[13.774571492977584,51.06774967025026],[13.774522075243318,51.06785364876436],[13.774752859840117,51.06789707553977],[13.774748177762577,51.06790682863839],[13.774837510492745,51.06792359243513],[13.774841298446855,51.067915268812875],[13.77487183149554,51.06792107448021],[13.77497306224805,51.067941290229875],[13.775000935783495,51.06788564699201],[13.775025506362114,51.0678361741804],[13.774571492977584,51.06774967025026]]]}},{"type":"Feature","id":"UUID_ffea0c66-14e0-4da6-84ed-6be2a6d8ec37","properties":{"id":"UUID_ffea0c66-14e0-4da6-84ed-6be2a6d8ec37","height_m":10.017,"ground_m":138.589,"height_source":"LoD1 solid top minus bottom","production":"2024","laser":"2016","footprints":"2022"},"geometry":{"type":"Polygon","coordinates":[[[13.783910248266311,51.069279493807095],[13.783910179512112,51.06927939417077],[13.783875776992456,51.06928935998595],[13.783888415820115,51.06930651488979],[13.783913584924022,51.06929922279203],[13.78391740907259,51.0692894604088],[13.783910248266311,51.069279493807095]]]}},{"type":"Feature","id":"UUID_9ab49738-9647-43da-b515-115bcca0e5b9","properties":{"id":"UUID_9ab49738-9647-43da-b515-115bcca0e5b9","height_m":13.267,"ground_m":138.589,"height_source":"LoD1 solid top minus bottom","production":"2024","laser":"2016","footprints":"2022"},"geometry":{"type":"Polygon","coordinates":[[[13.783797723733715,51.069311983129694],[13.783782967311556,51.06931626304335],[13.783783773117396,51.0693165591982],[13.78379805276319,51.069312499143905],[13.783803534232318,51.06932118928427],[13.783807280884517,51.069325275036576],[13.783819013603189,51.06932962374093],[13.783836172048089,51.069328453351865],[13.783852711287665,51.06932367939076],[13.78386335300492,51.06932064262903],[13.783878453532575,51.0693163033358],[13.783892688477382,51.0693123147474],[13.783888415820115,51.06930651488979],[13.783875776992456,51.06928935998595],[13.783797723733715,51.069311983129694]]]}},{"type":"Feature","id":"UUID_f6cfb224-0c67-4c70-8fee-7f6f8d43cd9e","properties":{"id":"UUID_f6cfb224-0c67-4c70-8fee-7f6f8d43cd9e","height_m":13.905,"ground_m":138.589,"height_source":"LoD1 solid top minus bottom","production":"2024","laser":"2016","footprints":"2022"},"geometry":{"type":"Polygon","coordinates":[[[13.783652541880732,51.069249743890786],[13.783680513843931,51.06928798466658],[13.783696770056732,51.06928311785407],[13.783696880204127,51.06928327187818],[13.783811602066054,51.069250265947026],[13.783889032447677,51.06922798703335],[13.783860655258888,51.0691894093571],[13.783783379297756,51.069211788779725],[13.783700868260242,51.0692356784251],[13.78368346581344,51.069240713166515],[13.783652541880732,51.069249743890786]]]}},{"type":"Feature","id":"UUID_b7af3f3f-dedf-409b-8697-73986b14f81d","properties":{"id":"UUID_b7af3f3f-dedf-409b-8697-73986b14f81d","height_m":13.963,"ground_m":138.589,"height_source":"LoD1 solid top minus bottom","production":"2024","laser":"2016","footprints":"2022"},"geometry":{"type":"Polygon","coordinates":[[[13.783782967311556,51.06931626304335],[13.783875776992456,51.06928935998595],[13.783910179512112,51.06927939417077],[13.783910248266311,51.069279493807095],[13.783938009376488,51.06927132939037],[13.783903428331524,51.06922384724029],[13.783889046009984,51.06922801415292],[13.783889032447677,51.06922798703335],[13.783696880204127,51.06928327187818],[13.783714545768886,51.06930740357902],[13.783731909918801,51.06933105552125],[13.783783097278457,51.069316750007815],[13.783783773117396,51.0693165591982],[13.783782967311556,51.06931626304335]]]}},{"type":"Feature","id":"UUID_a21f57c1-1ec0-4bab-b057-848446d43d95","properties":{"id":"UUID_a21f57c1-1ec0-4bab-b057-848446d43d95","height_m":7.472,"ground_m":141.225,"height_source":"LoD1 solid top minus bottom","production":"2024","laser":"2016","footprints":"2022"},"geometry":{"type":"Polygon","coordinates":[[[13.786706617482158,51.069220254127224],[13.786654481426789,51.06922175429348],[13.786597488892891,51.06922339286916],[13.786598646121993,51.06923917828074],[13.786600788623236,51.0692391195873],[13.786622071178146,51.06923852217906],[13.786655637029554,51.06923760263726],[13.786707771221986,51.069236174393616],[13.78670748184855,51.06923086562882],[13.786706617482158,51.069220254127224]]]}},{"type":"Feature","id":"UUID_346de597-f974-467b-b037-4418a752b16b","properties":{"id":"UUID_346de597-f974-467b-b037-4418a752b16b","height_m":4.177,"ground_m":141.225,"height_source":"LoD1 solid top minus bottom","production":"2024","laser":"2016","footprints":"2022"},"geometry":{"type":"Polygon","coordinates":[[[13.786683056781158,51.06914367853976],[13.786670841639484,51.06913102474713],[13.786626255900135,51.0691330798968],[13.78661360819506,51.069145700411845],[13.786683056781158,51.06914367853976]]]}},{"type":"Feature","id":"UUID_48e9618b-cb81-498b-ae53-e6588dcb9e82","properties":{"id":"UUID_48e9618b-cb81-498b-ae53-e6588dcb9e82","height_m":9.46,"ground_m":141.225,"height_source":"LoD1 solid top minus bottom","production":"2024","laser":"2016","footprints":"2022"},"geometry":{"type":"Polygon","coordinates":[[[13.786706617717249,51.06922024513684],[13.786722903446153,51.06921969476227],[13.786770469347783,51.069218300006106],[13.786773608578253,51.0692183325907],[13.786771626167187,51.06919043428646],[13.786771554821083,51.06919043354591],[13.78676840259662,51.06914777488195],[13.78676845967345,51.0691477754744],[13.786767917820294,51.06914120509486],[13.786683209745814,51.06914383300548],[13.786683056781158,51.06914367853976],[13.78661360819506,51.069145700411845],[13.786613505489314,51.06914580725943],[13.786533517993984,51.06914803442586],[13.786536959517917,51.0691965414304],[13.786538019647596,51.06921058122848],[13.786538911954947,51.069220122876544],[13.786539068021677,51.06922507054524],[13.786597490303564,51.0692233389269],[13.786597488892891,51.06922339286916],[13.786706617717249,51.06922024513684]]]}},{"type":"Feature","id":"UUID_4de528ff-f19e-4d18-95c5-714cc7e8a3ed","properties":{"id":"UUID_4de528ff-f19e-4d18-95c5-714cc7e8a3ed","height_m":6.499,"ground_m":141.225,"height_source":"LoD1 solid top minus bottom","production":"2024","laser":"2016","footprints":"2022"},"geometry":{"type":"Polygon","coordinates":[[[13.786771626167187,51.06919043428646],[13.786812476101181,51.069189329515254],[13.786809309569925,51.06914667070403],[13.786795309291445,51.0691471548845],[13.786781454055536,51.069147550640665],[13.78676845967345,51.0691477754744],[13.78676840259662,51.06914777488195],[13.786771554821083,51.06919043354591],[13.786771626167187,51.06919043428646]]]}},{"type":"Feature","id":"DESNATPU1000B9rF","properties":{"id":"DESNATPU1000B9rF","height_m":12.475,"ground_m":137.874,"height_source":"LoD1 solid top minus bottom","production":"2024","laser":"2016","footprints":"2022"},"geometry":{"type":"Polygon","coordinates":[[[13.783436110294954,51.06896862411875],[13.783464362581972,51.06900704772336],[13.783466318929323,51.06900320117357],[13.783479097517702,51.06900576223467],[13.783472325185333,51.069019091046556],[13.78348690363098,51.069040106116205],[13.783507174171701,51.06904544299496],[13.783519254548061,51.06904197159689],[13.783575057276625,51.069025825718185],[13.783587596745395,51.06904295264345],[13.783681944806073,51.06901560711667],[13.78368042704809,51.06901361290258],[13.783669129353711,51.06899811761685],[13.783689984585925,51.06899203966999],[13.783717457821599,51.06898396223826],[13.78371990007233,51.068983358154966],[13.783728974243601,51.06896933385616],[13.783712852028703,51.06894731354237],[13.783688319621815,51.068941212923875],[13.783682426857988,51.06894277030954],[13.783655851369785,51.06890571313004],[13.783467747537124,51.06895960087606],[13.783436110294954,51.06896862411875]]]}},{"type":"Feature","id":"DESNATPU1000FDt2","properties":{"id":"DESNATPU1000FDt2","height_m":16.125,"ground_m":132.508,"height_source":"LoD1 solid top minus bottom","production":"2024","laser":"2016","footprints":"2022"},"geometry":{"type":"Polygon","coordinates":[[[13.789576095187352,51.06768776440697],[13.789615724638237,51.06772792304428],[13.789710471865485,51.06769050484704],[13.789671803656308,51.067651795046054],[13.789576095187352,51.06768776440697]]]}},{"type":"Feature","id":"DESNATPU1000GcXN","properties":{"id":"DESNATPU1000GcXN","height_m":3.802,"ground_m":138.624,"height_source":"LoD1 solid top minus bottom","production":"2024","laser":"2016","footprints":"2022"},"geometry":{"type":"Polygon","coordinates":[[[13.780808408881137,51.07326872270595],[13.780617665741172,51.07320336064314],[13.780531013407685,51.07330409341966],[13.780721659776981,51.073369346698556],[13.780808408881137,51.07326872270595]]]}},{"type":"Feature","id":"UUID_693f992a-8606-45e7-a8df-7dc6728a5e2d","properties":{"id":"UUID_693f992a-8606-45e7-a8df-7dc6728a5e2d","height_m":5.171,"ground_m":136.375,"height_source":"LoD1 solid top minus bottom","production":"2024","laser":"2016","footprints":"2022"},"geometry":{"type":"Polygon","coordinates":[[[13.785387534530326,51.06803019472881],[13.785373435499201,51.06803446368803],[13.785352056645518,51.068040941169244],[13.785381798000639,51.068080315039964],[13.785421932910086,51.068068322018064],[13.785425553624208,51.068055409984765],[13.785408984017943,51.06803410467982],[13.785387534530326,51.06803019472881]]]}},{"type":"Feature","id":"UUID_c9d375d0-d768-4bed-b25b-b6bff70aac05","properties":{"id":"UUID_c9d375d0-d768-4bed-b25b-b6bff70aac05","height_m":9.589,"ground_m":136.375,"height_source":"LoD1 solid top minus bottom","production":"2024","laser":"2016","footprints":"2022"},"geometry":{"type":"Polygon","coordinates":[[[13.785214537152642,51.068030645060404],[13.785185962671308,51.06802630130771],[13.785173305114307,51.068057284901556],[13.785176717872789,51.068057770013176],[13.785166981767416,51.06807529474343],[13.785170964803415,51.06808016528482],[13.785173067059711,51.068082732102305],[13.785181081737,51.06809279743117],[13.78518128917957,51.06809305138612],[13.785352056645518,51.068040941169244],[13.785373435499201,51.06803446368803],[13.7853734221717,51.068034427578255],[13.78535536483534,51.06801052586646],[13.785338864744835,51.068008375976014],[13.785340844428326,51.06800363035566],[13.785321327286692,51.06800005522225],[13.785292406535946,51.0679947636511],[13.785286200922076,51.06800827831395],[13.785214537152642,51.068030645060404]]]}},{"type":"Feature","id":"UUID_e3738a88-9628-4e93-9511-1e942079c2bc","properties":{"id":"UUID_e3738a88-9628-4e93-9511-1e942079c2bc","height_m":10.185,"ground_m":136.375,"height_source":"LoD1 solid top minus bottom","production":"2024","laser":"2016","footprints":"2022"},"geometry":{"type":"Polygon","coordinates":[[[13.785153017341045,51.06810167841462],[13.785162687937511,51.06811445880129],[13.785200473496454,51.068164401952195],[13.78540000692221,51.06810442515728],[13.785381798000639,51.068080315039964],[13.785352056645518,51.068040941169244],[13.78518128917957,51.06809305138612],[13.785181081737,51.06809279743117],[13.785153017341045,51.06810167841462]]]}},{"type":"Feature","id":"DESNATPU1000EVxh","properties":{"id":"DESNATPU1000EVxh","height_m":3.751,"ground_m":156.27,"height_source":"LoD1 solid top minus bottom","production":"2024","laser":"2016","footprints":"2022"},"geometry":{"type":"Polygon","coordinates":[[[13.787456363644544,51.07314241649666],[13.787531626836385,51.073168287162126],[13.787572405944848,51.073120868413255],[13.787497425865102,51.07309509063854],[13.787456363644544,51.07314241649666]]]}},{"type":"Feature","id":"UUID_7de4b355-ee5e-46eb-beaa-5cc590a7d108","properties":{"id":"UUID_7de4b355-ee5e-46eb-beaa-5cc590a7d108","height_m":4.927,"ground_m":136.351,"height_source":"LoD1 solid top minus bottom","production":"2024","laser":"2016","footprints":"2022"},"geometry":{"type":"Polygon","coordinates":[[[13.781595854053311,51.06828506603384],[13.78161200309567,51.068316889100146],[13.781612057338528,51.06831699757944],[13.78168002692881,51.06830331756487],[13.781680013132002,51.06830329943542],[13.781663868768602,51.06827129657095],[13.78164908680756,51.0682743799041],[13.781609342140024,51.068282337925616],[13.781595854053311,51.06828506603384]]]}},{"type":"Feature","id":"UUID_4e9c54d4-891f-4ffa-a4ef-6fff68b7fb39","properties":{"id":"UUID_4e9c54d4-891f-4ffa-a4ef-6fff68b7fb39","height_m":11.081,"ground_m":136.351,"height_source":"LoD1 solid top minus bottom","production":"2024","laser":"2016","footprints":"2022"},"geometry":{"type":"Polygon","coordinates":[[[13.781612057338528,51.06831699757944],[13.78161200309567,51.068316889100146],[13.781542839701624,51.06833091634313],[13.781563801118393,51.06837242988617],[13.781563872935262,51.068372412649175],[13.78159263110056,51.06842954705607],[13.781795375039724,51.06838885449931],[13.781745585610956,51.068290133965824],[13.781680013132002,51.06830329943542],[13.78168002692881,51.06830331756487],[13.781612057338528,51.06831699757944]]]}},{"type":"Feature","id":"UUID_3646d8aa-bc01-4ebf-a137-58ac558f9de0","properties":{"id":"UUID_3646d8aa-bc01-4ebf-a137-58ac558f9de0","height_m":8.334,"ground_m":136.351,"height_source":"LoD1 solid top minus bottom","production":"2024","laser":"2016","footprints":"2022"},"geometry":{"type":"Polygon","coordinates":[[[13.781542839701624,51.06833091634313],[13.781497499628813,51.068339976070426],[13.781518677876061,51.06838138396825],[13.781563801118393,51.06837242988617],[13.781542839701624,51.06833091634313]]]}},{"type":"Feature","id":"DESNATPU1000C3KT","properties":{"id":"DESNATPU1000C3KT","height_m":19.489,"ground_m":144.87,"height_source":"LoD1 solid top minus bottom","production":"2024","laser":"2016","footprints":"2022"},"geometry":{"type":"Polygon","coordinates":[[[13.785185754678457,51.07109797524003],[13.785287431321596,51.07110704454133],[13.785321893866527,51.071110091534614],[13.78542656039896,51.07111945257731],[13.785445887917952,51.071029995061735],[13.785394339582695,51.07102532271693],[13.785255636771165,51.07101300000671],[13.785205936483761,51.071008616569124],[13.785185754678457,51.07109797524003]]]}},{"type":"Feature","id":"UUID_507619c9-3ba7-4bf8-a0c7-bcecbf0e208c","properties":{"id":"UUID_507619c9-3ba7-4bf8-a0c7-bcecbf0e208c","height_m":13.363,"ground_m":134.528,"height_source":"LoD1 solid top minus bottom","production":"2024","laser":"2016","footprints":"2022"},"geometry":{"type":"Polygon","coordinates":[[[13.778109745992175,51.07060910986383],[13.778128119824276,51.0705834925481],[13.77812860947108,51.070581159533695],[13.778121384062164,51.070579105581224],[13.778133518412563,51.070562775570586],[13.778197844832086,51.07047621765023],[13.778064722093227,51.070438045399854],[13.77796693662977,51.07057398372811],[13.778037490316503,51.0705913400792],[13.778109745992175,51.07060910986383]]]}},{"type":"Feature","id":"UUID_0017f1fc-f7eb-4eed-9d65-4b530e93066a","properties":{"id":"UUID_0017f1fc-f7eb-4eed-9d65-4b530e93066a","height_m":13.414,"ground_m":134.528,"height_source":"LoD1 solid top minus bottom","production":"2024","laser":"2016","footprints":"2022"},"geometry":{"type":"Polygon","coordinates":[[[13.778133518412563,51.070562775570586],[13.778174746996566,51.07057444757552],[13.778232028726245,51.07048601743256],[13.778197844832086,51.07047621765023],[13.778133518412563,51.070562775570586]]]}},{"type":"Feature","id":"UUID_06e76f74-2614-4961-b750-f8573bd193d7","properties":{"id":"UUID_06e76f74-2614-4961-b750-f8573bd193d7","height_m":12.002,"ground_m":143.971,"height_source":"LoD1 solid top minus bottom","production":"2024","laser":"2016","footprints":"2022"},"geometry":{"type":"Polygon","coordinates":[[[13.786029883245755,51.07049582762871],[13.786029755995354,51.07049578134302],[13.7860054442599,51.07052157202632],[13.786176792042216,51.070586166366745],[13.786228630652289,51.07053171363311],[13.786220984163398,51.0705288284712],[13.786238185139787,51.07051076966592],[13.78624583374353,51.07051357391338],[13.786297644356853,51.07045909387989],[13.786126317019443,51.0703942751062],[13.786102152791793,51.07041988748532],[13.786102039811121,51.07041984134789],[13.786029883245755,51.07049582762871]]]}},{"type":"Feature","id":"UUID_9f857565-f567-4106-9734-617152312edf","properties":{"id":"UUID_9f857565-f567-4106-9734-617152312edf","height_m":11.851,"ground_m":143.971,"height_source":"LoD1 solid top minus bottom","production":"2024","laser":"2016","footprints":"2022"},"geometry":{"type":"Polygon","coordinates":[[[13.786102039811121,51.07041984134789],[13.786083692410918,51.07041297813266],[13.786011507522568,51.07048895511533],[13.786029755995354,51.07049578134302],[13.786029883245755,51.07049582762871],[13.786102039811121,51.07041984134789]]]}},{"type":"Feature","id":"DESNATPU1000Fkeh","properties":{"id":"DESNATPU1000Fkeh","height_m":9.235,"ground_m":135.262,"height_source":"LoD1 solid top minus bottom","production":"2024","laser":"2016","footprints":"2022"},"geometry":{"type":"Polygon","coordinates":[[[13.780875685472282,51.06781100909393],[13.780960436662532,51.067795795899826],[13.780919823708105,51.06770643330952],[13.780835070306614,51.06772173637901],[13.780875685472282,51.06781100909393]]]}},{"type":"Feature","id":"UUID_b0454861-0dce-47b5-86b7-06efa0ac01fe","properties":{"id":"UUID_b0454861-0dce-47b5-86b7-06efa0ac01fe","height_m":10.92,"ground_m":121.916,"height_source":"LoD1 solid top minus bottom","production":"2024","laser":"2016","footprints":"2022"},"geometry":{"type":"Polygon","coordinates":[[[13.7733551632661,51.067831156335096],[13.77335928456174,51.0678318290848],[13.773358268189757,51.06783410259624],[13.773358574258925,51.06783440257163],[13.77338446629678,51.067778199346705],[13.773384293408578,51.067778260482115],[13.773382280166627,51.067782609867926],[13.77337574745285,51.067781372242635],[13.773358453874602,51.067787665588],[13.77335618760431,51.06779240800228],[13.773350646570245,51.0677914505678],[13.773348366038961,51.06779673240187],[13.77334004290559,51.06781463070536],[13.773339296195651,51.06781588186447],[13.773345262917521,51.06781693369525],[13.773343607797097,51.06782015374264],[13.7733551632661,51.067831156335096]]]}},{"type":"Feature","id":"UUID_12216efd-630c-4676-8213-2c823a842c47","properties":{"id":"UUID_12216efd-630c-4676-8213-2c823a842c47","height_m":12.774,"ground_m":121.916,"height_source":"LoD1 solid top minus bottom","production":"2024","laser":"2016","footprints":"2022"},"geometry":{"type":"Polygon","coordinates":[[[13.773408593618607,51.0678940373485],[13.773416781657161,51.06790284631745],[13.773449162321853,51.06790894153122],[13.773465702096164,51.0679041690427],[13.77347166883233,51.0679052208671],[13.773475556910403,51.067896898338894],[13.77340429379375,51.067883920259156],[13.773400355768086,51.06789251204568],[13.773408593618607,51.0678940373485]]]}},{"type":"Feature","id":"UUID_adfbe8f8-62d0-4b71-91cd-614f4e106238","properties":{"id":"UUID_adfbe8f8-62d0-4b71-91cd-614f4e106238","height_m":10.003,"ground_m":121.916,"height_source":"LoD1 solid top minus bottom","production":"2024","laser":"2016","footprints":"2022"},"geometry":{"type":"Polygon","coordinates":[[[13.773590501346405,51.067870199734706],[13.773591765561818,51.06787042882759],[13.773615913362946,51.06787480990828],[13.773627418175353,51.06784993056456],[13.773638475904411,51.067825765954844],[13.77361418567683,51.067821374391464],[13.773613091974548,51.0678211740664],[13.773589174877383,51.067816705477426],[13.773566481493601,51.067865837976946],[13.773590501346405,51.067870199734706]]]}},{"type":"Feature","id":"UUID_7a6aaccd-8cf7-454a-ac4c-ad9233a57502","properties":{"id":"UUID_7a6aaccd-8cf7-454a-ac4c-ad9233a57502","height_m":11.942,"ground_m":121.916,"height_source":"LoD1 solid top minus bottom","production":"2024","laser":"2016","footprints":"2022"},"geometry":{"type":"Polygon","coordinates":[[[13.773479735288696,51.06789757168332],[13.7735461946186,51.06790977988426],[13.773566481493601,51.067865837976946],[13.773589174877383,51.067816705477426],[13.773607357133834,51.06777732782096],[13.773540841852013,51.0677650830955],[13.773469355371756,51.067751922854164],[13.77340225799903,51.067739564027264],[13.773384293408578,51.067778260482115],[13.77338446629678,51.067778199346705],[13.773358574258925,51.06783440257163],[13.773358268189757,51.06783410259624],[13.77334108544507,51.06787237559369],[13.773404294269064,51.06788390227849],[13.773408157782024,51.067884608292516],[13.773475556910403,51.067896898338894],[13.773475602093091,51.067896808884754],[13.773479735288696,51.06789757168332]]]}},{"type":"Feature","id":"DESNATP1Ak0000RJ","properties":{"id":"DESNATP1Ak0000RJ","height_m":2.829,"ground_m":154.473,"height_source":"LoD1 solid top minus bottom","production":"2024","laser":"2016","footprints":"2022"},"geometry":{"type":"Polygon","coordinates":[[[13.788131929914092,51.07198808223571],[13.788119120568224,51.071982832519396],[13.788095879313582,51.07200536134583],[13.788167199576309,51.072034581020205],[13.78819021953471,51.07201178010119],[13.788182762887068,51.07200871718161],[13.788131929914092,51.07198808223571]]]}},{"type":"Feature","id":"DESNATPU1000ERO4","properties":{"id":"DESNATPU1000ERO4","height_m":6.032,"ground_m":147.099,"height_source":"LoD1 solid top minus bottom","production":"2024","laser":"2016","footprints":"2022"},"geometry":{"type":"Polygon","coordinates":[[[13.787859651167619,51.07069884628182],[13.787853920383865,51.07069420051703],[13.787569976953106,51.07083783839869],[13.788074463660745,51.07123452736212],[13.788194323601415,51.071328935591836],[13.788395867471404,51.07148749982553],[13.78842842383187,51.07151436608285],[13.788708571795548,51.07137401413338],[13.788702136737667,51.07136900140044],[13.788366482055423,51.071104191399],[13.787851262004072,51.070703075832604],[13.787859651167619,51.07069884628182]]]}},{"type":"Feature","id":"UUID_0a6e66e2-2fdb-447a-9416-8d11050a198f","properties":{"id":"UUID_0a6e66e2-2fdb-447a-9416-8d11050a198f","height_m":5.42,"ground_m":137.311,"height_source":"LoD1 solid top minus bottom","production":"2024","laser":"2016","footprints":"2022"},"geometry":{"type":"Polygon","coordinates":[[[13.780930322899907,51.069137570335506],[13.78091885077013,51.06911245064486],[13.780866216001913,51.069122063543425],[13.78087778798963,51.06914718428083],[13.780930322899907,51.069137570335506]]]}},{"type":"Feature","id":"UUID_d3400f35-28f5-4a70-a81c-432ffd2e6433","properties":{"id":"UUID_d3400f35-28f5-4a70-a81c-432ffd2e6433","height_m":9.677,"ground_m":137.311,"height_source":"LoD1 solid top minus bottom","production":"2024","laser":"2016","footprints":"2022"},"geometry":{"type":"Polygon","coordinates":[[[13.780930322899907,51.069137570335506],[13.78087778798963,51.06914718428083],[13.780877828434962,51.06914727463088],[13.780870803467636,51.069148460353205],[13.780889331736894,51.06918859071827],[13.780894166331445,51.06919906382134],[13.780908053385158,51.0692300540342],[13.780937886861105,51.06922451986064],[13.78093792754283,51.06922460122032],[13.781054412930164,51.06920331603997],[13.781054345599351,51.06920316245986],[13.781071553658503,51.069200104502],[13.781086897273187,51.069197386811126],[13.781068256801332,51.06915717437258],[13.781067717210247,51.06915598169324],[13.781052468813403,51.0691224772984],[13.781049361682063,51.06911579020851],[13.780930322899907,51.069137570335506]]]}},{"type":"Feature","id":"UUID_3ffb57de-387d-468b-bc2a-1c3f7c79b0b2","properties":{"id":"UUID_3ffb57de-387d-468b-bc2a-1c3f7c79b0b2","height_m":8.614,"ground_m":137.311,"height_source":"LoD1 solid top minus bottom","production":"2024","laser":"2016","footprints":"2022"},"geometry":{"type":"Polygon","coordinates":[[[13.781062184791237,51.06921988092798],[13.781054412930164,51.06920331603997],[13.78099368915999,51.06921440938827],[13.78093792754283,51.06922460122032],[13.780946387509108,51.06924322365566],[13.781002262355772,51.069233068971705],[13.781060116247842,51.06922255720158],[13.781063126951,51.06922204903006],[13.781062184791237,51.06921988092798]]]}},{"type":"Feature","id":"UUID_ba76245a-f383-4230-93c0-76b211b520b5","properties":{"id":"UUID_ba76245a-f383-4230-93c0-76b211b520b5","height_m":5.706,"ground_m":139.645,"height_source":"LoD1 solid top minus bottom","production":"2024","laser":"2016","footprints":"2022"},"geometry":{"type":"Polygon","coordinates":[[[13.780918106440204,51.07197536023662],[13.780719844362022,51.0720143444598],[13.780745584652001,51.07206632165128],[13.780780407603164,51.072059472651794],[13.780943846932182,51.07202733738613],[13.780918106440204,51.07197536023662]]]}},{"type":"Feature","id":"UUID_6d4437b9-2df7-44ea-ac1b-d920e7fb7e4d","properties":{"id":"UUID_6d4437b9-2df7-44ea-ac1b-d920e7fb7e4d","height_m":5.932,"ground_m":139.645,"height_source":"LoD1 solid top minus bottom","production":"2024","laser":"2016","footprints":"2022"},"geometry":{"type":"Polygon","coordinates":[[[13.780988586306341,51.07210538500031],[13.780949385177463,51.072026253059384],[13.780943846932182,51.07202733738613],[13.780780407603164,51.072059472651794],[13.78081960846994,51.07213860464719],[13.780893128164053,51.072124155629176],[13.780978198305899,51.072107425945454],[13.780988586306341,51.07210538500031]]]}},{"type":"Feature","id":"UUID_cdcf1bec-3731-4473-bb20-70fc9438a87b","properties":{"id":"UUID_cdcf1bec-3731-4473-bb20-70fc9438a87b","height_m":5.602,"ground_m":139.645,"height_source":"LoD1 solid top minus bottom","production":"2024","laser":"2016","footprints":"2022"},"geometry":{"type":"Polygon","coordinates":[[[13.781043981551687,51.07224019845513],[13.780978198305899,51.072107425945454],[13.780893128164053,51.072124155629176],[13.78095889691832,51.07225692803602],[13.781043981551687,51.07224019845513]]]}},{"type":"Feature","id":"DESNATPU1000GaMP","properties":{"id":"DESNATPU1000GaMP","height_m":16.609,"ground_m":126.513,"height_source":"LoD1 solid top minus bottom","production":"2024","laser":"2016","footprints":"2022"},"geometry":{"type":"Polygon","coordinates":[[[13.776260482525057,51.06899039000997],[13.776435482345093,51.069006160963944],[13.776445021311456,51.06900707017418],[13.776471832638876,51.06888882543285],[13.776477017494743,51.06886540843991],[13.776294881288273,51.06884965275997],[13.776289605815178,51.068871090375424],[13.776260482525057,51.06899039000997]]]}},{"type":"Feature","id":"UUID_be26dc5b-5ea3-4a78-930e-23e3cd5cb2c7","properties":{"id":"UUID_be26dc5b-5ea3-4a78-930e-23e3cd5cb2c7","height_m":7.374,"ground_m":122.215,"height_source":"LoD1 solid top minus bottom","production":"2024","laser":"2016","footprints":"2022"},"geometry":{"type":"Polygon","coordinates":[[[13.775335693016624,51.06781298575567],[13.77538255681171,51.067821930030966],[13.775383612568934,51.06781978281448],[13.775412017177516,51.06782511639899],[13.775410818734061,51.06782726212078],[13.775457544616248,51.06783602506445],[13.775458743057783,51.067833879342174],[13.77548728799884,51.06783930430679],[13.775485949243548,51.0678413586311],[13.77553267278215,51.06785021144831],[13.7755338712206,51.067848065725244],[13.77556213317684,51.06785339777867],[13.775560794424425,51.067855452103856],[13.775607660679508,51.067864306386035],[13.775608861487173,51.067862070758785],[13.775624478831043,51.06786520198866],[13.775626329024572,51.06786540122649],[13.775642198430393,51.06783193429663],[13.775651128947699,51.06781316089798],[13.77566078563289,51.06779283035367],[13.775675603990246,51.06776133083081],[13.7756740439194,51.06776095477623],[13.775658419490473,51.06775809326336],[13.775659472861282,51.06775603594766],[13.77561288733476,51.067747364483004],[13.775611836334372,51.067749331894866],[13.775583291433396,51.067743906960864],[13.77558434006253,51.06774202945267],[13.775537904368978,51.067733089742845],[13.775536845774004,51.067735344844884],[13.775385987249635,51.06770709162233],[13.77538601721067,51.06770703797929],[13.775368404690782,51.06770379588449],[13.77534394621645,51.06775552714145],[13.775319276534704,51.06780768783566],[13.775336746402981,51.06781092844301],[13.775335693016624,51.06781298575567]]]}},{"type":"Feature","id":"UUID_dea19be2-d7cf-4f80-a7f8-5b5524157813","properties":{"id":"UUID_dea19be2-d7cf-4f80-a7f8-5b5524157813","height_m":6.027,"ground_m":122.215,"height_source":"LoD1 solid top minus bottom","production":"2024","laser":"2016","footprints":"2022"},"geometry":{"type":"Polygon","coordinates":[[[13.775537904368978,51.067733089742845],[13.775536420559497,51.06773523247641],[13.775492536642677,51.06772694897884],[13.775500835207172,51.06770994955],[13.77550357913812,51.06770332360569],[13.775501448559753,51.067702932579124],[13.775453864070684,51.067694259578],[13.775442833415262,51.06771743542935],[13.775432750085193,51.06771553122199],[13.775433796347112,51.06771374361858],[13.775387220397485,51.06770471245092],[13.77538601721067,51.06770703797929],[13.775385987249635,51.06770709162233],[13.775536845774004,51.067735344844884],[13.775537904368978,51.067733089742845]]]}},{"type":"Feature","id":"UUID_e3544fe7-5a6b-48fd-b0cb-37d74d0dcc11","properties":{"id":"UUID_e3544fe7-5a6b-48fd-b0cb-37d74d0dcc11","height_m":6.844,"ground_m":143.64,"height_source":"LoD1 solid top minus bottom","production":"2024","laser":"2016","footprints":"2022"},"geometry":{"type":"Polygon","coordinates":[[[13.790264138223662,51.069714304919856],[13.790231379915864,51.06973077343649],[13.790208340729858,51.06974235153005],[13.790219460106076,51.06975109072574],[13.790330023418832,51.06969514866175],[13.790319154789627,51.06968664588474],[13.790264138223662,51.069714304919856]]]}},{"type":"Feature","id":"UUID_3377ddaa-8347-4fa2-9c64-f638770ec194","properties":{"id":"UUID_3377ddaa-8347-4fa2-9c64-f638770ec194","height_m":6.385,"ground_m":143.64,"height_source":"LoD1 solid top minus bottom","production":"2024","laser":"2016","footprints":"2022"},"geometry":{"type":"Polygon","coordinates":[[[13.790150567737502,51.06978594422326],[13.790396505179013,51.069978318887],[13.790575751078057,51.069887367901295],[13.790529394605949,51.069851105835],[13.790330023418832,51.06969514866175],[13.790219460106076,51.06975109072574],[13.790150567737502,51.06978594422326]]]}},{"type":"Feature","id":"UUID_3f426819-55cc-4f52-ac21-708d2a1c590b","properties":{"id":"UUID_3f426819-55cc-4f52-ac21-708d2a1c590b","height_m":6.782,"ground_m":143.64,"height_source":"LoD1 solid top minus bottom","production":"2024","laser":"2016","footprints":"2022"},"geometry":{"type":"Polygon","coordinates":[[[13.790575751078057,51.069887367901295],[13.790597968919844,51.06987608699278],[13.790551612206988,51.0698398339256],[13.790529394605949,51.069851105835],[13.790575751078057,51.069887367901295]]]}},{"type":"Feature","id":"DESNATPU1000B0rT","properties":{"id":"DESNATPU1000B0rT","height_m":12.082,"ground_m":156.539,"height_source":"LoD1 solid top minus bottom","production":"2024","laser":"2016","footprints":"2022"},"geometry":{"type":"Polygon","coordinates":[[[13.79316649709256,51.07081643963854],[13.793097934804335,51.07086771014863],[13.793065760140705,51.07089192829043],[13.792933152401938,51.07099145824296],[13.792902420685484,51.07101452217603],[13.79276732765409,51.071115734908346],[13.792736319966622,51.0711389758037],[13.79267153239645,51.07118776706552],[13.792755158476329,51.07123233587014],[13.792818621967536,51.071185059664856],[13.792973628160329,51.07126759572208],[13.7928743496448,51.071341840275515],[13.79295952483856,51.07138723428209],[13.793125029343457,51.071263763394015],[13.793146569952746,51.07127522681438],[13.793215275496403,51.07122395775627],[13.793194719753833,51.071213044085354],[13.793522242183183,51.070968313624995],[13.793436828558457,51.07092111900179],[13.793341472185038,51.070992796523406],[13.793186452208374,51.07091080037559],[13.79325283892347,51.07086085627424],[13.7931675170221,51.07081564081651],[13.79316649709256,51.07081643963854]],[[13.793009726170414,51.071240720277245],[13.792854862700146,51.07115818574142],[13.79298266638611,51.071062832889],[13.793137672469772,51.071145368729596],[13.793009726170414,51.071240720277245]],[[13.79314904221558,51.070938741465845],[13.793304338261054,51.0710211002252],[13.793175520087633,51.07111707244941],[13.793020514029468,51.07103453665881],[13.79314904221558,51.070938741465845]]]}},{"type":"Feature","id":"DESNATPU1000G2zd","properties":{"id":"DESNATPU1000G2zd","height_m":18.758,"ground_m":162.662,"height_source":"LoD1 solid top minus bottom","production":"2024","laser":"2016","footprints":"2022"},"geometry":{"type":"Polygon","coordinates":[[[13.788722227688794,51.07455221410766],[13.788801083198551,51.074571826200746],[13.788797655361705,51.074577366221035],[13.788827579156196,51.07458487053357],[13.788831006990055,51.07457933051239],[13.788912129506617,51.074599595516666],[13.78897214073823,51.07450444389975],[13.788890449873145,51.07448408311942],[13.788861518051448,51.074476858885184],[13.788782241592637,51.074456972685965],[13.788722227688794,51.07455221410766]]]}},{"type":"Feature","id":"DESNATPU1000BaFB","properties":{"id":"DESNATPU1000BaFB","height_m":2.742,"ground_m":136.624,"height_source":"LoD1 solid top minus bottom","production":"2024","laser":"2016","footprints":"2022"},"geometry":{"type":"Polygon","coordinates":[[[13.780167933022131,51.07103474487904],[13.780202350813669,51.07108834154122],[13.780275496827826,51.07106959044838],[13.780240936267477,51.07101599231797],[13.780167933022131,51.07103474487904]]]}},{"type":"Feature","id":"DESNATPU1000GxRd","properties":{"id":"DESNATPU1000GxRd","height_m":6.324,"ground_m":146.308,"height_source":"LoD1 solid top minus bottom","production":"2024","laser":"2016","footprints":"2022"},"geometry":{"type":"Polygon","coordinates":[[[13.785193920212118,51.07183986825593],[13.785177685296052,51.07183299088558],[13.785129107147085,51.071878933867396],[13.785145467206345,51.07188593844446],[13.78527238852389,51.07193891224749],[13.785320922138,51.07189303169372],[13.785193920212118,51.07183986825593]]]}},{"type":"Feature","id":"UUID_eaffe02c-685c-4ac4-8a08-ae4d0a5a4ad5","properties":{"id":"UUID_eaffe02c-685c-4ac4-8a08-ae4d0a5a4ad5","height_m":10.634,"ground_m":121.252,"height_source":"LoD1 solid top minus bottom","production":"2024","laser":"2016","footprints":"2022"},"geometry":{"type":"Polygon","coordinates":[[[13.77430422812864,51.06774731749175],[13.774304114453916,51.06774729831404],[13.774279632725937,51.06780094458035],[13.774304689244913,51.06780550591191],[13.774313014380468,51.067787517633775],[13.774321508339254,51.0677690814841],[13.77432936975858,51.06775189769634],[13.77430422812864,51.06774731749175]]]}},{"type":"Feature","id":"UUID_eb131f13-a3ea-4005-aced-a185ea3d0441","properties":{"id":"UUID_eb131f13-a3ea-4005-aced-a185ea3d0441","height_m":11.224,"ground_m":121.252,"height_source":"LoD1 solid top minus bottom","production":"2024","laser":"2016","footprints":"2022"},"geometry":{"type":"Polygon","coordinates":[[[13.774104601225096,51.06771472024259],[13.774098591217305,51.067713685982234],[13.774097219151578,51.0677169989372],[13.774077618604403,51.06771337608325],[13.774058392848488,51.06775499107338],[13.774077995786879,51.067758524027276],[13.774076026841934,51.06776281993247],[13.77408199119911,51.06776396162907],[13.774104601225096,51.06771472024259]]]}},{"type":"Feature","id":"UUID_77563373-a0e1-447c-8a68-1ee465f6d92d","properties":{"id":"UUID_77563373-a0e1-447c-8a68-1ee465f6d92d","height_m":11.344,"ground_m":121.252,"height_source":"LoD1 solid top minus bottom","production":"2024","laser":"2016","footprints":"2022"},"geometry":{"type":"Polygon","coordinates":[[[13.774265149210823,51.067832699240064],[13.774279547588547,51.06780092570188],[13.774279632725937,51.06780094458035],[13.774304114453916,51.06774729831404],[13.77430422812864,51.06774731749175],[13.774318930824453,51.06771482771364],[13.774121063267344,51.067678849652985],[13.774104700630955,51.06771473927085],[13.774104601225096,51.06771472024259],[13.774094030766918,51.06773773892484],[13.77408199119911,51.06776396162907],[13.774066998196693,51.06779662818936],[13.774265149210823,51.067832699240064]]]}},{"type":"Feature","id":"DESNATPU1000J2X1","properties":{"id":"DESNATPU1000J2X1","height_m":18.833,"ground_m":165.141,"height_source":"LoD1 solid top minus bottom","production":"2024","laser":"2016","footprints":"2022"},"geometry":{"type":"Polygon","coordinates":[[[13.789652845788213,51.073538202996495],[13.789625989717115,51.07352803281642],[13.789549716431761,51.07350251275966],[13.789471236099779,51.07358893024228],[13.789542507736432,51.073614668338045],[13.789536193099766,51.073621437478245],[13.789567444942143,51.07363273233613],[13.789574496563038,51.0736250715454],[13.789650297378476,51.07365229532564],[13.789712755809594,51.07358360751548],[13.789722748296947,51.07357264982793],[13.78972789779905,51.0735667678944],[13.789652845788213,51.073538202996495]]]}},{"type":"Feature","id":"UUID_5991f5d2-7635-4c2a-b41a-6fea52e61476","properties":{"id":"UUID_5991f5d2-7635-4c2a-b41a-6fea52e61476","height_m":12.035,"ground_m":124.502,"height_source":"LoD1 solid top minus bottom","production":"2024","laser":"2016","footprints":"2022"},"geometry":{"type":"Polygon","coordinates":[[[13.77307104385624,51.06873501082315],[13.773027927310913,51.06877433348386],[13.77302849165281,51.06877458221432],[13.772985366229168,51.06881315836165],[13.773040107206718,51.06883729421252],[13.773032501871587,51.06884422878018],[13.773093162216222,51.06887121451962],[13.77310106005952,51.0688640132337],[13.773158062812465,51.068888982124406],[13.773161308750202,51.068886057555325],[13.773247447352446,51.06880828343339],[13.773247405020744,51.06880826500343],[13.773289514754133,51.06877030759807],[13.773197968976621,51.06872923876742],[13.773183578607131,51.068722882675495],[13.773117012434167,51.06869308318561],[13.7731168994708,51.068693037035736],[13.773070225762917,51.068734642522514],[13.77307104385624,51.06873501082315]]]}},{"type":"Feature","id":"UUID_e34ec518-459c-40e0-ae38-f36b473fec3d","properties":{"id":"UUID_e34ec518-459c-40e0-ae38-f36b473fec3d","height_m":11.265,"ground_m":124.502,"height_source":"LoD1 solid top minus bottom","production":"2024","laser":"2016","footprints":"2022"},"geometry":{"type":"Polygon","coordinates":[[[13.773003380465076,51.06876343728909],[13.773027927310913,51.06877433348386],[13.77307104385624,51.06873501082315],[13.77304694816105,51.068724326208184],[13.773003380465076,51.06876343728909]]]}},{"type":"Feature","id":"UUID_ff42cf49-574c-4aeb-acd1-991959d0e517","properties":{"id":"UUID_ff42cf49-574c-4aeb-acd1-991959d0e517","height_m":8.383,"ground_m":124.502,"height_source":"LoD1 solid top minus bottom","production":"2024","laser":"2016","footprints":"2022"},"geometry":{"type":"Polygon","coordinates":[[[13.773216433741196,51.068836294315844],[13.773161308750202,51.068886057555325],[13.773183573586401,51.06889581465377],[13.773231093733736,51.068852968003895],[13.773228551452487,51.06885195211002],[13.77323625711852,51.0688450005971],[13.773267298548799,51.06881701697989],[13.773247447352446,51.06880828343339],[13.773216433741196,51.068836294315844]]]}},{"type":"Feature","id":"UUID_76a5b3be-2fe0-4f43-9632-b1c7f9e17f10","properties":{"id":"UUID_76a5b3be-2fe0-4f43-9632-b1c7f9e17f10","height_m":10.48,"ground_m":124.502,"height_source":"LoD1 solid top minus bottom","production":"2024","laser":"2016","footprints":"2022"},"geometry":{"type":"Polygon","coordinates":[[[13.773183578607131,51.068722882675495],[13.773189621440498,51.06871566191312],[13.773185247967946,51.06871372751536],[13.773181017185777,51.06871179461512],[13.773124164457789,51.068686557524146],[13.7731168994708,51.068693037035736],[13.773183578607131,51.068722882675495]]]}},{"type":"Feature","id":"DESNATPU1000Ei8D","properties":{"id":"DESNATPU1000Ei8D","height_m":18.986,"ground_m":166.429,"height_source":"LoD1 solid top minus bottom","production":"2024","laser":"2016","footprints":"2022"},"geometry":{"type":"Polygon","coordinates":[[[13.790487006423062,51.07468937351573],[13.790496368981334,51.074691628668255],[13.79046450243352,51.07474219819839],[13.790614556234248,51.07477954218509],[13.790646874211216,51.07472807800497],[13.790658785489924,51.07470922642372],[13.790689762737143,51.07465990663323],[13.790540280096025,51.07462256865104],[13.790510065486389,51.074670007805054],[13.790500702931782,51.07466775265363],[13.790487006423062,51.07468937351573]]]}},{"type":"Feature","id":"UUID_49083baa-3a5a-46f8-a995-674a7aac97b7","properties":{"id":"UUID_49083baa-3a5a-46f8-a995-674a7aac97b7","height_m":6.983,"ground_m":120.655,"height_source":"LoD1 solid top minus bottom","production":"2024","laser":"2016","footprints":"2022"},"geometry":{"type":"Polygon","coordinates":[[[13.774657059911547,51.06768796827022],[13.774680341605283,51.067692178180266],[13.774704738624202,51.067638476985955],[13.774681440074872,51.06763436582502],[13.774657059911547,51.06768796827022]]]}},{"type":"Feature","id":"UUID_f21d2826-9871-4c28-aff3-9e4ba5f54718","properties":{"id":"UUID_f21d2826-9871-4c28-aff3-9e4ba5f54718","height_m":7.494,"ground_m":120.655,"height_source":"LoD1 solid top minus bottom","production":"2024","laser":"2016","footprints":"2022"},"geometry":{"type":"Polygon","coordinates":[[[13.774571675187898,51.067672513713795],[13.774657059911547,51.06768796827022],[13.774681440074872,51.06763436582502],[13.774701592562714,51.06759006260112],[13.774617071506347,51.06757487792301],[13.774571675187898,51.067672513713795]]]}},{"type":"Feature","id":"DESNATPU1000IhB3","properties":{"id":"DESNATPU1000IhB3","height_m":13.801,"ground_m":133.906,"height_source":"LoD1 solid top minus bottom","production":"2024","laser":"2016","footprints":"2022"},"geometry":{"type":"Polygon","coordinates":[[[13.777913101927764,51.06985957082574],[13.777909870226031,51.06984137153907],[13.777917395631203,51.06982661206762],[13.77791398510225,51.06980436414201],[13.777890456618925,51.069798092946286],[13.77789983940731,51.06978326296802],[13.777829920118908,51.06976625488752],[13.777820965392452,51.069781089336246],[13.7777565803955,51.06976530814684],[13.777754637753,51.06976861517644],[13.777709717100297,51.06984836139597],[13.777708670876159,51.06985014901941],[13.777892262829916,51.06989208680567],[13.777913101927764,51.06985957082574]]]}},{"type":"Feature","id":"DESNATPU1000GMkN","properties":{"id":"DESNATPU1000GMkN","height_m":2.302,"ground_m":162.546,"height_source":"LoD1 solid top minus bottom","production":"2024","laser":"2016","footprints":"2022"},"geometry":{"type":"Polygon","coordinates":[[[13.794096238447496,51.07259725863115],[13.79414646839061,51.072625294818984],[13.794230242628018,51.07256545760556],[13.794180153064021,51.07253751282964],[13.794096238447496,51.07259725863115]]]}},{"type":"Feature","id":"DESNATP1Ak0000R3","properties":{"id":"DESNATP1Ak0000R3","height_m":2.353,"ground_m":145.324,"height_source":"LoD1 solid top minus bottom","production":"2024","laser":"2016","footprints":"2022"},"geometry":{"type":"Polygon","coordinates":[[[13.784934858362847,51.071625853405315],[13.78491009174298,51.07164934596431],[13.7849693639467,51.07167414378993],[13.784979953178508,51.071678579407866],[13.785004734049084,51.071655086982375],[13.784934858362847,51.071625853405315]]]}},{"type":"Feature","id":"DESNATPU1000CBDX","properties":{"id":"DESNATPU1000CBDX","height_m":8.868,"ground_m":163.881,"height_source":"LoD1 solid top minus bottom","production":"2024","laser":"2016","footprints":"2022"},"geometry":{"type":"Polygon","coordinates":[[[13.792730915758902,51.07329395616766],[13.792790809564133,51.07332582476194],[13.792850731992868,51.07335769362064],[13.792989904386264,51.07325355530559],[13.792953294637803,51.07323420243915],[13.79293002199846,51.07322179484471],[13.792905144524624,51.07320852534878],[13.79287022625142,51.07318999927623],[13.792730915758902,51.07329395616766]]]}},{"type":"Feature","id":"DESNATPU1000Fe6p","properties":{"id":"DESNATPU1000Fe6p","height_m":2.758,"ground_m":136.849,"height_source":"LoD1 solid top minus bottom","production":"2024","laser":"2016","footprints":"2022"},"geometry":{"type":"Polygon","coordinates":[[[13.781786098983495,51.06873129432038],[13.781751231626007,51.06873830502164],[13.781737743178297,51.06874104213555],[13.781762428776759,51.06879022036646],[13.781855261849259,51.06877167348394],[13.781836531182561,51.0687348774983],[13.781792334654003,51.068743859330525],[13.781786098983495,51.06873129432038]]]}},{"type":"Feature","id":"DESNATPU1000CoE1","properties":{"id":"DESNATPU1000CoE1","height_m":18.818,"ground_m":164.587,"height_source":"LoD1 solid top minus bottom","production":"2024","laser":"2016","footprints":"2022"},"geometry":{"type":"Polygon","coordinates":[[[13.789966046808086,51.07548569018822],[13.789999801147175,51.07549413313071],[13.790002187717558,51.0754902010021],[13.790080193789825,51.07550962357223],[13.790139190795475,51.075415000444565],[13.790058630119495,51.07539501190164],[13.79002770896503,51.07538740765576],[13.789945017096121,51.07536703726096],[13.78988617419674,51.07546121224775],[13.789968290669146,51.07548175658295],[13.789966046808086,51.07548569018822]]]}},{"type":"Feature","id":"DESNATPU1000Jf3x","properties":{"id":"DESNATPU1000Jf3x","height_m":4.157,"ground_m":161.989,"height_source":"LoD1 solid top minus bottom","production":"2024","laser":"2016","footprints":"2022"},"geometry":{"type":"Polygon","coordinates":[[[13.79210231137593,51.072826490718455],[13.791998714209804,51.072901948890184],[13.791961274683457,51.07288159792511],[13.791932899621301,51.0729023478289],[13.792038878558202,51.07296018771605],[13.792105077607975,51.0729121308185],[13.79213752789189,51.0728883654309],[13.792171136157222,51.07286398250367],[13.79212933128682,51.0728413382824],[13.79210231137593,51.072826490718455]]]}},{"type":"Feature","id":"DESNATP1CX0001iu","properties":{"id":"DESNATP1CX0001iu","height_m":6.413,"ground_m":142.344,"height_source":"LoD1 solid top minus bottom","production":"2024","laser":"2016","footprints":"2022"},"geometry":{"type":"Polygon","coordinates":[[[13.785911219745456,51.070023209784644],[13.785897379534338,51.06992483750912],[13.785696174411912,51.069936065730275],[13.785710013963666,51.07003444701694],[13.785911219745456,51.070023209784644]]]}},{"type":"Feature","id":"DESNATPU1000CLjz","properties":{"id":"DESNATPU1000CLjz","height_m":18.949,"ground_m":157.988,"height_source":"LoD1 solid top minus bottom","production":"2024","laser":"2016","footprints":"2022"},"geometry":{"type":"Polygon","coordinates":[[[13.788156734634764,51.07297566894599],[13.788126882439407,51.0729654673553],[13.788135127490316,51.07295584060555],[13.788056745952291,51.07292912864245],[13.788048503238675,51.07293866548289],[13.787972992048077,51.07302610196868],[13.788157193480883,51.073089252875846],[13.788232849483435,51.07300172784599],[13.788240951815078,51.072992099609316],[13.788164974984568,51.072966222001604],[13.788156734634764,51.07297566894599]]]}},{"type":"Feature","id":"DESNATP1Ak0000RZ","properties":{"id":"DESNATP1Ak0000RZ","height_m":2.386,"ground_m":157.597,"height_source":"LoD1 solid top minus bottom","production":"2024","laser":"2016","footprints":"2022"},"geometry":{"type":"Polygon","coordinates":[[[13.78831210694499,51.07230191073481],[13.788298991478666,51.07229690067136],[13.788276374986657,51.07231955291591],[13.788348075557357,51.07234844368482],[13.788370752162022,51.07232567514319],[13.788363058728795,51.07232238496077],[13.78831210694499,51.07230191073481]]]}},{"type":"Feature","id":"UUID_272cd412-af1c-4a9d-95b4-967c1e878265","properties":{"id":"UUID_272cd412-af1c-4a9d-95b4-967c1e878265","height_m":12.766,"ground_m":124.199,"height_source":"LoD1 solid top minus bottom","production":"2024","laser":"2016","footprints":"2022"},"geometry":{"type":"Polygon","coordinates":[[[13.775844863322861,51.06815680954582],[13.77587861170391,51.06815977092046],[13.775899440987597,51.068067596787785],[13.775865268165276,51.06806449608124],[13.775844863322861,51.06815680954582]]]}},{"type":"Feature","id":"UUID_d6065ada-97f4-49f9-9033-e74b18fdbe79","properties":{"id":"UUID_d6065ada-97f4-49f9-9033-e74b18fdbe79","height_m":11.773,"ground_m":124.199,"height_source":"LoD1 solid top minus bottom","production":"2024","laser":"2016","footprints":"2022"},"geometry":{"type":"Polygon","coordinates":[[[13.776061480964765,51.068125984475785],[13.776048094344404,51.06812485508564],[13.776021272690564,51.06824346834456],[13.776034371832578,51.06824467566264],[13.776061480964765,51.068125984475785]]]}},{"type":"Feature","id":"UUID_a5407ce4-e033-4cfc-853a-9f8b66bdfd76","properties":{"id":"UUID_a5407ce4-e033-4cfc-853a-9f8b66bdfd76","height_m":12.037,"ground_m":124.199,"height_source":"LoD1 solid top minus bottom","production":"2024","laser":"2016","footprints":"2022"},"geometry":{"type":"Polygon","coordinates":[[[13.775824860974208,51.068125125165835],[13.775851346455447,51.06812747091021],[13.775865268165276,51.06806449608124],[13.77583936797781,51.068062147477086],[13.775824860974208,51.068125125165835]]]}},{"type":"Feature","id":"UUID_96896ef4-ccbd-457f-bfac-7700502c9136","properties":{"id":"UUID_96896ef4-ccbd-457f-bfac-7700502c9136","height_m":14.325,"ground_m":124.199,"height_source":"LoD1 solid top minus bottom","production":"2024","laser":"2016","footprints":"2022"},"geometry":{"type":"Polygon","coordinates":[[[13.776048094344404,51.06812485508564],[13.776057789197367,51.06808197090615],[13.775899440987597,51.068067596787785],[13.77587861170391,51.06815977092046],[13.775871479559635,51.068192070392215],[13.775862937499994,51.068229121293875],[13.776006749507902,51.068242138198556],[13.776021272690564,51.06824346834456],[13.776048094344404,51.06812485508564]]]}},{"type":"Feature","id":"UUID_d7d0d8f1-652a-42d6-8a8c-cff4a953c769","properties":{"id":"UUID_d7d0d8f1-652a-42d6-8a8c-cff4a953c769","height_m":13.029,"ground_m":132.292,"height_source":"LoD1 solid top minus bottom","production":"2024","laser":"2016","footprints":"2022"},"geometry":{"type":"Polygon","coordinates":[[[13.789269819233768,51.067495752093535],[13.78926938671536,51.06749591847677],[13.789234807696165,51.067459139377505],[13.789187099719774,51.06747699051211],[13.789183764376792,51.06747353869022],[13.789176557298669,51.067476251802695],[13.78916821659825,51.06746771215091],[13.789145326812067,51.06747633294731],[13.78912872151842,51.067482590784955],[13.789137059868095,51.067491220343385],[13.78912913231073,51.06749419577349],[13.789132748333206,51.06749783036103],[13.789082864778072,51.06751700783722],[13.789123721535606,51.067559337635515],[13.789118535524153,51.06756117240068],[13.789152731037593,51.067596238925816],[13.789157631676812,51.06759440120281],[13.789193630570958,51.06763146481723],[13.789344149202538,51.06757349153292],[13.789304403233723,51.067532342384496],[13.789304705691817,51.06753223760364],[13.789269819233768,51.067495752093535]]]}},{"type":"Feature","id":"UUID_c1400639-8b68-43c0-b1b6-9e3087fdf759","properties":{"id":"UUID_c1400639-8b68-43c0-b1b6-9e3087fdf759","height_m":9.782,"ground_m":132.292,"height_source":"LoD1 solid top minus bottom","production":"2024","laser":"2016","footprints":"2022"},"geometry":{"type":"Polygon","coordinates":[[[13.789334964904516,51.06752069850118],[13.789299377622251,51.067484268690464],[13.789292743643259,51.067486897818256],[13.789274577405207,51.06749390389708],[13.789269819233768,51.067495752093535],[13.789304705691817,51.06753223760364],[13.789309013794323,51.06753068150679],[13.789334964904516,51.06752069850118]]]}},{"type":"Feature","id":"DESNATPU1000FSVD","properties":{"id":"DESNATPU1000FSVD","height_m":6.8,"ground_m":124.382,"height_source":"LoD1 solid top minus bottom","production":"2024","laser":"2016","footprints":"2022"},"geometry":{"type":"Polygon","coordinates":[[[13.773878429932118,51.06892648722806],[13.773975752600906,51.06894342541856],[13.774022597367335,51.068845085637314],[13.77394362255969,51.068830588154604],[13.773907593028532,51.06890853771626],[13.773888272624827,51.06890509762822],[13.773878429932118,51.06892648722806]]]}},{"type":"Feature","id":"DESNATPU1000FsFa","properties":{"id":"DESNATPU1000FsFa","height_m":13.153,"ground_m":123.176,"height_source":"LoD1 solid top minus bottom","production":"2024","laser":"2016","footprints":"2022"},"geometry":{"type":"Polygon","coordinates":[[[13.77585886561082,51.06795066080124],[13.776100256694463,51.067970814649385],[13.776131434564554,51.06782230986889],[13.77607389792475,51.06781757069041],[13.77608171207001,51.0677810517189],[13.775843453984525,51.06776120042628],[13.775812417926188,51.06790970661994],[13.775866679949296,51.067914141846245],[13.77585886561082,51.06795066080124]]]}},{"type":"Feature","id":"UUID_dcabdba2-de59-4f6a-98df-3b681f4aebe6","properties":{"id":"UUID_dcabdba2-de59-4f6a-98df-3b681f4aebe6","height_m":11.852,"ground_m":144.747,"height_source":"LoD1 solid top minus bottom","production":"2024","laser":"2016","footprints":"2022"},"geometry":{"type":"Polygon","coordinates":[[[13.785882998329434,51.07065223377811],[13.785894032133305,51.07064076564495],[13.78577350997031,51.07059535897847],[13.78576237767199,51.07060677212033],[13.785882998329434,51.07065223377811]]]}},{"type":"Feature","id":"UUID_f917541c-c39d-449f-ba8c-ce6d7712fc63","properties":{"id":"UUID_f917541c-c39d-449f-ba8c-ce6d7712fc63","height_m":11.986,"ground_m":144.747,"height_source":"LoD1 solid top minus bottom","production":"2024","laser":"2016","footprints":"2022"},"geometry":{"type":"Polygon","coordinates":[[[13.78576237767199,51.07060677212033],[13.785762436397592,51.07060670978069],[13.785721883591487,51.07059150431152],[13.785619434410295,51.070699244010044],[13.785705919977353,51.07073188715667],[13.785710423596747,51.07072723969505],[13.785739018237836,51.070737968418555],[13.78573455554697,51.07074268824895],[13.785821096944108,51.070775385846396],[13.78592369064518,51.07066756653932],[13.785882983589243,51.070652251610625],[13.785882998329434,51.07065223377811],[13.78576237767199,51.07060677212033]]]}},{"type":"Feature","id":"UUID_1edbd331-311a-4a8c-b7bc-9824a7866544","properties":{"id":"UUID_1edbd331-311a-4a8c-b7bc-9824a7866544","height_m":11.569,"ground_m":123.702,"height_source":"LoD1 solid top minus bottom","production":"2024","laser":"2016","footprints":"2022"},"geometry":{"type":"Polygon","coordinates":[[[13.772894668900573,51.068648266990344],[13.77289661656868,51.06864046367973],[13.772897063652334,51.06863866980833],[13.772939681248987,51.06860040311042],[13.772861469296583,51.068565184438],[13.77273410208572,51.06850782184617],[13.772689798771628,51.06854776142064],[13.772616983622324,51.0686133908464],[13.772589933451428,51.06863778310421],[13.772699814168968,51.06868713848109],[13.772693088728097,51.068693182983466],[13.772723139258298,51.0687064481894],[13.77275163448298,51.068719157487536],[13.772758504987987,51.068713024576724],[13.772794760199258,51.068729142687616],[13.7728216576408,51.06870512647811],[13.772848116522749,51.06868150134231],[13.772861041833197,51.06867848955554],[13.772894668900573,51.068648266990344]]]}},{"type":"Feature","id":"UUID_1b0396e3-3de2-49c3-8e62-58e57475f58c","properties":{"id":"UUID_1b0396e3-3de2-49c3-8e62-58e57475f58c","height_m":11.323,"ground_m":123.702,"height_source":"LoD1 solid top minus bottom","production":"2024","laser":"2016","footprints":"2022"},"geometry":{"type":"Polygon","coordinates":[[[13.772951011922007,51.06859022527637],[13.772928300422244,51.06858009473733],[13.772911084875618,51.068572629812614],[13.772889222397627,51.0685627779641],[13.772872432554662,51.06855540743119],[13.772861469296583,51.068565184438],[13.772939596348447,51.06860037524064],[13.772939681248987,51.06860040311042],[13.772951011922007,51.06859022527637]]]}},{"type":"Feature","id":"DESNATP1Ak0000RH","properties":{"id":"DESNATP1Ak0000RH","height_m":3.0,"ground_m":148.335,"height_source":"LoD1 solid top minus bottom","production":"2024","laser":"2016","footprints":"2022"},"geometry":{"type":"Polygon","coordinates":[[[13.785665805072249,51.07197115663009],[13.78572591179363,51.07199627748599],[13.785737758032118,51.072001229690414],[13.785761954011418,51.07197826160615],[13.78569001557635,51.07194817971861],[13.785665805072249,51.07197115663009]]]}},{"type":"Feature","id":"DESNATPU1000IOX9","properties":{"id":"DESNATPU1000IOX9","height_m":18.751,"ground_m":168.204,"height_source":"LoD1 solid top minus bottom","production":"2024","laser":"2016","footprints":"2022"},"geometry":{"type":"Polygon","coordinates":[[[13.791074377859617,51.07553429862187],[13.791104164337247,51.07548685490092],[13.790953969828076,51.07544933024535],[13.79092270923871,51.07549855724149],[13.790911394482368,51.07551642580958],[13.79087998171614,51.0755660109321],[13.79103045493514,51.075603808347644],[13.791060381872356,51.075556456018845],[13.791065629414929,51.0755577692844],[13.791079627743065,51.07553552198297],[13.791074377859617,51.07553429862187]]]}},{"type":"Feature","id":"DESNATP1Ak0000RT","properties":{"id":"DESNATP1Ak0000RT","height_m":2.389,"ground_m":157.402,"height_source":"LoD1 solid top minus bottom","production":"2024","laser":"2016","footprints":"2022"},"geometry":{"type":"Polygon","coordinates":[[[13.788424931756465,51.072173358986795],[13.788402302994934,51.07219593918606],[13.788414413898549,51.07220115465268],[13.788465439082152,51.07222154866012],[13.78847402195173,51.07222466819871],[13.788496811420865,51.07220194576647],[13.788424931756465,51.072173358986795]]]}},{"type":"Feature","id":"DESNATPU1000IIyR","properties":{"id":"DESNATPU1000IIyR","height_m":11.225,"ground_m":142.413,"height_source":"LoD1 solid top minus bottom","production":"2024","laser":"2016","footprints":"2022"},"geometry":{"type":"Polygon","coordinates":[[[13.78703077308264,51.06974551652763],[13.787095869213225,51.06974349420342],[13.787100983296238,51.069743331444556],[13.787098058382087,51.069706160770075],[13.787100534505623,51.069705898694664],[13.787102526645267,51.06970558663287],[13.787104478091903,51.06970519321343],[13.787106374811161,51.069704709297916],[13.787108216332992,51.06970415286709],[13.787109988858047,51.06970350579212],[13.787111691916282,51.069702786053746],[13.787113311238317,51.06970199350393],[13.787114832554762,51.069701127994584],[13.787116255395588,51.06970020750647],[13.787117565961447,51.06969921391079],[13.787118777816675,51.06969817432669],[13.78711986265753,51.069697079467716],[13.787120834518381,51.06969593847228],[13.787121664625465,51.06969476003463],[13.787122367013152,51.06969355329322],[13.787122941916468,51.06969230925769],[13.787123360091622,51.06969105460298],[13.787123650547407,51.069689771644526],[13.78712379830942,51.069688487205376],[13.787123782594378,51.06968690430699],[13.7871235526037,51.06968532817795],[13.787123200467565,51.0696840565371],[13.787122719437052,51.06968280154438],[13.787122095007785,51.069681572042064],[13.787121341214133,51.069680377168645],[13.787120444021747,51.06967920778562],[13.787119431264335,51.06967809116029],[13.787118288907546,51.069677018154216],[13.787117045255117,51.069675998053874],[13.787115671768305,51.06967503056312],[13.787114210785195,51.06967413410694],[13.787112648271432,51.06967329954688],[13.787110998261369,51.06967253602137],[13.787109260755004,51.06967184353042],[13.78710746382104,51.06967124035091],[13.787105593660131,51.06967070835401],[13.787103678575997,51.06967025682623],[13.787101704064238,51.069669894609916],[13.787099712932958,51.06966962214922],[13.787097676643402,51.06966943914806],[13.787095167349484,51.0696693321738],[13.787092082927831,51.06963007351053],[13.78706129885359,51.06963104003161],[13.787060368593588,51.069619123891755],[13.786890849890224,51.069624414988226],[13.786891780106748,51.06963633112912],[13.78685671075123,51.0696374239839],[13.786859739376505,51.06967607955637],[13.786862437546281,51.06971045111904],[13.786865563105945,51.06975031273407],[13.786934730726983,51.069748152901035],[13.786935083621328,51.0697526709563],[13.786941040305225,51.0697524899708],[13.787026021303717,51.06974983772346],[13.787031106613801,51.069749683661875],[13.78703077308264,51.06974551652763]]]}},{"type":"Feature","id":"DESNATPU1000DyJS","properties":{"id":"DESNATPU1000DyJS","height_m":13.843,"ground_m":121.321,"height_source":"LoD1 solid top minus bottom","production":"2024","laser":"2016","footprints":"2022"},"geometry":{"type":"Polygon","coordinates":[[[13.775009130415373,51.0673752101572],[13.775011698482004,51.06736984137642],[13.775013060978303,51.06736688802355],[13.775000815531639,51.06735497908116],[13.774972266199512,51.06734973380649],[13.77495062595864,51.06735849982071],[13.77486484005462,51.06734258263686],[13.77485546181812,51.06736262826606],[13.774787288281727,51.06734995319653],[13.77476068000741,51.06740632907761],[13.774741933279829,51.06740280521326],[13.77472318141544,51.06744271664301],[13.774742215903968,51.0674461535986],[13.774735698191028,51.06746056372414],[13.774742849621099,51.067470800585646],[13.774727030683671,51.06747531102601],[13.774748484984142,51.06750602161075],[13.774769043441122,51.06750039178294],[13.774775498069689,51.06750999184017],[13.77487918203921,51.06752915425288],[13.77488190468448,51.067523337453935],[13.774886023602257,51.067524100053184],[13.774935167626916,51.067533158338534],[13.774957036910422,51.06753734439712],[13.774968840533083,51.067511928485146],[13.77497324482418,51.06751269407231],[13.77501332333998,51.06742723263653],[13.775002386347527,51.06742522951652],[13.775024609614844,51.067378160163884],[13.775009130415373,51.0673752101572]]]}},{"type":"Feature","id":"UUID_01161ce1-1a5c-457d-b07b-fcc071a9488e","properties":{"id":"UUID_01161ce1-1a5c-457d-b07b-fcc071a9488e","height_m":2.924,"ground_m":149.638,"height_source":"LoD1 solid top minus bottom","production":"2024","laser":"2016","footprints":"2022"},"geometry":{"type":"Polygon","coordinates":[[[13.786191415689668,51.07200712865366],[13.786162072873271,51.07203478258891],[13.786162014381581,51.07203483593834],[13.78623791023848,51.07206698201039],[13.786267443245908,51.072039150175044],[13.786191415689668,51.07200712865366]]]}},{"type":"Feature","id":"UUID_1220dc4e-c741-4ca8-a75a-18dd1f27591a","properties":{"id":"UUID_1220dc4e-c741-4ca8-a75a-18dd1f27591a","height_m":6.305,"ground_m":149.638,"height_source":"LoD1 solid top minus bottom","production":"2024","laser":"2016","footprints":"2022"},"geometry":{"type":"Polygon","coordinates":[[[13.786187553053113,51.07213457962903],[13.786252663263513,51.07207322334036],[13.786237895497967,51.07206699984295],[13.78623791023848,51.07206698201039],[13.786162014381581,51.07203483593834],[13.786162072873271,51.07203478258891],[13.786122033358753,51.07201790993461],[13.786056760203536,51.072079489279396],[13.786187553053113,51.07213457962903]]]}},{"type":"Feature","id":"DESNATPU1000C6bJ","properties":{"id":"DESNATPU1000C6bJ","height_m":11.706,"ground_m":139.967,"height_source":"LoD1 solid top minus bottom","production":"2024","laser":"2016","footprints":"2022"},"geometry":{"type":"Polygon","coordinates":[[[13.785864471509823,51.06974241815728],[13.78586409174651,51.06973838543133],[13.785949951352846,51.06973597690613],[13.785945220434533,51.06966912913663],[13.7859693028113,51.069668453014074],[13.78596678955589,51.06963304018225],[13.78594362137703,51.0696336898286],[13.785938908898984,51.06956722894024],[13.785864190741167,51.06956933052679],[13.785863887030834,51.06956511873441],[13.785847706135936,51.06955511251347],[13.785806670126007,51.06955622400846],[13.785789288992511,51.06956644813869],[13.785789649691177,51.06957120908503],[13.785776450711346,51.069571611539786],[13.785778797010042,51.069602490263286],[13.785775237909082,51.069602138541775],[13.7857723012479,51.06960200012104],[13.78576934725881,51.06960197842681],[13.785766389740582,51.06960209158807],[13.785763471501214,51.069602340049514],[13.785760564237275,51.069602714524336],[13.785757725026112,51.069603215605476],[13.785754939833637,51.06960383415431],[13.785752236963242,51.069604579457675],[13.785749616650183,51.06960544252525],[13.785747093399072,51.06960641451487],[13.785744681479237,51.06960749557479],[13.785741931482574,51.06960895082078],[13.785739377492058,51.06961055198798],[13.785737456528752,51.06961196188944],[13.785735690410588,51.069613454334885],[13.785734093642198,51.06961502048212],[13.785732666458877,51.06961665134081],[13.785731437634611,51.06961833821704],[13.785730392900073,51.06962008096263],[13.785729546995194,51.06962186174504],[13.785728885650643,51.069623680416036],[13.785728437875706,51.06962551929138],[13.785728203670413,51.06962737837106],[13.785728169236002,51.069629239526115],[13.785728395566764,51.06963149907404],[13.785646333204376,51.06963389293012],[13.785654167113918,51.069740862922075],[13.785788623643707,51.069736953996895],[13.78578890869076,51.06974078789726],[13.785803507294725,51.06974035501622],[13.785802949836592,51.06974202188892],[13.78580265440331,51.06974349364162],[13.785802501428604,51.06974497586701],[13.785802519686523,51.06974645987117],[13.78580270941236,51.06974793666373],[13.785803056572014,51.0697493971061],[13.785803560930228,51.06975085018861],[13.785804237462212,51.06975226908844],[13.78580519491189,51.06975386176991],[13.785806353544702,51.06975540258439],[13.785807519000407,51.06975668267809],[13.785808828326427,51.06975791930223],[13.785810267723914,51.06975909432785],[13.785811823158753,51.0697601986163],[13.785813508900334,51.069761232315834],[13.785815310679268,51.06976219527822],[13.785817200427308,51.06976306922624],[13.785819489012596,51.06976397429576],[13.785824686825318,51.06976552109737],[13.785831020471775,51.06976620739452],[13.785837070929643,51.06976626125258],[13.785843036558598,51.069765738688965],[13.785849661330477,51.06976402692762],[13.78585335131237,51.06976210482415],[13.78585540885563,51.069760930152704],[13.785856803654772,51.069759991402925],[13.785858523908182,51.06975861538588],[13.78586003247323,51.06975714724172],[13.78586100413091,51.06975601524736],[13.785862102412384,51.06975440794912],[13.785862483614046,51.06975347665609],[13.785863475901877,51.069750465377666],[13.785864265993071,51.06974645379644],[13.785864471509823,51.06974241815728]]]}},{"type":"Feature","id":"DESNATP1Ak0000RF","properties":{"id":"DESNATP1Ak0000RF","height_m":2.413,"ground_m":148.309,"height_source":"LoD1 solid top minus bottom","production":"2024","laser":"2016","footprints":"2022"},"geometry":{"type":"Polygon","coordinates":[[[13.78572740685063,51.071911886485026],[13.785703726577848,51.071934239415846],[13.78577468624812,51.071964086307226],[13.785798266612005,51.07194173232436],[13.785788046850875,51.0719373545762],[13.78572740685063,51.071911886485026]]]}},{"type":"Feature","id":"DESNATPU1000GPax","properties":{"id":"DESNATPU1000GPax","height_m":2.574,"ground_m":136.379,"height_source":"LoD1 solid top minus bottom","production":"2024","laser":"2016","footprints":"2022"},"geometry":{"type":"Polygon","coordinates":[[[13.78097296170211,51.07101868306686],[13.78103129386978,51.071031341789514],[13.781042590547042,51.070938204091554],[13.780979617560906,51.07093377036518],[13.78097296170211,51.07101868306686]]]}},{"type":"Feature","id":"UUID_f72a9be5-2efe-4c69-af67-74a1c76ec15f","properties":{"id":"UUID_f72a9be5-2efe-4c69-af67-74a1c76ec15f","height_m":13.147,"ground_m":123.218,"height_source":"LoD1 solid top minus bottom","production":"2024","laser":"2016","footprints":"2022"},"geometry":{"type":"Polygon","coordinates":[[[13.774609378117384,51.06844988911476],[13.774632054100563,51.06840192530521],[13.774610877444879,51.06839798026272],[13.774588217135397,51.06844589027562],[13.774609378117384,51.06844988911476]]]}},{"type":"Feature","id":"UUID_e5b71696-1e20-47f9-a263-e09c8df4aa41","properties":{"id":"UUID_e5b71696-1e20-47f9-a263-e09c8df4aa41","height_m":15.596,"ground_m":123.218,"height_source":"LoD1 solid top minus bottom","production":"2024","laser":"2016","footprints":"2022"},"geometry":{"type":"Polygon","coordinates":[[[13.774314403568498,51.06844274947137],[13.77432846330907,51.06844541489872],[13.77430472166875,51.068495885466135],[13.774529130948691,51.06853762710424],[13.774545015628076,51.06850362091401],[13.774595680225197,51.06839515006589],[13.774595637655894,51.06839514062676],[13.774535331564493,51.0683839148097],[13.774437619780068,51.06836553414807],[13.774371007347732,51.06835314499632],[13.774344692850365,51.06840916414485],[13.774331341815834,51.06840668600764],[13.774314403568498,51.06844274947137]]]}},{"type":"Feature","id":"UUID_608f1079-37bb-49f8-938e-b4ed4f703c1f","properties":{"id":"UUID_608f1079-37bb-49f8-938e-b4ed4f703c1f","height_m":14.359,"ground_m":123.218,"height_source":"LoD1 solid top minus bottom","production":"2024","laser":"2016","footprints":"2022"},"geometry":{"type":"Polygon","coordinates":[[[13.774545015628076,51.06850362091401],[13.774559646158588,51.06850629229785],[13.774588217135397,51.06844589027562],[13.774610877444879,51.06839798026272],[13.77459725671407,51.06839544537148],[13.774595680225197,51.06839515006589],[13.774545015628076,51.06850362091401]]]}},{"type":"Feature","id":"UUID_1f19660c-2611-470d-bbd4-d5bafa6db75f","properties":{"id":"UUID_1f19660c-2611-470d-bbd4-d5bafa6db75f","height_m":9.968,"ground_m":135.8,"height_source":"LoD1 solid top minus bottom","production":"2024","laser":"2016","footprints":"2022"},"geometry":{"type":"Polygon","coordinates":[[[13.781552547996403,51.068143292424345],[13.781559798214223,51.06815798133761],[13.781603563799367,51.06814908503031],[13.781596268165591,51.06813449456739],[13.781552547996403,51.068143292424345]]]}},{"type":"Feature","id":"UUID_eb7ce1df-4453-4ed6-8dd5-08b2076cf3fa","properties":{"id":"UUID_eb7ce1df-4453-4ed6-8dd5-08b2076cf3fa","height_m":10.654,"ground_m":135.8,"height_source":"LoD1 solid top minus bottom","production":"2024","laser":"2016","footprints":"2022"},"geometry":{"type":"Polygon","coordinates":[[[13.781496858504878,51.068049699129844],[13.781496844708215,51.06804968100037],[13.781440454144732,51.06806105356423],[13.78148862485664,51.068156160231204],[13.781552615799555,51.06814342802346],[13.781552547996403,51.068143292424345],[13.781596268165591,51.06813449456739],[13.781596241044285,51.068134440327746],[13.781661525568854,51.068121361832254],[13.781613354536224,51.068026255233825],[13.781548788296382,51.06803916133359],[13.78154882897818,51.068039242693054],[13.781496858504878,51.068049699129844]]]}},{"type":"Feature","id":"UUID_a804af47-5657-4d13-a443-dbfdf162b2dd","properties":{"id":"UUID_a804af47-5657-4d13-a443-dbfdf162b2dd","height_m":7.858,"ground_m":135.8,"height_source":"LoD1 solid top minus bottom","production":"2024","laser":"2016","footprints":"2022"},"geometry":{"type":"Polygon","coordinates":[[[13.78154882897818,51.068039242693054],[13.781541332330317,51.0680241555257],[13.781489531445748,51.06803467667683],[13.781496858504878,51.068049699129844],[13.78154882897818,51.068039242693054]]]}},{"type":"Feature","id":"DESNATPU1000IuFE","properties":{"id":"DESNATPU1000IuFE","height_m":5.014,"ground_m":172.839,"height_source":"LoD1 solid top minus bottom","production":"2024","laser":"2016","footprints":"2022"},"geometry":{"type":"Polygon","coordinates":[[[13.792155451128469,51.07381184196707],[13.792145284872209,51.07374177289412],[13.792138137844004,51.07374214868059],[13.792120409468312,51.07374322447533],[13.792037779979006,51.07374794611883],[13.792016048793926,51.07374925031527],[13.79201090433675,51.07374946693356],[13.792021213098046,51.073819537491566],[13.792155451128469,51.07381184196707]]]}},{"type":"Feature","id":"DESNATPU1000C3mN","properties":{"id":"DESNATPU1000C3mN","height_m":10.024,"ground_m":135.866,"height_source":"LoD1 solid top minus bottom","production":"2024","laser":"2016","footprints":"2022"},"geometry":{"type":"Polygon","coordinates":[[[13.780898257969685,51.068060075894046],[13.78093670862295,51.068144829594615],[13.781035374419856,51.06812697369657],[13.781038750330131,51.0681342930887],[13.781101562066222,51.06812298768101],[13.781098230842728,51.06811559681415],[13.781060018235852,51.06803100752059],[13.78101241188508,51.06803941392741],[13.780944722854416,51.06805165762838],[13.780898257969685,51.068060075894046]]]}},{"type":"Feature","id":"DESNATPU1000E1RP","properties":{"id":"DESNATPU1000E1RP","height_m":18.826,"ground_m":168.081,"height_source":"LoD1 solid top minus bottom","production":"2024","laser":"2016","footprints":"2022"},"geometry":{"type":"Polygon","coordinates":[[[13.791421627066034,51.07506001197511],[13.791409569284024,51.07505709953339],[13.79144170873773,51.07500698221294],[13.791297057768842,51.07497041458778],[13.791263715595864,51.075022857560924],[13.791251364634968,51.07504215429571],[13.791220855677011,51.07508995029685],[13.791365509297743,51.07512642811388],[13.791395423866545,51.07507952521019],[13.791407338942873,51.07508243617781],[13.791421627066034,51.07506001197511]]]}},{"type":"Feature","id":"UUID_2e33e96a-b678-47fe-b3e9-d6ecdbfd40d5","properties":{"id":"UUID_2e33e96a-b678-47fe-b3e9-d6ecdbfd40d5","height_m":2.555,"ground_m":137.211,"height_source":"LoD1 solid top minus bottom","production":"2024","laser":"2016","footprints":"2022"},"geometry":{"type":"Polygon","coordinates":[[[13.78730646637886,51.06784814135993],[13.787315008679597,51.06785660230136],[13.787371120005055,51.06783454953778],[13.787362501419992,51.06782627665817],[13.78730646637886,51.06784814135993]]]}},{"type":"Feature","id":"UUID_11d1b919-b9e0-44e5-ba03-aecb8f01727f","properties":{"id":"UUID_11d1b919-b9e0-44e5-ba03-aecb8f01727f","height_m":10.199,"ground_m":137.211,"height_source":"LoD1 solid top minus bottom","production":"2024","laser":"2016","footprints":"2022"},"geometry":{"type":"Polygon","coordinates":[[[13.787333491321462,51.06790850275873],[13.787341018361142,51.06790556825869],[13.787369073935103,51.06793414174153],[13.787353918792306,51.067940054660305],[13.78736750185132,51.0679538826497],[13.787382671265803,51.06794796987723],[13.787410449031972,51.06797625269744],[13.787446728414633,51.06796212365687],[13.787452430162325,51.06796786626747],[13.787460490790094,51.06796472146763],[13.787488925907777,51.06795364953025],[13.787393285936838,51.06785583168662],[13.787371120005055,51.06783454953778],[13.78737081730575,51.06783466330397],[13.787315008679597,51.06785660230136],[13.787299116917282,51.067862849297455],[13.78731567874727,51.067879567914844],[13.787308137676405,51.067882493274865],[13.787333491321462,51.06790850275873]]]}},{"type":"Feature","id":"DESNATPU1000DAx9","properties":{"id":"DESNATPU1000DAx9","height_m":2.777,"ground_m":164.875,"height_source":"LoD1 solid top minus bottom","production":"2024","laser":"2016","footprints":"2022"},"geometry":{"type":"Polygon","coordinates":[[[13.792843980482466,51.073480015967576],[13.792910177293937,51.07351433268588],[13.792964643993345,51.07347280882179],[13.79289859224465,51.07343840370402],[13.792843980482466,51.073480015967576]]]}},{"type":"Feature","id":"DESNATPU1000GTIJ","properties":{"id":"DESNATPU1000GTIJ","height_m":9.009,"ground_m":144.048,"height_source":"LoD1 solid top minus bottom","production":"2024","laser":"2016","footprints":"2022"},"geometry":{"type":"Polygon","coordinates":[[[13.7866784050871,51.07035916200779],[13.786663784816367,51.07033967569169],[13.78653503666956,51.070367026208125],[13.786523381902919,51.07037059226439],[13.786504739741417,51.0703739059203],[13.78652559316215,51.07040065121892],[13.786543817679116,51.07042422173649],[13.786667079145595,51.07038836101039],[13.78668247691345,51.07038357480015],[13.786666462590519,51.07036281501964],[13.7866784050871,51.07035916200779]]]}},{"type":"Feature","id":"DESNATPU1000CP0g","properties":{"id":"DESNATPU1000CP0g","height_m":18.643,"ground_m":135.425,"height_source":"LoD1 solid top minus bottom","production":"2024","laser":"2016","footprints":"2022"},"geometry":{"type":"Polygon","coordinates":[[[13.773129634612268,51.070487697775725],[13.773116891758507,51.07047299564713],[13.773201728590344,51.07044402993976],[13.773132886773817,51.070364710093585],[13.773115580032938,51.0703444744377],[13.772902377446034,51.07041840555616],[13.77291967460631,51.07043846128658],[13.772988240286649,51.07051795821599],[13.773072958358712,51.07048809207273],[13.77308556801664,51.07050243309506],[13.77308725193667,51.07051432129708],[13.773115348642085,51.0705097600953],[13.773144296644693,51.070494596291326],[13.773129634612268,51.070487697775725]]]}},{"type":"Feature","id":"DESNATPU1000FEGv","properties":{"id":"DESNATPU1000FEGv","height_m":3.472,"ground_m":139.637,"height_source":"LoD1 solid top minus bottom","production":"2024","laser":"2016","footprints":"2022"},"geometry":{"type":"Polygon","coordinates":[[[13.7858622943893,51.06889016438451],[13.78588135361724,51.06894180127197],[13.785884794678108,51.06894120751863],[13.785961300039975,51.068930221597576],[13.78596473874668,51.0689297177456],[13.78594553909159,51.06887798948518],[13.7858622943893,51.06889016438451]]]}},{"type":"Feature","id":"DESNATPU1000EagJ","properties":{"id":"DESNATPU1000EagJ","height_m":3.927,"ground_m":160.179,"height_source":"LoD1 solid top minus bottom","production":"2024","laser":"2016","footprints":"2022"},"geometry":{"type":"Polygon","coordinates":[[[13.78729287010903,51.07413280697288],[13.787244803724013,51.07420775793171],[13.787376980061248,51.0742407839164],[13.787424763203612,51.07416574003786],[13.78729287010903,51.07413280697288]]]}},{"type":"Feature","id":"UUID_e4b4a5ab-ef1d-424d-9b88-6d76dd234e5f","properties":{"id":"UUID_e4b4a5ab-ef1d-424d-9b88-6d76dd234e5f","height_m":14.44,"ground_m":121.007,"height_source":"LoD1 solid top minus bottom","production":"2024","laser":"2016","footprints":"2022"},"geometry":{"type":"Polygon","coordinates":[[[13.774017221248114,51.067175169388435],[13.773956820344115,51.067164355939845],[13.773958482524252,51.06716086617289],[13.773944579973918,51.067152267081894],[13.77391644944366,51.06714738565443],[13.77389723459906,51.06715078122026],[13.77389602185047,51.06715346634652],[13.773885367967319,51.0671515560196],[13.773880516969275,51.06716229652403],[13.774012577876034,51.06718561531271],[13.774014899681108,51.06718038785543],[13.774017221248114,51.067175169388435]]]}},{"type":"Feature","id":"UUID_2accbb18-b38f-4fbc-86f5-e83dc3b4a534","properties":{"id":"UUID_2accbb18-b38f-4fbc-86f5-e83dc3b4a534","height_m":16.257,"ground_m":121.007,"height_source":"LoD1 solid top minus bottom","production":"2024","laser":"2016","footprints":"2022"},"geometry":{"type":"Polygon","coordinates":[[[13.774017221248114,51.067175169388435],[13.77398001191177,51.067258933965306],[13.773990951194737,51.067260847277105],[13.774028841127093,51.06717725170652],[13.774017221248114,51.067175169388435]]]}},{"type":"Feature","id":"UUID_c4aa2b9b-d6b1-4bfa-a7b8-2968016f7235","properties":{"id":"UUID_c4aa2b9b-d6b1-4bfa-a7b8-2968016f7235","height_m":10.691,"ground_m":121.007,"height_source":"LoD1 solid top minus bottom","production":"2024","laser":"2016","footprints":"2022"},"geometry":{"type":"Polygon","coordinates":[[[13.77383440905123,51.06728141743116],[13.773763137507025,51.06726879019772],[13.77376309208794,51.06726888864234],[13.773755354209909,51.06728625354647],[13.773826671197634,51.06729878234017],[13.77383440905123,51.06728141743116]]]}},{"type":"Feature","id":"UUID_f632b7c8-1941-43dc-b073-a9e9f7fa2431","properties":{"id":"UUID_f632b7c8-1941-43dc-b073-a9e9f7fa2431","height_m":10.1,"ground_m":121.007,"height_source":"LoD1 solid top minus bottom","production":"2024","laser":"2016","footprints":"2022"},"geometry":{"type":"Polygon","coordinates":[[[13.773851990959784,51.0671572580543],[13.77386288501824,51.06713279494133],[13.773801939152087,51.06712208360932],[13.773791159925125,51.06714652094297],[13.773851990959784,51.0671572580543]]]}},{"type":"Feature","id":"UUID_93858a06-024d-42f8-af79-3c8764100285","properties":{"id":"UUID_93858a06-024d-42f8-af79-3c8764100285","height_m":12.89,"ground_m":121.007,"height_source":"LoD1 solid top minus bottom","production":"2024","laser":"2016","footprints":"2022"},"geometry":{"type":"Polygon","coordinates":[[[13.773727011503956,51.0672623949823],[13.77376309208794,51.06726888864234],[13.773763137507025,51.06726879019772],[13.77373810630553,51.06726436390643],[13.773773874594974,51.067184918829504],[13.773762652344278,51.067182912600295],[13.773727011503956,51.0672623949823]]]}},{"type":"Feature","id":"UUID_ee118176-7ca5-4dc6-980f-8765879d3f09","properties":{"id":"UUID_ee118176-7ca5-4dc6-980f-8765879d3f09","height_m":14.839,"ground_m":121.007,"height_source":"LoD1 solid top minus bottom","production":"2024","laser":"2016","footprints":"2022"},"geometry":{"type":"Polygon","coordinates":[[[13.773773874594974,51.067184918829504],[13.77373810630553,51.06726436390643],[13.77383440905123,51.06728141743116],[13.773893364660887,51.06729183808224],[13.773960132380637,51.067303689573706],[13.77398001191177,51.067258933965306],[13.774012577876034,51.06718561531271],[13.773880516969275,51.06716229652403],[13.773851960759783,51.06715732068728],[13.773851990959784,51.0671572580543],[13.773791159925125,51.06714652094297],[13.773773874594974,51.067184918829504]]]}},{"type":"Feature","id":"DESNATP1CX0001iw","properties":{"id":"DESNATP1CX0001iw","height_m":3.0,"ground_m":142.686,"height_source":"LoD1 solid top minus bottom","production":"2024","laser":"2016","footprints":"2022"},"geometry":{"type":"Polygon","coordinates":[[[13.78602172581946,51.06992112905181],[13.786030248443867,51.07000017448133],[13.786218153229372,51.06999213490937],[13.78620963028584,51.06991308949128],[13.78602172581946,51.06992112905181]]]}},{"type":"Feature","id":"DESNATPU1000InZm","properties":{"id":"DESNATPU1000InZm","height_m":15.694,"ground_m":151.504,"height_source":"LoD1 solid top minus bottom","production":"2024","laser":"2016","footprints":"2022"},"geometry":{"type":"Polygon","coordinates":[[[13.787641619920745,51.071794157668265],[13.787620659336014,51.071815163293365],[13.787626750812446,51.071816935110085],[13.787584382692792,51.07185966113996],[13.787577884256049,51.07185707574682],[13.787558523862655,51.07187692889365],[13.787564907794172,51.07187843396283],[13.787640527501843,51.071909703955136],[13.787716147311931,51.071940973899046],[13.78774618086764,51.071911429257504],[13.787770058876383,51.071888025808214],[13.787822365378316,51.071836409968626],[13.787745876542779,51.07180562568425],[13.787669387809254,51.071774841350376],[13.787647259801432,51.07179682408099],[13.787641619920745,51.071794157668265]]]}},{"type":"Feature","id":"DESNATPU1000D3r5","properties":{"id":"DESNATPU1000D3r5","height_m":19.511,"ground_m":144.825,"height_source":"LoD1 solid top minus bottom","production":"2024","laser":"2016","footprints":"2022"},"geometry":{"type":"Polygon","coordinates":[[[13.785020665811057,51.070992212462],[13.784968546773191,51.07098753399678],[13.78494850721914,51.07107689410736],[13.785048761730758,51.071085759984136],[13.785083081074225,51.07108882354509],[13.785185754678457,51.07109797524003],[13.785205936483761,51.071008616569124],[13.7851565213661,51.07100424506711],[13.785020665811057,51.070992212462]]]}},{"type":"Feature","id":"UUID_5ab96e2e-6f1f-4ebe-9d56-503b12ff7431","properties":{"id":"UUID_5ab96e2e-6f1f-4ebe-9d56-503b12ff7431","height_m":11.892,"ground_m":124.649,"height_source":"LoD1 solid top minus bottom","production":"2024","laser":"2016","footprints":"2022"},"geometry":{"type":"Polygon","coordinates":[[[13.77577662260114,51.068330555605364],[13.775761036315085,51.06840197523431],[13.77581535910424,51.06840683378121],[13.775845332804362,51.06840951282372],[13.775844798001925,51.068413553993366],[13.775845690713371,51.06840947160812],[13.775845348765206,51.06840944131094],[13.775815369961713,51.06840678513429],[13.775815303451717,51.068406779241386],[13.775831020685299,51.068335262055946],[13.77577662260114,51.068330555605364]]]}},{"type":"Feature","id":"UUID_55ae0e9f-2009-4cbc-8969-2ae979b5d0dd","properties":{"id":"UUID_55ae0e9f-2009-4cbc-8969-2ae979b5d0dd","height_m":13.581,"ground_m":124.649,"height_source":"LoD1 solid top minus bottom","production":"2024","laser":"2016","footprints":"2022"},"geometry":{"type":"Polygon","coordinates":[[[13.776033320894687,51.06834403536354],[13.776019798637831,51.06834263476534],[13.776024812508417,51.06832029513811],[13.776038341873438,51.06832142602547],[13.776043790913803,51.06829882116964],[13.776023003393886,51.06829689485075],[13.776034371832578,51.06824467566264],[13.776006749507902,51.068242138198556],[13.775941592707689,51.06823624001953],[13.775862937499994,51.068229121293875],[13.775854376179577,51.06822903162876],[13.775831020685299,51.068335262055946],[13.775815303451717,51.068406779241386],[13.775845690713371,51.06840947160812],[13.775844798001925,51.068413553993366],[13.775908309329123,51.068419075279586],[13.775909269822089,51.06841512849613],[13.775993568732746,51.068422576075555],[13.776007089037126,51.06836453408992],[13.776028159593276,51.06836655330367],[13.776033320894687,51.06834403536354]]]}},{"type":"Feature","id":"UUID_e74f0e6e-d8fd-4fab-bdd1-429dd6931bbc","properties":{"id":"UUID_e74f0e6e-d8fd-4fab-bdd1-429dd6931bbc","height_m":12.991,"ground_m":120.789,"height_source":"LoD1 solid top minus bottom","production":"2024","laser":"2016","footprints":"2022"},"geometry":{"type":"Polygon","coordinates":[[[13.77386681427531,51.06750262120904],[13.773809130702787,51.06749266353201],[13.773810350592836,51.067489708696876],[13.773725825269688,51.067474703183926],[13.773724158308633,51.06747837275387],[13.773661642474858,51.06746764487932],[13.77364554830171,51.067504166749806],[13.773639153553894,51.06750311044319],[13.773627668844306,51.067529392881056],[13.773615911128122,51.06755628396543],[13.773620603149308,51.067556962694375],[13.77360402857655,51.06759545794015],[13.773668955984892,51.06760675071677],[13.773667600524107,51.06760943434318],[13.773696302053102,51.06761432182008],[13.773721162927428,51.06761871935393],[13.773749436407922,51.067623602326805],[13.773750806119658,51.06762037927934],[13.77381175737757,51.06763091083485],[13.773828317537347,51.067592954978835],[13.773832153445817,51.06759362471802],[13.773833822778364,51.067589865243235],[13.773829673909955,51.06758915624962],[13.773839802596168,51.06756557540067],[13.773850814444067,51.06753989949418],[13.773850558558731,51.06753986083849],[13.77386681427531,51.06750262120904]]]}},{"type":"Feature","id":"UUID_10dfb967-2b17-4bf3-8719-96ad9c6c6745","properties":{"id":"UUID_10dfb967-2b17-4bf3-8719-96ad9c6c6745","height_m":6.05,"ground_m":120.789,"height_source":"LoD1 solid top minus bottom","production":"2024","laser":"2016","footprints":"2022"},"geometry":{"type":"Polygon","coordinates":[[[13.77384689411706,51.06759211568376],[13.773859965457044,51.06759436612281],[13.773879260214255,51.06755014396793],[13.77385311993414,51.06754555318946],[13.773855250581855,51.06754053955803],[13.773850814444067,51.06753989949418],[13.773849917003249,51.06754199440099],[13.773829673909955,51.06758915624962],[13.773833822778364,51.067589865243235],[13.77384689411706,51.06759211568376]]]}},{"type":"Feature","id":"UUID_ad8cdddc-e6a8-4453-b2e0-16a32834bd56","properties":{"id":"UUID_ad8cdddc-e6a8-4453-b2e0-16a32834bd56","height_m":13.647,"ground_m":123.519,"height_source":"LoD1 solid top minus bottom","production":"2024","laser":"2016","footprints":"2022"},"geometry":{"type":"Polygon","coordinates":[[[13.773770713543344,51.06884377430839],[13.773791600656567,51.06884733876616],[13.773803148942786,51.06884242393584],[13.773812278199664,51.06882102685751],[13.773806917599149,51.0688132367913],[13.77378504664938,51.0688096350363],[13.773770713543344,51.06884377430839]]]}},{"type":"Feature","id":"UUID_8939c080-0925-4619-a201-abebe44f7b22","properties":{"id":"UUID_8939c080-0925-4619-a201-abebe44f7b22","height_m":14.269,"ground_m":123.519,"height_source":"LoD1 solid top minus bottom","production":"2024","laser":"2016","footprints":"2022"},"geometry":{"type":"Polygon","coordinates":[[[13.773745734178414,51.068903242587226],[13.773770287372738,51.06884369789478],[13.773770713543344,51.06884377430839],[13.77378504664938,51.0688096350363],[13.7737847481876,51.06880958694103],[13.773812447452357,51.06874440976478],[13.77375802759374,51.068735115806646],[13.77375999661085,51.068730819907984],[13.773691650177907,51.06871922153346],[13.77368966689849,51.06872405685085],[13.773638226946984,51.06871542359904],[13.773571836524036,51.068872820860406],[13.773660703328526,51.06888836662866],[13.773745734178414,51.068903242587226]]]}},{"type":"Feature","id":"DESNATP1Ak0000Qv","properties":{"id":"DESNATP1Ak0000Qv","height_m":6.097,"ground_m":145.326,"height_source":"LoD1 solid top minus bottom","production":"2024","laser":"2016","footprints":"2022"},"geometry":{"type":"Polygon","coordinates":[[[13.784990801977656,51.07148015784835],[13.78497439527185,51.07147330564151],[13.784925972862204,51.07151930411676],[13.784942365306962,51.071526156182074],[13.78506942316706,51.071579320481504],[13.785117857414907,51.07153341199873],[13.785059419465426,51.071508919681804],[13.784990801977656,51.07148015784835]]]}},{"type":"Feature","id":"UUID_839e65dd-ac78-4973-a925-393694387a0f","properties":{"id":"UUID_839e65dd-ac78-4973-a925-393694387a0f","height_m":11.225,"ground_m":136.354,"height_source":"LoD1 solid top minus bottom","production":"2024","laser":"2016","footprints":"2022"},"geometry":{"type":"Polygon","coordinates":[[[13.783310061031425,51.06839779689303],[13.783282377018926,51.06840847995211],[13.783282232914821,51.06840853240893],[13.783300243157344,51.06842711919666],[13.7833003007047,51.06842710181007],[13.78332782789036,51.068416956683414],[13.783310061031425,51.06839779689303]]]}},{"type":"Feature","id":"UUID_ef80eefb-3c48-474e-a3a4-430edb399be9","properties":{"id":"UUID_ef80eefb-3c48-474e-a3a4-430edb399be9","height_m":12.437,"ground_m":136.354,"height_source":"LoD1 solid top minus bottom","production":"2024","laser":"2016","footprints":"2022"},"geometry":{"type":"Polygon","coordinates":[[[13.783288527714445,51.06849560345754],[13.783329031513151,51.06847991894355],[13.783314302436313,51.06846465768737],[13.783237725189515,51.068385317255114],[13.783224474337342,51.068390431117685],[13.783224460539902,51.0683904129884],[13.783154214122817,51.068417451510825],[13.78315425598662,51.068417487917934],[13.783114318341502,51.06843280956027],[13.783205746794804,51.06852764642966],[13.783288527714445,51.06849560345754]]]}},{"type":"Feature","id":"UUID_d699b640-a908-4d6b-a36c-c605aaa4d69a","properties":{"id":"UUID_d699b640-a908-4d6b-a36c-c605aaa4d69a","height_m":10.714,"ground_m":136.354,"height_source":"LoD1 solid top minus bottom","production":"2024","laser":"2016","footprints":"2022"},"geometry":{"type":"Polygon","coordinates":[[[13.783253744439616,51.06837913508613],[13.783237725189515,51.068385317255114],[13.783276382242287,51.06842536001861],[13.783314302436313,51.06846465768737],[13.78333059375749,51.06845844236872],[13.7833003007047,51.06842710181007],[13.783300243157344,51.06842711919666],[13.783292544426642,51.06841917033942],[13.783282232914821,51.06840853240893],[13.783282377018926,51.06840847995211],[13.783253744439616,51.06837913508613]]]}},{"type":"Feature","id":"UUID_8eb61aaf-bfb0-4441-aebd-e1b8b840cfdc","properties":{"id":"UUID_8eb61aaf-bfb0-4441-aebd-e1b8b840cfdc","height_m":10.224,"ground_m":136.354,"height_source":"LoD1 solid top minus bottom","production":"2024","laser":"2016","footprints":"2022"},"geometry":{"type":"Polygon","coordinates":[[[13.783224460539902,51.0683904129884],[13.78321460978782,51.06838016653966],[13.783144106067867,51.06840722036304],[13.783154214122817,51.068417451510825],[13.783224460539902,51.0683904129884]]]}},{"type":"Feature","id":"DESNATPU1000D8DF","properties":{"id":"DESNATPU1000D8DF","height_m":3.083,"ground_m":135.083,"height_source":"LoD1 solid top minus bottom","production":"2024","laser":"2016","footprints":"2022"},"geometry":{"type":"Polygon","coordinates":[[[13.78111404327558,51.067751084832864],[13.781125115463952,51.06777512120156],[13.781136853870166,51.06780096308072],[13.781226391576665,51.067782831977475],[13.781203545472431,51.06773430230018],[13.781191786065989,51.06773642788279],[13.78111404327558,51.067751084832864]]]}},{"type":"Feature","id":"DESNATPU1000Ctnb","properties":{"id":"DESNATPU1000Ctnb","height_m":18.904,"ground_m":163.578,"height_source":"LoD1 solid top minus bottom","production":"2024","laser":"2016","footprints":"2022"},"geometry":{"type":"Polygon","coordinates":[[[13.789482595901616,51.075057303286776],[13.789476496891169,51.07505580127564],[13.789507482665666,51.07500621210018],[13.789357288686455,51.07496877531291],[13.78932451986491,51.0750210438229],[13.78931186156353,51.07504114652476],[13.789281022960132,51.075090557317175],[13.789431074558143,51.075127992725925],[13.78946205808447,51.07507849346752],[13.789468442518334,51.075079998435335],[13.789482595901616,51.075057303286776]]]}},{"type":"Feature","id":"DESNATPU1000E02b","properties":{"id":"DESNATPU1000E02b","height_m":2.574,"ground_m":140.212,"height_source":"LoD1 solid top minus bottom","production":"2024","laser":"2016","footprints":"2022"},"geometry":{"type":"Polygon","coordinates":[[[13.782498948344355,51.07160109044423],[13.782561395581181,51.07162886321829],[13.78261690706381,51.07157934242309],[13.782554460095305,51.07155156068834],[13.782498948344355,51.07160109044423]]]}},{"type":"Feature","id":"DESNATPU1000IciX","properties":{"id":"DESNATPU1000IciX","height_m":6.146,"ground_m":122.594,"height_source":"LoD1 solid top minus bottom","production":"2024","laser":"2016","footprints":"2022"},"geometry":{"type":"Polygon","coordinates":[[[13.774213771512294,51.06841442790614],[13.774111756048267,51.068395795002694],[13.774075914307776,51.06847368363937],[13.77417792945256,51.06849233455561],[13.774213771512294,51.06841442790614]]]}},{"type":"Feature","id":"DESNATPU1000D1Sa","properties":{"id":"DESNATPU1000D1Sa","height_m":5.691,"ground_m":144.128,"height_source":"LoD1 solid top minus bottom","production":"2024","laser":"2016","footprints":"2022"},"geometry":{"type":"Polygon","coordinates":[[[13.790208678278882,51.069669738066125],[13.790176028542776,51.069685874957024],[13.790231379915864,51.06973077343649],[13.790264138223662,51.069714304919856],[13.790233199750709,51.06968944332214],[13.790208678278882,51.069669738066125]]]}},{"type":"Feature","id":"UUID_55a28ca2-7813-4313-9074-a769cf907b6b","properties":{"id":"UUID_55a28ca2-7813-4313-9074-a769cf907b6b","height_m":16.198,"ground_m":129.336,"height_source":"LoD1 solid top minus bottom","production":"2024","laser":"2016","footprints":"2022"},"geometry":{"type":"Polygon","coordinates":[[[13.776358504674421,51.069500409989764],[13.77633600666278,51.06949837589372],[13.77633580736734,51.06949835582163],[13.776327825908762,51.06953472017055],[13.776350554854064,51.06953665776469],[13.776358504674421,51.069500409989764]]]}},{"type":"Feature","id":"UUID_d5e854b8-d7d5-4ad5-86d6-0460b8e06515","properties":{"id":"UUID_d5e854b8-d7d5-4ad5-86d6-0460b8e06515","height_m":17.099,"ground_m":129.336,"height_source":"LoD1 solid top minus bottom","production":"2024","laser":"2016","footprints":"2022"},"geometry":{"type":"Polygon","coordinates":[[[13.77632776906878,51.069534710582666],[13.776327825908762,51.06953472017055],[13.77633580736734,51.06949835582163],[13.77633600666278,51.06949837589372],[13.776349500362382,51.06943592711775],[13.776257656536243,51.069427654405665],[13.776164246448115,51.069419239322116],[13.776129827122576,51.069582368435256],[13.776222779171242,51.069589762560334],[13.776309435605624,51.069596659045324],[13.776314132616045,51.0695971578608],[13.77632776906878,51.069534710582666]]]}},{"type":"Feature","id":"DESNATPU1000ILSc","properties":{"id":"DESNATPU1000ILSc","height_m":6.463,"ground_m":138.184,"height_source":"LoD1 solid top minus bottom","production":"2024","laser":"2016","footprints":"2022"},"geometry":{"type":"Polygon","coordinates":[[[13.782365366946692,51.06972932809391],[13.782287706106032,51.069740749270096],[13.782314630858828,51.06981342195361],[13.782392004068088,51.069802087691116],[13.782365366946692,51.06972932809391]]]}},{"type":"Feature","id":"DESNATPU1000HPOj","properties":{"id":"DESNATPU1000HPOj","height_m":6.394,"ground_m":143.094,"height_source":"LoD1 solid top minus bottom","production":"2024","laser":"2016","footprints":"2022"},"geometry":{"type":"Polygon","coordinates":[[[13.787425799863232,51.069707834655176],[13.787427476779754,51.06973105351192],[13.78746875760944,51.069729863051805],[13.787467223366116,51.069706645675765],[13.787425799863232,51.069707834655176]]]}},{"type":"Feature","id":"DESNATPU1000C3NM","properties":{"id":"DESNATPU1000C3NM","height_m":16.897,"ground_m":128.468,"height_source":"LoD1 solid top minus bottom","production":"2024","laser":"2016","footprints":"2022"},"geometry":{"type":"Polygon","coordinates":[[[13.776400982645134,51.069334757254374],[13.77638318406715,51.06933313207612],[13.776385435444281,51.06932353332524],[13.776386745315465,51.06931716213402],[13.776392191940781,51.06929464716877],[13.776194386427106,51.06927764816336],[13.776164246448115,51.069419239322116],[13.776349500362382,51.06943592711775],[13.776360109391202,51.06943414969036],[13.776372058004544,51.069381576840414],[13.776389854229754,51.06938329192387],[13.776400982645134,51.069334757254374]]]}},{"type":"Feature","id":"DESNATPU1000CNjQ","properties":{"id":"DESNATPU1000CNjQ","height_m":10.879,"ground_m":131.431,"height_source":"LoD1 solid top minus bottom","production":"2024","laser":"2016","footprints":"2022"},"geometry":{"type":"Polygon","coordinates":[[[13.777061465683763,51.069408126640646],[13.777005854929802,51.06939522461225],[13.777013780515846,51.069359875822464],[13.777070400498664,51.0691341189125],[13.77687657417131,51.06911779219087],[13.776804867458146,51.06943934453766],[13.776829871890584,51.06946541560712],[13.776836740092293,51.069464768056015],[13.776991009844325,51.06949273132546],[13.777061465683763,51.069408126640646]]]}},{"type":"Feature","id":"DESNATPU1000If9a","properties":{"id":"DESNATPU1000If9a","height_m":13.018,"ground_m":134.637,"height_source":"LoD1 solid top minus bottom","production":"2024","laser":"2016","footprints":"2022"},"geometry":{"type":"Polygon","coordinates":[[[13.778342056602748,51.070622329550304],[13.778407646773038,51.07064118056392],[13.778403949176122,51.07064608796969],[13.778448010525793,51.070658598837305],[13.77845142272656,51.07065368844752],[13.778577377969727,51.070689267364585],[13.778573682753539,51.070694084872315],[13.778617449335743,51.07070695230809],[13.778621001852033,51.070702133307854],[13.778688297508749,51.07072127176883],[13.778750672917948,51.07063451330711],[13.778400900629157,51.07053418543964],[13.778371389239105,51.07057840044971],[13.778342056602748,51.070622329550304]]]}},{"type":"Feature","id":"DESNATPU1000ETHr","properties":{"id":"DESNATPU1000ETHr","height_m":18.67,"ground_m":159.934,"height_source":"LoD1 solid top minus bottom","production":"2024","laser":"2016","footprints":"2022"},"geometry":{"type":"Polygon","coordinates":[[[13.787981849841083,51.07429885597602],[13.787977081182586,51.07430654034336],[13.788012820463972,51.07431545408813],[13.788017593815104,51.07430758991189],[13.788049360767511,51.07431556317664],[13.788091765073476,51.0743261647083],[13.788151772920237,51.07423119332464],[13.788068943591115,51.07421073023494],[13.788035613968402,51.074202470988205],[13.787964844424247,51.07418483070879],[13.787905411787724,51.07427962810698],[13.787941719517175,51.07428863769636],[13.787981849841083,51.07429885597602]]]}},{"type":"Feature","id":"UUID_964cea27-db71-4cd3-830e-a169157ba3ae","properties":{"id":"UUID_964cea27-db71-4cd3-830e-a169157ba3ae","height_m":2.862,"ground_m":146.388,"height_source":"LoD1 solid top minus bottom","production":"2024","laser":"2016","footprints":"2022"},"geometry":{"type":"Polygon","coordinates":[[[13.786266823349823,51.071442479665976],[13.786293179479548,51.07141712382878],[13.786287951357327,51.07141509112257],[13.786291177636777,51.07141197274265],[13.786235776624036,51.07138878493297],[13.786257427838473,51.07139786768213],[13.78625421084621,51.071400801904794],[13.786232608399683,51.07139176462553],[13.78620582885878,51.07141693619609],[13.786266823349823,51.071442479665976]]]}},{"type":"Feature","id":"UUID_b3916851-48fe-4d00-8206-a824607cc425","properties":{"id":"UUID_b3916851-48fe-4d00-8206-a824607cc425","height_m":19.509,"ground_m":146.388,"height_source":"LoD1 solid top minus bottom","production":"2024","laser":"2016","footprints":"2022"},"geometry":{"type":"Polygon","coordinates":[[[13.786235783994183,51.07138877601669],[13.7862963129678,51.071414107802674],[13.78629629822752,51.071414125635236],[13.786378289413317,51.071448403261414],[13.786457773883292,51.07137278961778],[13.78645311185112,51.07137094265253],[13.786413015718301,51.07135406950659],[13.786296809312303,51.07130565064654],[13.786253178754883,51.071287481750915],[13.786173984204321,51.07136291841161],[13.786235769253887,51.07138879384926],[13.786235783994183,51.07138877601669]]]}},{"type":"Feature","id":"DESNATPU1000ITL0","properties":{"id":"DESNATPU1000ITL0","height_m":6.481,"ground_m":147.002,"height_source":"LoD1 solid top minus bottom","production":"2024","laser":"2016","footprints":"2022"},"geometry":{"type":"Polygon","coordinates":[[[13.772910108197891,51.079688731395926],[13.772690524969045,51.07982950169256],[13.77241021792488,51.0800044360537],[13.772489884150872,51.080052844630174],[13.772563820474943,51.08003725411156],[13.772791100304222,51.0798916188115],[13.772795879191504,51.07989445675389],[13.773015176967004,51.079753683264535],[13.772910108197891,51.079688731395926]]]}},{"type":"Feature","id":"DESNATPU1000JgwS","properties":{"id":"DESNATPU1000JgwS","height_m":6.645,"ground_m":161.302,"height_source":"LoD1 solid top minus bottom","production":"2024","laser":"2016","footprints":"2022"},"geometry":{"type":"Polygon","coordinates":[[[13.777770224145703,51.08508090662779],[13.777848486238623,51.08509536695141],[13.777907245267583,51.084968939998745],[13.777829240537715,51.084954473411415],[13.777770224145703,51.08508090662779]]]}},{"type":"Feature","id":"UUID_100e5e95-8b32-4302-adb4-8c843b7c003b","properties":{"id":"UUID_100e5e95-8b32-4302-adb4-8c843b7c003b","height_m":15.814,"ground_m":124.563,"height_source":"LoD1 solid top minus bottom","production":"2024","laser":"2016","footprints":"2022"},"geometry":{"type":"Polygon","coordinates":[[[13.775440796870146,51.06867613912766],[13.775440640622923,51.06867611051222],[13.77546955793665,51.06861444392031],[13.775469259711569,51.06861438683898],[13.775492077581758,51.06856642435329],[13.775424194599427,51.0685534829241],[13.775345115108463,51.068537546439025],[13.77527651876295,51.06852459744932],[13.775247808312358,51.068584908246265],[13.775207190290681,51.06867023819536],[13.775207129892287,51.068670363462],[13.775424170860616,51.068711216808516],[13.775440796870146,51.06867613912766]]]}},{"type":"Feature","id":"UUID_3d607eb3-5958-4f70-8b7c-798412547d7a","properties":{"id":"UUID_3d607eb3-5958-4f70-8b7c-798412547d7a","height_m":13.581,"ground_m":124.563,"height_source":"LoD1 solid top minus bottom","production":"2024","laser":"2016","footprints":"2022"},"geometry":{"type":"Polygon","coordinates":[[[13.775185716661086,51.068666182232],[13.775204601876094,51.06866988733014],[13.775207129892287,51.068670363462],[13.775207190290681,51.06867023819536],[13.775247808312358,51.068584908246265],[13.775237086258512,51.068582862437744],[13.77522636420563,51.06858081662825],[13.775210044807743,51.06861508813836],[13.775185716661086,51.068666182232]]]}},{"type":"Feature","id":"UUID_f69261a3-9e40-426c-9750-a4a329dc710e","properties":{"id":"UUID_f69261a3-9e40-426c-9750-a4a329dc710e","height_m":14.711,"ground_m":124.563,"height_source":"LoD1 solid top minus bottom","production":"2024","laser":"2016","footprints":"2022"},"geometry":{"type":"Polygon","coordinates":[[[13.77546955793665,51.06861444392031],[13.775440640622923,51.06867611051222],[13.775440796870146,51.06867613912766],[13.775454856748254,51.068678804420344],[13.77547978383718,51.06862663740775],[13.7754841733392,51.068617151000836],[13.77546955793665,51.06861444392031]]]}},{"type":"Feature","id":"DESNATPU1000Fo8J","properties":{"id":"DESNATPU1000Fo8J","height_m":15.531,"ground_m":150.005,"height_source":"LoD1 solid top minus bottom","production":"2024","laser":"2016","footprints":"2022"},"geometry":{"type":"Polygon","coordinates":[[[13.787207810459318,51.07162041261544],[13.78719976691279,51.071627793189684],[13.787187011260558,51.0716407004134],[13.787193366945273,51.071643284347374],[13.787151723841273,51.07168556810466],[13.787144654653702,51.071682976764855],[13.787124445001275,51.071702551244144],[13.787207901081112,51.071736528734796],[13.787284041555132,51.071767516593646],[13.78731277216974,51.071738677968646],[13.787337677403965,51.07171420612667],[13.787389841484524,51.0716625890006],[13.787314241148001,51.071630599618835],[13.787238640916193,51.0715986101887],[13.787214028142992,51.07162281526019],[13.787207810459318,51.07162041261544]]]}},{"type":"Feature","id":"DESNATPU1000HpU7","properties":{"id":"DESNATPU1000HpU7","height_m":4.236,"ground_m":146.925,"height_source":"LoD1 solid top minus bottom","production":"2024","laser":"2016","footprints":"2022"},"geometry":{"type":"Polygon","coordinates":[[[13.78855939803005,51.070412395586935],[13.788350754238165,51.070520394880525],[13.788459474211864,51.07060407585639],[13.78850259174128,51.07058177095824],[13.788668403526277,51.07049607932875],[13.788658186209659,51.070488329551196],[13.78855939803005,51.070412395586935]]]}},{"type":"Feature","id":"DESNATPU1000FmFH","properties":{"id":"DESNATPU1000FmFH","height_m":19.594,"ground_m":142.776,"height_source":"LoD1 solid top minus bottom","production":"2024","laser":"2016","footprints":"2022"},"geometry":{"type":"Polygon","coordinates":[[[13.783346701081594,51.07082704823858],[13.78329614264746,51.07082274498299],[13.783276818155736,51.07091193240774],[13.783382204356993,51.070921032991855],[13.78341566986935,51.0709239892352],[13.783512936519273,51.07093246562056],[13.783532410335695,51.07084300992831],[13.7834822799569,51.07083871120833],[13.783346701081594,51.07082704823858]]]}},{"type":"Feature","id":"DESNATPU1000I0aa","properties":{"id":"DESNATPU1000I0aa","height_m":3.291,"ground_m":140.742,"height_source":"LoD1 solid top minus bottom","production":"2024","laser":"2016","footprints":"2022"},"geometry":{"type":"Polygon","coordinates":[[[13.782603123022422,51.07200455897598],[13.782501541620402,51.07197004766667],[13.78244175779305,51.072039838669596],[13.78254348200248,51.07207435151756],[13.782603123022422,51.07200455897598]]]}},{"type":"Feature","id":"UUID_60d4b19a-8939-4c78-9922-3f63af31add8","properties":{"id":"UUID_60d4b19a-8939-4c78-9922-3f63af31add8","height_m":5.509,"ground_m":136.96,"height_source":"LoD1 solid top minus bottom","production":"2024","laser":"2016","footprints":"2022"},"geometry":{"type":"Polygon","coordinates":[[[13.782202101967348,51.06911836374518],[13.782193155488523,51.069094331649154],[13.782131370807083,51.06910344510645],[13.782137584158095,51.06912012857523],[13.782140330816754,51.06912750432671],[13.782202101967348,51.06911836374518]]]}},{"type":"Feature","id":"UUID_9cf0b704-2c5e-4582-a77b-7ffcc490a07a","properties":{"id":"UUID_9cf0b704-2c5e-4582-a77b-7ffcc490a07a","height_m":5.512,"ground_m":136.96,"height_source":"LoD1 solid top minus bottom","production":"2024","laser":"2016","footprints":"2022"},"geometry":{"type":"Polygon","coordinates":[[[13.782137584158095,51.06912012857523],[13.782131370807083,51.06910344510645],[13.782075503812615,51.069111684940474],[13.782081702403392,51.06912838624411],[13.782137584158095,51.06912012857523]]]}},{"type":"Feature","id":"UUID_05aaf945-5fe0-42c7-9c61-789497dd07ba","properties":{"id":"UUID_05aaf945-5fe0-42c7-9c61-789497dd07ba","height_m":5.522,"ground_m":136.96,"height_source":"LoD1 solid top minus bottom","production":"2024","laser":"2016","footprints":"2022"},"geometry":{"type":"Polygon","coordinates":[[[13.782165023708307,51.069016007853236],[13.782155764526436,51.06899192753158],[13.78213421148082,51.06899521915348],[13.782093957446166,51.06900135548405],[13.782103216597674,51.069025435810346],[13.782165023708307,51.069016007853236]]]}},{"type":"Feature","id":"UUID_02e6119a-2375-458b-998b-86066d50f987","properties":{"id":"UUID_02e6119a-2375-458b-998b-86066d50f987","height_m":10.639,"ground_m":136.96,"height_source":"LoD1 solid top minus bottom","production":"2024","laser":"2016","footprints":"2022"},"geometry":{"type":"Polygon","coordinates":[[[13.782165023708307,51.069016007853236],[13.782103216597674,51.069025435810346],[13.782014109916561,51.06903903070717],[13.782042934997207,51.06911648946097],[13.782075503812615,51.069111684940474],[13.782193155488523,51.069094331649154],[13.782198098879972,51.06909360077904],[13.782169036293986,51.069015393185516],[13.782165023708307,51.069016007853236]]]}},{"type":"Feature","id":"UUID_6261e732-8915-40ce-b0df-a48125b3a0d4","properties":{"id":"UUID_6261e732-8915-40ce-b0df-a48125b3a0d4","height_m":12.011,"ground_m":143.204,"height_source":"LoD1 solid top minus bottom","production":"2024","laser":"2016","footprints":"2022"},"geometry":{"type":"Polygon","coordinates":[[[13.785531142692953,51.07018976503343],[13.785490691154076,51.070174524562354],[13.785490705894262,51.0701745067299],[13.785369805473168,51.07012888887269],[13.785369556066264,51.07012914707255],[13.785329354511708,51.0701136303656],[13.78522657094449,51.07022160905868],[13.785313265622753,51.07025439856097],[13.785317946823467,51.070249510153616],[13.78534667883241,51.07026042925201],[13.785341971448133,51.070265227460254],[13.785428772531658,51.0702977751758],[13.785531142692953,51.07018976503343]]]}},{"type":"Feature","id":"UUID_ce2556ad-230f-4007-9c4a-63489be1e4f5","properties":{"id":"UUID_ce2556ad-230f-4007-9c4a-63489be1e4f5","height_m":11.845,"ground_m":143.204,"height_source":"LoD1 solid top minus bottom","production":"2024","laser":"2016","footprints":"2022"},"geometry":{"type":"Polygon","coordinates":[[[13.785490705894262,51.0701745067299],[13.785501400269833,51.07016291819948],[13.785380850721621,51.07011752881969],[13.785369805473168,51.07012888887269],[13.785490705894262,51.0701745067299]]]}},{"type":"Feature","id":"UUID_5809df16-e042-492c-9f05-20100e25feae","properties":{"id":"UUID_5809df16-e042-492c-9f05-20100e25feae","height_m":9.331,"ground_m":135.155,"height_source":"LoD1 solid top minus bottom","production":"2024","laser":"2016","footprints":"2022"},"geometry":{"type":"Polygon","coordinates":[[[13.780144677938706,51.06931336666486],[13.780160950613212,51.069362178655176],[13.780313204310765,51.06934201390153],[13.780313190750523,51.06934198678159],[13.780358050487104,51.06933604300712],[13.78035803716316,51.06933600689681],[13.78056758285137,51.069308247163775],[13.78056759664803,51.06930826529335],[13.780612742886833,51.06930227944627],[13.780612703386979,51.069302153134714],[13.78072055226362,51.069287990426474],[13.780682286352254,51.0691744615775],[13.780123113855947,51.069248663091386],[13.780141966184079,51.06930521784738],[13.780144677938706,51.06931336666486]]]}},{"type":"Feature","id":"UUID_f9b0ff10-a0ef-433d-ba8a-b264690f948e","properties":{"id":"UUID_f9b0ff10-a0ef-433d-ba8a-b264690f948e","height_m":9.217,"ground_m":135.155,"height_source":"LoD1 solid top minus bottom","production":"2024","laser":"2016","footprints":"2022"},"geometry":{"type":"Polygon","coordinates":[[[13.780144677938706,51.06931336666486],[13.780042562529347,51.0693265994748],[13.780058970465223,51.06937569166875],[13.780160950613212,51.069362178655176],[13.780144677938706,51.06931336666486]]]}},{"type":"Feature","id":"UUID_4881dd98-3269-487e-b92d-f18b5cd2eab4","properties":{"id":"UUID_4881dd98-3269-487e-b92d-f18b5cd2eab4","height_m":3.091,"ground_m":135.155,"height_source":"LoD1 solid top minus bottom","production":"2024","laser":"2016","footprints":"2022"},"geometry":{"type":"Polygon","coordinates":[[[13.780313190750523,51.06934198678159],[13.780313204310765,51.06934201390153],[13.780321934287675,51.069368274103894],[13.78036691930964,51.0693619089708],[13.780358050487104,51.06933604300712],[13.780313190750523,51.06934198678159]]]}},{"type":"Feature","id":"UUID_0427fd44-8dbf-4850-84ae-1b834041f174","properties":{"id":"UUID_0427fd44-8dbf-4850-84ae-1b834041f174","height_m":3.119,"ground_m":135.155,"height_source":"LoD1 solid top minus bottom","production":"2024","laser":"2016","footprints":"2022"},"geometry":{"type":"Polygon","coordinates":[[[13.78056759664803,51.06930826529335],[13.780576327143324,51.06933396792696],[13.780621302647901,51.06932796230963],[13.780612742886833,51.06930227944627],[13.78056759664803,51.06930826529335]]]}},{"type":"Feature","id":"DESNATP1Ak0000QC","properties":{"id":"DESNATP1Ak0000QC","height_m":3.322,"ground_m":137.932,"height_source":"LoD1 solid top minus bottom","production":"2024","laser":"2016","footprints":"2022"},"geometry":{"type":"Polygon","coordinates":[[[13.77996066502111,51.071585145242345],[13.779919909591719,51.07152503451046],[13.779848405494475,51.071544279141484],[13.779889146577341,51.07160438974862],[13.77996066502111,51.071585145242345]]]}},{"type":"Feature","id":"DESNATP1Ak0000Qi","properties":{"id":"DESNATP1Ak0000Qi","height_m":2.643,"ground_m":141.461,"height_source":"LoD1 solid top minus bottom","production":"2024","laser":"2016","footprints":"2022"},"geometry":{"type":"Polygon","coordinates":[[[13.782522482448952,51.07263034729951],[13.782456683915342,51.0726937806876],[13.78252487714053,51.07272185612959],[13.782590675622032,51.07265842270306],[13.782522482448952,51.07263034729951]]]}},{"type":"Feature","id":"UUID_afa01521-2a5f-405e-aa10-f0bec3bcb36d","properties":{"id":"UUID_afa01521-2a5f-405e-aa10-f0bec3bcb36d","height_m":8.999,"ground_m":144.159,"height_source":"LoD1 solid top minus bottom","production":"2024","laser":"2016","footprints":"2022"},"geometry":{"type":"Polygon","coordinates":[[[13.786905360791911,51.07016015062282],[13.786983981964188,51.07012071473901],[13.78698395389526,51.070120696462084],[13.78696941211733,51.070109124674346],[13.786890732934328,51.07014859591757],[13.786905277055276,51.07016007781124],[13.786905360791911,51.07016015062282]]]}},{"type":"Feature","id":"UUID_c1b1a7e2-b223-4a96-8e57-7a10a0c487a1","properties":{"id":"UUID_c1b1a7e2-b223-4a96-8e57-7a10a0c487a1","height_m":8.929,"ground_m":144.159,"height_source":"LoD1 solid top minus bottom","production":"2024","laser":"2016","footprints":"2022"},"geometry":{"type":"Polygon","coordinates":[[[13.786983981964188,51.07012071473901],[13.786905360791911,51.07016015062282],[13.786905277055276,51.07016007781124],[13.78686983954602,51.07017796542641],[13.78692045862353,51.070218149093535],[13.78694996336806,51.07020334737657],[13.787044031525296,51.07015396384097],[13.786995089493258,51.07011514655324],[13.78698395389526,51.070120696462084],[13.786983981964188,51.07012071473901]]]}},{"type":"Feature","id":"UUID_8eb1c646-43f7-4045-8653-3016222130a1","properties":{"id":"UUID_8eb1c646-43f7-4045-8653-3016222130a1","height_m":5.878,"ground_m":136.043,"height_source":"LoD1 solid top minus bottom","production":"2024","laser":"2016","footprints":"2022"},"geometry":{"type":"Polygon","coordinates":[[[13.781348547956828,51.07123157462311],[13.781310128996335,51.07121667763899],[13.781310187492512,51.071216624292],[13.78122300475679,51.07118289147951],[13.781198653231627,51.07120790737375],[13.781198596624728,51.071207888797865],[13.781185483257774,51.07122131322631],[13.781172839271141,51.0712342569357],[13.78114658301523,51.071261141448744],[13.781261598750215,51.071305776052675],[13.781261627998388,51.07130574937919],[13.781318076573625,51.07132764192425],[13.781318120800085,51.071327588428474],[13.781366584651279,51.07134643906194],[13.781372518954932,51.07134874913617],[13.781407297325366,51.071313140461534],[13.781411419079554,51.0713089208383],[13.781448940464804,51.071270499018745],[13.781348621195095,51.07123150344417],[13.781348547956828,51.07123157462311]]]}},{"type":"Feature","id":"UUID_92907382-64dd-43c6-879e-71734f18307d","properties":{"id":"UUID_92907382-64dd-43c6-879e-71734f18307d","height_m":4.605,"ground_m":136.043,"height_source":"LoD1 solid top minus bottom","production":"2024","laser":"2016","footprints":"2022"},"geometry":{"type":"Polygon","coordinates":[[[13.781172839271141,51.0712342569357],[13.781198596624728,51.071207888797865],[13.78117858612732,51.07120023408802],[13.781160640606156,51.0711933023473],[13.78114773362301,51.07120647712481],[13.781134828994366,51.07121956199729],[13.781172839271141,51.0712342569357]]]}},{"type":"Feature","id":"UUID_80d03b3e-cc98-4108-9869-a1870d76269e","properties":{"id":"UUID_80d03b3e-cc98-4108-9869-a1870d76269e","height_m":5.51,"ground_m":136.043,"height_source":"LoD1 solid top minus bottom","production":"2024","laser":"2016","footprints":"2022"},"geometry":{"type":"Polygon","coordinates":[[[13.781318076573625,51.07132764192425],[13.781290692951526,51.07131702366538],[13.781261627998388,51.07130574937919],[13.781261598750215,51.071305776052675],[13.78123108852459,51.07133702270883],[13.781260124713762,51.0713483056954],[13.781287465537508,51.071358923515106],[13.781304918980078,51.071341119861614],[13.781318076573625,51.07132764192425]]]}},{"type":"Feature","id":"UUID_02dbb34d-610d-4325-bc76-2e2881dd1617","properties":{"id":"UUID_02dbb34d-610d-4325-bc76-2e2881dd1617","height_m":4.718,"ground_m":136.043,"height_source":"LoD1 solid top minus bottom","production":"2024","laser":"2016","footprints":"2022"},"geometry":{"type":"Polygon","coordinates":[[[13.781323536696064,51.071202914538475],[13.781310187492512,51.071216624292],[13.781310128996335,51.07121667763899],[13.781348547956828,51.07123157462311],[13.781348621195095,51.07123150344417],[13.781362113089877,51.071217795173986],[13.781323536696064,51.071202914538475]]]}},{"type":"Feature","id":"DESNATPU1000Dkfm","properties":{"id":"DESNATPU1000Dkfm","height_m":14.671,"ground_m":139.812,"height_source":"LoD1 solid top minus bottom","production":"2024","laser":"2016","footprints":"2022"},"geometry":{"type":"Polygon","coordinates":[[[13.777603921472819,51.071148111347604],[13.777606392742717,51.07115020554072],[13.777579888218389,51.07116259923266],[13.777623449137524,51.07119899010191],[13.777619430735536,51.07120089951929],[13.7776476134619,51.071224494643204],[13.777651675384783,51.07122255870154],[13.77768937099821,51.071254032085726],[13.777718755501656,51.071240139706234],[13.777727888527401,51.07124780716425],[13.777762447446138,51.07123146887923],[13.777753328924446,51.07122379258276],[13.777861484813181,51.07117271119584],[13.777870418309444,51.071180367563684],[13.777905006141255,51.07116401155336],[13.777895914727521,51.07115638950832],[13.777926816852226,51.071141775533256],[13.77788899652746,51.071110157036294],[13.777893058193511,51.07110823007641],[13.77786492035155,51.071084554545344],[13.777860743107464,51.07108653425272],[13.77781708505847,51.071050034542075],[13.777777421574823,51.071068882420064],[13.777774822347334,51.071066768906924],[13.777603921472819,51.071148111347604]]]}},{"type":"Feature","id":"DESNATPU1000IRgM","properties":{"id":"DESNATPU1000IRgM","height_m":5.45,"ground_m":138.704,"height_source":"LoD1 solid top minus bottom","production":"2024","laser":"2016","footprints":"2022"},"geometry":{"type":"Polygon","coordinates":[[[13.784304352412665,51.06898988811152],[13.78429658582925,51.06899214546398],[13.784305680756981,51.06900456021967],[13.784350848630599,51.068991181060206],[13.784311690460815,51.068938615447124],[13.784286659594772,51.068946088924285],[13.784274579299554,51.06894956040231],[13.784304352412665,51.06898988811152]]]}},{"type":"Feature","id":"DESNATPU1000DX0r","properties":{"id":"DESNATPU1000DX0r","height_m":2.9,"ground_m":137.768,"height_source":"LoD1 solid top minus bottom","production":"2024","laser":"2016","footprints":"2022"},"geometry":{"type":"Polygon","coordinates":[[[13.784372989314102,51.068718119611944],[13.784323047703298,51.068755729736544],[13.784364576174964,51.06877774442058],[13.784414662822421,51.068740045858604],[13.784372989314102,51.068718119611944]]]}},{"type":"Feature","id":"DESNATPU1000Ft6z","properties":{"id":"DESNATPU1000Ft6z","height_m":19.965,"ground_m":143.374,"height_source":"LoD1 solid top minus bottom","production":"2024","laser":"2016","footprints":"2022"},"geometry":{"type":"Polygon","coordinates":[[[13.784060259001755,51.07089706346706],[13.784007424332046,51.0708924670559],[13.783989730793543,51.07097393773951],[13.783987789859605,51.07098264057715],[13.784092462883654,51.07099173310004],[13.784126927378992,51.07099469953132],[13.784226758162962,51.07100338185059],[13.78424653487847,51.07091320977066],[13.784195269841414,51.07090862977075],[13.784060259001755,51.07089706346706]]]}},{"type":"Feature","id":"DESNATPU1000Erxg","properties":{"id":"DESNATPU1000Erxg","height_m":13.41,"ground_m":137.484,"height_source":"LoD1 solid top minus bottom","production":"2024","laser":"2016","footprints":"2022"},"geometry":{"type":"Polygon","coordinates":[[[13.783410569678356,51.068881217873425],[13.783440327850617,51.06892208521967],[13.783447352881973,51.06893178065358],[13.783467747537124,51.06895960087606],[13.783655851369785,51.06890571313004],[13.783643038313768,51.06888813372367],[13.78363574436341,51.06887780600577],[13.78362623806489,51.068864757418666],[13.78363443744549,51.06886232475831],[13.783639674384172,51.068853116654886],[13.783621905951925,51.0688285612072],[13.783607462250583,51.068824184269225],[13.783598687397895,51.06882679079513],[13.783410569678356,51.068881217873425]]]}},{"type":"Feature","id":"DESNATPU1000CMBN","properties":{"id":"DESNATPU1000CMBN","height_m":16.678,"ground_m":137.233,"height_source":"LoD1 solid top minus bottom","production":"2024","laser":"2016","footprints":"2022"},"geometry":{"type":"Polygon","coordinates":[[[13.78185029280826,51.07041793690355],[13.781834378048774,51.07042064874297],[13.78169256264631,51.07044542968727],[13.781746968254502,51.070569558056796],[13.7818887840096,51.07054477704938],[13.781903985328201,51.070542057767454],[13.781890247006626,51.07051079944894],[13.781875050418279,51.070513338922034],[13.781847849798698,51.07045118486523],[13.781863762207536,51.07044856292762],[13.78185029280826,51.07041793690355]]]}},{"type":"Feature","id":"UUID_527612a5-5815-4591-9cb3-55d52c72c9b8","properties":{"id":"UUID_527612a5-5815-4591-9cb3-55d52c72c9b8","height_m":19.009,"ground_m":157.98,"height_source":"LoD1 solid top minus bottom","production":"2024","laser":"2016","footprints":"2022"},"geometry":{"type":"Polygon","coordinates":[[[13.787869816314362,51.07287755000441],[13.787794708258792,51.072851762098665],[13.78779469375353,51.07285177094104],[13.787766116653385,51.07284194219349],[13.787688377453767,51.07281524563587],[13.787688303987688,51.07281532580918],[13.787612789977448,51.07290285196457],[13.787794447594269,51.07296498785402],[13.787869816314362,51.07287755000441]]]}},{"type":"Feature","id":"UUID_bcc98802-6cbc-46ee-8e68-0ca832003fc5","properties":{"id":"UUID_bcc98802-6cbc-46ee-8e68-0ca832003fc5","height_m":18.917,"ground_m":157.98,"height_source":"LoD1 solid top minus bottom","production":"2024","laser":"2016","footprints":"2022"},"geometry":{"type":"Polygon","coordinates":[[[13.787766116653385,51.07284194219349],[13.787774506808933,51.07283222704558],[13.787696694154526,51.072805610666904],[13.787688377453767,51.07281524563587],[13.787766116653385,51.07284194219349]]]}},{"type":"Feature","id":"UUID_c3d2f053-f88a-49ee-bdb1-783a7cbaa89a","properties":{"id":"UUID_c3d2f053-f88a-49ee-bdb1-783a7cbaa89a","height_m":18.804,"ground_m":157.98,"height_source":"LoD1 solid top minus bottom","production":"2024","laser":"2016","footprints":"2022"},"geometry":{"type":"Polygon","coordinates":[[[13.787878206454886,51.072867834849035],[13.787803081555852,51.07284214569481],[13.787794708258792,51.072851762098665],[13.787869816314362,51.07287755000441],[13.787878206454886,51.072867834849035]]]}},{"type":"Feature","id":"DESNATP1iT0000MA","properties":{"id":"DESNATP1iT0000MA","height_m":8.037,"ground_m":162.321,"height_source":"LoD1 solid top minus bottom","production":"2024","laser":"2016","footprints":"2022"},"geometry":{"type":"Polygon","coordinates":[[[13.791475701954239,51.07296129970077],[13.791503470803542,51.07317699149417],[13.7916511185488,51.073166800304655],[13.791804391792759,51.07315874441464],[13.791775558038312,51.072943878020475],[13.791475701954239,51.07296129970077]]]}},{"type":"Feature","id":"DESNATPU1000BCKr","properties":{"id":"DESNATPU1000BCKr","height_m":7.001,"ground_m":137.649,"height_source":"LoD1 solid top minus bottom","production":"2024","laser":"2016","footprints":"2022"},"geometry":{"type":"Polygon","coordinates":[[[13.784095770658244,51.06874680089572],[13.784117543058974,51.06877652382856],[13.784212185074429,51.068748821220744],[13.784190410269725,51.068719188208725],[13.784147404179391,51.06873178043995],[13.784095770658244,51.06874680089572]]]}},{"type":"Feature","id":"DESNATPU1000Bujz","properties":{"id":"DESNATPU1000Bujz","height_m":4.703,"ground_m":121.798,"height_source":"LoD1 solid top minus bottom","production":"2024","laser":"2016","footprints":"2022"},"geometry":{"type":"Polygon","coordinates":[[[13.7728580283752,51.06732449792265],[13.772899362101507,51.06733203621339],[13.772916524847284,51.06733608331419],[13.772930472154272,51.067305204484036],[13.772937858525585,51.06730654102486],[13.772993198095051,51.067183830317305],[13.772930694719816,51.067172652538545],[13.772872087494894,51.06729478934083],[13.7728580283752,51.06732449792265]]]}},{"type":"Feature","id":"UUID_ce71115f-d604-44b5-ab90-8166a9e38389","properties":{"id":"UUID_ce71115f-d604-44b5-ab90-8166a9e38389","height_m":8.892,"ground_m":136.788,"height_source":"LoD1 solid top minus bottom","production":"2024","laser":"2016","footprints":"2022"},"geometry":{"type":"Polygon","coordinates":[[[13.781796347468342,51.068639944160935],[13.781710251768923,51.06865739215459],[13.781732634303543,51.06870187012137],[13.781751231626007,51.06873830502164],[13.781786098983495,51.06873129432038],[13.7818506684863,51.06871829819354],[13.78190210207059,51.06871092053999],[13.781939697024784,51.068703308721346],[13.781935478950135,51.06869544101103],[13.781920828347486,51.0686663314543],[13.78191730957004,51.06865901060006],[13.781897358410824,51.06861977384297],[13.78183210060467,51.06863289771399],[13.781832073246774,51.068632852464766],[13.781796347468342,51.068639944160935]]]}},{"type":"Feature","id":"UUID_1547ab06-b5ad-40f3-bff0-90270bc0f8ce","properties":{"id":"UUID_1547ab06-b5ad-40f3-bff0-90270bc0f8ce","height_m":6.087,"ground_m":136.788,"height_source":"LoD1 solid top minus bottom","production":"2024","laser":"2016","footprints":"2022"},"geometry":{"type":"Polygon","coordinates":[[[13.78183210060467,51.06863289771399],[13.781863926080645,51.06862649377698],[13.781897358410824,51.06861977384297],[13.781886098093267,51.06859744422805],[13.781852650800564,51.06860419098133],[13.781820810597354,51.06861061274738],[13.781832073246774,51.068632852464766],[13.78183210060467,51.06863289771399]]]}},{"type":"Feature","id":"UUID_788d6f97-3048-4139-8f4b-2e27c768ff9b","properties":{"id":"UUID_788d6f97-3048-4139-8f4b-2e27c768ff9b","height_m":10.852,"ground_m":137.424,"height_source":"LoD1 solid top minus bottom","production":"2024","laser":"2016","footprints":"2022"},"geometry":{"type":"Polygon","coordinates":[[[13.786671447450875,51.067912504426324],[13.786707775998167,51.06796800750797],[13.786733110628626,51.06796143594915],[13.786696879586865,51.06790602381576],[13.786671447450875,51.067912504426324]]]}},{"type":"Feature","id":"UUID_e5eefbea-b68f-4773-9a70-45fa59ebe142","properties":{"id":"UUID_e5eefbea-b68f-4773-9a70-45fa59ebe142","height_m":10.778,"ground_m":137.424,"height_source":"LoD1 solid top minus bottom","production":"2024","laser":"2016","footprints":"2022"},"geometry":{"type":"Polygon","coordinates":[[[13.78663569970381,51.0678113238498],[13.786609660328791,51.067818103898865],[13.7866096876909,51.067818149147],[13.786645371082692,51.06787266533479],[13.786671238317282,51.06786591946206],[13.78663569970381,51.0678113238498]]]}},{"type":"Feature","id":"UUID_06b1d140-397e-4ff8-ac62-bafe9c99af2f","properties":{"id":"UUID_06b1d140-397e-4ff8-ac62-bafe9c99af2f","height_m":13.036,"ground_m":137.424,"height_source":"LoD1 solid top minus bottom","production":"2024","laser":"2016","footprints":"2022"},"geometry":{"type":"Polygon","coordinates":[[[13.7866096876909,51.067818149147],[13.786609660328791,51.067818103898865],[13.786545739893908,51.067834760470284],[13.786543398837356,51.06783149875148],[13.786470838222472,51.067849990043435],[13.786473443489758,51.06785406386041],[13.786396849922141,51.06787395208533],[13.78642608563695,51.06791850030123],[13.78641904453279,51.06792031568583],[13.78646062848665,51.067983877018996],[13.786467814638659,51.067981973209676],[13.786494711776854,51.06802316978449],[13.786571165213557,51.06800319011225],[13.786573777551254,51.068006994215715],[13.786645915009133,51.067988318610446],[13.786643440653156,51.067984695797335],[13.786707775998167,51.06796800750797],[13.786671447450875,51.067912504426324],[13.786645371082692,51.06787266533479],[13.7866096876909,51.067818149147]]]}},{"type":"Feature","id":"UUID_219a224b-c0a2-4168-af4d-28e4ddcde558","properties":{"id":"UUID_219a224b-c0a2-4168-af4d-28e4ddcde558","height_m":6.694,"ground_m":133.967,"height_source":"LoD1 solid top minus bottom","production":"2024","laser":"2016","footprints":"2022"},"geometry":{"type":"Polygon","coordinates":[[[13.780290709279384,51.06723314246917],[13.780230075773828,51.06723763562572],[13.780232695941988,51.06725197954334],[13.780293461664451,51.06724734387995],[13.780290709279384,51.06723314246917]]]}},{"type":"Feature","id":"UUID_307dcb82-9f3e-46a8-b18d-264a9d607b8b","properties":{"id":"UUID_307dcb82-9f3e-46a8-b18d-264a9d607b8b","height_m":9.077,"ground_m":133.967,"height_source":"LoD1 solid top minus bottom","production":"2024","laser":"2016","footprints":"2022"},"geometry":{"type":"Polygon","coordinates":[[[13.780312394219793,51.06734209198367],[13.78031941656341,51.067340996196336],[13.780300340452635,51.0672468221364],[13.780293474987774,51.067247379990285],[13.780293461664451,51.06724734387995],[13.780232696414645,51.06725196156264],[13.780147747188158,51.067258449122704],[13.780165955058814,51.06735306378822],[13.780165993374172,51.06735323505174],[13.78016718050582,51.067353139527334],[13.78025162261391,51.067346403854266],[13.780251679924714,51.06734639545952],[13.780312394219793,51.06734209198367]]]}},{"type":"Feature","id":"UUID_a4cc70f2-0531-4728-80da-2f61b15b05a7","properties":{"id":"UUID_a4cc70f2-0531-4728-80da-2f61b15b05a7","height_m":4.294,"ground_m":133.967,"height_source":"LoD1 solid top minus bottom","production":"2024","laser":"2016","footprints":"2022"},"geometry":{"type":"Polygon","coordinates":[[[13.780210073724117,51.067349720259855],[13.780165993374172,51.06735323505174],[13.780177606545557,51.06740390490731],[13.780260971413785,51.06739254466679],[13.780254788016137,51.067361724685846],[13.78025162261391,51.067346403854266],[13.780210073724117,51.067349720259855]]]}},{"type":"Feature","id":"UUID_d42a0300-0cb4-4422-91f9-c76d01a9ea00","properties":{"id":"UUID_d42a0300-0cb4-4422-91f9-c76d01a9ea00","height_m":6.639,"ground_m":136.861,"height_source":"LoD1 solid top minus bottom","production":"2024","laser":"2016","footprints":"2022"},"geometry":{"type":"Polygon","coordinates":[[[13.784940909644266,51.06841835895097],[13.784874596157877,51.06843259764519],[13.784888079703938,51.06845728821297],[13.784954121169395,51.06844308265454],[13.784940909644266,51.06841835895097]]]}},{"type":"Feature","id":"UUID_fc39733b-a032-44c8-ab39-8a861cfecbdd","properties":{"id":"UUID_fc39733b-a032-44c8-ab39-8a861cfecbdd","height_m":12.385,"ground_m":136.861,"height_source":"LoD1 solid top minus bottom","production":"2024","laser":"2016","footprints":"2022"},"geometry":{"type":"Polygon","coordinates":[[[13.784885390286597,51.06846733220955],[13.784877395442876,51.06847831026049],[13.784887338578294,51.068496489193045],[13.784903223327548,51.06850034138486],[13.784912352715304,51.06851689314839],[13.784919297949218,51.068529645221986],[13.784921201437921,51.068533262137095],[13.784950743218355,51.068587885858165],[13.785001701947666,51.06857681485105],[13.785034588375263,51.06856966568413],[13.785124864119693,51.06855005545313],[13.785112884572401,51.06852788054946],[13.785112942119222,51.06852786316199],[13.785079351174792,51.06846543659208],[13.785079552117638,51.06846539371668],[13.785055587470445,51.0684212596677],[13.785053004930628,51.06842177239238],[13.785003728802359,51.068432366307164],[13.78495410784211,51.06844304654473],[13.784954121169395,51.06844308265454],[13.784926375369745,51.06844905322301],[13.784888079703938,51.06845728821297],[13.784880902832352,51.06845883230926],[13.784885390286597,51.06846733220955]]]}},{"type":"Feature","id":"UUID_5b487680-39ab-43b3-931f-8c116abf63a6","properties":{"id":"UUID_5b487680-39ab-43b3-931f-8c116abf63a6","height_m":11.834,"ground_m":136.861,"height_source":"LoD1 solid top minus bottom","production":"2024","laser":"2016","footprints":"2022"},"geometry":{"type":"Polygon","coordinates":[[[13.785112942119222,51.06852786316199],[13.785129102708185,51.06852445199363],[13.78509533981028,51.06846205061955],[13.785079351174792,51.06846543659208],[13.785112942119222,51.06852786316199]]]}},{"type":"Feature","id":"UUID_5898006b-c0f7-4eed-ab44-dbfa3e9ad6c9","properties":{"id":"UUID_5898006b-c0f7-4eed-ab44-dbfa3e9ad6c9","height_m":11.762,"ground_m":136.861,"height_source":"LoD1 solid top minus bottom","production":"2024","laser":"2016","footprints":"2022"},"geometry":{"type":"Polygon","coordinates":[[[13.7850093206458,51.06859110269866],[13.785028411449282,51.06858698459249],[13.785077501062599,51.06857643369239],[13.785132759287201,51.06856468789328],[13.785124864119693,51.06855005545313],[13.785001701947666,51.06857681485105],[13.7850093206458,51.06859110269866]]]}},{"type":"Feature","id":"DESNATPU1000HrYl","properties":{"id":"DESNATPU1000HrYl","height_m":5.504,"ground_m":133.502,"height_source":"LoD1 solid top minus bottom","production":"2024","laser":"2016","footprints":"2022"},"geometry":{"type":"Polygon","coordinates":[[[13.78318471285345,51.06721798298048],[13.783192376433709,51.06731761328706],[13.78327222292182,51.067315207093415],[13.783264559170336,51.06721557679086],[13.78318471285345,51.06721798298048]]]}},{"type":"Feature","id":"UUID_033980ec-559c-4469-9829-f84d615e01ac","properties":{"id":"UUID_033980ec-559c-4469-9829-f84d615e01ac","height_m":14.377,"ground_m":135.892,"height_source":"LoD1 solid top minus bottom","production":"2024","laser":"2016","footprints":"2022"},"geometry":{"type":"Polygon","coordinates":[[[13.780650328082423,51.06854881244772],[13.780657637700491,51.06856449124672],[13.780699085361253,51.06855692001877],[13.780691949556905,51.068541144114604],[13.780650328082423,51.06854881244772]]]}},{"type":"Feature","id":"UUID_07ba6382-f0ec-49e0-8d78-ba56bcee03ec","properties":{"id":"UUID_07ba6382-f0ec-49e0-8d78-ba56bcee03ec","height_m":8.666,"ground_m":135.892,"height_source":"LoD1 solid top minus bottom","production":"2024","laser":"2016","footprints":"2022"},"geometry":{"type":"Polygon","coordinates":[[[13.780560720403978,51.06847938828238],[13.780560677360793,51.06847939682612],[13.780536725316606,51.06848382319826],[13.780557111346502,51.06852819063763],[13.780581208464339,51.068523675846606],[13.78058125150756,51.06852366730284],[13.780560720403978,51.06847938828238]]]}},{"type":"Feature","id":"UUID_9f1fe6eb-3d8e-4b8c-8610-633435fa5b72","properties":{"id":"UUID_9f1fe6eb-3d8e-4b8c-8610-633435fa5b72","height_m":12.417,"ground_m":135.892,"height_source":"LoD1 solid top minus bottom","production":"2024","laser":"2016","footprints":"2022"},"geometry":{"type":"Polygon","coordinates":[[[13.78054460695914,51.068444606802615],[13.780560677360793,51.06847939682612],[13.780560720403978,51.06847938828238],[13.78058125150756,51.06852366730284],[13.780581208464339,51.068523675846606],[13.780597419247139,51.06855855725719],[13.780650341170121,51.06854885754836],[13.780650328082423,51.06854881244772],[13.780676230182598,51.0685440466825],[13.780691949556905,51.068541144114604],[13.780691936232918,51.06854110800431],[13.780755471501548,51.06852945061609],[13.780702658856063,51.068415500229975],[13.780643124142497,51.06842646191302],[13.780623417716338,51.06843009626207],[13.780595651023503,51.068435211268344],[13.780595664347386,51.06843524737863],[13.78054460695914,51.068444606802615]]]}},{"type":"Feature","id":"UUID_788e0821-7a9c-4add-959e-cf472b712af7","properties":{"id":"UUID_788e0821-7a9c-4add-959e-cf472b712af7","height_m":14.255,"ground_m":135.892,"height_source":"LoD1 solid top minus bottom","production":"2024","laser":"2016","footprints":"2022"},"geometry":{"type":"Polygon","coordinates":[[[13.780643124142497,51.06842646191302],[13.780633279178351,51.06840515413565],[13.780585662917407,51.0684139199792],[13.780595651023503,51.068435211268344],[13.780643124142497,51.06842646191302]]]}},{"type":"Feature","id":"DESNATPU1000IrEs","properties":{"id":"DESNATPU1000IrEs","height_m":12.197,"ground_m":136.176,"height_source":"LoD1 solid top minus bottom","production":"2024","laser":"2016","footprints":"2022"},"geometry":{"type":"Polygon","coordinates":[[[13.78234004042581,51.069236797400535],[13.781997966437745,51.06928916859573],[13.782009730391692,51.06931950705308],[13.782025094537893,51.06935950534019],[13.78203685852667,51.06938984379468],[13.782379078268718,51.06933738407419],[13.782367585297022,51.06930758804704],[13.782352075819661,51.069267678219795],[13.78234004042581,51.069236797400535]]]}},{"type":"Feature","id":"DESNATPU1000CAoo","properties":{"id":"DESNATPU1000CAoo","height_m":3.367,"ground_m":159.274,"height_source":"LoD1 solid top minus bottom","production":"2024","laser":"2016","footprints":"2022"},"geometry":{"type":"Polygon","coordinates":[[[13.794232800485053,51.07194748040964],[13.79428386494057,51.07197468882129],[13.79437933632826,51.071903551294945],[13.794328271660001,51.07187635191522],[13.794383452881283,51.071835221450954],[13.794272989193711,51.071776375188385],[13.79421780817992,51.07181749661031],[13.794187017565378,51.0718010908437],[13.794091531828897,51.07187222806638],[13.794124265322953,51.071889670089085],[13.794067570740543,51.07193189992603],[13.794176105695335,51.071989719289405],[13.794232800485053,51.07194748040964]]]}},{"type":"Feature","id":"DESNATPU1000IV2F","properties":{"id":"DESNATPU1000IV2F","height_m":15.673,"ground_m":131.948,"height_source":"LoD1 solid top minus bottom","production":"2024","laser":"2016","footprints":"2022"},"geometry":{"type":"Polygon","coordinates":[[[13.788779853397948,51.06734768094941],[13.788860595488403,51.06743125154448],[13.788929796181261,51.06740472035285],[13.788924236535028,51.06739899727224],[13.78904794520792,51.06735108831224],[13.78905086185688,51.06735417608764],[13.78909887389985,51.06733560873338],[13.789096097589317,51.06733261234126],[13.78911037136855,51.06732709474332],[13.789103604308664,51.06729653898917],[13.789089366157622,51.067295222414906],[13.7890900190182,51.06729208169287],[13.7890334944856,51.06728681981379],[13.7890325327859,51.067290856617426],[13.788892156001895,51.06727744169788],[13.788893433590962,51.06727223910238],[13.788815702805636,51.067264689033024],[13.788803151176053,51.06731905543534],[13.788796297527709,51.06731916427005],[13.788784320779836,51.0673241660643],[13.788779853397948,51.06734768094941]]]}},{"type":"Feature","id":"DESNATPU1000ChKa","properties":{"id":"DESNATPU1000ChKa","height_m":3.591,"ground_m":139.693,"height_source":"LoD1 solid top minus bottom","production":"2024","laser":"2016","footprints":"2022"},"geometry":{"type":"Polygon","coordinates":[[[13.779896792435112,51.07217719503612],[13.779858969572402,51.07212333793022],[13.77973878254701,51.0721558962553],[13.779777062269403,51.07221191644535],[13.779896792435112,51.07217719503612]]]}},{"type":"Feature","id":"DESNATPU1000C2ee","properties":{"id":"DESNATPU1000C2ee","height_m":18.832,"ground_m":165.573,"height_source":"LoD1 solid top minus bottom","production":"2024","laser":"2016","footprints":"2022"},"geometry":{"type":"Polygon","coordinates":[[[13.790160224168423,51.07438410319013],[13.790156950939124,51.07438919520982],[13.790190564155637,51.074397546712746],[13.790193837381867,51.07439245469209],[13.79027397060305,51.07441234879917],[13.790332954059892,51.07431817506309],[13.79025183139587,51.07429791104308],[13.790220913516062,51.07429020795746],[13.790138227962514,51.07426966689106],[13.790079234796174,51.07436420014251],[13.790160224168423,51.07438410319013]]]}},{"type":"Feature","id":"DESNATPU1000Hnz0","properties":{"id":"DESNATPU1000Hnz0","height_m":18.886,"ground_m":161.574,"height_source":"LoD1 solid top minus bottom","production":"2024","laser":"2016","footprints":"2022"},"geometry":{"type":"Polygon","coordinates":[[[13.788602156193312,51.07418676112609],[13.788589352758642,51.07420695217669],[13.78855823089063,51.07425626992216],[13.78870841956293,51.07429379762441],[13.788738495394972,51.0742462675614],[13.788746009616641,51.0742482339172],[13.788760602951289,51.07422509377132],[13.788752943677563,51.0742232158414],[13.788784215066215,51.07417362980982],[13.788633884010812,51.074136100727465],[13.788602156193312,51.07418676112609]]]}},{"type":"Feature","id":"DESNATPU1000GrLr","properties":{"id":"DESNATPU1000GrLr","height_m":15.328,"ground_m":148.951,"height_source":"LoD1 solid top minus bottom","production":"2024","laser":"2016","footprints":"2022"},"geometry":{"type":"Polygon","coordinates":[[[13.786773398202465,51.07144800860062],[13.786753923153643,51.07146678128862],[13.786761125581501,51.07146973374782],[13.786716770957124,51.07151198920734],[13.786709711224956,51.07150903822664],[13.78668936817248,51.071528251534446],[13.786697136701004,51.07153138973008],[13.786692887915246,51.07153557224806],[13.786770429458645,51.07156644908914],[13.78684757577837,51.071597159905615],[13.786881126125586,51.07156414478763],[13.78689016251373,51.07156792562587],[13.786914340274667,51.07154398589151],[13.786904999684515,51.07154092132288],[13.786950128779692,51.071496335699116],[13.786872911207833,51.07146562420998],[13.78679529841288,51.07143474669648],[13.786779328091022,51.07145049820966],[13.786773398202465,51.07144800860062]]]}},{"type":"Feature","id":"DESNATPU1000J8p1","properties":{"id":"DESNATPU1000J8p1","height_m":12.139,"ground_m":138.957,"height_source":"LoD1 solid top minus bottom","production":"2024","laser":"2016","footprints":"2022"},"geometry":{"type":"Polygon","coordinates":[[[13.7868241476527,51.068224341653845],[13.786788494110075,51.068168665761995],[13.786816798957004,51.068161495517785],[13.786787873951345,51.06811596141853],[13.786759281399398,51.068123218597485],[13.786730482707064,51.06807831529178],[13.78655878466118,51.06812185669482],[13.786652304109353,51.06826797161287],[13.7868241476527,51.068224341653845]]]}},{"type":"Feature","id":"DESNATPU1000FXBs","properties":{"id":"DESNATPU1000FXBs","height_m":8.734,"ground_m":135.15,"height_source":"LoD1 solid top minus bottom","production":"2024","laser":"2016","footprints":"2022"},"geometry":{"type":"Polygon","coordinates":[[[13.780244591922113,51.06770073760902],[13.780261052099894,51.06773697059886],[13.780372047465104,51.067716995722726],[13.780378786852635,51.067715807050924],[13.780398013290922,51.067711960900404],[13.780405898901629,51.06771060433083],[13.780440316352355,51.067704398691426],[13.78040752427266,51.067632473667985],[13.78028878384502,51.06765389653439],[13.780228122316277,51.06766486423106],[13.780244591922113,51.06770073760902]]]}},{"type":"Feature","id":"DESNATPU1000G3un","properties":{"id":"DESNATPU1000G3un","height_m":9.611,"ground_m":140.061,"height_source":"LoD1 solid top minus bottom","production":"2024","laser":"2016","footprints":"2022"},"geometry":{"type":"Polygon","coordinates":[[[13.778147490773655,51.0698880374882],[13.778147748220178,51.069993166247166],[13.778341413981336,51.06999297834755],[13.77834034280706,51.06988838065479],[13.778147490773655,51.0698880374882]]]}},{"type":"Feature","id":"UUID_10461bf5-9df8-4720-bc23-f41dea4ff2ef","properties":{"id":"UUID_10461bf5-9df8-4720-bc23-f41dea4ff2ef","height_m":8.196,"ground_m":136.84,"height_source":"LoD1 solid top minus bottom","production":"2024","laser":"2016","footprints":"2022"},"geometry":{"type":"Polygon","coordinates":[[[13.781248836336658,51.06883019002359],[13.781266058749956,51.068827123194296],[13.78124956934697,51.06879087206639],[13.781249440216918,51.06879089769838],[13.781232665116313,51.06879378034022],[13.781248836336658,51.06883019002359]]]}},{"type":"Feature","id":"UUID_0f9cf269-4d1f-4288-b6e6-729e048114d6","properties":{"id":"UUID_0f9cf269-4d1f-4288-b6e6-729e048114d6","height_m":8.677,"ground_m":136.84,"height_source":"LoD1 solid top minus bottom","production":"2024","laser":"2016","footprints":"2022"},"geometry":{"type":"Polygon","coordinates":[[[13.78144201999455,51.06877860700524],[13.781417784856163,51.06878294067841],[13.781445225485657,51.06884459376228],[13.781452165722662,51.068843371150955],[13.781446921884223,51.06883108624743],[13.781463984728232,51.068828116646465],[13.78144201999455,51.06877860700524]]]}},{"type":"Feature","id":"UUID_0dc95440-a380-41d8-a211-b7e9086b05ed","properties":{"id":"UUID_0dc95440-a380-41d8-a211-b7e9086b05ed","height_m":10.007,"ground_m":136.84,"height_source":"LoD1 solid top minus bottom","production":"2024","laser":"2016","footprints":"2022"},"geometry":{"type":"Polygon","coordinates":[[[13.78124956934697,51.06879087206639],[13.781266058749956,51.068827123194296],[13.78126647467855,51.06882704659579],[13.781286690526107,51.06887249126619],[13.781445225485657,51.06884459376228],[13.781417784856163,51.06878294067841],[13.78140093784424,51.06874508512175],[13.78124148667404,51.06877309891088],[13.781249440216918,51.06879089769838],[13.78124956934697,51.06879087206639]]]}},{"type":"Feature","id":"UUID_bdb6754f-ec97-499b-8283-30872d2774ce","properties":{"id":"UUID_bdb6754f-ec97-499b-8283-30872d2774ce","height_m":14.344,"ground_m":122.475,"height_source":"LoD1 solid top minus bottom","production":"2024","laser":"2016","footprints":"2022"},"geometry":{"type":"Polygon","coordinates":[[[13.773844005074565,51.06829827402681],[13.773805004686764,51.06838171399178],[13.773798939662427,51.0683805982038],[13.773784487244368,51.06841169665275],[13.773790481165419,51.06841280270268],[13.773786786672682,51.068420821515474],[13.773874739492715,51.06843689710589],[13.773967592586775,51.06845387834954],[13.774001676442914,51.0683798651999],[13.774046404766999,51.06828273521962],[13.774046419510944,51.06828271738863],[13.774024219640452,51.06827860862903],[13.774025748211184,51.06827531530238],[13.77391412275872,51.06825470192479],[13.773912489072382,51.06825819198954],[13.773866697686762,51.06824970801711],[13.773861215325745,51.06824868827289],[13.773838536977225,51.06829725443117],[13.773844005074565,51.06829827402681]]]}},{"type":"Feature","id":"UUID_50005d21-240b-4238-a81b-2024e90999e6","properties":{"id":"UUID_50005d21-240b-4238-a81b-2024e90999e6","height_m":11.662,"ground_m":122.475,"height_source":"LoD1 solid top minus bottom","production":"2024","laser":"2016","footprints":"2022"},"geometry":{"type":"Polygon","coordinates":[[[13.77403164487678,51.06835464890854],[13.77403573555337,51.06835540224839],[13.774067753022063,51.06828666417905],[13.774063364129788,51.06828585375545],[13.774046419510944,51.06828271738863],[13.774046404766999,51.06828273521962],[13.774001676442914,51.0683798651999],[13.774018593743886,51.06838295632239],[13.77403164487678,51.06835464890854]]]}},{"type":"Feature","id":"UUID_8a50999e-0ece-479e-84ba-066b9f7b7748","properties":{"id":"UUID_8a50999e-0ece-479e-84ba-066b9f7b7748","height_m":5.862,"ground_m":139.987,"height_source":"LoD1 solid top minus bottom","production":"2024","laser":"2016","footprints":"2022"},"geometry":{"type":"Polygon","coordinates":[[[13.786225405193655,51.06874263154333],[13.786155563873256,51.06876187030617],[13.78616697987134,51.06877832880927],[13.786236876877284,51.06875914457476],[13.786225405193655,51.06874263154333]]]}},{"type":"Feature","id":"UUID_78290e4f-aaa2-4f37-a8bf-c9eb3057589c","properties":{"id":"UUID_78290e4f-aaa2-4f37-a8bf-c9eb3057589c","height_m":13.131,"ground_m":139.987,"height_source":"LoD1 solid top minus bottom","production":"2024","laser":"2016","footprints":"2022"},"geometry":{"type":"Polygon","coordinates":[[[13.786179255894632,51.06867625293755],[13.786225405193655,51.06874263154333],[13.786236876877284,51.06875914457476],[13.786412481870123,51.06871094096239],[13.786354810373943,51.06862778809585],[13.786179255894632,51.06867625293755]]]}},{"type":"Feature","id":"DESNATPU1000GB45","properties":{"id":"DESNATPU1000GB45","height_m":10.305,"ground_m":127.877,"height_source":"LoD1 solid top minus bottom","production":"2024","laser":"2016","footprints":"2022"},"geometry":{"type":"Polygon","coordinates":[[[13.777562972256716,51.068185762606866],[13.777556406211149,51.068185783862624],[13.777512729849512,51.068191262317455],[13.777454830181966,51.06820027904395],[13.777517199806738,51.06838456483654],[13.77755264767755,51.06839887445851],[13.777597044782402,51.0683931337414],[13.777623605755558,51.06836553377259],[13.777562972256716,51.068185762606866]]]}},{"type":"Feature","id":"DESNATPU1000GOFQ","properties":{"id":"DESNATPU1000GOFQ","height_m":9.36,"ground_m":134.839,"height_source":"LoD1 solid top minus bottom","production":"2024","laser":"2016","footprints":"2022"},"geometry":{"type":"Polygon","coordinates":[[[13.777419312799871,51.06958075539319],[13.77767289524529,51.06963151913609],[13.777724135674696,51.06953942892276],[13.777726247053943,51.06953513444779],[13.777467987011486,51.069483152826585],[13.777466020672323,51.06948735888584],[13.777419312799871,51.06958075539319]]]}},{"type":"Feature","id":"UUID_95507167-9e08-44ae-a667-5374938a930b","properties":{"id":"UUID_95507167-9e08-44ae-a667-5374938a930b","height_m":8.031,"ground_m":137.342,"height_source":"LoD1 solid top minus bottom","production":"2024","laser":"2016","footprints":"2022"},"geometry":{"type":"Polygon","coordinates":[[[13.780901023843715,51.0689244856443],[13.780913427800746,51.06892228587749],[13.780949708157591,51.06891582973176],[13.780958744934507,51.068914125417926],[13.78094067780941,51.068873829007934],[13.780924763853683,51.06883850110298],[13.780922463300174,51.06883371091396],[13.780764145986678,51.06886200566411],[13.780776001065808,51.06888829843269],[13.780781820315951,51.068900949081794],[13.78078171995978,51.068900966020614],[13.780800467575839,51.06894251955556],[13.780813460119354,51.06894019104655],[13.780900952261959,51.06892449389052],[13.780901023843715,51.0689244856443]]]}},{"type":"Feature","id":"UUID_5dd46049-5d9b-4063-bce2-880388fe4adf","properties":{"id":"UUID_5dd46049-5d9b-4063-bce2-880388fe4adf","height_m":4.904,"ground_m":137.342,"height_source":"LoD1 solid top minus bottom","production":"2024","laser":"2016","footprints":"2022"},"geometry":{"type":"Polygon","coordinates":[[[13.780801236267315,51.06894422721667],[13.7808142825805,51.06894202516791],[13.780813460119354,51.06894019104655],[13.780800467575839,51.06894251955556],[13.78078171995978,51.068900966020614],[13.780753285424437,51.0689059571919],[13.780759490125696,51.068919691001256],[13.780772713163028,51.06894878581355],[13.780801236267315,51.06894422721667]]]}},{"type":"Feature","id":"UUID_ef2c142b-1243-4278-99f8-ec935c42c109","properties":{"id":"UUID_ef2c142b-1243-4278-99f8-ec935c42c109","height_m":7.516,"ground_m":137.342,"height_source":"LoD1 solid top minus bottom","production":"2024","laser":"2016","footprints":"2022"},"geometry":{"type":"Polygon","coordinates":[[[13.78082250955778,51.06896027647757],[13.780869044107204,51.06895195788764],[13.780909985812839,51.06894464209873],[13.78090945048002,51.06894328759226],[13.780900952261959,51.06892449389052],[13.780859995358796,51.068931845488976],[13.780813460119354,51.06894019104655],[13.7808142825805,51.06894202516791],[13.78082250955778,51.06896027647757]]]}},{"type":"Feature","id":"UUID_052bc147-4681-4550-a56c-c9a86d0d372b","properties":{"id":"UUID_052bc147-4681-4550-a56c-c9a86d0d372b","height_m":18.813,"ground_m":133.8,"height_source":"LoD1 solid top minus bottom","production":"2024","laser":"2016","footprints":"2022"},"geometry":{"type":"Polygon","coordinates":[[[13.778592254713697,51.06839994066744],[13.778540576431507,51.068243105373305],[13.778540175482712,51.06824315514019],[13.778478258531894,51.06805670736389],[13.778478545091835,51.068056665394565],[13.778471645989283,51.06803680908271],[13.778280161707805,51.06806178620494],[13.778286910942024,51.06808191074651],[13.778294963976318,51.06810672518333],[13.778291384930055,51.06810713741464],[13.77831030048057,51.06816389998223],[13.778314167275346,51.068163400829725],[13.778321934960282,51.068188212281704],[13.778394593109036,51.068426382208266],[13.778592254713697,51.06839994066744]]]}},{"type":"Feature","id":"UUID_ae11a3d2-d626-4fa1-bf3b-1561a1a6bb01","properties":{"id":"UUID_ae11a3d2-d626-4fa1-bf3b-1561a1a6bb01","height_m":3.0,"ground_m":133.8,"height_source":"LoD1 solid top minus bottom","production":"2024","laser":"2016","footprints":"2022"},"geometry":{"type":"Polygon","coordinates":[[[13.778478258531894,51.06805670736389],[13.778540175482712,51.06824315514019],[13.778540576431507,51.068243105373305],[13.77854458591941,51.068242607704356],[13.778490607699148,51.06808098215177],[13.778486738546317,51.06808157121366],[13.778478545091835,51.068056665394565],[13.778478258531894,51.06805670736389]]]}},{"type":"Feature","id":"DESNATP1Ak0000US","properties":{"id":"DESNATP1Ak0000US","height_m":3.0,"ground_m":218.671,"height_source":"LoD1 solid top minus bottom","production":"2024","laser":"2016","footprints":"2022"},"geometry":{"type":"Polygon","coordinates":[[[13.799952348267597,51.07743426871907],[13.799866319947997,51.077390813602634],[13.799801993864628,51.07743882214391],[13.799889928274741,51.0774819911219],[13.799952348267597,51.07743426871907]]]}},{"type":"Feature","id":"UUID_77d3c5bd-904c-43c1-91cc-0320b1654975","properties":{"id":"UUID_77d3c5bd-904c-43c1-91cc-0320b1654975","height_m":12.719,"ground_m":134.327,"height_source":"LoD1 solid top minus bottom","production":"2024","laser":"2016","footprints":"2022"},"geometry":{"type":"Polygon","coordinates":[[[13.780100392446027,51.06881865008537],[13.780100306595232,51.06881865818218],[13.780087481986321,51.068779855203765],[13.779907303478527,51.068803604072365],[13.77993997841943,51.068901697106966],[13.78012200842021,51.068883543059265],[13.78010969781149,51.06884690372522],[13.780109798167782,51.068846886786986],[13.780100392446027,51.06881865008537]]]}},{"type":"Feature","id":"UUID_02c8e000-a1e9-4f35-ad7b-01a9730759f8","properties":{"id":"UUID_02c8e000-a1e9-4f35-ad7b-01a9730759f8","height_m":11.88,"ground_m":134.327,"height_source":"LoD1 solid top minus bottom","production":"2024","laser":"2016","footprints":"2022"},"geometry":{"type":"Polygon","coordinates":[[[13.780109798167782,51.068846886786986],[13.78015094639476,51.06884148888997],[13.780141557517966,51.068813153446506],[13.780138551558931,51.06881348178736],[13.780100392446027,51.06881865008537],[13.780109798167782,51.068846886786986]]]}},{"type":"Feature","id":"DESNATP1Ak0000R6","properties":{"id":"DESNATP1Ak0000R6","height_m":4.334,"ground_m":141.239,"height_source":"LoD1 solid top minus bottom","production":"2024","laser":"2016","footprints":"2022"},"geometry":{"type":"Polygon","coordinates":[[[13.787314326640418,51.068933421996874],[13.78725056251731,51.068960431307495],[13.787315012629167,51.069022404027564],[13.787375050651146,51.06899761322149],[13.787370565471653,51.06899337603734],[13.787314326640418,51.068933421996874]]]}},{"type":"Feature","id":"DESNATPU1000CK5C","properties":{"id":"DESNATPU1000CK5C","height_m":18.844,"ground_m":159.786,"height_source":"LoD1 solid top minus bottom","production":"2024","laser":"2016","footprints":"2022"},"geometry":{"type":"Polygon","coordinates":[[[13.787960891328593,51.07362040112239],[13.788110508979196,51.073657833756954],[13.788142218171748,51.07360789271827],[13.788152569942662,51.07361051802836],[13.788165817954148,51.07358970213617],[13.788155323481286,51.073587075347746],[13.788184947806,51.07354044002101],[13.78803476199725,51.07350291166079],[13.788002893616191,51.07355348051724],[13.787991416731193,51.07357206655422],[13.787960891328593,51.07362040112239]]]}},{"type":"Feature","id":"UUID_a24d760b-c5e3-4244-b3b1-c52a26911aa7","properties":{"id":"UUID_a24d760b-c5e3-4244-b3b1-c52a26911aa7","height_m":5.106,"ground_m":135.734,"height_source":"LoD1 solid top minus bottom","production":"2024","laser":"2016","footprints":"2022"},"geometry":{"type":"Polygon","coordinates":[[[13.78224323231299,51.067981920049235],[13.78220978544607,51.06791253369173],[13.78218301663298,51.067917713427654],[13.782217041058965,51.0679868450186],[13.78224323231299,51.067981920049235]]]}},{"type":"Feature","id":"UUID_a590dc54-0621-4473-be39-9c2bcb4f938d","properties":{"id":"UUID_a590dc54-0621-4473-be39-9c2bcb4f938d","height_m":12.14,"ground_m":135.734,"height_source":"LoD1 solid top minus bottom","production":"2024","laser":"2016","footprints":"2022"},"geometry":{"type":"Polygon","coordinates":[[[13.781996566124423,51.06802832475732],[13.782029685378712,51.06802209612903],[13.781999148921807,51.06796092350508],[13.781991244324471,51.06796245984066],[13.782006765575412,51.06799482487348],[13.781983554569454,51.06800094092064],[13.781996566124423,51.06802832475732]]]}},{"type":"Feature","id":"UUID_978e8bbc-76e6-47d0-9e31-21346ff399f3","properties":{"id":"UUID_978e8bbc-76e6-47d0-9e31-21346ff399f3","height_m":13.115,"ground_m":135.734,"height_source":"LoD1 solid top minus bottom","production":"2024","laser":"2016","footprints":"2022"},"geometry":{"type":"Polygon","coordinates":[[[13.781999148921807,51.06796092350508],[13.782029685378712,51.06802209612903],[13.782217041058965,51.0679868450186],[13.78218301663298,51.067917713427654],[13.782177704994377,51.067906920657116],[13.7821674178692,51.067908962756846],[13.78199070122908,51.06794400091367],[13.781999148921807,51.06796092350508]]]}},{"type":"Feature","id":"DESNATPU1000B1JR","properties":{"id":"DESNATPU1000B1JR","height_m":2.551,"ground_m":136.112,"height_source":"LoD1 solid top minus bottom","production":"2024","laser":"2016","footprints":"2022"},"geometry":{"type":"Polygon","coordinates":[[[13.783747341875793,51.068388409079425],[13.783765107853649,51.06841305441282],[13.783847650298817,51.06838954274941],[13.783820380391347,51.06835175895245],[13.783759549079443,51.06836920154408],[13.783769057673027,51.068382160217325],[13.783747341875793,51.068388409079425]]]}},{"type":"Feature","id":"DESNATP1iT0000Xj","properties":{"id":"DESNATP1iT0000Xj","height_m":10.538,"ground_m":142.175,"height_source":"LoD1 solid top minus bottom","production":"2024","laser":"2016","footprints":"2022"},"geometry":{"type":"Polygon","coordinates":[[[13.772618293519711,51.07531035845032],[13.772513221808362,51.075479507097214],[13.772532777924015,51.07548438872511],[13.772538963242525,51.07548584756445],[13.772995186572187,51.07559351533466],[13.77300940133731,51.07559687498409],[13.77303838734484,51.0755517925093],[13.773070474588842,51.075499557319915],[13.773112078296599,51.07543185544496],[13.773097867140887,51.075428360953424],[13.772644105992455,51.07531670863361],[13.772618293519711,51.07531035845032]]]}},{"type":"Feature","id":"DESNATP1Ak0000QU","properties":{"id":"DESNATP1Ak0000QU","height_m":2.415,"ground_m":141.505,"height_source":"LoD1 solid top minus bottom","production":"2024","laser":"2016","footprints":"2022"},"geometry":{"type":"Polygon","coordinates":[[[13.782685963497752,51.07203469336103],[13.782630351223128,51.072011335373304],[13.78254670046331,51.07209041023465],[13.782602312789242,51.07211376826222],[13.782685963497752,51.07203469336103]]]}},{"type":"Feature","id":"DESNATPU1000B8ve","properties":{"id":"DESNATPU1000B8ve","height_m":2.534,"ground_m":144.177,"height_source":"LoD1 solid top minus bottom","production":"2024","laser":"2016","footprints":"2022"},"geometry":{"type":"Polygon","coordinates":[[[13.786913317508462,51.07039847081834],[13.786959055324337,51.070434287255644],[13.786987549571029,51.070419924682874],[13.786941814097487,51.07038401835284],[13.786913317508462,51.07039847081834]]]}},{"type":"Feature","id":"DESNATPU1000Eaou","properties":{"id":"DESNATPU1000Eaou","height_m":2.425,"ground_m":133.555,"height_source":"LoD1 solid top minus bottom","production":"2024","laser":"2016","footprints":"2022"},"geometry":{"type":"Polygon","coordinates":[[[13.78314596125339,51.06735139271463],[13.783186094374667,51.06740477824532],[13.78331052480834,51.067367674236245],[13.78327222292182,51.067315207093415],[13.78319356057645,51.06733776953257],[13.78314596125339,51.06735139271463]]]}},{"type":"Feature","id":"DESNATPU1000HoUq","properties":{"id":"DESNATPU1000HoUq","height_m":2.727,"ground_m":133.543,"height_source":"LoD1 solid top minus bottom","production":"2024","laser":"2016","footprints":"2022"},"geometry":{"type":"Polygon","coordinates":[[[13.783192376433709,51.06731761328706],[13.78319356057645,51.06733776953257],[13.78327222292182,51.067315207093415],[13.783192376433709,51.06731761328706]]]}},{"type":"Feature","id":"UUID_7d7b66af-8bde-4707-abb7-84a85e0876de","properties":{"id":"UUID_7d7b66af-8bde-4707-abb7-84a85e0876de","height_m":8.304,"ground_m":144.691,"height_source":"LoD1 solid top minus bottom","production":"2024","laser":"2016","footprints":"2022"},"geometry":{"type":"Polygon","coordinates":[[[13.789804552913777,51.07032504238984],[13.789512137263635,51.07009181642394],[13.789432949121665,51.070131185179164],[13.789402450989776,51.07014634593676],[13.78929011817686,51.070202187862776],[13.789582978325784,51.07043532006365],[13.789804552913777,51.07032504238984]]]}},{"type":"Feature","id":"UUID_3a5b1cc5-984e-46a3-a33b-fa24bb72bb5a","properties":{"id":"UUID_3a5b1cc5-984e-46a3-a33b-fa24bb72bb5a","height_m":8.884,"ground_m":144.691,"height_source":"LoD1 solid top minus bottom","production":"2024","laser":"2016","footprints":"2022"},"geometry":{"type":"Polygon","coordinates":[[[13.789402450989776,51.07014634593676],[13.78939368415128,51.070139348656745],[13.789281462686182,51.070195299641476],[13.78929011817686,51.070202187862776],[13.789402450989776,51.07014634593676]]]}},{"type":"Feature","id":"UUID_7aada2e1-e988-4f3b-8e20-10086b5d881a","properties":{"id":"UUID_7aada2e1-e988-4f3b-8e20-10086b5d881a","height_m":5.473,"ground_m":144.691,"height_source":"LoD1 solid top minus bottom","production":"2024","laser":"2016","footprints":"2022"},"geometry":{"type":"Polygon","coordinates":[[[13.789380101539114,51.06998651002663],[13.789300970076669,51.07002589726554],[13.789432949121665,51.070131185179164],[13.789512137263635,51.07009181642394],[13.789380101539114,51.06998651002663]]]}},{"type":"Feature","id":"DESNATPU1000Hlau","properties":{"id":"DESNATPU1000Hlau","height_m":14.882,"ground_m":137.27,"height_source":"LoD1 solid top minus bottom","production":"2024","laser":"2016","footprints":"2022"},"geometry":{"type":"Polygon","coordinates":[[[13.783347618370884,51.06880529273373],[13.783354783699014,51.06881507956207],[13.783366219220596,51.06883075617021],[13.783371450531305,51.0688380948054],[13.783377925842338,51.068836093858145],[13.783410569678356,51.068881217873425],[13.783506915293485,51.06885334471789],[13.783598687397895,51.06882679079513],[13.783572378567795,51.06879045579602],[13.78358454244628,51.06877835215498],[13.783582339529351,51.068775271670795],[13.783579594132847,51.06877110640272],[13.7835768463799,51.06876703103824],[13.783574374581123,51.06876331825833],[13.7835701669247,51.06876048669469],[13.783548819884992,51.06875810625258],[13.783545791468104,51.06875384811],[13.783537003387101,51.06874062713364],[13.783348467429871,51.0687952296153],[13.783348165421787,51.068795316399836],[13.783341982569032,51.06879705060514],[13.783347618370884,51.06880529273373]]]}},{"type":"Feature","id":"DESNATPU1000EGy9","properties":{"id":"DESNATPU1000EGy9","height_m":3.417,"ground_m":137.576,"height_source":"LoD1 solid top minus bottom","production":"2024","laser":"2016","footprints":"2022"},"geometry":{"type":"Polygon","coordinates":[[[13.780765890957513,51.06903459607823],[13.78079841996535,51.069116590192756],[13.780860110456427,51.06910455379046],[13.780866216001913,51.069122063543425],[13.78091885077013,51.06911245064486],[13.780907222751772,51.069093264587885],[13.780963520219446,51.06908548843511],[13.78092839887523,51.06900436661144],[13.780765890957513,51.06903459607823]]]}},{"type":"Feature","id":"DESNATP1Ak0000RG","properties":{"id":"DESNATP1Ak0000RG","height_m":2.456,"ground_m":154.198,"height_source":"LoD1 solid top minus bottom","production":"2024","laser":"2016","footprints":"2022"},"geometry":{"type":"Polygon","coordinates":[[[13.78823223850494,51.07185397823514],[13.788209208838236,51.07187660819862],[13.788234031894387,51.07188696446981],[13.788285164240053,51.07190761146818],[13.788292497378771,51.07191048425195],[13.788316154904797,51.07188786078087],[13.78823223850494,51.07185397823514]]]}},{"type":"Feature","id":"DESNATPU1000C8DC","properties":{"id":"DESNATPU1000C8DC","height_m":4.77,"ground_m":158.381,"height_source":"LoD1 solid top minus bottom","production":"2024","laser":"2016","footprints":"2022"},"geometry":{"type":"Polygon","coordinates":[[[13.790557502174853,51.07243434745937],[13.790615907522225,51.0723786567969],[13.790548125297926,51.07235052739355],[13.790489717561904,51.07240630792593],[13.790557502174853,51.07243434745937]]]}},{"type":"Feature","id":"DESNATPU1000BVCc","properties":{"id":"DESNATPU1000BVCc","height_m":12.023,"ground_m":133.858,"height_source":"LoD1 solid top minus bottom","production":"2024","laser":"2016","footprints":"2022"},"geometry":{"type":"Polygon","coordinates":[[[13.780133470504124,51.06855614416007],[13.780121961744562,51.06852158154253],[13.780163069710351,51.06851607530794],[13.780153393145632,51.068487826789486],[13.780112430257173,51.06849324460654],[13.780099467761062,51.068454260331556],[13.77991928816233,51.06847809913213],[13.779954344579531,51.06858332135625],[13.780133470504124,51.06855614416007]]]}},{"type":"Feature","id":"UUID_28641da3-007d-4940-ad28-d1d6ab3df0dd","properties":{"id":"UUID_28641da3-007d-4940-ad28-d1d6ab3df0dd","height_m":6.663,"ground_m":123.901,"height_source":"LoD1 solid top minus bottom","production":"2024","laser":"2016","footprints":"2022"},"geometry":{"type":"Polygon","coordinates":[[[13.77514818075654,51.06794699241],[13.775153319295887,51.0679361649401],[13.775100638461646,51.067925900616544],[13.775055905439777,51.06791733827242],[13.775050534544857,51.06792831618104],[13.77514818075654,51.06794699241]]]}},{"type":"Feature","id":"UUID_9635a7c7-a5b2-4ea6-a26f-891ada7daa0b","properties":{"id":"UUID_9635a7c7-a5b2-4ea6-a26f-891ada7daa0b","height_m":7.085,"ground_m":123.901,"height_source":"LoD1 solid top minus bottom","production":"2024","laser":"2016","footprints":"2022"},"geometry":{"type":"Polygon","coordinates":[[[13.77518339883156,51.067953746374286],[13.77514818075654,51.06794699241],[13.77505056284506,51.06792832547046],[13.775050534544857,51.06792831618104],[13.775039612265664,51.067950620826124],[13.775027685828395,51.06794824762641],[13.775016814200216,51.06797079560645],[13.775028880957102,51.067973260206124],[13.775013041915239,51.068005558304655],[13.77501829526112,51.06800660257319],[13.775126218362722,51.068027427897384],[13.77512259924386,51.06803476408713],[13.77516249998248,51.068042556340465],[13.77516597878081,51.06803512875082],[13.77527915774777,51.068056908292945],[13.7752947065013,51.06802478697405],[13.775306492657172,51.068027068748236],[13.775317656653222,51.06800425402057],[13.775305870502557,51.06800197224752],[13.775317030696069,51.0679793013652],[13.775317031170644,51.06797928338452],[13.77521932798301,51.06796059770738],[13.77518339883156,51.067953746374286]]]}},{"type":"Feature","id":"UUID_88d4ca99-1c98-495d-94a9-7cc05b206400","properties":{"id":"UUID_88d4ca99-1c98-495d-94a9-7cc05b206400","height_m":6.663,"ground_m":123.901,"height_source":"LoD1 solid top minus bottom","production":"2024","laser":"2016","footprints":"2022"},"geometry":{"type":"Polygon","coordinates":[[[13.77521932798301,51.06796059770738],[13.775317031170644,51.06797928338452],[13.775322158759275,51.06796886946258],[13.775277715775294,51.06796013038624],[13.775224747136841,51.06794995303141],[13.77521932798301,51.06796059770738]]]}},{"type":"Feature","id":"DESNATPU1000DX5m","properties":{"id":"DESNATPU1000DX5m","height_m":6.913,"ground_m":125.067,"height_source":"LoD1 solid top minus bottom","production":"2024","laser":"2016","footprints":"2022"},"geometry":{"type":"Polygon","coordinates":[[[13.77505246374337,51.06881001990751],[13.775208290312209,51.06883836157379],[13.775216477346605,51.06882019193134],[13.775226476330097,51.068798264289015],[13.775244353204709,51.068759063044325],[13.77508852450512,51.0687308113308],[13.77505246374337,51.06881001990751]]]}},{"type":"Feature","id":"DESNATP1Ak0000QW","properties":{"id":"DESNATP1Ak0000QW","height_m":3.053,"ground_m":142.24,"height_source":"LoD1 solid top minus bottom","production":"2024","laser":"2016","footprints":"2022"},"geometry":{"type":"Polygon","coordinates":[[[13.78337354290745,51.07199759853232],[13.783290642021255,51.072048129544235],[13.783341881304757,51.072081495663504],[13.783424782196013,51.07203096461556],[13.78337354290745,51.07199759853232]]]}},{"type":"Feature","id":"DESNATP1Ak0000Qq","properties":{"id":"DESNATP1Ak0000Qq","height_m":19.363,"ground_m":136.998,"height_source":"LoD1 solid top minus bottom","production":"2024","laser":"2016","footprints":"2022"},"geometry":{"type":"Polygon","coordinates":[[[13.785168780701037,51.0682355474701],[13.785117795785473,51.0681691361584],[13.78506011602852,51.06818671110331],[13.785111086611053,51.06825312229123],[13.785168780701037,51.0682355474701]]]}},{"type":"Feature","id":"UUID_feefda11-8a0b-4b82-ab74-836a90be3824","properties":{"id":"UUID_feefda11-8a0b-4b82-ab74-836a90be3824","height_m":4.249,"ground_m":143.298,"height_source":"LoD1 solid top minus bottom","production":"2024","laser":"2016","footprints":"2022"},"geometry":{"type":"Polygon","coordinates":[[[13.7866340118634,51.06999413249989],[13.786668538782827,51.06999305206583],[13.786696423345727,51.06999217245594],[13.786695440021067,51.069980651446556],[13.786667540255197,51.06998156686963],[13.786633011933635,51.06998270124571],[13.78663399994505,51.069994042448016],[13.7866340118634,51.06999413249989]]]}},{"type":"Feature","id":"UUID_2fb73878-b20c-4807-80ee-eb6b440e8ae3","properties":{"id":"UUID_2fb73878-b20c-4807-80ee-eb6b440e8ae3","height_m":5.166,"ground_m":143.298,"height_source":"LoD1 solid top minus bottom","production":"2024","laser":"2016","footprints":"2022"},"geometry":{"type":"Polygon","coordinates":[[[13.786696423345727,51.06999217245594],[13.7866340118634,51.06999413249989],[13.78663399994505,51.069994042448016],[13.78659314224545,51.06999541686307],[13.786597610229775,51.070048340993495],[13.786700755805816,51.070044825390816],[13.786698652857103,51.070019353897685],[13.786696423345727,51.06999217245594]]]}},{"type":"Feature","id":"DESNATPU1000H9B7","properties":{"id":"DESNATPU1000H9B7","height_m":18.668,"ground_m":132.77,"height_source":"LoD1 solid top minus bottom","production":"2024","laser":"2016","footprints":"2022"},"geometry":{"type":"Polygon","coordinates":[[[13.77882518429238,51.06782521517864],[13.778810302193518,51.06782667839875],[13.778703459714455,51.06784066999661],[13.778700149503306,51.06784171454702],[13.778861313343524,51.068323435295916],[13.778983041506761,51.0683078904196],[13.779022001977884,51.06830263193718],[13.77914447659733,51.06828583569559],[13.779135897266887,51.06825930718636],[13.779133182436553,51.06825128421056],[13.779107426201737,51.06817510676641],[13.779071689313078,51.06806870809816],[13.779046430081838,51.0679926347502],[13.779036911184216,51.06796384821164],[13.778997403728743,51.067846169099674],[13.778988072898267,51.06781837373137],[13.778983302837217,51.06780438502547],[13.778857982782561,51.06782088158233],[13.77882518429238,51.06782521517864]]]}},{"type":"Feature","id":"DESNATPU1000BXH4","properties":{"id":"DESNATPU1000BXH4","height_m":18.312,"ground_m":136.744,"height_source":"LoD1 solid top minus bottom","production":"2024","laser":"2016","footprints":"2022"},"geometry":{"type":"Polygon","coordinates":[[[13.781231940751542,51.070543865177264],[13.781125558960778,51.070545543647434],[13.781125110005753,51.07053546701047],[13.781073846697236,51.07053628134671],[13.781074290917264,51.07054653779088],[13.781078129674698,51.0706394736243],[13.781286477180327,51.070635800842716],[13.781282350251923,51.0705429519411],[13.781281901262851,51.070532875304515],[13.781231353800623,51.07053360724554],[13.781231940751542,51.070543865177264]]]}},{"type":"Feature","id":"UUID_0ea2e08d-9a89-4933-8fb3-8dd6eaa27540","properties":{"id":"UUID_0ea2e08d-9a89-4933-8fb3-8dd6eaa27540","height_m":19.571,"ground_m":146.357,"height_source":"LoD1 solid top minus bottom","production":"2024","laser":"2016","footprints":"2022"},"geometry":{"type":"Polygon","coordinates":[[[13.786052822990863,51.07120383625754],[13.786011166877657,51.071186587058044],[13.785898070089456,51.071139369159795],[13.785853031686802,51.07112046606464],[13.785850063259547,51.07111935609244],[13.785770868349866,51.07119479247962],[13.78585897336903,51.071231589023725],[13.785891871559343,51.0712453300388],[13.785973340512276,51.07127935972172],[13.786052822990863,51.07120383625754]]]}},{"type":"Feature","id":"UUID_9f87b3f7-584d-4010-970a-3115ad851128","properties":{"id":"UUID_9f87b3f7-584d-4010-970a-3115ad851128","height_m":2.851,"ground_m":146.357,"height_source":"LoD1 solid top minus bottom","production":"2024","laser":"2016","footprints":"2022"},"geometry":{"type":"Polygon","coordinates":[[[13.785867376633849,51.0712759209511],[13.785893868524697,51.07125083639743],[13.785888504798393,51.071248532480226],[13.785891871559343,51.0712453300388],[13.78585897336903,51.071231589023725],[13.78585516204241,51.07123541634321],[13.78583257027348,51.0712260090001],[13.785806665627865,51.071250470143404],[13.785867376633849,51.0712759209511]]]}},{"type":"Feature","id":"UUID_e294b5ac-d5ea-4704-9f87-64a479f02aec","properties":{"id":"UUID_e294b5ac-d5ea-4704-9f87-64a479f02aec","height_m":16.442,"ground_m":126.386,"height_source":"LoD1 solid top minus bottom","production":"2024","laser":"2016","footprints":"2022"},"geometry":{"type":"Polygon","coordinates":[[[13.776742415629096,51.0689821253726],[13.776770040806982,51.06898457276238],[13.776779414253458,51.068943034090566],[13.776772012803805,51.06893684151226],[13.776752504443714,51.06893510856784],[13.77675518497798,51.068922762497195],[13.77675508722753,51.068922680538776],[13.776741974234962,51.06898208478182],[13.776742415629096,51.0689821253726]]]}},{"type":"Feature","id":"UUID_30497209-3da8-4f34-aa68-06101941eef5","properties":{"id":"UUID_30497209-3da8-4f34-aa68-06101941eef5","height_m":15.405,"ground_m":126.386,"height_source":"LoD1 solid top minus bottom","production":"2024","laser":"2016","footprints":"2022"},"geometry":{"type":"Polygon","coordinates":[[[13.776741974234962,51.06898208478182],[13.77675508722753,51.068922680538776],[13.77675518497798,51.068922762497195],[13.776762250972068,51.06889024645719],[13.776690081308821,51.06888395156485],[13.776617000341716,51.06887757514692],[13.776583430232566,51.06901940029989],[13.776657573305227,51.069026102603054],[13.776730805072654,51.06903272337904],[13.776742415629096,51.0689821253726],[13.776741974234962,51.06898208478182]]]}},{"type":"Feature","id":"UUID_4adb95cf-a2cf-4a89-9dc4-006b31a36ae2","properties":{"id":"UUID_4adb95cf-a2cf-4a89-9dc4-006b31a36ae2","height_m":7.99,"ground_m":165.837,"height_source":"LoD1 solid top minus bottom","production":"2024","laser":"2016","footprints":"2022"},"geometry":{"type":"Polygon","coordinates":[[[13.793143873129809,51.07349147603328],[13.79313470491659,51.07349821590311],[13.793134747260565,51.07349823432592],[13.793110266317633,51.07351635385678],[13.793075465423716,51.0735421366072],[13.793075606258494,51.07354221000382],[13.793070808083328,51.073545577725774],[13.79317555233211,51.073601605255966],[13.793202301657784,51.073615910205135],[13.79322553245653,51.07362829033318],[13.793255521961987,51.07364424742706],[13.793294838629071,51.073614977070775],[13.793328303878651,51.073590052769276],[13.793234115078645,51.07353979981983],[13.793143873129809,51.07349147603328]]]}},{"type":"Feature","id":"UUID_b39f0137-e8aa-4e56-ab0c-d639a4c9bd2f","properties":{"id":"UUID_b39f0137-e8aa-4e56-ab0c-d639a4c9bd2f","height_m":3.611,"ground_m":165.837,"height_source":"LoD1 solid top minus bottom","production":"2024","laser":"2016","footprints":"2022"},"geometry":{"type":"Polygon","coordinates":[[[13.793134747260565,51.07349823432592],[13.79313470491659,51.07349821590311],[13.793111616912688,51.0734858372308],[13.793052377881954,51.07352973994247],[13.793075465423716,51.0735421366072],[13.793134747260565,51.07349823432592]]]}},{"type":"Feature","id":"DESNATGMpJ0001A7","properties":{"id":"DESNATGMpJ0001A7","height_m":2.171,"ground_m":162.239,"height_source":"LoD1 solid top minus bottom","production":"2024","laser":"2016","footprints":"2022"},"geometry":{"type":"Polygon","coordinates":[[[13.791239057357412,51.072976325755675],[13.791063935806958,51.0729874732782],[13.791080200673505,51.07305405337761],[13.791244963435402,51.07304603611819],[13.791239057357412,51.072976325755675]]]}},{"type":"Feature","id":"DESNATP1Ak0000RM","properties":{"id":"DESNATP1Ak0000RM","height_m":9.171,"ground_m":154.827,"height_source":"LoD1 solid top minus bottom","production":"2024","laser":"2016","footprints":"2022"},"geometry":{"type":"Polygon","coordinates":[[[13.788130763075303,51.07215789036281],[13.788009213294554,51.07210896818519],[13.78795846647384,51.072159341286046],[13.788009428455771,51.072179959658484],[13.78801717962525,51.072183223484686],[13.788079958076374,51.07220830787659],[13.788130763075303,51.07215789036281]]]}},{"type":"Feature","id":"DESNATP1Ak0000QT","properties":{"id":"DESNATP1Ak0000QT","height_m":6.317,"ground_m":148.351,"height_source":"LoD1 solid top minus bottom","production":"2024","laser":"2016","footprints":"2022"},"geometry":{"type":"Polygon","coordinates":[[[13.785598963607146,51.071943213971174],[13.785582200837322,51.07193632218048],[13.78553393715306,51.07198225960316],[13.785550426211936,51.07198924747775],[13.785677504780404,51.072042240456675],[13.78572591179363,51.07199627748599],[13.785665805072249,51.07197115663009],[13.785598963607146,51.071943213971174]]]}},{"type":"Feature","id":"DESNATPU1000Ej0C","properties":{"id":"DESNATPU1000Ej0C","height_m":3.0,"ground_m":139.816,"height_source":"LoD1 solid top minus bottom","production":"2024","laser":"2016","footprints":"2022"},"geometry":{"type":"Polygon","coordinates":[[[13.784392481621248,51.069616659785844],[13.784403851251303,51.069758540784996],[13.784494882925648,51.06975539575021],[13.784496449143234,51.06977461169981],[13.784603487896698,51.06977121037824],[13.784601993120955,51.069752534742044],[13.78460575020752,51.069752411938744],[13.784603333476415,51.069722072026245],[13.784612733085808,51.06972177408215],[13.784608622895256,51.069670535241784],[13.784599208791368,51.06967084202762],[13.78459436993063,51.06961036897991],[13.784551714584225,51.06961172398762],[13.78455062932447,51.06960956341917],[13.784549504928096,51.06960780712048],[13.784548193617352,51.069606102834975],[13.784546694921232,51.0696044685434],[13.784545009075261,51.069602895255386],[13.784543164147093,51.06960140124841],[13.784541159901226,51.06959999551285],[13.784538996337657,51.06959867804871],[13.784536687254699,51.06959746698506],[13.784534261426527,51.06959635362832],[13.784531718617618,51.069595346968846],[13.784529072861783,51.069594456145374],[13.784526323923489,51.0695936901483],[13.784523500576903,51.06959304028399],[13.784520616855819,51.0695925156912],[13.784517672524704,51.069592125360295],[13.78451469635771,51.06959186059767],[13.784511702624155,51.06959172155172],[13.784508105339304,51.069591738099966],[13.784504531647185,51.06959194374259],[13.784501568945592,51.069592254659916],[13.784498645519134,51.06959270087782],[13.784495775872637,51.06959327355437],[13.78449298878027,51.06959396399595],[13.78449026973716,51.069594781044565],[13.78448766178681,51.069595716155],[13.784485150895398,51.06959676018854],[13.784482779870915,51.069597913590336],[13.784480534679545,51.06959916722167],[13.784478429590617,51.0696005212309],[13.78447647934452,51.069601957785736],[13.78447468370573,51.06960348587649],[13.784473071919502,51.06960507882893],[13.78447164375032,51.06960674563339],[13.784470399669258,51.06960846830915],[13.784469354181192,51.069610238014235],[13.784468507286142,51.06961205474867],[13.784467749913167,51.06961426809798],[13.784392481621248,51.069616659785844]]]}},{"type":"Feature","id":"DESNATPU1000FoPU","properties":{"id":"DESNATPU1000FoPU","height_m":18.92,"ground_m":161.589,"height_source":"LoD1 solid top minus bottom","production":"2024","laser":"2016","footprints":"2022"},"geometry":{"type":"Polygon","coordinates":[[[13.788815891710197,51.07384608031262],[13.788784463791602,51.073896204300866],[13.78893493690494,51.0739337346652],[13.78896561360321,51.07388504170325],[13.788972704350021,51.073886823801146],[13.788986553412373,51.07386484498025],[13.78897946266836,51.07386306288321],[13.789009994218716,51.073814458333615],[13.788859236015405,51.07377692511005],[13.78882824804722,51.07382660402853],[13.788815891710197,51.07384608031262]]]}},{"type":"Feature","id":"DESNATPU1000Emnk","properties":{"id":"DESNATPU1000Emnk","height_m":2.325,"ground_m":135.22,"height_source":"LoD1 solid top minus bottom","production":"2024","laser":"2016","footprints":"2022"},"geometry":{"type":"Polygon","coordinates":[[[13.78103213888087,51.067766597612014],[13.781054820877236,51.06781593496563],[13.781136853870166,51.06780096308072],[13.781125115463952,51.06777512120156],[13.78111404327558,51.067751084832864],[13.78103213888087,51.067766597612014]]]}},{"type":"Feature","id":"DESNATPU1000I6oi","properties":{"id":"DESNATPU1000I6oi","height_m":5.528,"ground_m":140.031,"height_source":"LoD1 solid top minus bottom","production":"2024","laser":"2016","footprints":"2022"},"geometry":{"type":"Polygon","coordinates":[[[13.782250525428713,51.071581551105396],[13.782202588440635,51.07162961287339],[13.78234612233563,51.071686324106544],[13.782388081784541,51.07170285834908],[13.782436016299357,51.07165488640839],[13.78239405687616,51.07163835218311],[13.782250525428713,51.071581551105396]]]}},{"type":"Feature","id":"DESNATPU1000Fae5","properties":{"id":"DESNATPU1000Fae5","height_m":2.456,"ground_m":136.547,"height_source":"LoD1 solid top minus bottom","production":"2024","laser":"2016","footprints":"2022"},"geometry":{"type":"Polygon","coordinates":[[[13.78402151588217,51.0683941394471],[13.784046397949048,51.06843045950413],[13.784122441508577,51.06840984766775],[13.784097561748565,51.06837343772279],[13.78402151588217,51.0683941394471]]]}},{"type":"Feature","id":"DESNATPU1000F5iZ","properties":{"id":"DESNATPU1000F5iZ","height_m":4.981,"ground_m":158.37,"height_source":"LoD1 solid top minus bottom","production":"2024","laser":"2016","footprints":"2022"},"geometry":{"type":"Polygon","coordinates":[[[13.791192223800163,51.072304672264174],[13.791135929900861,51.072345097276774],[13.791200090858773,51.072380742846384],[13.791256532133314,51.07234013947103],[13.791192223800163,51.072304672264174]]]}},{"type":"Feature","id":"DESNATP1CX00027t","properties":{"id":"DESNATP1CX00027t","height_m":2.947,"ground_m":140.511,"height_source":"LoD1 solid top minus bottom","production":"2024","laser":"2016","footprints":"2022"},"geometry":{"type":"Polygon","coordinates":[[[13.773309912834556,51.07286020544937],[13.773333826185738,51.0728897460231],[13.773286893553928,51.0729048200485],[13.773178123506863,51.07277042286776],[13.772992581426214,51.072830013161465],[13.773161050462788,51.07303819371394],[13.773273977076286,51.07300192384381],[13.773285836851597,51.07301658070735],[13.773749721017731,51.07286759007476],[13.773654247533997,51.07274960983672],[13.773309912834556,51.07286020544937]]]}},{"type":"Feature","id":"DESNATPU1000BXbD","properties":{"id":"DESNATPU1000BXbD","height_m":2.23,"ground_m":141.577,"height_source":"LoD1 solid top minus bottom","production":"2024","laser":"2016","footprints":"2022"},"geometry":{"type":"Polygon","coordinates":[[[13.782511113794087,51.07223624473507],[13.78256895134145,51.072262386749124],[13.782627245677606,51.07221128522271],[13.782569265458918,51.07218514175117],[13.782511113794087,51.07223624473507]]]}},{"type":"Feature","id":"UUID_5458cbd8-f319-455b-ba5d-5fc41c5bcd2e","properties":{"id":"UUID_5458cbd8-f319-455b-ba5d-5fc41c5bcd2e","height_m":3.996,"ground_m":135.92,"height_source":"LoD1 solid top minus bottom","production":"2024","laser":"2016","footprints":"2022"},"geometry":{"type":"Polygon","coordinates":[[[13.783907731731357,51.06786429480915],[13.783968433445093,51.0678517698653],[13.78396553979913,51.06784618219778],[13.78394355175979,51.06783886709214],[13.783914850894647,51.06784480050512],[13.783904810968115,51.06785865290108],[13.783907731731357,51.06786429480915]]]}},{"type":"Feature","id":"UUID_cdd2484d-306d-4492-af92-7132875d928c","properties":{"id":"UUID_cdd2484d-306d-4492-af92-7132875d928c","height_m":7.907,"ground_m":135.92,"height_source":"LoD1 solid top minus bottom","production":"2024","laser":"2016","footprints":"2022"},"geometry":{"type":"Polygon","coordinates":[[[13.783886405378839,51.06795317377097],[13.78390569540166,51.06799046086008],[13.78396451298527,51.06797849185503],[13.783945240251647,51.06794108804892],[13.783886405378839,51.06795317377097]]]}},{"type":"Feature","id":"UUID_c49947ac-9db5-4f19-8741-538271df68ae","properties":{"id":"UUID_c49947ac-9db5-4f19-8741-538271df68ae","height_m":8.592,"ground_m":135.92,"height_source":"LoD1 solid top minus bottom","production":"2024","laser":"2016","footprints":"2022"},"geometry":{"type":"Polygon","coordinates":[[[13.783907731731357,51.06786429480915],[13.783907758855223,51.067864349048286],[13.783846900623587,51.067876854346515],[13.783886405378839,51.06795317377097],[13.783945240251647,51.06794108804892],[13.784008193569806,51.06792815485483],[13.783968433445093,51.0678517698653],[13.783907731731357,51.06786429480915]]]}},{"type":"Feature","id":"UUID_a550c436-3681-4201-b75b-6e6b962abd4b","properties":{"id":"UUID_a550c436-3681-4201-b75b-6e6b962abd4b","height_m":9.792,"ground_m":140.063,"height_source":"LoD1 solid top minus bottom","production":"2024","laser":"2016","footprints":"2022"},"geometry":{"type":"Polygon","coordinates":[[[13.785883935820738,51.069181306786064],[13.785876313594772,51.06917259450738],[13.785869226040022,51.06917072232221],[13.785868082234671,51.06915443344407],[13.785866433532858,51.06913562133276],[13.785850723298456,51.069135997709665],[13.785813438341501,51.06913722910584],[13.785788439245817,51.06913803955733],[13.785722872801744,51.06914006525743],[13.785731340939897,51.069247347597155],[13.785874759310177,51.069242902182204],[13.785872260778168,51.06921293015205],[13.785886335631856,51.069198687848456],[13.785883935820738,51.069181306786064]]]}},{"type":"Feature","id":"UUID_8fad8d05-0cd4-4960-8f0b-62837757149a","properties":{"id":"UUID_8fad8d05-0cd4-4960-8f0b-62837757149a","height_m":5.161,"ground_m":140.063,"height_source":"LoD1 solid top minus bottom","production":"2024","laser":"2016","footprints":"2022"},"geometry":{"type":"Polygon","coordinates":[[[13.785741628495028,51.06913948672266],[13.785788439245817,51.06913803955733],[13.785787582149146,51.06912715833904],[13.785785424704763,51.06910051719148],[13.785738612580113,51.06910201829812],[13.78571985619611,51.0691026238036],[13.785722872801744,51.06914006525743],[13.785741628495028,51.06913948672266]]]}},{"type":"Feature","id":"DESNATPU1000DOIC","properties":{"id":"DESNATPU1000DOIC","height_m":11.367,"ground_m":137.569,"height_source":"LoD1 solid top minus bottom","production":"2024","laser":"2016","footprints":"2022"},"geometry":{"type":"Polygon","coordinates":[[[13.784265736319966,51.06906916282214],[13.784254153032629,51.06905366462334],[13.784224379923394,51.06901333690179],[13.78429658582925,51.06899214546398],[13.784304352412665,51.06898988811152],[13.784274579299554,51.06894956040231],[13.78425665602417,51.068925453083175],[13.784249343085694,51.06891584463203],[13.784196120940925,51.06893156803377],[13.784186053131396,51.06891815393944],[13.784126645764434,51.068935701462706],[13.78413671356042,51.068949115562],[13.784079610401223,51.068965877677115],[13.78409229744468,51.068982826226616],[13.784106361937647,51.06900167759546],[13.784134621869784,51.06903983133075],[13.784162470263585,51.069077351280704],[13.784164539964772,51.0690800706552],[13.784175978180885,51.06909565728204],[13.784242003735452,51.0690761102246],[13.784265736319966,51.06906916282214]]]}},{"type":"Feature","id":"UUID_33f7c53c-cc82-41d1-a389-2dde1dfe2e3a","properties":{"id":"UUID_33f7c53c-cc82-41d1-a389-2dde1dfe2e3a","height_m":11.618,"ground_m":133.25,"height_source":"LoD1 solid top minus bottom","production":"2024","laser":"2016","footprints":"2022"},"geometry":{"type":"Polygon","coordinates":[[[13.777133305864394,51.069720479537274],[13.77720612133767,51.06973589962694],[13.777203722144836,51.06974028100979],[13.77720828175745,51.069745994188075],[13.77723724194746,51.069751962631955],[13.77724645251326,51.069749091355696],[13.77724855683862,51.06974506660013],[13.77732037827394,51.06976029636293],[13.777326246621744,51.06974938650788],[13.777359522566336,51.069687450310894],[13.777365256312061,51.06967677285918],[13.77733701198683,51.06967072200693],[13.777304648520579,51.06966390863275],[13.777304678480707,51.06966385498922],[13.77724008379186,51.06965008571215],[13.777240069048691,51.06965010354355],[13.777208131321403,51.069643384524525],[13.777177618164814,51.06963677032863],[13.777171940273703,51.0696474933198],[13.777139104088922,51.06970952399365],[13.777133305864394,51.069720479537274]]]}},{"type":"Feature","id":"UUID_aa29fe1f-ad3f-4acc-8752-659f0ab32135","properties":{"id":"UUID_aa29fe1f-ad3f-4acc-8752-659f0ab32135","height_m":12.817,"ground_m":133.25,"height_source":"LoD1 solid top minus bottom","production":"2024","laser":"2016","footprints":"2022"},"geometry":{"type":"Polygon","coordinates":[[[13.777246512858124,51.06963848028668],[13.77724008379186,51.06965008571215],[13.777304678480707,51.06966385498922],[13.77731109231587,51.069652285372236],[13.777246512858124,51.06963848028668]]]}},{"type":"Feature","id":"UUID_2badf3ec-ce1d-436e-82ac-7ea8027490d3","properties":{"id":"UUID_2badf3ec-ce1d-436e-82ac-7ea8027490d3","height_m":4.429,"ground_m":150.033,"height_source":"LoD1 solid top minus bottom","production":"2024","laser":"2016","footprints":"2022"},"geometry":{"type":"Polygon","coordinates":[[[13.790258029879988,51.070919170480735],[13.790258000637195,51.0709191971565],[13.790253496431294,51.0709167674439],[13.79025237008687,51.07091617125369],[13.790215388776275,51.070944025919836],[13.790276496822655,51.070976223148065],[13.790313473434752,51.07094854827037],[13.790309817205594,51.07094644208433],[13.790309686199098,51.0709465396494],[13.790258029879988,51.070919170480735]]]}},{"type":"Feature","id":"UUID_75154181-4ced-44f8-a937-f71058e34137","properties":{"id":"UUID_75154181-4ced-44f8-a937-f71058e34137","height_m":3.313,"ground_m":150.033,"height_source":"LoD1 solid top minus bottom","production":"2024","laser":"2016","footprints":"2022"},"geometry":{"type":"Polygon","coordinates":[[[13.790440506171352,51.070784395200675],[13.79041590749342,51.07080266583326],[13.79039888141438,51.070815169500314],[13.790368899764278,51.07083734125304],[13.790364394388392,51.07083495649661],[13.790325246962551,51.070863777989565],[13.790329752339174,51.07086616274748],[13.790301812927167,51.070886646984654],[13.790286524943483,51.07089817941459],[13.790258029879988,51.070919170480735],[13.790284780043935,51.0709333502221],[13.790309686199098,51.0709465396494],[13.790309817205594,51.07094644208433],[13.790380424966537,51.0708934857335],[13.790385494107698,51.07089614610784],[13.79042464152411,51.07086732459481],[13.790419995788739,51.07086484845994],[13.790491885232097,51.07081199523349],[13.79049667600721,51.07081438293824],[13.790534080450469,51.07078671241805],[13.790504761353708,51.07077087845207],[13.79047397838211,51.0707542559488],[13.790436283847612,51.0707821033042],[13.790440506171352,51.070784395200675]]]}},{"type":"Feature","id":"UUID_bd17caa3-19d8-4642-945b-7f305b0fd11e","properties":{"id":"UUID_bd17caa3-19d8-4642-945b-7f305b0fd11e","height_m":6.081,"ground_m":153.094,"height_source":"LoD1 solid top minus bottom","production":"2024","laser":"2016","footprints":"2022"},"geometry":{"type":"Polygon","coordinates":[[[13.789593331715484,51.071962136686814],[13.789593723303097,51.07196244649737],[13.78970681248971,51.07190511930727],[13.789706588624684,51.071904946125876],[13.790155000186216,51.071677933571635],[13.79007577201976,51.07161585446406],[13.789996376576827,51.071553629684786],[13.789296852292066,51.07190780712142],[13.78923942116858,51.071937068364186],[13.789318971798334,51.07199934921937],[13.789357341433984,51.07202938693694],[13.789398904924697,51.0720612023257],[13.789593331715484,51.071962136686814]]]}},{"type":"Feature","id":"UUID_c299af8a-530e-41b0-aee5-e7915ec2d685","properties":{"id":"UUID_c299af8a-530e-41b0-aee5-e7915ec2d685","height_m":3.153,"ground_m":153.094,"height_source":"LoD1 solid top minus bottom","production":"2024","laser":"2016","footprints":"2022"},"geometry":{"type":"Polygon","coordinates":[[[13.789593723303097,51.07196244649737],[13.789630815618464,51.07199166154479],[13.789744077245278,51.07193429114037],[13.78970681248971,51.07190511930727],[13.789593723303097,51.07196244649737]]]}},{"type":"Feature","id":"DESNATPU1000E2C7","properties":{"id":"DESNATPU1000E2C7","height_m":9.327,"ground_m":144.216,"height_source":"LoD1 solid top minus bottom","production":"2024","laser":"2016","footprints":"2022"},"geometry":{"type":"Polygon","coordinates":[[[13.786667079145595,51.07038836101039],[13.786543817679116,51.07042422173649],[13.786533138257232,51.0704286972008],[13.786515033937691,51.07043327543603],[13.786540348590947,51.07045862819747],[13.786562601548574,51.07048098153984],[13.786678799600221,51.07043686401192],[13.786693654811414,51.07043099303055],[13.78667389980871,51.070411363487324],[13.786685292692937,51.070406895416276],[13.786667079145595,51.07038836101039]]]}},{"type":"Feature","id":"DESNATPU1000EnDW","properties":{"id":"DESNATPU1000EnDW","height_m":18.898,"ground_m":164.501,"height_source":"LoD1 solid top minus bottom","production":"2024","laser":"2016","footprints":"2022"},"geometry":{"type":"Polygon","coordinates":[[[13.789755810549305,51.07532020431834],[13.789697112385591,51.07541429078235],[13.789775403622674,51.07543371650975],[13.789772272986873,51.075438809994566],[13.789808865070054,51.075447911869716],[13.789811852990885,51.07544281690639],[13.78988617419674,51.07546121224775],[13.789945017096121,51.07536703726096],[13.78986715168676,51.075347705983376],[13.78983665638444,51.075340196023454],[13.789755810549305,51.07532020431834]]]}},{"type":"Feature","id":"DESNATPU1000J5qK","properties":{"id":"DESNATPU1000J5qK","height_m":12.973,"ground_m":124.476,"height_source":"LoD1 solid top minus bottom","production":"2024","laser":"2016","footprints":"2022"},"geometry":{"type":"Polygon","coordinates":[[[13.773574054212986,51.069048114286005],[13.773570394369283,51.0690569787805],[13.77358178374105,51.06906887888665],[13.773615604032162,51.06907453951443],[13.773637323860264,51.06906820264378],[13.773640812486535,51.06906041548974],[13.773699641870015,51.06907029533361],[13.773727198725,51.06900511668524],[13.773732880226577,51.069006165503055],[13.773747804833997,51.068970710496636],[13.773718672014255,51.06896590843989],[13.773745734178414,51.068903242587226],[13.773571836524036,51.068872820860406],[13.773509107872412,51.06902126368106],[13.773502479922389,51.069023622194344],[13.773518566294754,51.069041416930204],[13.773523467695455,51.069039579868495],[13.773574054212986,51.069048114286005]]]}},{"type":"Feature","id":"UUID_0e8a097d-91d3-42f8-851e-dfb29c1cbcfc","properties":{"id":"UUID_0e8a097d-91d3-42f8-851e-dfb29c1cbcfc","height_m":19.359,"ground_m":135.085,"height_source":"LoD1 solid top minus bottom","production":"2024","laser":"2016","footprints":"2022"},"geometry":{"type":"Polygon","coordinates":[[[13.778728652848995,51.06940505471514],[13.778734574704979,51.06942409144155],[13.778760514497753,51.06950143094366],[13.778766735961954,51.06951993122925],[13.778796382219195,51.06951610428082],[13.778921283537596,51.06949942354704],[13.77895121988701,51.06949541973359],[13.778944998352197,51.06947691945729],[13.778918770513322,51.06939966691585],[13.778912974714773,51.069381261013305],[13.778894068339136,51.06938376134208],[13.778894055489532,51.06938370725091],[13.778728652848995,51.06940505471514]]]}},{"type":"Feature","id":"UUID_56ea7546-6cca-49af-9c51-150abe249230","properties":{"id":"UUID_56ea7546-6cca-49af-9c51-150abe249230","height_m":14.439,"ground_m":135.085,"height_source":"LoD1 solid top minus bottom","production":"2024","laser":"2016","footprints":"2022"},"geometry":{"type":"Polygon","coordinates":[[[13.778651747663718,51.069401310484054],[13.778644786583476,51.06938054526529],[13.778644944018382,51.06938052892473],[13.778640692613758,51.0693685240488],[13.77862971294832,51.06933558552203],[13.778185016232605,51.06939422030896],[13.77820830162747,51.06946283613247],[13.778210668866068,51.06947050477507],[13.778222759680146,51.06951001971536],[13.778396071203312,51.06948701101783],[13.77856236458691,51.069464917934404],[13.778662911082863,51.06945167002175],[13.778668357066001,51.069450827645646],[13.778651962412315,51.06940128574957],[13.778651747663718,51.069401310484054]]]}},{"type":"Feature","id":"UUID_53a62401-0c4c-47b9-a09f-615843a9b338","properties":{"id":"UUID_53a62401-0c4c-47b9-a09f-615843a9b338","height_m":17.249,"ground_m":135.085,"height_source":"LoD1 solid top minus bottom","production":"2024","laser":"2016","footprints":"2022"},"geometry":{"type":"Polygon","coordinates":[[[13.778713964062366,51.06936119612851],[13.778717137839408,51.06937076168034],[13.778717166377875,51.06937076197854],[13.778724153424646,51.069391626385254],[13.778724296590324,51.0693916098955],[13.778728652848995,51.06940505471514],[13.778894055489532,51.06938370725091],[13.778879262500237,51.06933892133632],[13.778754314770124,51.06935575441712],[13.778713964062366,51.06936119612851]]]}},{"type":"Feature","id":"UUID_3b4f3dd3-2db0-4c56-9248-a8c710963d05","properties":{"id":"UUID_3b4f3dd3-2db0-4c56-9248-a8c710963d05","height_m":15.038,"ground_m":135.085,"height_source":"LoD1 solid top minus bottom","production":"2024","laser":"2016","footprints":"2022"},"geometry":{"type":"Polygon","coordinates":[[[13.778573782940537,51.06907996466718],[13.778377409746872,51.06910614986573],[13.778288036710736,51.06911788662065],[13.778208972460359,51.06912840012896],[13.778177604636923,51.0691325686446],[13.77815967099549,51.06913498909456],[13.778100541098027,51.06914298608716],[13.778140089783546,51.06926176303671],[13.778185016232605,51.06939422030896],[13.77824363991196,51.06938648776606],[13.77862971294832,51.06933558552203],[13.778701756910818,51.069326086505995],[13.778854782101924,51.06930591372612],[13.77888831197111,51.069301488838676],[13.77886934474769,51.0692439344714],[13.77881944699421,51.06909530139816],[13.778803809065376,51.06904954441162],[13.778770637992462,51.06905390108061],[13.77873405808048,51.069058707734975],[13.778731620495337,51.069059131906634],[13.778573782940537,51.06907996466718]]]}},{"type":"Feature","id":"UUID_f0dae002-388a-4fde-b05b-becef44a41e8","properties":{"id":"UUID_f0dae002-388a-4fde-b05b-becef44a41e8","height_m":13.917,"ground_m":135.085,"height_source":"LoD1 solid top minus bottom","production":"2024","laser":"2016","footprints":"2022"},"geometry":{"type":"Polygon","coordinates":[[[13.778717137839408,51.06937076168034],[13.778644944018382,51.06938052892473],[13.778644786583476,51.06938054526529],[13.778651747663718,51.069401310484054],[13.778651962412315,51.06940128574957],[13.778724153424646,51.069391626385254],[13.778717166377875,51.06937076197854],[13.778717137839408,51.06937076168034]]]}},{"type":"Feature","id":"UUID_c9814b5f-a63a-4213-aef6-6d7eabc692ff","properties":{"id":"UUID_c9814b5f-a63a-4213-aef6-6d7eabc692ff","height_m":18.026,"ground_m":135.085,"height_source":"LoD1 solid top minus bottom","production":"2024","laser":"2016","footprints":"2022"},"geometry":{"type":"Polygon","coordinates":[[[13.778119461643296,51.06926460495425],[13.778140089783546,51.06926176303671],[13.778100541098027,51.06914298608716],[13.778080057594112,51.06914575756709],[13.778119461643296,51.06926460495425]]]}},{"type":"Feature","id":"UUID_994613a3-9eb2-4e34-95d8-24a402de618e","properties":{"id":"UUID_994613a3-9eb2-4e34-95d8-24a402de618e","height_m":18.379,"ground_m":135.085,"height_source":"LoD1 solid top minus bottom","production":"2024","laser":"2016","footprints":"2022"},"geometry":{"type":"Polygon","coordinates":[[[13.778879262500237,51.06933892133632],[13.778899745807694,51.06933615870703],[13.77888831197111,51.069301488838676],[13.778701756910818,51.069326086505995],[13.778713029109209,51.06935875829784],[13.778713964062366,51.06936119612851],[13.778879262500237,51.06933892133632]]]}},{"type":"Feature","id":"DESNATPU1000HGDW","properties":{"id":"DESNATPU1000HGDW","height_m":7.493,"ground_m":161.063,"height_source":"LoD1 solid top minus bottom","production":"2024","laser":"2016","footprints":"2022"},"geometry":{"type":"Polygon","coordinates":[[[13.790058119794885,51.072847704484154],[13.790066739418876,51.07290579731739],[13.790205696035938,51.072897703242795],[13.790197073894651,51.072839700322376],[13.790058119794885,51.072847704484154]]]}},{"type":"Feature","id":"UUID_6a994640-a06b-4fbf-a07f-748175f81e3d","properties":{"id":"UUID_6a994640-a06b-4fbf-a07f-748175f81e3d","height_m":8.958,"ground_m":134.503,"height_source":"LoD1 solid top minus bottom","production":"2024","laser":"2016","footprints":"2022"},"geometry":{"type":"Polygon","coordinates":[[[13.780498806851561,51.06789008124344],[13.780483314532589,51.06785502745408],[13.780467647375598,51.067819567161145],[13.780467403625137,51.067819609581996],[13.780302787623066,51.06784873726265],[13.780318153657586,51.06788316026119],[13.780334190617662,51.06791920896643],[13.780498806851561,51.06789008124344]]]}},{"type":"Feature","id":"UUID_23360da8-addd-4579-9dd9-1fd238c0ec3a","properties":{"id":"UUID_23360da8-addd-4579-9dd9-1fd238c0ec3a","height_m":4.596,"ground_m":134.503,"height_source":"LoD1 solid top minus bottom","production":"2024","laser":"2016","footprints":"2022"},"geometry":{"type":"Polygon","coordinates":[[[13.780509411298018,51.06785044361414],[13.780493360047277,51.06781493435314],[13.780467647375598,51.067819567161145],[13.780483314532589,51.06785502745408],[13.780509411298018,51.06785044361414]]]}},{"type":"Feature","id":"UUID_f5f6df0c-52ad-401e-bd37-30fdd910c529","properties":{"id":"UUID_f5f6df0c-52ad-401e-bd37-30fdd910c529","height_m":4.61,"ground_m":134.503,"height_source":"LoD1 solid top minus bottom","production":"2024","laser":"2016","footprints":"2022"},"geometry":{"type":"Polygon","coordinates":[[[13.780293918887379,51.06788749370446],[13.780318124883697,51.06788316895374],[13.780302787623066,51.06784873726265],[13.780278410181761,51.06785306921386],[13.780293918887379,51.06788749370446]]]}},{"type":"Feature","id":"DESNATPU1000FYMU","properties":{"id":"DESNATPU1000FYMU","height_m":18.309,"ground_m":136.744,"height_source":"LoD1 solid top minus bottom","production":"2024","laser":"2016","footprints":"2022"},"geometry":{"type":"Polygon","coordinates":[[[13.781073846697236,51.07053628134671],[13.78102186754505,51.07053717812316],[13.781022311753585,51.070547434567466],[13.780915644558176,51.070549109870136],[13.780915193286496,51.070539123136214],[13.78086635580461,51.070539962682375],[13.780866664369702,51.07054994792807],[13.780870640682974,51.07064306506083],[13.781078129674698,51.0706394736243],[13.781074290917264,51.07054653779088],[13.781073846697236,51.07053628134671]]]}},{"type":"Feature","id":"DESNATPU1000E13J","properties":{"id":"DESNATPU1000E13J","height_m":13.837,"ground_m":131.059,"height_source":"LoD1 solid top minus bottom","production":"2024","laser":"2016","footprints":"2022"},"geometry":{"type":"Polygon","coordinates":[[[13.77666817514884,51.0695188493579],[13.776612624100835,51.06950909525525],[13.776609590090247,51.06951589804368],[13.77655082824615,51.06950341245837],[13.77652925891826,51.06954951770321],[13.776522240175764,51.06956453418987],[13.776507790605578,51.06959828587653],[13.776689938351836,51.06962995862691],[13.776711053170027,51.06958213996048],[13.776731075611066,51.0695367738907],[13.776665438383057,51.069525205617694],[13.77666817514884,51.0695188493579]]]}},{"type":"Feature","id":"UUID_ce0fbd60-ca7c-4952-be1f-2e5e78cc7d2a","properties":{"id":"UUID_ce0fbd60-ca7c-4952-be1f-2e5e78cc7d2a","height_m":8.064,"ground_m":124.059,"height_source":"LoD1 solid top minus bottom","production":"2024","laser":"2016","footprints":"2022"},"geometry":{"type":"Polygon","coordinates":[[[13.777014509732394,51.06772391808036],[13.77670254839883,51.067695374649084],[13.776697283197997,51.06769477997338],[13.776644758559984,51.067922198328795],[13.776697296579487,51.06792706476583],[13.777068176209491,51.06796323008829],[13.777116591324978,51.06775519305552],[13.777121580906432,51.067733752409495],[13.777014509732394,51.06772391808036]]]}},{"type":"Feature","id":"UUID_b10117c4-5152-45a1-b29a-a9a21f0ffdf5","properties":{"id":"UUID_b10117c4-5152-45a1-b29a-a9a21f0ffdf5","height_m":8.029,"ground_m":124.059,"height_source":"LoD1 solid top minus bottom","production":"2024","laser":"2016","footprints":"2022"},"geometry":{"type":"Polygon","coordinates":[[[13.777068176209491,51.06796323008829],[13.777070283251774,51.06796343199063],[13.777100588111015,51.0679670764092],[13.777158270106773,51.067971726673484],[13.77720384496019,51.06797544089341],[13.777247205017918,51.06778155958586],[13.777250681094207,51.06777422183489],[13.777250119280312,51.06776846055016],[13.777200865555265,51.067763538792654],[13.777152605913498,51.06775880727116],[13.777116591324978,51.06775519305552],[13.777068176209491,51.06796323008829]]]}},{"type":"Feature","id":"DESNATPU1000Glz8","properties":{"id":"DESNATPU1000Glz8","height_m":22.136,"ground_m":146.176,"height_source":"LoD1 solid top minus bottom","production":"2024","laser":"2016","footprints":"2022"},"geometry":{"type":"Polygon","coordinates":[[[13.79219069333152,51.069524795076276],[13.792217913001235,51.069498997193136],[13.792033937863177,51.06942200602749],[13.792006720478456,51.06944771396382],[13.79214409829428,51.06950533875025],[13.79219069333152,51.069524795076276]]]}},{"type":"Feature","id":"UUID_982c5aeb-2f05-47dc-83ea-5df22014d6aa","properties":{"id":"UUID_982c5aeb-2f05-47dc-83ea-5df22014d6aa","height_m":12.392,"ground_m":121.841,"height_source":"LoD1 solid top minus bottom","production":"2024","laser":"2016","footprints":"2022"},"geometry":{"type":"Polygon","coordinates":[[[13.775754849228473,51.06755022697672],[13.77575467871617,51.06755019821227],[13.77577128506989,51.067515839700256],[13.775703940528702,51.06750310190792],[13.775703880607631,51.06750320919417],[13.77566419904677,51.06749577913254],[13.775618183339185,51.067487158601665],[13.775550579912498,51.06747449894407],[13.775539994025364,51.067497049966654],[13.775529146479014,51.06751869896448],[13.775529572403252,51.06751878436196],[13.775513869709744,51.067551884318846],[13.77551399765317,51.06755190364487],[13.775496323487278,51.06758885885338],[13.775560376265823,51.06760086084048],[13.7755591683457,51.06760336617757],[13.775571097095092,51.06760564941938],[13.775569280470833,51.06760958723198],[13.775574139283826,51.067614764042325],[13.775629107607765,51.0676248722595],[13.77563746409783,51.067621902235274],[13.775639273600177,51.06761823413179],[13.775651625673452,51.06762070165626],[13.775653128451385,51.06761783969388],[13.775716750879312,51.06762992701523],[13.775732912626198,51.06759619334966],[13.775732884326056,51.0675961840604],[13.775754849228473,51.06755022697672]]]}},{"type":"Feature","id":"UUID_0ddf25a4-45df-46de-a1c3-824fe363c9d3","properties":{"id":"UUID_0ddf25a4-45df-46de-a1c3-824fe363c9d3","height_m":11.165,"ground_m":121.841,"height_source":"LoD1 solid top minus bottom","production":"2024","laser":"2016","footprints":"2022"},"geometry":{"type":"Polygon","coordinates":[[[13.775732884326056,51.0675961840604],[13.775746841368814,51.067598407593955],[13.775768457643638,51.067552680669635],[13.775754849228473,51.06755022697672],[13.775732884326056,51.0675961840604]]]}},{"type":"Feature","id":"UUID_4711ad89-5454-4f71-8c07-e6d4f3ed326f","properties":{"id":"UUID_4711ad89-5454-4f71-8c07-e6d4f3ed326f","height_m":3.756,"ground_m":121.841,"height_source":"LoD1 solid top minus bottom","production":"2024","laser":"2016","footprints":"2022"},"geometry":{"type":"Polygon","coordinates":[[[13.775529146479014,51.06751869896448],[13.775504865715822,51.067513948180064],[13.775501457848192,51.06751328298015],[13.77548629951441,51.06754684727045],[13.775513869709744,51.067551884318846],[13.775529572403252,51.06751878436196],[13.775529146479014,51.06751869896448]]]}},{"type":"Feature","id":"UUID_c5e24346-86c6-4d44-9296-9bcc27303933","properties":{"id":"UUID_c5e24346-86c6-4d44-9296-9bcc27303933","height_m":7.31,"ground_m":121.841,"height_source":"LoD1 solid top minus bottom","production":"2024","laser":"2016","footprints":"2022"},"geometry":{"type":"Polygon","coordinates":[[[13.775618183339185,51.067487158601665],[13.775676498284204,51.06749808423022],[13.775703880607631,51.06750320919417],[13.775703940528702,51.06750310190792],[13.77570382685397,51.067503082731555],[13.775706525673865,51.06749816494675],[13.775715699212498,51.06748045524143],[13.775687194185966,51.067475147656424],[13.775627641691734,51.06746406518413],[13.775620315928963,51.06748206402363],[13.775618183339185,51.067487158601665]]]}},{"type":"Feature","id":"DESNATP1CX00027q","properties":{"id":"DESNATP1CX00027q","height_m":2.995,"ground_m":140.608,"height_source":"LoD1 solid top minus bottom","production":"2024","laser":"2016","footprints":"2022"},"geometry":{"type":"Polygon","coordinates":[[[13.773842563364475,51.07274002968164],[13.773934907769716,51.072855440967395],[13.77442300695345,51.072692573951635],[13.77437137289743,51.07263114217021],[13.774398331840983,51.07262214426028],[13.774230503520625,51.072422515389356],[13.774047076906978,51.072483721264355],[13.774146137906834,51.07260154096739],[13.774185049700252,51.0725885587442],[13.77420946196411,51.07261760077291],[13.773842563364475,51.07274002968164]]]}},{"type":"Feature","id":"DESNATPU1000H64x","properties":{"id":"DESNATPU1000H64x","height_m":15.278,"ground_m":134.629,"height_source":"LoD1 solid top minus bottom","production":"2024","laser":"2016","footprints":"2022"},"geometry":{"type":"Polygon","coordinates":[[[13.785567422174454,51.06735202701711],[13.78534978364267,51.06740588068344],[13.785375813924626,51.06744742822873],[13.785593309936106,51.067393573032916],[13.785567422174454,51.06735202701711]]]}},{"type":"Feature","id":"DESNATPU1000F74U","properties":{"id":"DESNATPU1000F74U","height_m":16.2,"ground_m":125.883,"height_source":"LoD1 solid top minus bottom","production":"2024","laser":"2016","footprints":"2022"},"geometry":{"type":"Polygon","coordinates":[[[13.776499058123374,51.06877652028208],[13.776514363225248,51.06871031345682],[13.776361348254323,51.06869441306349],[13.776325192042608,51.06871237990012],[13.776294881288273,51.06884965275997],[13.776477017494743,51.06886540843991],[13.776491559423295,51.06880108212237],[13.776515481638805,51.06880322102615],[13.776523548717606,51.068778755062155],[13.776499058123374,51.06877652028208]]]}},{"type":"Feature","id":"DESNATPU1000Fskh","properties":{"id":"DESNATPU1000Fskh","height_m":6.186,"ground_m":146.345,"height_source":"LoD1 solid top minus bottom","production":"2024","laser":"2016","footprints":"2022"},"geometry":{"type":"Polygon","coordinates":[[[13.785029715122414,51.07199567964297],[13.785013066580301,51.07198878895779],[13.784964659344741,51.07203473364782],[13.784980800765311,51.072041367269584],[13.785107744968544,51.07209456630742],[13.785156275378554,51.07204882068092],[13.785029715122414,51.07199567964297]]]}},{"type":"Feature","id":"DESNATP1Ak0000Rp","properties":{"id":"DESNATP1Ak0000Rp","height_m":2.754,"ground_m":163.062,"height_source":"LoD1 solid top minus bottom","production":"2024","laser":"2016","footprints":"2022"},"geometry":{"type":"Polygon","coordinates":[[[13.792720799783423,51.07306724198586],[13.792656104687007,51.073115116922324],[13.792729196745745,51.07315431612015],[13.792793891822773,51.073106441143416],[13.792720799783423,51.07306724198586]]]}},{"type":"Feature","id":"UUID_07b39aa7-36c7-4819-be4f-92c8dadc7530","properties":{"id":"UUID_07b39aa7-36c7-4819-be4f-92c8dadc7530","height_m":9.003,"ground_m":144.127,"height_source":"LoD1 solid top minus bottom","production":"2024","laser":"2016","footprints":"2022"},"geometry":{"type":"Polygon","coordinates":[[[13.787128120983967,51.0701750702713],[13.787111345065018,51.07018343936463],[13.787015110632453,51.07023378968281],[13.787031624342927,51.07024637113768],[13.787065043817254,51.070271825878706],[13.787080983211602,51.070263789838236],[13.787177205885989,51.070213888984775],[13.787128120983967,51.0701750702713]]]}},{"type":"Feature","id":"UUID_8a6f1d40-cea1-4424-b376-78beeeec545a","properties":{"id":"UUID_8a6f1d40-cea1-4424-b376-78beeeec545a","height_m":8.552,"ground_m":144.127,"height_source":"LoD1 solid top minus bottom","production":"2024","laser":"2016","footprints":"2022"},"geometry":{"type":"Polygon","coordinates":[[[13.787031624342927,51.07024637113768],[13.787002121946925,51.0702610829714],[13.787034842844433,51.070287052054546],[13.787065043817254,51.070271825878706],[13.787031624342927,51.07024637113768]]]}},{"type":"Feature","id":"DESNATPU1000J0Zd","properties":{"id":"DESNATPU1000J0Zd","height_m":14.03,"ground_m":137.734,"height_source":"LoD1 solid top minus bottom","production":"2024","laser":"2016","footprints":"2022"},"geometry":{"type":"Polygon","coordinates":[[[13.782882671948796,51.06932290787101],[13.782970964114146,51.069296300216045],[13.782971418847918,51.06929746502439],[13.782971894925405,51.06929836027041],[13.78297247159499,51.06929922958536],[13.782973134587452,51.06930007282071],[13.782974121056041,51.06930109928052],[13.78297525163191,51.06930207328391],[13.782976232084852,51.06930278493245],[13.782977270793838,51.069303452223465],[13.782978396297334,51.06930407545413],[13.78297993325057,51.06930479289705],[13.782981163119244,51.06930524635081],[13.782982168453172,51.06930555358157],[13.782983501507923,51.06930588221026],[13.782984879492716,51.069306130371395],[13.782985960417495,51.06930627651846],[13.782987384983018,51.06930638127948],[13.782991505019382,51.06930656806308],[13.783027961085995,51.0692955897147],[13.783028925020977,51.06929475442617],[13.78302962904428,51.0692940333381],[13.78303023365454,51.06929329322933],[13.78303076762603,51.06929252540662],[13.783031216453715,51.069291738711776],[13.783031565868367,51.06929093299623],[13.783031830139224,51.06929010840853],[13.783032009030487,51.06928927393907],[13.783032088037123,51.06928843842963],[13.783032058077582,51.069287403943655],[13.78303188542574,51.069286367972],[13.7830316500377,51.069285547174765],[13.783031314529254,51.06928473432794],[13.783030892933835,51.06928393857038],[13.78303038501564,51.06928316889254],[13.78302980527971,51.069282416452566],[13.783029124951781,51.069281689943686],[13.783028372334515,51.06928099865341],[13.78302754742791,51.06928034258173],[13.78302642546138,51.069279584496115],[13.783037388218336,51.06927628136751],[13.783012886014715,51.06924399383697],[13.783017294344969,51.06923808649091],[13.783021417289815,51.069232176173294],[13.782983487481102,51.06918234772595],[13.78300724094028,51.06917515798959],[13.782949442728004,51.06909922334246],[13.782842589918259,51.06913150101943],[13.782828102072784,51.06911248321787],[13.782780322627838,51.06912691373187],[13.782742081220071,51.0691384849216],[13.782801507245493,51.0692165589286],[13.782795562884992,51.06922062472862],[13.782792985702295,51.069223106886454],[13.782790955230466,51.06922542387408],[13.782789179717435,51.06922781545932],[13.782787673196596,51.06923029078114],[13.782786436375535,51.069232822868486],[13.782785498264417,51.06923539403782],[13.782784844358227,51.06923801313094],[13.782784475600414,51.06924064418637],[13.782784406024389,51.06924329634313],[13.782784622304392,51.06924593349111],[13.782785138473837,51.069248564769296],[13.782785940971113,51.069251163058006],[13.782787015762892,51.06925371921827],[13.78278839185936,51.06925621556655],[13.782790247213232,51.06925894172618],[13.782792433589611,51.0692615634192],[13.782794658410346,51.06926380781416],[13.782797128402423,51.06926595584127],[13.78279983000418,51.06926798038079],[13.78280273467718,51.06926988113555],[13.782805856690649,51.069271658254095],[13.782809168213678,51.069273284468174],[13.78281265474118,51.06927476861949],[13.782816288206382,51.06927609243015],[13.782820054340029,51.06927725575154],[13.782823953377939,51.06927824959327],[13.782827942748236,51.06927906451918],[13.78283202221504,51.069279709519655],[13.782836163711536,51.069280166316744],[13.782840837414671,51.06928046678509],[13.782850209112496,51.0692801417139],[13.782882671948796,51.06932290787101]]]}},{"type":"Feature","id":"UUID_094c6046-09cb-46b7-b996-19858a170866","properties":{"id":"UUID_094c6046-09cb-46b7-b996-19858a170866","height_m":13.812,"ground_m":138.177,"height_source":"LoD1 solid top minus bottom","production":"2024","laser":"2016","footprints":"2022"},"geometry":{"type":"Polygon","coordinates":[[[13.787691347280235,51.068257710010016],[13.78767799674299,51.06824426216962],[13.787677968909803,51.068244234902494],[13.787623830396448,51.0682656068367],[13.787637122908533,51.06827909005266],[13.787691347280235,51.068257710010016]]]}},{"type":"Feature","id":"UUID_715891b6-cd2a-4be9-8489-9a830827274b","properties":{"id":"UUID_715891b6-cd2a-4be9-8489-9a830827274b","height_m":14.952,"ground_m":138.177,"height_source":"LoD1 solid top minus bottom","production":"2024","laser":"2016","footprints":"2022"},"geometry":{"type":"Polygon","coordinates":[[[13.787470082467479,51.06815532479473],[13.787472164070003,51.06815759459315],[13.787435687830573,51.06817160469284],[13.78747225166547,51.0682083149855],[13.787515519338882,51.06825174949281],[13.787515616637249,51.068251849423106],[13.787706031747362,51.06817694495785],[13.787706060520078,51.06817693626347],[13.78770604672094,51.06817691813471],[13.787706017948222,51.06817692682912],[13.787663473179856,51.06813367974667],[13.78762773936976,51.06809742776404],[13.787590102919781,51.06811214530265],[13.787588026011669,51.06810969569871],[13.787470082467479,51.06815532479473]]]}},{"type":"Feature","id":"UUID_1c890f18-4efb-42c4-98be-9710a74e599f","properties":{"id":"UUID_1c890f18-4efb-42c4-98be-9710a74e599f","height_m":14.416,"ground_m":138.177,"height_source":"LoD1 solid top minus bottom","production":"2024","laser":"2016","footprints":"2022"},"geometry":{"type":"Polygon","coordinates":[[[13.787515616637249,51.068251849423106],[13.787515519338882,51.06825174949281],[13.787509170528805,51.068254381477985],[13.787513198105037,51.06825864988184],[13.787549357666341,51.068294996243],[13.787623774730116,51.068265552302414],[13.787623830396448,51.0682656068367],[13.787677968909803,51.068244234902494],[13.78767799674299,51.06824426216962],[13.787753854629988,51.06821429352198],[13.787719238712363,51.06817895244408],[13.787714093099465,51.06817377316964],[13.78770604672094,51.06817691813471],[13.787706060520078,51.06817693626347],[13.787515616637249,51.068251849423106]]]}},{"type":"Feature","id":"UUID_78647914-4f3b-426e-93ef-be649de852ef","properties":{"id":"UUID_78647914-4f3b-426e-93ef-be649de852ef","height_m":3.487,"ground_m":159.56,"height_source":"LoD1 solid top minus bottom","production":"2024","laser":"2016","footprints":"2022"},"geometry":{"type":"Polygon","coordinates":[[[13.777610029864155,51.080820528655195],[13.777727046626325,51.08088209399164],[13.77785068188636,51.08094714567278],[13.777878578983165,51.08093412798957],[13.777748603897171,51.08086586256667],[13.7776313016917,51.08080429426668],[13.777610029864155,51.080820528655195]]]}},{"type":"Feature","id":"UUID_8d2deef9-6dec-40f1-b570-fbf79edaf48e","properties":{"id":"UUID_8d2deef9-6dec-40f1-b570-fbf79edaf48e","height_m":2.767,"ground_m":159.56,"height_source":"LoD1 solid top minus bottom","production":"2024","laser":"2016","footprints":"2022"},"geometry":{"type":"Polygon","coordinates":[[[13.777748589387482,51.08086587140777],[13.777878578983165,51.08093412798957],[13.777895661915538,51.08091973824738],[13.777808352870201,51.080873951320044],[13.777790430145958,51.08088770277268],[13.777748603897171,51.08086586256667],[13.777748589387482,51.08086587140777]]]}},{"type":"Feature","id":"UUID_a669b53d-174c-419c-996c-a2b3804a58ab","properties":{"id":"UUID_a669b53d-174c-419c-996c-a2b3804a58ab","height_m":10.874,"ground_m":135.442,"height_source":"LoD1 solid top minus bottom","production":"2024","laser":"2016","footprints":"2022"},"geometry":{"type":"Polygon","coordinates":[[[13.777373476005085,51.070902067640674],[13.77738241169547,51.07089988592531],[13.777385706121716,51.07090486643566],[13.777398901130494,51.07090788215684],[13.777401519979296,51.070911416749176],[13.777432979096965,51.07090383212206],[13.777430793075128,51.07090012220125],[13.777437425280542,51.07089218796223],[13.777434273546525,51.07088720894584],[13.777443467980918,51.07088495798961],[13.777443482961308,51.07088493116785],[13.777434259329594,51.07088718586011],[13.777382397743256,51.07089986326938],[13.777373463436131,51.07090204723093],[13.777373419163208,51.07090205805329],[13.777373476005085,51.070902067640674]]]}},{"type":"Feature","id":"UUID_ccfb444e-58aa-40b9-b9bf-0ae48804725f","properties":{"id":"UUID_ccfb444e-58aa-40b9-b9bf-0ae48804725f","height_m":12.032,"ground_m":135.442,"height_source":"LoD1 solid top minus bottom","production":"2024","laser":"2016","footprints":"2022"},"geometry":{"type":"Polygon","coordinates":[[[13.777524378545586,51.07078824114976],[13.777514219330502,51.070772937031165],[13.77744827623216,51.070789153820186],[13.777448180134884,51.07078900892995],[13.777386522282589,51.07080402050369],[13.777266798282826,51.070833154866435],[13.77726683967025,51.07083320925631],[13.777195730883268,51.07085045100314],[13.777245789935062,51.07093325898906],[13.777373476005085,51.070902067640674],[13.777373419163208,51.07090205805329],[13.777443482961308,51.07088493116785],[13.777443467980918,51.07088495798961],[13.777564718806163,51.07085529984515],[13.777543545946644,51.07081919705865],[13.777533826652716,51.070803447901916],[13.777524378545586,51.07078824114976]]]}},{"type":"Feature","id":"UUID_60104785-9845-456f-ac38-d384cf8531ab","properties":{"id":"UUID_60104785-9845-456f-ac38-d384cf8531ab","height_m":12.709,"ground_m":135.442,"height_source":"LoD1 solid top minus bottom","production":"2024","laser":"2016","footprints":"2022"},"geometry":{"type":"Polygon","coordinates":[[[13.777448180134884,51.07078900892995],[13.777440065045415,51.07077575856249],[13.777258483462472,51.0708199023969],[13.777266798282826,51.070833154866435],[13.777448180134884,51.07078900892995]]]}},{"type":"Feature","id":"DESNATPU1000Hg9g","properties":{"id":"DESNATPU1000Hg9g","height_m":2.241,"ground_m":140.978,"height_source":"LoD1 solid top minus bottom","production":"2024","laser":"2016","footprints":"2022"},"geometry":{"type":"Polygon","coordinates":[[[13.78295974099399,51.071180843852034],[13.782881900371045,51.07153093296022],[13.782951536420143,51.071537143670334],[13.783021174846825,51.0715432644355],[13.783099159498919,51.07119308681031],[13.78302966664233,51.07118687767689],[13.78295974099399,51.071180843852034]]]}},{"type":"Feature","id":"DESNATP1iT0000eI","properties":{"id":"DESNATP1iT0000eI","height_m":2.511,"ground_m":137.005,"height_source":"LoD1 solid top minus bottom","production":"2024","laser":"2016","footprints":"2022"},"geometry":{"type":"Polygon","coordinates":[[[13.782052223846678,51.06894858241273],[13.782073694278147,51.069004444707495],[13.782093957446166,51.06900135548405],[13.782155764526436,51.06899192753158],[13.78213423692496,51.06893606465644],[13.782052223846678,51.06894858241273]]]}},{"type":"Feature","id":"UUID_c1927a0c-2b48-420f-82c4-4914557ccb9e","properties":{"id":"UUID_c1927a0c-2b48-420f-82c4-4914557ccb9e","height_m":75.646,"ground_m":54.421,"height_source":"LoD1 solid top minus bottom","production":"2024","laser":"2016","footprints":"2022"},"geometry":{"type":"Polygon","coordinates":[[[13.77440138583857,51.06725166250545],[13.774392296703574,51.06724994848915],[13.7743901214013,51.067254494035105],[13.774499121373015,51.0672744589362],[13.774501092869237,51.0672700641294],[13.7744958372441,51.067269109741524],[13.77450098298054,51.067258012589484],[13.774406531595522,51.06724056535768],[13.77440138583857,51.06725166250545]]]}},{"type":"Feature","id":"UUID_d83bdd5f-ee9b-4e4c-8e32-316d023eff6d","properties":{"id":"UUID_d83bdd5f-ee9b-4e4c-8e32-316d023eff6d","height_m":15.149,"ground_m":120.843,"height_source":"LoD1 solid top minus bottom","production":"2024","laser":"2016","footprints":"2022"},"geometry":{"type":"Polygon","coordinates":[[[13.774390030565813,51.067254690924806],[13.774317312754206,51.0672411585744],[13.77429977332232,51.06727838480453],[13.774293666336138,51.067277241623046],[13.774272020247592,51.067324047108],[13.774277839492912,51.06732527720137],[13.774259817316823,51.06736456671289],[13.774351576859958,51.067381266408795],[13.7743809775054,51.067386700618655],[13.774374454939998,51.06740129053021],[13.774398176653383,51.06740558604679],[13.774400307445955,51.067405968102996],[13.774406970315374,51.067391469589495],[13.774514922573747,51.06741112672483],[13.774534150148042,51.067369421750044],[13.774534221253589,51.0673694314884],[13.77455471644553,51.06732512288811],[13.774571986963263,51.067287803873015],[13.774499121373015,51.0672744589362],[13.7743901214013,51.067254494035105],[13.774390030565813,51.067254690924806]]]}},{"type":"Feature","id":"UUID_083cea89-566f-4d69-91d0-9c52bd809061","properties":{"id":"UUID_083cea89-566f-4d69-91d0-9c52bd809061","height_m":12.937,"ground_m":120.843,"height_source":"LoD1 solid top minus bottom","production":"2024","laser":"2016","footprints":"2022"},"geometry":{"type":"Polygon","coordinates":[[[13.77455471644553,51.06732512288811],[13.774534221253589,51.0673694314884],[13.774547220272984,51.067371717063814],[13.774575060195366,51.067360588060566],[13.77458248154358,51.067344388852284],[13.774571486916738,51.067328356278146],[13.77455471644553,51.06732512288811]]]}},{"type":"Feature","id":"DESNATP1Ak0000Qh","properties":{"id":"DESNATP1Ak0000Qh","height_m":2.832,"ground_m":141.003,"height_source":"LoD1 solid top minus bottom","production":"2024","laser":"2016","footprints":"2022"},"geometry":{"type":"Polygon","coordinates":[[[13.787471170076515,51.06879861917126],[13.787441123206012,51.06876648189193],[13.787352347580267,51.068800803733545],[13.787336564511316,51.068784857594075],[13.787318665294915,51.06879199204002],[13.78736040810003,51.068834259698036],[13.787356603224987,51.06883566806643],[13.787361913285388,51.06884110985368],[13.787471170076515,51.06879861917126]]]}},{"type":"Feature","id":"UUID_1c74b103-9ef9-4173-92a1-986111b4ed0c","properties":{"id":"UUID_1c74b103-9ef9-4173-92a1-986111b4ed0c","height_m":9.04,"ground_m":136.229,"height_source":"LoD1 solid top minus bottom","production":"2024","laser":"2016","footprints":"2022"},"geometry":{"type":"Polygon","coordinates":[[[13.783025758906883,51.068457157340774],[13.783027426382471,51.068458883337975],[13.783032587890897,51.06846398205045],[13.783071816742515,51.068449021761886],[13.783078751562222,51.068446369139636],[13.783072595223503,51.0684400190625],[13.783062104929197,51.068438920631976],[13.783050675241325,51.06843772249162],[13.783033356767115,51.0684450062151],[13.783025758906883,51.068457157340774]]]}},{"type":"Feature","id":"UUID_88849f37-d030-41c7-910b-b7abb4cbbfdf","properties":{"id":"UUID_88849f37-d030-41c7-910b-b7abb4cbbfdf","height_m":11.708,"ground_m":136.229,"height_source":"LoD1 solid top minus bottom","production":"2024","laser":"2016","footprints":"2022"},"geometry":{"type":"Polygon","coordinates":[[[13.783087006428039,51.06857297505268],[13.78310416853014,51.068591247284026],[13.783179131312627,51.06856289098328],[13.783161485931181,51.06854454178908],[13.783087006428039,51.06857297505268]]]}},{"type":"Feature","id":"UUID_7356cc1e-b219-4e82-8abd-82a2564a1042","properties":{"id":"UUID_7356cc1e-b219-4e82-8abd-82a2564a1042","height_m":12.582,"ground_m":136.229,"height_source":"LoD1 solid top minus bottom","production":"2024","laser":"2016","footprints":"2022"},"geometry":{"type":"Polygon","coordinates":[[[13.783161485931181,51.06854454178908],[13.783205746794804,51.06852764642966],[13.783114318341502,51.06843280956027],[13.783078848851371,51.06844646907356],[13.783078751562222,51.068446369139636],[13.783032587890897,51.06846398205045],[13.783032852163382,51.06846424559376],[13.783018291942463,51.06846975946976],[13.782997251725847,51.06847745407805],[13.783087006428039,51.06857297505268],[13.783161485931181,51.06854454178908]]]}},{"type":"Feature","id":"DESNATPU1000CHJ1","properties":{"id":"DESNATPU1000CHJ1","height_m":15.485,"ground_m":151.504,"height_source":"LoD1 solid top minus bottom","production":"2024","laser":"2016","footprints":"2022"},"geometry":{"type":"Polygon","coordinates":[[[13.787531868655725,51.071902821479036],[13.787508137919735,51.07192604655157],[13.787515073862405,51.071928276774464],[13.787457940304243,51.07198433880824],[13.787506533628877,51.07200381772177],[13.787503035969738,51.07200656921074],[13.78755684818571,51.072028440371],[13.787559924788921,51.07202541472857],[13.787610066766605,51.072045719015456],[13.787716147311931,51.071940973899046],[13.787640527501843,51.071909703955136],[13.787564907794172,51.07187843396283],[13.787537946043003,51.07190513272283],[13.787531868655725,51.071902821479036]]]}},{"type":"Feature","id":"DESNATPU1000IBrK","properties":{"id":"DESNATPU1000IBrK","height_m":14.637,"ground_m":167.815,"height_source":"LoD1 solid top minus bottom","production":"2024","laser":"2016","footprints":"2022"},"geometry":{"type":"Polygon","coordinates":[[[13.795057911934636,51.073464639964506],[13.79509048235374,51.07348017355135],[13.795125944416585,51.073450323280284],[13.795093371671216,51.07343487960726],[13.795057911934636,51.073464639964506]]]}},{"type":"Feature","id":"DESNATP1iT0000cQ","properties":{"id":"DESNATP1iT0000cQ","height_m":2.151,"ground_m":136.103,"height_source":"LoD1 solid top minus bottom","production":"2024","laser":"2016","footprints":"2022"},"geometry":{"type":"Polygon","coordinates":[[[13.779862828505316,51.07061320548536],[13.779940838069455,51.0705983722841],[13.779846179184746,51.07038929036938],[13.779767687616536,51.07040401056102],[13.779862828505316,51.07061320548536]]]}},{"type":"Feature","id":"DESNATPU1000Hojc","properties":{"id":"DESNATPU1000Hojc","height_m":18.277,"ground_m":136.77,"height_source":"LoD1 solid top minus bottom","production":"2024","laser":"2016","footprints":"2022"},"geometry":{"type":"Polygon","coordinates":[[[13.78066188935674,51.07055347737185],[13.780658747680327,51.07055353452604],[13.780662699948982,51.07064755069824],[13.780665579866355,51.07064659153151],[13.780870640682974,51.07064306506083],[13.780866664369702,51.07054994792807],[13.78086635580461,51.070539962682375],[13.780815090126099,51.07054086680861],[13.780815541376235,51.07055085354276],[13.780712298874562,51.0705525643817],[13.780711693137428,51.07054302567639],[13.780661571384792,51.07054385174004],[13.78066188935674,51.07055347737185]]]}},{"type":"Feature","id":"DESNATPU1000IK4o","properties":{"id":"DESNATPU1000IK4o","height_m":18.922,"ground_m":162.513,"height_source":"LoD1 solid top minus bottom","production":"2024","laser":"2016","footprints":"2022"},"geometry":{"type":"Polygon","coordinates":[[[13.788589067591074,51.074409197437625],[13.788529205455724,51.0745040806228],[13.788611041249382,51.07452435322994],[13.788607170946568,51.07453043722036],[13.788637237622781,51.07453793406988],[13.788640819922477,51.07453194601465],[13.788722227688794,51.07455221410766],[13.788782241592637,51.074456972685965],[13.788699558979753,51.0744363317106],[13.78867020144053,51.07442901308899],[13.788629925792852,51.07441888346888],[13.788589067591074,51.074409197437625]]]}},{"type":"Feature","id":"UUID_e36befe3-9fe4-44ff-8de2-860326d85e56","properties":{"id":"UUID_e36befe3-9fe4-44ff-8de2-860326d85e56","height_m":18.949,"ground_m":157.98,"height_source":"LoD1 solid top minus bottom","production":"2024","laser":"2016","footprints":"2022"},"geometry":{"type":"Polygon","coordinates":[[[13.787972992048077,51.07302610196868],[13.788048503238675,51.07293866548289],[13.787973594298904,51.07291289774325],[13.787973520833159,51.07291297791675],[13.78794579518139,51.072903337898545],[13.787870051687012,51.07287728266098],[13.787869830584722,51.0728775501524],[13.787794447594269,51.07296498785402],[13.787972992048077,51.07302610196868]]]}},{"type":"Feature","id":"UUID_cfb8da92-8970-4c74-9dfa-1276a7591e84","properties":{"id":"UUID_cfb8da92-8970-4c74-9dfa-1276a7591e84","height_m":18.685,"ground_m":157.98,"height_source":"LoD1 solid top minus bottom","production":"2024","laser":"2016","footprints":"2022"},"geometry":{"type":"Polygon","coordinates":[[[13.787973594298904,51.07291289774325],[13.788048503238675,51.07293866548289],[13.788056745952291,51.07292912864245],[13.787981906261132,51.07290344256134],[13.787973594298904,51.07291289774325]]]}},{"type":"Feature","id":"UUID_e534fc73-c256-48ad-ae18-4571ec03720d","properties":{"id":"UUID_e534fc73-c256-48ad-ae18-4571ec03720d","height_m":18.716,"ground_m":157.98,"height_source":"LoD1 solid top minus bottom","production":"2024","laser":"2016","footprints":"2022"},"geometry":{"type":"Polygon","coordinates":[[[13.787878206454886,51.072867834849035],[13.787870051687012,51.07287728266098],[13.78794579518139,51.072903337898545],[13.787953895205938,51.07289379958563],[13.787878206454886,51.072867834849035]]]}},{"type":"Feature","id":"DESNATPU1000FTZv","properties":{"id":"DESNATPU1000FTZv","height_m":4.393,"ground_m":137.667,"height_source":"LoD1 solid top minus bottom","production":"2024","laser":"2016","footprints":"2022"},"geometry":{"type":"Polygon","coordinates":[[[13.780692991792433,51.06935910590896],[13.780594335054237,51.0693765119778],[13.78061412003111,51.06942204219504],[13.78071305515676,51.069404908797914],[13.780692991792433,51.06935910590896]]]}},{"type":"Feature","id":"DESNATPU1000C6N4","properties":{"id":"DESNATPU1000C6N4","height_m":3.882,"ground_m":122.202,"height_source":"LoD1 solid top minus bottom","production":"2024","laser":"2016","footprints":"2022"},"geometry":{"type":"Polygon","coordinates":[[[13.772784329009326,51.06736967747722],[13.772796647571813,51.067373403948366],[13.772836470913086,51.06731932553289],[13.772804704282956,51.067311617885004],[13.772784951950086,51.06734072711252],[13.77280206951273,51.06734648239302],[13.772784329009326,51.06736967747722]]]}},{"type":"Feature","id":"UUID_88bb0877-71b2-4c6a-9428-4af4a28654c1","properties":{"id":"UUID_88bb0877-71b2-4c6a-9428-4af4a28654c1","height_m":4.277,"ground_m":132.696,"height_source":"LoD1 solid top minus bottom","production":"2024","laser":"2016","footprints":"2022"},"geometry":{"type":"Polygon","coordinates":[[[13.779113200549645,51.067939375282165],[13.779118686468623,51.06795328153148],[13.779036911184216,51.06796384821164],[13.779046430081838,51.0679926347502],[13.779128207780527,51.06798197816023],[13.77912855141468,51.06798193678551],[13.779114288999478,51.06793923377354],[13.779113200549645,51.067939375282165]]]}},{"type":"Feature","id":"UUID_97c13cf9-a4f0-48ad-91af-4e4b5f2fd7ff","properties":{"id":"UUID_97c13cf9-a4f0-48ad-91af-4e4b5f2fd7ff","height_m":4.802,"ground_m":132.696,"height_source":"LoD1 solid top minus bottom","production":"2024","laser":"2016","footprints":"2022"},"geometry":{"type":"Polygon","coordinates":[[[13.779292827299894,51.067969039247316],[13.779318685452779,51.067908427897706],[13.77932985300056,51.06785827465055],[13.77933095038214,51.06783283642368],[13.779328419845998,51.067831371144166],[13.779322005997713,51.06783103437553],[13.779299055832771,51.06783210764137],[13.779292827299894,51.067969039247316]]]}},{"type":"Feature","id":"UUID_2c9b947a-0d24-4982-81e3-65be46250e04","properties":{"id":"UUID_2c9b947a-0d24-4982-81e3-65be46250e04","height_m":4.68,"ground_m":132.696,"height_source":"LoD1 solid top minus bottom","production":"2024","laser":"2016","footprints":"2022"},"geometry":{"type":"Polygon","coordinates":[[[13.779299055832771,51.06783210764137],[13.77924798263859,51.06783448790298],[13.779208810535337,51.06783695647421],[13.779089653671134,51.067847042819345],[13.779089256360278,51.06784586960223],[13.779083384875875,51.06784661762457],[13.779113200549645,51.067939375282165],[13.779114288999478,51.06793923377354],[13.77912855141468,51.06798193678551],[13.779128207780527,51.06798197816023],[13.779172685664088,51.06811418758328],[13.779308039536163,51.06809608684238],[13.779306849946124,51.06809247728974],[13.779304269728488,51.06809289998359],[13.779289439689915,51.06804355436359],[13.779292827299894,51.067969039247316],[13.779299055832771,51.06783210764137]]]}},{"type":"Feature","id":"DESNATPU1000ITdL","properties":{"id":"DESNATPU1000ITdL","height_m":3.227,"ground_m":139.229,"height_source":"LoD1 solid top minus bottom","production":"2024","laser":"2016","footprints":"2022"},"geometry":{"type":"Polygon","coordinates":[[[13.780981324699654,51.07306895226708],[13.780954820628292,51.07309979098656],[13.780981983549019,51.0731090670866],[13.780952243107832,51.073143559106605],[13.780933257852983,51.07316530356705],[13.780810186394278,51.07330754523594],[13.780791926341477,51.07332884759686],[13.780754533417195,51.0733720727027],[13.780761183833782,51.073374300348],[13.780745867614954,51.07339221613948],[13.780737770753847,51.07340157413441],[13.780730413898876,51.07339906933441],[13.780677999453802,51.07345985356465],[13.78075552840722,51.07348629180887],[13.780816322680169,51.073416242424265],[13.78108558800749,51.07310466192013],[13.781173039695155,51.07300332555869],[13.781068776545075,51.072967615984126],[13.780981324699654,51.07306895226708]]]}},{"type":"Feature","id":"UUID_c9c2a5ae-ac88-4f0b-8b99-cf7a5512ce9c","properties":{"id":"UUID_c9c2a5ae-ac88-4f0b-8b99-cf7a5512ce9c","height_m":11.206,"ground_m":132.66,"height_source":"LoD1 solid top minus bottom","production":"2024","laser":"2016","footprints":"2022"},"geometry":{"type":"Polygon","coordinates":[[[13.77689080398585,51.0695645066494],[13.776817447136725,51.069551769549676],[13.776817917214487,51.06955072230888],[13.776731075611066,51.0695367738907],[13.776707895770333,51.06958929218002],[13.776689938351836,51.06962995862691],[13.776939838154266,51.069674210587834],[13.776959866791248,51.069633475848086],[13.776985686189034,51.06958098512922],[13.776891229121288,51.06956353987342],[13.77689080398585,51.0695645066494]]]}},{"type":"Feature","id":"UUID_1879f0de-0650-4562-ae6b-6e82de266ca2","properties":{"id":"UUID_1879f0de-0650-4562-ae6b-6e82de266ca2","height_m":10.393,"ground_m":132.66,"height_source":"LoD1 solid top minus bottom","production":"2024","laser":"2016","footprints":"2022"},"geometry":{"type":"Polygon","coordinates":[[[13.77689080398585,51.0695645066494],[13.776891229121288,51.06956353987342],[13.776896241337534,51.06955208151118],[13.776823072140099,51.06953926544314],[13.776817917214487,51.06955072230888],[13.776817447136725,51.069551769549676],[13.77689080398585,51.0695645066494]]]}},{"type":"Feature","id":"DESNATP1Ak0000RV","properties":{"id":"DESNATP1Ak0000RV","height_m":9.315,"ground_m":157.408,"height_source":"LoD1 solid top minus bottom","production":"2024","laser":"2016","footprints":"2022"},"geometry":{"type":"Polygon","coordinates":[[[13.788465439082152,51.07222154866012],[13.788414413898549,51.07220115465268],[13.78836328282203,51.07225149696591],[13.788484960141574,51.072300483043016],[13.788536118273633,51.07225019491451],[13.78847402195173,51.07222466819871],[13.788465439082152,51.07222154866012]]]}},{"type":"Feature","id":"DESNATPU1000JEcX","properties":{"id":"DESNATPU1000JEcX","height_m":2.484,"ground_m":139.778,"height_source":"LoD1 solid top minus bottom","production":"2024","laser":"2016","footprints":"2022"},"geometry":{"type":"Polygon","coordinates":[[[13.785884794678108,51.06894120751863],[13.785908524326441,51.068999817382974],[13.785982049723403,51.06898817099745],[13.785961300039975,51.068930221597576],[13.785884794678108,51.06894120751863]]]}},{"type":"Feature","id":"DESNATPU1000EMnv","properties":{"id":"DESNATPU1000EMnv","height_m":2.395,"ground_m":138.156,"height_source":"LoD1 solid top minus bottom","production":"2024","laser":"2016","footprints":"2022"},"geometry":{"type":"Polygon","coordinates":[[[13.782031953607948,51.071158949562914],[13.782056042293402,51.0710949918658],[13.78196476309405,51.07108136082929],[13.781940674290485,51.07114531850694],[13.782031953607948,51.071158949562914]]]}},{"type":"Feature","id":"DESNATPU1000JGtC","properties":{"id":"DESNATPU1000JGtC","height_m":18.856,"ground_m":163.638,"height_source":"LoD1 solid top minus bottom","production":"2024","laser":"2016","footprints":"2022"},"geometry":{"type":"Polygon","coordinates":[[[13.78943369437138,51.07484708463541],[13.789584030731467,51.07488452280082],[13.789614861835528,51.07483538163491],[13.78962096082172,51.07483688363873],[13.789635708350131,51.07481329534312],[13.789629894785827,51.074811796295585],[13.789660426298967,51.074763191583465],[13.7895098025024,51.07472584046579],[13.789477328831348,51.07477775236382],[13.78946512459922,51.07479687057649],[13.78943369437138,51.07484708463541]]]}},{"type":"Feature","id":"DESNATPU1000COKk","properties":{"id":"DESNATPU1000COKk","height_m":11.421,"ground_m":140.217,"height_source":"LoD1 solid top minus bottom","production":"2024","laser":"2016","footprints":"2022"},"geometry":{"type":"Polygon","coordinates":[[[13.786423811155785,51.0688169400099],[13.786443952894528,51.06881138474106],[13.786466038682525,51.06881663203916],[13.786486435379008,51.06881115135262],[13.786492113753457,51.068799231876035],[13.786486264005548,51.06878441393132],[13.78646457099767,51.06878597827675],[13.786412481870123,51.06871094096239],[13.78616697987134,51.06877832880927],[13.78617077584988,51.068783808884355],[13.786197401176883,51.06877647746234],[13.786271085189362,51.068882611456196],[13.786372914818754,51.068854550084424],[13.786383325524495,51.06885051249271],[13.78643686438545,51.06883574462451],[13.786423811155785,51.0688169400099]]]}},{"type":"Feature","id":"UUID_207aaef4-a554-4876-ae15-521bb37a9cbb","properties":{"id":"UUID_207aaef4-a554-4876-ae15-521bb37a9cbb","height_m":3.0,"ground_m":120.907,"height_source":"LoD1 solid top minus bottom","production":"2024","laser":"2016","footprints":"2022"},"geometry":{"type":"Polygon","coordinates":[[[13.775359193255754,51.067575299808354],[13.775366054649252,51.067576522780826],[13.775410952338348,51.06748148938153],[13.775404062657627,51.06748025712244],[13.775359193255754,51.067575299808354]]]}},{"type":"Feature","id":"UUID_854a1479-42ab-4436-a29b-38e5055f4dd3","properties":{"id":"UUID_854a1479-42ab-4436-a29b-38e5055f4dd3","height_m":13.865,"ground_m":120.907,"height_source":"LoD1 solid top minus bottom","production":"2024","laser":"2016","footprints":"2022"},"geometry":{"type":"Polygon","coordinates":[[[13.775341702552284,51.067612328858665],[13.77535909384966,51.06757528078116],[13.775359193255754,51.067575299808354],[13.775404062657627,51.06748025712244],[13.775403991551718,51.06748024738462],[13.775421523061809,51.06744329069468],[13.775363860570527,51.067432524652496],[13.775367774466005,51.06742483183037],[13.775297762383705,51.06741150829834],[13.7752937034188,51.067419289526384],[13.775235472616506,51.067408427537465],[13.775217653226889,51.0674454711118],[13.775211410628208,51.06744405677262],[13.775182089697926,51.067505889945245],[13.775188061169613,51.06750676187524],[13.775175834354739,51.0675319935177],[13.77515437680646,51.0675770925002],[13.775341702552284,51.067612328858665]]]}},{"type":"Feature","id":"DESNATPU1000HQm1","properties":{"id":"DESNATPU1000HQm1","height_m":3.758,"ground_m":121.071,"height_source":"LoD1 solid top minus bottom","production":"2024","laser":"2016","footprints":"2022"},"geometry":{"type":"Polygon","coordinates":[[[13.77364839588333,51.0672344118137],[13.773616024459782,51.06730358671428],[13.773674832608842,51.06731418578496],[13.773692732606039,51.067317341224104],[13.773706054003155,51.06728852408646],[13.773688441763378,51.06728528174016],[13.773707194448964,51.06724537048103],[13.77364839588333,51.0672344118137]]]}},{"type":"Feature","id":"DESNATPU1000CTQq","properties":{"id":"DESNATPU1000CTQq","height_m":19.471,"ground_m":142.87,"height_source":"LoD1 solid top minus bottom","production":"2024","laser":"2016","footprints":"2022"},"geometry":{"type":"Polygon","coordinates":[[[13.783821795887162,51.07086796378921],[13.783770954323263,51.07086356786531],[13.783751476243237,51.07095320340732],[13.78385273148072,51.07096199079705],[13.783888760897067,51.07096515343747],[13.783989730793543,51.07097393773951],[13.784007424332046,51.0708924670559],[13.784009360545696,51.070883944025034],[13.783960224243076,51.0708798357084],[13.783821795887162,51.07086796378921]]]}},{"type":"Feature","id":"UUID_76f988fc-e4a5-4e40-bb6d-2fde392628de","properties":{"id":"UUID_76f988fc-e4a5-4e40-bb6d-2fde392628de","height_m":6.013,"ground_m":125.389,"height_source":"LoD1 solid top minus bottom","production":"2024","laser":"2016","footprints":"2022"},"geometry":{"type":"Polygon","coordinates":[[[13.772828811816785,51.06921767572942],[13.772796051694952,51.06920538930039],[13.772758444750764,51.06924521934977],[13.772791205128183,51.06925749679906],[13.772828811816785,51.06921767572942]]]}},{"type":"Feature","id":"UUID_29ea2519-bbf9-45e1-bf71-5ce964f06b9f","properties":{"id":"UUID_29ea2519-bbf9-45e1-bf71-5ce964f06b9f","height_m":15.421,"ground_m":125.389,"height_source":"LoD1 solid top minus bottom","production":"2024","laser":"2016","footprints":"2022"},"geometry":{"type":"Polygon","coordinates":[[[13.772806721787537,51.06935132897814],[13.772778645340505,51.06938105224058],[13.772760025274328,51.069400775843675],[13.77284154470328,51.06943133504512],[13.77286003252018,51.06941175392595],[13.772888065175636,51.069382066155754],[13.772888138661589,51.06938198599184],[13.772806721787537,51.06935132897814]]]}},{"type":"Feature","id":"UUID_03fc00eb-8a6b-41e0-bf84-605e7c5e313d","properties":{"id":"UUID_03fc00eb-8a6b-41e0-bf84-605e7c5e313d","height_m":5.896,"ground_m":125.389,"height_source":"LoD1 solid top minus bottom","production":"2024","laser":"2016","footprints":"2022"},"geometry":{"type":"Polygon","coordinates":[[[13.773045505135036,51.069299761939824],[13.7730077791795,51.06933977966835],[13.773007835780781,51.06933979824817],[13.773040596054011,51.06935208461861],[13.773078364323707,51.06931208530945],[13.773045505135036,51.069299761939824]]]}},{"type":"Feature","id":"UUID_33f45610-023e-40d9-9819-d1b896d5bf43","properties":{"id":"UUID_33f45610-023e-40d9-9819-d1b896d5bf43","height_m":16.109,"ground_m":125.389,"height_source":"LoD1 solid top minus bottom","production":"2024","laser":"2016","footprints":"2022"},"geometry":{"type":"Polygon","coordinates":[[[13.772896357084921,51.06923206296324],[13.772892906110028,51.06923572278399],[13.772832981957288,51.06921326806384],[13.772828811816785,51.06921767572942],[13.772791205128183,51.06925749679906],[13.772729926339325,51.06932241108316],[13.772806810018347,51.06935123098343],[13.772806721787537,51.06935132897814],[13.772888138661589,51.06938198599184],[13.772888065175636,51.069382066155754],[13.772947056601097,51.06940417831978],[13.773007835780781,51.06933979824817],[13.7730077791795,51.06933977966835],[13.773045505135036,51.069299761939824],[13.773049704989646,51.069295309614404],[13.772991561481083,51.069273521151565],[13.772995585353405,51.06926924683715],[13.772896357084921,51.06923206296324]]]}},{"type":"Feature","id":"DESNATP1Ak0000RD","properties":{"id":"DESNATP1Ak0000RD","height_m":6.135,"ground_m":148.403,"height_source":"LoD1 solid top minus bottom","production":"2024","laser":"2016","footprints":"2022"},"geometry":{"type":"Polygon","coordinates":[[[13.785758381407797,51.07179244199056],[13.78574191669118,51.07178561626842],[13.785693452601658,51.07183158764635],[13.785709674736724,51.07183841085512],[13.785836918203074,51.071891639189005],[13.785885440942238,51.071845605411866],[13.785758381407797,51.07179244199056]]]}},{"type":"Feature","id":"UUID_353e14f8-e180-4d83-9c31-58873fede86d","properties":{"id":"UUID_353e14f8-e180-4d83-9c31-58873fede86d","height_m":14.805,"ground_m":136.258,"height_source":"LoD1 solid top minus bottom","production":"2024","laser":"2016","footprints":"2022"},"geometry":{"type":"Polygon","coordinates":[[[13.780071010223192,51.07009578242879],[13.780113722879232,51.07019433087331],[13.780220916640625,51.07017585422298],[13.78045749987731,51.070135067461344],[13.780570027369079,51.07011566592521],[13.780527538104561,51.07001727285802],[13.780322644639144,51.070052545112716],[13.780281494912261,51.07005958874306],[13.780071010223192,51.07009578242879]]]}},{"type":"Feature","id":"UUID_5b826e76-4e58-47d3-a33a-8bbe984eda21","properties":{"id":"UUID_5b826e76-4e58-47d3-a33a-8bbe984eda21","height_m":10.693,"ground_m":136.258,"height_source":"LoD1 solid top minus bottom","production":"2024","laser":"2016","footprints":"2022"},"geometry":{"type":"Polygon","coordinates":[[[13.780562063077515,51.07012380227084],[13.78051034544081,51.070132687169156],[13.780510372561972,51.07013274140903],[13.780519946229647,51.07015406434472],[13.780571279085057,51.070145157442134],[13.780562063077515,51.07012380227084]]]}},{"type":"Feature","id":"UUID_e92ea69e-14c8-4a5c-8775-73d7e9063f1e","properties":{"id":"UUID_e92ea69e-14c8-4a5c-8775-73d7e9063f1e","height_m":12.286,"ground_m":136.258,"height_source":"LoD1 solid top minus bottom","production":"2024","laser":"2016","footprints":"2022"},"geometry":{"type":"Polygon","coordinates":[[[13.780510372561972,51.07013274140903],[13.78051034544081,51.070132687169156],[13.780562063077515,51.07012380227084],[13.780561995510764,51.07012365768083],[13.780572744874357,51.070121971263504],[13.780570027369079,51.07011566592521],[13.78045749987731,51.070135067461344],[13.78046019071985,51.07014130058153],[13.780510372561972,51.07013274140903]]]}},{"type":"Feature","id":"UUID_31be85f4-81ea-45a5-b5cf-56eb9fcf4299","properties":{"id":"UUID_31be85f4-81ea-45a5-b5cf-56eb9fcf4299","height_m":11.295,"ground_m":136.258,"height_source":"LoD1 solid top minus bottom","production":"2024","laser":"2016","footprints":"2022"},"geometry":{"type":"Polygon","coordinates":[[[13.780113722879232,51.07019433087331],[13.780116225488225,51.07020012138889],[13.780126118951719,51.07019841708694],[13.780126118715344,51.0701984260773],[13.780135259406402,51.07021992438242],[13.780190461716106,51.070210428532974],[13.78018103537497,51.070188936243966],[13.780223333881489,51.070181634852524],[13.780220916640625,51.07017585422298],[13.780113722879232,51.07019433087331]]]}},{"type":"Feature","id":"DESNATP1iT0000eF","properties":{"id":"DESNATP1iT0000eF","height_m":3.0,"ground_m":142.308,"height_source":"LoD1 solid top minus bottom","production":"2024","laser":"2016","footprints":"2022"},"geometry":{"type":"Polygon","coordinates":[[[13.785377486292361,51.069948896562586],[13.785384305650643,51.07003462399013],[13.78554751774933,51.07003203933358],[13.785538504080384,51.069943429401896],[13.785377486292361,51.069948896562586]]]}},{"type":"Feature","id":"UUID_df1fd091-4343-4905-9b1b-fb3c96e87ee8","properties":{"id":"UUID_df1fd091-4343-4905-9b1b-fb3c96e87ee8","height_m":14.344,"ground_m":136.871,"height_source":"LoD1 solid top minus bottom","production":"2024","laser":"2016","footprints":"2022"},"geometry":{"type":"Polygon","coordinates":[[[13.788022388285674,51.068129937919025],[13.78800917333206,51.06811676130679],[13.788008853601282,51.06811643425002],[13.78795546817345,51.06813740047669],[13.787969453112646,51.068151151626886],[13.788022388285674,51.068129937919025]]]}},{"type":"Feature","id":"UUID_c6700aed-8acd-40c0-8176-e53ff6eacca5","properties":{"id":"UUID_c6700aed-8acd-40c0-8176-e53ff6eacca5","height_m":14.616,"ground_m":136.871,"height_source":"LoD1 solid top minus bottom","production":"2024","laser":"2016","footprints":"2022"},"geometry":{"type":"Polygon","coordinates":[[[13.78804569715094,51.06804627663753],[13.788038052458717,51.06804934485511],[13.787995084124487,51.068005913644896],[13.78795851045781,51.06796902355723],[13.787922312843618,51.06798330648194],[13.787919110854315,51.06798021571957],[13.78779913743807,51.068027083090655],[13.78780191135642,51.06803016941676],[13.787765865730595,51.06804409415686],[13.787802172713059,51.0680802621136],[13.787845982975417,51.06812424169497],[13.787838771021512,51.06812713453103],[13.787844335315917,51.068132677854685],[13.787879110424505,51.068167391049336],[13.787886307643623,51.06816451604359],[13.787955120139946,51.06813706413346],[13.78795546817345,51.06813740047669],[13.788008853601282,51.06811643425002],[13.78800917333206,51.06811676130679],[13.78807779760709,51.06808940629395],[13.788085470606338,51.06808634736009],[13.78805028612136,51.06805091055664],[13.78804569715094,51.06804627663753]]]}},{"type":"Feature","id":"DESNATPU1000F9R0","properties":{"id":"DESNATPU1000F9R0","height_m":4.66,"ground_m":123.631,"height_source":"LoD1 solid top minus bottom","production":"2024","laser":"2016","footprints":"2022"},"geometry":{"type":"Polygon","coordinates":[[[13.77448916367914,51.06865663276747],[13.7745776131191,51.06867446663359],[13.774599295399554,51.068631708251736],[13.774510850781175,51.0686136945957],[13.77448916367914,51.06865663276747]]]}},{"type":"Feature","id":"DESNATPU1000CnDz","properties":{"id":"DESNATPU1000CnDz","height_m":11.96,"ground_m":135.444,"height_source":"LoD1 solid top minus bottom","production":"2024","laser":"2016","footprints":"2022"},"geometry":{"type":"Polygon","coordinates":[[[13.783047719807211,51.06803886018663],[13.783035321134214,51.06802182459306],[13.783018494544054,51.06802668537443],[13.783010503929292,51.06801572086398],[13.782995762104047,51.06799551338205],[13.782987083996543,51.06798355250144],[13.78289903373236,51.068008651890494],[13.782811788560824,51.06803352578422],[13.782844176572977,51.06807747823704],[13.782829649468738,51.068081733439634],[13.78284191010944,51.06809858776128],[13.782856294529253,51.06809433107134],[13.782863338181699,51.06810330731091],[13.782950372962368,51.06807829629561],[13.783038212836352,51.06805305978493],[13.783031035900597,51.0680437224554],[13.783047719807211,51.06803886018663]]]}},{"type":"Feature","id":"UUID_1ec18120-e4c9-4bd8-b69b-185df0d26206","properties":{"id":"UUID_1ec18120-e4c9-4bd8-b69b-185df0d26206","height_m":13.501,"ground_m":126.514,"height_source":"LoD1 solid top minus bottom","production":"2024","laser":"2016","footprints":"2022"},"geometry":{"type":"Polygon","coordinates":[[[13.776689397815483,51.068883890454394],[13.776762250972068,51.06889024645719],[13.7767751020421,51.06883048874994],[13.776782601572933,51.0687956031402],[13.776785151466084,51.06879579169645],[13.776796613496652,51.06873458059772],[13.776795744745005,51.06873450855628],[13.776652357433688,51.06872209959418],[13.77663417404305,51.06880545260259],[13.776617000341716,51.06887757514692],[13.776689397815483,51.068883890454394]]]}},{"type":"Feature","id":"UUID_fc06b032-005f-4e9e-a7d8-9bb161fc5333","properties":{"id":"UUID_fc06b032-005f-4e9e-a7d8-9bb161fc5333","height_m":13.068,"ground_m":126.514,"height_source":"LoD1 solid top minus bottom","production":"2024","laser":"2016","footprints":"2022"},"geometry":{"type":"Polygon","coordinates":[[[13.776803725965761,51.06883294658439],[13.776811504171572,51.068797776118956],[13.776785151466084,51.06879579169645],[13.776782601572933,51.0687956031402],[13.7767751020421,51.06883048874994],[13.776803725965761,51.06883294658439]]]}},{"type":"Feature","id":"DESNATPU1000HvGq","properties":{"id":"DESNATPU1000HvGq","height_m":18.903,"ground_m":161.563,"height_source":"LoD1 solid top minus bottom","production":"2024","laser":"2016","footprints":"2022"},"geometry":{"type":"Polygon","coordinates":[[[13.788784463791602,51.073896204300866],[13.788752294101526,51.07394739973072],[13.788740665318908,51.07396634397756],[13.788708207768998,51.074017626340144],[13.788858681211146,51.074055156804135],[13.788889655221247,51.074006017302786],[13.788897174104878,51.074007803841226],[13.788911776674901,51.07398430405952],[13.788904257794485,51.073982517522026],[13.78893493690494,51.0739337346652],[13.788784463791602,51.073896204300866]]]}},{"type":"Feature","id":"DESNATPU1000JCf9","properties":{"id":"DESNATPU1000JCf9","height_m":6.279,"ground_m":162.589,"height_source":"LoD1 solid top minus bottom","production":"2024","laser":"2016","footprints":"2022"},"geometry":{"type":"Polygon","coordinates":[[[13.794096238447496,51.07259725863115],[13.794068025906103,51.0726172913026],[13.794118258190279,51.07264523759856],[13.79414646839061,51.072625294818984],[13.794096238447496,51.07259725863115]]]}},{"type":"Feature","id":"DESNATPU1000GXJw","properties":{"id":"DESNATPU1000GXJw","height_m":15.423,"ground_m":150.009,"height_source":"LoD1 solid top minus bottom","production":"2024","laser":"2016","footprints":"2022"},"geometry":{"type":"Polygon","coordinates":[[[13.787122158113572,51.071713588671905],[13.787105010948842,51.071730676938856],[13.787099076306253,51.07172836715357],[13.787074917345535,51.07175158769562],[13.787081420439884,51.07175399330904],[13.787024859731165,51.07180997115013],[13.787085029546473,51.071834336564386],[13.787081351568704,51.07183852501948],[13.787135299038539,51.07186066756371],[13.787139828515231,51.071856667798706],[13.787177962794445,51.07187217141332],[13.787240243814905,51.071810317595556],[13.787243441973422,51.07180810257553],[13.787284041555132,51.071767516593646],[13.787207138726307,51.0717362060763],[13.787124445001275,51.071702551244144],[13.78711594277298,51.07171109611854],[13.787122158113572,51.071713588671905]]]}},{"type":"Feature","id":"UUID_8f89d351-d272-4d75-95f8-da33d4919c8f","properties":{"id":"UUID_8f89d351-d272-4d75-95f8-da33d4919c8f","height_m":11.755,"ground_m":122.704,"height_source":"LoD1 solid top minus bottom","production":"2024","laser":"2016","footprints":"2022"},"geometry":{"type":"Polygon","coordinates":[[[13.773957376820695,51.0685218019144],[13.773937945510394,51.068518243763705],[13.77389751737135,51.068606021307275],[13.773897487170432,51.068606083940246],[13.773916904482775,51.068609632957845],[13.773957376820695,51.0685218019144]]]}},{"type":"Feature","id":"UUID_cf4dc729-a86f-4556-80cc-f452894e1507","properties":{"id":"UUID_cf4dc729-a86f-4556-80cc-f452894e1507","height_m":14.009,"ground_m":122.704,"height_source":"LoD1 solid top minus bottom","production":"2024","laser":"2016","footprints":"2022"},"geometry":{"type":"Polygon","coordinates":[[[13.773875335936543,51.06843701127664],[13.773786786672682,51.068420821515474],[13.773783334499015,51.068428312293584],[13.77377714152407,51.06842717717653],[13.773762805841326,51.06845817792626],[13.773768529846167,51.06845923618141],[13.773736003396358,51.06852938969534],[13.773730321952904,51.06852834087799],[13.773710422069312,51.068571135788005],[13.773716018378959,51.068572165727446],[13.773789934067693,51.0685858099301],[13.773787588853297,51.06859083929431],[13.773876291360883,51.068607183538845],[13.773878410891003,51.06860259245385],[13.773897487170432,51.068606083940246],[13.77389751737135,51.068606021307275],[13.773937945510394,51.068518243763705],[13.773967592586775,51.06845387834954],[13.773875335936543,51.06843701127664]]]}},{"type":"Feature","id":"DESNATP1Ak0000YO","properties":{"id":"DESNATP1Ak0000YO","height_m":3.0,"ground_m":173.067,"height_source":"LoD1 solid top minus bottom","production":"2024","laser":"2016","footprints":"2022"},"geometry":{"type":"Polygon","coordinates":[[[13.792052752578442,51.07395412600583],[13.792059931739988,51.07400788723958],[13.792145268681846,51.07400336441959],[13.792138089421922,51.07394960319038],[13.792052752578442,51.07395412600583]]]}},{"type":"Feature","id":"DESNATPU1000Bhwh","properties":{"id":"DESNATPU1000Bhwh","height_m":11.76,"ground_m":136.229,"height_source":"LoD1 solid top minus bottom","production":"2024","laser":"2016","footprints":"2022"},"geometry":{"type":"Polygon","coordinates":[[[13.782587782475497,51.068235716516284],[13.782588980479394,51.0682341192796],[13.782589733316616,51.06823262532005],[13.782590209855258,51.06823132632468],[13.782590558445499,51.06823000801101],[13.782590750549549,51.06822867008179],[13.782590799728679,51.06822733965671],[13.782590692185764,51.068225998606465],[13.782590441482075,51.06822467405073],[13.782590047853507,51.06822335699917],[13.78258949655941,51.06822206528386],[13.782588816137599,51.06822079920206],[13.782587840550647,51.06821935918234],[13.782586692085793,51.0682179803117],[13.782585551521125,51.06821684432946],[13.782584309423052,51.068215770239405],[13.782582937725543,51.068214739763576],[13.782581464258751,51.06821378017026],[13.782579874753782,51.068212891310864],[13.78257819774843,51.06821207348263],[13.782576447511588,51.06821132683414],[13.782574595269574,51.068210660058554],[13.782572683829077,51.068210073601705],[13.782570386656642,51.06820950111275],[13.782567387005939,51.0682090472063],[13.782565265658006,51.06820884525422],[13.782563127446458,51.06820874204746],[13.78256097260717,51.06820872859566],[13.782558843946816,51.06820880534468],[13.782556712691706,51.06820898098767],[13.78255460737962,51.06820925582185],[13.782552542751215,51.068209612015146],[13.782550518334707,51.068210067548264],[13.782548548870759,51.0682106045891],[13.782546648628255,51.0682112232863],[13.782544817371301,51.06821193263022],[13.78254306984057,51.068212714788764],[13.78254140603605,51.06821356976196],[13.782539200836514,51.0682149316866],[13.782537220636765,51.0682164218543],[13.78253599256295,51.068217533164976],[13.782534877460819,51.06821869061647],[13.782533903868176,51.06821989450605],[13.782533072020922,51.06822113584332],[13.782532367650164,51.06822241447969],[13.78253181952961,51.06822372172204],[13.782531399357351,51.068225048282756],[13.7825311359071,51.06822638546873],[13.782531028942975,51.068227742270345],[13.782531064903763,51.06822909156786],[13.782531243789478,51.06823043336129],[13.782531579869032,51.06823176779926],[13.782532059109428,51.068233085742776],[13.782533009575022,51.068234939171006],[13.78251190328141,51.068232641981254],[13.782480403128652,51.06824515560714],[13.782473582736866,51.06826030940522],[13.782482812193262,51.06826974908459],[13.782441428457748,51.068285783852716],[13.782563506594641,51.0684107966648],[13.782615705337303,51.06839055794378],[13.782603376411815,51.06837793850588],[13.78264959074752,51.06836002952874],[13.782633620302159,51.068343676118154],[13.782637078460485,51.06834188659349],[13.78263923991298,51.06834056018266],[13.782642150781275,51.068338414237715],[13.782644695138492,51.06833609361187],[13.782646194205963,51.06833444555337],[13.782648059786487,51.06833188404453],[13.782649152485655,51.068329404414214],[13.782649684095684,51.06832763836559],[13.78265003068128,51.06832585240427],[13.782650155215613,51.068323281754964],[13.782650118424637,51.06832250798931],[13.78264987998398,51.06832071593484],[13.782649441306564,51.06831893978053],[13.782648816425475,51.06831718866533],[13.782647581873475,51.068314738753216],[13.782644093307464,51.068310071117125],[13.7826403025001,51.068305499254045],[13.782576476876912,51.06824284697269],[13.782578870283169,51.068241927655826],[13.782580444936361,51.06824120664583],[13.782581935863119,51.06824041282119],[13.782583924198471,51.068239156550774],[13.782585701330701,51.06823779016666],[13.782586798389042,51.068236776411865],[13.782587782475497,51.068235716516284]]]}},{"type":"Feature","id":"DESNATPU1000BV5s","properties":{"id":"DESNATPU1000BV5s","height_m":11.156,"ground_m":137.018,"height_source":"LoD1 solid top minus bottom","production":"2024","laser":"2016","footprints":"2022"},"geometry":{"type":"Polygon","coordinates":[[[13.780203188223343,51.06964491304775],[13.780169176105506,51.069651932204515],[13.780175016466545,51.06966323417995],[13.78015822680371,51.069666656085694],[13.780179695435477,51.0697089395533],[13.78020246636654,51.06975380855354],[13.780415714260789,51.06971017043423],[13.780392637579537,51.06966552310607],[13.780370891747319,51.06962346160593],[13.780208881171479,51.06965639333946],[13.780203188223343,51.06964491304775]]]}},{"type":"Feature","id":"DESNATPU1000CzBb","properties":{"id":"DESNATPU1000CzBb","height_m":2.477,"ground_m":140.639,"height_source":"LoD1 solid top minus bottom","production":"2024","laser":"2016","footprints":"2022"},"geometry":{"type":"Polygon","coordinates":[[[13.782691441296654,51.07122804998617],[13.782623775209906,51.07153301103227],[13.782694267656103,51.07153922182246],[13.782763763114215,51.071545350244996],[13.782831428301563,51.07124038911234],[13.782761933289944,51.07123426073276],[13.782691441296654,51.07122804998617]]]}},{"type":"Feature","id":"DESNATPU1000EZ9S","properties":{"id":"DESNATPU1000EZ9S","height_m":8.153,"ground_m":133.565,"height_source":"LoD1 solid top minus bottom","production":"2024","laser":"2016","footprints":"2022"},"geometry":{"type":"Polygon","coordinates":[[[13.785191599289751,51.06729636784104],[13.785186716689802,51.067238088589434],[13.78509626450541,51.067241096284825],[13.785101234542388,51.067300392637975],[13.7849547138224,51.067305263467034],[13.78494979907181,51.067246588186265],[13.784826119921776,51.06725070709196],[13.784836409496924,51.06737336821064],[13.784940075522092,51.06736992254198],[13.785085853771593,51.067365070991535],[13.785197048050739,51.067361370612],[13.785191599289751,51.06729636784104]]]}},{"type":"Feature","id":"UUID_d78f4a96-a568-4ef6-808f-7976cfe621bf","properties":{"id":"UUID_d78f4a96-a568-4ef6-808f-7976cfe621bf","height_m":3.921,"ground_m":134.447,"height_source":"LoD1 solid top minus bottom","production":"2024","laser":"2016","footprints":"2022"},"geometry":{"type":"Polygon","coordinates":[[[13.7801838636162,51.06754810716543],[13.78020648942086,51.06759737216009],[13.780300567070594,51.06758027835547],[13.780279186713022,51.067530324935966],[13.7801838636162,51.06754810716543]]]}},{"type":"Feature","id":"UUID_cf2a42c1-79ab-4026-a5f8-26b624c26bb6","properties":{"id":"UUID_cf2a42c1-79ab-4026-a5f8-26b624c26bb6","height_m":7.829,"ground_m":134.447,"height_source":"LoD1 solid top minus bottom","production":"2024","laser":"2016","footprints":"2022"},"geometry":{"type":"Polygon","coordinates":[[[13.780164181283116,51.06744225407551],[13.780211617205872,51.0675429291715],[13.780374136862127,51.067512610679934],[13.780326543660443,51.06741193400935],[13.780164181283116,51.06744225407551]]]}},{"type":"Feature","id":"UUID_5bde61f8-a5d7-4786-9799-17139d865b3e","properties":{"id":"UUID_5bde61f8-a5d7-4786-9799-17139d865b3e","height_m":3.707,"ground_m":134.447,"height_source":"LoD1 solid top minus bottom","production":"2024","laser":"2016","footprints":"2022"},"geometry":{"type":"Polygon","coordinates":[[[13.780188919781951,51.0674947605542],[13.780161534279925,51.06749951072876],[13.7801838636162,51.06754810716543],[13.780211617205872,51.0675429291715],[13.780188919781951,51.0674947605542]]]}},{"type":"Feature","id":"UUID_190b1c9a-ad8f-4f4d-aa95-287e5d4ded64","properties":{"id":"UUID_190b1c9a-ad8f-4f4d-aa95-287e5d4ded64","height_m":10.119,"ground_m":142.554,"height_source":"LoD1 solid top minus bottom","production":"2024","laser":"2016","footprints":"2022"},"geometry":{"type":"Polygon","coordinates":[[[13.787467223366116,51.069706645675765],[13.78746111100097,51.06962375844951],[13.787454540047953,51.069623960067496],[13.78745372272966,51.06961154150518],[13.787460717499922,51.0696076842085],[13.787460704170362,51.06960764809897],[13.787453655325313,51.06961149244483],[13.787356465437043,51.06966449840144],[13.787316023881495,51.069686551865296],[13.787317812889343,51.0697109409527],[13.787348667654445,51.06971000207573],[13.787359508925213,51.06970970088212],[13.787397660982876,51.069708621871946],[13.787425799863232,51.069707834655176],[13.787467223366116,51.069706645675765]]]}},{"type":"Feature","id":"UUID_1008cf77-35af-4844-a396-15aa5efd0fc8","properties":{"id":"UUID_1008cf77-35af-4844-a396-15aa5efd0fc8","height_m":8.828,"ground_m":142.554,"height_source":"LoD1 solid top minus bottom","production":"2024","laser":"2016","footprints":"2022"},"geometry":{"type":"Polygon","coordinates":[[[13.787467480670141,51.06960395040823],[13.787466004543143,51.0695839710477],[13.787445439142726,51.069573505895605],[13.787419012665202,51.06957431088173],[13.787372173444966,51.069575740420525],[13.787287480282698,51.06957831496953],[13.787294498500218,51.0696636666434],[13.78729536512249,51.06967419722744],[13.787316023881495,51.069686551865296],[13.787378083518705,51.0696527082823],[13.787460704170362,51.06960764809897],[13.787460717499922,51.0696076842085],[13.787467480670141,51.06960395040823]]]}},{"type":"Feature","id":"UUID_edba20cd-016d-4e93-b023-f842f4b2be34","properties":{"id":"UUID_edba20cd-016d-4e93-b023-f842f4b2be34","height_m":9.725,"ground_m":142.554,"height_source":"LoD1 solid top minus bottom","production":"2024","laser":"2016","footprints":"2022"},"geometry":{"type":"Polygon","coordinates":[[[13.787367560955895,51.069565449752076],[13.787281735194382,51.06956767081955],[13.78728256622418,51.06957847081902],[13.78736835953611,51.06957585373039],[13.787419012665202,51.06957431088173],[13.787418279311483,51.06956414139364],[13.787367560955895,51.069565449752076]]]}},{"type":"Feature","id":"UUID_7cc8c9b8-39b1-406a-82fa-5cabcb539f4b","properties":{"id":"UUID_7cc8c9b8-39b1-406a-82fa-5cabcb539f4b","height_m":10.067,"ground_m":142.554,"height_source":"LoD1 solid top minus bottom","production":"2024","laser":"2016","footprints":"2022"},"geometry":{"type":"Polygon","coordinates":[[[13.787294498500218,51.0696636666434],[13.787287480282698,51.06957831496953],[13.787282552659784,51.069578443699825],[13.787283117894415,51.06958576072241],[13.78728420110946,51.069604387086784],[13.787252349908933,51.06960522567968],[13.78725636403692,51.06966461990293],[13.787294498500218,51.0696636666434]]]}},{"type":"Feature","id":"DESNATPU1000H4e0","properties":{"id":"DESNATPU1000H4e0","height_m":18.915,"ground_m":168.042,"height_source":"LoD1 solid top minus bottom","production":"2024","laser":"2016","footprints":"2022"},"geometry":{"type":"Polygon","coordinates":[[[13.791353784183213,51.07459573145819],[13.791294650348204,51.07469026385619],[13.791371666040192,51.07470931561637],[13.791368098131516,51.074714764334495],[13.791401711806913,51.07472311549172],[13.791405134660604,51.07471775520081],[13.791429813861122,51.0747238556967],[13.79145108677784,51.074729201544415],[13.791485685392951,51.07473810242923],[13.791544825928915,51.07464330022163],[13.791431789338997,51.07461515312289],[13.791353784183213,51.07459573145819]]]}},{"type":"Feature","id":"DESNATPU1000DMvL","properties":{"id":"DESNATPU1000DMvL","height_m":10.946,"ground_m":134.291,"height_source":"LoD1 solid top minus bottom","production":"2024","laser":"2016","footprints":"2022"},"geometry":{"type":"Polygon","coordinates":[[[13.781363941669555,51.06740279070031],[13.781262805040269,51.06738382248179],[13.781259736840115,51.067390328270726],[13.78120616301361,51.067380345160295],[13.781197106505187,51.067399657231896],[13.781161371438115,51.067393007603705],[13.781144951157618,51.067428043269814],[13.781180544507217,51.0674346554538],[13.781171529838554,51.067454003930905],[13.781380509313689,51.0674925679115],[13.781415045479271,51.06741933073172],[13.781360918885394,51.06740919804433],[13.781363941669555,51.06740279070031]]]}},{"type":"Feature","id":"UUID_99c5118f-600a-409a-adb9-a4343a2e76ab","properties":{"id":"UUID_99c5118f-600a-409a-adb9-a4343a2e76ab","height_m":11.556,"ground_m":133.64,"height_source":"LoD1 solid top minus bottom","production":"2024","laser":"2016","footprints":"2022"},"geometry":{"type":"Polygon","coordinates":[[[13.783240331471061,51.067486368186216],[13.783240303876697,51.067486331927675],[13.783170228943355,51.06750633985851],[13.783125721256312,51.067519077951154],[13.783211648275836,51.0676385878154],[13.783263418809439,51.06762374903364],[13.783294769788554,51.067614722858984],[13.783321369647558,51.06760726592704],[13.783370463737711,51.06759325355555],[13.783314354428457,51.06751555606569],[13.783284192762201,51.06747378519198],[13.783240331471061,51.067486368186216]]]}},{"type":"Feature","id":"UUID_433c9402-bcb3-4a6f-bbbf-785264e2ef78","properties":{"id":"UUID_433c9402-bcb3-4a6f-bbbf-785264e2ef78","height_m":9.264,"ground_m":133.64,"height_source":"LoD1 solid top minus bottom","production":"2024","laser":"2016","footprints":"2022"},"geometry":{"type":"Polygon","coordinates":[[[13.783326719792358,51.06751208765462],[13.783314354428457,51.06751555606569],[13.783370463737711,51.06759325355555],[13.783321369647558,51.06760726592704],[13.783333625630721,51.06762430000614],[13.783395026866195,51.06760686356928],[13.783326719792358,51.06751208765462]]]}},{"type":"Feature","id":"UUID_8019b5f7-bfc4-4eea-8f03-a6f0dc7d926a","properties":{"id":"UUID_8019b5f7-bfc4-4eea-8f03-a6f0dc7d926a","height_m":5.857,"ground_m":133.64,"height_source":"LoD1 solid top minus bottom","production":"2024","laser":"2016","footprints":"2022"},"geometry":{"type":"Polygon","coordinates":[[[13.783240303876697,51.067486331927675],[13.783227935228652,51.067469242708356],[13.783223331533177,51.067470633633775],[13.783216304407322,51.0674610280895],[13.783151160437532,51.06747968446197],[13.783157904536658,51.06748919713542],[13.783170300758298,51.06750632262051],[13.783170228943355,51.06750633985851],[13.783170228471832,51.06750635783925],[13.783240303876697,51.067486331927675]]]}},{"type":"Feature","id":"DESNATPU1000GQmH","properties":{"id":"DESNATPU1000GQmH","height_m":18.776,"ground_m":165.24,"height_source":"LoD1 solid top minus bottom","production":"2024","laser":"2016","footprints":"2022"},"geometry":{"type":"Polygon","coordinates":[[[13.790168587017648,51.07386638400274],[13.790243951081832,51.07389396258586],[13.7902393958798,51.073898951412005],[13.790270643393606,51.073910425891334],[13.790275193904673,51.07390561687157],[13.790350838822224,51.07393337814791],[13.790429327495703,51.07384660045736],[13.79035368501516,51.07381874932825],[13.790325548955488,51.07380838620807],[13.790248203499942,51.07378015767366],[13.790168587017648,51.07386638400274]]]}},{"type":"Feature","id":"DESNATPU1000IFhG","properties":{"id":"DESNATPU1000IFhG","height_m":3.161,"ground_m":131.854,"height_source":"LoD1 solid top minus bottom","production":"2024","laser":"2016","footprints":"2022"},"geometry":{"type":"Polygon","coordinates":[[[13.778296782218908,51.06765278647804],[13.778341757168546,51.06778769927673],[13.77839603689796,51.067780622699665],[13.778351064163608,51.06764562001718],[13.778296782218908,51.06765278647804]]]}},{"type":"Feature","id":"DESNATPU1000BoE1","properties":{"id":"DESNATPU1000BoE1","height_m":12.993,"ground_m":135.992,"height_source":"LoD1 solid top minus bottom","production":"2024","laser":"2016","footprints":"2022"},"geometry":{"type":"Polygon","coordinates":[[[13.788361548870318,51.06790431729843],[13.788353618845482,51.06790738257873],[13.788320123069836,51.0678728626431],[13.788275917392538,51.06782762014489],[13.788224229339177,51.06784755193092],[13.788181192225808,51.067864138130396],[13.788185502859502,51.06786849937411],[13.788125091916323,51.0678917939203],[13.788089331870646,51.06790572172075],[13.788112545625749,51.06792952359179],[13.78812853449176,51.06794578651112],[13.78816786812891,51.06798630228698],[13.788213322828824,51.068032906696466],[13.788330544855757,51.06798753915795],[13.788403923668065,51.06795901021955],[13.788411868671618,51.06795591811266],[13.78836418717352,51.06790713242082],[13.788361548870318,51.06790431729843]]]}},{"type":"Feature","id":"UUID_a0b88d8d-ab65-45a4-aa79-bd76d4984516","properties":{"id":"UUID_a0b88d8d-ab65-45a4-aa79-bd76d4984516","height_m":14.617,"ground_m":124.864,"height_source":"LoD1 solid top minus bottom","production":"2024","laser":"2016","footprints":"2022"},"geometry":{"type":"Polygon","coordinates":[[[13.776630037940317,51.068415570426104],[13.776458893298527,51.06840198939553],[13.776447672310566,51.06845188102425],[13.776440126368048,51.068451172533756],[13.776426408930442,51.068511838407595],[13.776425584486331,51.06851549884895],[13.77652071577137,51.06851811339133],[13.776522373068396,51.06851480339456],[13.776719462016212,51.06853179435876],[13.776740991436855,51.06842437558626],[13.776630037940317,51.068415570426104]]]}},{"type":"Feature","id":"UUID_f10e1471-be51-4c39-beef-7701688c0e47","properties":{"id":"UUID_f10e1471-be51-4c39-beef-7701688c0e47","height_m":14.948,"ground_m":124.864,"height_source":"LoD1 solid top minus bottom","production":"2024","laser":"2016","footprints":"2022"},"geometry":{"type":"Polygon","coordinates":[[[13.776630037940317,51.068415570426104],[13.776644396520625,51.06835277094703],[13.776473382524484,51.06833749166045],[13.776458893298527,51.06840198939553],[13.776630037940317,51.068415570426104]]]}},{"type":"Feature","id":"UUID_80577a43-4c1d-48ee-b3f1-ae657feaf247","properties":{"id":"UUID_80577a43-4c1d-48ee-b3f1-ae657feaf247","height_m":7.876,"ground_m":136.556,"height_source":"LoD1 solid top minus bottom","production":"2024","laser":"2016","footprints":"2022"},"geometry":{"type":"Polygon","coordinates":[[[13.78117729643259,51.068615702705756],[13.781152581504104,51.06862037304785],[13.781166503988292,51.06865001467942],[13.781191288150994,51.068645425991676],[13.78117729643259,51.068615702705756]]]}},{"type":"Feature","id":"UUID_5a7a20d1-1453-4a70-a067-0c836cb76e5b","properties":{"id":"UUID_5a7a20d1-1453-4a70-a067-0c836cb76e5b","height_m":8.234,"ground_m":136.556,"height_source":"LoD1 solid top minus bottom","production":"2024","laser":"2016","footprints":"2022"},"geometry":{"type":"Polygon","coordinates":[[[13.781299278339745,51.06868124632026],[13.781368413758413,51.06866830705962],[13.781366251134974,51.06866369817379],[13.78138948738348,51.06865935409711],[13.781380161213168,51.068639472659314],[13.781356927335032,51.068643726830665],[13.7813265150706,51.068578931223875],[13.781173335710385,51.06860728009609],[13.781177396788006,51.06861568576658],[13.78117729643259,51.068615702705756],[13.781191288150994,51.068645425991676],[13.781191316925197,51.0686454172989],[13.781215512423136,51.06869692867098],[13.781241904420561,51.068691988032356],[13.781265571127019,51.06868755854048],[13.781299278339745,51.06868124632026]]]}},{"type":"Feature","id":"DESNATPU1000DgCk","properties":{"id":"DESNATPU1000DgCk","height_m":10.949,"ground_m":133.093,"height_source":"LoD1 solid top minus bottom","production":"2024","laser":"2016","footprints":"2022"},"geometry":{"type":"Polygon","coordinates":[[[13.777707761034153,51.06886065937304],[13.777708824405625,51.06886363812442],[13.777766977082633,51.068855882911016],[13.77775533206525,51.06882113877471],[13.777748024057919,51.06882223142151],[13.777730557755708,51.068770070261955],[13.777723254492436,51.068770983100364],[13.777686733435175,51.0687757270924],[13.777618552248956,51.06878490616595],[13.777583030003996,51.06878966057141],[13.777514998574334,51.068798571366244],[13.77747875811869,51.06880349808469],[13.77747116472687,51.06880458772927],[13.777488773439815,51.06885675041782],[13.777481039717543,51.068857748667064],[13.777492831966034,51.0688923145147],[13.777549262949485,51.06888490111467],[13.777550837285304,51.06888473772383],[13.777549633601389,51.06888166757526],[13.77760893022079,51.06887383447635],[13.777613980615499,51.06888800602523],[13.77765308441295,51.06888274949634],[13.77764832412514,51.068868401126636],[13.777707761034153,51.06886065937304]]]}},{"type":"Feature","id":"DESNATP1Ak0000Qo","properties":{"id":"DESNATP1Ak0000Qo","height_m":9.473,"ground_m":136.351,"height_source":"LoD1 solid top minus bottom","production":"2024","laser":"2016","footprints":"2022"},"geometry":{"type":"Polygon","coordinates":[[[13.784878137732239,51.06819707659264],[13.784807854032271,51.06806045542004],[13.78473685141284,51.06807500499633],[13.784806891411051,51.06821165964956],[13.784878137732239,51.06819707659264]]]}},{"type":"Feature","id":"DESNATPU1000CbP9","properties":{"id":"DESNATPU1000CbP9","height_m":2.854,"ground_m":138.834,"height_source":"LoD1 solid top minus bottom","production":"2024","laser":"2016","footprints":"2022"},"geometry":{"type":"Polygon","coordinates":[[[13.781982322194246,51.071271562002565],[13.781931579367333,51.071334072855954],[13.782003346921787,51.0713569430538],[13.782053799561027,51.0712946090023],[13.781982322194246,51.071271562002565]]]}},{"type":"Feature","id":"UUID_7ea788ce-3471-4bc1-9681-a86c8cc5d82b","properties":{"id":"UUID_7ea788ce-3471-4bc1-9681-a86c8cc5d82b","height_m":20.469,"ground_m":132.351,"height_source":"LoD1 solid top minus bottom","production":"2024","laser":"2016","footprints":"2022"},"geometry":{"type":"Polygon","coordinates":[[[13.779168375025158,51.06825523993676],[13.779168403562943,51.06825524023485],[13.779176985276715,51.06828167883833],[13.779446690578402,51.06824563758313],[13.779450458418468,51.06812410297047],[13.77930336147994,51.06814369994258],[13.779139082645662,51.068165365468175],[13.779168375025158,51.06825523993676]]]}},{"type":"Feature","id":"UUID_90359ff7-9456-46db-8e7e-8a9c11cf55e5","properties":{"id":"UUID_90359ff7-9456-46db-8e7e-8a9c11cf55e5","height_m":14.182,"ground_m":132.351,"height_source":"LoD1 solid top minus bottom","production":"2024","laser":"2016","footprints":"2022"},"geometry":{"type":"Polygon","coordinates":[[[13.779715826985855,51.0679327187689],[13.779720049096573,51.067799309368525],[13.77964895400724,51.06779345017922],[13.779644483003608,51.06793197389501],[13.779715826985855,51.0679327187689]]]}},{"type":"Feature","id":"UUID_1eb3c35f-5e42-4896-a47c-7c79265309d1","properties":{"id":"UUID_1eb3c35f-5e42-4896-a47c-7c79265309d1","height_m":20.491,"ground_m":132.351,"height_source":"LoD1 solid top minus bottom","production":"2024","laser":"2016","footprints":"2022"},"geometry":{"type":"Polygon","coordinates":[[[13.779140812303833,51.06817068929984],[13.779107426201737,51.06817510676641],[13.779135897266887,51.06825930718636],[13.779168375025158,51.06825523993676],[13.779140812303833,51.06817068929984]]]}},{"type":"Feature","id":"UUID_180618a2-bb43-4188-98d7-e04e6b22e27d","properties":{"id":"UUID_180618a2-bb43-4188-98d7-e04e6b22e27d","height_m":17.527,"ground_m":132.351,"height_source":"LoD1 solid top minus bottom","production":"2024","laser":"2016","footprints":"2022"},"geometry":{"type":"Polygon","coordinates":[[[13.77964895400724,51.06779345017922],[13.779648840093657,51.06779343999704],[13.779560477867683,51.06778856054257],[13.77946091982165,51.067786082099836],[13.779450458418468,51.06812410297047],[13.779446690578402,51.06824563758313],[13.779635183052003,51.06822045644877],[13.779642236649371,51.068142202617736],[13.779644483003608,51.06793197389501],[13.77964895400724,51.06779345017922]]]}},{"type":"Feature","id":"DESNATP1iT0000MB","properties":{"id":"DESNATP1iT0000MB","height_m":25.747,"ground_m":134.475,"height_source":"LoD1 solid top minus bottom","production":"2024","laser":"2016","footprints":"2022"},"geometry":{"type":"Polygon","coordinates":[[[13.774892599750647,51.07096711641435],[13.774680731644594,51.070717583985086],[13.775088761107625,51.070580070898934],[13.775133986159414,51.070633350680986],[13.7752684835679,51.07058801535639],[13.775292847659681,51.0706167059449],[13.775445476374312,51.070565265419646],[13.775420987821793,51.070536420681066],[13.775555456608304,51.07049106674198],[13.775511585963255,51.070439455991036],[13.775897823684172,51.07030918483172],[13.77592250884702,51.07030082822868],[13.77613506619073,51.07054930447035],[13.77633084943009,51.070482990877565],[13.776094846887995,51.07020666153631],[13.776115773241541,51.07019956949277],[13.776045581171216,51.070117152699886],[13.775804047730542,51.07019880502753],[13.77582729241987,51.07022610788014],[13.775307229538024,51.070401712379095],[13.775303436205366,51.07039725715781],[13.77514919759885,51.070449139261086],[13.775152934554596,51.07045356691813],[13.774628329373115,51.07062964239192],[13.774604370245678,51.070601306629094],[13.774366358219496,51.070681302264404],[13.774390429498254,51.070709711194596],[13.774093270933994,51.07080953574793],[13.774163433445656,51.07089243901523],[13.774459983529733,51.070791888477814],[13.774482652456493,51.07078423046309],[13.774694646317185,51.07103383651235],[13.774892599750647,51.07096711641435]]]}},{"type":"Feature","id":"DESNATPU1000H6JZ","properties":{"id":"DESNATPU1000H6JZ","height_m":13.884,"ground_m":135.65,"height_source":"LoD1 solid top minus bottom","production":"2024","laser":"2016","footprints":"2022"},"geometry":{"type":"Polygon","coordinates":[[[13.786158511866317,51.0675219802752],[13.786230797530948,51.06750307265271],[13.786235232766927,51.067509755410406],[13.786397781823988,51.06746669503086],[13.786370478274057,51.06742577298592],[13.786381702762755,51.06742280499693],[13.786334393557777,51.067351702153694],[13.786324060324139,51.06735442759382],[13.78629699194585,51.067313795742656],[13.786134488258348,51.067356775517325],[13.786136657098037,51.0673600714275],[13.78606382988113,51.067378955381336],[13.786091948485991,51.067421990283755],[13.7860986739695,51.06742023459075],[13.786134680641906,51.067474907176695],[13.786128558670157,51.06747650726881],[13.786158511866317,51.0675219802752]]]}},{"type":"Feature","id":"DESNATPU1000F65g","properties":{"id":"DESNATPU1000F65g","height_m":19.435,"ground_m":143.87,"height_source":"LoD1 solid top minus bottom","production":"2024","laser":"2016","footprints":"2022"},"geometry":{"type":"Polygon","coordinates":[[[13.784226758162962,51.07100338185059],[13.7843317166796,51.07101247712834],[13.784366181206833,51.07101544348928],[13.784466723216875,51.07102422292828],[13.784486499476262,51.07093405080495],[13.784435374732702,51.07092956229764],[13.784298515768686,51.070917707265366],[13.78424653487847,51.07091320977066],[13.784226758162962,51.07100338185059]]]}},{"type":"Feature","id":"UUID_1d5bb5f7-f95c-4340-9da0-bc13c9bf9306","properties":{"id":"UUID_1d5bb5f7-f95c-4340-9da0-bc13c9bf9306","height_m":6.901,"ground_m":123.601,"height_source":"LoD1 solid top minus bottom","production":"2024","laser":"2016","footprints":"2022"},"geometry":{"type":"Polygon","coordinates":[[[13.774370321573537,51.06864387583585],[13.77431977334074,51.0686339033109],[13.774311343358367,51.0686504516361],[13.774362045953913,51.06866052470434],[13.774370321573537,51.06864387583585]]]}},{"type":"Feature","id":"UUID_ad8b1205-70e2-46d8-a9d8-246a1519aa4a","properties":{"id":"UUID_ad8b1205-70e2-46d8-a9d8-246a1519aa4a","height_m":6.864,"ground_m":123.601,"height_source":"LoD1 solid top minus bottom","production":"2024","laser":"2016","footprints":"2022"},"geometry":{"type":"Polygon","coordinates":[[[13.77420624337499,51.06859836014195],[13.774192190360871,51.06862677397352],[13.774251142096341,51.068638489361454],[13.774265310179944,51.06861004075839],[13.77420624337499,51.06859836014195]]]}},{"type":"Feature","id":"UUID_12438dea-97b0-4f13-857a-b5e65ac2d501","properties":{"id":"UUID_12438dea-97b0-4f13-857a-b5e65ac2d501","height_m":6.78,"ground_m":123.601,"height_source":"LoD1 solid top minus bottom","production":"2024","laser":"2016","footprints":"2022"},"geometry":{"type":"Polygon","coordinates":[[[13.774192190360871,51.06862677397352],[13.774153318570907,51.06870535927226],[13.774323137551493,51.068738884853666],[13.774362045953913,51.06866052470434],[13.774311343358367,51.0686504516361],[13.774251142096341,51.068638489361454],[13.774192190360871,51.06862677397352]]]}},{"type":"Feature","id":"DESNATP1Ak0000RQ","properties":{"id":"DESNATP1Ak0000RQ","height_m":9.149,"ground_m":156.221,"height_source":"LoD1 solid top minus bottom","production":"2024","laser":"2016","footprints":"2022"},"geometry":{"type":"Polygon","coordinates":[[[13.78853739385717,51.07207999223473],[13.788486447621626,51.07213037248888],[13.788537523502137,51.072151009796585],[13.788551595892066,51.07215709090285],[13.788607881226376,51.072179391884845],[13.788658943659403,51.07212893184732],[13.78853739385717,51.07207999223473]]]}},{"type":"Feature","id":"DESNATPU1000Da04","properties":{"id":"DESNATPU1000Da04","height_m":5.029,"ground_m":130.577,"height_source":"LoD1 solid top minus bottom","production":"2024","laser":"2016","footprints":"2022"},"geometry":{"type":"Polygon","coordinates":[[[13.777381097368421,51.06846893278265],[13.777411742732365,51.0685192534311],[13.77749146607845,51.068499943384445],[13.777460965698271,51.068449534345234],[13.777381097368421,51.06846893278265]]]}},{"type":"Feature","id":"DESNATPU1000EyI5","properties":{"id":"DESNATPU1000EyI5","height_m":13.396,"ground_m":136.909,"height_source":"LoD1 solid top minus bottom","production":"2024","laser":"2016","footprints":"2022"},"geometry":{"type":"Polygon","coordinates":[[[13.778902588463108,51.07097989591908],[13.778994648375088,51.07084992220171],[13.778847349375813,51.07081178261842],[13.778755151166441,51.07094157492045],[13.778902588463108,51.07097989591908]]]}},{"type":"Feature","id":"DESNATP1Ak0000Q5","properties":{"id":"DESNATP1Ak0000Q5","height_m":3.881,"ground_m":145.36,"height_source":"LoD1 solid top minus bottom","production":"2024","laser":"2016","footprints":"2022"},"geometry":{"type":"Polygon","coordinates":[[[13.775004262189844,51.07631404875695],[13.774909401209376,51.076398971915516],[13.775031056814274,51.076452980748456],[13.775150138609774,51.076346054085654],[13.775060821992938,51.07630644004158],[13.775036405285046,51.07632828849923],[13.775004262189844,51.07631404875695]]]}},{"type":"Feature","id":"DESNATPU1000GU6N","properties":{"id":"DESNATPU1000GU6N","height_m":2.712,"ground_m":136.423,"height_source":"LoD1 solid top minus bottom","production":"2024","laser":"2016","footprints":"2022"},"geometry":{"type":"Polygon","coordinates":[[[13.78828189915726,51.0681888336463],[13.78832166824272,51.068229084097375],[13.788482309590817,51.068166180879246],[13.788442400076487,51.06812583909895],[13.78828189915726,51.0681888336463]]]}},{"type":"Feature","id":"DESNATPU1000CUTM","properties":{"id":"DESNATPU1000CUTM","height_m":18.778,"ground_m":159.826,"height_source":"LoD1 solid top minus bottom","production":"2024","laser":"2016","footprints":"2022"},"geometry":{"type":"Polygon","coordinates":[[[13.787960891328593,51.07362040112239],[13.787929305670513,51.07367052324964],[13.787916064753448,51.07369160897301],[13.787883739803535,51.07374325219881],[13.788032791656601,51.07378049920747],[13.788063909055692,51.07373136140704],[13.788073977785627,51.0737338938612],[13.788088269435267,51.07371138016526],[13.788078200709396,51.07370884771237],[13.788110508979196,51.073657833756954],[13.787960891328593,51.07362040112239]]]}},{"type":"Feature","id":"UUID_134bc49a-6bb4-4b95-b899-b9fecae789ee","properties":{"id":"UUID_134bc49a-6bb4-4b95-b899-b9fecae789ee","height_m":3.522,"ground_m":150.668,"height_source":"LoD1 solid top minus bottom","production":"2024","laser":"2016","footprints":"2022"},"geometry":{"type":"Polygon","coordinates":[[[13.78639097530532,51.07240127838966],[13.786391525963896,51.072401508927314],[13.78639451926342,51.0724027630284],[13.786426527647228,51.0724161798997],[13.78645912343193,51.07238531326792],[13.786427553202723,51.072372062825174],[13.786423416012083,51.07237033821507],[13.78639097530532,51.07240127838966]]]}},{"type":"Feature","id":"UUID_d6936753-7113-4427-9091-2dc990617822","properties":{"id":"UUID_d6936753-7113-4427-9091-2dc990617822","height_m":7.428,"ground_m":150.668,"height_source":"LoD1 solid top minus bottom","production":"2024","laser":"2016","footprints":"2022"},"geometry":{"type":"Polygon","coordinates":[[[13.786288206335037,51.072499321080976],[13.786391525963896,51.072401508927314],[13.78639097530532,51.07240127838966],[13.786423416012083,51.07237033821507],[13.786422879623908,51.07237010782575],[13.786526652576036,51.07227185961153],[13.786508523449134,51.07226426132349],[13.786413360136098,51.07222436142344],[13.78639859136018,51.0722181739075],[13.786158990378283,51.07244502060887],[13.786174365756267,51.0724514842384],[13.786269470595625,51.072491446673126],[13.786288206335037,51.072499321080976]]]}},{"type":"Feature","id":"DESNATPU1000JGou","properties":{"id":"DESNATPU1000JGou","height_m":9.119,"ground_m":156.435,"height_source":"LoD1 solid top minus bottom","production":"2024","laser":"2016","footprints":"2022"},"geometry":{"type":"Polygon","coordinates":[[[13.787118718317823,51.073346647287195],[13.78704141702493,51.07343694229766],[13.787229588687058,51.073501125069924],[13.787275007021973,51.073516524363384],[13.787454972896107,51.07357792379048],[13.787531852560946,51.073487354352814],[13.787118718317823,51.073346647287195]]]}},{"type":"Feature","id":"DESNATP1Ak0000RL","properties":{"id":"DESNATP1Ak0000RL","height_m":9.214,"ground_m":154.776,"height_source":"LoD1 solid top minus bottom","production":"2024","laser":"2016","footprints":"2022"},"geometry":{"type":"Polygon","coordinates":[[[13.788111190291781,51.07207877552403],[13.788060384406043,51.07205819478509],[13.788009213294554,51.07210896818519],[13.788130763075303,51.07215789036281],[13.788181787416201,51.07210726826631],[13.788119444193628,51.07208191865655],[13.788111190291781,51.07207877552403]]]}},{"type":"Feature","id":"UUID_ef25fc3f-99ca-4710-9660-5612259fb277","properties":{"id":"UUID_ef25fc3f-99ca-4710-9660-5612259fb277","height_m":6.495,"ground_m":121.569,"height_source":"LoD1 solid top minus bottom","production":"2024","laser":"2016","footprints":"2022"},"geometry":{"type":"Polygon","coordinates":[[[13.773075693229252,51.06752226907336],[13.773088234924423,51.06752619569791],[13.77313339257381,51.06746792856324],[13.773121416167816,51.06746421471218],[13.773075693229252,51.06752226907336]]]}},{"type":"Feature","id":"UUID_af3e17dd-df7b-4395-a1f9-e46034299f74","properties":{"id":"UUID_af3e17dd-df7b-4395-a1f9-e46034299f74","height_m":4.059,"ground_m":121.569,"height_source":"LoD1 solid top minus bottom","production":"2024","laser":"2016","footprints":"2022"},"geometry":{"type":"Polygon","coordinates":[[[13.773246276320164,51.0674144100431],[13.773197127498443,51.067402850989296],[13.773185893797933,51.06740019710111],[13.773166166827156,51.06742565557019],[13.773223367282295,51.06744308153428],[13.773246276320164,51.0674144100431]]]}},{"type":"Feature","id":"UUID_b8aa1752-ff16-4f71-842e-0e7913ba14ff","properties":{"id":"UUID_b8aa1752-ff16-4f71-842e-0e7913ba14ff","height_m":7.184,"ground_m":121.569,"height_source":"LoD1 solid top minus bottom","production":"2024","laser":"2016","footprints":"2022"},"geometry":{"type":"Polygon","coordinates":[[[13.773150326543991,51.067446082878064],[13.77313339257381,51.06746792856324],[13.773088234924423,51.06752619569791],[13.773191003754446,51.067558353632684],[13.773195109964922,51.06755311794252],[13.773212481029397,51.06753093510899],[13.773270147127027,51.06745733154705],[13.773223367282295,51.06744308153428],[13.773166166827156,51.06742565557019],[13.773150326543991,51.067446082878064]]]}},{"type":"Feature","id":"UUID_f4794195-9944-4141-aaad-9ea9a18fc1af","properties":{"id":"UUID_f4794195-9944-4141-aaad-9ea9a18fc1af","height_m":3.448,"ground_m":121.569,"height_source":"LoD1 solid top minus bottom","production":"2024","laser":"2016","footprints":"2022"},"geometry":{"type":"Polygon","coordinates":[[[13.773185893797933,51.06740019710111],[13.773139837494798,51.067389353937685],[13.773106043041356,51.06743188599948],[13.773150326543991,51.067446082878064],[13.773185893797933,51.06740019710111]]]}},{"type":"Feature","id":"DESNATPU1000Db8c","properties":{"id":"DESNATPU1000Db8c","height_m":19.106,"ground_m":164.88,"height_source":"LoD1 solid top minus bottom","production":"2024","laser":"2016","footprints":"2022"},"geometry":{"type":"Polygon","coordinates":[[[13.78979122583823,51.0736124775474],[13.789712755809594,51.07358360751548],[13.789650297378476,51.07365229532564],[13.789634275639692,51.07367002510752],[13.789710354939931,51.07369752151611],[13.789706232510177,51.07370233494668],[13.78973903780005,51.073714275339526],[13.7897427180363,51.073709996897726],[13.789814544419784,51.073736370066186],[13.789894161328773,51.07365014397931],[13.78982049392529,51.07362321222997],[13.78979122583823,51.0736124775474]]]}},{"type":"Feature","id":"DESNATPU1000Jezu","properties":{"id":"DESNATPU1000Jezu","height_m":3.134,"ground_m":136.849,"height_source":"LoD1 solid top minus bottom","production":"2024","laser":"2016","footprints":"2022"},"geometry":{"type":"Polygon","coordinates":[[[13.78061738381231,51.06864069013377],[13.780633185491896,51.068674847844875],[13.780749930724042,51.06865340381061],[13.780734259843259,51.068619697120916],[13.780728671303653,51.06862053810583],[13.7806588291851,51.068633208824274],[13.78061738381231,51.06864069013377]]]}},{"type":"Feature","id":"DESNATPU1000HV2L","properties":{"id":"DESNATPU1000HV2L","height_m":11.291,"ground_m":136.911,"height_source":"LoD1 solid top minus bottom","production":"2024","laser":"2016","footprints":"2022"},"geometry":{"type":"Polygon","coordinates":[[[13.779966791366425,51.069751978312674],[13.779945271355105,51.06971002700362],[13.779788425523599,51.0697419329281],[13.779782306953589,51.06973035824423],[13.779748582462796,51.06973729035346],[13.779754558331694,51.069748863549336],[13.779734325046581,51.06975296886906],[13.779755772356689,51.06979496442239],[13.779778849277566,51.06984012447055],[13.779989941001595,51.0697970941137],[13.779966791366425,51.069751978312674]]]}},{"type":"Feature","id":"UUID_73f0b0dc-3ff0-42cb-a355-11cf5a85ec11","properties":{"id":"UUID_73f0b0dc-3ff0-42cb-a355-11cf5a85ec11","height_m":8.973,"ground_m":144.154,"height_source":"LoD1 solid top minus bottom","production":"2024","laser":"2016","footprints":"2022"},"geometry":{"type":"Polygon","coordinates":[[[13.787096928518618,51.070276275457225],[13.78713102933115,51.07030296926468],[13.787244591794819,51.0702460630257],[13.787193979454274,51.07020560978578],[13.787177205885989,51.070213888984775],[13.787080983211602,51.070263789838236],[13.787096928518618,51.070276275457225]]]}},{"type":"Feature","id":"UUID_f27ffd92-ff27-4553-9ca0-4107b24c9191","properties":{"id":"UUID_f27ffd92-ff27-4553-9ca0-4107b24c9191","height_m":8.526,"ground_m":144.154,"height_source":"LoD1 solid top minus bottom","production":"2024","laser":"2016","footprints":"2022"},"geometry":{"type":"Polygon","coordinates":[[[13.787096928518618,51.070276275457225],[13.787067274027057,51.07029134544156],[13.78710112009627,51.07031795567886],[13.78713102933115,51.07030296926468],[13.787096928518618,51.070276275457225]]]}},{"type":"Feature","id":"DESNATPU1000JM4t","properties":{"id":"DESNATPU1000JM4t","height_m":6.362,"ground_m":160.117,"height_source":"LoD1 solid top minus bottom","production":"2024","laser":"2016","footprints":"2022"},"geometry":{"type":"Polygon","coordinates":[[[13.777710508791737,51.080832460642306],[13.777768797201913,51.08086346579486],[13.777853556184493,51.0808001433751],[13.777760354734001,51.08075042789762],[13.777695445957907,51.080716026175985],[13.777644479696649,51.0807538925084],[13.777610686917132,51.08077934848156],[13.777710508791737,51.080832460642306]]]}},{"type":"Feature","id":"DESNATPU1000BXLM","properties":{"id":"DESNATPU1000BXLM","height_m":9.114,"ground_m":135.724,"height_source":"LoD1 solid top minus bottom","production":"2024","laser":"2016","footprints":"2022"},"geometry":{"type":"Polygon","coordinates":[[[13.780907652980488,51.0678817563137],[13.780823046666205,51.06789688105287],[13.780863795195883,51.06798651487284],[13.7809482636971,51.06797120881004],[13.780907652980488,51.0678817563137]]]}},{"type":"Feature","id":"UUID_35ee24e8-8979-4638-b7d9-bb2f7fe40725","properties":{"id":"UUID_35ee24e8-8979-4638-b7d9-bb2f7fe40725","height_m":12.012,"ground_m":144.789,"height_source":"LoD1 solid top minus bottom","production":"2024","laser":"2016","footprints":"2022"},"geometry":{"type":"Polygon","coordinates":[[[13.785366477089784,51.07063005081382],[13.785342657616665,51.07065555870567],[13.78534231820451,51.070655438271935],[13.78526969445539,51.070731760958225],[13.785269849774274,51.07073182552207],[13.785245506218034,51.07075717506966],[13.785417155805327,51.070821683730536],[13.785468954642731,51.07076715897603],[13.785461421614926,51.07076430192189],[13.785478665783002,51.070746243676545],[13.785486213078668,51.07074910087785],[13.785538255749428,51.07069452466927],[13.785366477089784,51.07063005081382]]]}},{"type":"Feature","id":"UUID_da4fe3e0-0fe3-4188-a17b-2e008ecbf11c","properties":{"id":"UUID_da4fe3e0-0fe3-4188-a17b-2e008ecbf11c","height_m":11.82,"ground_m":144.789,"height_source":"LoD1 solid top minus bottom","production":"2024","laser":"2016","footprints":"2022"},"geometry":{"type":"Polygon","coordinates":[[[13.78534231820451,51.070655438271935],[13.785323997482518,51.07064864715738],[13.785251562280187,51.07072485488535],[13.78526969445539,51.070731760958225],[13.78534231820451,51.070655438271935]]]}},{"type":"Feature","id":"DESNATPU1000BhTj","properties":{"id":"DESNATPU1000BhTj","height_m":2.395,"ground_m":136.762,"height_source":"LoD1 solid top minus bottom","production":"2024","laser":"2016","footprints":"2022"},"geometry":{"type":"Polygon","coordinates":[[[13.780664760832407,51.06858129220231],[13.78063707990347,51.0685863991205],[13.780646798375388,51.0686076336346],[13.780674624368624,51.06860243829921],[13.780664760832407,51.06858129220231]]]}},{"type":"Feature","id":"DESNATPU1000BS0S","properties":{"id":"DESNATPU1000BS0S","height_m":19.235,"ground_m":167.773,"height_source":"LoD1 solid top minus bottom","production":"2024","laser":"2016","footprints":"2022"},"geometry":{"type":"Polygon","coordinates":[[[13.790999182604049,51.07565348488176],[13.79103045493514,51.075603808347644],[13.79087998171614,51.0755660109321],[13.79084722354339,51.0756179202573],[13.790835602212695,51.075636594998855],[13.790803145768702,51.0756878779365],[13.790801957199173,51.07568966420155],[13.790952718520577,51.07572737476755],[13.79098562639701,51.075675197178185],[13.790992577126746,51.075676887775494],[13.79100627370025,51.075655266858135],[13.790999182604049,51.07565348488176]]]}},{"type":"Feature","id":"DESNATPU1000FEV4","properties":{"id":"DESNATPU1000FEV4","height_m":3.792,"ground_m":139.592,"height_source":"LoD1 solid top minus bottom","production":"2024","laser":"2016","footprints":"2022"},"geometry":{"type":"Polygon","coordinates":[[[13.781302201232778,51.07305844933286],[13.781368144317705,51.07308143004142],[13.781411540711687,51.073096549751405],[13.781453331985542,51.07304887388271],[13.781435226478372,51.07304257001807],[13.781477605022461,51.072994270766],[13.781386371192225,51.07296247428471],[13.781302201232778,51.07305844933286]]]}},{"type":"Feature","id":"DESNATPU1000CPnS","properties":{"id":"DESNATPU1000CPnS","height_m":8.942,"ground_m":144.078,"height_source":"LoD1 solid top minus bottom","production":"2024","laser":"2016","footprints":"2022"},"geometry":{"type":"Polygon","coordinates":[[[13.786667594179773,51.07031408571638],[13.78667980089548,51.07031124480039],[13.786668486148196,51.070290893516265],[13.786535975443151,51.070309302090166],[13.786524199157695,51.07031205753169],[13.786504876461056,51.07031410512843],[13.786520840578865,51.07034223851759],[13.78653503666956,51.070367026208125],[13.786663784816367,51.07033967569169],[13.78668015557678,51.07033588879155],[13.786667594179773,51.07031408571638]]]}},{"type":"Feature","id":"UUID_4d6d37f5-250a-4bc6-9997-7bc2bb85bf08","properties":{"id":"UUID_4d6d37f5-250a-4bc6-9997-7bc2bb85bf08","height_m":12.034,"ground_m":143.534,"height_source":"LoD1 solid top minus bottom","production":"2024","laser":"2016","footprints":"2022"},"geometry":{"type":"Polygon","coordinates":[[[13.78596582220814,51.070159865194974],[13.785941660133984,51.07018539662881],[13.785941575222592,51.0701853687684],[13.785869406144634,51.07026129187302],[13.78586949082086,51.070261328723845],[13.785845056107128,51.07028691126252],[13.786016131208692,51.070351520998045],[13.786068099106135,51.07029703370533],[13.786060479323146,51.0702942207525],[13.786077668120507,51.070276080908414],[13.786085199461644,51.0702790008554],[13.786137166490184,51.07022454050133],[13.78596582220814,51.070159865194974]]]}},{"type":"Feature","id":"UUID_3af454d3-8a92-4e0e-81ed-09b0fdc500fb","properties":{"id":"UUID_3af454d3-8a92-4e0e-81ed-09b0fdc500fb","height_m":11.845,"ground_m":143.534,"height_source":"LoD1 solid top minus bottom","production":"2024","laser":"2016","footprints":"2022"},"geometry":{"type":"Polygon","coordinates":[[[13.785941575222592,51.0701853687684],[13.785923525481355,51.070178589554395],[13.78585122984102,51.070254439390844],[13.785869406144634,51.07026129187302],[13.785941575222592,51.0701853687684]]]}},{"type":"Feature","id":"DESNATPU1000CaMx","properties":{"id":"DESNATPU1000CaMx","height_m":2.848,"ground_m":144.234,"height_source":"LoD1 solid top minus bottom","production":"2024","laser":"2016","footprints":"2022"},"geometry":{"type":"Polygon","coordinates":[[[13.787258389647585,51.070002141227775],[13.787256840407474,51.07006687341186],[13.787380128830584,51.07006815253663],[13.787381820593524,51.07000342183012],[13.787258389647585,51.070002141227775]]]}},{"type":"Feature","id":"UUID_3456a34e-f4ab-485c-b769-4be6585d3cbe","properties":{"id":"UUID_3456a34e-f4ab-485c-b769-4be6585d3cbe","height_m":6.811,"ground_m":138.723,"height_source":"LoD1 solid top minus bottom","production":"2024","laser":"2016","footprints":"2022"},"geometry":{"type":"Polygon","coordinates":[[[13.783135985883106,51.069892389619206],[13.7831359421317,51.06989242513498],[13.783072576163782,51.069860029772535],[13.783011688684747,51.06982891917549],[13.783011761446605,51.06982886597618],[13.783005843759915,51.06982592666004],[13.782863048596694,51.06993711978787],[13.78292971182799,51.06997114132546],[13.782999952906446,51.07000698065486],[13.783142885940759,51.069895968653114],[13.783135985883106,51.069892389619206]]]}},{"type":"Feature","id":"UUID_e4da0f12-a8b3-4ed5-aa63-71118d9f65cb","properties":{"id":"UUID_e4da0f12-a8b3-4ed5-aa63-71118d9f65cb","height_m":5.776,"ground_m":138.723,"height_source":"LoD1 solid top minus bottom","production":"2024","laser":"2016","footprints":"2022"},"geometry":{"type":"Polygon","coordinates":[[[13.783038278821259,51.06980827873511],[13.783011761446605,51.06982886597618],[13.783011688684747,51.06982891917549],[13.7831359421317,51.06989242513498],[13.783135985883106,51.069892389619206],[13.783162507955572,51.0698716225428],[13.783121381236539,51.069850600829525],[13.783080392532868,51.06982976039482],[13.783038278821259,51.06980827873511]]]}},{"type":"Feature","id":"UUID_fbe591c7-6db6-4ce5-b51f-e9f1b4d1d64f","properties":{"id":"UUID_fbe591c7-6db6-4ce5-b51f-e9f1b4d1d64f","height_m":8.646,"ground_m":141.936,"height_source":"LoD1 solid top minus bottom","production":"2024","laser":"2016","footprints":"2022"},"geometry":{"type":"Polygon","coordinates":[[[13.786416283728059,51.06959205154054],[13.786420066229612,51.069643889427105],[13.786426779882536,51.06964368934886],[13.786428798977695,51.06967563480507],[13.78646396308245,51.069674740904226],[13.786456059755062,51.06956053103534],[13.786455931095922,51.06956053869235],[13.78642159140688,51.06956156704963],[13.786417934695212,51.06956167296779],[13.786419996108595,51.069592000157314],[13.786416283728059,51.06959205154054]]]}},{"type":"Feature","id":"UUID_3f67e600-5d22-43d4-8ca4-38164d86d2f4","properties":{"id":"UUID_3f67e600-5d22-43d4-8ca4-38164d86d2f4","height_m":11.475,"ground_m":141.936,"height_source":"LoD1 solid top minus bottom","production":"2024","laser":"2016","footprints":"2022"},"geometry":{"type":"Polygon","coordinates":[[[13.78646396308245,51.069674740904226],[13.786464077237396,51.069674742089425],[13.786464772760537,51.06968635004165],[13.786543476943422,51.06968410959613],[13.786543476238043,51.06968413656726],[13.786618037594407,51.06968203291811],[13.786618035948623,51.06968209585074],[13.786621037218804,51.06968194715083],[13.78661261073032,51.06956207538257],[13.786611363932321,51.06954425666603],[13.786578511559863,51.069545174610006],[13.78645524027919,51.069548750932405],[13.786455931095922,51.06956053869235],[13.786456059755062,51.06956053103534],[13.78646396308245,51.069674740904226]]]}},{"type":"Feature","id":"UUID_e4ee408d-879a-4311-b2d9-15d518abc4ef","properties":{"id":"UUID_e4ee408d-879a-4311-b2d9-15d518abc4ef","height_m":5.672,"ground_m":141.936,"height_source":"LoD1 solid top minus bottom","production":"2024","laser":"2016","footprints":"2022"},"geometry":{"type":"Polygon","coordinates":[[[13.786545020128786,51.069706967366294],[13.786619721864469,51.069704955101464],[13.786618035948623,51.06968209585074],[13.786618037594407,51.06968203291811],[13.786543476238043,51.06968413656726],[13.786545020128786,51.069706967366294]]]}},{"type":"Feature","id":"DESNATPU1000Dh3O","properties":{"id":"DESNATPU1000Dh3O","height_m":3.952,"ground_m":136.576,"height_source":"LoD1 solid top minus bottom","production":"2024","laser":"2016","footprints":"2022"},"geometry":{"type":"Polygon","coordinates":[[[13.779385457152449,51.07108332088113],[13.779382724610038,51.071084101699114],[13.779392737082485,51.07109958397594],[13.779396906063424,51.07109845844544],[13.779415013678195,51.07112634541576],[13.780028673586953,51.0709676438937],[13.779959662865185,51.070861707618306],[13.779659445384654,51.070939329073276],[13.779611301288925,51.07095177607058],[13.779344570063653,51.071020663597054],[13.779385457152449,51.07108332088113]]]}},{"type":"Feature","id":"DESNATP1iT0000aD","properties":{"id":"DESNATP1iT0000aD","height_m":2.66,"ground_m":139.78,"height_source":"LoD1 solid top minus bottom","production":"2024","laser":"2016","footprints":"2022"},"geometry":{"type":"Polygon","coordinates":[[[13.781368144317705,51.07308143004142],[13.781302201232778,51.07305844933286],[13.781154002111975,51.073221031905135],[13.781238312138733,51.073246893057885],[13.781368144317705,51.07308143004142]]]}},{"type":"Feature","id":"DESNATPU1000DAdg","properties":{"id":"DESNATPU1000DAdg","height_m":18.757,"ground_m":159.843,"height_source":"LoD1 solid top minus bottom","production":"2024","laser":"2016","footprints":"2022"},"geometry":{"type":"Polygon","coordinates":[[[13.787765309311492,51.0741347399279],[13.787705300805067,51.07422971111017],[13.787731539635285,51.074236188278086],[13.787764155687482,51.07424444021121],[13.787786279499912,51.07424997540946],[13.787781658220661,51.074257481441286],[13.787817680492411,51.07426648810897],[13.787822304115949,51.074258892172004],[13.787879175257158,51.0742730610741],[13.787905411787724,51.07427962810698],[13.787964844424247,51.07418483070879],[13.787873228469007,51.074161938239115],[13.78783933513427,51.074153403306184],[13.787802175984057,51.074144204998476],[13.787765309311492,51.0741347399279]]]}},{"type":"Feature","id":"DESNATPU1000E6f8","properties":{"id":"DESNATPU1000E6f8","height_m":3.172,"ground_m":136.388,"height_source":"LoD1 solid top minus bottom","production":"2024","laser":"2016","footprints":"2022"},"geometry":{"type":"Polygon","coordinates":[[[13.781083491500475,51.070973252972095],[13.781084139386483,51.071057252634795],[13.78114266904155,51.071056963705324],[13.781142271228992,51.07100147387946],[13.781142021049561,51.070972964042234],[13.781083491500475,51.070973252972095]]]}},{"type":"Feature","id":"DESNATPU1000G7vA","properties":{"id":"DESNATPU1000G7vA","height_m":5.903,"ground_m":121.944,"height_source":"LoD1 solid top minus bottom","production":"2024","laser":"2016","footprints":"2022"},"geometry":{"type":"Polygon","coordinates":[[[13.772784329009326,51.06736967747722],[13.772736282119068,51.06743248249846],[13.772730472413883,51.06743089271532],[13.772698539371385,51.06747264384379],[13.7727710359234,51.06749453820788],[13.772803370820153,51.067453780490226],[13.77285283974681,51.06739117022848],[13.772899362101507,51.06733203621339],[13.7728580283752,51.06732449792265],[13.772836470913086,51.06731932553289],[13.772796647571813,51.067373403948366],[13.772784329009326,51.06736967747722]]]}},{"type":"Feature","id":"UUID_afa3b2f4-f611-4288-8877-4b28ddf7b2bf","properties":{"id":"UUID_afa3b2f4-f611-4288-8877-4b28ddf7b2bf","height_m":12.763,"ground_m":136.088,"height_source":"LoD1 solid top minus bottom","production":"2024","laser":"2016","footprints":"2022"},"geometry":{"type":"Polygon","coordinates":[[[13.779366113669612,51.0702397723829],[13.779264244320123,51.070259841630865],[13.779284070308533,51.070299437237914],[13.779304926411994,51.07034111194766],[13.779388579014025,51.07032444955707],[13.779388592574,51.07032447667715],[13.779464596652641,51.07030936205946],[13.779464623772675,51.07030941629955],[13.779489737342674,51.07030428284793],[13.779544259512068,51.07029352120635],[13.779523396118813,51.070252116248135],[13.779503562850142,51.07021279039059],[13.779399401036516,51.07023319553103],[13.779366113669612,51.0702397723829]]]}},{"type":"Feature","id":"UUID_4d7f14bb-bf97-4aa8-afbf-7147623d5049","properties":{"id":"UUID_4d7f14bb-bf97-4aa8-afbf-7147623d5049","height_m":10.234,"ground_m":136.088,"height_source":"LoD1 solid top minus bottom","production":"2024","laser":"2016","footprints":"2022"},"geometry":{"type":"Polygon","coordinates":[[[13.779388592574,51.07032447667715],[13.77939481187457,51.070337104592284],[13.779470859017104,51.070321981427355],[13.779464623772675,51.07030941629955],[13.779464596652641,51.07030936205946],[13.779388592574,51.07032447667715]]]}},{"type":"Feature","id":"DESNATPU1000G44d","properties":{"id":"DESNATPU1000G44d","height_m":14.805,"ground_m":122.472,"height_source":"LoD1 solid top minus bottom","production":"2024","laser":"2016","footprints":"2022"},"geometry":{"type":"Polygon","coordinates":[[[13.773320038454589,51.06829598661013],[13.773374873891457,51.06830573477772],[13.773382305320819,51.068289176038846],[13.773483733549492,51.06830732679936],[13.773501927966244,51.068266960078184],[13.773512441776036,51.06826877904073],[13.77353807226595,51.06821167375847],[13.77352855491109,51.068209955182446],[13.773541893309979,51.06818050874701],[13.773565943266975,51.06817239777525],[13.773547676340117,51.068150713246474],[13.773525788103488,51.068158037543625],[13.7734161294182,51.06813809180938],[13.773425674890703,51.0681171487678],[13.773384625754831,51.06810961365367],[13.77331488197162,51.06809692125033],[13.773281551094797,51.06816995289821],[13.77324561732441,51.06816328077716],[13.773228105197342,51.06819942799263],[13.77325920422336,51.068205419878005],[13.773232443770446,51.0682620635993],[13.773234431903624,51.06826244417928],[13.773264689101866,51.068267887657804],[13.773280173236934,51.068270658089716],[13.773327619720778,51.06827915966242],[13.773320038454589,51.06829598661013]]]}},{"type":"Feature","id":"DESNATP1iT0000av","properties":{"id":"DESNATP1iT0000av","height_m":2.897,"ground_m":163.984,"height_source":"LoD1 solid top minus bottom","production":"2024","laser":"2016","footprints":"2022"},"geometry":{"type":"Polygon","coordinates":[[[13.789100583066338,51.07349224030441],[13.789186321543225,51.073390817315484],[13.788959849159406,51.073313525052775],[13.788866561225042,51.07341486965428],[13.789100583066338,51.07349224030441]]]}},{"type":"Feature","id":"DESNATPU1000Cqzh","properties":{"id":"DESNATPU1000Cqzh","height_m":9.108,"ground_m":134.875,"height_source":"LoD1 solid top minus bottom","production":"2024","laser":"2016","footprints":"2022"},"geometry":{"type":"Polygon","coordinates":[[[13.780054261080119,51.06900109156514],[13.78007066891921,51.06905018375944],[13.78027935260192,51.06902259540549],[13.780288089592622,51.069048585900624],[13.780333069581813,51.0690424005852],[13.780324470531781,51.0690165913893],[13.780472568673757,51.06899700357254],[13.780481174891772,51.069022543047524],[13.780526145379733,51.06901671727161],[13.780517546226571,51.068990908089106],[13.780578842550867,51.06898300442003],[13.780542501650768,51.068872283374944],[13.78054086260753,51.06886947850034],[13.780135237522181,51.068923249536574],[13.780156677695839,51.068987232392985],[13.780054261080119,51.06900109156514]]]}},{"type":"Feature","id":"UUID_b0a114fd-18ae-4ea1-af55-b4a21a99e60f","properties":{"id":"UUID_b0a114fd-18ae-4ea1-af55-b4a21a99e60f","height_m":9.073,"ground_m":135.811,"height_source":"LoD1 solid top minus bottom","production":"2024","laser":"2016","footprints":"2022"},"geometry":{"type":"Polygon","coordinates":[[[13.782954022681475,51.068226464020505],[13.782960231460882,51.068234622207],[13.782962020392505,51.06823715882365],[13.78298992372793,51.06822899611332],[13.78301337068203,51.068222045991064],[13.783034513383534,51.068215881226315],[13.783026658348271,51.06820518791367],[13.782954066903045,51.068226410524055],[13.782953995086904,51.068226427761886],[13.782954022681475,51.068226464020505]]]}},{"type":"Feature","id":"UUID_8bcb7769-930b-4f40-b9bd-32bec19f460a","properties":{"id":"UUID_8bcb7769-930b-4f40-b9bd-32bec19f460a","height_m":11.721,"ground_m":135.811,"height_source":"LoD1 solid top minus bottom","production":"2024","laser":"2016","footprints":"2022"},"geometry":{"type":"Polygon","coordinates":[[[13.783113133207838,51.06813513490815],[13.783080468954415,51.06809081994248],[13.78306881686079,51.06809429575408],[13.783068284668662,51.06809445208386],[13.78310047756835,51.06813878013117],[13.783113133207838,51.06813513490815]]]}},{"type":"Feature","id":"UUID_109d91fb-59b9-4adb-a02a-0d7c973e9ecf","properties":{"id":"UUID_109d91fb-59b9-4adb-a02a-0d7c973e9ecf","height_m":11.316,"ground_m":135.811,"height_source":"LoD1 solid top minus bottom","production":"2024","laser":"2016","footprints":"2022"},"geometry":{"type":"Polygon","coordinates":[[[13.783068284668662,51.06809445208386],[13.78306881686079,51.06809429575408],[13.783038212836352,51.06805305978493],[13.782938724163738,51.0680816462291],[13.782863338181699,51.06810330731091],[13.782892562358589,51.06814273039359],[13.782892418490704,51.06814277385958],[13.782940022566985,51.06820736137948],[13.782939965963015,51.06820734280443],[13.782943001363574,51.06821133125156],[13.782953995086904,51.068226427761886],[13.782954066903045,51.068226410524055],[13.783026658348271,51.06820518791367],[13.783059165426133,51.06819563426958],[13.783080450798534,51.068189470981984],[13.783127339917614,51.06817575050316],[13.783100189832984,51.06813886706367],[13.78310047756835,51.06813878013117],[13.783068284668662,51.06809445208386]]]}},{"type":"Feature","id":"UUID_02c13404-cde5-407d-b24f-404df152c102","properties":{"id":"UUID_02c13404-cde5-407d-b24f-404df152c102","height_m":5.36,"ground_m":135.811,"height_source":"LoD1 solid top minus bottom","production":"2024","laser":"2016","footprints":"2022"},"geometry":{"type":"Polygon","coordinates":[[[13.782892346674672,51.06814279109739],[13.782854302924742,51.06815393272559],[13.782847147330486,51.06818731149969],[13.782890283061363,51.06820241898024],[13.782903233545092,51.06819841713733],[13.782939923392133,51.068207333368335],[13.782939965963015,51.06820734280443],[13.782940022566985,51.06820736137948],[13.782892418490704,51.06814277385958],[13.782892346674672,51.06814279109739]]]}},{"type":"Feature","id":"DESNATP1Ak0000QH","properties":{"id":"DESNATP1Ak0000QH","height_m":17.303,"ground_m":134.026,"height_source":"LoD1 solid top minus bottom","production":"2024","laser":"2016","footprints":"2022"},"geometry":{"type":"Polygon","coordinates":[[[13.784708874739717,51.06750179961339],[13.784697819650761,51.06746178352764],[13.78419419188137,51.067517031579115],[13.784205246311963,51.06755705669964],[13.784708874739717,51.06750179961339]]]}},{"type":"Feature","id":"DESNATP1Ak0000QP","properties":{"id":"DESNATP1Ak0000QP","height_m":9.248,"ground_m":139.256,"height_source":"LoD1 solid top minus bottom","production":"2024","laser":"2016","footprints":"2022"},"geometry":{"type":"Polygon","coordinates":[[[13.78408634806805,51.069825858897545],[13.783985907145553,51.0698285729908],[13.783989124065691,51.069875746800875],[13.784089393857217,51.06987303092429],[13.78408634806805,51.069825858897545]]]}},{"type":"Feature","id":"DESNATPU1000FuWK","properties":{"id":"DESNATPU1000FuWK","height_m":18.869,"ground_m":163.578,"height_source":"LoD1 solid top minus bottom","production":"2024","laser":"2016","footprints":"2022"},"geometry":{"type":"Polygon","coordinates":[[[13.789408059305751,51.075178473782294],[13.789400827980604,51.075176600327964],[13.789431074558143,51.075127992725925],[13.789281022960132,51.075090557317175],[13.789249297522252,51.075141127979954],[13.789236342000828,51.07516167723505],[13.789205063369607,51.075211533089345],[13.789355686138219,51.075248974509456],[13.789370583685193,51.07522511801759],[13.78937788856888,51.07521323324469],[13.789387119076082,51.07519867057357],[13.78939436702137,51.07520045427281],[13.789408059305751,51.075178473782294]]]}},{"type":"Feature","id":"DESNATPU1000DsFg","properties":{"id":"DESNATPU1000DsFg","height_m":3.361,"ground_m":136.434,"height_source":"LoD1 solid top minus bottom","production":"2024","laser":"2016","footprints":"2022"},"geometry":{"type":"Polygon","coordinates":[[[13.783288513681203,51.06849559431865],[13.783306867829783,51.068514130727976],[13.783314230016057,51.068521851260385],[13.783369453102928,51.0685005735401],[13.783343739105561,51.06847422670662],[13.783288513681203,51.06849559431865]]]}},{"type":"Feature","id":"DESNATPU1000D6O9","properties":{"id":"DESNATPU1000D6O9","height_m":3.0,"ground_m":134.19,"height_source":"LoD1 solid top minus bottom","production":"2024","laser":"2016","footprints":"2022"},"geometry":{"type":"Polygon","coordinates":[[[13.782276009001363,51.06730402299885],[13.782317277009348,51.067319560879035],[13.782335772141623,51.06730005928306],[13.782294361458455,51.06728451992287],[13.782276009001363,51.06730402299885]]]}},{"type":"Feature","id":"DESNATPU1000GUWV","properties":{"id":"DESNATPU1000GUWV","height_m":18.294,"ground_m":136.751,"height_source":"LoD1 solid top minus bottom","production":"2024","laser":"2016","footprints":"2022"},"geometry":{"type":"Polygon","coordinates":[[[13.781433129721485,51.07053013546585],[13.781433433686082,51.07054030051798],[13.781333898957875,51.07054214048902],[13.781333452319037,51.070531973948974],[13.781281901262851,51.070532875304515],[13.781282350251923,51.0705429519411],[13.781286477180327,51.070635800842716],[13.781487371392569,51.070633308984426],[13.781490370377382,51.07063325032039],[13.781486269013419,51.07053941248404],[13.781485679645153,51.070529244456765],[13.781433129721485,51.07053013546585]]]}},{"type":"Feature","id":"DESNATPU1000EGtn","properties":{"id":"DESNATPU1000EGtn","height_m":2.607,"ground_m":141.899,"height_source":"LoD1 solid top minus bottom","production":"2024","laser":"2016","footprints":"2022"},"geometry":{"type":"Polygon","coordinates":[[[13.783020536559391,51.072264121748404],[13.783061183872109,51.072227314700484],[13.78295548309927,51.07218765298376],[13.782915327403195,51.07222149748588],[13.783020536559391,51.072264121748404]]]}},{"type":"Feature","id":"DESNATP1CX0001jU","properties":{"id":"DESNATP1CX0001jU","height_m":13.658,"ground_m":135.292,"height_source":"LoD1 solid top minus bottom","production":"2024","laser":"2016","footprints":"2022"},"geometry":{"type":"Polygon","coordinates":[[[13.78466916508802,51.067832700158],[13.784613239848538,51.067719546532764],[13.784341447575418,51.067772871174874],[13.784397372211906,51.067886024925095],[13.78466916508802,51.067832700158]]]}},{"type":"Feature","id":"DESNATPU1000GyWe","properties":{"id":"DESNATPU1000GyWe","height_m":4.427,"ground_m":134.512,"height_source":"LoD1 solid top minus bottom","production":"2024","laser":"2016","footprints":"2022"},"geometry":{"type":"Polygon","coordinates":[[[13.781115756718275,51.06738593119485],[13.780983334861013,51.06736152855327],[13.780979895281662,51.06745551263336],[13.78107625869491,51.06747363095696],[13.781115756718275,51.06738593119485]]]}},{"type":"Feature","id":"DESNATPU1000I104","properties":{"id":"DESNATPU1000I104","height_m":18.926,"ground_m":161.591,"height_source":"LoD1 solid top minus bottom","production":"2024","laser":"2016","footprints":"2022"},"geometry":{"type":"Polygon","coordinates":[[[13.788589067591074,51.074409197437625],[13.788629925792852,51.07441888346888],[13.788663284570061,51.07436590183652],[13.788671084224212,51.07436787115505],[13.788685387523401,51.07434490786919],[13.788677590219987,51.0743428486479],[13.78870841956293,51.07429379762441],[13.78855823089063,51.07425626992216],[13.78852576354034,51.07430791184374],[13.788513402249542,51.07432756790003],[13.788481536154054,51.074378046975944],[13.788479598770074,51.07438117437764],[13.788589067591074,51.074409197437625]]]}},{"type":"Feature","id":"DESNATPU1000Gp7D","properties":{"id":"DESNATPU1000Gp7D","height_m":5.474,"ground_m":166.78,"height_source":"LoD1 solid top minus bottom","production":"2024","laser":"2016","footprints":"2022"},"geometry":{"type":"Polygon","coordinates":[[[13.793843699448257,51.07389411317729],[13.793942285638616,51.073950975746605],[13.794066118098543,51.07386583255386],[13.793967676977806,51.07380888165688],[13.793843699448257,51.07389411317729]]]}},{"type":"Feature","id":"DESNATP1Ak0000QV","properties":{"id":"DESNATP1Ak0000QV","height_m":6.466,"ground_m":147.844,"height_source":"LoD1 solid top minus bottom","production":"2024","laser":"2016","footprints":"2022"},"geometry":{"type":"Polygon","coordinates":[[[13.78537426454622,51.072133442299375],[13.785325703130178,51.072179286614045],[13.785342121111412,51.072186264786225],[13.785468996426063,51.072239399761884],[13.785517686667395,51.07219353874133],[13.78539084396213,51.07214025127893],[13.78537426454622,51.072133442299375]]]}},{"type":"Feature","id":"DESNATPU1000FDT2","properties":{"id":"DESNATPU1000FDT2","height_m":3.379,"ground_m":136.974,"height_source":"LoD1 solid top minus bottom","production":"2024","laser":"2016","footprints":"2022"},"geometry":{"type":"Polygon","coordinates":[[[13.779120273977018,51.071158429108365],[13.779176212962113,51.0711860817662],[13.779255912766804,51.07112441409353],[13.779257513193645,51.071123261742045],[13.779201574234522,51.071095609123006],[13.779120273977018,51.071158429108365]]]}},{"type":"Feature","id":"UUID_e57c9326-44e0-4033-b338-5f0b819afc57","properties":{"id":"UUID_e57c9326-44e0-4033-b338-5f0b819afc57","height_m":15.897,"ground_m":132.603,"height_source":"LoD1 solid top minus bottom","production":"2024","laser":"2016","footprints":"2022"},"geometry":{"type":"Polygon","coordinates":[[[13.776807005692593,51.06975888186627],[13.776807126483709,51.06975863133136],[13.776735864053158,51.06974548444458],[13.776736152473552,51.069744830987126],[13.776646221059405,51.06972896167811],[13.776621809587136,51.069784335768674],[13.776596426026494,51.06984192989886],[13.776800680958905,51.06987967919562],[13.776835765161671,51.069886161467984],[13.776863834459014,51.069829009062055],[13.776890817991795,51.069774057521336],[13.776856877783246,51.06976749730836],[13.776807005692593,51.06975888186627]]]}},{"type":"Feature","id":"UUID_25ef1646-14e9-4026-8d36-9338c911ad1e","properties":{"id":"UUID_25ef1646-14e9-4026-8d36-9338c911ad1e","height_m":16.721,"ground_m":132.603,"height_source":"LoD1 solid top minus bottom","production":"2024","laser":"2016","footprints":"2022"},"geometry":{"type":"Polygon","coordinates":[[[13.776741916139184,51.069731941644605],[13.776736152473552,51.069744830987126],[13.776735864053158,51.06974548444458],[13.776807126483709,51.06975863133136],[13.776813515989032,51.06974474133884],[13.776741916139184,51.069731941644605]]]}},{"type":"Feature","id":"DESNATPU1000D6A1","properties":{"id":"DESNATPU1000D6A1","height_m":18.82,"ground_m":168.179,"height_source":"LoD1 solid top minus bottom","production":"2024","laser":"2016","footprints":"2022"},"geometry":{"type":"Polygon","coordinates":[[[13.791121400674815,51.075208885761356],[13.791108355611488,51.07520551343797],[13.791075452900614,51.07525751126159],[13.791063396591806,51.07527645131157],[13.791032281292035,51.07532558991223],[13.791182187701725,51.07536320141776],[13.791212130724126,51.075315219719485],[13.791218941040022,51.075316818923504],[13.79123264208459,51.07529501816927],[13.79122597916793,51.075293240634245],[13.791257690853902,51.075243118941415],[13.791141824539176,51.07521395309918],[13.791121400674815,51.075208885761356]]]}},{"type":"Feature","id":"DESNATPU1000EHjB","properties":{"id":"DESNATPU1000EHjB","height_m":18.803,"ground_m":168.204,"height_source":"LoD1 solid top minus bottom","production":"2024","laser":"2016","footprints":"2022"},"geometry":{"type":"Polygon","coordinates":[[[13.791158446613341,51.075414214872374],[13.791150929755924,51.07541233857388],[13.791182187701725,51.07536320141776],[13.791032281292035,51.07532558991223],[13.790999970342574,51.07537678448241],[13.790988066055283,51.075395366384726],[13.790953969828076,51.07544933024535],[13.791104164337247,51.07548685490092],[13.791137076554506,51.07543449745691],[13.791144464974442,51.075436372427994],[13.791158446613341,51.075414214872374]]]}},{"type":"Feature","id":"DESNATPU1000DD2t","properties":{"id":"DESNATPU1000DD2t","height_m":2.831,"ground_m":136.833,"height_source":"LoD1 solid top minus bottom","production":"2024","laser":"2016","footprints":"2022"},"geometry":{"type":"Polygon","coordinates":[[[13.784588758904706,51.06842530914907],[13.784343154806349,51.068500362983684],[13.7843686691819,51.068534351414094],[13.78461523692623,51.06846065646878],[13.784588758904706,51.06842530914907]]]}},{"type":"Feature","id":"UUID_62602d4c-cdaa-4977-b910-a4bcee365970","properties":{"id":"UUID_62602d4c-cdaa-4977-b910-a4bcee365970","height_m":13.279,"ground_m":123.289,"height_source":"LoD1 solid top minus bottom","production":"2024","laser":"2016","footprints":"2022"},"geometry":{"type":"Polygon","coordinates":[[[13.775146636078043,51.068140681674805],[13.77508812615234,51.06812954690711],[13.77508118871721,51.06814417747224],[13.775139540515713,51.06815535555037],[13.775146636078043,51.068140681674805]]]}},{"type":"Feature","id":"UUID_d3efd4a2-148e-46e6-a44a-7534de1ba945","properties":{"id":"UUID_d3efd4a2-148e-46e6-a44a-7534de1ba945","height_m":14.234,"ground_m":123.289,"height_source":"LoD1 solid top minus bottom","production":"2024","laser":"2016","footprints":"2022"},"geometry":{"type":"Polygon","coordinates":[[[13.774977090124455,51.06825365326169],[13.77497831233473,51.068250608510986],[13.775108838058117,51.06827490815696],[13.77510746604703,51.068278221123855],[13.775155752406622,51.06828736025242],[13.775156810558473,51.06828512313493],[13.775166608622557,51.068287024376126],[13.77518865861218,51.06824112224947],[13.775194480370315,51.068242262394584],[13.775208676229505,51.0682127348299],[13.775202571470645,51.06821150179169],[13.775221905865319,51.068171146753365],[13.775139540515713,51.06815535555037],[13.77508118871721,51.06814417747224],[13.775081173261704,51.0681442222744],[13.774972253465721,51.06812329653542],[13.774952780934042,51.068163470229166],[13.774947239821547,51.06816251286991],[13.77493303431792,51.06819240001554],[13.774938430371538,51.068193445783315],[13.774916237469997,51.06823934636603],[13.774929731177586,51.068241825931935],[13.774928520832596,51.068244421165254],[13.774977090124455,51.06825365326169]]]}},{"type":"Feature","id":"UUID_b34263ac-0b1f-4bda-b775-df0a6534b09f","properties":{"id":"UUID_b34263ac-0b1f-4bda-b775-df0a6534b09f","height_m":14.797,"ground_m":139.78,"height_source":"LoD1 solid top minus bottom","production":"2024","laser":"2016","footprints":"2022"},"geometry":{"type":"Polygon","coordinates":[[[13.777856700392489,51.07161226609641],[13.777975955133748,51.07155603086079],[13.777984822170145,51.07156404623695],[13.778019657337943,51.071547521915136],[13.778010329162786,51.07153967258413],[13.778043415213904,51.071524523855736],[13.778006148422163,51.071493010107886],[13.7780103808822,51.07149110291516],[13.777982202309415,51.07146733706091],[13.77797793610105,51.07146944174177],[13.7779319556336,51.07143059765027],[13.777745457224583,51.07151880061032],[13.777806231850516,51.07156985883764],[13.777856700392489,51.07161226609641]]]}},{"type":"Feature","id":"UUID_d49def73-89f1-4aed-92a9-a284b366be20","properties":{"id":"UUID_d49def73-89f1-4aed-92a9-a284b366be20","height_m":14.871,"ground_m":139.78,"height_source":"LoD1 solid top minus bottom","production":"2024","laser":"2016","footprints":"2022"},"geometry":{"type":"Polygon","coordinates":[[[13.777666458948456,51.071452425856855],[13.777603199578303,51.071482142041766],[13.777535676737742,51.071513854972196],[13.777568228253484,51.071541209839054],[13.77755639078874,51.071546796477264],[13.777582456124277,51.071568957597734],[13.777594776815938,51.07156290838403],[13.777726390600492,51.07167417698321],[13.777794894500913,51.071641529955556],[13.777803871832175,51.07164915081469],[13.777838424868376,51.07163304625905],[13.77782922442599,51.071625225227685],[13.777856310131355,51.07161245086504],[13.777856700392489,51.07161226609641],[13.777745457224583,51.07151880061032],[13.777666458948456,51.071452425856855]]]}},{"type":"Feature","id":"UUID_e6486bce-6895-442e-a725-8bfdfba85783","properties":{"id":"UUID_e6486bce-6895-442e-a725-8bfdfba85783","height_m":14.802,"ground_m":139.78,"height_source":"LoD1 solid top minus bottom","production":"2024","laser":"2016","footprints":"2022"},"geometry":{"type":"Polygon","coordinates":[[[13.777395022687783,51.07141147541798],[13.777407120074054,51.071405774608145],[13.777487834478222,51.07147363331759],[13.777476011528096,51.07147921110668],[13.777502015387626,51.071500993904266],[13.777513780313182,51.07149545147698],[13.777535676737742,51.071513854972196],[13.777603083998047,51.07148219478994],[13.777666458948456,51.071452425856855],[13.777681778758724,51.07144522993822],[13.777647597461769,51.07141634726529],[13.777650878644199,51.07141478985008],[13.777536922734965,51.0713192184491],[13.77753361277904,51.071320784553016],[13.777503742018599,51.07129570591748],[13.777445857233023,51.071322969233606],[13.77744257560537,51.0713202100855],[13.777404880865335,51.07133799929138],[13.777408134426123,51.071340740161325],[13.777357895411457,51.071364396351214],[13.7773811322403,51.07138392900664],[13.777369020349859,51.071389638654914],[13.777395022687783,51.07141147541798]]]}},{"type":"Feature","id":"UUID_7ce25432-2160-460f-850b-a9f6a03ebed2","properties":{"id":"UUID_7ce25432-2160-460f-850b-a9f6a03ebed2","height_m":7.945,"ground_m":121.64,"height_source":"LoD1 solid top minus bottom","production":"2024","laser":"2016","footprints":"2022"},"geometry":{"type":"Polygon","coordinates":[[[13.774876336542249,51.06774504217615],[13.77492305749005,51.0677539851391],[13.774923942279637,51.06775182714189],[13.77492397295332,51.06775174652795],[13.774952092091274,51.06775707723255],[13.77495207639842,51.067757131025026],[13.774951176629248,51.06775931584392],[13.77499804504046,51.067768080465854],[13.774999241127887,51.06776602465176],[13.775027643284455,51.06777144823259],[13.775026594632196,51.06777332573562],[13.775073458325638,51.06778227013424],[13.77507465441011,51.06778021431938],[13.775102916270468,51.06778554648327],[13.775101862874372,51.067787603793754],[13.7751482985353,51.06779654367654],[13.775149356675907,51.067794306558845],[13.77516767790443,51.0677977359698],[13.775192391980559,51.06774552181517],[13.775216804014885,51.067693933987805],[13.775199193885292,51.06769060196422],[13.775200399454068,51.067688186534426],[13.77515310302283,51.06767941750803],[13.775152475319139,51.06768156920823],[13.775142251695424,51.067679573577294],[13.775142101176973,51.0676798687632],[13.775092180958614,51.06767046969683],[13.775092256099317,51.067670326599085],[13.775048938326682,51.06766222872397],[13.775050136782411,51.06766008300592],[13.775003270843182,51.06765122850203],[13.77500207475898,51.067653284316215],[13.774973953304267,51.06764804352733],[13.7749748640159,51.06764598472246],[13.774927857792541,51.06763703878964],[13.774926799645005,51.06763927590533],[13.774909329870837,51.06763603523725],[13.77488470468375,51.06768757580366],[13.774859777450683,51.06773974269644],[13.774877244886481,51.06774307327551],[13.774876336542249,51.06774504217615]]]}},{"type":"Feature","id":"UUID_a43717fc-bc7f-4be4-a573-a49f23b94c5e","properties":{"id":"UUID_a43717fc-bc7f-4be4-a573-a49f23b94c5e","height_m":6.57,"ground_m":121.64,"height_source":"LoD1 solid top minus bottom","production":"2024","laser":"2016","footprints":"2022"},"geometry":{"type":"Polygon","coordinates":[[[13.775142101176973,51.0676798687632],[13.775142251695424,51.067679573577294],[13.775153720044422,51.0676560426274],[13.775104028830937,51.06764607941779],[13.775092256099317,51.067670326599085],[13.775092180958614,51.06767046969683],[13.775142101176973,51.0676798687632]]]}},{"type":"Feature","id":"UUID_f3e7b407-40ae-42c1-ab7b-cbb972f7686e","properties":{"id":"UUID_f3e7b407-40ae-42c1-ab7b-cbb972f7686e","height_m":9.051,"ground_m":136.208,"height_source":"LoD1 solid top minus bottom","production":"2024","laser":"2016","footprints":"2022"},"geometry":{"type":"Polygon","coordinates":[[[13.78471477014472,51.06822437093952],[13.784647156051197,51.06809210297213],[13.784612720014461,51.06809902908136],[13.784612044248732,51.06809758320354],[13.784532120112585,51.06811380247857],[13.784457791873892,51.06812889284281],[13.784498771377594,51.068209984590496],[13.784499158993192,51.06820989869326],[13.784521912874283,51.06825446091734],[13.784521869832014,51.06825446946254],[13.784526488115104,51.06826342037863],[13.784546292270901,51.06825930976955],[13.784600790836505,51.068248221791166],[13.784649320068853,51.068238348698344],[13.784680331664484,51.0682313869716],[13.78471477014472,51.06822437093952]]]}},{"type":"Feature","id":"UUID_a6367c3a-a766-474d-8c81-60f072e0b31e","properties":{"id":"UUID_a6367c3a-a766-474d-8c81-60f072e0b31e","height_m":4.667,"ground_m":136.208,"height_source":"LoD1 solid top minus bottom","production":"2024","laser":"2016","footprints":"2022"},"geometry":{"type":"Polygon","coordinates":[[[13.784499158993192,51.06820989869326],[13.784498771377594,51.068209984590496],[13.784502049899462,51.068215594232235],[13.784489389828867,51.06821832229176],[13.78448094978099,51.06822014099734],[13.784476512287904,51.0682206344187],[13.784496327490846,51.06825968946056],[13.78450912743549,51.06825707076865],[13.784521869832014,51.06825446946254],[13.784521912874283,51.06825446091734],[13.784499158993192,51.06820989869326]]]}},{"type":"Feature","id":"DESNATPU1000D4NS","properties":{"id":"DESNATPU1000D4NS","height_m":12.122,"ground_m":158.477,"height_source":"LoD1 solid top minus bottom","production":"2024","laser":"2016","footprints":"2022"},"geometry":{"type":"Polygon","coordinates":[[[13.793478056223138,51.071841931426555],[13.793351484660654,51.07193541803554],[13.793577748030197,51.07205699820957],[13.79366509758907,51.07210393391596],[13.793888336116945,51.072223881541824],[13.794014893367917,51.07213038521641],[13.793478056223138,51.071841931426555]]]}},{"type":"Feature","id":"DESNATPU1000GkJO","properties":{"id":"DESNATPU1000GkJO","height_m":12.109,"ground_m":134.855,"height_source":"LoD1 solid top minus bottom","production":"2024","laser":"2016","footprints":"2022"},"geometry":{"type":"Polygon","coordinates":[[[13.780033111408788,51.0688924084117],[13.77993997841943,51.068901697106966],[13.779953747402919,51.06894257830735],[13.779942434619397,51.06894398900142],[13.779946807739915,51.068956804454096],[13.779953417494966,51.06897683750924],[13.779964730286201,51.068975426814156],[13.779976484230913,51.06901152078333],[13.780054261080119,51.06900109156514],[13.780156677695839,51.068987232392985],[13.780135237522181,51.068923249536574],[13.78012200842021,51.068883543059265],[13.780033111408788,51.0688924084117]]]}},{"type":"Feature","id":"DESNATPU1000Edsz","properties":{"id":"DESNATPU1000Edsz","height_m":18.799,"ground_m":165.621,"height_source":"LoD1 solid top minus bottom","production":"2024","laser":"2016","footprints":"2022"},"geometry":{"type":"Polygon","coordinates":[[[13.790348409325677,51.07443712996274],[13.790384008810914,51.0744459516054],[13.79038729374058,51.074440410060305],[13.790463592749559,51.074459544934015],[13.790522858957424,51.074365463957875],[13.79044414575751,51.0743458544999],[13.790413370286897,51.074338161931934],[13.790332954059892,51.07431817506309],[13.79027397060305,51.07441234879917],[13.79035183696745,51.074431589895525],[13.790348409325677,51.07443712996274]]]}},{"type":"Feature","id":"DESNATP1Ak0000Qt","properties":{"id":"DESNATP1Ak0000Qt","height_m":6.677,"ground_m":152.624,"height_source":"LoD1 solid top minus bottom","production":"2024","laser":"2016","footprints":"2022"},"geometry":{"type":"Polygon","coordinates":[[[13.786736277738383,51.07253998905928],[13.786605195409114,51.07248443769548],[13.786525823552433,51.072558955477774],[13.786657008472496,51.07261440907355],[13.786736277738383,51.07253998905928]]]}},{"type":"Feature","id":"UUID_ac4e8434-f5e5-487b-b5d4-1416f6c1a3fe","properties":{"id":"UUID_ac4e8434-f5e5-487b-b5d4-1416f6c1a3fe","height_m":7.87,"ground_m":138.618,"height_source":"LoD1 solid top minus bottom","production":"2024","laser":"2016","footprints":"2022"},"geometry":{"type":"Polygon","coordinates":[[[13.783273013489614,51.06923365340918],[13.783226235279193,51.06925018086145],[13.783311593483898,51.0692478140217],[13.783273013489614,51.06923365340918]]]}},{"type":"Feature","id":"UUID_afae0889-941d-406d-8ce8-6481fd13c704","properties":{"id":"UUID_afae0889-941d-406d-8ce8-6481fd13c704","height_m":8.79,"ground_m":138.618,"height_source":"LoD1 solid top minus bottom","production":"2024","laser":"2016","footprints":"2022"},"geometry":{"type":"Polygon","coordinates":[[[13.783266163083322,51.069342485118476],[13.783281089334285,51.069355680082076],[13.78334121946984,51.0693541477252],[13.783356020748833,51.06933999422058],[13.783266163083322,51.069342485118476]]]}},{"type":"Feature","id":"UUID_14e8fdf5-fa9f-4e91-8152-61ee9a2d03ae","properties":{"id":"UUID_14e8fdf5-fa9f-4e91-8152-61ee9a2d03ae","height_m":11.862,"ground_m":138.618,"height_source":"LoD1 solid top minus bottom","production":"2024","laser":"2016","footprints":"2022"},"geometry":{"type":"Polygon","coordinates":[[[13.783226047893205,51.069250250853266],[13.783222335538223,51.06925030213523],[13.783212623037608,51.06925056073866],[13.783215160038226,51.06928988576244],[13.783219170101093,51.069343794485114],[13.783226456848848,51.06934351062868],[13.783261306823464,51.06934261442206],[13.783266163083322,51.069342485118476],[13.783356006243842,51.069340003062415],[13.783398142960136,51.069338822949966],[13.7833966060496,51.06931578534023],[13.783392934280457,51.06926529741595],[13.78339159553737,51.06924558921099],[13.783311593483898,51.0692478140217],[13.783226235279193,51.06925018086145],[13.783226047893205,51.069250250853266]]]}},{"type":"Feature","id":"DESNATP1Ak0000RK","properties":{"id":"DESNATP1Ak0000RK","height_m":2.474,"ground_m":154.776,"height_source":"LoD1 solid top minus bottom","production":"2024","laser":"2016","footprints":"2022"},"geometry":{"type":"Polygon","coordinates":[[[13.788058499878511,51.07202542343074],[13.788035498346469,51.07204806264449],[13.788060384406043,51.07205819478509],[13.788111190291781,51.07207877552403],[13.788119444193628,51.07208191865655],[13.788142403361398,51.07205926100164],[13.788058499878511,51.07202542343074]]]}},{"type":"Feature","id":"UUID_36f7be50-f179-4971-9d75-fc4977aa34fe","properties":{"id":"UUID_36f7be50-f179-4971-9d75-fc4977aa34fe","height_m":12.974,"ground_m":134.629,"height_source":"LoD1 solid top minus bottom","production":"2024","laser":"2016","footprints":"2022"},"geometry":{"type":"Polygon","coordinates":[[[13.788718525091832,51.067822234806734],[13.788671501869445,51.067840623404244],[13.7886872196079,51.06785634386793],[13.788734086117922,51.06783794464725],[13.788718525091832,51.067822234806734]]]}},{"type":"Feature","id":"UUID_a900d0fb-7b34-4c48-820e-af680ed72e55","properties":{"id":"UUID_a900d0fb-7b34-4c48-820e-af680ed72e55","height_m":16.412,"ground_m":134.629,"height_source":"LoD1 solid top minus bottom","production":"2024","laser":"2016","footprints":"2022"},"geometry":{"type":"Polygon","coordinates":[[[13.788724134565864,51.0678200357422],[13.788689099517137,51.06778433089471],[13.788696456400189,51.06778134958018],[13.788657117775113,51.06774101378652],[13.78864967739562,51.06774391329789],[13.788612838452162,51.06770623829026],[13.788612925003642,51.067706203216034],[13.788609863327459,51.067703203854926],[13.788418383377595,51.0677774782443],[13.788457588525656,51.06781745302253],[13.788450381352074,51.067820166089405],[13.788491672897711,51.06786223083001],[13.788498594699083,51.06785951480265],[13.788533358362939,51.06789467732533],[13.788671501869445,51.067840623404244],[13.788718525091832,51.067822234806734],[13.788724134565864,51.0678200357422]]]}},{"type":"Feature","id":"UUID_02f696f3-7158-4080-a42c-c01c6d4673a2","properties":{"id":"UUID_02f696f3-7158-4080-a42c-c01c6d4673a2","height_m":11.674,"ground_m":134.629,"height_source":"LoD1 solid top minus bottom","production":"2024","laser":"2016","footprints":"2022"},"geometry":{"type":"Polygon","coordinates":[[[13.788633397897538,51.06769832186421],[13.788612925003642,51.067706203216034],[13.788612838452162,51.06770623829026],[13.78864967739562,51.06774391329789],[13.788657117775113,51.06774101378652],[13.788669950771858,51.06773602087908],[13.788633397897538,51.06769832186421]]]}},{"type":"Feature","id":"UUID_b4d868ad-f6ee-42af-9c2b-7610a3e2951f","properties":{"id":"UUID_b4d868ad-f6ee-42af-9c2b-7610a3e2951f","height_m":5.243,"ground_m":151.939,"height_source":"LoD1 solid top minus bottom","production":"2024","laser":"2016","footprints":"2022"},"geometry":{"type":"Polygon","coordinates":[[[13.788978161132798,51.07168841746088],[13.78897827318076,51.07168849955706],[13.789079679830763,51.07176814731814],[13.78912316117372,51.071770216476125],[13.789245249582784,51.07170826173226],[13.789249127617147,51.07168546016565],[13.78914534188378,51.0716039893433],[13.789145244105697,51.0716039073951],[13.788978161132798,51.07168841746088]]]}},{"type":"Feature","id":"UUID_306da306-1560-4664-a58e-12fd9e9ef7af","properties":{"id":"UUID_306da306-1560-4664-a58e-12fd9e9ef7af","height_m":6.899,"ground_m":151.939,"height_source":"LoD1 solid top minus bottom","production":"2024","laser":"2016","footprints":"2022"},"geometry":{"type":"Polygon","coordinates":[[[13.788760570712654,51.071694966824225],[13.788760878550132,51.071695203827296],[13.788840716058232,51.0717579376276],[13.78897827318076,51.07168849955706],[13.788978161132798,51.07168841746088],[13.789145244105697,51.0716039073951],[13.78914534188378,51.0716039893433],[13.789703827097744,51.07132137411493],[13.789691656203464,51.071311895567725],[13.789623172524633,51.0712582097783],[13.78954310765297,51.0711954291895],[13.788681688756913,51.07163281841027],[13.788760570712654,51.071694966824225]]]}},{"type":"Feature","id":"UUID_e746d91e-c67b-46db-998f-9dd16a94d476","properties":{"id":"UUID_e746d91e-c67b-46db-998f-9dd16a94d476","height_m":12.98,"ground_m":121.797,"height_source":"LoD1 solid top minus bottom","production":"2024","laser":"2016","footprints":"2022"},"geometry":{"type":"Polygon","coordinates":[[[13.773560175346173,51.0671086746936],[13.77347501583504,51.06709285298644],[13.77341427105186,51.06708155902796],[13.773351331110263,51.067215934801006],[13.773433280607405,51.067231174348635],[13.77343024081119,51.06723764426287],[13.773472976687422,51.06724559274952],[13.773476002209687,51.067239122684406],[13.773557966058664,51.06725436229485],[13.773620891902135,51.06711995928692],[13.773560175346173,51.0671086746936]]]}},{"type":"Feature","id":"UUID_a0c89b5b-ad0b-4f7b-9b0e-08380784dec6","properties":{"id":"UUID_a0c89b5b-ad0b-4f7b-9b0e-08380784dec6","height_m":10.137,"ground_m":121.797,"height_source":"LoD1 solid top minus bottom","production":"2024","laser":"2016","footprints":"2022"},"geometry":{"type":"Polygon","coordinates":[[[13.773563972025299,51.06710056703047],[13.773478812765292,51.06708473633581],[13.77347501583504,51.06709285298644],[13.773560175346173,51.0671086746936],[13.773563972025299,51.06710056703047]]]}},{"type":"Feature","id":"UUID_7636b40b-4132-42c8-9a20-7732268fa469","properties":{"id":"UUID_7636b40b-4132-42c8-9a20-7732268fa469","height_m":10.651,"ground_m":139.877,"height_source":"LoD1 solid top minus bottom","production":"2024","laser":"2016","footprints":"2022"},"geometry":{"type":"Polygon","coordinates":[[[13.784804319993293,51.06969791174674],[13.784897593229942,51.069694735746445],[13.784897603967629,51.069694870750304],[13.784957188593063,51.06969292721291],[13.78496548898274,51.06969263579937],[13.784959316429678,51.06962148342505],[13.784964859527168,51.069621289248154],[13.784961709721397,51.069585141356484],[13.784956123820221,51.069585335088256],[13.784955618814447,51.06957954745791],[13.78486861522906,51.06958259084164],[13.784868380184829,51.069582300628],[13.784794497969914,51.069584635041764],[13.784796873895107,51.06961217776054],[13.784804262915827,51.06969791115332],[13.784804319993293,51.06969791174674]]]}},{"type":"Feature","id":"UUID_07c981d6-30b9-425e-b253-80e098c2513c","properties":{"id":"UUID_07c981d6-30b9-425e-b253-80e098c2513c","height_m":9.731,"ground_m":139.877,"height_source":"LoD1 solid top minus bottom","production":"2024","laser":"2016","footprints":"2022"},"geometry":{"type":"Polygon","coordinates":[[[13.784866719193259,51.069580322926335],[13.784865202214675,51.06957884132666],[13.784863540659282,51.0695774301665],[13.78486170598843,51.06957608914909],[13.784859740539204,51.069574836700234],[13.784857644311607,51.069573672819885],[13.78485541730564,51.06957259750808],[13.784853073319717,51.06957162889388],[13.784850626623157,51.069570767125626],[13.784848091485278,51.069570012351676],[13.78484548193994,51.06956937371067],[13.784842812256452,51.06956885135103],[13.784840096704126,51.06956844542107],[13.784837321013612,51.06956815577242],[13.784834542026745,51.069567991988876],[13.784830474562272,51.06956797668044],[13.784826428808172,51.06956822238923],[13.78482366588069,51.06956853539165],[13.784820956734052,51.069568974852544],[13.784818301839156,51.0695695227912],[13.784815714994393,51.0695701973367],[13.784813196670664,51.069570980508324],[13.784810775642073,51.069571863612396],[13.784808465707014,51.06957286477802],[13.784806267571861,51.069573957034116],[13.784804195505941,51.069575140529],[13.784802263778577,51.06957641541106],[13.784800472625232,51.069577772689954],[13.78479885058457,51.069579212662354],[13.784797369824329,51.06958070806048],[13.784796072917045,51.069582268319756],[13.784794497969914,51.069584635041764],[13.784868337376835,51.06958230018296],[13.784868380184829,51.069582300628],[13.784866719193259,51.069580322926335]]]}},{"type":"Feature","id":"UUID_68a7ce52-a054-4609-823a-3c9703e00af9","properties":{"id":"UUID_68a7ce52-a054-4609-823a-3c9703e00af9","height_m":5.34,"ground_m":139.877,"height_source":"LoD1 solid top minus bottom","production":"2024","laser":"2016","footprints":"2022"},"geometry":{"type":"Polygon","coordinates":[[[13.784959364980962,51.069718282599055],[13.784957188593063,51.06969292721291],[13.784957189063931,51.06969290923218],[13.784897603967629,51.069694870750304],[13.784899792473386,51.069720307198985],[13.784959364980962,51.069718282599055]]]}},{"type":"Feature","id":"UUID_65f5419c-07a8-4b02-853a-b5090bed909f","properties":{"id":"UUID_65f5419c-07a8-4b02-853a-b5090bed909f","height_m":8.892,"ground_m":139.877,"height_source":"LoD1 solid top minus bottom","production":"2024","laser":"2016","footprints":"2022"},"geometry":{"type":"Polygon","coordinates":[[[13.784796873895107,51.06961217776054],[13.78476623060493,51.0696132170834],[13.78477357652556,51.06969895902301],[13.784804262915827,51.06969791115332],[13.784796873895107,51.06961217776054]]]}},{"type":"Feature","id":"DESNATPU1000IXti","properties":{"id":"DESNATPU1000IXti","height_m":18.837,"ground_m":163.613,"height_source":"LoD1 solid top minus bottom","production":"2024","laser":"2016","footprints":"2022"},"geometry":{"type":"Polygon","coordinates":[[[13.78943369437138,51.07484708463541],[13.789401819521885,51.0748979235772],[13.789388707350403,51.07491901079541],[13.789357288686455,51.07496877531291],[13.789507482665666,51.07500621210018],[13.789539207728499,51.07495564136364],[13.789544172084877,51.074956861837386],[13.789558025897453,51.07493470314556],[13.789553201907205,51.074933574054],[13.789584030731467,51.07488452280082],[13.78943369437138,51.07484708463541]]]}},{"type":"Feature","id":"UUID_3cb834b9-bcca-43cf-9acd-2e6d7781256f","properties":{"id":"UUID_3cb834b9-bcca-43cf-9acd-2e6d7781256f","height_m":10.015,"ground_m":136.393,"height_source":"LoD1 solid top minus bottom","production":"2024","laser":"2016","footprints":"2022"},"geometry":{"type":"Polygon","coordinates":[[[13.781329775451505,51.06897105215519],[13.78131084339217,51.06897454181642],[13.781324328560862,51.069004538579776],[13.781345408085413,51.069000801521824],[13.781364679551544,51.069044167982085],[13.781526431173427,51.069015548507224],[13.781518351322193,51.068997118925694],[13.78151810756645,51.06899716134868],[13.781498911068846,51.068954739941404],[13.781486101480452,51.068926189092345],[13.781482720721906,51.0689190495204],[13.781319530693189,51.06894810357755],[13.781329775451505,51.06897105215519]]]}},{"type":"Feature","id":"UUID_86c7f331-c792-4d11-91c9-166a7a3c5bc3","properties":{"id":"UUID_86c7f331-c792-4d11-91c9-166a7a3c5bc3","height_m":8.766,"ground_m":136.393,"height_source":"LoD1 solid top minus bottom","production":"2024","laser":"2016","footprints":"2022"},"geometry":{"type":"Polygon","coordinates":[[[13.78151810756645,51.06899716134868],[13.781536275092828,51.06899397843262],[13.7815171249286,51.06895142261908],[13.781498882530606,51.0689547396439],[13.78151810756645,51.06899716134868]]]}},{"type":"Feature","id":"UUID_59315435-78cf-4a70-98ed-f8d275fc0ae9","properties":{"id":"UUID_59315435-78cf-4a70-98ed-f8d275fc0ae9","height_m":7.096,"ground_m":139.132,"height_source":"LoD1 solid top minus bottom","production":"2024","laser":"2016","footprints":"2022"},"geometry":{"type":"Polygon","coordinates":[[[13.78408415309009,51.06979360581047],[13.7840800155039,51.0697330860786],[13.78391608473772,51.069737531710864],[13.783920222110279,51.06979805144704],[13.783983726271124,51.069796329041125],[13.78408415309009,51.06979360581047]]]}},{"type":"Feature","id":"UUID_37f5aee7-b5e7-4ec1-a588-01154ea92866","properties":{"id":"UUID_37f5aee7-b5e7-4ec1-a588-01154ea92866","height_m":3.992,"ground_m":139.132,"height_source":"LoD1 solid top minus bottom","production":"2024","laser":"2016","footprints":"2022"},"geometry":{"type":"Polygon","coordinates":[[[13.78408634806805,51.069825858897545],[13.78408415309009,51.06979360581047],[13.783983726271124,51.069796329041125],[13.783985907145553,51.0698285729908],[13.78408634806805,51.069825858897545]]]}},{"type":"Feature","id":"DESNATPU1000DqWY","properties":{"id":"DESNATPU1000DqWY","height_m":18.798,"ground_m":159.823,"height_source":"LoD1 solid top minus bottom","production":"2024","laser":"2016","footprints":"2022"},"geometry":{"type":"Polygon","coordinates":[[[13.78800270836838,51.07382829880094],[13.788032791656601,51.07378049920747],[13.787883739803535,51.07374325219881],[13.7878526081118,51.07379292937213],[13.787840251376139,51.073812405550484],[13.787807191580045,51.073864850486814],[13.787955672931973,51.07390209167548],[13.787989018001381,51.073849649655976],[13.787997666732975,51.073851897608364],[13.788011502152,51.07383045832825],[13.78800270836838,51.07382829880094]]]}},{"type":"Feature","id":"DESNATPU1000I29Y","properties":{"id":"DESNATPU1000I29Y","height_m":4.927,"ground_m":165.182,"height_source":"LoD1 solid top minus bottom","production":"2024","laser":"2016","footprints":"2022"},"geometry":{"type":"Polygon","coordinates":[[[13.794147549221186,51.07335255407012],[13.794152216277489,51.07334873531135],[13.794189281473416,51.073323128478364],[13.794194952133871,51.073319140214984],[13.79418848116049,51.073315476338934],[13.79431189736078,51.07322978902213],[13.794278802071437,51.07321085052198],[13.794242134445259,51.07318986077358],[13.793952710569004,51.07339074171662],[13.793989589941129,51.07341182366781],[13.794022896974353,51.073430854361845],[13.794141078246977,51.07334889019147],[13.794147549221186,51.07335255407012]]]}},{"type":"Feature","id":"DESNATP1Ak0000Ql","properties":{"id":"DESNATP1Ak0000Ql","height_m":3.109,"ground_m":141.449,"height_source":"LoD1 solid top minus bottom","production":"2024","laser":"2016","footprints":"2022"},"geometry":{"type":"Polygon","coordinates":[[[13.78704798191422,51.06873343687887],[13.787010640632776,51.068695342487906],[13.7869800565253,51.06870724632477],[13.78701739779088,51.06874534072532],[13.78704798191422,51.06873343687887]]]}},{"type":"Feature","id":"DESNATPU1000HfP5","properties":{"id":"DESNATPU1000HfP5","height_m":14.677,"ground_m":119.724,"height_source":"LoD1 solid top minus bottom","production":"2024","laser":"2016","footprints":"2022"},"geometry":{"type":"Polygon","coordinates":[[[13.774167592347009,51.06757618993125],[13.774405592882124,51.06762194128635],[13.774456328041499,51.06751671763547],[13.774218468303806,51.06747105778599],[13.774167592347009,51.06757618993125]]]}},{"type":"Feature","id":"UUID_e9854835-cd95-4487-b54c-d8b82286459c","properties":{"id":"UUID_e9854835-cd95-4487-b54c-d8b82286459c","height_m":9.236,"ground_m":134.634,"height_source":"LoD1 solid top minus bottom","production":"2024","laser":"2016","footprints":"2022"},"geometry":{"type":"Polygon","coordinates":[[[13.78060992804379,51.06739227386462],[13.780609941131143,51.06739231896527],[13.78060592937523,51.06739290660937],[13.780640598233479,51.06748031881277],[13.780681876252045,51.06747373503372],[13.780683613056421,51.06747824956319],[13.780807154594914,51.067458764870324],[13.780812585177415,51.06745306611048],[13.780842255934646,51.067448249692255],[13.780839436676825,51.067441475668936],[13.780831671081225,51.06742197017244],[13.780807158659597,51.06736083308068],[13.780664264955918,51.06738353316091],[13.780664291603218,51.067383605381465],[13.78060992804379,51.06739227386462]]]}},{"type":"Feature","id":"UUID_14dadb7a-2797-4bc6-84d2-f8e646129fa9","properties":{"id":"UUID_14dadb7a-2797-4bc6-84d2-f8e646129fa9","height_m":6.989,"ground_m":134.634,"height_source":"LoD1 solid top minus bottom","production":"2024","laser":"2016","footprints":"2022"},"geometry":{"type":"Polygon","coordinates":[[[13.780654617597055,51.06735960153828],[13.780600298523792,51.06736820753124],[13.78060992804379,51.06739227386462],[13.780664291603218,51.067383605381465],[13.780664264955918,51.06738353316091],[13.780654617597055,51.06735960153828]]]}},{"type":"Feature","id":"DESNATPU1000EJQQ","properties":{"id":"DESNATPU1000EJQQ","height_m":18.946,"ground_m":159.707,"height_source":"LoD1 solid top minus bottom","production":"2024","laser":"2016","footprints":"2022"},"geometry":{"type":"Polygon","coordinates":[[[13.788229617024816,51.07346977000466],[13.788262669011477,51.07341759465143],[13.788111912713498,51.07338006047429],[13.788078701439929,51.07343286363073],[13.788067524118363,51.073450913212795],[13.78803476199725,51.07350291166079],[13.788184947806,51.07354044002101],[13.788215919825397,51.0734913906002],[13.788226414280228,51.07349401738309],[13.788240109127281,51.07347248669003],[13.788229617024816,51.07346977000466]]]}},{"type":"Feature","id":"DESNATPU1000Ep4V","properties":{"id":"DESNATPU1000Ep4V","height_m":14.655,"ground_m":135.844,"height_source":"LoD1 solid top minus bottom","production":"2024","laser":"2016","footprints":"2022"},"geometry":{"type":"Polygon","coordinates":[[[13.780853974884312,51.07032670377001],[13.780851557557403,51.07032092315306],[13.781085146765012,51.07028001396395],[13.781087980395471,51.07028624855826],[13.781129137055649,51.07027894392451],[13.781137757044307,51.07029854822762],[13.78119927563031,51.070287678916905],[13.781190650894153,51.07026825442523],[13.781200261069364,51.07026646614313],[13.7811537755753,51.07016148486969],[13.78094412575045,51.070198507178866],[13.780937102987286,51.070199603000354],[13.78090899775804,51.07020452570329],[13.780903404305597,51.070205546502145],[13.780694477015151,51.070242216187886],[13.78074068560391,51.07034683504491],[13.78074885704503,51.070345481432774],[13.780757762275405,51.07036508873968],[13.780816127560616,51.070354726306526],[13.78080736972769,51.07033494068522],[13.780853974884312,51.07032670377001]]]}},{"type":"Feature","id":"UUID_0b03c60c-45fa-47cf-bf8e-e1452b754a14","properties":{"id":"UUID_0b03c60c-45fa-47cf-bf8e-e1452b754a14","height_m":10.419,"ground_m":165.303,"height_source":"LoD1 solid top minus bottom","production":"2024","laser":"2016","footprints":"2022"},"geometry":{"type":"Polygon","coordinates":[[[13.794632549619791,51.07320036229181],[13.794502465510442,51.07312518984259],[13.794491856501821,51.07313245452715],[13.794470198679281,51.073147428997586],[13.794450678319688,51.07316089673269],[13.794425140162044,51.07317852901505],[13.794415576408756,51.07317303469171],[13.79438170937569,51.07319642638228],[13.794462577914231,51.073242943906116],[13.794466655619964,51.073245324091175],[13.794471577875655,51.07324816262663],[13.79447621705794,51.07325090831434],[13.794505051099254,51.07326739273917],[13.794510675204815,51.073270688151545],[13.794515878204006,51.073273709436556],[13.794643633314198,51.07334733806676],[13.794703019062405,51.07330651160511],[13.794748801090252,51.07327503225111],[13.794754716398007,51.07327096554811],[13.794632549619791,51.07320036229181]]]}},{"type":"Feature","id":"UUID_779a845d-42cc-466c-9a40-0d81c7008f66","properties":{"id":"UUID_779a845d-42cc-466c-9a40-0d81c7008f66","height_m":7.63,"ground_m":165.303,"height_source":"LoD1 solid top minus bottom","production":"2024","laser":"2016","footprints":"2022"},"geometry":{"type":"Polygon","coordinates":[[[13.794754716398007,51.07327096554811],[13.794799960537455,51.07323985832562],[13.794684130178162,51.07316546254329],[13.794632549619791,51.07320036229181],[13.794754716398007,51.07327096554811]]]}},{"type":"Feature","id":"UUID_98b33629-3790-4df3-8f16-e6b33d01688b","properties":{"id":"UUID_98b33629-3790-4df3-8f16-e6b33d01688b","height_m":10.52,"ground_m":165.303,"height_source":"LoD1 solid top minus bottom","production":"2024","laser":"2016","footprints":"2022"},"geometry":{"type":"Polygon","coordinates":[[[13.794718114874092,51.07339027336115],[13.794823056407122,51.07331788421112],[13.794764269768793,51.07328400469859],[13.794748801090252,51.07327503225111],[13.794643618810069,51.07334734691],[13.794718114874092,51.07339027336115]]]}},{"type":"Feature","id":"UUID_6bbc00b5-ef0c-4ddb-9e46-a581b843b67d","properties":{"id":"UUID_6bbc00b5-ef0c-4ddb-9e46-a581b843b67d","height_m":9.012,"ground_m":144.049,"height_source":"LoD1 solid top minus bottom","production":"2024","laser":"2016","footprints":"2022"},"geometry":{"type":"Polygon","coordinates":[[[13.786589212466946,51.07014022332327],[13.786589209410367,51.070140340198115],[13.786566266062621,51.07013893294838],[13.786567178976766,51.07016951799328],[13.786568062056919,51.07019578617761],[13.786703515156558,51.07019584337955],[13.78672093338665,51.070195664472365],[13.78671947994225,51.07014753783135],[13.786692922187724,51.07014789165103],[13.786692884766406,51.070146047735726],[13.786589212466946,51.07014022332327]]]}},{"type":"Feature","id":"UUID_730bfd05-51fd-4dcc-812d-c6c238a8c64c","properties":{"id":"UUID_730bfd05-51fd-4dcc-812d-c6c238a8c64c","height_m":8.983,"ground_m":144.049,"height_source":"LoD1 solid top minus bottom","production":"2024","laser":"2016","footprints":"2022"},"geometry":{"type":"Polygon","coordinates":[[[13.786588745892407,51.07012531738685],[13.786589212466946,51.07014022332327],[13.786692884766406,51.070146047735726],[13.786692532234193,51.07012459621515],[13.786588745892407,51.07012531738685]]]}},{"type":"Feature","id":"DESNATPU1000IkKp","properties":{"id":"DESNATPU1000IkKp","height_m":9.769,"ground_m":136.523,"height_source":"LoD1 solid top minus bottom","production":"2024","laser":"2016","footprints":"2022"},"geometry":{"type":"Polygon","coordinates":[[[13.787135045632194,51.06770967186632],[13.787153700854546,51.06760752718636],[13.787082044265526,51.0676023771275],[13.787006687223549,51.06759682890897],[13.786934604957318,51.06759158441374],[13.78691538791131,51.067693363516995],[13.787135045632194,51.06770967186632]]]}},{"type":"Feature","id":"DESNATPU1000GCx8","properties":{"id":"DESNATPU1000GCx8","height_m":5.94,"ground_m":160.639,"height_source":"LoD1 solid top minus bottom","production":"2024","laser":"2016","footprints":"2022"},"geometry":{"type":"Polygon","coordinates":[[[13.777216565529368,51.08036345482358],[13.777283216430213,51.080314412812285],[13.777219478494859,51.080280041053086],[13.777236206199106,51.08026775200645],[13.777203409737785,51.080250007854644],[13.777204636602763,51.080248959537585],[13.777205735962642,51.08024787391549],[13.777206722327026,51.08024674214733],[13.77720756691375,51.080245572924824],[13.77720829826797,51.0802443665466],[13.777208873334954,51.08024313155508],[13.777209334932426,51.08024186839814],[13.777209639768634,51.08024059460856],[13.777209802116165,51.08023931033564],[13.777209821738003,51.08023802456969],[13.77720969863416,51.08023673731073],[13.777209446840194,51.08023545769838],[13.77720903781098,51.08023418543404],[13.777208499380592,51.080232947787266],[13.777207817750522,51.08023172662813],[13.777207006482273,51.08023054907689],[13.7772060660499,51.08022939715292],[13.77720499574234,51.08022829782716],[13.777203810069187,51.08022724225862],[13.777202522828961,51.08022624857722],[13.77720110571356,51.08022530749403],[13.777199587031088,51.080224428298],[13.777197980817082,51.080223620128734],[13.777196286834519,51.080222891976554],[13.77719453386554,51.08022223514975],[13.77719269312799,51.08022165834003],[13.77719080743955,51.08022116199531],[13.777188862527654,51.08022074596627],[13.777186886463356,51.080220428532186],[13.777184865448142,51.08022019156308],[13.77718284229969,51.08022003550687],[13.777180787998804,51.080219978045605],[13.777178745600189,51.08022001063687],[13.777176700831271,51.080220133131355],[13.777174682237165,51.08022034582769],[13.777172689817855,51.08022064872584],[13.777170738082928,51.08022103298485],[13.777168841067905,51.08022150774429],[13.777166984974276,51.08022205487424],[13.777165197873098,51.08022269265394],[13.777163494510988,51.080223403252084],[13.777161874887947,51.080224186668644],[13.777160339003965,51.080225042903635],[13.77715888709608,51.08022596296676],[13.77712586541457,51.080208099530296],[13.777109239981513,51.08022029970317],[13.777053232683691,51.08019000153237],[13.776985755622071,51.08023951138859],[13.777041777207064,51.0802698097409],[13.777021847136313,51.0802844303635],[13.777132517420284,51.08034404141994],[13.777152827577263,51.08032908302818],[13.777216565529368,51.08036345482358]]]}},{"type":"Feature","id":"DESNATPU1000CAS8","properties":{"id":"DESNATPU1000CAS8","height_m":2.548,"ground_m":137.759,"height_source":"LoD1 solid top minus bottom","production":"2024","laser":"2016","footprints":"2022"},"geometry":{"type":"Polygon","coordinates":[[[13.788239154881879,51.06826797692865],[13.78819715680912,51.06822563499259],[13.788161826941778,51.06823947734709],[13.788203824994392,51.06828181929561],[13.788239154881879,51.06826797692865]]]}},{"type":"Feature","id":"DESNATPU1000FO2Z","properties":{"id":"DESNATPU1000FO2Z","height_m":2.82,"ground_m":134.842,"height_source":"LoD1 solid top minus bottom","production":"2024","laser":"2016","footprints":"2022"},"geometry":{"type":"Polygon","coordinates":[[[13.780718913348581,51.067503617857284],[13.780746989121425,51.06757036768696],[13.78082815856679,51.06755565679592],[13.780800484761105,51.06748990038931],[13.780718913348581,51.067503617857284]]]}},{"type":"Feature","id":"UUID_5e489958-a5a6-4f64-8e1f-35d0c2787a9e","properties":{"id":"UUID_5e489958-a5a6-4f64-8e1f-35d0c2787a9e","height_m":11.888,"ground_m":143.812,"height_source":"LoD1 solid top minus bottom","production":"2024","laser":"2016","footprints":"2022"},"geometry":{"type":"Polygon","coordinates":[[[13.785328238396291,51.07039887984126],[13.785255984248451,51.07047472974263],[13.78527423213174,51.070481574068225],[13.785274331077494,51.070481611067784],[13.785346428476352,51.070405750533496],[13.785328238396291,51.07039887984126]]]}},{"type":"Feature","id":"UUID_67a4892f-66d0-4f4c-9f2e-119389c4aa55","properties":{"id":"UUID_67a4892f-66d0-4f4c-9f2e-119389c4aa55","height_m":12.06,"ground_m":143.812,"height_source":"LoD1 solid top minus bottom","production":"2024","laser":"2016","footprints":"2022"},"geometry":{"type":"Polygon","coordinates":[[[13.785274331077494,51.070481611067784],[13.78527423213174,51.070481574068225],[13.785249966090797,51.070507239171405],[13.785421210979457,51.070571905497],[13.785473110592292,51.07051733682255],[13.785465646363868,51.07051457940426],[13.785482747504334,51.07049652866454],[13.785490267162013,51.0704993496074],[13.785542034419898,51.070444923412055],[13.785370749370317,51.07038016691558],[13.785346442510575,51.07040575967214],[13.785346428476352,51.070405750533496],[13.785274331077494,51.070481611067784]]]}},{"type":"Feature","id":"DESNATPU1000BLKp","properties":{"id":"DESNATPU1000BLKp","height_m":15.817,"ground_m":133.255,"height_source":"LoD1 solid top minus bottom","production":"2024","laser":"2016","footprints":"2022"},"geometry":{"type":"Polygon","coordinates":[[[13.777374462026698,51.06999908192447],[13.777405541488509,51.07000588184752],[13.777467575618147,51.06989421037221],[13.77747147516759,51.069887056902445],[13.77743797708668,51.06987996191408],[13.777413278653057,51.0698747575235],[13.777418982924008,51.069864115732415],[13.777347589376353,51.06984889050706],[13.777342332125155,51.0698588175451],[13.777279742975779,51.06984530308358],[13.77727475701162,51.06985468439449],[13.777243491308818,51.069913449144835],[13.777216220451926,51.06996469271649],[13.777374462026698,51.06999908192447]]]}},{"type":"Feature","id":"UUID_fe344d40-8a4c-47fe-b112-2e5b25440c30","properties":{"id":"UUID_fe344d40-8a4c-47fe-b112-2e5b25440c30","height_m":18.822,"ground_m":158.003,"height_source":"LoD1 solid top minus bottom","production":"2024","laser":"2016","footprints":"2022"},"geometry":{"type":"Polygon","coordinates":[[[13.788414505749406,51.07306396167308],[13.788422748645715,51.073054415816294],[13.788344228765224,51.07302752275749],[13.788335986092534,51.073037059618336],[13.788414505749406,51.07306396167308]]]}},{"type":"Feature","id":"UUID_4d58bf09-ec70-4681-a49c-ac8c30dca36c","properties":{"id":"UUID_4d58bf09-ec70-4681-a49c-ac8c30dca36c","height_m":18.988,"ground_m":158.003,"height_source":"LoD1 solid top minus bottom","production":"2024","laser":"2016","footprints":"2022"},"geometry":{"type":"Polygon","coordinates":[[[13.78833899527143,51.07315138940641],[13.788414505749406,51.07306396167308],[13.788335986092534,51.073037059618336],[13.788307970185834,51.07302759653415],[13.788232849483435,51.07300172784599],[13.788157193480883,51.073089252875846],[13.78833899527143,51.07315138940641]]]}},{"type":"Feature","id":"UUID_f7125fae-48ff-4e2d-9c56-30a11a3909fa","properties":{"id":"UUID_f7125fae-48ff-4e2d-9c56-30a11a3909fa","height_m":18.895,"ground_m":158.003,"height_source":"LoD1 solid top minus bottom","production":"2024","laser":"2016","footprints":"2022"},"geometry":{"type":"Polygon","coordinates":[[[13.788240951815078,51.072992099609316],[13.788232849483435,51.07300172784599],[13.788307970185834,51.07302759653415],[13.788316360262812,51.073017881347106],[13.788240951815078,51.072992099609316]]]}},{"type":"Feature","id":"DESNATPU1000CxW9","properties":{"id":"DESNATPU1000CxW9","height_m":9.766,"ground_m":135.121,"height_source":"LoD1 solid top minus bottom","production":"2024","laser":"2016","footprints":"2022"},"geometry":{"type":"Polygon","coordinates":[[[13.777259521720458,51.06932899353249],[13.778030654868877,51.0694878675774],[13.778027229617162,51.069482436075205],[13.778009336429008,51.06942478488124],[13.777994153576344,51.069421388731314],[13.77798871755341,51.06940559446121],[13.778004040725143,51.06940908200709],[13.777983916608793,51.0693494290637],[13.777706398015981,51.06929167106596],[13.777589143120322,51.06926733327649],[13.77746107456155,51.06924171319715],[13.777259521720458,51.06932899353249]]]}},{"type":"Feature","id":"DESNATPU1000FImn","properties":{"id":"DESNATPU1000FImn","height_m":4.218,"ground_m":139.689,"height_source":"LoD1 solid top minus bottom","production":"2024","laser":"2016","footprints":"2022"},"geometry":{"type":"Polygon","coordinates":[[[13.782094095035136,51.071586575943236],[13.782202588440635,51.07162961287339],[13.782250525428713,51.071581551105396],[13.782141889390427,51.071538512733035],[13.782094095035136,51.071586575943236]]]}},{"type":"Feature","id":"DESNATPU1000ITJB","properties":{"id":"DESNATPU1000ITJB","height_m":6.001,"ground_m":160.524,"height_source":"LoD1 solid top minus bottom","production":"2024","laser":"2016","footprints":"2022"},"geometry":{"type":"Polygon","coordinates":[[[13.77748636487271,51.080713300150755],[13.777610686917132,51.08077934848156],[13.777644479696649,51.0807538925084],[13.777695445957907,51.080716026175985],[13.777571123959413,51.080649977934954],[13.77748636487271,51.080713300150755]]]}},{"type":"Feature","id":"UUID_1cfe91c4-8763-4663-a16e-434a4787d04c","properties":{"id":"UUID_1cfe91c4-8763-4663-a16e-434a4787d04c","height_m":12.088,"ground_m":133.581,"height_source":"LoD1 solid top minus bottom","production":"2024","laser":"2016","footprints":"2022"},"geometry":{"type":"Polygon","coordinates":[[[13.77768900295468,51.06975422376058],[13.77768922788962,51.0697538124431],[13.777698068380055,51.06973789767115],[13.777637044176274,51.06972457962222],[13.777628201299063,51.069740584292894],[13.777628051263168,51.06974086150126],[13.77768900295468,51.06975422376058]]]}},{"type":"Feature","id":"UUID_459a0381-61b1-43ad-8bd3-1b4684fc56c5","properties":{"id":"UUID_459a0381-61b1-43ad-8bd3-1b4684fc56c5","height_m":13.987,"ground_m":133.581,"height_source":"LoD1 solid top minus bottom","production":"2024","laser":"2016","footprints":"2022"},"geometry":{"type":"Polygon","coordinates":[[[13.77768900295468,51.06975422376058],[13.777628051263168,51.06974086150126],[13.777628201299063,51.069740584292894],[13.777560784334794,51.0697261202098],[13.777538909106372,51.069765450842674],[13.777517183166495,51.06980453123376],[13.777709717100297,51.06984836139597],[13.77773210278371,51.06980861340737],[13.777754637753,51.06976861517644],[13.77768922788962,51.0697538124431],[13.77768900295468,51.06975422376058]]]}},{"type":"Feature","id":"DESNATPU1000GImN","properties":{"id":"DESNATPU1000GImN","height_m":8.19,"ground_m":138.972,"height_source":"LoD1 solid top minus bottom","production":"2024","laser":"2016","footprints":"2022"},"geometry":{"type":"Polygon","coordinates":[[[13.781538871775403,51.07188548395482],[13.78160309965394,51.07193893230307],[13.781672716629215,51.07190838094765],[13.78160786628944,51.07185363118377],[13.781538871775403,51.07188548395482]]]}},{"type":"Feature","id":"DESNATPU1000FR57","properties":{"id":"DESNATPU1000FR57","height_m":14.136,"ground_m":137.156,"height_source":"LoD1 solid top minus bottom","production":"2024","laser":"2016","footprints":"2022"},"geometry":{"type":"Polygon","coordinates":[[[13.784513980311694,51.06855564682048],[13.784633457359204,51.068658687918024],[13.784660251092179,51.068681988132965],[13.784800241759706,51.06861761623719],[13.784654113484907,51.06849127658099],[13.784513980311694,51.06855564682048]]]}},{"type":"Feature","id":"UUID_7625c480-783f-4d92-a666-7c1ba790ea44","properties":{"id":"UUID_7625c480-783f-4d92-a666-7c1ba790ea44","height_m":20.048,"ground_m":133.968,"height_source":"LoD1 solid top minus bottom","production":"2024","laser":"2016","footprints":"2022"},"geometry":{"type":"Polygon","coordinates":[[[13.778031894783545,51.06869180000944],[13.777951995788627,51.06870260137839],[13.777906302376712,51.06870877831827],[13.777951864496643,51.06884306788576],[13.777944558858117,51.06884407064138],[13.777964028456937,51.06890146854892],[13.777970763340722,51.06890045982472],[13.777971410496434,51.06890298458094],[13.778031228205627,51.069081308124225],[13.778077207352267,51.069075134121746],[13.778156661068104,51.06906446290324],[13.77826536358,51.06904987073489],[13.778140756731215,51.068677083726485],[13.778031894783545,51.06869180000944]]]}},{"type":"Feature","id":"UUID_3f7e9d30-107d-47d9-82d5-33f8f85323c3","properties":{"id":"UUID_3f7e9d30-107d-47d9-82d5-33f8f85323c3","height_m":20.482,"ground_m":133.968,"height_source":"LoD1 solid top minus bottom","production":"2024","laser":"2016","footprints":"2022"},"geometry":{"type":"Polygon","coordinates":[[[13.777936382521462,51.06865594524486],[13.777951995788627,51.06870260137839],[13.778140756731215,51.068677083726485],[13.778125303382811,51.06863085195304],[13.777936382521462,51.06865594524486]]]}},{"type":"Feature","id":"UUID_59888ab3-c41d-435f-9da5-72c893025efc","properties":{"id":"UUID_59888ab3-c41d-435f-9da5-72c893025efc","height_m":20.536,"ground_m":133.968,"height_source":"LoD1 solid top minus bottom","production":"2024","laser":"2016","footprints":"2022"},"geometry":{"type":"Polygon","coordinates":[[[13.778084556450462,51.06909958149684],[13.778163047308404,51.069089160999816],[13.778163060630567,51.069089197110365],[13.778194571117282,51.06908503009],[13.778194557795095,51.06908499397944],[13.778273619370477,51.06907457937414],[13.77826536358,51.06904987073489],[13.778077207352267,51.069075134121746],[13.778084556450462,51.06909958149684]]]}},{"type":"Feature","id":"UUID_8241d5fa-ad5f-41c6-ac46-ded37ecb6777","properties":{"id":"UUID_8241d5fa-ad5f-41c6-ac46-ded37ecb6777","height_m":18.371,"ground_m":133.968,"height_source":"LoD1 solid top minus bottom","production":"2024","laser":"2016","footprints":"2022"},"geometry":{"type":"Polygon","coordinates":[[[13.778177604636923,51.0691325686446],[13.778208972460359,51.06912840012896],[13.778194571117282,51.06908503009],[13.778163060630567,51.069089197110365],[13.778177604636923,51.0691325686446]]]}},{"type":"Feature","id":"DESNATPU1000B2aE","properties":{"id":"DESNATPU1000B2aE","height_m":3.986,"ground_m":139.24,"height_source":"LoD1 solid top minus bottom","production":"2024","laser":"2016","footprints":"2022"},"geometry":{"type":"Polygon","coordinates":[[[13.778006225623614,51.07000897094838],[13.778055414640756,51.07000885569994],[13.778054861470336,51.069911169903875],[13.778005672556768,51.06991128515279],[13.778006225623614,51.07000897094838]]]}},{"type":"Feature","id":"DESNATPU1000FUhi","properties":{"id":"DESNATPU1000FUhi","height_m":3.774,"ground_m":123.683,"height_source":"LoD1 solid top minus bottom","production":"2024","laser":"2016","footprints":"2022"},"geometry":{"type":"Polygon","coordinates":[[[13.774251142096341,51.068638489361454],[13.774311343358367,51.0686504516361],[13.77431977334074,51.0686339033109],[13.774325511408964,51.06862200302557],[13.774265310179944,51.06861004075839],[13.774251142096341,51.068638489361454]]]}},{"type":"Feature","id":"DESNATPU1000IOSU","properties":{"id":"DESNATPU1000IOSU","height_m":2.97,"ground_m":161.241,"height_source":"LoD1 solid top minus bottom","production":"2024","laser":"2016","footprints":"2022"},"geometry":{"type":"Polygon","coordinates":[[[13.7920529082578,51.07279963125878],[13.792064871863904,51.072806139786415],[13.79210231137593,51.072826490718455],[13.79212933128682,51.0728413382824],[13.792190586867855,51.072796737446524],[13.792113876108244,51.072755117417294],[13.7920529082578,51.07279963125878]]]}},{"type":"Feature","id":"DESNATPU1000FaMz","properties":{"id":"DESNATPU1000FaMz","height_m":11.457,"ground_m":122.762,"height_source":"LoD1 solid top minus bottom","production":"2024","laser":"2016","footprints":"2022"},"geometry":{"type":"Polygon","coordinates":[[[13.775957942579048,51.067679215829465],[13.775989900116194,51.06768512605109],[13.776119571051956,51.06770932569445],[13.776175369146998,51.06759057516109],[13.776113870350336,51.06757913982424],[13.776115988899653,51.06757457566707],[13.77611116126568,51.06757362583367],[13.77603858512205,51.06756009604214],[13.776032052366087,51.06755885856501],[13.77602932986238,51.067564675391694],[13.775968539827117,51.067553427256605],[13.775913345202248,51.06767092501822],[13.775957942579048,51.067679215829465]]]}},{"type":"Feature","id":"DESNATPU1000HZJr","properties":{"id":"DESNATPU1000HZJr","height_m":2.754,"ground_m":144.962,"height_source":"LoD1 solid top minus bottom","production":"2024","laser":"2016","footprints":"2022"},"geometry":{"type":"Polygon","coordinates":[[[13.774571317537553,51.07612180372377],[13.774461900117313,51.076135224934816],[13.774482316200992,51.07616214764386],[13.774496312186995,51.07617812173471],[13.774532240665089,51.07619063871248],[13.77456780018662,51.07619550791966],[13.774608558919692,51.07619269780169],[13.774641246902753,51.076181979315955],[13.774668504427124,51.076166077991],[13.774683887807273,51.076140339948715],[13.774688377497084,51.07611628627264],[13.774571317537553,51.07612180372377]]]}},{"type":"Feature","id":"UUID_f1430a50-5e30-4643-9059-e85e08b07ad9","properties":{"id":"UUID_f1430a50-5e30-4643-9059-e85e08b07ad9","height_m":16.098,"ground_m":127.044,"height_source":"LoD1 solid top minus bottom","production":"2024","laser":"2016","footprints":"2022"},"geometry":{"type":"Polygon","coordinates":[[[13.776421289427438,51.069068071857146],[13.776454042278738,51.069070923719984],[13.77646197296637,51.06903539516134],[13.776429465796626,51.06903242896581],[13.776421289427438,51.069068071857146]]]}},{"type":"Feature","id":"UUID_335386cb-a10e-4172-8d14-c16ab04df01f","properties":{"id":"UUID_335386cb-a10e-4172-8d14-c16ab04df01f","height_m":17.127,"ground_m":127.044,"height_source":"LoD1 solid top minus bottom","production":"2024","laser":"2016","footprints":"2022"},"geometry":{"type":"Polygon","coordinates":[[[13.776242417297615,51.06907464347609],[13.776228942537163,51.069136373016036],[13.7763171233093,51.06914388797787],[13.776402256676455,51.069151137157796],[13.776415992885651,51.06909030961806],[13.776421146973234,51.069068061373066],[13.776421289427438,51.069068071857146],[13.776429465796626,51.06903242896581],[13.77642965082099,51.069032448888365],[13.776435482345093,51.069006160963944],[13.776349505894705,51.06899841736842],[13.776260482525057,51.06899039000997],[13.77624715050623,51.06905212104715],[13.776242417297615,51.06907464347609]]]}},{"type":"Feature","id":"DESNATPU1000GTBo","properties":{"id":"DESNATPU1000GTBo","height_m":6.829,"ground_m":123.949,"height_source":"LoD1 solid top minus bottom","production":"2024","laser":"2016","footprints":"2022"},"geometry":{"type":"Polygon","coordinates":[[[13.775420282273059,51.06811764966183],[13.775557885345084,51.068144181234636],[13.775559402380772,51.068140779853515],[13.77558143055979,51.06809568677903],[13.775601204502046,51.06805488664187],[13.775623382403179,51.0680095253428],[13.77562489231268,51.06800639367089],[13.775487577356559,51.067979775265236],[13.775485920005735,51.06798308524725],[13.77545227132353,51.068052067402284],[13.775420888616488,51.06811630709081],[13.775420282273059,51.06811764966183]]]}},{"type":"Feature","id":"UUID_3a0bf645-b310-4d4c-9b53-c5606fada009","properties":{"id":"UUID_3a0bf645-b310-4d4c-9b53-c5606fada009","height_m":9.833,"ground_m":136.03,"height_source":"LoD1 solid top minus bottom","production":"2024","laser":"2016","footprints":"2022"},"geometry":{"type":"Polygon","coordinates":[[[13.779251165914555,51.069853121697],[13.779412772696785,51.06982094246746],[13.779412678014353,51.0698207436367],[13.779410368110131,51.069816313033414],[13.77940448219009,51.06981760049095],[13.779361002370814,51.06982640903552],[13.77930087780798,51.06983855093216],[13.779255388409387,51.069847788091096],[13.779248934071243,51.06984897967601],[13.779251165914555,51.069853121697]]]}},{"type":"Feature","id":"UUID_887186f3-148d-4953-be59-587ae59d6efe","properties":{"id":"UUID_887186f3-148d-4953-be59-587ae59d6efe","height_m":10.261,"ground_m":136.03,"height_source":"LoD1 solid top minus bottom","production":"2024","laser":"2016","footprints":"2022"},"geometry":{"type":"Polygon","coordinates":[[[13.779251165914555,51.069853121697],[13.77925151988764,51.06985377287695],[13.779202180095435,51.06986287987302],[13.779249330228021,51.06995869621078],[13.779515070825521,51.069905536000974],[13.779466909513427,51.06981015885334],[13.779412678014353,51.0698207436367],[13.779412772696785,51.06982094246746],[13.779251165914555,51.069853121697]]]}},{"type":"Feature","id":"UUID_262795d4-bfc8-4513-8f86-2c5bf71d903a","properties":{"id":"UUID_262795d4-bfc8-4513-8f86-2c5bf71d903a","height_m":10.285,"ground_m":131.193,"height_source":"LoD1 solid top minus bottom","production":"2024","laser":"2016","footprints":"2022"},"geometry":{"type":"Polygon","coordinates":[[[13.789588425124673,51.06733546364415],[13.789587164027738,51.0673400369206],[13.789526805599136,51.067334016151946],[13.78951566833215,51.06737796560833],[13.789508410068992,51.06737717101285],[13.789506942089812,51.06738310905388],[13.789500754306003,51.067408027012526],[13.789508150570056,51.067409002894],[13.789503059233864,51.06742909407308],[13.789568255067941,51.06743570451876],[13.789566820791306,51.06744144506753],[13.789589168707966,51.06744374484863],[13.789627747767854,51.06744756163064],[13.789651800899613,51.06745014884257],[13.78965309716915,51.067444227007385],[13.789719289511437,51.06745093761592],[13.789724231035029,51.06743111466101],[13.789724273841115,51.067431115104256],[13.789741914905317,51.067361063878806],[13.789743014342498,51.06735666878318],[13.789675397608773,51.06734985350965],[13.789676979245653,51.067343934629115],[13.789588425124673,51.06733546364415]]]}},{"type":"Feature","id":"UUID_67c12586-6a2c-4623-b4c0-9fe54a82bf44","properties":{"id":"UUID_67c12586-6a2c-4623-b4c0-9fe54a82bf44","height_m":7.745,"ground_m":131.193,"height_source":"LoD1 solid top minus bottom","production":"2024","laser":"2016","footprints":"2022"},"geometry":{"type":"Polygon","coordinates":[[[13.78977991123911,51.06736478464882],[13.789741914905317,51.067361063878806],[13.789724273841115,51.067431115104256],[13.789730923252508,51.067431723525544],[13.789738695760024,51.06740185793002],[13.78976958612059,51.067404965554864],[13.78977991123911,51.06736478464882]]]}},{"type":"Feature","id":"UUID_61d132c0-ea71-449a-b2c8-26d5275eb859","properties":{"id":"UUID_61d132c0-ea71-449a-b2c8-26d5275eb859","height_m":10.841,"ground_m":137.842,"height_source":"LoD1 solid top minus bottom","production":"2024","laser":"2016","footprints":"2022"},"geometry":{"type":"Polygon","coordinates":[[[13.785230635867274,51.068403582658696],[13.785256689386802,51.06845461788593],[13.785256784797767,51.068454789741054],[13.785286490801184,51.06851296724628],[13.785286420632962,51.06851292155295],[13.785293577945987,51.068526844874235],[13.785337128917845,51.06851795393296],[13.785340117240086,51.06852374938383],[13.785379592739252,51.06851569737002],[13.785421723051979,51.06850709738991],[13.785418830367538,51.068501464805664],[13.785459740970854,51.068493112929055],[13.785456399997086,51.06848661237708],[13.785469716224615,51.0684839000238],[13.785447333790106,51.06844037602339],[13.785434017573849,51.06844308837422],[13.785396749951794,51.068370614684646],[13.7853797599531,51.06837408921333],[13.78537970523066,51.0683739987165],[13.785313692938585,51.0683870987014],[13.78524525597336,51.068400677047464],[13.785245228612254,51.068400631799015],[13.785230635867274,51.068403582658696]]]}},{"type":"Feature","id":"UUID_281a70ee-2e74-45c6-8721-4412f2d66ef1","properties":{"id":"UUID_281a70ee-2e74-45c6-8721-4412f2d66ef1","height_m":5.758,"ground_m":137.842,"height_source":"LoD1 solid top minus bottom","production":"2024","laser":"2016","footprints":"2022"},"geometry":{"type":"Polygon","coordinates":[[[13.785374014829285,51.06836292338157],[13.785351247402174,51.0683510141069],[13.785309102096324,51.06835910131496],[13.7853036808509,51.06837645506978],[13.785303571083224,51.06837683162736],[13.785374014829285,51.06836292338157]]]}},{"type":"Feature","id":"UUID_eded57e4-2d16-4d6e-9f87-a57d776b0c05","properties":{"id":"UUID_eded57e4-2d16-4d6e-9f87-a57d776b0c05","height_m":9.016,"ground_m":137.842,"height_source":"LoD1 solid top minus bottom","production":"2024","laser":"2016","footprints":"2022"},"geometry":{"type":"Polygon","coordinates":[[[13.785268570165076,51.06850073962101],[13.785271736206687,51.068502472167246],[13.785275091275993,51.06850407178565],[13.785278621810068,51.068505511356776],[13.785283460150048,51.068507153368465],[13.785286420632962,51.06851292155295],[13.785286490801184,51.06851296724628],[13.78528646307893,51.06851291294975],[13.785283516563448,51.068507141934234],[13.785276552624124,51.06849350242697],[13.785256784797767,51.068454789741054],[13.785254362541288,51.06845790306021],[13.785252827874512,51.068460369128225],[13.785251577175154,51.06846289210437],[13.785250596174265,51.068465471840355],[13.785249914115969,51.068468081661656],[13.785249502697699,51.068470712281325],[13.785249404726475,51.068473364144246],[13.785249592605835,51.068476000992334],[13.785250066100458,51.068478631815985],[13.785250839950121,51.06848123878274],[13.785252279646972,51.068484581087745],[13.78525419280995,51.068487829392396],[13.785255971138602,51.06849023097088],[13.785258008663059,51.068492545314946],[13.785260305618714,51.068494763434195],[13.785262260912935,51.06849640246229],[13.785262833702957,51.068496876041664],[13.785265593151166,51.06849887414695],[13.785268570165076,51.06850073962101]]]}},{"type":"Feature","id":"UUID_8bff3d1a-0bb6-4088-beb7-a7b0a4dd023a","properties":{"id":"UUID_8bff3d1a-0bb6-4088-beb7-a7b0a4dd023a","height_m":5.727,"ground_m":137.842,"height_source":"LoD1 solid top minus bottom","production":"2024","laser":"2016","footprints":"2022"},"geometry":{"type":"Polygon","coordinates":[[[13.785245228612254,51.068400631799015],[13.78524525597336,51.068400677047464],[13.78537970523066,51.0683739987165],[13.785374014829285,51.06836292338157],[13.785303571083224,51.06837683162736],[13.7853036808509,51.06837645506978],[13.78523952632465,51.06838946640577],[13.785245228612254,51.068400631799015]]]}},{"type":"Feature","id":"DESNATPU1000I9NG","properties":{"id":"DESNATPU1000I9NG","height_m":10.226,"ground_m":140.012,"height_source":"LoD1 solid top minus bottom","production":"2024","laser":"2016","footprints":"2022"},"geometry":{"type":"Polygon","coordinates":[[[13.785291363116581,51.06973292040235],[13.785326834704763,51.06973173327605],[13.78532630025897,51.06972543275119],[13.785356814953515,51.06972440093775],[13.78537427856228,51.06971430362804],[13.78537208371204,51.06969182575951],[13.785353701780771,51.06968248005151],[13.785322829438186,51.069683544118575],[13.785315475119788,51.069598629468686],[13.78531521079638,51.06959564110698],[13.785313888796942,51.06958016871828],[13.785263130778901,51.0695818984138],[13.785261083556946,51.069579952675085],[13.785259489570052,51.06957868610785],[13.785257751006927,51.069577489980574],[13.785255881901534,51.06957637343193],[13.785253910557163,51.06957534574886],[13.785251808435143,51.069574406634764],[13.785249618343462,51.069573556534536],[13.785247340046741,51.06957280443854],[13.785244987578917,51.06957215948545],[13.78524257520931,51.06957162182355],[13.785240088668576,51.06957119130454],[13.785237571000067,51.069570859382935],[13.78523503576696,51.06957065317815],[13.785232469170666,51.06957055456113],[13.785228756791176,51.06957060590666],[13.785225066595057,51.06957090028863],[13.785222560047117,51.069571233950654],[13.785220093247165,51.06957168493233],[13.785217680935283,51.06957223540121],[13.785215322876072,51.069572894347694],[13.785213062112891,51.069573653226314],[13.7852108843764,51.06957451188876],[13.785208804171308,51.06957546149299],[13.785206835766934,51.06957650218731],[13.78520499343261,51.069577634120016],[13.785203263605153,51.06957883017173],[13.785201688621797,51.06958010876806],[13.785200254683978,51.06958145178],[13.785198976296426,51.0695828503655],[13.78519739345583,51.069584974204815],[13.785150322095951,51.069586544325716],[13.785151540333421,51.06960107139232],[13.785155156804134,51.06964393276909],[13.785130299648914,51.06964476254165],[13.785132501518168,51.06967078365764],[13.785133882239794,51.06968728183969],[13.785138186046627,51.06973823490165],[13.785175086227788,51.0697369997201],[13.785176676176421,51.06975586518649],[13.785292976943795,51.06975196597145],[13.785291363116581,51.06973292040235]]]}}]}