{"type":"FeatureCollection","features":[{"type":"Feature","id":"DESNATPU1000CjLr","properties":{"id":"DESNATPU1000CjLr","height_m":2.429,"ground_m":216.514,"height_source":"LoD1 solid top minus bottom","production":"2023","laser":"2019","footprints":"2020"},"geometry":{"type":"Polygon","coordinates":[[[13.822556375865192,51.12856023062564],[13.822599084639203,51.12856111028692],[13.822600351152332,51.12853378522267],[13.822601752528364,51.128512396700025],[13.822558912353811,51.128511066081344],[13.822556375865192,51.12856023062564]]]}},{"type":"Feature","id":"DESNATPU1000JBY0","properties":{"id":"DESNATPU1000JBY0","height_m":4.302,"ground_m":190.343,"height_source":"LoD1 solid top minus bottom","production":"2023","laser":"2019","footprints":"2020"},"geometry":{"type":"Polygon","coordinates":[[[13.799713577774801,51.137360185077014],[13.79959241353626,51.13742440831845],[13.799580967971776,51.13743031594506],[13.799585452270058,51.13743377920351],[13.799650936021253,51.13748274218896],[13.799662662733589,51.13747701729537],[13.799783974580382,51.137412615642376],[13.799713577774801,51.137360185077014]]]}},{"type":"Feature","id":"DESNATPU1000JBSn","properties":{"id":"DESNATPU1000JBSn","height_m":6.874,"ground_m":214.96,"height_source":"LoD1 solid top minus bottom","production":"2023","laser":"2019","footprints":"2020"},"geometry":{"type":"Polygon","coordinates":[[[13.818901390677045,51.12893558810198],[13.818921109673994,51.12907017424345],[13.819006795402046,51.12906537423755],[13.818987565611637,51.128930649168765],[13.818901390677045,51.12893558810198]]]}},{"type":"Feature","id":"DESNATPU1000Dytk","properties":{"id":"DESNATPU1000Dytk","height_m":6.841,"ground_m":223.227,"height_source":"LoD1 solid top minus bottom","production":"2023","laser":"2019","footprints":"2020"},"geometry":{"type":"Polygon","coordinates":[[[13.825650180413987,51.12761478774635],[13.82564487828074,51.12756464514858],[13.82563850007336,51.1275062184574],[13.825526191320128,51.127511115630774],[13.825530802547028,51.12755468662305],[13.825509917859696,51.12755546606061],[13.825513179460494,51.1275846351745],[13.825534068721797,51.12758367592822],[13.825535121985132,51.12759285906294],[13.825562592580056,51.127591606203424],[13.825565487163612,51.127618343599906],[13.825650180413987,51.12761478774635]]]}},{"type":"Feature","id":"DESNATP11N0000vW","properties":{"id":"DESNATP11N0000vW","height_m":2.376,"ground_m":221.045,"height_source":"LoD1 solid top minus bottom","production":"2023","laser":"2019","footprints":"2020"},"geometry":{"type":"Polygon","coordinates":[[[13.81685882597199,51.1276094955984],[13.816782131321828,51.12760816204463],[13.816778795603026,51.12767829839309],[13.816854790242724,51.127679067318155],[13.81685882597199,51.1276094955984]]]}},{"type":"Feature","id":"DESNATPU1000E6sq","properties":{"id":"DESNATPU1000E6sq","height_m":8.237,"ground_m":225.695,"height_source":"LoD1 solid top minus bottom","production":"2023","laser":"2019","footprints":"2020"},"geometry":{"type":"Polygon","coordinates":[[[13.827797233190381,51.12671128680052],[13.827904413669929,51.12676775620328],[13.827931223196389,51.12674743163514],[13.827951249264931,51.12675797396464],[13.827982129713645,51.12673490245005],[13.827960833733444,51.126723717908476],[13.827982690003688,51.12670712061722],[13.827876917797594,51.12665147474468],[13.827797233190381,51.12671128680052]]]}},{"type":"Feature","id":"DESNATPU1000CykM","properties":{"id":"DESNATPU1000CykM","height_m":6.387,"ground_m":227.45,"height_source":"LoD1 solid top minus bottom","production":"2023","laser":"2019","footprints":"2020"},"geometry":{"type":"Polygon","coordinates":[[[13.822914812249008,51.12592950733696],[13.823034074815345,51.12591682304903],[13.823011540197811,51.125832991042245],[13.8228922919003,51.12584568444295],[13.822914812249008,51.12592950733696]]]}},{"type":"Feature","id":"DESNATPU1000J4d2","properties":{"id":"DESNATPU1000J4d2","height_m":8.091,"ground_m":225.027,"height_source":"LoD1 solid top minus bottom","production":"2023","laser":"2019","footprints":"2020"},"geometry":{"type":"Polygon","coordinates":[[[13.819015047881344,51.126796471939116],[13.819084587407474,51.12679645481021],[13.819084566570847,51.1267361944651],[13.81907472022768,51.126736193947984],[13.81896510872135,51.12673623800675],[13.818965123328235,51.126747991623475],[13.818965167507955,51.12679164267352],[13.818965172722525,51.12679648080298],[13.819015047881344,51.126796471939116]]]}},{"type":"Feature","id":"DESNATPU1000DV2n","properties":{"id":"DESNATPU1000DV2n","height_m":2.387,"ground_m":184.937,"height_source":"LoD1 solid top minus bottom","production":"2023","laser":"2019","footprints":"2020"},"geometry":{"type":"Polygon","coordinates":[[[13.808463003406686,51.139436325801626],[13.808530015959638,51.1394208216989],[13.808495514063514,51.139361747877416],[13.808428644494795,51.13937725341712],[13.808463003406686,51.139436325801626]]]}},{"type":"Feature","id":"DESNATPU1000IAHX","properties":{"id":"DESNATPU1000IAHX","height_m":7.992,"ground_m":215.232,"height_source":"LoD1 solid top minus bottom","production":"2023","laser":"2019","footprints":"2020"},"geometry":{"type":"Polygon","coordinates":[[[13.82187662569299,51.129208232867974],[13.821951890851132,51.12921025009955],[13.821959069670646,51.129102230138365],[13.821889236360926,51.129100177707855],[13.821878452733408,51.12918136309519],[13.82187662569299,51.129208232867974]]]}},{"type":"Feature","id":"DESNATPU1000FHCz","properties":{"id":"DESNATPU1000FHCz","height_m":8.595,"ground_m":215.936,"height_source":"LoD1 solid top minus bottom","production":"2023","laser":"2019","footprints":"2020"},"geometry":{"type":"Polygon","coordinates":[[[13.821822700865381,51.12854169000965],[13.821894109550067,51.12854357850038],[13.821901283800093,51.12843573833882],[13.8218300181578,51.12843385129304],[13.821822700865381,51.12854169000965]]]}},{"type":"Feature","id":"UUID_100e70a0-ce97-46e2-8fc7-308acad6a289","properties":{"id":"UUID_100e70a0-ce97-46e2-8fc7-308acad6a289","height_m":3.074,"ground_m":224.461,"height_source":"LoD1 solid top minus bottom","production":"2023","laser":"2019","footprints":"2020"},"geometry":{"type":"Polygon","coordinates":[[[13.81734701593301,51.12669776225675],[13.817452101203045,51.12670147785845],[13.817455703800817,51.126661137027305],[13.81735019872956,51.126662111376916],[13.81734701593301,51.12669776225675]]]}},{"type":"Feature","id":"UUID_5250f7e3-df7b-4645-aafc-61e4886d99ca","properties":{"id":"UUID_5250f7e3-df7b-4645-aafc-61e4886d99ca","height_m":4.114,"ground_m":224.461,"height_source":"LoD1 solid top minus bottom","production":"2023","laser":"2019","footprints":"2020"},"geometry":{"type":"Polygon","coordinates":[[[13.81731848854163,51.126481909503134],[13.817317669572118,51.12654866309427],[13.817318117259244,51.126581491010974],[13.817555421891381,51.12658458329485],[13.817555439163026,51.12658446656428],[13.817595836996068,51.12658510886721],[13.817596526950597,51.12654689683015],[13.817599852229208,51.12648047433328],[13.81731848854163,51.126481909503134]]]}},{"type":"Feature","id":"UUID_a2c80f25-03bd-4da6-88a1-c3607763e317","properties":{"id":"UUID_a2c80f25-03bd-4da6-88a1-c3607763e317","height_m":3.411,"ground_m":224.461,"height_source":"LoD1 solid top minus bottom","production":"2023","laser":"2019","footprints":"2020"},"geometry":{"type":"Polygon","coordinates":[[[13.8175496514535,51.12664938036207],[13.817555421891381,51.12658458329485],[13.817318117259244,51.126581491010974],[13.817313966679924,51.12664104371605],[13.817457045161442,51.12664610578992],[13.8175496514535,51.12664938036207]]]}},{"type":"Feature","id":"UUID_9f1caf6d-2617-49ff-b930-78db950e3744","properties":{"id":"UUID_9f1caf6d-2617-49ff-b930-78db950e3744","height_m":2.92,"ground_m":224.461,"height_source":"LoD1 solid top minus bottom","production":"2023","laser":"2019","footprints":"2020"},"geometry":{"type":"Polygon","coordinates":[[[13.817455703800817,51.126661137027305],[13.817457045161442,51.12664610578992],[13.817313966679924,51.12664104371605],[13.817312476521941,51.126662458270495],[13.81735019872956,51.126662111376916],[13.817455703800817,51.126661137027305]]]}},{"type":"Feature","id":"DESNATPU1000CBDZ","properties":{"id":"DESNATPU1000CBDZ","height_m":3.506,"ground_m":227.192,"height_source":"LoD1 solid top minus bottom","production":"2023","laser":"2019","footprints":"2020"},"geometry":{"type":"Polygon","coordinates":[[[13.825317340608764,51.126458346349004],[13.825327127476003,51.126511951251175],[13.825412315746236,51.12650570273785],[13.82540238363029,51.12645218631116],[13.825317340608764,51.126458346349004]]]}},{"type":"Feature","id":"DESNATPU1000BZOe","properties":{"id":"DESNATPU1000BZOe","height_m":3.367,"ground_m":227.895,"height_source":"LoD1 solid top minus bottom","production":"2023","laser":"2019","footprints":"2020"},"geometry":{"type":"Polygon","coordinates":[[[13.82511277051387,51.1262414554503],[13.825212634306574,51.12624254869573],[13.825213917645888,51.126197598066774],[13.82511376821051,51.12619650195216],[13.82511277051387,51.1262414554503]]]}},{"type":"Feature","id":"UUID_f738e805-2958-4d6c-9c42-45d44643ffb7","properties":{"id":"UUID_f738e805-2958-4d6c-9c42-45d44643ffb7","height_m":5.143,"ground_m":188.148,"height_source":"LoD1 solid top minus bottom","production":"2023","laser":"2019","footprints":"2020"},"geometry":{"type":"Polygon","coordinates":[[[13.802778725335882,51.137373691140176],[13.80284702906976,51.13739996562545],[13.80288784575096,51.13735824364656],[13.802819358141067,51.13733189536084],[13.802778725335882,51.137373691140176]]]}},{"type":"Feature","id":"UUID_064ace07-b3a1-4ca1-838b-bde8652fe3aa","properties":{"id":"UUID_064ace07-b3a1-4ca1-838b-bde8652fe3aa","height_m":6.456,"ground_m":188.148,"height_source":"LoD1 solid top minus bottom","production":"2023","laser":"2019","footprints":"2020"},"geometry":{"type":"Polygon","coordinates":[[[13.80288784575096,51.13735824364656],[13.80284702906976,51.13739996562545],[13.802729643636152,51.1375199675596],[13.802777477629789,51.13753853260146],[13.802855173679097,51.137568644197934],[13.803013738830364,51.13740669002287],[13.80288784575096,51.13735824364656]]]}},{"type":"Feature","id":"DESNATPU1000Aywv","properties":{"id":"DESNATPU1000Aywv","height_m":3.093,"ground_m":226.24,"height_source":"LoD1 solid top minus bottom","production":"2023","laser":"2019","footprints":"2020"},"geometry":{"type":"Polygon","coordinates":[[[13.823706775900968,51.12655858483099],[13.823818631041137,51.12655852292463],[13.823818665886723,51.12648063745804],[13.82375214341485,51.12648060681506],[13.823752039281437,51.12651395971033],[13.823706924500492,51.12651391956033],[13.823706775900968,51.12655858483099]]]}},{"type":"Feature","id":"DESNATPU1000Hui7","properties":{"id":"DESNATPU1000Hui7","height_m":2.587,"ground_m":220.621,"height_source":"LoD1 solid top minus bottom","production":"2023","laser":"2019","footprints":"2020"},"geometry":{"type":"Polygon","coordinates":[[[13.820778834118252,51.12754952447232],[13.820778600581278,51.12750258019469],[13.820554079783276,51.12750292373473],[13.820554167928787,51.12754995647424],[13.820778834118252,51.12754952447232]]]}},{"type":"Feature","id":"DESNATPU1000HvUP","properties":{"id":"DESNATPU1000HvUP","height_m":3.347,"ground_m":218.275,"height_source":"LoD1 solid top minus bottom","production":"2023","laser":"2019","footprints":"2020"},"geometry":{"type":"Polygon","coordinates":[[[13.82498517319833,51.1287861873406],[13.824945893223157,51.12878534300631],[13.82494166894426,51.128839166835824],[13.82498237774424,51.12884002552853],[13.82498517319833,51.1287861873406]]]}},{"type":"Feature","id":"DESNATPU1000DI75","properties":{"id":"DESNATPU1000DI75","height_m":3.236,"ground_m":227.6,"height_source":"LoD1 solid top minus bottom","production":"2023","laser":"2019","footprints":"2020"},"geometry":{"type":"Polygon","coordinates":[[[13.8241803589576,51.126149350629774],[13.82428750390235,51.12613945685269],[13.824274863206611,51.12608573323495],[13.824167861253276,51.126095628437945],[13.8241803589576,51.126149350629774]]]}},{"type":"Feature","id":"DESNATPU1000DPsn","properties":{"id":"DESNATPU1000DPsn","height_m":3.659,"ground_m":222.097,"height_source":"LoD1 solid top minus bottom","production":"2023","laser":"2019","footprints":"2020"},"geometry":{"type":"Polygon","coordinates":[[[13.822638517369487,51.127448750182594],[13.822738287666736,51.12745362152683],[13.822744000250161,51.12740880544386],[13.82264423004872,51.1274039341051],[13.822638517369487,51.127448750182594]]]}},{"type":"Feature","id":"DESNATPU1000HFIN","properties":{"id":"DESNATPU1000HFIN","height_m":2.287,"ground_m":216.244,"height_source":"LoD1 solid top minus bottom","production":"2023","laser":"2019","footprints":"2020"},"geometry":{"type":"Polygon","coordinates":[[[13.819739332073581,51.12845665290201],[13.81978791007538,51.12845714319399],[13.819789423358689,51.128403382092266],[13.819740707120436,51.12840271055138],[13.819739332073581,51.12845665290201]]]}},{"type":"Feature","id":"UUID_192dfd9a-2a83-4268-92a8-82781cdf7daf","properties":{"id":"UUID_192dfd9a-2a83-4268-92a8-82781cdf7daf","height_m":2.978,"ground_m":190.656,"height_source":"LoD1 solid top minus bottom","production":"2023","laser":"2019","footprints":"2020"},"geometry":{"type":"Polygon","coordinates":[[[13.799936204100803,51.13694961471779],[13.799913208777863,51.13693238252759],[13.799887122621225,51.1369461524422],[13.799859732151736,51.13696061039663],[13.799882557618053,51.13697777790524],[13.799936204100803,51.13694961471779]]]}},{"type":"Feature","id":"UUID_519668b5-70d4-4b5f-974a-25cb0f89109b","properties":{"id":"UUID_519668b5-70d4-4b5f-974a-25cb0f89109b","height_m":5.498,"ground_m":190.656,"height_source":"LoD1 solid top minus bottom","production":"2023","laser":"2019","footprints":"2020"},"geometry":{"type":"Polygon","coordinates":[[[13.799882557618053,51.13697777790524],[13.799859732151736,51.13696061039663],[13.799784582190311,51.13690408437101],[13.79976525632996,51.136913472250555],[13.799736521099467,51.136927421775766],[13.799817287573086,51.13699335788773],[13.799847448829158,51.136977885224766],[13.799859733566937,51.13697158151237],[13.799872877281537,51.13698286735391],[13.799882557618053,51.13697777790524]]]}},{"type":"Feature","id":"DESNATPU1000BDC8","properties":{"id":"DESNATPU1000BDC8","height_m":8.024,"ground_m":216.11,"height_source":"LoD1 solid top minus bottom","production":"2023","laser":"2019","footprints":"2020"},"geometry":{"type":"Polygon","coordinates":[[[13.82363895972834,51.1289815530361],[13.823641959252933,51.12893661970335],[13.823469414994628,51.12893281551663],[13.823466558181234,51.1289777502814],[13.82363895972834,51.1289815530361]]]}},{"type":"Feature","id":"DESNATPU1000Axce","properties":{"id":"DESNATPU1000Axce","height_m":2.762,"ground_m":190.755,"height_source":"LoD1 solid top minus bottom","production":"2023","laser":"2019","footprints":"2020"},"geometry":{"type":"Polygon","coordinates":[[[13.79938164888895,51.13642414421354],[13.79937889880974,51.13642546488562],[13.799401045610535,51.13644232876439],[13.799402727764768,51.136443605013085],[13.799432303715275,51.13646612063465],[13.79951836855705,51.13642141113447],[13.799511921067612,51.13641648888626],[13.799486972201016,51.136397438013695],[13.799475475923082,51.13638877692408],[13.79942041843975,51.13641734807294],[13.799409906146069,51.13640932656823],[13.79938164888895,51.13642414421354]]]}},{"type":"Feature","id":"DESNATPU1000C5sT","properties":{"id":"DESNATPU1000C5sT","height_m":8.147,"ground_m":215.003,"height_source":"LoD1 solid top minus bottom","production":"2023","laser":"2019","footprints":"2020"},"geometry":{"type":"Polygon","coordinates":[[[13.821197621921108,51.12916380060664],[13.821268893231991,51.1291655082369],[13.821276223380499,51.12905722005561],[13.82120481393541,51.12905533118268],[13.821197621921108,51.12916380060664]]]}},{"type":"Feature","id":"DESNATPU1000H3mP","properties":{"id":"DESNATPU1000H3mP","height_m":7.967,"ground_m":215.583,"height_source":"LoD1 solid top minus bottom","production":"2023","laser":"2019","footprints":"2020"},"geometry":{"type":"Polygon","coordinates":[[[13.822636256996246,51.129201225389835],[13.82270937900024,51.129203220555866],[13.822716705788514,51.12909493226293],[13.822643438790328,51.12909302556803],[13.822636256996246,51.129201225389835]]]}},{"type":"Feature","id":"UUID_1931ebb6-854c-4cf1-ba1d-36aac9793958","properties":{"id":"UUID_1931ebb6-854c-4cf1-ba1d-36aac9793958","height_m":6.042,"ground_m":224.818,"height_source":"LoD1 solid top minus bottom","production":"2023","laser":"2019","footprints":"2020"},"geometry":{"type":"Polygon","coordinates":[[[13.821088124388925,51.12669509859795],[13.821167728775276,51.1266949119197],[13.821167251014055,51.12662386472207],[13.821087501589988,51.12662413986441],[13.821087902546342,51.126664521159235],[13.821087859685038,51.126664520727125],[13.821088124388925,51.12669509859795]]]}},{"type":"Feature","id":"UUID_a9def002-37b8-47f7-ab39-e716ff671382","properties":{"id":"UUID_a9def002-37b8-47f7-ab39-e716ff671382","height_m":4.404,"ground_m":224.818,"height_source":"LoD1 solid top minus bottom","production":"2023","laser":"2019","footprints":"2020"},"geometry":{"type":"Polygon","coordinates":[[[13.821088124388925,51.12669509859795],[13.821087859685038,51.126664520727125],[13.821066750769319,51.12666457769282],[13.821066972597931,51.12669515513147],[13.821088124388925,51.12669509859795]]]}},{"type":"Feature","id":"DESNATPU1000FZd5","properties":{"id":"DESNATPU1000FZd5","height_m":2.623,"ground_m":218.608,"height_source":"LoD1 solid top minus bottom","production":"2023","laser":"2019","footprints":"2020"},"geometry":{"type":"Polygon","coordinates":[[[13.818171277181218,51.12805394964746],[13.818172856610088,51.128126446823764],[13.818259215292475,51.12812489154639],[13.818257191040779,51.128053019365865],[13.818171277181218,51.12805394964746]]]}},{"type":"Feature","id":"DESNATP11N0000v9","properties":{"id":"DESNATP11N0000v9","height_m":8.048,"ground_m":215.887,"height_source":"LoD1 solid top minus bottom","production":"2023","laser":"2019","footprints":"2020"},"geometry":{"type":"Polygon","coordinates":[[[13.820631263072569,51.128732321481806],[13.820472507473186,51.12872809438479],[13.820468871042323,51.12878107868679],[13.820584895957424,51.12878416439788],[13.820584823780457,51.12878531473601],[13.820627725184002,51.12878649381883],[13.820631263072569,51.128732321481806]]]}},{"type":"Feature","id":"DESNATPU1000Hhv3","properties":{"id":"DESNATPU1000Hhv3","height_m":8.096,"ground_m":215.588,"height_source":"LoD1 solid top minus bottom","production":"2023","laser":"2019","footprints":"2020"},"geometry":{"type":"Polygon","coordinates":[[[13.822974427096339,51.12895822965614],[13.823049406151373,51.12896024330277],[13.823056584648308,51.12885213334865],[13.822981746360254,51.12885021104984],[13.822974427096339,51.12895822965614]]]}},{"type":"Feature","id":"UUID_523c79e1-14af-4d90-8c80-c941a816f6fc","properties":{"id":"UUID_523c79e1-14af-4d90-8c80-c941a816f6fc","height_m":3.183,"ground_m":223.805,"height_source":"LoD1 solid top minus bottom","production":"2023","laser":"2019","footprints":"2020"},"geometry":{"type":"Polygon","coordinates":[[[13.82455531313778,51.12720443036198],[13.82455435288162,51.12723156068823],[13.824626168035968,51.127232561325606],[13.824627113962803,51.127205430854886],[13.82455531313778,51.12720443036198]]]}},{"type":"Feature","id":"UUID_1f5ba02a-4b41-4050-8994-2cbaa46df4de","properties":{"id":"UUID_1f5ba02a-4b41-4050-8994-2cbaa46df4de","height_m":2.691,"ground_m":223.805,"height_source":"LoD1 solid top minus bottom","production":"2023","laser":"2019","footprints":"2020"},"geometry":{"type":"Polygon","coordinates":[[[13.824627113962803,51.127205430854886],[13.824626168035968,51.127232561325606],[13.824625346447714,51.12725929736702],[13.824624599704002,51.12727745512175],[13.824705028125477,51.127278623219745],[13.824700342299318,51.127209871871194],[13.824700429015888,51.12720645551551],[13.824627113962803,51.127205430854886]]]}},{"type":"Feature","id":"DESNATPU1000Ivc1","properties":{"id":"DESNATPU1000Ivc1","height_m":2.321,"ground_m":216.433,"height_source":"LoD1 solid top minus bottom","production":"2023","laser":"2019","footprints":"2020"},"geometry":{"type":"Polygon","coordinates":[[[13.820552558557884,51.12847151264129],[13.820550013590815,51.12850970596525],[13.820592715397666,51.128510856070626],[13.820592604582327,51.12850959597438],[13.820596549523776,51.12845010406042],[13.820554278692452,51.12844886837609],[13.820552558557884,51.12847151264129]]]}},{"type":"Feature","id":"DESNATP1Yr00007A","properties":{"id":"DESNATP1Yr00007A","height_m":2.778,"ground_m":191.351,"height_source":"LoD1 solid top minus bottom","production":"2023","laser":"2019","footprints":"2020"},"geometry":{"type":"Polygon","coordinates":[[[13.799692190325977,51.1390117095058],[13.79960062727517,51.139045013904],[13.799646546256911,51.13909499006108],[13.799738123432434,51.13906169476462],[13.799692190325977,51.1390117095058]]]}},{"type":"Feature","id":"DESNATPU1000Ht1w","properties":{"id":"DESNATPU1000Ht1w","height_m":2.409,"ground_m":216.395,"height_source":"LoD1 solid top minus bottom","production":"2023","laser":"2019","footprints":"2020"},"geometry":{"type":"Polygon","coordinates":[[[13.822222432528049,51.128552820962305],[13.822264855533055,51.12855369786752],[13.822267675797317,51.128504626113454],[13.822225112247365,51.12850365786656],[13.822222432528049,51.128552820962305]]]}},{"type":"Feature","id":"DESNATP11N0000vY","properties":{"id":"DESNATP11N0000vY","height_m":5.171,"ground_m":224.44,"height_source":"LoD1 solid top minus bottom","production":"2023","laser":"2019","footprints":"2020"},"geometry":{"type":"Polygon","coordinates":[[[13.821535008085478,51.12670140162683],[13.82137728773035,51.12670337314775],[13.821375126078669,51.12678829646297],[13.821532828646946,51.12678703518852],[13.821535008085478,51.12670140162683]]]}},{"type":"Feature","id":"DESNATPU1000CCtQ","properties":{"id":"DESNATPU1000CCtQ","height_m":8.51,"ground_m":216.009,"height_source":"LoD1 solid top minus bottom","production":"2023","laser":"2019","footprints":"2020"},"geometry":{"type":"Polygon","coordinates":[[[13.821966375502475,51.12854547558362],[13.822036641185337,51.128547352472616],[13.822043957980796,51.128439513739465],[13.82197298036591,51.12843753975523],[13.821966375502475,51.12854547558362]]]}},{"type":"Feature","id":"DESNATPU1000BTJk","properties":{"id":"DESNATPU1000BTJk","height_m":2.291,"ground_m":214.236,"height_source":"LoD1 solid top minus bottom","production":"2023","laser":"2019","footprints":"2020"},"geometry":{"type":"Polygon","coordinates":[[[13.817985261180636,51.1291713916109],[13.817936620487815,51.1291733279692],[13.817938334960928,51.12919070122044],[13.817941388813479,51.12922166699502],[13.817985881483114,51.129219868560426],[13.817986073136789,51.12922355750667],[13.818058032952486,51.1292206877743],[13.81805461476095,51.129186076275005],[13.818053603632722,51.129175859335035],[13.817986080009106,51.12917850412456],[13.817985261180636,51.1291713916109]]]}},{"type":"Feature","id":"DESNATPU1000Gqap","properties":{"id":"DESNATPU1000Gqap","height_m":3.218,"ground_m":224.913,"height_source":"LoD1 solid top minus bottom","production":"2023","laser":"2019","footprints":"2020"},"geometry":{"type":"Polygon","coordinates":[[[13.817717170859073,51.12658489684661],[13.817717448170665,51.126546051147535],[13.817596526950597,51.12654689683015],[13.817595836996068,51.12658510886721],[13.817717170859073,51.12658489684661]]]}},{"type":"Feature","id":"DESNATPU1000HQza","properties":{"id":"DESNATPU1000HQza","height_m":2.617,"ground_m":222.469,"height_source":"LoD1 solid top minus bottom","production":"2023","laser":"2019","footprints":"2020"},"geometry":{"type":"Polygon","coordinates":[[[13.824307191479246,51.12752534057147],[13.82422146489742,51.12752456856453],[13.824220097395962,51.127578421106065],[13.824305678920629,51.12757928158226],[13.824307191479246,51.12752534057147]]]}},{"type":"Feature","id":"DESNATPU1000IaBT","properties":{"id":"DESNATPU1000IaBT","height_m":4.575,"ground_m":225.038,"height_source":"LoD1 solid top minus bottom","production":"2023","laser":"2019","footprints":"2020"},"geometry":{"type":"Polygon","coordinates":[[[13.827689551240386,51.126928640042294],[13.827614771373291,51.12698661267709],[13.827694200153518,51.127027246657796],[13.827769263457018,51.12696936674105],[13.827689551240386,51.126928640042294]]]}},{"type":"Feature","id":"DESNATPU1000Ix2q","properties":{"id":"DESNATPU1000Ix2q","height_m":2.359,"ground_m":215.391,"height_source":"LoD1 solid top minus bottom","production":"2023","laser":"2019","footprints":"2020"},"geometry":{"type":"Polygon","coordinates":[[[13.821158155640397,51.129327429654495],[13.821115303316601,51.12932654802219],[13.821072453283927,51.12932557647024],[13.821029605542629,51.129324514998665],[13.820987043561978,51.12932345639251],[13.82094405294591,51.129322393449044],[13.820901343511354,51.129321513179015],[13.820899153219276,51.129357012269786],[13.82089797403947,51.12937525556643],[13.820940966992756,51.12937622862317],[13.820983671899945,51.12937728868697],[13.821026519688735,51.12937835017569],[13.82106936976899,51.12937932174477],[13.821112219851301,51.12938029329816],[13.821154927056273,51.129381263395516],[13.821198058323523,51.12938241760608],[13.821240763243864,51.129383477576056],[13.821283472744069,51.12938435772254],[13.821326465716256,51.129385330637675],[13.821329408342852,51.12933149401038],[13.821286556010993,51.12933061244079],[13.82124385113807,51.12932955248783],[13.821200860508881,51.12932848963872],[13.821158155640397,51.129327429654495]]]}},{"type":"Feature","id":"DESNATPU1000F7zd","properties":{"id":"DESNATPU1000F7zd","height_m":2.855,"ground_m":218.584,"height_source":"LoD1 solid top minus bottom","production":"2023","laser":"2019","footprints":"2020"},"geometry":{"type":"Polygon","coordinates":[[[13.823201395488947,51.12810277202419],[13.823200490376712,51.12811589226192],[13.823195674485282,51.12818167038232],[13.823260968728459,51.1281823274556],[13.823262995278878,51.128091341695615],[13.823202441191134,51.12808974312829],[13.823201395488947,51.12810277202419]]]}},{"type":"Feature","id":"DESNATPU1000BRiz","properties":{"id":"DESNATPU1000BRiz","height_m":3.045,"ground_m":223.195,"height_source":"LoD1 solid top minus bottom","production":"2023","laser":"2019","footprints":"2020"},"geometry":{"type":"Polygon","coordinates":[[[13.823148689774186,51.12723798883168],[13.823027749679733,51.12723332741989],[13.823019026323113,51.12730889523999],[13.82314142448515,51.12731298680841],[13.823148689774186,51.12723798883168]]]}},{"type":"Feature","id":"DESNATPU1000GG84","properties":{"id":"DESNATPU1000GG84","height_m":5.726,"ground_m":215.44,"height_source":"LoD1 solid top minus bottom","production":"2023","laser":"2019","footprints":"2020"},"geometry":{"type":"Polygon","coordinates":[[[13.823474529918832,51.129198331522545],[13.823470121679778,51.12929307024033],[13.823605258040194,51.1292955089082],[13.823609954045354,51.129200683154224],[13.823474529918832,51.129198331522545]]]}},{"type":"Feature","id":"DESNATPU1000JCja","properties":{"id":"DESNATPU1000JCja","height_m":2.809,"ground_m":221.192,"height_source":"LoD1 solid top minus bottom","production":"2023","laser":"2019","footprints":"2020"},"geometry":{"type":"Polygon","coordinates":[[[13.821446565904674,51.12742330799905],[13.821473899611663,51.127424626634195],[13.821475578442918,51.127410884715104],[13.821543748621998,51.127414170627745],[13.821553854617589,51.127331539585235],[13.821458337079084,51.12732691692242],[13.821446565904674,51.12742330799905]]]}},{"type":"Feature","id":"DESNATPU1000FYIs","properties":{"id":"DESNATPU1000FYIs","height_m":2.779,"ground_m":185.973,"height_source":"LoD1 solid top minus bottom","production":"2023","laser":"2019","footprints":"2020"},"geometry":{"type":"Polygon","coordinates":[[[13.808044268113663,51.138000942798406],[13.808036793697479,51.137990893713194],[13.808004170037536,51.13800048913325],[13.808048725940179,51.13806041198702],[13.8081272328968,51.13803699479266],[13.80809023430305,51.13798722980836],[13.808044268113663,51.138000942798406]]]}},{"type":"Feature","id":"DESNATPU1000DI2l","properties":{"id":"DESNATPU1000DI2l","height_m":2.312,"ground_m":214.802,"height_source":"LoD1 solid top minus bottom","production":"2023","laser":"2019","footprints":"2020"},"geometry":{"type":"Polygon","coordinates":[[[13.820147436806957,51.12938980746006],[13.8201466359947,51.129443665671864],[13.820232230004898,51.12944416953556],[13.820233175887857,51.12939022286009],[13.820147436806957,51.12938980746006]]]}},{"type":"Feature","id":"DESNATPU1000CAPs","properties":{"id":"DESNATPU1000CAPs","height_m":6.014,"ground_m":230.125,"height_source":"LoD1 solid top minus bottom","production":"2023","laser":"2019","footprints":"2020"},"geometry":{"type":"Polygon","coordinates":[[[13.826752208313554,51.12396104412525],[13.826775200973703,51.124043387222734],[13.82694287742331,51.1240248448445],[13.826911953683426,51.12392444579524],[13.826816944983177,51.123934967315115],[13.82682208216611,51.12395330102848],[13.826752208313554,51.12396104412525]]]}},{"type":"Feature","id":"UUID_4387de21-a1b4-4d7b-83d1-b2c6d7d2a0bc","properties":{"id":"UUID_4387de21-a1b4-4d7b-83d1-b2c6d7d2a0bc","height_m":2.451,"ground_m":228.566,"height_source":"LoD1 solid top minus bottom","production":"2023","laser":"2019","footprints":"2020"},"geometry":{"type":"Polygon","coordinates":[[[13.825193855859501,51.12583364161034],[13.825171409719005,51.12583572722523],[13.825185810184767,51.12590855993719],[13.825210908039613,51.12590503514898],[13.825193855859501,51.12583364161034]]]}},{"type":"Feature","id":"UUID_a4671310-b0af-4639-a86f-3d773637ee64","properties":{"id":"UUID_a4671310-b0af-4639-a86f-3d773637ee64","height_m":4.91,"ground_m":228.566,"height_source":"LoD1 solid top minus bottom","production":"2023","laser":"2019","footprints":"2020"},"geometry":{"type":"Polygon","coordinates":[[[13.824922607332917,51.12600879186661],[13.824869911947852,51.125863749551904],[13.824840189109485,51.12586650837113],[13.824857238473104,51.12593799186159],[13.824875277975355,51.12601551041108],[13.824922607332917,51.12600879186661]]]}},{"type":"Feature","id":"UUID_a91191e5-8d84-4336-b1d6-fff461a67d42","properties":{"id":"UUID_a91191e5-8d84-4336-b1d6-fff461a67d42","height_m":4.456,"ground_m":228.566,"height_source":"LoD1 solid top minus bottom","production":"2023","laser":"2019","footprints":"2020"},"geometry":{"type":"Polygon","coordinates":[[[13.825209873748637,51.126030293135365],[13.825185810184767,51.12590855993719],[13.825171409719005,51.12583572722523],[13.824869911947852,51.125863749551904],[13.824922607332917,51.12600879186661],[13.824928083963197,51.126023864717965],[13.825209873748637,51.126030293135365]]]}},{"type":"Feature","id":"UUID_9fadacba-10a9-4367-a4f3-2df82e0c990b","properties":{"id":"UUID_9fadacba-10a9-4367-a4f3-2df82e0c990b","height_m":4.08,"ground_m":220.825,"height_source":"LoD1 solid top minus bottom","production":"2023","laser":"2019","footprints":"2020"},"geometry":{"type":"Polygon","coordinates":[[[13.81741982186186,51.12764138403604],[13.81741850096774,51.127608610243946],[13.817393135189585,51.12760913608246],[13.817394813709598,51.12764189550624],[13.817419421585493,51.12764138898075],[13.81741982186186,51.12764138403604]]]}},{"type":"Feature","id":"UUID_afb01a68-fc2a-48d7-b1ed-3195d5f86edc","properties":{"id":"UUID_afb01a68-fc2a-48d7-b1ed-3195d5f86edc","height_m":9.133,"ground_m":220.825,"height_source":"LoD1 solid top minus bottom","production":"2023","laser":"2019","footprints":"2020"},"geometry":{"type":"Polygon","coordinates":[[[13.81741982186186,51.12764138403604],[13.817419421585493,51.12764138898075],[13.817421260985757,51.127676802879606],[13.817491309810093,51.12767536200376],[13.817486179266186,51.127576318396585],[13.817417245924522,51.127577734578935],[13.81741884409433,51.12760860472128],[13.81741850096774,51.127608610243946],[13.81741982186186,51.12764138403604]]]}},{"type":"Feature","id":"DESNATPU1000Ejr4","properties":{"id":"DESNATPU1000Ejr4","height_m":9.232,"ground_m":216.955,"height_source":"LoD1 solid top minus bottom","production":"2023","laser":"2019","footprints":"2020"},"geometry":{"type":"Polygon","coordinates":[[[13.823755494222622,51.128613574879886],[13.823841047956739,51.128615604461054],[13.823846145613691,51.12851619645074],[13.823760020555477,51.12851416112585],[13.823755494222622,51.128613574879886]]]}},{"type":"Feature","id":"UUID_96d307bb-1f48-40a0-8a95-0deaf24e1840","properties":{"id":"UUID_96d307bb-1f48-40a0-8a95-0deaf24e1840","height_m":3.165,"ground_m":227.257,"height_source":"LoD1 solid top minus bottom","production":"2023","laser":"2019","footprints":"2020"},"geometry":{"type":"Polygon","coordinates":[[[13.818201201307637,51.126177159200424],[13.81822403946472,51.12617765079884],[13.818225894419758,51.12614360516282],[13.818203056279433,51.12614311356487],[13.818201201307637,51.126177159200424]]]}},{"type":"Feature","id":"UUID_7c577e6c-2add-4fb3-b115-0cad7a81e321","properties":{"id":"UUID_7c577e6c-2add-4fb3-b115-0cad7a81e321","height_m":5.96,"ground_m":227.257,"height_source":"LoD1 solid top minus bottom","production":"2023","laser":"2019","footprints":"2020"},"geometry":{"type":"Polygon","coordinates":[[[13.81816128999617,51.12618042485838],[13.81820096763489,51.12618127549966],[13.818201201307637,51.126177159200424],[13.8182029297758,51.1261452705366],[13.818203056279433,51.12614311356487],[13.818204830986415,51.12611053292952],[13.818078628750126,51.12610780958524],[13.818076741502457,51.12614255632446],[13.818074377933826,51.126185886286414],[13.81816088890951,51.12618774087002],[13.81816128999617,51.12618042485838]]]}},{"type":"Feature","id":"UUID_6db3d8f1-f77c-4f5b-b985-201eb0ec8355","properties":{"id":"UUID_6db3d8f1-f77c-4f5b-b985-201eb0ec8355","height_m":3.683,"ground_m":223.645,"height_source":"LoD1 solid top minus bottom","production":"2023","laser":"2019","footprints":"2020"},"geometry":{"type":"Polygon","coordinates":[[[13.825759039501039,51.127558273674154],[13.825788648620506,51.127557222089976],[13.82578912056072,51.12755720884353],[13.82578758041859,51.12752721170971],[13.825756655510261,51.12752830403704],[13.825759039501039,51.127558273674154]]]}},{"type":"Feature","id":"UUID_686d9fff-9248-48d4-9d59-c49dc3ea0a1e","properties":{"id":"UUID_686d9fff-9248-48d4-9d59-c49dc3ea0a1e","height_m":6.467,"ground_m":223.645,"height_source":"LoD1 solid top minus bottom","production":"2023","laser":"2019","footprints":"2020"},"geometry":{"type":"Polygon","coordinates":[[[13.825835765841159,51.12749749805654],[13.825786120986029,51.12749910385361],[13.825788409999276,51.12752718406907],[13.82578758041859,51.12752721170971],[13.82578912056072,51.12755720884353],[13.825788648620506,51.127557222089976],[13.825790052276908,51.127575131661644],[13.825812510863805,51.127574278050886],[13.82584090305519,51.127573313153725],[13.82588588733043,51.12757177744344],[13.825879517908318,51.127496084866856],[13.825835765841159,51.12749749805654]]]}},{"type":"Feature","id":"DESNATPU1000EwZZ","properties":{"id":"DESNATPU1000EwZZ","height_m":2.76,"ground_m":185.747,"height_source":"LoD1 solid top minus bottom","production":"2023","laser":"2019","footprints":"2020"},"geometry":{"type":"Polygon","coordinates":[[[13.809346477050415,51.138856122447955],[13.809404399952134,51.138921639425206],[13.809488923498122,51.13889219451444],[13.809431000512205,51.13882667757817],[13.809346477050415,51.138856122447955]]]}},{"type":"Feature","id":"DESNATPU1000DS7U","properties":{"id":"DESNATPU1000DS7U","height_m":2.377,"ground_m":225.004,"height_source":"LoD1 solid top minus bottom","production":"2023","laser":"2019","footprints":"2020"},"geometry":{"type":"Polygon","coordinates":[[[13.827332709551934,51.126894756682674],[13.82730887046643,51.126897656068785],[13.827288271216005,51.12690015629152],[13.82730774048208,51.12694396614439],[13.827324724032184,51.126989999241516],[13.82735142123521,51.12707569763292],[13.827374315629461,51.127072860706264],[13.827400449869936,51.12706962461359],[13.827373893174808,51.12698401756962],[13.827332709551934,51.126894756682674]]]}},{"type":"Feature","id":"UUID_66ba7ba6-d7c9-4166-adf7-49c318062b28","properties":{"id":"UUID_66ba7ba6-d7c9-4166-adf7-49c318062b28","height_m":3.17,"ground_m":186.563,"height_source":"LoD1 solid top minus bottom","production":"2023","laser":"2019","footprints":"2020"},"geometry":{"type":"Polygon","coordinates":[[[13.805261735783942,51.13887671108921],[13.80525919053308,51.13886677513192],[13.805182129659677,51.13887448594334],[13.805184892737522,51.13888428923735],[13.805261735783942,51.13887671108921]]]}},{"type":"Feature","id":"UUID_77ff7a4a-3646-4ec8-bdca-f113d7869be2","properties":{"id":"UUID_77ff7a4a-3646-4ec8-bdca-f113d7869be2","height_m":3.315,"ground_m":186.563,"height_source":"LoD1 solid top minus bottom","production":"2023","laser":"2019","footprints":"2020"},"geometry":{"type":"Polygon","coordinates":[[[13.80527101775909,51.13891307347088],[13.805261735783942,51.13887671108921],[13.805184892737522,51.13888428923735],[13.805128127466666,51.138889887250535],[13.80513746381636,51.13892580056367],[13.80527101775909,51.13891307347088]]]}},{"type":"Feature","id":"DESNATPU1000Bpvi","properties":{"id":"DESNATPU1000Bpvi","height_m":4.029,"ground_m":185.242,"height_source":"LoD1 solid top minus bottom","production":"2023","laser":"2019","footprints":"2020"},"geometry":{"type":"Polygon","coordinates":[[[13.807840530779359,51.13917306061551],[13.807821330085945,51.13913599482309],[13.807808185826651,51.13910798346579],[13.807721064362836,51.139127238931934],[13.807735674718217,51.13915382641431],[13.807755057629267,51.13918936532003],[13.807778882417583,51.139185651418856],[13.807783219288234,51.13919486818231],[13.807803012191142,51.13919118511459],[13.807824011547355,51.139187280532205],[13.80781897633494,51.13917742716241],[13.807840530779359,51.13917306061551]]]}},{"type":"Feature","id":"DESNATPU1000Iz5X","properties":{"id":"DESNATPU1000Iz5X","height_m":2.686,"ground_m":186.948,"height_source":"LoD1 solid top minus bottom","production":"2023","laser":"2019","footprints":"2020"},"geometry":{"type":"Polygon","coordinates":[[[13.808993007459545,51.137799325415294],[13.809082492284917,51.137770875559546],[13.809030599688802,51.13770605829783],[13.80894111495818,51.13773450811481],[13.808993007459545,51.137799325415294]]]}},{"type":"Feature","id":"DESNATPU1000IRWY","properties":{"id":"DESNATPU1000IRWY","height_m":4.145,"ground_m":190.691,"height_source":"LoD1 solid top minus bottom","production":"2023","laser":"2019","footprints":"2020"},"geometry":{"type":"Polygon","coordinates":[[[13.799860872863333,51.13685046145438],[13.79977392682236,51.136896061431905],[13.799784582190311,51.13690408437101],[13.799859732151736,51.13696061039663],[13.799887122854324,51.13694614345189],[13.799913208777863,51.13693238252759],[13.799946682893333,51.13691483054978],[13.799860872863333,51.13685046145438]]]}},{"type":"Feature","id":"DESNATPU1000DPUs","properties":{"id":"DESNATPU1000DPUs","height_m":2.843,"ground_m":214.978,"height_source":"LoD1 solid top minus bottom","production":"2023","laser":"2019","footprints":"2020"},"geometry":{"type":"Polygon","coordinates":[[[13.81920798983112,51.12897745196733],[13.8191365950866,51.12898059789335],[13.819143714756079,51.12904325901159],[13.819214821547575,51.129040200100334],[13.81920798983112,51.12897745196733]]]}},{"type":"Feature","id":"DESNATPU1000DZ94","properties":{"id":"DESNATPU1000DZ94","height_m":5.791,"ground_m":221.507,"height_source":"LoD1 solid top minus bottom","production":"2023","laser":"2019","footprints":"2020"},"geometry":{"type":"Polygon","coordinates":[[[13.821619695016254,51.127200064271996],[13.821533414995175,51.12719467145679],[13.821522377324762,51.12726449649034],[13.821503685918277,51.12726332791331],[13.821498336358161,51.12729720347712],[13.821603307990166,51.127303764883564],[13.821619695016254,51.127200064271996]]]}},{"type":"Feature","id":"DESNATP1Yr00008i","properties":{"id":"DESNATP1Yr00008i","height_m":1.87,"ground_m":227.404,"height_source":"LoD1 solid top minus bottom","production":"2023","laser":"2019","footprints":"2020"},"geometry":{"type":"Polygon","coordinates":[[[13.821314046459849,51.12592656618267],[13.821214020472402,51.12593411895402],[13.821226113119161,51.12599744160355],[13.82132612518372,51.12598987968841],[13.821314046459849,51.12592656618267]]]}},{"type":"Feature","id":"DESNATPU1000EKF9","properties":{"id":"DESNATPU1000EKF9","height_m":6.223,"ground_m":229.186,"height_source":"LoD1 solid top minus bottom","production":"2023","laser":"2019","footprints":"2020"},"geometry":{"type":"Polygon","coordinates":[[[13.82518837778146,51.12574145631076],[13.825352689833771,51.125722297867725],[13.825327178482857,51.12563565767088],[13.825162881015432,51.12565481622385],[13.82518837778146,51.12574145631076]]]}},{"type":"Feature","id":"DESNATPU1000CBcL","properties":{"id":"DESNATPU1000CBcL","height_m":7.32,"ground_m":221.565,"height_source":"LoD1 solid top minus bottom","production":"2023","laser":"2019","footprints":"2020"},"geometry":{"type":"Polygon","coordinates":[[[13.826932724553146,51.12805278171687],[13.826910360596964,51.12798333155974],[13.826849870768461,51.12799104297128],[13.826800177026703,51.12799737887066],[13.826822249049162,51.12806593584307],[13.826863455012926,51.12806068383459],[13.82686790643521,51.12807451430188],[13.826876394286515,51.12807343040181],[13.826909270248262,51.128069236882745],[13.82690509630259,51.12805629947799],[13.826932724553146,51.12805278171687]]]}},{"type":"Feature","id":"UUID_e6155337-e5f1-4409-86ee-9e821b8f1c24","properties":{"id":"UUID_e6155337-e5f1-4409-86ee-9e821b8f1c24","height_m":7.178,"ground_m":226.538,"height_source":"LoD1 solid top minus bottom","production":"2023","laser":"2019","footprints":"2020"},"geometry":{"type":"Polygon","coordinates":[[[13.821149448669544,51.12607248627409],[13.821108847843284,51.126076465402726],[13.821126755326686,51.12614882140576],[13.821167356215058,51.126144842271344],[13.821149448669544,51.12607248627409]]]}},{"type":"Feature","id":"UUID_fd34f911-1037-4ef1-8729-d30bbab8b72a","properties":{"id":"UUID_fd34f911-1037-4ef1-8729-d30bbab8b72a","height_m":3.642,"ground_m":226.538,"height_source":"LoD1 solid top minus bottom","production":"2023","laser":"2019","footprints":"2020"},"geometry":{"type":"Polygon","coordinates":[[[13.821126755326686,51.12614882140576],[13.82114992320869,51.12624245322504],[13.821270493982508,51.12623063822772],[13.821247311574874,51.126137006286555],[13.821126755326686,51.12614882140576]]]}},{"type":"Feature","id":"DESNATPU1000ICfp","properties":{"id":"DESNATPU1000ICfp","height_m":2.661,"ground_m":185.667,"height_source":"LoD1 solid top minus bottom","production":"2023","laser":"2019","footprints":"2020"},"geometry":{"type":"Polygon","coordinates":[[[13.806989984853049,51.13906825509143],[13.80711356299361,51.13909316648052],[13.80713073507976,51.13905916938741],[13.807007302245923,51.13903416957137],[13.806989984853049,51.13906825509143]]]}},{"type":"Feature","id":"UUID_16af41b6-e336-45e9-95f4-432ec7f051f3","properties":{"id":"UUID_16af41b6-e336-45e9-95f4-432ec7f051f3","height_m":2.954,"ground_m":226.066,"height_source":"LoD1 solid top minus bottom","production":"2023","laser":"2019","footprints":"2020"},"geometry":{"type":"Polygon","coordinates":[[[13.822554406342178,51.126311045497424],[13.82253805725191,51.12629533248561],[13.82251772175945,51.126358832049114],[13.822516759148739,51.12636184390534],[13.822516673655265,51.12636183405176],[13.822512629819418,51.12637474282895],[13.82255850142813,51.12638042049482],[13.822563422823333,51.126364472025],[13.822574388682506,51.12632887240523],[13.822549743032862,51.126325836506645],[13.822554406342178,51.126311045497424]]]}},{"type":"Feature","id":"UUID_c06ddeb1-a1c6-4445-ae27-30ee9b273967","properties":{"id":"UUID_c06ddeb1-a1c6-4445-ae27-30ee9b273967","height_m":6.978,"ground_m":226.066,"height_source":"LoD1 solid top minus bottom","production":"2023","laser":"2019","footprints":"2020"},"geometry":{"type":"Polygon","coordinates":[[[13.822516673655265,51.12636183405176],[13.822516759148739,51.12636184390534],[13.82253805725191,51.12629533248561],[13.822537945470703,51.126295232440285],[13.822547868714032,51.12626466723229],[13.822465963180605,51.12625422028194],[13.822435330292821,51.12635175244973],[13.822516673655265,51.12636183405176]]]}},{"type":"Feature","id":"DESNATP1Yr00007S","properties":{"id":"DESNATP1Yr00007S","height_m":2.256,"ground_m":189.95,"height_source":"LoD1 solid top minus bottom","production":"2023","laser":"2019","footprints":"2020"},"geometry":{"type":"Polygon","coordinates":[[[13.800081820426803,51.137629329755654],[13.800130998838874,51.137659959902024],[13.800237137276566,51.13759252443423],[13.800187944574045,51.13756189418555],[13.800081820426803,51.137629329755654]]]}},{"type":"Feature","id":"DESNATPU1000E4eH","properties":{"id":"DESNATPU1000E4eH","height_m":3.548,"ground_m":226.012,"height_source":"LoD1 solid top minus bottom","production":"2023","laser":"2019","footprints":"2020"},"geometry":{"type":"Polygon","coordinates":[[[13.823283760137462,51.12648700043966],[13.823184166844085,51.12649211323734],[13.823189886757271,51.126536954473636],[13.823289620732648,51.12653193301352],[13.823283760137462,51.12648700043966]]]}},{"type":"Feature","id":"DESNATPU1000HfIc","properties":{"id":"DESNATPU1000HfIc","height_m":3.492,"ground_m":218.173,"height_source":"LoD1 solid top minus bottom","production":"2023","laser":"2019","footprints":"2020"},"geometry":{"type":"Polygon","coordinates":[[[13.82489781455011,51.128838366446146],[13.82494166894426,51.128839166835824],[13.824945893223157,51.12878534300631],[13.824900898139624,51.128784441228305],[13.82489781455011,51.128838366446146]]]}},{"type":"Feature","id":"DESNATPU1000EWA1","properties":{"id":"DESNATPU1000EWA1","height_m":6.133,"ground_m":228.866,"height_source":"LoD1 solid top minus bottom","production":"2023","laser":"2019","footprints":"2020"},"geometry":{"type":"Polygon","coordinates":[[[13.82496554943018,51.125755413273744],[13.82494729171597,51.12568086013506],[13.824745299964635,51.125700412688204],[13.824763416773607,51.12577487451613],[13.82496554943018,51.125755413273744]]]}},{"type":"Feature","id":"DESNATPU1000FcwP","properties":{"id":"DESNATPU1000FcwP","height_m":7.414,"ground_m":225.652,"height_source":"LoD1 solid top minus bottom","production":"2023","laser":"2019","footprints":"2020"},"geometry":{"type":"Polygon","coordinates":[[[13.82731892594631,51.126868521635195],[13.827472912611345,51.1268475210662],[13.827442707434841,51.126759827115066],[13.827288720821363,51.12678083663684],[13.82731892594631,51.126868521635195]]]}},{"type":"Feature","id":"DESNATPU1000EZQg","properties":{"id":"DESNATPU1000EZQg","height_m":8.058,"ground_m":215.321,"height_source":"LoD1 solid top minus bottom","production":"2023","laser":"2019","footprints":"2020"},"geometry":{"type":"Polygon","coordinates":[[[13.823104643867893,51.12920477123667],[13.823175908475974,51.129206747417534],[13.823183109576542,51.129097738418245],[13.823111686260402,51.129096390132986],[13.823104643867893,51.12920477123667]]]}},{"type":"Feature","id":"DESNATPU1000IRfq","properties":{"id":"DESNATPU1000IRfq","height_m":7.695,"ground_m":224.005,"height_source":"LoD1 solid top minus bottom","production":"2023","laser":"2019","footprints":"2020"},"geometry":{"type":"Polygon","coordinates":[[[13.825383295501052,51.12729084293035],[13.825378922681635,51.1272559073192],[13.825248107412301,51.12726250679289],[13.825259243335477,51.12735137664061],[13.825389966516726,51.12734503701705],[13.825383295501052,51.12729084293035]]]}},{"type":"Feature","id":"DESNATPU1000G3tC","properties":{"id":"DESNATPU1000G3tC","height_m":2.5,"ground_m":186.558,"height_source":"LoD1 solid top minus bottom","production":"2023","laser":"2019","footprints":"2020"},"geometry":{"type":"Polygon","coordinates":[[[13.810306342423253,51.13847848571257],[13.810194806101721,51.13850783624227],[13.81021637354048,51.13854186820484],[13.81024596724264,51.138536144173656],[13.81026935323915,51.1385717233856],[13.810330350292716,51.13855660669262],[13.810309372878404,51.13852186133805],[13.810329246567436,51.13851612833106],[13.810306342423253,51.13847848571257]]]}},{"type":"Feature","id":"UUID_5d87a532-ae6a-4f98-a9de-bc2650ff7e65","properties":{"id":"UUID_5d87a532-ae6a-4f98-a9de-bc2650ff7e65","height_m":2.67,"ground_m":187.047,"height_source":"LoD1 solid top minus bottom","production":"2023","laser":"2019","footprints":"2020"},"geometry":{"type":"Polygon","coordinates":[[[13.809793370762558,51.13782039630616],[13.80981390720497,51.13785558690681],[13.80989303430468,51.13783579889896],[13.809848711526536,51.137763945816],[13.8097707120334,51.1377815780299],[13.809793370762558,51.13782039630616]]]}},{"type":"Feature","id":"UUID_e03e0080-8ade-41d5-b668-b1f74ba574d3","properties":{"id":"UUID_e03e0080-8ade-41d5-b668-b1f74ba574d3","height_m":2.369,"ground_m":187.047,"height_source":"LoD1 solid top minus bottom","production":"2023","laser":"2019","footprints":"2020"},"geometry":{"type":"Polygon","coordinates":[[[13.809762901541108,51.13782683072708],[13.809793370762558,51.13782039630616],[13.8097707120334,51.1377815780299],[13.80974059061752,51.137788384685436],[13.809762901541108,51.13782683072708]]]}},{"type":"Feature","id":"DESNATPU1000HwyE","properties":{"id":"DESNATPU1000HwyE","height_m":2.507,"ground_m":229.937,"height_source":"LoD1 solid top minus bottom","production":"2023","laser":"2019","footprints":"2020"},"geometry":{"type":"Polygon","coordinates":[[[13.827379813743326,51.12377062403413],[13.82739882652909,51.12383241473401],[13.82746877794541,51.123823853693146],[13.82744990793183,51.1237620644365],[13.827379813743326,51.12377062403413]]]}},{"type":"Feature","id":"DESNATPU1000HsRQ","properties":{"id":"DESNATPU1000HsRQ","height_m":4.773,"ground_m":190.254,"height_source":"LoD1 solid top minus bottom","production":"2023","laser":"2019","footprints":"2020"},"geometry":{"type":"Polygon","coordinates":[[[13.799826999884537,51.137621544082535],[13.79980254267004,51.13763366704511],[13.799751859597697,51.13765886601493],[13.799812079705314,51.13770687561341],[13.79986290104003,51.13768185789062],[13.799887402301302,51.13766969040396],[13.799954419073618,51.137636394690965],[13.799894058334997,51.13758829379521],[13.799826999884537,51.137621544082535]]]}},{"type":"Feature","id":"DESNATPU1000EqdC","properties":{"id":"DESNATPU1000EqdC","height_m":2.073,"ground_m":230.06,"height_source":"LoD1 solid top minus bottom","production":"2023","laser":"2019","footprints":"2020"},"geometry":{"type":"Polygon","coordinates":[[[13.827090461473452,51.123961191114184],[13.827103641237311,51.12401461409197],[13.82720132601781,51.12400507240584],[13.827188160429904,51.12395164958155],[13.827090461473452,51.123961191114184]]]}},{"type":"Feature","id":"DESNATP1Yr00008k","properties":{"id":"DESNATP1Yr00008k","height_m":3.294,"ground_m":228.789,"height_source":"LoD1 solid top minus bottom","production":"2023","laser":"2019","footprints":"2020"},"geometry":{"type":"Polygon","coordinates":[[[13.826607945182062,51.12608287320106],[13.826617082807887,51.126170050233775],[13.82669829590873,51.12616668352586],[13.826689158130456,51.12607950649846],[13.826607945182062,51.12608287320106]]]}},{"type":"Feature","id":"DESNATPU1000InCg","properties":{"id":"DESNATPU1000InCg","height_m":8.02,"ground_m":215.179,"height_source":"LoD1 solid top minus bottom","production":"2023","laser":"2019","footprints":"2020"},"geometry":{"type":"Polygon","coordinates":[[[13.821670444791863,51.12909410639287],[13.82166965149679,51.12912134628785],[13.821668076902865,51.12917591612538],[13.82173920308777,51.12917771193347],[13.821742303882644,51.12912325639289],[13.821745393687227,51.12906923239075],[13.821672414824743,51.12906723806326],[13.821670444791863,51.12909410639287]]]}},{"type":"Feature","id":"UUID_1170a375-fe9e-4b78-a4cb-7f3e7d1917d0","properties":{"id":"UUID_1170a375-fe9e-4b78-a4cb-7f3e7d1917d0","height_m":3.057,"ground_m":225.468,"height_source":"LoD1 solid top minus bottom","production":"2023","laser":"2019","footprints":"2020"},"geometry":{"type":"Polygon","coordinates":[[[13.822432028541161,51.126606896222995],[13.822427433473784,51.12660607657696],[13.822421981458739,51.12661816182645],[13.822466796042098,51.126626077059136],[13.822489527568447,51.12657513746579],[13.822459085821563,51.12656961515297],[13.822466960930967,51.1265521586786],[13.822460476923581,51.12654301075226],[13.822432028541161,51.126606896222995]]]}},{"type":"Feature","id":"UUID_136b0d48-a763-4c13-86dd-5094f47f5409","properties":{"id":"UUID_136b0d48-a763-4c13-86dd-5094f47f5409","height_m":6.795,"ground_m":225.468,"height_source":"LoD1 solid top minus bottom","production":"2023","laser":"2019","footprints":"2020"},"geometry":{"type":"Polygon","coordinates":[[[13.82239094487434,51.126495548476086],[13.822347909334482,51.1265918765913],[13.822427433473784,51.12660607657696],[13.822432028541161,51.126606896222995],[13.822460476923581,51.12654301075226],[13.822475027004147,51.126510333893926],[13.82239094487434,51.126495548476086]]]}},{"type":"Feature","id":"DESNATPU1000DEVo","properties":{"id":"DESNATPU1000DEVo","height_m":4.954,"ground_m":187.38,"height_source":"LoD1 solid top minus bottom","production":"2023","laser":"2019","footprints":"2020"},"geometry":{"type":"Polygon","coordinates":[[[13.803832673929126,51.1390152306006],[13.803869450342672,51.13908008441531],[13.803966070275957,51.13905841100045],[13.803929436651394,51.138993558676695],[13.803832673929126,51.1390152306006]]]}},{"type":"Feature","id":"DESNATPU1000FmTS","properties":{"id":"DESNATPU1000FmTS","height_m":6.709,"ground_m":216.212,"height_source":"LoD1 solid top minus bottom","production":"2023","laser":"2019","footprints":"2020"},"geometry":{"type":"Polygon","coordinates":[[[13.819515615044843,51.12843649920923],[13.819515815833862,51.12844039507745],[13.819518390031103,51.12849021367124],[13.819605044284666,51.12848830067322],[13.819604284038292,51.12847327518199],[13.81960232803462,51.128438444676924],[13.819599569003794,51.128389145795985],[13.819512912643535,51.128391148695115],[13.819515615044843,51.12843649920923]]]}},{"type":"Feature","id":"DESNATPU1000I1Xu","properties":{"id":"DESNATPU1000I1Xu","height_m":1.854,"ground_m":225.254,"height_source":"LoD1 solid top minus bottom","production":"2023","laser":"2019","footprints":"2020"},"geometry":{"type":"Polygon","coordinates":[[[13.818800539706475,51.126703038342306],[13.818873991462876,51.12670315078463],[13.81887218024476,51.12662849301332],[13.818804747527093,51.12662772195263],[13.818800539706475,51.126703038342306]]]}},{"type":"Feature","id":"DESNATPU1000FhK8","properties":{"id":"DESNATPU1000FhK8","height_m":3.587,"ground_m":227.234,"height_source":"LoD1 solid top minus bottom","production":"2023","laser":"2019","footprints":"2020"},"geometry":{"type":"Polygon","coordinates":[[[13.824585392529674,51.12622104779406],[13.824685063185418,51.126224117944005],[13.824688632951208,51.12617919029964],[13.82458881952215,51.12617611871726],[13.824585392529674,51.12622104779406]]]}},{"type":"Feature","id":"DESNATPU1000CGZz","properties":{"id":"DESNATPU1000CGZz","height_m":8.016,"ground_m":215.176,"height_source":"LoD1 solid top minus bottom","production":"2023","laser":"2019","footprints":"2020"},"geometry":{"type":"Polygon","coordinates":[[[13.820436530501667,51.12926179016439],[13.82050780421789,51.129263408355385],[13.820513988555069,51.12915528851419],[13.820442717295391,51.129153580424095],[13.820436530501667,51.12926179016439]]]}},{"type":"Feature","id":"DESNATPU1000BiCm","properties":{"id":"DESNATPU1000BiCm","height_m":2.496,"ground_m":216.391,"height_source":"LoD1 solid top minus bottom","production":"2023","laser":"2019","footprints":"2020"},"geometry":{"type":"Polygon","coordinates":[[[13.822113849072801,51.12849543295528],[13.822157274446633,51.12849623006932],[13.822160356623385,51.128442484749456],[13.822117364503782,51.128441512146374],[13.822113849072801,51.12849543295528]]]}},{"type":"Feature","id":"DESNATPU1000CSYb","properties":{"id":"DESNATPU1000CSYb","height_m":8.057,"ground_m":214.945,"height_source":"LoD1 solid top minus bottom","production":"2023","laser":"2019","footprints":"2020"},"geometry":{"type":"Polygon","coordinates":[[[13.819922914967353,51.129159936600786],[13.819916733832509,51.12926787659375],[13.819988152704996,51.12926940663938],[13.8199891870695,51.12925125181607],[13.819990047313818,51.12916142338847],[13.819922914967353,51.129159936600786]]]}},{"type":"Feature","id":"DESNATPU1000GFCX","properties":{"id":"DESNATPU1000GFCX","height_m":6.468,"ground_m":226.695,"height_source":"LoD1 solid top minus bottom","production":"2023","laser":"2019","footprints":"2020"},"geometry":{"type":"Polygon","coordinates":[[[13.825378957825661,51.12672497847919],[13.825364595529328,51.12671596740361],[13.82536447195876,51.126707881721835],[13.825237237007634,51.12670860893687],[13.82523782789715,51.1267512223028],[13.825238412109774,51.1267929723018],[13.825365518024077,51.1267922707666],[13.8253649339249,51.126750511777075],[13.825364905903399,51.12674823634161],[13.825379140849194,51.126739170803795],[13.825378957825661,51.12672497847919]]]}},{"type":"Feature","id":"DESNATPU1000BqUA","properties":{"id":"DESNATPU1000BqUA","height_m":2.423,"ground_m":216.523,"height_source":"LoD1 solid top minus bottom","production":"2023","laser":"2019","footprints":"2020"},"geometry":{"type":"Polygon","coordinates":[[[13.820782726769226,51.128451621942354],[13.820778556759574,51.12851434896556],[13.820821113411405,51.12851558745072],[13.820825428529723,51.12845277196242],[13.820782726769226,51.128451621942354]]]}},{"type":"Feature","id":"DESNATPU1000HGKs","properties":{"id":"DESNATPU1000HGKs","height_m":2.523,"ground_m":186.936,"height_source":"LoD1 solid top minus bottom","production":"2023","laser":"2019","footprints":"2020"},"geometry":{"type":"Polygon","coordinates":[[[13.80987102591541,51.137941239123876],[13.809837982018259,51.13794773728957],[13.809858009344525,51.137980494671815],[13.809970950535613,51.13795205803016],[13.809946498114146,51.13791350031074],[13.809924386699327,51.13791732201425],[13.809905739859149,51.13788646715808],[13.809845181519723,51.13790122838546],[13.80987102591541,51.137941239123876]]]}},{"type":"Feature","id":"DESNATPU1000BjAu","properties":{"id":"DESNATPU1000BjAu","height_m":2.316,"ground_m":215.339,"height_source":"LoD1 solid top minus bottom","production":"2023","laser":"2019","footprints":"2020"},"geometry":{"type":"Polygon","coordinates":[[[13.823324706255779,51.129307074555115],[13.823322337468344,51.129360916998884],[13.82336448005165,51.12936161082656],[13.823406482041714,51.12936221329745],[13.823408993610702,51.129308372288946],[13.823366991669422,51.129307769819285],[13.823324706255779,51.129307074555115]]]}},{"type":"Feature","id":"DESNATPU1000DMkS","properties":{"id":"DESNATPU1000DMkS","height_m":2.967,"ground_m":186.36,"height_source":"LoD1 solid top minus bottom","production":"2023","laser":"2019","footprints":"2020"},"geometry":{"type":"Polygon","coordinates":[[[13.809944199789012,51.138695598755305],[13.809975184294299,51.138735859608914],[13.810070823465924,51.13870715687776],[13.810039838895815,51.138666896048875],[13.809944199789012,51.138695598755305]]]}},{"type":"Feature","id":"UUID_6b0c5554-7e50-4447-9ef3-f7aea4b0dffe","properties":{"id":"UUID_6b0c5554-7e50-4447-9ef3-f7aea4b0dffe","height_m":6.24,"ground_m":214.373,"height_source":"LoD1 solid top minus bottom","production":"2023","laser":"2019","footprints":"2020"},"geometry":{"type":"Polygon","coordinates":[[[13.819205239767818,51.129111622324594],[13.819208164410288,51.12915441216477],[13.819211090891775,51.129197130081494],[13.81931546260553,51.12919430807803],[13.819316037287262,51.12920259616077],[13.819386814924716,51.12920068488693],[13.819383328104498,51.12914967004488],[13.819380403300293,51.12910688020798],[13.819321309981188,51.12910847780031],[13.819205239767818,51.129111622324594]]]}},{"type":"Feature","id":"UUID_7e035b5c-af3a-449c-9abd-aff2e32cc29b","properties":{"id":"UUID_7e035b5c-af3a-449c-9abd-aff2e32cc29b","height_m":3.633,"ground_m":214.373,"height_source":"LoD1 solid top minus bottom","production":"2023","laser":"2019","footprints":"2020"},"geometry":{"type":"Polygon","coordinates":[[[13.819379237031828,51.12908984524434],[13.819320143734446,51.12909144283622],[13.819321309981188,51.12910847780031],[13.819380403300293,51.12910688020798],[13.819379237031828,51.12908984524434]]]}},{"type":"Feature","id":"DESNATPU1000J8Cv","properties":{"id":"DESNATPU1000J8Cv","height_m":7.979,"ground_m":218.482,"height_source":"LoD1 solid top minus bottom","production":"2023","laser":"2019","footprints":"2020"},"geometry":{"type":"Polygon","coordinates":[[[13.82572641103687,51.128782841849024],[13.825640761206586,51.12878064182254],[13.825554025970558,51.12877841284682],[13.825550774484734,51.12882208471467],[13.825637373224296,51.128826317693886],[13.825694225406233,51.128829100828504],[13.825722930189132,51.12882992864392],[13.82572641103687,51.128782841849024]]]}},{"type":"Feature","id":"DESNATPU1000JYx5","properties":{"id":"DESNATPU1000JYx5","height_m":4.463,"ground_m":227.549,"height_source":"LoD1 solid top minus bottom","production":"2023","laser":"2019","footprints":"2020"},"geometry":{"type":"Polygon","coordinates":[[[13.82607844308167,51.12638586455993],[13.826081280302914,51.12643742123397],[13.826088387696558,51.126489650264766],[13.826160250110531,51.12648479618839],[13.826161124853945,51.126489750956175],[13.82623012756773,51.126484958057354],[13.826232320929677,51.12649990796114],[13.826310921059928,51.12649422215282],[13.826290110770213,51.12637369090686],[13.82607844308167,51.12638586455993]]]}},{"type":"Feature","id":"DESNATPU1000Blka","properties":{"id":"DESNATPU1000Blka","height_m":8.147,"ground_m":215.8,"height_source":"LoD1 solid top minus bottom","production":"2023","laser":"2019","footprints":"2020"},"geometry":{"type":"Polygon","coordinates":[[[13.822650693505821,51.128949359261206],[13.82272583426693,51.1289511948895],[13.822732729133277,51.128843028140764],[13.822657904935982,51.12884111476913],[13.822650693505821,51.128949359261206]]]}},{"type":"Feature","id":"DESNATPU1000FOkf","properties":{"id":"DESNATPU1000FOkf","height_m":6.409,"ground_m":190.403,"height_source":"LoD1 solid top minus bottom","production":"2023","laser":"2019","footprints":"2020"},"geometry":{"type":"Polygon","coordinates":[[[13.799893534666836,51.136693334355016],[13.800020423515056,51.13662323435703],[13.799915737971276,51.13654815014512],[13.799788849174185,51.13661825003071],[13.799893534666836,51.136693334355016]]]}},{"type":"Feature","id":"DESNATPU1000EBPk","properties":{"id":"DESNATPU1000EBPk","height_m":8.2,"ground_m":216.211,"height_source":"LoD1 solid top minus bottom","production":"2023","laser":"2019","footprints":"2020"},"geometry":{"type":"Polygon","coordinates":[[[13.82248899214046,51.12845065048897],[13.822482959984832,51.12855859210901],[13.822556375865192,51.12856023062564],[13.822558912353811,51.128511066081344],[13.822561979220183,51.128452284684876],[13.82248899214046,51.12845065048897]]]}},{"type":"Feature","id":"DESNATP11N0000vE","properties":{"id":"DESNATP11N0000vE","height_m":2.32,"ground_m":219.065,"height_source":"LoD1 solid top minus bottom","production":"2023","laser":"2019","footprints":"2020"},"geometry":{"type":"Polygon","coordinates":[[[13.818431450229225,51.12814740513835],[13.818424849606046,51.12809020778095],[13.81833905608721,51.128094259871105],[13.818345915386745,51.12815139689867],[13.818431450229225,51.12814740513835]]]}},{"type":"Feature","id":"DESNATP11N0000vB","properties":{"id":"DESNATP11N0000vB","height_m":8.061,"ground_m":215.886,"height_source":"LoD1 solid top minus bottom","production":"2023","laser":"2019","footprints":"2020"},"geometry":{"type":"Polygon","coordinates":[[[13.820476260452924,51.12867333969513],[13.820472507473186,51.12872809438479],[13.820631263072569,51.128732321481806],[13.820634839374364,51.12867776284539],[13.820476260452924,51.12867333969513]]]}},{"type":"Feature","id":"DESNATPU1000BCQy","properties":{"id":"DESNATPU1000BCQy","height_m":2.385,"ground_m":216.753,"height_source":"LoD1 solid top minus bottom","production":"2023","laser":"2019","footprints":"2020"},"geometry":{"type":"Polygon","coordinates":[[[13.820978550324531,51.128411061005224],[13.820974609519762,51.128464797641904],[13.82101773763877,51.12846604181748],[13.821021252053685,51.12841221095357],[13.820978550324531,51.128411061005224]]]}},{"type":"Feature","id":"DESNATPU1000G7yA","properties":{"id":"DESNATPU1000G7yA","height_m":3.367,"ground_m":227.2,"height_source":"LoD1 solid top minus bottom","production":"2023","laser":"2019","footprints":"2020"},"geometry":{"type":"Polygon","coordinates":[[[13.824618115398607,51.12632812011843],[13.824616520205671,51.12639096308938],[13.824687953100716,51.1263917710044],[13.824689550478729,51.12632883812775],[13.824618115398607,51.12632812011843]]]}},{"type":"Feature","id":"DESNATPU1000G2SP","properties":{"id":"DESNATPU1000G2SP","height_m":7.994,"ground_m":215.578,"height_source":"LoD1 solid top minus bottom","production":"2023","laser":"2019","footprints":"2020"},"geometry":{"type":"Polygon","coordinates":[[[13.821359252045278,51.12888899413119],[13.821430525229394,51.12889061175631],[13.821437993246464,51.12878250480502],[13.821366581928041,51.1287807059375],[13.821359252045278,51.12888899413119]]]}},{"type":"Feature","id":"DESNATPU1000EPMB","properties":{"id":"DESNATPU1000EPMB","height_m":7.981,"ground_m":220.55,"height_source":"LoD1 solid top minus bottom","production":"2023","laser":"2019","footprints":"2020"},"geometry":{"type":"Polygon","coordinates":[[[13.81890031339024,51.12763883806154],[13.818772376317098,51.12762272580434],[13.81876875767916,51.12763404703944],[13.81874890298688,51.12763141844569],[13.818741077820343,51.12765581754614],[13.818760807147049,51.12765831897693],[13.818748665354452,51.12769619051128],[13.818876742055568,51.12771243909445],[13.81890031339024,51.12763883806154]]]}},{"type":"Feature","id":"DESNATPU1000CZhq","properties":{"id":"DESNATPU1000CZhq","height_m":8.145,"ground_m":215.01,"height_source":"LoD1 solid top minus bottom","production":"2023","laser":"2019","footprints":"2020"},"geometry":{"type":"Polygon","coordinates":[[[13.821060455603359,51.12907833604061],[13.82098918672578,51.12907653838026],[13.820981713023624,51.12918482509823],[13.8210529797782,51.129186712668144],[13.821060455603359,51.12907833604061]]]}},{"type":"Feature","id":"DESNATPU1000FlqJ","properties":{"id":"DESNATPU1000FlqJ","height_m":7.884,"ground_m":215.286,"height_source":"LoD1 solid top minus bottom","production":"2023","laser":"2019","footprints":"2020"},"geometry":{"type":"Polygon","coordinates":[[[13.819736926311966,51.1290612081347],[13.819738691852185,51.129014373966825],[13.819566827729581,51.12901191979085],[13.819565062015691,51.129058753955],[13.819736926311966,51.1290612081347]]]}},{"type":"Feature","id":"DESNATPU1000DCBx","properties":{"id":"DESNATPU1000DCBx","height_m":2.466,"ground_m":216.88,"height_source":"LoD1 solid top minus bottom","production":"2023","laser":"2019","footprints":"2020"},"geometry":{"type":"Polygon","coordinates":[[[13.823584867732738,51.128596211169466],[13.82362756971305,51.12859736016756],[13.823630514168036,51.12854334364929],[13.823587805384578,51.128542464364706],[13.823584867732738,51.128596211169466]]]}},{"type":"Feature","id":"DESNATPU1000BdgJ","properties":{"id":"DESNATPU1000BdgJ","height_m":3.101,"ground_m":220.916,"height_source":"LoD1 solid top minus bottom","production":"2023","laser":"2019","footprints":"2020"},"geometry":{"type":"Polygon","coordinates":[[[13.827370565394036,51.128205076074],[13.82739383658289,51.12827484997966],[13.827494039173702,51.12826161029435],[13.827470753552237,51.12819183626428],[13.827370565394036,51.128205076074]]]}},{"type":"Feature","id":"DESNATPU1000DYwA","properties":{"id":"DESNATPU1000DYwA","height_m":6.285,"ground_m":217.764,"height_source":"LoD1 solid top minus bottom","production":"2023","laser":"2019","footprints":"2020"},"geometry":{"type":"Polygon","coordinates":[[[13.824376623743328,51.12852809544399],[13.824377145774772,51.12855988089933],[13.824377977770238,51.128609852713],[13.8244553966626,51.12861144035341],[13.824456662365185,51.12856158854793],[13.824457923498974,51.12851191655013],[13.8243776518008,51.128510120376376],[13.824376623743328,51.12852809544399]]]}},{"type":"Feature","id":"DESNATPU1000CKlA","properties":{"id":"DESNATPU1000CKlA","height_m":2.737,"ground_m":228.999,"height_source":"LoD1 solid top minus bottom","production":"2023","laser":"2019","footprints":"2020"},"geometry":{"type":"Polygon","coordinates":[[[13.828147618855159,51.12566193304321],[13.828179651290363,51.12571189376947],[13.828259047016546,51.12569164644996],[13.828226873915781,51.12564159440893],[13.828147618855159,51.12566193304321]]]}},{"type":"Feature","id":"DESNATPU1000BOUj","properties":{"id":"DESNATPU1000BOUj","height_m":9.404,"ground_m":224.695,"height_source":"LoD1 solid top minus bottom","production":"2023","laser":"2019","footprints":"2020"},"geometry":{"type":"Polygon","coordinates":[[[13.827078735667712,51.12722919300909],[13.827072834953103,51.12721051892999],[13.827048520564427,51.12721355737922],[13.827029379136821,51.12715286247926],[13.826983603374766,51.127158581287524],[13.826913627982766,51.12716732166485],[13.826942544066062,51.1272590495335],[13.827011573212879,51.12725043453729],[13.827056417199024,51.127244832269405],[13.827052528740431,51.12723247326458],[13.827078735667712,51.12722919300909]]]}},{"type":"Feature","id":"DESNATPU1000Bqnr","properties":{"id":"DESNATPU1000Bqnr","height_m":7.993,"ground_m":218.962,"height_source":"LoD1 solid top minus bottom","production":"2023","laser":"2019","footprints":"2020"},"geometry":{"type":"Polygon","coordinates":[[[13.825706959698232,51.12864819665697],[13.825764053417885,51.12865102714749],[13.825792193422457,51.128651579494054],[13.825795529026141,51.12860458116457],[13.825710064121678,51.128602428008044],[13.825623713843502,51.12860024791205],[13.825620891070727,51.128643924088315],[13.825706959698232,51.12864819665697]]]}},{"type":"Feature","id":"UUID_65be1978-10e9-4925-99cc-b2933e83e964","properties":{"id":"UUID_65be1978-10e9-4925-99cc-b2933e83e964","height_m":6.62,"ground_m":220.12,"height_source":"LoD1 solid top minus bottom","production":"2023","laser":"2019","footprints":"2020"},"geometry":{"type":"Polygon","coordinates":[[[13.82459934028275,51.12811487147567],[13.824650743435663,51.12811608957609],[13.824704174513501,51.12811736400669],[13.824704845041046,51.12810783848189],[13.824709450767179,51.12804237293835],[13.824655692759661,51.12804103227493],[13.824598107291553,51.128039590166],[13.824593484662637,51.12811472269048],[13.82459934028275,51.12811487147567]]]}},{"type":"Feature","id":"UUID_673d11d4-e6a3-41dd-8d9f-a243b7612045","properties":{"id":"UUID_673d11d4-e6a3-41dd-8d9f-a243b7612045","height_m":4.039,"ground_m":220.12,"height_source":"LoD1 solid top minus bottom","production":"2023","laser":"2019","footprints":"2020"},"geometry":{"type":"Polygon","coordinates":[[[13.824709450767179,51.12804237293835],[13.824704845041046,51.12810783848189],[13.824737980782663,51.12810862114772],[13.824740640933395,51.12806575269487],[13.824711219985922,51.12806500736562],[13.824712650036247,51.12804245005641],[13.824709450767179,51.12804237293835]]]}},{"type":"Feature","id":"DESNATPU1000FTRd","properties":{"id":"DESNATPU1000FTRd","height_m":2.372,"ground_m":214.742,"height_source":"LoD1 solid top minus bottom","production":"2023","laser":"2019","footprints":"2020"},"geometry":{"type":"Polygon","coordinates":[[[13.81993474065358,51.129391258344675],[13.819892028889301,51.12939046760961],[13.819849033659633,51.129389584071156],[13.819846517945999,51.12944342497519],[13.819889227466529,51.1294443056311],[13.819932079868474,51.12944518771325],[13.819975077443221,51.12944598131761],[13.820017786969332,51.12944686192658],[13.820060639376875,51.129447743961684],[13.820107616964444,51.129449387019854],[13.820108475100003,51.12939328121081],[13.820063295430081,51.12939399439703],[13.820020445363486,51.129393022459325],[13.819977593007586,51.12939214040985],[13.81993474065358,51.129391258344675]]]}},{"type":"Feature","id":"UUID_74bd8ab8-3ec9-4b83-bac1-2729f77f7bf3","properties":{"id":"UUID_74bd8ab8-3ec9-4b83-bac1-2729f77f7bf3","height_m":15.339,"ground_m":185.915,"height_source":"LoD1 solid top minus bottom","production":"2023","laser":"2019","footprints":"2020"},"geometry":{"type":"Polygon","coordinates":[[[13.806042227150861,51.13926592752338],[13.806027385905372,51.139266612323105],[13.806016297542348,51.13927808171094],[13.806057578836525,51.139293664859316],[13.806069210248062,51.13928220101172],[13.806063561874616,51.139273411436406],[13.806042227150861,51.13926592752338]]]}},{"type":"Feature","id":"UUID_db7188db-2c42-4d2a-a4b9-1c72a32e8919","properties":{"id":"UUID_db7188db-2c42-4d2a-a4b9-1c72a32e8919","height_m":3.481,"ground_m":185.915,"height_source":"LoD1 solid top minus bottom","production":"2023","laser":"2019","footprints":"2020"},"geometry":{"type":"Polygon","coordinates":[[[13.806078722311122,51.139337378397755],[13.806103517810154,51.13931100415541],[13.806057578836525,51.139293664859316],[13.806016297542348,51.13927808171094],[13.805989288970993,51.139306016054796],[13.80605050043032,51.13932867310929],[13.806077502535533,51.13933866988617],[13.806082897287993,51.139340667384396],[13.806083955688706,51.139339536117006],[13.806078722311122,51.139337378397755]]]}},{"type":"Feature","id":"UUID_7c580c76-7e84-4fe8-b090-76229f785fab","properties":{"id":"UUID_7c580c76-7e84-4fe8-b090-76229f785fab","height_m":3.445,"ground_m":185.915,"height_source":"LoD1 solid top minus bottom","production":"2023","laser":"2019","footprints":"2020"},"geometry":{"type":"Polygon","coordinates":[[[13.806034052096216,51.13933679644937],[13.806007009529987,51.139363831180255],[13.806024363469755,51.13937047410737],[13.80604555338529,51.13937858603384],[13.806082897287993,51.139340667384396],[13.806061728775388,51.13933283445676],[13.80605050043032,51.13932867310929],[13.806040126549473,51.13933904369181],[13.806034052096216,51.13933679644937]]]}},{"type":"Feature","id":"DESNATPU1000Jd1m","properties":{"id":"DESNATPU1000Jd1m","height_m":2.751,"ground_m":223.546,"height_source":"LoD1 solid top minus bottom","production":"2023","laser":"2019","footprints":"2020"},"geometry":{"type":"Polygon","coordinates":[[[13.826663674320434,51.12763111246662],[13.826650604796864,51.12757162949831],[13.826546906487245,51.127580750692196],[13.826559978158224,51.127640143766996],[13.826663674320434,51.12763111246662]]]}},{"type":"Feature","id":"DESNATPU1000GkaY","properties":{"id":"DESNATPU1000GkaY","height_m":2.637,"ground_m":218.736,"height_source":"LoD1 solid top minus bottom","production":"2023","laser":"2019","footprints":"2020"},"geometry":{"type":"Polygon","coordinates":[[[13.822944226673144,51.12807516602233],[13.82288808119395,51.12807554509893],[13.822879289532002,51.128123990219244],[13.823000554479988,51.12812720722035],[13.823002505407853,51.128101058090856],[13.82300674226145,51.128063691090546],[13.822946653414988,51.1280606582408],[13.822944226673144,51.12807516602233]]]}},{"type":"Feature","id":"DESNATPU1000BqNG","properties":{"id":"DESNATPU1000BqNG","height_m":3.673,"ground_m":213.803,"height_source":"LoD1 solid top minus bottom","production":"2023","laser":"2019","footprints":"2020"},"geometry":{"type":"Polygon","coordinates":[[[13.817727052293405,51.12943457872039],[13.817770121644262,51.129551775430095],[13.817866175665912,51.12953779161465],[13.817823105854186,51.129420603928914],[13.817727052293405,51.12943457872039]]]}},{"type":"Feature","id":"DESNATP11N0000v8","properties":{"id":"DESNATP11N0000v8","height_m":8.087,"ground_m":215.86,"height_source":"LoD1 solid top minus bottom","production":"2023","laser":"2019","footprints":"2020"},"geometry":{"type":"Polygon","coordinates":[[[13.820584895957424,51.12878416439788],[13.820505860744472,51.12878206329337],[13.820468871042323,51.12878107868679],[13.82046898073006,51.128779578011645],[13.820426219695946,51.128778499206206],[13.820422943773352,51.1288279889813],[13.820502707507037,51.12883010648253],[13.820581757089554,51.1288322077338],[13.820584823780457,51.12878531473601],[13.820584895957424,51.12878416439788]]]}},{"type":"Feature","id":"DESNATPU1000CNpO","properties":{"id":"DESNATPU1000CNpO","height_m":4.249,"ground_m":221.198,"height_source":"LoD1 solid top minus bottom","production":"2023","laser":"2019","footprints":"2020"},"geometry":{"type":"Polygon","coordinates":[[[13.816784857229537,51.127546229867505],[13.816689590153567,51.12754299072006],[13.816689619901318,51.12759495088913],[13.816782616827437,51.127595873925216],[13.816784857229537,51.127546229867505]]]}},{"type":"Feature","id":"DESNATPU1000FqOT","properties":{"id":"DESNATPU1000FqOT","height_m":2.816,"ground_m":227.564,"height_source":"LoD1 solid top minus bottom","production":"2023","laser":"2019","footprints":"2020"},"geometry":{"type":"Polygon","coordinates":[[[13.826346950190164,51.12635825439042],[13.826359196863871,51.12642762112213],[13.826490586719846,51.12641967727393],[13.826481287722501,51.12635240846],[13.826346950190164,51.12635825439042]]]}},{"type":"Feature","id":"DESNATPU1000EQ2t","properties":{"id":"DESNATPU1000EQ2t","height_m":8.959,"ground_m":214.8,"height_source":"LoD1 solid top minus bottom","production":"2023","laser":"2019","footprints":"2020"},"geometry":{"type":"Polygon","coordinates":[[[13.819626494718927,51.12928940743705],[13.819711623124931,51.129291345815695],[13.819717582432377,51.129192126515974],[13.819633028015357,51.12919010400778],[13.819626494718927,51.12928940743705]]]}},{"type":"Feature","id":"DESNATPU1000HRXV","properties":{"id":"DESNATPU1000HRXV","height_m":8.431,"ground_m":216.256,"height_source":"LoD1 solid top minus bottom","production":"2023","laser":"2019","footprints":"2020"},"geometry":{"type":"Polygon","coordinates":[[[13.82109004726882,51.12852234574149],[13.821161455886381,51.12852423467924],[13.821162869371419,51.12850239665835],[13.821168638705304,51.128416124861594],[13.821097232543151,51.12841414602531],[13.821091654024908,51.12849853127495],[13.82109004726882,51.12852234574149]]]}},{"type":"Feature","id":"DESNATPU1000J4Xc","properties":{"id":"DESNATPU1000J4Xc","height_m":2.954,"ground_m":185.078,"height_source":"LoD1 solid top minus bottom","production":"2023","laser":"2019","footprints":"2020"},"geometry":{"type":"Polygon","coordinates":[[[13.808844338631811,51.13931044587884],[13.808847639430969,51.13930993993709],[13.808832109552364,51.13927462031558],[13.808762315483836,51.13928712866804],[13.808792490493722,51.13935326256747],[13.808838150912164,51.13934536444233],[13.808836484588056,51.13934345900379],[13.808858446921763,51.13933990576664],[13.808844338631811,51.13931044587884]]]}},{"type":"Feature","id":"UUID_cf07623b-cebb-49f6-bc1a-015aadea8c22","properties":{"id":"UUID_cf07623b-cebb-49f6-bc1a-015aadea8c22","height_m":2.685,"ground_m":224.686,"height_source":"LoD1 solid top minus bottom","production":"2023","laser":"2019","footprints":"2020"},"geometry":{"type":"Polygon","coordinates":[[[13.820754926022095,51.12665280050092],[13.82075496823692,51.12666853816349],[13.82082209252031,51.126670761807276],[13.820836085638188,51.12667122664998],[13.820836070893192,51.12667124448671],[13.820852491903015,51.126671769780764],[13.820854365201713,51.12664310193613],[13.820823014876385,51.12664239911853],[13.820788665178478,51.12664163007529],[13.820754901023706,51.12664087591962],[13.820754926022095,51.12665280050092]]]}},{"type":"Feature","id":"UUID_f219a78f-ecc6-4cfd-9c98-c55c4b8ee2b5","properties":{"id":"UUID_f219a78f-ecc6-4cfd-9c98-c55c4b8ee2b5","height_m":2.476,"ground_m":224.686,"height_source":"LoD1 solid top minus bottom","production":"2023","laser":"2019","footprints":"2020"},"geometry":{"type":"Polygon","coordinates":[[[13.820816306639866,51.12670099089866],[13.820836070893192,51.12667124448671],[13.820836085638188,51.12667122664998],[13.82075496823692,51.12666853816349],[13.820755146356586,51.12670082377694],[13.820816306639866,51.12670099089866]]]}},{"type":"Feature","id":"UUID_509a64d9-5c47-4936-9858-c54ede9561db","properties":{"id":"UUID_509a64d9-5c47-4936-9858-c54ede9561db","height_m":2.467,"ground_m":224.686,"height_source":"LoD1 solid top minus bottom","production":"2023","laser":"2019","footprints":"2020"},"geometry":{"type":"Polygon","coordinates":[[[13.82078871874529,51.12661708052592],[13.820754851484741,51.12661700877613],[13.820754901023706,51.12664087591962],[13.820788665178478,51.12664163007529],[13.82078871874529,51.12661708052592]]]}},{"type":"Feature","id":"DESNATPU1000EkX7","properties":{"id":"DESNATPU1000EkX7","height_m":8.154,"ground_m":215.425,"height_source":"LoD1 solid top minus bottom","production":"2023","laser":"2019","footprints":"2020"},"geometry":{"type":"Polygon","coordinates":[[[13.822423806844778,51.12911437494316],[13.822423735017061,51.129141361318496],[13.82242360176127,51.129195487049465],[13.822493582695477,51.12919736079266],[13.822497171934346,51.12914333281072],[13.822500755676339,51.1290895205977],[13.82242549068461,51.129087503720505],[13.822423806844778,51.12911437494316]]]}},{"type":"Feature","id":"DESNATPU1000DjsT","properties":{"id":"DESNATPU1000DjsT","height_m":8.066,"ground_m":214.939,"height_source":"LoD1 solid top minus bottom","production":"2023","laser":"2019","footprints":"2020"},"geometry":{"type":"Polygon","coordinates":[[[13.819841033179374,51.129266123438086],[13.819916733832509,51.12926787659375],[13.819922914967353,51.129159936600786],[13.819847502539226,51.12915809643025],[13.819841033179374,51.129266123438086]]]}},{"type":"Feature","id":"DESNATPU1000EhDD","properties":{"id":"DESNATPU1000EhDD","height_m":2.987,"ground_m":228.185,"height_source":"LoD1 solid top minus bottom","production":"2023","laser":"2019","footprints":"2020"},"geometry":{"type":"Polygon","coordinates":[[[13.826887299447755,51.126135819366866],[13.82690278787759,51.12626396789332],[13.827017237502725,51.12625848837167],[13.827001748757475,51.12613033985819],[13.826887299447755,51.126135819366866]]]}},{"type":"Feature","id":"DESNATPU1000JHGL","properties":{"id":"DESNATPU1000JHGL","height_m":8.138,"ground_m":215.01,"height_source":"LoD1 solid top minus bottom","production":"2023","laser":"2019","footprints":"2020"},"geometry":{"type":"Polygon","coordinates":[[[13.821060455603359,51.12907833604061],[13.8210529797782,51.129186712668144],[13.821125673038223,51.129188704502475],[13.821127495935087,51.129162014552094],[13.821127154665287,51.12907999766148],[13.821060455603359,51.12907833604061]]]}},{"type":"Feature","id":"DESNATPU1000EZEM","properties":{"id":"DESNATPU1000EZEM","height_m":3.267,"ground_m":186.105,"height_source":"LoD1 solid top minus bottom","production":"2023","laser":"2019","footprints":"2020"},"geometry":{"type":"Polygon","coordinates":[[[13.810607010441137,51.139151589779445],[13.810534158800673,51.139148492742535],[13.810527758301827,51.139216214579776],[13.810600414134095,51.13921914776031],[13.810607010441137,51.139151589779445]]]}},{"type":"Feature","id":"UUID_331a1614-2d52-4eec-bf4e-611d31e2d36d","properties":{"id":"UUID_331a1614-2d52-4eec-bf4e-611d31e2d36d","height_m":7.862,"ground_m":186.084,"height_source":"LoD1 solid top minus bottom","production":"2023","laser":"2019","footprints":"2020"},"geometry":{"type":"Polygon","coordinates":[[[13.809798769520494,51.138773901958395],[13.80981373702803,51.13879220154764],[13.809829405387738,51.138787693796935],[13.809823340493448,51.13877951166928],[13.80987349903928,51.138765094251205],[13.80987925950471,51.13876343526843],[13.809918646222453,51.13875210960965],[13.809890921205453,51.13871183694786],[13.809844909904001,51.13872507357284],[13.809793887242348,51.13873974297241],[13.809815410847088,51.1387688016011],[13.809798769520494,51.138773901958395]]]}},{"type":"Feature","id":"UUID_e3c92d0a-fe81-4840-9580-b3850130200b","properties":{"id":"UUID_e3c92d0a-fe81-4840-9580-b3850130200b","height_m":21.781,"ground_m":186.084,"height_source":"LoD1 solid top minus bottom","production":"2023","laser":"2019","footprints":"2020"},"geometry":{"type":"Polygon","coordinates":[[[13.809890696880789,51.13878004426678],[13.80987925950471,51.13876343526843],[13.809823340493448,51.13877951166928],[13.809829405387738,51.138787693796935],[13.809835497709814,51.138795921166896],[13.809890696880789,51.13878004426678]]]}},{"type":"Feature","id":"DESNATPU1000GQM4","properties":{"id":"DESNATPU1000GQM4","height_m":3.017,"ground_m":221.312,"height_source":"LoD1 solid top minus bottom","production":"2023","laser":"2019","footprints":"2020"},"geometry":{"type":"Polygon","coordinates":[[[13.82408299790035,51.12769286852922],[13.824087937421181,51.12763905190985],[13.824002558035428,51.1276358552047],[13.823997475541493,51.127689670382985],[13.82408299790035,51.12769286852922]]]}},{"type":"Feature","id":"UUID_6dc53074-bef0-4763-a059-1954a0523926","properties":{"id":"UUID_6dc53074-bef0-4763-a059-1954a0523926","height_m":4.088,"ground_m":226.113,"height_source":"LoD1 solid top minus bottom","production":"2023","laser":"2019","footprints":"2020"},"geometry":{"type":"Polygon","coordinates":[[[13.820149230520133,51.12632341193034],[13.820151407671872,51.12630358699134],[13.820103486811393,51.12630151176366],[13.820101309868353,51.12632132771125],[13.820149230520133,51.12632341193034]]]}},{"type":"Feature","id":"UUID_e7500b83-eeb9-4500-b5dd-8965461996bd","properties":{"id":"UUID_e7500b83-eeb9-4500-b5dd-8965461996bd","height_m":3.163,"ground_m":226.113,"height_source":"LoD1 solid top minus bottom","production":"2023","laser":"2019","footprints":"2020"},"geometry":{"type":"Polygon","coordinates":[[[13.820038143936838,51.126372407402094],[13.820058985325195,51.1263733101428],[13.82005949919923,51.126373333313474],[13.82006480791641,51.12633436752233],[13.820042425153789,51.126333386280145],[13.820038143936838,51.126372407402094]]]}},{"type":"Feature","id":"UUID_491b8f05-37dd-416d-9c70-9015b847132f","properties":{"id":"UUID_491b8f05-37dd-416d-9c70-9015b847132f","height_m":7.0,"ground_m":226.113,"height_source":"LoD1 solid top minus bottom","production":"2023","laser":"2019","footprints":"2020"},"geometry":{"type":"Polygon","coordinates":[[[13.820065193436161,51.12633438040511],[13.82006480791641,51.12633436752233],[13.82005949919923,51.126373333313474],[13.820058985325195,51.1263733101428],[13.820056899954775,51.12639233565517],[13.82007565728143,51.126393145421886],[13.820073850597286,51.126409646795665],[13.8201118934275,51.126411289635385],[13.820113714385185,51.12639478840509],[13.820120266626233,51.12639507034232],[13.820170271655815,51.126397238532775],[13.820178208373015,51.126324675518426],[13.820149230520133,51.12632341193034],[13.820129174249454,51.12632254410555],[13.820101309868353,51.12632132771125],[13.820066793249774,51.126319828361424],[13.820065193436161,51.12633438040511]]]}},{"type":"Feature","id":"DESNATPU1000D4F2","properties":{"id":"DESNATPU1000D4F2","height_m":8.507,"ground_m":216.208,"height_source":"LoD1 solid top minus bottom","production":"2023","laser":"2019","footprints":"2020"},"geometry":{"type":"Polygon","coordinates":[[[13.821446809245401,51.12853160730668],[13.821519932417036,51.128533513305456],[13.82152347142589,51.12847869347957],[13.821526969236336,51.12842549192456],[13.821453989111328,51.12842358737123],[13.821446809245401,51.12853160730668]]]}},{"type":"Feature","id":"DESNATPU1000DGhs","properties":{"id":"DESNATPU1000DGhs","height_m":3.146,"ground_m":219.742,"height_source":"LoD1 solid top minus bottom","production":"2023","laser":"2019","footprints":"2020"},"geometry":{"type":"Polygon","coordinates":[[[13.824606855744962,51.12822978382078],[13.824612020200505,51.12815582579461],[13.824701714253324,51.12815798629204],[13.824704174513501,51.12811736400669],[13.82459934028275,51.12811487147567],[13.824593484662637,51.12811472269048],[13.824569628990927,51.128114303046516],[13.824537779129832,51.12811353325875],[13.82453498960656,51.12815586084471],[13.824534859508985,51.128160985377086],[13.824530308434362,51.128227665477496],[13.824606855744962,51.12822978382078]]]}},{"type":"Feature","id":"DESNATPU1000B0I5","properties":{"id":"DESNATPU1000B0I5","height_m":8.187,"ground_m":214.972,"height_source":"LoD1 solid top minus bottom","production":"2023","laser":"2019","footprints":"2020"},"geometry":{"type":"Polygon","coordinates":[[[13.821268893231991,51.1291655082369],[13.821340305138902,51.12916730716784],[13.821347775710553,51.12905911032508],[13.821276223380499,51.12905722005561],[13.821268893231991,51.1291655082369]]]}},{"type":"Feature","id":"DESNATPU1000CqCx","properties":{"id":"DESNATPU1000CqCx","height_m":6.642,"ground_m":223.624,"height_source":"LoD1 solid top minus bottom","production":"2023","laser":"2019","footprints":"2020"},"geometry":{"type":"Polygon","coordinates":[[[13.819294915519462,51.127077955125976],[13.819474761983734,51.12707701013582],[13.81947348019609,51.12697986696614],[13.81929363433843,51.12698080296642],[13.819294915519462,51.127077955125976]]]}},{"type":"Feature","id":"DESNATP11N0000sI","properties":{"id":"DESNATP11N0000sI","height_m":6.622,"ground_m":190.577,"height_source":"LoD1 solid top minus bottom","production":"2023","laser":"2019","footprints":"2020"},"geometry":{"type":"Polygon","coordinates":[[[13.799642856410907,51.13657452185073],[13.799535560678962,51.136493187550144],[13.799447997029358,51.13653891583738],[13.799481486767329,51.13656429533475],[13.799432626368068,51.13658980064475],[13.799506460872168,51.13664575585121],[13.799642856410907,51.13657452185073]]]}},{"type":"Feature","id":"UUID_2279fcf3-1837-4f32-96cb-7746ad2a7869","properties":{"id":"UUID_2279fcf3-1837-4f32-96cb-7746ad2a7869","height_m":3.34,"ground_m":225.199,"height_source":"LoD1 solid top minus bottom","production":"2023","laser":"2019","footprints":"2020"},"geometry":{"type":"Polygon","coordinates":[[[13.822263752124114,51.12657666766927],[13.822292351482659,51.12651191146646],[13.822276173901788,51.12651867291803],[13.82226904966685,51.12653469810944],[13.8222404561453,51.12652955406227],[13.822216982573465,51.12658156525923],[13.822261930809212,51.12658984162512],[13.822267820621613,51.126577401083985],[13.822263752124114,51.12657666766927]]]}},{"type":"Feature","id":"UUID_6ab9570f-cff0-4c5b-b8d2-98230ccae29a","properties":{"id":"UUID_6ab9570f-cff0-4c5b-b8d2-98230ccae29a","height_m":7.076,"ground_m":225.199,"height_source":"LoD1 solid top minus bottom","production":"2023","laser":"2019","footprints":"2020"},"geometry":{"type":"Polygon","coordinates":[[[13.822267820621613,51.126577401083985],[13.822347909334482,51.1265918765913],[13.82239094487434,51.126495548476086],[13.822306150733207,51.126480665899635],[13.822292351482659,51.12651191146646],[13.822263752124114,51.12657666766927],[13.822267820621613,51.126577401083985]]]}},{"type":"Feature","id":"DESNATPU1000BgT4","properties":{"id":"DESNATPU1000BgT4","height_m":2.767,"ground_m":221.075,"height_source":"LoD1 solid top minus bottom","production":"2023","laser":"2019","footprints":"2020"},"geometry":{"type":"Polygon","coordinates":[[[13.819735461102187,51.12751525741927],[13.819853499880304,51.1275154595504],[13.819853719499687,51.12745637968732],[13.819735678580503,51.12745626746134],[13.819735461102187,51.12751525741927]]]}},{"type":"Feature","id":"DESNATPU1000C4Ep","properties":{"id":"DESNATPU1000C4Ep","height_m":2.713,"ground_m":229.478,"height_source":"LoD1 solid top minus bottom","production":"2023","laser":"2019","footprints":"2020"},"geometry":{"type":"Polygon","coordinates":[[[13.825447106635236,51.12571442442954],[13.82539594837954,51.1257143601957],[13.82539759584198,51.12581842234041],[13.825448908483532,51.12581803848862],[13.825447106635236,51.12571442442954]]]}},{"type":"Feature","id":"DESNATP1Yr00008O","properties":{"id":"DESNATP1Yr00008O","height_m":16.069,"ground_m":214.127,"height_source":"LoD1 solid top minus bottom","production":"2023","laser":"2019","footprints":"2020"},"geometry":{"type":"Polygon","coordinates":[[[13.817536017382873,51.12924650715728],[13.817528657702308,51.129179338163375],[13.817440128777777,51.12918129361805],[13.817440709292535,51.12924697321513],[13.817536017382873,51.12924650715728]]]}},{"type":"Feature","id":"DESNATPU1000HaMg","properties":{"id":"DESNATPU1000HaMg","height_m":3.618,"ground_m":223.221,"height_source":"LoD1 solid top minus bottom","production":"2023","laser":"2019","footprints":"2020"},"geometry":{"type":"Polygon","coordinates":[[[13.823282558361374,51.127333939258456],[13.823393992267095,51.12733590586407],[13.823396213334217,51.12728618057365],[13.823284779548004,51.127284213970924],[13.823282558361374,51.127333939258456]]]}},{"type":"Feature","id":"DESNATPU1000G1YZ","properties":{"id":"DESNATPU1000G1YZ","height_m":3.05,"ground_m":219.75,"height_source":"LoD1 solid top minus bottom","production":"2023","laser":"2019","footprints":"2020"},"geometry":{"type":"Polygon","coordinates":[[[13.824477267196285,51.12822848119361],[13.824530308434362,51.128227665477496],[13.824534859508985,51.128160985377086],[13.82453498960656,51.12815586084471],[13.824537779129832,51.12811353325875],[13.824483940113877,51.1281120028556],[13.824477267196285,51.12822848119361]]]}},{"type":"Feature","id":"DESNATPU1000DZcy","properties":{"id":"DESNATPU1000DZcy","height_m":2.741,"ground_m":186.396,"height_source":"LoD1 solid top minus bottom","production":"2023","laser":"2019","footprints":"2020"},"geometry":{"type":"Polygon","coordinates":[[[13.810431376456835,51.13888446490971],[13.810458853266805,51.13895888917359],[13.810527395794907,51.13894887604371],[13.810499918880122,51.13887445179513],[13.810431376456835,51.13888446490971]]]}},{"type":"Feature","id":"DESNATPU1000CrDq","properties":{"id":"DESNATPU1000CrDq","height_m":5.442,"ground_m":229.185,"height_source":"LoD1 solid top minus bottom","production":"2023","laser":"2019","footprints":"2020"},"geometry":{"type":"Polygon","coordinates":[[[13.82774674459548,51.12495738339951],[13.827767648961405,51.125026342186764],[13.827770748007437,51.125036579973155],[13.827982743621298,51.125011187288074],[13.82797964452991,51.12500094950693],[13.827958739858493,51.12493199075532],[13.827864998265408,51.12494319129195],[13.82774674459548,51.12495738339951]]]}},{"type":"Feature","id":"DESNATP11N0000vj","properties":{"id":"DESNATP11N0000vj","height_m":8.565,"ground_m":215.376,"height_source":"LoD1 solid top minus bottom","production":"2023","laser":"2019","footprints":"2020"},"geometry":{"type":"Polygon","coordinates":[[[13.82045568877208,51.12897820067432],[13.82045207134079,51.12903212040657],[13.820611065376745,51.12903656575714],[13.820614745041851,51.128982439816134],[13.82045568877208,51.12897820067432]]]}},{"type":"Feature","id":"DESNATPU1000FxFg","properties":{"id":"DESNATPU1000FxFg","height_m":8.498,"ground_m":216.183,"height_source":"LoD1 solid top minus bottom","production":"2023","laser":"2019","footprints":"2020"},"geometry":{"type":"Polygon","coordinates":[[[13.822720555135108,51.12848265791814],[13.822714518941774,51.128590779361076],[13.822787934883753,51.12859241773271],[13.82278933730608,51.12856536381622],[13.822788829630044,51.12848415460074],[13.822720555135108,51.12848265791814]]]}},{"type":"Feature","id":"DESNATPU1000I8uD","properties":{"id":"DESNATPU1000I8uD","height_m":5.891,"ground_m":221.458,"height_source":"LoD1 solid top minus bottom","production":"2023","laser":"2019","footprints":"2020"},"geometry":{"type":"Polygon","coordinates":[[[13.816787601507771,51.12748357845896],[13.816787477448196,51.12748843326613],[13.816784857229537,51.127546229867505],[13.816883281002138,51.127547855209905],[13.816886020552946,51.12748538360585],[13.816787601507771,51.12748357845896]]]}},{"type":"Feature","id":"DESNATPU1000GNtX","properties":{"id":"DESNATPU1000GNtX","height_m":3.386,"ground_m":225.992,"height_source":"LoD1 solid top minus bottom","production":"2023","laser":"2019","footprints":"2020"},"geometry":{"type":"Polygon","coordinates":[[[13.822857376297732,51.126271380409264],[13.822757312519139,51.12627253131522],[13.822758741322708,51.12631750922936],[13.822858519458443,51.126316355446384],[13.822857376297732,51.126271380409264]]]}},{"type":"Feature","id":"DESNATPU1000FxIR","properties":{"id":"DESNATPU1000FxIR","height_m":6.339,"ground_m":219.538,"height_source":"LoD1 solid top minus bottom","production":"2023","laser":"2019","footprints":"2020"},"geometry":{"type":"Polygon","coordinates":[[[13.823817329848081,51.12808092961125],[13.823826326438551,51.12808119995477],[13.823860890897436,51.12808199723957],[13.823860022512003,51.128093679018775],[13.823883730721349,51.12809427717851],[13.823913866048512,51.12809502990079],[13.823914566425133,51.12808433562878],[13.823931706922798,51.12808468787047],[13.823936098687046,51.12801306020017],[13.823888795280533,51.12801191898965],[13.8238216966671,51.12801029089098],[13.82382074605702,51.12802520921599],[13.823817329848081,51.12808092961125]]]}},{"type":"Feature","id":"DESNATPU1000CQ6p","properties":{"id":"DESNATPU1000CQ6p","height_m":8.308,"ground_m":216.102,"height_source":"LoD1 solid top minus bottom","production":"2023","laser":"2019","footprints":"2020"},"geometry":{"type":"Polygon","coordinates":[[[13.822340414549348,51.128555358104336],[13.822411544387322,51.12855697368956],[13.82241757670911,51.12844903207428],[13.822346447036633,51.12844741649377],[13.822340414549348,51.128555358104336]]]}},{"type":"Feature","id":"DESNATPU1000CdAR","properties":{"id":"DESNATPU1000CdAR","height_m":5.46,"ground_m":219.309,"height_source":"LoD1 solid top minus bottom","production":"2023","laser":"2019","footprints":"2020"},"geometry":{"type":"Polygon","coordinates":[[[13.820170108827726,51.12781586332056],[13.820168963396446,51.12786081529094],[13.820268832784993,51.12786182287645],[13.820269975828705,51.12781696080842],[13.820170108827726,51.12781586332056]]]}},{"type":"Feature","id":"DESNATPU1000H9EE","properties":{"id":"DESNATPU1000H9EE","height_m":8.011,"ground_m":218.453,"height_source":"LoD1 solid top minus bottom","production":"2023","laser":"2019","footprints":"2020"},"geometry":{"type":"Polygon","coordinates":[[[13.825519611603363,51.128867454648294],[13.825605948085709,51.12886963468081],[13.825691427764921,51.12887178805999],[13.825694225406233,51.128829100828504],[13.825608811402047,51.12882492475307],[13.825550774484734,51.12882208471467],[13.82552249378306,51.12882144097028],[13.825519611603363,51.128867454648294]]]}},{"type":"Feature","id":"DESNATPU1000Ebm8","properties":{"id":"DESNATPU1000Ebm8","height_m":2.551,"ground_m":226.123,"height_source":"LoD1 solid top minus bottom","production":"2023","laser":"2019","footprints":"2020"},"geometry":{"type":"Polygon","coordinates":[[[13.82746333169415,51.126702723428906],[13.82758871454607,51.12676836834109],[13.82764801282506,51.12672354971019],[13.827534199762873,51.12666377619603],[13.82749835451553,51.126691024382],[13.827486932183376,51.12668497466795],[13.82746333169415,51.126702723428906]]]}},{"type":"Feature","id":"DESNATPU1000C4F7","properties":{"id":"DESNATPU1000C4F7","height_m":8.055,"ground_m":214.932,"height_source":"LoD1 solid top minus bottom","production":"2023","laser":"2019","footprints":"2020"},"geometry":{"type":"Polygon","coordinates":[[[13.820060460749344,51.12925287027951],[13.820131732143839,51.12925457860347],[13.820138057944993,51.12914655013327],[13.820066782134093,51.12914502162207],[13.820060460749344,51.12925287027951]]]}},{"type":"Feature","id":"DESNATPU1000FPuz","properties":{"id":"DESNATPU1000FPuz","height_m":3.44,"ground_m":218.669,"height_source":"LoD1 solid top minus bottom","production":"2023","laser":"2019","footprints":"2020"},"geometry":{"type":"Polygon","coordinates":[[[13.825362330429549,51.12884788947056],[13.825365839831614,51.12879405844674],[13.825281435547994,51.12879177174878],[13.825277928329083,51.12884551286537],[13.825362330429549,51.12884788947056]]]}},{"type":"Feature","id":"DESNATPU1000JFWG","properties":{"id":"DESNATPU1000JFWG","height_m":8.026,"ground_m":216.395,"height_source":"LoD1 solid top minus bottom","production":"2023","laser":"2019","footprints":"2020"},"geometry":{"type":"Polygon","coordinates":[[[13.823651134927925,51.128800472579094],[13.823608285313377,51.12879950195912],[13.823607928119053,51.12879949836577],[13.823565433416539,51.128798621227524],[13.823522586090451,51.128797560672155],[13.8235210121511,51.12879763476424],[13.823517975969315,51.12884400655875],[13.823604819214628,51.12884592338686],[13.823690662779834,51.12884781210898],[13.823693843950887,51.128801351842085],[13.823651134927925,51.128800472579094]]]}},{"type":"Feature","id":"DESNATPU1000HbfR","properties":{"id":"DESNATPU1000HbfR","height_m":8.042,"ground_m":215.321,"height_source":"LoD1 solid top minus bottom","production":"2023","laser":"2019","footprints":"2020"},"geometry":{"type":"Polygon","coordinates":[[[13.823175908475974,51.129206747417534],[13.823248887638552,51.12920874080851],[13.823256220021529,51.12910018276153],[13.823183109576542,51.129097738418245],[13.823175908475974,51.129206747417534]]]}},{"type":"Feature","id":"DESNATP1Yr00008P","properties":{"id":"DESNATP1Yr00008P","height_m":2.364,"ground_m":215.644,"height_source":"LoD1 solid top minus bottom","production":"2023","laser":"2019","footprints":"2020"},"geometry":{"type":"Polygon","coordinates":[[[13.81727546621959,51.1286602456024],[13.817205871581868,51.1286707016396],[13.817229250220421,51.12873232231846],[13.817298844945952,51.12872186626802],[13.81727546621959,51.1286602456024]]]}},{"type":"Feature","id":"DESNATPU1000HZDB","properties":{"id":"DESNATPU1000HZDB","height_m":3.441,"ground_m":227.542,"height_source":"LoD1 solid top minus bottom","production":"2023","laser":"2019","footprints":"2020"},"geometry":{"type":"Polygon","coordinates":[[[13.82483312456292,51.12623496741409],[13.824944485250588,51.12623633829695],[13.824946147525715,51.12619167025165],[13.824834670367911,51.12619038812653],[13.82483312456292,51.12623496741409]]]}},{"type":"Feature","id":"UUID_d4c3cccb-cc7e-481c-8afe-c5292558efff","properties":{"id":"UUID_d4c3cccb-cc7e-481c-8afe-c5292558efff","height_m":2.658,"ground_m":185.554,"height_source":"LoD1 solid top minus bottom","production":"2023","laser":"2019","footprints":"2020"},"geometry":{"type":"Polygon","coordinates":[[[13.80911495277228,51.139436500741944],[13.809193716740303,51.139550394918786],[13.809260139605813,51.139532249533914],[13.809181210257506,51.13941811091518],[13.80911495277228,51.139436500741944]]]}},{"type":"Feature","id":"UUID_2a199ad1-7d18-40e0-89e4-7762d523594d","properties":{"id":"UUID_2a199ad1-7d18-40e0-89e4-7762d523594d","height_m":2.812,"ground_m":185.554,"height_source":"LoD1 solid top minus bottom","production":"2023","laser":"2019","footprints":"2020"},"geometry":{"type":"Polygon","coordinates":[[[13.809271478364074,51.13957658206714],[13.809243886626255,51.139536688307395],[13.809213799128017,51.139544907028146],[13.809193716740303,51.139550394918786],[13.809228474931032,51.139600658296736],[13.809248516313968,51.13959509804105],[13.809267665171927,51.139589780489906],[13.809260595012738,51.13957955574954],[13.809271478364074,51.13957658206714]]]}},{"type":"Feature","id":"UUID_fa899edd-fd0a-42b8-b812-73ec1b1060f0","properties":{"id":"UUID_fa899edd-fd0a-42b8-b812-73ec1b1060f0","height_m":2.892,"ground_m":185.554,"height_source":"LoD1 solid top minus bottom","production":"2023","laser":"2019","footprints":"2020"},"geometry":{"type":"Polygon","coordinates":[[[13.809021773878309,51.139301740537235],[13.80911495277228,51.139436500741944],[13.809154142899567,51.13942562297212],[13.809060963912332,51.139290862797765],[13.809021773878309,51.139301740537235]]]}},{"type":"Feature","id":"DESNATPU1000G7zg","properties":{"id":"DESNATPU1000G7zg","height_m":6.788,"ground_m":226.59,"height_source":"LoD1 solid top minus bottom","production":"2023","laser":"2019","footprints":"2020"},"geometry":{"type":"Polygon","coordinates":[[[13.820033401374408,51.12620184881327],[13.820139378102521,51.12620307102575],[13.82013980635774,51.12618850716],[13.820207724227206,51.1261892823477],[13.820208713865556,51.12615548874354],[13.820187955629287,51.126155252328495],[13.820188977579576,51.12612019107845],[13.820035826978247,51.12611843894451],[13.820033401374408,51.12620184881327]]]}},{"type":"Feature","id":"DESNATPU1000BBXO","properties":{"id":"DESNATPU1000BBXO","height_m":2.766,"ground_m":221.713,"height_source":"LoD1 solid top minus bottom","production":"2023","laser":"2019","footprints":"2020"},"geometry":{"type":"Polygon","coordinates":[[[13.824438074552965,51.12765570169444],[13.824435190887668,51.12771862162424],[13.8245067572879,51.127719880619885],[13.824509355107576,51.127656957815255],[13.824438074552965,51.12765570169444]]]}},{"type":"Feature","id":"DESNATPU1000DwKm","properties":{"id":"DESNATPU1000DwKm","height_m":8.418,"ground_m":216.223,"height_source":"LoD1 solid top minus bottom","production":"2023","laser":"2019","footprints":"2020"},"geometry":{"type":"Polygon","coordinates":[[[13.821379079781517,51.12847557458643],[13.821376315395463,51.12851623870792],[13.82137554119015,51.128529809887056],[13.821446809245401,51.12853160730668],[13.821447507911452,51.12852100295798],[13.821450419191805,51.128477372723346],[13.821453989111328,51.12842358737123],[13.821382721221926,51.128421789957045],[13.821379079781517,51.12847557458643]]]}},{"type":"Feature","id":"DESNATPU1000J42m","properties":{"id":"DESNATPU1000J42m","height_m":7.981,"ground_m":216.151,"height_source":"LoD1 solid top minus bottom","production":"2023","laser":"2019","footprints":"2020"},"geometry":{"type":"Polygon","coordinates":[[[13.823469414994628,51.12893281551663],[13.823556272691667,51.12893473252558],[13.823641959252933,51.12893661970335],[13.823644618194107,51.12889384119243],[13.823559217197417,51.128889717706514],[13.82351515347673,51.128887592765246],[13.823472594110315,51.128886445161925],[13.823469414994628,51.12893281551663]]]}},{"type":"Feature","id":"UUID_53cc5a26-1d35-4e78-919f-3e946043ab58","properties":{"id":"UUID_53cc5a26-1d35-4e78-919f-3e946043ab58","height_m":5.499,"ground_m":190.525,"height_source":"LoD1 solid top minus bottom","production":"2023","laser":"2019","footprints":"2020"},"geometry":{"type":"Polygon","coordinates":[[[13.799930642428107,51.1371040343449],[13.800027587144513,51.13706368067629],[13.799990908990063,51.137033898167424],[13.799974242185893,51.13704271984824],[13.79996960405998,51.13704519021172],[13.799965553137394,51.13704155156072],[13.79992139230387,51.13706331037673],[13.799918065931628,51.13706480500166],[13.79989801678524,51.1370772789715],[13.799930642428107,51.1371040343449]]]}},{"type":"Feature","id":"UUID_b821fa08-2172-4e16-9388-9def31c7dc81","properties":{"id":"UUID_b821fa08-2172-4e16-9388-9def31c7dc81","height_m":4.333,"ground_m":190.525,"height_source":"LoD1 solid top minus bottom","production":"2023","laser":"2019","footprints":"2020"},"geometry":{"type":"Polygon","coordinates":[[[13.800142212250991,51.13709174498069],[13.80008177437188,51.13704112542665],[13.800027587144513,51.13706368067629],[13.799930642428107,51.1371040343449],[13.799995711316805,51.137157417294134],[13.800142212250991,51.13709174498069]]]}},{"type":"Feature","id":"UUID_df64bb2f-e07c-4267-b837-006ada23af2a","properties":{"id":"UUID_df64bb2f-e07c-4267-b837-006ada23af2a","height_m":3.243,"ground_m":221.103,"height_source":"LoD1 solid top minus bottom","production":"2023","laser":"2019","footprints":"2020"},"geometry":{"type":"Polygon","coordinates":[[[13.824581718562397,51.127850308903994],[13.824581761424854,51.12785030933482],[13.824581959522089,51.127831246796916],[13.824532093937716,51.12783083547876],[13.824531370402985,51.127887482230946],[13.824581238330646,51.127887803645734],[13.824581718562397,51.127850308903994]]]}},{"type":"Feature","id":"UUID_9efc6989-852e-4679-b59e-05eba9d78cd7","properties":{"id":"UUID_9efc6989-852e-4679-b59e-05eba9d78cd7","height_m":3.034,"ground_m":221.103,"height_source":"LoD1 solid top minus bottom","production":"2023","laser":"2019","footprints":"2020"},"geometry":{"type":"Polygon","coordinates":[[[13.824581718562397,51.127850308903994],[13.824581238330646,51.127887803645734],[13.824653542194241,51.12788817069312],[13.824654062947754,51.12785076628558],[13.824581761424854,51.12785030933482],[13.824581718562397,51.127850308903994]]]}},{"type":"Feature","id":"DESNATPU1000B9Jr","properties":{"id":"DESNATPU1000B9Jr","height_m":5.754,"ground_m":223.885,"height_source":"LoD1 solid top minus bottom","production":"2023","laser":"2019","footprints":"2020"},"geometry":{"type":"Polygon","coordinates":[[[13.824511075796172,51.12735275197099],[13.824541104571537,51.12735317972493],[13.824591390958494,51.12735388303736],[13.824621648332995,51.1273543130684],[13.824622477237961,51.127332918766626],[13.824634806319226,51.12732575860104],[13.824634924354216,51.1273222346478],[13.824635334875918,51.12731056624538],[13.824623658975034,51.12730325472431],[13.824624599704002,51.12727745512175],[13.824625346447714,51.12725929736702],[13.824594817676488,51.12725886460871],[13.824580346008208,51.1272586651875],[13.824569379929521,51.127251540649894],[13.824534179673524,51.127251042933096],[13.824526236847666,51.127250927119405],[13.8245147695728,51.12725791608273],[13.82451372699303,51.12728209597427],[13.824502409428835,51.127288816660226],[13.824502319457487,51.127291234792985],[13.82450155308062,51.12731128981002],[13.82451237172478,51.1273185927259],[13.824511075796172,51.12735275197099]]]}},{"type":"Feature","id":"DESNATPU1000Fbi6","properties":{"id":"DESNATPU1000Fbi6","height_m":2.553,"ground_m":224.896,"height_source":"LoD1 solid top minus bottom","production":"2023","laser":"2019","footprints":"2020"},"geometry":{"type":"Polygon","coordinates":[[[13.82704094937847,51.12699398756855],[13.827066775017578,51.127102788528],[13.827123786366771,51.12709751511109],[13.82709810574589,51.12698862569214],[13.82704094937847,51.12699398756855]]]}},{"type":"Feature","id":"UUID_caf414ea-9727-4ed2-95fd-af3c6f4d8fa2","properties":{"id":"UUID_caf414ea-9727-4ed2-95fd-af3c6f4d8fa2","height_m":8.042,"ground_m":224.725,"height_source":"LoD1 solid top minus bottom","production":"2023","laser":"2019","footprints":"2020"},"geometry":{"type":"Polygon","coordinates":[[[13.826498367501364,51.12728215553505],[13.826493968236969,51.12725274122212],[13.826495256829164,51.127252646241246],[13.826487309990094,51.12720814254334],[13.826435211649299,51.12721183727804],[13.826368152538036,51.127216586859085],[13.826384989487638,51.127310657636365],[13.826450674188154,51.127306011157124],[13.826501398088544,51.12730241952738],[13.826497780581992,51.12728219460862],[13.826498367501364,51.12728215553505]]]}},{"type":"Feature","id":"UUID_4157a0bf-1292-4917-a10e-ad2bde871742","properties":{"id":"UUID_4157a0bf-1292-4917-a10e-ad2bde871742","height_m":5.666,"ground_m":224.725,"height_source":"LoD1 solid top minus bottom","production":"2023","laser":"2019","footprints":"2020"},"geometry":{"type":"Polygon","coordinates":[[[13.826523736581395,51.127280359784166],[13.826518492754781,51.127250999945836],[13.826495256829164,51.127252646241246],[13.826493968236969,51.12725274122212],[13.826498367501364,51.12728215553505],[13.826523736581395,51.127280359784166]]]}},{"type":"Feature","id":"DESNATPU1000DYSI","properties":{"id":"DESNATPU1000DYSI","height_m":8.026,"ground_m":215.558,"height_source":"LoD1 solid top minus bottom","production":"2023","laser":"2019","footprints":"2020"},"geometry":{"type":"Polygon","coordinates":[[[13.821009675175436,51.1287714426749],[13.821006013485492,51.12882544291193],[13.821002344460107,51.12887973084091],[13.821069614744815,51.12888139825489],[13.821076740873679,51.12882716316272],[13.82108024996569,51.12880048121832],[13.821081946016381,51.12877316049885],[13.821009675175436,51.1287714426749]]]}},{"type":"Feature","id":"DESNATPU1000Ax7u","properties":{"id":"DESNATPU1000Ax7u","height_m":2.501,"ground_m":215.059,"height_source":"LoD1 solid top minus bottom","production":"2023","laser":"2019","footprints":"2020"},"geometry":{"type":"Polygon","coordinates":[[[13.818002463816716,51.12892300712495],[13.818006062202407,51.1289779889262],[13.818093295810016,51.128975813120256],[13.8180896996158,51.12892074141712],[13.818002463816716,51.12892300712495]]]}},{"type":"Feature","id":"DESNATPU1000Fo4f","properties":{"id":"DESNATPU1000Fo4f","height_m":5.888,"ground_m":227.549,"height_source":"LoD1 solid top minus bottom","production":"2023","laser":"2019","footprints":"2020"},"geometry":{"type":"Polygon","coordinates":[[[13.825631046196023,51.12583191804466],[13.825793705227563,51.12581934302565],[13.825779001906135,51.12574545520311],[13.825616488279396,51.12575794173421],[13.825631046196023,51.12583191804466]]]}},{"type":"Feature","id":"DESNATPU1000Dmkl","properties":{"id":"DESNATPU1000Dmkl","height_m":2.608,"ground_m":215.347,"height_source":"LoD1 solid top minus bottom","production":"2023","laser":"2019","footprints":"2020"},"geometry":{"type":"Polygon","coordinates":[[[13.817288597963534,51.12873305746901],[13.817294344397839,51.12882699943916],[13.817415612439817,51.12882399930635],[13.81740986116704,51.12873023714817],[13.817288597963534,51.12873305746901]]]}},{"type":"Feature","id":"UUID_d59880bd-7407-498f-981d-5e578a664abd","properties":{"id":"UUID_d59880bd-7407-498f-981d-5e578a664abd","height_m":4.915,"ground_m":214.652,"height_source":"LoD1 solid top minus bottom","production":"2023","laser":"2019","footprints":"2020"},"geometry":{"type":"Polygon","coordinates":[[[13.818724671014735,51.1291195383831],[13.818705546897602,51.12912073906434],[13.818713781947809,51.12917271015843],[13.818732891568999,51.12917151832205],[13.818724671014735,51.1291195383831]]]}},{"type":"Feature","id":"UUID_5e2b76f3-5c6b-4b54-baa3-7a0e633a4385","properties":{"id":"UUID_5e2b76f3-5c6b-4b54-baa3-7a0e633a4385","height_m":7.658,"ground_m":214.652,"height_source":"LoD1 solid top minus bottom","production":"2023","laser":"2019","footprints":"2020"},"geometry":{"type":"Polygon","coordinates":[[[13.818563150392572,51.12909816764928],[13.81857629215808,51.12918131207721],[13.818713781947809,51.12917271015843],[13.818700611361646,51.129089565455565],[13.818563150392572,51.12909816764928]]]}},{"type":"Feature","id":"DESNATPU1000IQcA","properties":{"id":"DESNATPU1000IQcA","height_m":3.096,"ground_m":229.577,"height_source":"LoD1 solid top minus bottom","production":"2023","laser":"2019","footprints":"2020"},"geometry":{"type":"Polygon","coordinates":[[[13.827577624805256,51.123924854052206],[13.827588883940406,51.1239711894497],[13.827698152450406,51.12396185341737],[13.827687684382594,51.123918133846274],[13.827577624805256,51.123924854052206]]]}},{"type":"Feature","id":"DESNATPU1000HhO3","properties":{"id":"DESNATPU1000HhO3","height_m":8.03,"ground_m":218.453,"height_source":"LoD1 solid top minus bottom","production":"2023","laser":"2019","footprints":"2020"},"geometry":{"type":"Polygon","coordinates":[[[13.825688221228669,51.128919327243],[13.825691427764921,51.12887178805999],[13.825519611603363,51.128867454648294],[13.825516407171715,51.12891490392137],[13.825688221228669,51.128919327243]]]}},{"type":"Feature","id":"DESNATPU1000GNQb","properties":{"id":"DESNATPU1000GNQb","height_m":3.196,"ground_m":222.233,"height_source":"LoD1 solid top minus bottom","production":"2023","laser":"2019","footprints":"2020"},"geometry":{"type":"Polygon","coordinates":[[[13.819321241893805,51.12727681588149],[13.819319634873963,51.127339838530425],[13.819391073671067,51.127340469882306],[13.819392533136254,51.12727762559713],[13.819321241893805,51.12727681588149]]]}},{"type":"Feature","id":"UUID_931f78d9-f03d-44ed-ae89-b6260889bb28","properties":{"id":"UUID_931f78d9-f03d-44ed-ae89-b6260889bb28","height_m":2.781,"ground_m":188.621,"height_source":"LoD1 solid top minus bottom","production":"2023","laser":"2019","footprints":"2020"},"geometry":{"type":"Polygon","coordinates":[[[13.802004671256524,51.138225844344774],[13.801980966983397,51.13820833552631],[13.801909176805403,51.13824824708545],[13.801933316770183,51.138265490600816],[13.801930559671067,51.13826708104178],[13.80193434366028,51.13826999747219],[13.80193737274595,51.13826839183213],[13.802010299388225,51.138229858788456],[13.802010116868564,51.1382297310209],[13.802004671256524,51.138225844344774]]]}},{"type":"Feature","id":"UUID_14eb46ba-9170-4a69-af30-60036d868dc4","properties":{"id":"UUID_14eb46ba-9170-4a69-af30-60036d868dc4","height_m":2.931,"ground_m":188.621,"height_source":"LoD1 solid top minus bottom","production":"2023","laser":"2019","footprints":"2020"},"geometry":{"type":"Polygon","coordinates":[[[13.801955959901033,51.13832399528133],[13.801959145720712,51.13832240923174],[13.802013339413474,51.138360374043174],[13.80207949976263,51.13832369608127],[13.802113841561354,51.13830465958577],[13.802090146514008,51.13828679117635],[13.802010299388225,51.138229858788456],[13.801973807035672,51.138249143003954],[13.80193434366028,51.13826999747219],[13.801904633724348,51.138285700112014],[13.801955959901033,51.13832399528133]]]}},{"type":"Feature","id":"DESNATPU1000DNMa","properties":{"id":"DESNATPU1000DNMa","height_m":2.498,"ground_m":230.098,"height_source":"LoD1 solid top minus bottom","production":"2023","laser":"2019","footprints":"2020"},"geometry":{"type":"Polygon","coordinates":[[[13.826755079231964,51.124582091237095],[13.826761059593515,51.12453781720057],[13.826614927845432,51.12452996610034],[13.82660894962352,51.12457415022433],[13.826755079231964,51.124582091237095]]]}},{"type":"Feature","id":"UUID_c06a0a1c-a948-4f24-ba73-5062dfadeb0e","properties":{"id":"UUID_c06a0a1c-a948-4f24-ba73-5062dfadeb0e","height_m":4.51,"ground_m":226.56,"height_source":"LoD1 solid top minus bottom","production":"2023","laser":"2019","footprints":"2020"},"geometry":{"type":"Polygon","coordinates":[[[13.821687834217848,51.126201571325474],[13.8217120614159,51.12619914461674],[13.821704478735779,51.12616915846754],[13.821680265840023,51.12617158531878],[13.821687834217848,51.126201571325474]]]}},{"type":"Feature","id":"UUID_f1551205-da10-49ba-9d4b-5eb615176c94","properties":{"id":"UUID_f1551205-da10-49ba-9d4b-5eb615176c94","height_m":10.21,"ground_m":226.56,"height_source":"LoD1 solid top minus bottom","production":"2023","laser":"2019","footprints":"2020"},"geometry":{"type":"Polygon","coordinates":[[[13.821692015499401,51.12621808809736],[13.821687834217848,51.126201571325474],[13.821680265840023,51.12617158531878],[13.821666905227842,51.12611875342511],[13.821484836364093,51.12613698134464],[13.821509931966675,51.126236315909196],[13.821692015499401,51.12621808809736]]]}},{"type":"Feature","id":"DESNATPU1000BECf","properties":{"id":"DESNATPU1000BECf","height_m":8.069,"ground_m":215.075,"height_source":"LoD1 solid top minus bottom","production":"2023","laser":"2019","footprints":"2020"},"geometry":{"type":"Polygon","coordinates":[[[13.820910303396804,51.12918293604428],[13.820981713023624,51.12918482509823],[13.82098918672578,51.12907653838026],[13.820917774976014,51.129074739235875],[13.820910303396804,51.12918293604428]]]}},{"type":"Feature","id":"UUID_3859ff82-8261-4f35-a7c2-76e8bcdc08c4","properties":{"id":"UUID_3859ff82-8261-4f35-a7c2-76e8bcdc08c4","height_m":6.684,"ground_m":221.26,"height_source":"LoD1 solid top minus bottom","production":"2023","laser":"2019","footprints":"2020"},"geometry":{"type":"Polygon","coordinates":[[[13.826312374888,51.1280983549359],[13.8263791153285,51.12809326046212],[13.82642716946146,51.12808959710384],[13.826414361083968,51.128023201346856],[13.82629958073277,51.128031968301315],[13.826312374888,51.1280983549359]]]}},{"type":"Feature","id":"UUID_104a5589-7123-4f3b-905f-f3b2a718276f","properties":{"id":"UUID_104a5589-7123-4f3b-905f-f3b2a718276f","height_m":5.581,"ground_m":221.26,"height_source":"LoD1 solid top minus bottom","production":"2023","laser":"2019","footprints":"2020"},"geometry":{"type":"Polygon","coordinates":[[[13.8263791153285,51.12809326046212],[13.826382222161394,51.1281093885777],[13.82643027631089,51.12810572521826],[13.82642716946146,51.12808959710384],[13.8263791153285,51.12809326046212]]]}},{"type":"Feature","id":"UUID_06adb96b-77c6-4fa2-b3ea-a3d4a6f1993d","properties":{"id":"UUID_06adb96b-77c6-4fa2-b3ea-a3d4a6f1993d","height_m":3.67,"ground_m":225.664,"height_source":"LoD1 solid top minus bottom","production":"2023","laser":"2019","footprints":"2020"},"geometry":{"type":"Polygon","coordinates":[[[13.826990133255379,51.126732149907255],[13.8269833657562,51.126695796466535],[13.826886980867187,51.12670287803377],[13.826893489983906,51.1267392738517],[13.826990133255379,51.126732149907255]]]}},{"type":"Feature","id":"UUID_05f375bf-1862-4bce-b110-796b1eb919a1","properties":{"id":"UUID_05f375bf-1862-4bce-b110-796b1eb919a1","height_m":5.867,"ground_m":225.664,"height_source":"LoD1 solid top minus bottom","production":"2023","laser":"2019","footprints":"2020"},"geometry":{"type":"Polygon","coordinates":[[[13.826886980867187,51.12670287803377],[13.8269833657562,51.126695796466535],[13.826966487067098,51.12660502567254],[13.826800122302826,51.126617115516055],[13.826816968678324,51.126708020901376],[13.826886980867187,51.12670287803377]]]}},{"type":"Feature","id":"DESNATP11N0000v5","properties":{"id":"DESNATP11N0000v5","height_m":8.094,"ground_m":215.844,"height_source":"LoD1 solid top minus bottom","production":"2023","laser":"2019","footprints":"2020"},"geometry":{"type":"Polygon","coordinates":[[[13.820578603697546,51.12888025991548],[13.8204197478117,51.1288760227445],[13.820416509381994,51.12892516218141],[13.82045919727993,51.128926312193826],[13.820459268315101,51.1289252068078],[13.820575450527185,51.12892830310627],[13.820578603697546,51.12888025991548]]]}},{"type":"Feature","id":"DESNATPU1000HSyv","properties":{"id":"DESNATPU1000HSyv","height_m":2.369,"ground_m":216.506,"height_source":"LoD1 solid top minus bottom","production":"2023","laser":"2019","footprints":"2020"},"geometry":{"type":"Polygon","coordinates":[[[13.819466424302902,51.12843762130505],[13.819468692690997,51.12847757181554],[13.81946962786182,51.12849134009503],[13.819518390031103,51.12849021367124],[13.819515615044843,51.12843649920923],[13.819466424302902,51.12843762130505]]]}},{"type":"Feature","id":"DESNATPU1000IXak","properties":{"id":"DESNATPU1000IXak","height_m":8.092,"ground_m":223.57,"height_source":"LoD1 solid top minus bottom","production":"2023","laser":"2019","footprints":"2020"},"geometry":{"type":"Polygon","coordinates":[[[13.822290250293849,51.12673836260688],[13.822261549797966,51.12678405325287],[13.822240370685556,51.12681776942053],[13.822238951117145,51.12681739541466],[13.822230206687019,51.12683025683786],[13.822312546979486,51.1268506182889],[13.82234181393092,51.12680400708701],[13.822370454925567,51.12675840574955],[13.822291669860272,51.12673873661212],[13.822290250293849,51.12673836260688]]]}},{"type":"Feature","id":"DESNATPU1000FTNY","properties":{"id":"DESNATPU1000FTNY","height_m":8.542,"ground_m":215.958,"height_source":"LoD1 solid top minus bottom","production":"2023","laser":"2019","footprints":"2020"},"geometry":{"type":"Polygon","coordinates":[[[13.821679897243571,51.12853737347359],[13.821751289899392,51.12853989137932],[13.821758611933364,51.12843187286028],[13.82168720113982,51.12843007419191],[13.821679897243571,51.12853737347359]]]}},{"type":"Feature","id":"DESNATPU1000H0kU","properties":{"id":"DESNATPU1000H0kU","height_m":6.354,"ground_m":216.517,"height_source":"LoD1 solid top minus bottom","production":"2023","laser":"2019","footprints":"2020"},"geometry":{"type":"Polygon","coordinates":[[[13.820417412499266,51.12846394449631],[13.820502560043174,51.12846507315421],[13.820505371953203,51.128365911987736],[13.820420222301095,51.128364873237004],[13.820417412499266,51.12846394449631]]]}},{"type":"Feature","id":"DESNATPU1000FjnU","properties":{"id":"DESNATPU1000FjnU","height_m":7.079,"ground_m":222.199,"height_source":"LoD1 solid top minus bottom","production":"2023","laser":"2019","footprints":"2020"},"geometry":{"type":"Polygon","coordinates":[[[13.824506886258963,51.127611223089296],[13.824509343226165,51.127524576117374],[13.824375217148123,51.12752307488109],[13.824372760158363,51.12760971285819],[13.824506886258963,51.127611223089296]]]}},{"type":"Feature","id":"DESNATPU1000CViT","properties":{"id":"DESNATPU1000CViT","height_m":8.294,"ground_m":216.381,"height_source":"LoD1 solid top minus bottom","production":"2023","laser":"2019","footprints":"2020"},"geometry":{"type":"Polygon","coordinates":[[[13.822930170574539,51.12856849011201],[13.823003445899488,51.12857003700597],[13.823009760311965,51.12846218813152],[13.822936201689604,51.12846054846227],[13.822930170574539,51.12856849011201]]]}},{"type":"Feature","id":"DESNATPU1000GqCl","properties":{"id":"DESNATPU1000GqCl","height_m":2.636,"ground_m":217.628,"height_source":"LoD1 solid top minus bottom","production":"2023","laser":"2019","footprints":"2020"},"geometry":{"type":"Polygon","coordinates":[[[13.81891077393789,51.128398557593876],[13.81900528693107,51.128402299892635],[13.819014295265733,51.1283124638163],[13.818919618939045,51.12830952921793],[13.81891077393789,51.128398557593876]]]}},{"type":"Feature","id":"UUID_9c68e9b5-9b63-43bb-bcde-34d05d74826d","properties":{"id":"UUID_9c68e9b5-9b63-43bb-bcde-34d05d74826d","height_m":9.211,"ground_m":226.484,"height_source":"LoD1 solid top minus bottom","production":"2023","laser":"2019","footprints":"2020"},"geometry":{"type":"Polygon","coordinates":[[[13.820476307495152,51.12616495077306],[13.8204721465768,51.12620599648331],[13.820520970641926,51.126207954772546],[13.820520952232883,51.1262081164556],[13.820583404776611,51.12621082368677],[13.820583387283756,51.12621094940824],[13.820620305194616,51.12621242786106],[13.8206244866809,51.126171130557665],[13.820628474913471,51.12613180970046],[13.820480261095666,51.126125872374196],[13.820476307495152,51.12616495077306]]]}},{"type":"Feature","id":"UUID_b85a6f50-cfe1-487a-8e07-d779ec68c511","properties":{"id":"UUID_b85a6f50-cfe1-487a-8e07-d779ec68c511","height_m":7.847,"ground_m":226.484,"height_source":"LoD1 solid top minus bottom","production":"2023","laser":"2019","footprints":"2020"},"geometry":{"type":"Polygon","coordinates":[[[13.82058214307924,51.12622332881013],[13.820583387283756,51.12621094940824],[13.820583404776611,51.12621082368677],[13.820520952232883,51.1262081164556],[13.820519670964662,51.12622082821322],[13.82058214307924,51.12622332881013]]]}},{"type":"Feature","id":"DESNATPU1000EtyY","properties":{"id":"DESNATPU1000EtyY","height_m":2.381,"ground_m":191.183,"height_source":"LoD1 solid top minus bottom","production":"2023","laser":"2019","footprints":"2020"},"geometry":{"type":"Polygon","coordinates":[[[13.80020943588237,51.13925176274016],[13.800146852515999,51.139278278623216],[13.80017141482355,51.13930128216246],[13.80020030711929,51.13932819698132],[13.800266359955694,51.13930018790304],[13.800237467638478,51.13927327310022],[13.800234141116253,51.13927476773258],[13.80020943588237,51.13925176274016]]]}},{"type":"Feature","id":"DESNATPU1000Fxuq","properties":{"id":"DESNATPU1000Fxuq","height_m":6.139,"ground_m":227.579,"height_source":"LoD1 solid top minus bottom","production":"2023","laser":"2019","footprints":"2020"},"geometry":{"type":"Polygon","coordinates":[[[13.826566439000855,51.12636395529569],[13.826577092560862,51.126447703334414],[13.826684509794559,51.126442297451646],[13.826673666209116,51.12635870938526],[13.826566439000855,51.12636395529569]]]}},{"type":"Feature","id":"UUID_ff253129-fd83-487c-9f17-6927ba6139ab","properties":{"id":"UUID_ff253129-fd83-487c-9f17-6927ba6139ab","height_m":2.594,"ground_m":225.818,"height_source":"LoD1 solid top minus bottom","production":"2023","laser":"2019","footprints":"2020"},"geometry":{"type":"Polygon","coordinates":[[[13.826779553407345,51.12687222996064],[13.82677340674952,51.126851988667006],[13.826705119302746,51.12686632132921],[13.826709445336299,51.12688058219743],[13.826779553407345,51.12687222996064]]]}},{"type":"Feature","id":"UUID_dcebcd92-bed5-4908-8606-d5514252a54d","properties":{"id":"UUID_dcebcd92-bed5-4908-8606-d5514252a54d","height_m":2.63,"ground_m":225.818,"height_source":"LoD1 solid top minus bottom","production":"2023","laser":"2019","footprints":"2020"},"geometry":{"type":"Polygon","coordinates":[[[13.82677340674952,51.126851988667006],[13.826760784061564,51.12681040566415],[13.826692496672543,51.12682473831946],[13.82664051609624,51.12683564647334],[13.826661600999017,51.12687545291011],[13.826705119302746,51.12686632132921],[13.82677340674952,51.126851988667006]]]}},{"type":"Feature","id":"DESNATPU1000JRPC","properties":{"id":"DESNATPU1000JRPC","height_m":8.137,"ground_m":215.8,"height_source":"LoD1 solid top minus bottom","production":"2023","laser":"2019","footprints":"2020"},"geometry":{"type":"Polygon","coordinates":[[[13.822579294786822,51.12894761521858],[13.822650693505821,51.128949359261206],[13.822657904935982,51.12884111476913],[13.822586522728903,51.12883928996223],[13.822579294786822,51.12894761521858]]]}},{"type":"Feature","id":"DESNATPU1000E9x1","properties":{"id":"DESNATPU1000E9x1","height_m":3.422,"ground_m":226.542,"height_source":"LoD1 solid top minus bottom","production":"2023","laser":"2019","footprints":"2020"},"geometry":{"type":"Polygon","coordinates":[[[13.823516820654358,51.126290966398436],[13.823416904279332,51.12629193949792],[13.823417905113667,51.12633691309545],[13.823517966740113,51.126335851529106],[13.823516820654358,51.126290966398436]]]}},{"type":"Feature","id":"DESNATPU1000BRt4","properties":{"id":"DESNATPU1000BRt4","height_m":9.993,"ground_m":215.67,"height_source":"LoD1 solid top minus bottom","production":"2023","laser":"2019","footprints":"2020"},"geometry":{"type":"Polygon","coordinates":[[[13.821958894140664,51.128783347136874],[13.821706682146505,51.128776489564274],[13.821682975911413,51.12877580105712],[13.82168337629533,51.128771299747356],[13.821678663395572,51.1287711713237],[13.821674440108337,51.12883603809784],[13.821670457156012,51.1288970764015],[13.82177686003771,51.12889976721198],[13.821776683874868,51.128906689818166],[13.821819955309735,51.128907935140205],[13.8218204057833,51.12890146493288],[13.82195551572025,51.128904894443146],[13.821959712843194,51.128843849296025],[13.821964145244534,51.12877917346647],[13.821959432571756,51.128779036063726],[13.821958894140664,51.128783347136874]]]}},{"type":"Feature","id":"UUID_b1e6be84-65e7-4f85-b246-51b30992a890","properties":{"id":"UUID_b1e6be84-65e7-4f85-b246-51b30992a890","height_m":6.757,"ground_m":227.794,"height_source":"LoD1 solid top minus bottom","production":"2023","laser":"2019","footprints":"2020"},"geometry":{"type":"Polygon","coordinates":[[[13.82722807425641,51.126412813574056],[13.827217010746706,51.12634125559182],[13.827084416103618,51.12634938601024],[13.827054158655065,51.126351240760066],[13.827065208083388,51.12642278063182],[13.82722807425641,51.126412813574056]]]}},{"type":"Feature","id":"UUID_3e39dcef-0b1d-4ed9-949b-454dd9d4335e","properties":{"id":"UUID_3e39dcef-0b1d-4ed9-949b-454dd9d4335e","height_m":5.431,"ground_m":227.794,"height_source":"LoD1 solid top minus bottom","production":"2023","laser":"2019","footprints":"2020"},"geometry":{"type":"Polygon","coordinates":[[[13.827082648901186,51.126337911580904],[13.827084416103618,51.12634938601024],[13.827217010746706,51.12634125559182],[13.827215243056246,51.126329799145104],[13.827082648901186,51.126337911580904]]]}},{"type":"Feature","id":"UUID_858fce9c-ef05-4afe-bbce-760e69a1eb79","properties":{"id":"UUID_858fce9c-ef05-4afe-bbce-760e69a1eb79","height_m":2.858,"ground_m":227.162,"height_source":"LoD1 solid top minus bottom","production":"2023","laser":"2019","footprints":"2020"},"geometry":{"type":"Polygon","coordinates":[[[13.825253362403405,51.12639746151213],[13.825217674102825,51.126399890717416],[13.82522519803681,51.126464390037455],[13.825264004761056,51.12646240582178],[13.825253362403405,51.12639746151213]]]}},{"type":"Feature","id":"UUID_ddf80c8c-e906-4bb6-8087-b3aa71e17cd1","properties":{"id":"UUID_ddf80c8c-e906-4bb6-8087-b3aa71e17cd1","height_m":4.216,"ground_m":227.162,"height_source":"LoD1 solid top minus bottom","production":"2023","laser":"2019","footprints":"2020"},"geometry":{"type":"Polygon","coordinates":[[[13.82501829591254,51.126459937176186],[13.825033811092746,51.126555856378815],[13.825092260618806,51.12655245989407],[13.825082695062846,51.12645522459504],[13.82501829591254,51.126459937176186]]]}},{"type":"Feature","id":"UUID_5090fd65-bfb1-4a4f-9859-5f45db542274","properties":{"id":"UUID_5090fd65-bfb1-4a4f-9859-5f45db542274","height_m":4.65,"ground_m":227.162,"height_source":"LoD1 solid top minus bottom","production":"2023","laser":"2019","footprints":"2020"},"geometry":{"type":"Polygon","coordinates":[[[13.825078184926221,51.12640937943688],[13.825092260618806,51.12655245989407],[13.825234505869641,51.12654419487435],[13.825217674102825,51.126399890717416],[13.825078184926221,51.12640937943688]]]}},{"type":"Feature","id":"DESNATPU1000FNKY","properties":{"id":"DESNATPU1000FNKY","height_m":8.778,"ground_m":217.063,"height_source":"LoD1 solid top minus bottom","production":"2023","laser":"2019","footprints":"2020"},"geometry":{"type":"Polygon","coordinates":[[[13.824594310451015,51.128988551781624],[13.824740556285892,51.12899244971195],[13.824747737688057,51.12888406991656],[13.824601492194619,51.128880171997395],[13.824594310451015,51.128988551781624]]]}},{"type":"Feature","id":"DESNATPU1000JXRi","properties":{"id":"DESNATPU1000JXRi","height_m":3.712,"ground_m":217.051,"height_source":"LoD1 solid top minus bottom","production":"2023","laser":"2019","footprints":"2020"},"geometry":{"type":"Polygon","coordinates":[[[13.818287050669152,51.12835574582612],[13.818286627243348,51.12836113717074],[13.81828902203825,51.12840729395269],[13.81828925507723,51.12840992217777],[13.818292000882453,51.12844176611875],[13.818392446924662,51.128437025798384],[13.818388685190024,51.12840466800287],[13.818388345645277,51.1284017329498],[13.818382230759509,51.128350142956315],[13.818287050669152,51.12835574582612]]]}},{"type":"Feature","id":"DESNATPU1000D8YP","properties":{"id":"DESNATPU1000D8YP","height_m":3.414,"ground_m":187.997,"height_source":"LoD1 solid top minus bottom","production":"2023","laser":"2019","footprints":"2020"},"geometry":{"type":"Polygon","coordinates":[[[13.802255825898031,51.1337734305083],[13.802293014744759,51.13382210224581],[13.802370228271538,51.133798792573984],[13.802333182253435,51.13375012232385],[13.802255825898031,51.1337734305083]]]}},{"type":"Feature","id":"DESNATPU1000Iok4","properties":{"id":"DESNATPU1000Iok4","height_m":2.603,"ground_m":186.654,"height_source":"LoD1 solid top minus bottom","production":"2023","laser":"2019","footprints":"2020"},"geometry":{"type":"Polygon","coordinates":[[[13.805253232775348,51.1393600537341],[13.805298939745885,51.139405753948054],[13.805371582054883,51.13937708989705],[13.805325875039971,51.139331389710996],[13.805253232775348,51.1393600537341]]]}},{"type":"Feature","id":"DESNATPU1000C5mg","properties":{"id":"DESNATPU1000C5mg","height_m":5.084,"ground_m":221.452,"height_source":"LoD1 solid top minus bottom","production":"2023","laser":"2019","footprints":"2020"},"geometry":{"type":"Polygon","coordinates":[[[13.826035870688425,51.12803627250276],[13.826142094318577,51.12803018067116],[13.826138086823015,51.1279672814616],[13.82600222088096,51.127970656660665],[13.826002508322059,51.12797510194087],[13.825959550509785,51.127976172436945],[13.825962578551634,51.12802132821304],[13.826005557076046,51.12802000612802],[13.826006784053137,51.12803699666606],[13.826035870688425,51.12803627250276]]]}},{"type":"Feature","id":"DESNATPU1000D8q0","properties":{"id":"DESNATPU1000D8q0","height_m":2.595,"ground_m":214.856,"height_source":"LoD1 solid top minus bottom","production":"2023","laser":"2019","footprints":"2020"},"geometry":{"type":"Polygon","coordinates":[[[13.818185768589364,51.12891955411323],[13.818092674805227,51.12892176068539],[13.818096816742955,51.12899464346049],[13.818189906083955,51.12899261669372],[13.818185768589364,51.12891955411323]]]}},{"type":"Feature","id":"UUID_033f6806-0ca3-460f-8919-857babdcf0f5","properties":{"id":"UUID_033f6806-0ca3-460f-8919-857babdcf0f5","height_m":2.344,"ground_m":219.246,"height_source":"LoD1 solid top minus bottom","production":"2023","laser":"2019","footprints":"2020"},"geometry":{"type":"Polygon","coordinates":[[[13.823766064459315,51.12810748199552],[13.823778918695906,51.12810779114541],[13.823778919152682,51.12810777316461],[13.82381678382854,51.12810861265045],[13.823816764744993,51.128108801305245],[13.823824768062957,51.128108791877224],[13.823826326438551,51.12808119995477],[13.823817329848081,51.12808092961125],[13.82382074605702,51.12802520921599],[13.823771329456925,51.1280239927468],[13.823766064459315,51.12810748199552]]]}},{"type":"Feature","id":"UUID_d1c5274c-6c71-42eb-a2e7-e8819b6a58ba","properties":{"id":"UUID_d1c5274c-6c71-42eb-a2e7-e8819b6a58ba","height_m":4.0,"ground_m":219.246,"height_source":"LoD1 solid top minus bottom","production":"2023","laser":"2019","footprints":"2020"},"geometry":{"type":"Polygon","coordinates":[[[13.823778918695906,51.12810779114541],[13.823775830299585,51.128156230747194],[13.823813678671979,51.12815715100423],[13.823816764744993,51.128108801305245],[13.82381678382854,51.12810861265045],[13.823778919152682,51.12810777316461],[13.823778918695906,51.12810779114541]]]}},{"type":"Feature","id":"UUID_9afaecd9-dde1-4494-8e4e-011fbdb0be37","properties":{"id":"UUID_9afaecd9-dde1-4494-8e4e-011fbdb0be37","height_m":4.292,"ground_m":228.828,"height_source":"LoD1 solid top minus bottom","production":"2023","laser":"2019","footprints":"2020"},"geometry":{"type":"Polygon","coordinates":[[[13.827820560042847,51.124796803238056],[13.827702705340618,51.12481161979615],[13.82774674459548,51.12495738339951],[13.827864998265408,51.12494319129195],[13.827838353616205,51.12485542519148],[13.827820560042847,51.124796803238056]]]}},{"type":"Feature","id":"UUID_69d72343-5ac4-45d9-b40e-91d2fa51afd7","properties":{"id":"UUID_69d72343-5ac4-45d9-b40e-91d2fa51afd7","height_m":6.841,"ground_m":228.828,"height_source":"LoD1 solid top minus bottom","production":"2023","laser":"2019","footprints":"2020"},"geometry":{"type":"Polygon","coordinates":[[[13.827838353616205,51.12485542519148],[13.827927341931481,51.124844006171706],[13.827908710981868,51.124785717561444],[13.827820560042847,51.124796803238056],[13.827838353616205,51.12485542519148]]]}},{"type":"Feature","id":"UUID_7658527c-4732-41f3-82dd-a22cc6aed5bc","properties":{"id":"UUID_7658527c-4732-41f3-82dd-a22cc6aed5bc","height_m":2.746,"ground_m":228.828,"height_source":"LoD1 solid top minus bottom","production":"2023","laser":"2019","footprints":"2020"},"geometry":{"type":"Polygon","coordinates":[[[13.828038505239089,51.12475254045145],[13.828062695661172,51.12482662199188],[13.828062968016123,51.124826588750636],[13.828057989941037,51.12481041494021],[13.828082359011093,51.12480742179602],[13.828064668923982,51.124749781122254],[13.828038505239089,51.12475254045145]]]}},{"type":"Feature","id":"UUID_38f6d59c-39c5-4d52-addd-0ddd5920040e","properties":{"id":"UUID_38f6d59c-39c5-4d52-addd-0ddd5920040e","height_m":5.526,"ground_m":228.828,"height_source":"LoD1 solid top minus bottom","production":"2023","laser":"2019","footprints":"2020"},"geometry":{"type":"Polygon","coordinates":[[[13.828004845075945,51.124849360271995],[13.82806762961011,51.12484171623528],[13.828062968016123,51.124826588750636],[13.82799949906301,51.12483473850922],[13.828004845075945,51.124849360271995]]]}},{"type":"Feature","id":"UUID_a132d214-95ab-47a5-ab74-22dc5537c6fb","properties":{"id":"UUID_a132d214-95ab-47a5-ab74-22dc5537c6fb","height_m":5.49,"ground_m":228.828,"height_source":"LoD1 solid top minus bottom","production":"2023","laser":"2019","footprints":"2020"},"geometry":{"type":"Polygon","coordinates":[[[13.828033810946312,51.12473814104673],[13.827978333164479,51.12474504895658],[13.827977551061752,51.12474207352509],[13.827897985397906,51.124752157191615],[13.827908710981868,51.124785717561444],[13.827916788620621,51.12481097810035],[13.827927341931481,51.124844006171706],[13.82799949906301,51.12483473850922],[13.828062695661172,51.12482662199188],[13.82805200639729,51.12479388033695],[13.828038505239089,51.12475254045145],[13.828038161451824,51.12475257297671],[13.828033810946312,51.12473814104673]]]}},{"type":"Feature","id":"DESNATPU1000JHiG","properties":{"id":"DESNATPU1000JHiG","height_m":7.308,"ground_m":190.656,"height_source":"LoD1 solid top minus bottom","production":"2023","laser":"2019","footprints":"2020"},"geometry":{"type":"Polygon","coordinates":[[[13.799712331861967,51.136791419613765],[13.7996175389688,51.13672235387261],[13.799512854981206,51.136777843414706],[13.799605908569946,51.13685003883412],[13.799712331861967,51.136791419613765]]]}},{"type":"Feature","id":"UUID_05a9b185-0dea-4ca5-b85b-ac6e7210236f","properties":{"id":"UUID_05a9b185-0dea-4ca5-b85b-ac6e7210236f","height_m":6.999,"ground_m":224.714,"height_source":"LoD1 solid top minus bottom","production":"2023","laser":"2019","footprints":"2020"},"geometry":{"type":"Polygon","coordinates":[[[13.826614624661605,51.12718120103683],[13.82663428689365,51.12727151419945],[13.826751614948579,51.127261387607675],[13.82673195203572,51.127171092443994],[13.826614624661605,51.12718120103683]]]}},{"type":"Feature","id":"UUID_b55dd4ae-f0b3-4fc3-8034-31012a8a9f86","properties":{"id":"UUID_b55dd4ae-f0b3-4fc3-8034-31012a8a9f86","height_m":3.539,"ground_m":224.714,"height_source":"LoD1 solid top minus bottom","production":"2023","laser":"2019","footprints":"2020"},"geometry":{"type":"Polygon","coordinates":[[[13.826699352087997,51.127283416928535],[13.82669560057344,51.12726622121204],[13.82663428689365,51.12727151419945],[13.826638024326304,51.127288700783964],[13.826699352087997,51.127283416928535]]]}},{"type":"Feature","id":"DESNATPU1000IDUI","properties":{"id":"DESNATPU1000IDUI","height_m":2.476,"ground_m":225.009,"height_source":"LoD1 solid top minus bottom","production":"2023","laser":"2019","footprints":"2020"},"geometry":{"type":"Polygon","coordinates":[[[13.818800539706475,51.126703038342306],[13.818800631864164,51.12672183403302],[13.818800407689954,51.126792244671954],[13.8188701747471,51.12679115084402],[13.818874603757116,51.12679119557982],[13.818874761082098,51.126740208515095],[13.818906628224893,51.12674026060733],[13.81890671580629,51.126703211535194],[13.818873991233549,51.12670315977502],[13.818800539706475,51.126703038342306]]]}},{"type":"Feature","id":"DESNATPU1000IG2j","properties":{"id":"DESNATPU1000IG2j","height_m":2.656,"ground_m":185.904,"height_source":"LoD1 solid top minus bottom","production":"2023","laser":"2019","footprints":"2020"},"geometry":{"type":"Polygon","coordinates":[[[13.809685502861036,51.13880768577903],[13.809714375067973,51.13879667582546],[13.809742958208766,51.13878578882047],[13.809696735906707,51.138737747006296],[13.809691397456069,51.138739671063654],[13.809668015556394,51.13871506286734],[13.809622113112892,51.13873240118251],[13.809644911804666,51.13875745308655],[13.809639142314172,51.13875946268112],[13.809685502861036,51.13880768577903]]]}},{"type":"Feature","id":"DESNATPU1000FEct","properties":{"id":"DESNATPU1000FEct","height_m":8.111,"ground_m":215.485,"height_source":"LoD1 solid top minus bottom","production":"2023","laser":"2019","footprints":"2020"},"geometry":{"type":"Polygon","coordinates":[[[13.8211433353436,51.12891037854689],[13.82121459939521,51.12891235591962],[13.821221786743132,51.12880406629742],[13.821150663446321,51.128802180274434],[13.8211433353436,51.12891037854689]]]}},{"type":"Feature","id":"DESNATPU1000Cy7S","properties":{"id":"DESNATPU1000Cy7S","height_m":3.421,"ground_m":215.184,"height_source":"LoD1 solid top minus bottom","production":"2023","laser":"2019","footprints":"2020"},"geometry":{"type":"Polygon","coordinates":[[[13.818490878278121,51.12893127025458],[13.818391486382366,51.12893386306538],[13.818398393741598,51.12904400356958],[13.818497783579407,51.12904150065839],[13.818490878278121,51.12893127025458]]]}},{"type":"Feature","id":"DESNATPU1000IuIw","properties":{"id":"DESNATPU1000IuIw","height_m":6.947,"ground_m":219.36,"height_source":"LoD1 solid top minus bottom","production":"2023","laser":"2019","footprints":"2020"},"geometry":{"type":"Polygon","coordinates":[[[13.82264910786115,51.128027609247745],[13.822662168863328,51.12795065529376],[13.822552671378714,51.1279432938863],[13.822539610197028,51.12802024782696],[13.82264910786115,51.128027609247745]]]}},{"type":"Feature","id":"UUID_fcf3c2db-7aa5-4014-aaf6-f9b618779c52","properties":{"id":"UUID_fcf3c2db-7aa5-4014-aaf6-f9b618779c52","height_m":7.802,"ground_m":223.662,"height_source":"LoD1 solid top minus bottom","production":"2023","laser":"2019","footprints":"2020"},"geometry":{"type":"Polygon","coordinates":[[[13.82746648965074,51.127440336479],[13.827476790360807,51.12747319118157],[13.827481036936497,51.12748665087168],[13.827540274806877,51.12747925032018],[13.827599512431155,51.127471858728946],[13.827573307335017,51.12738871027055],[13.827514112675452,51.12739610227904],[13.827454917997462,51.12740349425742],[13.827466532740527,51.127440327918364],[13.82746648965074,51.127440336479]]]}},{"type":"Feature","id":"UUID_79b85721-7f53-4c9c-98e9-01473a835239","properties":{"id":"UUID_79b85721-7f53-4c9c-98e9-01473a835239","height_m":4.138,"ground_m":223.662,"height_source":"LoD1 solid top minus bottom","production":"2023","laser":"2019","footprints":"2020"},"geometry":{"type":"Polygon","coordinates":[[[13.82744630404496,51.127442858863205],[13.827456662118413,51.12747570515009],[13.827476790360807,51.12747319118157],[13.827476818935574,51.12747319146808],[13.82746648965074,51.127440336479],[13.82744630404496,51.127442858863205]]]}},{"type":"Feature","id":"DESNATPU1000GDm1","properties":{"id":"DESNATPU1000GDm1","height_m":2.381,"ground_m":215.392,"height_source":"LoD1 solid top minus bottom","production":"2023","laser":"2019","footprints":"2020"},"geometry":{"type":"Polygon","coordinates":[[[13.821896249133957,51.12934691818017],[13.821853399061311,51.12934594691417],[13.821810694157842,51.12934488716806],[13.82176770121007,51.129343914431125],[13.821725134614336,51.129343035901336],[13.821682282261861,51.12934215447663],[13.821639289320109,51.12934118169253],[13.821596584427231,51.129340121868275],[13.821553591489687,51.12933914905268],[13.821551839487876,51.12937429286262],[13.821550789714198,51.129393077031104],[13.821593496942802,51.12939404696841],[13.821636344764777,51.129395108233865],[13.821679340044566,51.12939599111541],[13.82172176380835,51.129396868222514],[13.821764613924548,51.12939783953704],[13.821807461754993,51.12939890073984],[13.821850171283625,51.129399780679506],[13.821892878526493,51.129400750507564],[13.821935871530414,51.12940172319882],[13.82197843589788,51.129402691556244],[13.821981951572893,51.129348770761126],[13.821939101496213,51.1293477995265],[13.821896249133957,51.12934691818017]]]}},{"type":"Feature","id":"UUID_e305c00a-266e-48e0-99b7-afc534ec7b49","properties":{"id":"UUID_e305c00a-266e-48e0-99b7-afc534ec7b49","height_m":4.095,"ground_m":223.845,"height_source":"LoD1 solid top minus bottom","production":"2023","laser":"2019","footprints":"2020"},"geometry":{"type":"Polygon","coordinates":[[[13.826624709293336,51.12751411312872],[13.826587903434778,51.127517188007914],[13.826595700270635,51.12755408236555],[13.826632506385913,51.127550998493696],[13.826624709293336,51.12751411312872]]]}},{"type":"Feature","id":"UUID_c2895fc0-5d54-4e13-a1c6-f40b79578f69","properties":{"id":"UUID_c2895fc0-5d54-4e13-a1c6-f40b79578f69","height_m":7.65,"ground_m":223.845,"height_source":"LoD1 solid top minus bottom","production":"2023","laser":"2019","footprints":"2020"},"geometry":{"type":"Polygon","coordinates":[[[13.826734990347333,51.12754242258769],[13.82671790139988,51.12746164954435],[13.826615431901951,51.127470225580005],[13.826632506385913,51.127550998493696],[13.826734990347333,51.12754242258769]]]}},{"type":"Feature","id":"UUID_24184571-afd6-46e4-b190-ba3187c66032","properties":{"id":"UUID_24184571-afd6-46e4-b190-ba3187c66032","height_m":5.562,"ground_m":223.845,"height_source":"LoD1 solid top minus bottom","production":"2023","laser":"2019","footprints":"2020"},"geometry":{"type":"Polygon","coordinates":[[[13.82666494092572,51.12746608212623],[13.826660946493536,51.12744719334384],[13.826611437489662,51.12745133679608],[13.826615431901951,51.127470225580005],[13.82666494092572,51.12746608212623]]]}},{"type":"Feature","id":"DESNATPU1000FJd3","properties":{"id":"DESNATPU1000FJd3","height_m":2.077,"ground_m":220.158,"height_source":"LoD1 solid top minus bottom","production":"2023","laser":"2019","footprints":"2020"},"geometry":{"type":"Polygon","coordinates":[[[13.818376340031994,51.12774881310052],[13.818376081019997,51.127785842449704],[13.818519112695977,51.127782800308346],[13.818519367234819,51.12774594177547],[13.818376340031994,51.12774881310052]]]}},{"type":"Feature","id":"DESNATP1Yr00008R","properties":{"id":"DESNATP1Yr00008R","height_m":3.047,"ground_m":219.217,"height_source":"LoD1 solid top minus bottom","production":"2023","laser":"2019","footprints":"2020"},"geometry":{"type":"Polygon","coordinates":[[[13.81955884677206,51.127983550402746],[13.819559147698278,51.127936431662796],[13.819370859573333,51.12793595165211],[13.819370558455516,51.12798307039033],[13.81955884677206,51.127983550402746]]]}},{"type":"Feature","id":"DESNATP1Yr00008S","properties":{"id":"DESNATP1Yr00008S","height_m":2.619,"ground_m":224.91,"height_source":"LoD1 solid top minus bottom","production":"2023","laser":"2019","footprints":"2020"},"geometry":{"type":"Polygon","coordinates":[[[13.828173340339713,51.12699579055831],[13.82828578542347,51.126909769055345],[13.828251729996087,51.12689171218995],[13.828137649190415,51.12697686296171],[13.828173340339713,51.12699579055831]]]}},{"type":"Feature","id":"UUID_b1755410-2aa3-44a1-8ec1-44fafa39d0b3","properties":{"id":"UUID_b1755410-2aa3-44a1-8ec1-44fafa39d0b3","height_m":5.256,"ground_m":221.47,"height_source":"LoD1 solid top minus bottom","production":"2023","laser":"2019","footprints":"2020"},"geometry":{"type":"Polygon","coordinates":[[[13.823620051783665,51.127590524493314],[13.823522628248268,51.12758720627294],[13.823521594317935,51.12761946169089],[13.82361908474389,51.12762071226302],[13.823620051783665,51.127590524493314]]]}},{"type":"Feature","id":"UUID_3a67978e-8f27-4fdd-9d16-09196331137d","properties":{"id":"UUID_3a67978e-8f27-4fdd-9d16-09196331137d","height_m":8.261,"ground_m":221.47,"height_source":"LoD1 solid top minus bottom","production":"2023","laser":"2019","footprints":"2020"},"geometry":{"type":"Polygon","coordinates":[[[13.823653906652899,51.127591674410354],[13.823662009015484,51.12749719764006],[13.823525690177414,51.127492570887725],[13.823522628248268,51.12758720627294],[13.823653906652899,51.127591674410354]]]}},{"type":"Feature","id":"UUID_a3902db1-a548-4a40-99fd-71c346ab31d6","properties":{"id":"UUID_a3902db1-a548-4a40-99fd-71c346ab31d6","height_m":6.841,"ground_m":220.951,"height_source":"LoD1 solid top minus bottom","production":"2023","laser":"2019","footprints":"2020"},"geometry":{"type":"Polygon","coordinates":[[[13.826145834690458,51.12809290633711],[13.826143856152878,51.12805933470846],[13.826142094318577,51.12803018067116],[13.826089669448859,51.128033188531624],[13.826035870688425,51.12803627250276],[13.826041904522489,51.128143813840836],[13.82605132779003,51.128143602690706],[13.826052304576837,51.12815580659928],[13.826086647522667,51.128155198140576],[13.826086407827336,51.1281426689019],[13.826096002773435,51.128142450478926],[13.826148710111653,51.128141270969024],[13.82614596327857,51.128092907627924],[13.826145834690458,51.12809290633711]]]}},{"type":"Feature","id":"UUID_e1ce6d92-a079-44e7-8b9b-f7c09b56d571","properties":{"id":"UUID_e1ce6d92-a079-44e7-8b9b-f7c09b56d571","height_m":4.016,"ground_m":220.951,"height_source":"LoD1 solid top minus bottom","production":"2023","laser":"2019","footprints":"2020"},"geometry":{"type":"Polygon","coordinates":[[[13.826172208437123,51.128058827957084],[13.826143856152878,51.12805933470846],[13.826143827577763,51.12805933442162],[13.826145834690458,51.12809290633711],[13.82614596327857,51.128092907627924],[13.826174116013258,51.12809238088745],[13.826172208437123,51.128058827957084]]]}},{"type":"Feature","id":"UUID_e2398433-ecb1-4b2c-be7d-caf1bbd3a187","properties":{"id":"UUID_e2398433-ecb1-4b2c-be7d-caf1bbd3a187","height_m":3.0,"ground_m":224.392,"height_source":"LoD1 solid top minus bottom","production":"2023","laser":"2019","footprints":"2020"},"geometry":{"type":"Polygon","coordinates":[[[13.826017260877295,51.12734760443341],[13.825997901803055,51.12721607166009],[13.825858201621841,51.12722421029318],[13.825867112275743,51.12728478467972],[13.825877546014524,51.12735574294343],[13.826017260877295,51.12734760443341]]]}},{"type":"Feature","id":"UUID_a930ac32-1d1c-4689-ac6c-696d5b276d56","properties":{"id":"UUID_a930ac32-1d1c-4689-ac6c-696d5b276d56","height_m":3.475,"ground_m":224.392,"height_source":"LoD1 solid top minus bottom","production":"2023","laser":"2019","footprints":"2020"},"geometry":{"type":"Polygon","coordinates":[[[13.825793611329962,51.12722796815856],[13.825802521671937,51.12728855153986],[13.825867112275743,51.12728478467972],[13.825858201621841,51.12722421029318],[13.825793611329962,51.12722796815856]]]}},{"type":"Feature","id":"DESNATPU1000FTO5","properties":{"id":"DESNATPU1000FTO5","height_m":7.21,"ground_m":226.306,"height_source":"LoD1 solid top minus bottom","production":"2023","laser":"2019","footprints":"2020"},"geometry":{"type":"Polygon","coordinates":[[[13.824849663422825,51.126765784106624],[13.824865552358835,51.12677601560976],[13.824871122067714,51.12677616150872],[13.824870835452272,51.12678182403183],[13.825020551175875,51.12678386803989],[13.825023404588489,51.12670521055333],[13.824873831990299,51.126703167986335],[13.824872407171446,51.12673678638039],[13.824867120928504,51.126736733257154],[13.824850575755056,51.126746728742965],[13.824849663422825,51.126765784106624]]]}},{"type":"Feature","id":"DESNATPU1000DIrQ","properties":{"id":"DESNATPU1000DIrQ","height_m":2.552,"ground_m":190.068,"height_source":"LoD1 solid top minus bottom","production":"2023","laser":"2019","footprints":"2020"},"geometry":{"type":"Polygon","coordinates":[[[13.800074704651163,51.1375178461231],[13.800144184940812,51.13756154414022],[13.800207420732235,51.13752631202923],[13.800146469612619,51.13747892462275],[13.800074704651163,51.1375178461231]]]}},{"type":"Feature","id":"DESNATPU1000ISyu","properties":{"id":"DESNATPU1000ISyu","height_m":8.017,"ground_m":216.35,"height_source":"LoD1 solid top minus bottom","production":"2023","laser":"2019","footprints":"2020"},"geometry":{"type":"Polygon","coordinates":[[[13.822642488395605,51.12853465911367],[13.822639388481372,51.1285891236811],[13.822714518941774,51.128590779361076],[13.822720555135108,51.12848265791814],[13.82264471275243,51.128480905146574],[13.822642488395605,51.12853465911367]]]}},{"type":"Feature","id":"UUID_a7074f2a-09f2-475c-a395-71da146ebd1a","properties":{"id":"UUID_a7074f2a-09f2-475c-a395-71da146ebd1a","height_m":4.286,"ground_m":225.132,"height_source":"LoD1 solid top minus bottom","production":"2023","laser":"2019","footprints":"2020"},"geometry":{"type":"Polygon","coordinates":[[[13.820552816594613,51.12660435977741],[13.820554258663039,51.12658701839798],[13.820554297313247,51.12658662310871],[13.820502731332374,51.126584574229106],[13.820501410588443,51.12660276214622],[13.820552816594613,51.12660435977741]]]}},{"type":"Feature","id":"UUID_b5f02f4c-145c-4902-aa53-664b64759f62","properties":{"id":"UUID_b5f02f4c-145c-4902-aa53-664b64759f62","height_m":6.573,"ground_m":225.132,"height_source":"LoD1 solid top minus bottom","production":"2023","laser":"2019","footprints":"2020"},"geometry":{"type":"Polygon","coordinates":[[[13.820492831614839,51.12650195729257],[13.820485885410267,51.126583900716476],[13.820502732706442,51.12658452028673],[13.820502731332374,51.126584574229106],[13.820541334496696,51.126586105675216],[13.820554297313247,51.12658662310871],[13.820554258663039,51.12658701839798],[13.820613229934288,51.12658896208889],[13.820620196523436,51.12650620952024],[13.820581644387966,51.1265049214177],[13.820548289534656,51.126503811621916],[13.820531098232916,51.12650323355185],[13.820531100293964,51.126503152638264],[13.820492831614839,51.12650195729257]]]}},{"type":"Feature","id":"UUID_e2f91f20-96ac-4d7d-a82a-f4197984c01a","properties":{"id":"UUID_e2f91f20-96ac-4d7d-a82a-f4197984c01a","height_m":4.16,"ground_m":225.132,"height_source":"LoD1 solid top minus bottom","production":"2023","laser":"2019","footprints":"2020"},"geometry":{"type":"Polygon","coordinates":[[[13.820532351405298,51.126487697801224],[13.820531100293964,51.126503152638264],[13.820531098232916,51.12650323355185],[13.820581644387966,51.1265049214177],[13.820583042932842,51.126489288213044],[13.820532351405298,51.126487697801224]]]}},{"type":"Feature","id":"DESNATPU1000CXxh","properties":{"id":"DESNATPU1000CXxh","height_m":3.432,"ground_m":228.569,"height_source":"LoD1 solid top minus bottom","production":"2023","laser":"2019","footprints":"2020"},"geometry":{"type":"Polygon","coordinates":[[[13.825562318098774,51.12620455092805],[13.825566913744154,51.126248733276],[13.825671885868992,51.12624393325665],[13.825666594621802,51.12619956407342],[13.825613095565371,51.126202183232785],[13.825562318098774,51.12620455092805]]]}},{"type":"Feature","id":"DESNATPU1000FMGH","properties":{"id":"DESNATPU1000FMGH","height_m":7.957,"ground_m":216.213,"height_source":"LoD1 solid top minus bottom","production":"2023","laser":"2019","footprints":"2020"},"geometry":{"type":"Polygon","coordinates":[[[13.819328284429732,51.12839054370058],[13.819331079607894,51.12844177638549],[13.819333251075287,51.12848160002254],[13.81933393025573,51.12849419666698],[13.819426016124034,51.12849224871501],[13.819423295336163,51.12843977579092],[13.819422756099016,51.128429536648525],[13.819420515260578,51.12838850729022],[13.819328284429732,51.12839054370058]]]}},{"type":"Feature","id":"DESNATPU1000HFBz","properties":{"id":"DESNATPU1000HFBz","height_m":2.366,"ground_m":186.988,"height_source":"LoD1 solid top minus bottom","production":"2023","laser":"2019","footprints":"2020"},"geometry":{"type":"Polygon","coordinates":[[[13.809205748947669,51.1377309621081],[13.809187754732868,51.13770254180841],[13.80922269793309,51.13769444448013],[13.809190283950766,51.13764312582594],[13.809155054975323,51.13765122023447],[13.809076361224841,51.13767083230257],[13.809126907551105,51.13775075256094],[13.809205748947669,51.1377309621081]]]}},{"type":"Feature","id":"UUID_ccf7eff1-0c66-4c27-ac5a-ea17649a65a7","properties":{"id":"UUID_ccf7eff1-0c66-4c27-ac5a-ea17649a65a7","height_m":6.555,"ground_m":221.518,"height_source":"LoD1 solid top minus bottom","production":"2023","laser":"2019","footprints":"2020"},"geometry":{"type":"Polygon","coordinates":[[[13.827213074641634,51.12794615257341],[13.827147086032358,51.12795373704835],[13.827089224167887,51.12796038682454],[13.827100107294001,51.12799788763325],[13.827109728830607,51.128031032312535],[13.827158982782995,51.12802513251303],[13.827158877364079,51.1280247807404],[13.827233408551145,51.128016211801196],[13.827213074641634,51.12794615257341]]]}},{"type":"Feature","id":"UUID_7fe83fcf-5dfc-46d8-b75f-b88074926621","properties":{"id":"UUID_7fe83fcf-5dfc-46d8-b75f-b88074926621","height_m":5.12,"ground_m":221.518,"height_source":"LoD1 solid top minus bottom","production":"2023","laser":"2019","footprints":"2020"},"geometry":{"type":"Polygon","coordinates":[[[13.827213074641634,51.12794615257341],[13.827210156718442,51.127936096447904],[13.82714416789534,51.12794368991172],[13.827147086032358,51.12795373704835],[13.827213074641634,51.12794615257341]]]}},{"type":"Feature","id":"UUID_54097549-3c99-486d-a8a6-9ffe21412326","properties":{"id":"UUID_54097549-3c99-486d-a8a6-9ffe21412326","height_m":2.165,"ground_m":221.518,"height_source":"LoD1 solid top minus bottom","production":"2023","laser":"2019","footprints":"2020"},"geometry":{"type":"Polygon","coordinates":[[[13.827158982782995,51.12802513251303],[13.827109728830607,51.128031032312535],[13.827109768504902,51.12803115860827],[13.827110571113062,51.12803106773878],[13.827115671503268,51.12804861869092],[13.82716418838223,51.12804304422622],[13.827158982782995,51.12802513251303]]]}},{"type":"Feature","id":"UUID_e4c3cae8-61ec-486b-b7bc-ce804f7aa8bb","properties":{"id":"UUID_e4c3cae8-61ec-486b-b7bc-ce804f7aa8bb","height_m":4.087,"ground_m":221.518,"height_source":"LoD1 solid top minus bottom","production":"2023","laser":"2019","footprints":"2020"},"geometry":{"type":"Polygon","coordinates":[[[13.827073720343261,51.128000923286024],[13.827083367248207,51.12803419411977],[13.827109768277163,51.128031167598685],[13.827100107294001,51.12799788763325],[13.827073720343261,51.128000923286024]]]}},{"type":"Feature","id":"DESNATPU1000Buzw","properties":{"id":"DESNATPU1000Buzw","height_m":8.125,"ground_m":215.392,"height_source":"LoD1 solid top minus bottom","production":"2023","laser":"2019","footprints":"2020"},"geometry":{"type":"Polygon","coordinates":[[[13.819527077074731,51.128923030310965],[13.819570078739517,51.12892364425326],[13.819699166249414,51.12892224944463],[13.81970069726812,51.12887900999071],[13.819528833650816,51.12887655576215],[13.819527077074731,51.128923030310965]]]}},{"type":"Feature","id":"DESNATPU1000Fc5N","properties":{"id":"DESNATPU1000Fc5N","height_m":3.438,"ground_m":221.863,"height_source":"LoD1 solid top minus bottom","production":"2023","laser":"2019","footprints":"2020"},"geometry":{"type":"Polygon","coordinates":[[[13.821742525914052,51.127205105901226],[13.821735771679265,51.12727958737147],[13.821825434125708,51.12728291881547],[13.821832190504507,51.127208347435115],[13.821742525914052,51.127205105901226]]]}},{"type":"Feature","id":"DESNATPU1000CbjC","properties":{"id":"DESNATPU1000CbjC","height_m":6.512,"ground_m":216.258,"height_source":"LoD1 solid top minus bottom","production":"2023","laser":"2019","footprints":"2020"},"geometry":{"type":"Polygon","coordinates":[[[13.820148768948263,51.128361685062956],[13.820062043095874,51.12836081000218],[13.820060888372952,51.1284061215823],[13.820059373113526,51.12845997259351],[13.820146096860588,51.1284609375614],[13.820148768948263,51.128361685062956]]]}},{"type":"Feature","id":"DESNATP1Yr00008T","properties":{"id":"DESNATP1Yr00008T","height_m":2.423,"ground_m":224.952,"height_source":"LoD1 solid top minus bottom","production":"2023","laser":"2019","footprints":"2020"},"geometry":{"type":"Polygon","coordinates":[[[13.825677267782877,51.12717560439311],[13.825683865033286,51.127229339094306],[13.825684931466702,51.127238567323914],[13.825748324002706,51.12723583165166],[13.825741685953323,51.127172995929705],[13.825677267782877,51.12717560439311]]]}},{"type":"Feature","id":"DESNATPU1000IaZj","properties":{"id":"DESNATPU1000IaZj","height_m":6.876,"ground_m":221.922,"height_source":"LoD1 solid top minus bottom","production":"2023","laser":"2019","footprints":"2020"},"geometry":{"type":"Polygon","coordinates":[[[13.82199292286264,51.1272913956929],[13.822000316323013,51.12717548226359],[13.821868381368448,51.12717215671595],[13.821860973520044,51.12728806100048],[13.82199292286264,51.1272913956929]]]}},{"type":"Feature","id":"DESNATPU1000DOib","properties":{"id":"DESNATPU1000DOib","height_m":5.708,"ground_m":226.162,"height_source":"LoD1 solid top minus bottom","production":"2023","laser":"2019","footprints":"2020"},"geometry":{"type":"Polygon","coordinates":[[[13.818860992620046,51.126310757551515],[13.818684115219328,51.12630915067416],[13.818682571310752,51.12638647237157],[13.818859308429941,51.126387987906185],[13.818860992620046,51.126310757551515]]]}},{"type":"Feature","id":"DESNATPU1000CLNJ","properties":{"id":"DESNATPU1000CLNJ","height_m":7.551,"ground_m":216.409,"height_source":"LoD1 solid top minus bottom","production":"2023","laser":"2019","footprints":"2020"},"geometry":{"type":"Polygon","coordinates":[[[13.820778556759574,51.12851434896556],[13.820782726769226,51.128451621942354],[13.820785480818515,51.12841082283785],[13.820692645518346,51.12840853773088],[13.820688047664142,51.12847683591348],[13.82068572354226,51.128511973947795],[13.820778556759574,51.12851434896556]]]}},{"type":"Feature","id":"DESNATPU1000FA4H","properties":{"id":"DESNATPU1000FA4H","height_m":4.249,"ground_m":190.445,"height_source":"LoD1 solid top minus bottom","production":"2023","laser":"2019","footprints":"2020"},"geometry":{"type":"Polygon","coordinates":[[[13.800206212688556,51.13684501227686],[13.800120157768866,51.136894848224834],[13.800252321102272,51.13698523196474],[13.800338230819232,51.136935484357636],[13.800206212688556,51.13684501227686]]]}},{"type":"Feature","id":"UUID_58cf5eec-3aa1-407d-ba96-52c88bb38b87","properties":{"id":"UUID_58cf5eec-3aa1-407d-ba96-52c88bb38b87","height_m":2.501,"ground_m":216.591,"height_source":"LoD1 solid top minus bottom","production":"2023","laser":"2019","footprints":"2020"},"geometry":{"type":"Polygon","coordinates":[[[13.81780120180286,51.12846944885619],[13.817804578714174,51.12852693739467],[13.817852854939975,51.128525815745256],[13.817849477968753,51.12846832720775],[13.81780120180286,51.12846944885619]]]}},{"type":"Feature","id":"UUID_fa210069-0637-4dc1-aa7d-9f11c7a7f047","properties":{"id":"UUID_fa210069-0637-4dc1-aa7d-9f11c7a7f047","height_m":6.445,"ground_m":216.591,"height_source":"LoD1 solid top minus bottom","production":"2023","laser":"2019","footprints":"2020"},"geometry":{"type":"Polygon","coordinates":[[[13.817669612352056,51.12844854133522],[13.817670658221925,51.128466348475406],[13.817674407043224,51.12852997380412],[13.817750610947655,51.12852819932181],[13.817804578714174,51.12852693739467],[13.817801187515219,51.12846944871174],[13.817799783794198,51.128445504929566],[13.817669612352056,51.12844854133522]]]}},{"type":"Feature","id":"DESNATPU1000CziS","properties":{"id":"DESNATPU1000CziS","height_m":2.527,"ground_m":221.598,"height_source":"LoD1 solid top minus bottom","production":"2023","laser":"2019","footprints":"2020"},"geometry":{"type":"Polygon","coordinates":[[[13.824340551203369,51.12766362403147],[13.824270706235996,51.12766211246063],[13.824266939036034,51.12773167810369],[13.824336784108148,51.12773318967746],[13.824340551203369,51.12766362403147]]]}},{"type":"Feature","id":"DESNATPU1000Ax7a","properties":{"id":"DESNATPU1000Ax7a","height_m":7.837,"ground_m":224.671,"height_source":"LoD1 solid top minus bottom","production":"2023","laser":"2019","footprints":"2020"},"geometry":{"type":"Polygon","coordinates":[[[13.82800065517831,51.12711018269431],[13.827972082880496,51.127039798218014],[13.82791610639648,51.12704879640641],[13.827857647498984,51.12705819234196],[13.827886314864996,51.127128766646216],[13.827927497548218,51.127122138148614],[13.827933510968922,51.12713693745914],[13.827950773212438,51.12713416087304],[13.82797281382686,51.12713061384115],[13.827966733281736,51.127115642998575],[13.82800065517831,51.12711018269431]]]}},{"type":"Feature","id":"UUID_dcaefb7a-4aba-4438-a489-76431d152bb8","properties":{"id":"UUID_dcaefb7a-4aba-4438-a489-76431d152bb8","height_m":4.035,"ground_m":223.137,"height_source":"LoD1 solid top minus bottom","production":"2023","laser":"2019","footprints":"2020"},"geometry":{"type":"Polygon","coordinates":[[[13.823565575241243,51.127285627384566],[13.823546109866975,51.12728510781518],[13.823543711525966,51.12732044299819],[13.82356317691505,51.127320962568064],[13.823565575241243,51.127285627384566]]]}},{"type":"Feature","id":"UUID_893779de-a9ce-4814-bcd3-68b6a0562376","properties":{"id":"UUID_893779de-a9ce-4814-bcd3-68b6a0562376","height_m":4.147,"ground_m":223.137,"height_source":"LoD1 solid top minus bottom","production":"2023","laser":"2019","footprints":"2020"},"geometry":{"type":"Polygon","coordinates":[[[13.8237151469924,51.12723152116722],[13.823702708016112,51.12723118920854],[13.823698919812802,51.12728692385133],[13.823711372862936,51.12728726494464],[13.8237151469924,51.12723152116722]]]}},{"type":"Feature","id":"UUID_1c3b381c-6435-49ec-af4e-57f1ad282464","properties":{"id":"UUID_1c3b381c-6435-49ec-af4e-57f1ad282464","height_m":6.937,"ground_m":223.137,"height_source":"LoD1 solid top minus bottom","production":"2023","laser":"2019","footprints":"2020"},"geometry":{"type":"Polygon","coordinates":[[[13.823698919812802,51.12728692385133],[13.823702708016112,51.12723118920854],[13.823569507347582,51.12722761004642],[13.823565575241243,51.127285627384566],[13.82356317691505,51.127320962568064],[13.82369636379249,51.12732453260497],[13.823698919812802,51.12728692385133]]]}},{"type":"Feature","id":"DESNATPU1000C2a3","properties":{"id":"DESNATPU1000C2a3","height_m":8.406,"ground_m":218.539,"height_source":"LoD1 solid top minus bottom","production":"2023","laser":"2019","footprints":"2020"},"geometry":{"type":"Polygon","coordinates":[[[13.825761396451833,51.12869380572125],[13.825675818222853,51.12869160643885],[13.825588725957704,51.12868937390286],[13.825585900864695,51.128733139981485],[13.825672855039606,51.1287374394536],[13.82572963499204,51.12874024882416],[13.825758346560912,51.128740806918216],[13.825761396451833,51.12869380572125]]]}},{"type":"Feature","id":"DESNATPU1000CqSr","properties":{"id":"DESNATPU1000CqSr","height_m":8.31,"ground_m":216.355,"height_source":"LoD1 solid top minus bottom","production":"2023","laser":"2019","footprints":"2020"},"geometry":{"type":"Polygon","coordinates":[[[13.822788829630044,51.12848415460074],[13.822788991196685,51.12851096347389],[13.82278933730608,51.12856536381622],[13.822858897818586,51.12856687340377],[13.822861936436373,51.128512561090126],[13.822864929099483,51.12845893175875],[13.82279022747587,51.12845728049176],[13.822788829630044,51.12848415460074]]]}},{"type":"Feature","id":"DESNATPU1000CGtE","properties":{"id":"DESNATPU1000CGtE","height_m":9.409,"ground_m":216.427,"height_source":"LoD1 solid top minus bottom","production":"2023","laser":"2019","footprints":"2020"},"geometry":{"type":"Polygon","coordinates":[[[13.823140745254982,51.12859974587736],[13.823241589063965,51.12860183984839],[13.823246824027521,51.12850270302228],[13.823145556374007,51.12850042493536],[13.823140745254982,51.12859974587736]]]}},{"type":"Feature","id":"UUID_22900562-5aaa-4ba5-9e82-c450f1b3fd2a","properties":{"id":"UUID_22900562-5aaa-4ba5-9e82-c450f1b3fd2a","height_m":3.298,"ground_m":226.065,"height_source":"LoD1 solid top minus bottom","production":"2023","laser":"2019","footprints":"2020"},"geometry":{"type":"Polygon","coordinates":[[[13.82230379722399,51.12634844941735],[13.822349668779744,51.126354127164824],[13.822353701226533,51.126341667913664],[13.82234827342465,51.12634100174673],[13.822368452662978,51.126278597748296],[13.822351107064344,51.126286336645],[13.822347079194945,51.12629861608814],[13.822320725997479,51.12629529316333],[13.82230379722399,51.12634844941735]]]}},{"type":"Feature","id":"UUID_7ac2ec1a-4dc2-4d9d-b4c4-dffc70fb8032","properties":{"id":"UUID_7ac2ec1a-4dc2-4d9d-b4c4-dffc70fb8032","height_m":7.019,"ground_m":226.065,"height_source":"LoD1 solid top minus bottom","production":"2023","laser":"2019","footprints":"2020"},"geometry":{"type":"Polygon","coordinates":[[[13.822379930466443,51.12624310222124],[13.822368452662978,51.126278597748296],[13.82234827342465,51.12634100174673],[13.822353701226533,51.126341667913664],[13.822435330292821,51.12635175244973],[13.822465963180605,51.12625422028194],[13.822379930466443,51.12624310222124]]]}},{"type":"Feature","id":"DESNATPU1000DMW3","properties":{"id":"DESNATPU1000DMW3","height_m":8.473,"ground_m":216.223,"height_source":"LoD1 solid top minus bottom","production":"2023","laser":"2019","footprints":"2020"},"geometry":{"type":"Polygon","coordinates":[[[13.82130413255309,51.12852792107993],[13.82137554119015,51.128529809887056],[13.821376315395463,51.12851623870792],[13.821382721221926,51.128421789957045],[13.821311455627473,51.128419902595496],[13.821305125183551,51.12851138451063],[13.82130413255309,51.12852792107993]]]}},{"type":"Feature","id":"DESNATPU1000E63d","properties":{"id":"DESNATPU1000E63d","height_m":3.283,"ground_m":225.015,"height_source":"LoD1 solid top minus bottom","production":"2023","laser":"2019","footprints":"2020"},"geometry":{"type":"Polygon","coordinates":[[[13.825861182970927,51.12718103029292],[13.825962181444556,51.12717634298352],[13.825956872724502,51.127130957470776],[13.825855860062216,51.12713564463282],[13.825861182970927,51.12718103029292]]]}},{"type":"Feature","id":"UUID_812eba45-0f7d-4be9-9d23-d95d2d955b6f","properties":{"id":"UUID_812eba45-0f7d-4be9-9d23-d95d2d955b6f","height_m":2.975,"ground_m":217.883,"height_source":"LoD1 solid top minus bottom","production":"2023","laser":"2019","footprints":"2020"},"geometry":{"type":"Polygon","coordinates":[[[13.822013399384735,51.128213848758826],[13.822095788429904,51.12821665708341],[13.822098680679424,51.128181614672904],[13.82205966995858,51.12817582609201],[13.822013399384735,51.128213848758826]]]}},{"type":"Feature","id":"UUID_4781f2f1-4215-47a6-b2a3-8caeb198813c","properties":{"id":"UUID_4781f2f1-4215-47a6-b2a3-8caeb198813c","height_m":2.786,"ground_m":217.883,"height_source":"LoD1 solid top minus bottom","production":"2023","laser":"2019","footprints":"2020"},"geometry":{"type":"Polygon","coordinates":[[[13.822014436022593,51.12813939961517],[13.822013399384735,51.128213848758826],[13.82205966995858,51.12817582609201],[13.822063152032522,51.12814007020724],[13.822014436022593,51.12813939961517]]]}},{"type":"Feature","id":"UUID_3a2d9f91-a472-4a9a-8947-b23cfc1f674a","properties":{"id":"UUID_3a2d9f91-a472-4a9a-8947-b23cfc1f674a","height_m":8.214,"ground_m":222.431,"height_source":"LoD1 solid top minus bottom","production":"2023","laser":"2019","footprints":"2020"},"geometry":{"type":"Polygon","coordinates":[[[13.820574738635639,51.12708798383157],[13.820568222514025,51.12708796307301],[13.820511496119357,51.127088191261755],[13.820453026224607,51.12708841982157],[13.820453369368545,51.12713104871082],[13.820511867891616,51.127130820439426],[13.820575140185625,51.12713056834564],[13.820575062832349,51.127122384202806],[13.820574738635639,51.12708798383157]]]}},{"type":"Feature","id":"UUID_60edb691-703d-48bf-909f-78fd340ae513","properties":{"id":"UUID_60edb691-703d-48bf-909f-78fd340ae513","height_m":4.739,"ground_m":222.431,"height_source":"LoD1 solid top minus bottom","production":"2023","laser":"2019","footprints":"2020"},"geometry":{"type":"Polygon","coordinates":[[[13.820593781406863,51.1271224830706],[13.820593658362448,51.12708803976474],[13.820574738635639,51.12708798383157],[13.820575062832349,51.127122384202806],[13.820593781406863,51.1271224830706]]]}},{"type":"Feature","id":"DESNATPU1000DI2K","properties":{"id":"DESNATPU1000DI2K","height_m":7.865,"ground_m":215.623,"height_source":"LoD1 solid top minus bottom","production":"2023","laser":"2019","footprints":"2020"},"geometry":{"type":"Polygon","coordinates":[[[13.819577482259389,51.12870052006483],[13.81975048824504,51.12870298575414],[13.81975238975374,51.12865642273687],[13.819686813753986,51.12865558100834],[13.819654101777632,51.12865498104356],[13.81962109717214,51.128654647896944],[13.81958824002847,51.12865413637545],[13.819579817157264,51.128653781570456],[13.819577482259389,51.12870052006483]]]}},{"type":"Feature","id":"DESNATPU1000EldK","properties":{"id":"DESNATPU1000EldK","height_m":7.052,"ground_m":215.866,"height_source":"LoD1 solid top minus bottom","production":"2023","laser":"2019","footprints":"2020"},"geometry":{"type":"Polygon","coordinates":[[[13.822299261940735,51.12885906786835],[13.822293882173637,51.12894021779046],[13.822297395374054,51.12894031612147],[13.822299254849108,51.128913284799836],[13.822367078578536,51.1289151099167],[13.82237068496942,51.12886097419598],[13.822374296152807,51.128806649676214],[13.822302872750347,51.12880476133211],[13.822299261940735,51.12885906786835]]]}},{"type":"Feature","id":"DESNATPU1000Iko1","properties":{"id":"DESNATPU1000Iko1","height_m":6.505,"ground_m":218.505,"height_source":"LoD1 solid top minus bottom","production":"2023","laser":"2019","footprints":"2020"},"geometry":{"type":"Polygon","coordinates":[[[13.82504698848555,51.1286423856811],[13.825132549188982,51.1286441446058],[13.825133438641718,51.12862598828633],[13.825138063584063,51.12854510044432],[13.825052507626202,51.128543161716635],[13.82504698848555,51.1286423856811]]]}},{"type":"Feature","id":"DESNATPU1000Elag","properties":{"id":"DESNATPU1000Elag","height_m":6.682,"ground_m":226.176,"height_source":"LoD1 solid top minus bottom","production":"2023","laser":"2019","footprints":"2020"},"geometry":{"type":"Polygon","coordinates":[[[13.8204459036536,51.12632962430029],[13.820436514633144,51.126412091637725],[13.820478373118945,51.12641429442471],[13.820476038098233,51.126430223934285],[13.820505918718387,51.12643195517507],[13.820508390327435,51.126415712297906],[13.820563156960853,51.126418333020624],[13.820572744770088,51.126335346101875],[13.8204459036536,51.12632962430029]]]}},{"type":"Feature","id":"DESNATPU1000GWGd","properties":{"id":"DESNATPU1000GWGd","height_m":7.249,"ground_m":217.578,"height_source":"LoD1 solid top minus bottom","production":"2023","laser":"2019","footprints":"2020"},"geometry":{"type":"Polygon","coordinates":[[[13.818421592508523,51.12828392272313],[13.818428088468895,51.128344662147384],[13.818604118541687,51.12833721416181],[13.818597543212954,51.12827565560999],[13.818421592508523,51.12828392272313]]]}},{"type":"Feature","id":"DESNATPU1000CNni","properties":{"id":"DESNATPU1000CNni","height_m":2.386,"ground_m":217.879,"height_source":"LoD1 solid top minus bottom","production":"2023","laser":"2019","footprints":"2020"},"geometry":{"type":"Polygon","coordinates":[[[13.824541102438877,51.12861311124261],[13.824583951906192,51.12861408151976],[13.824587035841871,51.12856015631048],[13.824544041264897,51.12855927450264],[13.824541102438877,51.12861311124261]]]}},{"type":"Feature","id":"DESNATPU1000BbCP","properties":{"id":"DESNATPU1000BbCP","height_m":4.141,"ground_m":227.729,"height_source":"LoD1 solid top minus bottom","production":"2023","laser":"2019","footprints":"2020"},"geometry":{"type":"Polygon","coordinates":[[[13.825307004381457,51.126257966002235],[13.825414639727214,51.126260288211014],[13.82541702799953,51.126213460211495],[13.825309514274956,51.12621141800009],[13.825307004381457,51.126257966002235]]]}},{"type":"Feature","id":"DESNATPU1000IL3b","properties":{"id":"DESNATPU1000IL3b","height_m":4.004,"ground_m":221.458,"height_source":"LoD1 solid top minus bottom","production":"2023","laser":"2019","footprints":"2020"},"geometry":{"type":"Polygon","coordinates":[[[13.816787477448196,51.12748843326613],[13.816688668653354,51.12748566187251],[13.816689590153567,51.12754299072006],[13.816784857229537,51.127546229867505],[13.816787477448196,51.12748843326613]]]}},{"type":"Feature","id":"DESNATPU1000I9AC","properties":{"id":"DESNATPU1000I9AC","height_m":9.911,"ground_m":216.649,"height_source":"LoD1 solid top minus bottom","production":"2023","laser":"2019","footprints":"2020"},"geometry":{"type":"Polygon","coordinates":[[[13.823246824027521,51.12850270302228],[13.823244450071272,51.12854775055693],[13.823241589063965,51.12860183984839],[13.823327142747655,51.12860386980527],[13.823327654696442,51.12859497218156],[13.823330034515388,51.12854969089458],[13.823330966286562,51.12853214651564],[13.823332239221136,51.128504551728405],[13.823246824027521,51.12850270302228]]]}},{"type":"Feature","id":"UUID_e9a9425f-95d3-49cc-b3fd-834def457634","properties":{"id":"UUID_e9a9425f-95d3-49cc-b3fd-834def457634","height_m":3.739,"ground_m":227.691,"height_source":"LoD1 solid top minus bottom","production":"2023","laser":"2019","footprints":"2020"},"geometry":{"type":"Polygon","coordinates":[[[13.823987206580895,51.125905729308656],[13.823989992360218,51.12591589210436],[13.824064193373967,51.12590783445605],[13.824061407578784,51.12589767166198],[13.823987206580895,51.125905729308656]]]}},{"type":"Feature","id":"UUID_4f16cbde-d0ad-443d-bc92-9ddb37550e32","properties":{"id":"UUID_4f16cbde-d0ad-443d-bc92-9ddb37550e32","height_m":7.06,"ground_m":227.691,"height_source":"LoD1 solid top minus bottom","production":"2023","laser":"2019","footprints":"2020"},"geometry":{"type":"Polygon","coordinates":[[[13.823987206580895,51.125905729308656],[13.824061407578784,51.12589767166198],[13.82405960334439,51.12589106186476],[13.824035171712424,51.12580195025148],[13.824029561397209,51.12578146240329],[13.823847999952738,51.12580118289546],[13.823879845918922,51.12591738320992],[13.823987206580895,51.125905729308656]]]}},{"type":"Feature","id":"UUID_dd703754-8f8a-4906-9b67-7fd7180467bf","properties":{"id":"UUID_dd703754-8f8a-4906-9b67-7fd7180467bf","height_m":2.489,"ground_m":227.691,"height_source":"LoD1 solid top minus bottom","production":"2023","laser":"2019","footprints":"2020"},"geometry":{"type":"Polygon","coordinates":[[[13.82411426965289,51.12588523576623],[13.824102263703947,51.125839728849876],[13.82408980053728,51.12579590796275],[13.824035171712424,51.12580195025148],[13.82405960334439,51.12589106186476],[13.82411426965289,51.12588523576623]]]}},{"type":"Feature","id":"DESNATPU1000DHqA","properties":{"id":"DESNATPU1000DHqA","height_m":5.701,"ground_m":226.28,"height_source":"LoD1 solid top minus bottom","production":"2023","laser":"2019","footprints":"2020"},"geometry":{"type":"Polygon","coordinates":[[[13.825831930396651,51.12677353799185],[13.825822107764038,51.12669257697406],[13.825673688209912,51.1266997285584],[13.825688411024885,51.12680609822187],[13.825782203250888,51.12680096100921],[13.825778760885203,51.12677609758912],[13.825831930396651,51.12677353799185]]]}},{"type":"Feature","id":"DESNATPU1000J23F","properties":{"id":"DESNATPU1000J23F","height_m":7.112,"ground_m":223.729,"height_source":"LoD1 solid top minus bottom","production":"2023","laser":"2019","footprints":"2020"},"geometry":{"type":"Polygon","coordinates":[[[13.825052214886478,51.12728585313967],[13.82501121736983,51.127285162426595],[13.824997032353327,51.12727591927809],[13.8249567492121,51.12727523572408],[13.824941923077004,51.12728393556173],[13.824900723488502,51.127283323713655],[13.82490023708838,51.12729629529626],[13.824899159364602,51.127324683422216],[13.824898180488477,51.12735030278885],[13.824897697509096,51.12736313951513],[13.824951868245243,51.127363953648015],[13.824951694965517,51.12736852919257],[13.824992765588442,51.127369157711925],[13.824991995899847,51.127364572692166],[13.82504919441502,51.127365462167276],[13.82505003604129,51.12734412194724],[13.825071790676061,51.127336651769355],[13.825072081430879,51.12732744616304],[13.825072473989977,51.12731535492196],[13.825051302282384,51.12730717466134],[13.825052214886478,51.12728585313967]]]}},{"type":"Feature","id":"DESNATPU1000I8Ag","properties":{"id":"DESNATPU1000I8Ag","height_m":8.073,"ground_m":215.837,"height_source":"LoD1 solid top minus bottom","production":"2023","laser":"2019","footprints":"2020"},"geometry":{"type":"Polygon","coordinates":[[[13.82215113795942,51.12893632509009],[13.822222517092722,51.128938276029196],[13.822229731808287,51.1288299416659],[13.822158364613532,51.12882808977055],[13.82215113795942,51.12893632509009]]]}},{"type":"Feature","id":"DESNATPU1000G3xF","properties":{"id":"DESNATPU1000G3xF","height_m":2.746,"ground_m":225.9,"height_source":"LoD1 solid top minus bottom","production":"2023","laser":"2019","footprints":"2020"},"geometry":{"type":"Polygon","coordinates":[[[13.819387217080468,51.12642119639679],[13.819387109170417,51.126492687336],[13.819471997109089,51.126492645084596],[13.819472245466157,51.12642124549074],[13.819387217080468,51.12642119639679]]]}},{"type":"Feature","id":"DESNATPU1000H0c9","properties":{"id":"DESNATPU1000H0c9","height_m":8.957,"ground_m":216.943,"height_source":"LoD1 solid top minus bottom","production":"2023","laser":"2019","footprints":"2020"},"geometry":{"type":"Polygon","coordinates":[[[13.82350440558276,51.1284950431223],[13.823501792492474,51.12854444971599],[13.823499166602764,51.128594359771775],[13.823584867732738,51.128596211169466],[13.823587592401955,51.128546347069346],[13.823587805384578,51.128542464364706],[13.823590247121757,51.12849698585639],[13.82350440558276,51.1284950431223]]]}},{"type":"Feature","id":"DESNATPU1000CwfL","properties":{"id":"DESNATPU1000CwfL","height_m":6.894,"ground_m":220.781,"height_source":"LoD1 solid top minus bottom","production":"2023","laser":"2019","footprints":"2020"},"geometry":{"type":"Polygon","coordinates":[[[13.822227065422389,51.12760491975216],[13.822236324406848,51.12748868338234],[13.822104882663766,51.12748447279474],[13.822095705415526,51.12760085386198],[13.822227065422389,51.12760491975216]]]}},{"type":"Feature","id":"UUID_129604db-309c-499d-a835-cc27383de685","properties":{"id":"UUID_129604db-309c-499d-a835-cc27383de685","height_m":7.307,"ground_m":223.878,"height_source":"LoD1 solid top minus bottom","production":"2023","laser":"2019","footprints":"2020"},"geometry":{"type":"Polygon","coordinates":[[[13.828081378440553,51.12737919002961],[13.828132023787937,51.127370794803205],[13.828124666135963,51.12735320328814],[13.828074154805751,51.12736195056976],[13.82807419561988,51.1273620319131],[13.828081378440553,51.12737919002961]]]}},{"type":"Feature","id":"UUID_87111ced-65fe-4c96-b4a7-9a3bc12c512a","properties":{"id":"UUID_87111ced-65fe-4c96-b4a7-9a3bc12c512a","height_m":7.54,"ground_m":223.878,"height_source":"LoD1 solid top minus bottom","production":"2023","laser":"2019","footprints":"2020"},"geometry":{"type":"Polygon","coordinates":[[[13.828179641289935,51.127343691373646],[13.828146018724823,51.12726334637896],[13.828090264683318,51.12727258069062],[13.82802775102381,51.127282943258386],[13.828061710101107,51.12736410100308],[13.82807419561988,51.1273620319131],[13.828074154805751,51.12736195056976],[13.828124048821923,51.127353314006875],[13.828124666135963,51.12735320328814],[13.82812450401682,51.12735283296275],[13.828179641289935,51.127343691373646]]]}},{"type":"Feature","id":"UUID_e275202a-277d-463c-8ae9-d8cd3b6ab688","properties":{"id":"UUID_e275202a-277d-463c-8ae9-d8cd3b6ab688","height_m":4.098,"ground_m":218.819,"height_source":"LoD1 solid top minus bottom","production":"2023","laser":"2019","footprints":"2020"},"geometry":{"type":"Polygon","coordinates":[[[13.819587093933439,51.12799109265849],[13.819586364470311,51.128025311532404],[13.819586362865904,51.12802537446517],[13.819669176197698,51.12802553593634],[13.819669050182908,51.12799123648553],[13.819587093933439,51.12799109265849]]]}},{"type":"Feature","id":"UUID_2f2fe933-fc56-4dbf-812d-f1dace14f2e4","properties":{"id":"UUID_2f2fe933-fc56-4dbf-812d-f1dace14f2e4","height_m":4.451,"ground_m":218.819,"height_source":"LoD1 solid top minus bottom","production":"2023","laser":"2019","footprints":"2020"},"geometry":{"type":"Polygon","coordinates":[[[13.819669157870614,51.12810698268448],[13.819588336626518,51.12810715606745],[13.819588434979531,51.1281251604565],[13.819669255874716,51.128125562602975],[13.819671713561622,51.12812557841743],[13.819671716256861,51.12810697253725],[13.819669157870614,51.12810698268448]]]}},{"type":"Feature","id":"UUID_79e146ac-fb69-434f-9028-13043c2fc7da","properties":{"id":"UUID_79e146ac-fb69-434f-9028-13043c2fc7da","height_m":7.49,"ground_m":218.819,"height_source":"LoD1 solid top minus bottom","production":"2023","laser":"2019","footprints":"2020"},"geometry":{"type":"Polygon","coordinates":[[[13.819669176197698,51.12802553593634],[13.819608013032983,51.12802541315514],[13.819586362865904,51.12802537446517],[13.819586364470311,51.128025311532404],[13.819543448524122,51.12802529197696],[13.819542988055542,51.12810725583943],[13.819588336626518,51.12810715606745],[13.819608002468321,51.12810711177775],[13.819671716256861,51.12810697253725],[13.81967117690803,51.12802553814552],[13.819669176197698,51.12802553593634]]]}},{"type":"Feature","id":"DESNATPU1000BgRt","properties":{"id":"DESNATPU1000BgRt","height_m":3.131,"ground_m":186.389,"height_source":"LoD1 solid top minus bottom","production":"2023","laser":"2019","footprints":"2020"},"geometry":{"type":"Polygon","coordinates":[[[13.810515319517359,51.139102843051816],[13.810586287177488,51.1390913617659],[13.810568880778172,51.13904724642224],[13.810586154481076,51.13904423869248],[13.810577396878116,51.139022351328705],[13.810489569590954,51.13903686252411],[13.810515319517359,51.139102843051816]]]}},{"type":"Feature","id":"DESNATPU1000Hxbo","properties":{"id":"DESNATPU1000Hxbo","height_m":3.236,"ground_m":226.966,"height_source":"LoD1 solid top minus bottom","production":"2023","laser":"2019","footprints":"2020"},"geometry":{"type":"Polygon","coordinates":[[[13.824819751886498,51.126424030531936],[13.82491956130522,51.126427281728894],[13.824923273732859,51.12638235551321],[13.824823464410612,51.12637910432004],[13.824819751886498,51.126424030531936]]]}},{"type":"Feature","id":"UUID_0f73408e-f76e-4325-8bdf-1ce41c586eca","properties":{"id":"UUID_0f73408e-f76e-4325-8bdf-1ce41c586eca","height_m":7.166,"ground_m":227.43,"height_source":"LoD1 solid top minus bottom","production":"2023","laser":"2019","footprints":"2020"},"geometry":{"type":"Polygon","coordinates":[[[13.826770335131956,51.12642499331735],[13.826938261866056,51.126417784239656],[13.826928298858455,51.12632593174499],[13.826760401030452,51.12633314109733],[13.826770335131956,51.12642499331735]]]}},{"type":"Feature","id":"UUID_ffaf90a6-3143-4a99-be23-d939ebb079c7","properties":{"id":"UUID_ffaf90a6-3143-4a99-be23-d939ebb079c7","height_m":4.057,"ground_m":227.43,"height_source":"LoD1 solid top minus bottom","production":"2023","laser":"2019","footprints":"2020"},"geometry":{"type":"Polygon","coordinates":[[[13.826821966366202,51.12642277754569],[13.826823876364864,51.12644045837669],[13.82694017190898,51.12643546506907],[13.826938261866056,51.126417784239656],[13.826821966366202,51.12642277754569]]]}},{"type":"Feature","id":"DESNATPU1000EOrB","properties":{"id":"DESNATPU1000EOrB","height_m":6.441,"ground_m":217.448,"height_source":"LoD1 solid top minus bottom","production":"2023","laser":"2019","footprints":"2020"},"geometry":{"type":"Polygon","coordinates":[[[13.824119281385398,51.12862199967967],[13.82420426592964,51.128623933344365],[13.824210068060484,51.12852489211252],[13.824124797943849,51.12852295557978],[13.824119281385398,51.12862199967967]]]}},{"type":"Feature","id":"DESNATP1Yr00008r","properties":{"id":"DESNATP1Yr00008r","height_m":11.852,"ground_m":229.163,"height_source":"LoD1 solid top minus bottom","production":"2023","laser":"2019","footprints":"2020"},"geometry":{"type":"Polygon","coordinates":[[[13.827883345307715,51.12577598266983],[13.827850867450977,51.12571427292651],[13.827769267094688,51.12573127848118],[13.82780173056699,51.12579298810311],[13.827883345307715,51.12577598266983]]]}},{"type":"Feature","id":"DESNATPU1000CqCe","properties":{"id":"DESNATPU1000CqCe","height_m":6.671,"ground_m":218.173,"height_source":"LoD1 solid top minus bottom","production":"2023","laser":"2019","footprints":"2020"},"geometry":{"type":"Polygon","coordinates":[[[13.818597543212954,51.12827565560999],[13.818591392624056,51.12821817504403],[13.818415362773004,51.12822563200395],[13.818421592508523,51.12828392272313],[13.818597543212954,51.12827565560999]]]}},{"type":"Feature","id":"DESNATPU1000DVCd","properties":{"id":"DESNATPU1000DVCd","height_m":4.151,"ground_m":224.972,"height_source":"LoD1 solid top minus bottom","production":"2023","laser":"2019","footprints":"2020"},"geometry":{"type":"Polygon","coordinates":[[[13.819878983166596,51.12671185867758],[13.819835817764202,51.126712142459674],[13.81983594712277,51.12674631605296],[13.819909984193618,51.126745894188936],[13.819908126755772,51.1265552300479],[13.819877540987543,51.12655537101405],[13.819878983166596,51.12671185867758]]]}},{"type":"Feature","id":"DESNATPU1000IT2D","properties":{"id":"DESNATPU1000IT2D","height_m":5.78,"ground_m":229.151,"height_source":"LoD1 solid top minus bottom","production":"2023","laser":"2019","footprints":"2020"},"geometry":{"type":"Polygon","coordinates":[[[13.827900348263793,51.12443015211076],[13.827879534195272,51.12433560999864],[13.827670739281832,51.12435379544976],[13.827624738171552,51.12435780362844],[13.827467644094437,51.124371489126425],[13.827488442366358,51.12446605813395],[13.827900348263793,51.12443015211076]]]}},{"type":"Feature","id":"DESNATPU1000Btqh","properties":{"id":"DESNATPU1000Btqh","height_m":8.168,"ground_m":215.984,"height_source":"LoD1 solid top minus bottom","production":"2023","laser":"2019","footprints":"2020"},"geometry":{"type":"Polygon","coordinates":[[[13.823505643649579,51.12902562498379],[13.823549680026101,51.129025456514185],[13.823635994460648,51.12902513780788],[13.82363895972834,51.1289815530361],[13.82355287325335,51.12897965284045],[13.823466558181234,51.1289777502814],[13.823463215612222,51.129024928333884],[13.823505643649579,51.12902562498379]]]}},{"type":"Feature","id":"DESNATPU1000GzYR","properties":{"id":"DESNATPU1000GzYR","height_m":7.88,"ground_m":215.606,"height_source":"LoD1 solid top minus bottom","production":"2023","laser":"2019","footprints":"2020"},"geometry":{"type":"Polygon","coordinates":[[[13.819748669234887,51.12874631223015],[13.81975048824504,51.12870298575414],[13.819577482259389,51.12870052006483],[13.819575377332814,51.12874384365255],[13.819748669234887,51.12874631223015]]]}},{"type":"Feature","id":"UUID_46594e9f-9eeb-4993-a592-f34cfe19fdbb","properties":{"id":"UUID_46594e9f-9eeb-4993-a592-f34cfe19fdbb","height_m":7.606,"ground_m":223.475,"height_source":"LoD1 solid top minus bottom","production":"2023","laser":"2019","footprints":"2020"},"geometry":{"type":"Polygon","coordinates":[[[13.81966842898523,51.12704798525731],[13.81973990821054,51.127047573651716],[13.819739387125793,51.12701139073236],[13.819738813917967,51.12697164617472],[13.81962069714882,51.12697231542825],[13.819621267349671,51.12701105277327],[13.819621663020508,51.127037576260236],[13.81962181959292,51.1270482521839],[13.81966842898523,51.12704798525731]]]}},{"type":"Feature","id":"UUID_b0d9712e-6583-4a9d-939d-2dbb81672154","properties":{"id":"UUID_b0d9712e-6583-4a9d-939d-2dbb81672154","height_m":4.02,"ground_m":223.475,"height_source":"LoD1 solid top minus bottom","production":"2023","laser":"2019","footprints":"2020"},"geometry":{"type":"Polygon","coordinates":[[[13.819768859022533,51.12701122956636],[13.819768462879287,51.126983599972355],[13.819743278762164,51.12698374146661],[13.819743101908035,51.12697161751255],[13.81973881414713,51.126971637184326],[13.819738959509483,51.12698107200113],[13.819739387125793,51.12701139073236],[13.81974367489038,51.1270113710606],[13.819768859022533,51.12701122956636]]]}},{"type":"Feature","id":"UUID_18fe401d-8f5a-4faf-b51b-ae16fa438feb","properties":{"id":"UUID_18fe401d-8f5a-4faf-b51b-ae16fa438feb","height_m":4.563,"ground_m":223.475,"height_source":"LoD1 solid top minus bottom","production":"2023","laser":"2019","footprints":"2020"},"geometry":{"type":"Polygon","coordinates":[[[13.81973990821054,51.127047573651716],[13.81966842898523,51.12704798525731],[13.819668648692458,51.12706347291633],[13.819698463744686,51.12706330623898],[13.819698543837116,51.127069134321474],[13.819740207810192,51.12706889838365],[13.81973990821054,51.127047573651716]]]}},{"type":"Feature","id":"UUID_8afeebb1-8b71-406e-967d-d8be5742e948","properties":{"id":"UUID_8afeebb1-8b71-406e-967d-d8be5742e948","height_m":4.572,"ground_m":223.475,"height_source":"LoD1 solid top minus bottom","production":"2023","laser":"2019","footprints":"2020"},"geometry":{"type":"Polygon","coordinates":[[[13.81959604035609,51.12701119380307],[13.819596435783282,51.127037726280406],[13.819621663020508,51.127037576260236],[13.819621267349671,51.12701105277327],[13.81959604035609,51.12701119380307]]]}},{"type":"Feature","id":"UUID_7d1f2243-cb57-4fab-a624-7f80889962e3","properties":{"id":"UUID_7d1f2243-cb57-4fab-a624-7f80889962e3","height_m":7.16,"ground_m":224.367,"height_source":"LoD1 solid top minus bottom","production":"2023","laser":"2019","footprints":"2020"},"geometry":{"type":"Polygon","coordinates":[[[13.820850079217058,51.12672723045196],[13.820850049454197,51.1267283992037],[13.820850120889798,51.12672839992403],[13.820849193198786,51.126762023292095],[13.820970629231804,51.12676342761086],[13.820971586594489,51.12672863548949],[13.820972507327937,51.12669528183165],[13.82085107147352,51.12669387751598],[13.820850079217058,51.12672723045196]]]}},{"type":"Feature","id":"UUID_a534b7c4-0509-4450-9e67-ae466c8a1824","properties":{"id":"UUID_a534b7c4-0509-4450-9e67-ae466c8a1824","height_m":4.394,"ground_m":224.367,"height_source":"LoD1 solid top minus bottom","production":"2023","laser":"2019","footprints":"2020"},"geometry":{"type":"Polygon","coordinates":[[[13.820849193198786,51.126762023292095],[13.820850120889798,51.12672839992403],[13.820850049454197,51.1267283992037],[13.82084004961504,51.12672825340415],[13.820830049775958,51.126728107603746],[13.820829048345239,51.12676182015516],[13.820849193198786,51.126762023292095]]]}},{"type":"Feature","id":"DESNATPU1000DTcG","properties":{"id":"DESNATPU1000DTcG","height_m":5.891,"ground_m":219.975,"height_source":"LoD1 solid top minus bottom","production":"2023","laser":"2019","footprints":"2020"},"geometry":{"type":"Polygon","coordinates":[[[13.825241927102306,51.12811218312075],[13.825245772618658,51.12825239099057],[13.825367281876943,51.12825106667526],[13.82536343599261,51.128110858806984],[13.825241927102306,51.12811218312075]]]}},{"type":"Feature","id":"DESNATPU1000FyD6","properties":{"id":"DESNATPU1000FyD6","height_m":8.287,"ground_m":216.381,"height_source":"LoD1 solid top minus bottom","production":"2023","laser":"2019","footprints":"2020"},"geometry":{"type":"Polygon","coordinates":[[[13.822858897818586,51.12856687340377],[13.822930170574539,51.12856849011201],[13.822936201689604,51.12846054846227],[13.822864929099483,51.12845893175875],[13.822858897818586,51.12856687340377]]]}},{"type":"Feature","id":"DESNATPU1000Du3H","properties":{"id":"DESNATPU1000Du3H","height_m":8.059,"ground_m":215.485,"height_source":"LoD1 solid top minus bottom","production":"2023","laser":"2019","footprints":"2020"},"geometry":{"type":"Polygon","coordinates":[[[13.822564849546232,51.129199247441676],[13.822636256996246,51.129201225389835],[13.822643438790328,51.12909302556803],[13.822572024647835,51.129091317337306],[13.822564849546232,51.129199247441676]]]}},{"type":"Feature","id":"DESNATPU1000BoO8","properties":{"id":"DESNATPU1000BoO8","height_m":8.016,"ground_m":215.206,"height_source":"LoD1 solid top minus bottom","production":"2023","laser":"2019","footprints":"2020"},"geometry":{"type":"Polygon","coordinates":[[[13.821951890851132,51.12921025009955],[13.82202501283279,51.1292122456934],[13.822032189194815,51.129104315630656],[13.821959069670646,51.129102230138365],[13.821951890851132,51.12921025009955]]]}},{"type":"Feature","id":"DESNATPU1000Be8J","properties":{"id":"DESNATPU1000Be8J","height_m":3.289,"ground_m":187.521,"height_source":"LoD1 solid top minus bottom","production":"2023","laser":"2019","footprints":"2020"},"geometry":{"type":"Polygon","coordinates":[[[13.80349110739959,51.138680031693546],[13.80361908691365,51.138696035089616],[13.80362740045058,51.1386697175688],[13.803603790451971,51.13866677822338],[13.803607684063099,51.13865439913634],[13.803503270144938,51.138641397592416],[13.80349110739959,51.138680031693546]]]}},{"type":"Feature","id":"DESNATPU1000JD4C","properties":{"id":"DESNATPU1000JD4C","height_m":6.616,"ground_m":216.217,"height_source":"LoD1 solid top minus bottom","production":"2023","laser":"2019","footprints":"2020"},"geometry":{"type":"Polygon","coordinates":[[[13.819874921852598,51.12845802134302],[13.819959790486813,51.128458877800405],[13.819962317806114,51.12835971377095],[13.819877592229744,51.12835885875846],[13.819874921852598,51.12845802134302]]]}},{"type":"Feature","id":"DESNATPU1000FUOz","properties":{"id":"DESNATPU1000FUOz","height_m":6.502,"ground_m":216.292,"height_source":"LoD1 solid top minus bottom","production":"2023","laser":"2019","footprints":"2020"},"geometry":{"type":"Polygon","coordinates":[[[13.820146096860588,51.1284609375614],[13.820231394137974,51.12846179814644],[13.820232946697644,51.12841208415413],[13.820234206628337,51.12836263699025],[13.820148768948263,51.128361685062956],[13.820146096860588,51.1284609375614]]]}},{"type":"Feature","id":"DESNATPU1000BIQG","properties":{"id":"DESNATPU1000BIQG","height_m":7.566,"ground_m":219.764,"height_source":"LoD1 solid top minus bottom","production":"2023","laser":"2019","footprints":"2020"},"geometry":{"type":"Polygon","coordinates":[[[13.825043709851586,51.12823600854127],[13.82504300357209,51.128128116003715],[13.824905727399928,51.12812847219838],[13.824906433359512,51.12823636473466],[13.825043709851586,51.12823600854127]]]}},{"type":"Feature","id":"DESNATPU1000HeDk","properties":{"id":"DESNATPU1000HeDk","height_m":2.796,"ground_m":213.744,"height_source":"LoD1 solid top minus bottom","production":"2023","laser":"2019","footprints":"2020"},"geometry":{"type":"Polygon","coordinates":[[[13.819099469986686,51.129343528240376],[13.819010389757622,51.129345236514524],[13.819012227353769,51.12940766443823],[13.819094671045754,51.12940840710027],[13.819099469986686,51.129343528240376]]]}},{"type":"Feature","id":"DESNATPU1000IqrX","properties":{"id":"DESNATPU1000IqrX","height_m":6.466,"ground_m":225.777,"height_source":"LoD1 solid top minus bottom","production":"2023","laser":"2019","footprints":"2020"},"geometry":{"type":"Polygon","coordinates":[[[13.825342686223252,51.12687882999726],[13.825238629869117,51.12687958321646],[13.82523910136104,51.126922959761465],[13.825239571940799,51.12696637226777],[13.825382643993791,51.126965561328426],[13.825382240086014,51.12693866908867],[13.825382059930657,51.12692661705672],[13.825396584321599,51.126917410541076],[13.825396627797907,51.12689879608208],[13.825391759542367,51.12689522204156],[13.825381475867964,51.12688767278473],[13.825381701653908,51.12687877227649],[13.825342686223252,51.12687882999726]]]}},{"type":"Feature","id":"DESNATPU1000CyM9","properties":{"id":"DESNATPU1000CyM9","height_m":8.393,"ground_m":216.1,"height_source":"LoD1 solid top minus bottom","production":"2023","laser":"2019","footprints":"2020"},"geometry":{"type":"Polygon","coordinates":[[[13.821609115748435,51.12848164286393],[13.821605472149361,51.12853608394452],[13.821679897243571,51.12853737347359],[13.82168720113982,51.12843007419191],[13.821612794522629,51.12842806543677],[13.821609115748435,51.12848164286393]]]}},{"type":"Feature","id":"DESNATPU1000Ez50","properties":{"id":"DESNATPU1000Ez50","height_m":3.571,"ground_m":185.24,"height_source":"LoD1 solid top minus bottom","production":"2023","laser":"2019","footprints":"2020"},"geometry":{"type":"Polygon","coordinates":[[[13.807665356496964,51.139247712678575],[13.807736449232394,51.13922919311272],[13.80772105019741,51.139205475253334],[13.807692160257744,51.139161656060885],[13.807621065293079,51.13918026550397],[13.807649957492568,51.1392239948101],[13.807665356496964,51.139247712678575]]]}},{"type":"Feature","id":"DESNATPU1000Fkiw","properties":{"id":"DESNATPU1000Fkiw","height_m":8.3,"ground_m":216.136,"height_source":"LoD1 solid top minus bottom","production":"2023","laser":"2019","footprints":"2020"},"geometry":{"type":"Polygon","coordinates":[[[13.822264855533055,51.12855369786752],[13.822340414549348,51.128555358104336],[13.822346447036633,51.12844741649377],[13.822270888196151,51.128445756261975],[13.822267675797317,51.128504626113454],[13.822264855533055,51.12855369786752]]]}},{"type":"Feature","id":"UUID_4e4d72ed-d161-4378-b7a9-3695c0c636d0","properties":{"id":"UUID_4e4d72ed-d161-4378-b7a9-3695c0c636d0","height_m":5.675,"ground_m":190.618,"height_source":"LoD1 solid top minus bottom","production":"2023","laser":"2019","footprints":"2020"},"geometry":{"type":"Polygon","coordinates":[[[13.800594197968303,51.13720557991752],[13.800625759225793,51.137186272535615],[13.800574593077654,51.13715292439591],[13.800545191196324,51.13716998775026],[13.800594197968303,51.13720557991752]]]}},{"type":"Feature","id":"UUID_92b0a558-5d0c-44c5-8151-d4467c9d754a","properties":{"id":"UUID_92b0a558-5d0c-44c5-8151-d4467c9d754a","height_m":5.434,"ground_m":190.618,"height_source":"LoD1 solid top minus bottom","production":"2023","laser":"2019","footprints":"2020"},"geometry":{"type":"Polygon","coordinates":[[[13.800594532002194,51.13720537651121],[13.800594197968303,51.13720557991752],[13.800545191196324,51.13716998775026],[13.800546874723848,51.137169006827236],[13.80050949873171,51.13714407338645],[13.80047325911292,51.137164645685324],[13.800419116890538,51.13719539393186],[13.80052934374888,51.137277368968554],[13.800585489274152,51.13724709085291],[13.800586460466647,51.13724657024409],[13.800627210941727,51.137229542335504],[13.800594532002194,51.13720537651121]]]}},{"type":"Feature","id":"UUID_c9e0409a-779c-4460-9958-84ba0665fb19","properties":{"id":"UUID_c9e0409a-779c-4460-9958-84ba0665fb19","height_m":2.96,"ground_m":226.869,"height_source":"LoD1 solid top minus bottom","production":"2023","laser":"2019","footprints":"2020"},"geometry":{"type":"Polygon","coordinates":[[[13.823765624653262,51.126317821582475],[13.823705486196092,51.12631795404734],[13.823705825991224,51.12633270550206],[13.823766151441262,51.126331963413946],[13.823765641351743,51.12631828937111],[13.823765624653262,51.126317821582475]]]}},{"type":"Feature","id":"UUID_0fe083f9-2247-4f72-8b3c-94ccaf9058d3","properties":{"id":"UUID_0fe083f9-2247-4f72-8b3c-94ccaf9058d3","height_m":3.782,"ground_m":226.869,"height_source":"LoD1 solid top minus bottom","production":"2023","laser":"2019","footprints":"2020"},"geometry":{"type":"Polygon","coordinates":[[[13.823765641351743,51.12631828937111],[13.823815101805204,51.12631770774948],[13.823813653292875,51.126270652338704],[13.823812355329679,51.126228922123374],[13.823702710240449,51.12623033717307],[13.82370400866301,51.126271482868724],[13.823705486196092,51.12631795404734],[13.823765624653262,51.126317821582475],[13.823765641351743,51.12631828937111]]]}},{"type":"Feature","id":"UUID_25239fd3-084e-47d2-8a8e-1444b0a55f30","properties":{"id":"UUID_25239fd3-084e-47d2-8a8e-1444b0a55f30","height_m":10.711,"ground_m":225.844,"height_source":"LoD1 solid top minus bottom","production":"2023","laser":"2019","footprints":"2020"},"geometry":{"type":"Polygon","coordinates":[[[13.822079588644456,51.12597664484152],[13.822083285947954,51.12598859742197],[13.822161140165132,51.12597907599747],[13.822157443070902,51.12596711442891],[13.822079588644456,51.12597664484152]]]}},{"type":"Feature","id":"UUID_80c6c366-7311-470b-ae06-9f591302a15f","properties":{"id":"UUID_80c6c366-7311-470b-ae06-9f591302a15f","height_m":11.061,"ground_m":225.844,"height_source":"LoD1 solid top minus bottom","production":"2023","laser":"2019","footprints":"2020"},"geometry":{"type":"Polygon","coordinates":[[[13.822177566598846,51.12603106642175],[13.822188448884177,51.126065618098885],[13.822089722096061,51.126077708037265],[13.82209199282913,51.126085068959405],[13.822190762493184,51.12607297945092],[13.822177795875476,51.126031041753],[13.822177566598846,51.12603106642175]]]}},{"type":"Feature","id":"UUID_f241c1ed-6a03-49c6-885c-6bc848fa31c7","properties":{"id":"UUID_f241c1ed-6a03-49c6-885c-6bc848fa31c7","height_m":11.835,"ground_m":225.844,"height_source":"LoD1 solid top minus bottom","production":"2023","laser":"2019","footprints":"2020"},"geometry":{"type":"Polygon","coordinates":[[[13.821944848043712,51.12602756209188],[13.821946154717516,51.12603181082079],[13.821934112998884,51.126033290208916],[13.821942207108371,51.12605946858811],[13.821954176941535,51.12605800646035],[13.821957265738684,51.126068037467874],[13.821964933791667,51.12609298854493],[13.822059589433884,51.12608139726381],[13.822076218300632,51.12607936155913],[13.822089722096061,51.126077708037265],[13.822188448884177,51.126065618098885],[13.822180594756226,51.126040674155256],[13.822177566598846,51.12603106642175],[13.822177795875476,51.126031041753],[13.822188217676878,51.12602976184844],[13.822179938051878,51.12600300608481],[13.822168971524505,51.12600435244352],[13.822167782893631,51.126000518570656],[13.822161140165132,51.12597907599747],[13.822083285947954,51.12598859742197],[13.822041341143525,51.12599373238765],[13.822018089573298,51.12599657366436],[13.821938299933837,51.126006336283965],[13.821944848043712,51.12602756209188]]]}},{"type":"Feature","id":"UUID_46372178-984e-4df6-b638-3b76d338eef8","properties":{"id":"UUID_46372178-984e-4df6-b638-3b76d338eef8","height_m":11.285,"ground_m":225.844,"height_source":"LoD1 solid top minus bottom","production":"2023","laser":"2019","footprints":"2020"},"geometry":{"type":"Polygon","coordinates":[[[13.821964933791667,51.12609298854493],[13.821967244164238,51.12610047576679],[13.822061858332686,51.126088830109715],[13.822059589433884,51.12608139726381],[13.821964933791667,51.12609298854493]]]}},{"type":"Feature","id":"UUID_57956d8e-f674-4658-ad0f-4e23bb5de12d","properties":{"id":"UUID_57956d8e-f674-4658-ad0f-4e23bb5de12d","height_m":10.672,"ground_m":225.844,"height_source":"LoD1 solid top minus bottom","production":"2023","laser":"2019","footprints":"2020"},"geometry":{"type":"Polygon","coordinates":[[[13.82193476130049,51.125994888888954],[13.821938285646933,51.126006336140044],[13.822018089573298,51.12599657366436],[13.82201456520779,51.12598512641554],[13.82193476130049,51.125994888888954]]]}},{"type":"Feature","id":"DESNATPU1000GRl7","properties":{"id":"DESNATPU1000GRl7","height_m":3.299,"ground_m":226.114,"height_source":"LoD1 solid top minus bottom","production":"2023","laser":"2019","footprints":"2020"},"geometry":{"type":"Polygon","coordinates":[[[13.824696344718616,51.12683249785137],[13.824782004743325,51.12683021132646],[13.824778368768849,51.12677639841573],[13.824692853997147,51.126778596470515],[13.824696344718616,51.12683249785137]]]}},{"type":"Feature","id":"DESNATPU1000IYS7","properties":{"id":"DESNATPU1000IYS7","height_m":8.011,"ground_m":215.254,"height_source":"LoD1 solid top minus bottom","production":"2023","laser":"2019","footprints":"2020"},"geometry":{"type":"Polygon","coordinates":[[[13.822130842661542,51.12921502033338],[13.822206393602393,51.1292170402796],[13.822213576403692,51.129108840491064],[13.822138885197697,51.129106739281525],[13.822130842661542,51.12921502033338]]]}},{"type":"Feature","id":"DESNATPU1000Faz3","properties":{"id":"DESNATPU1000Faz3","height_m":6.328,"ground_m":217.764,"height_source":"LoD1 solid top minus bottom","production":"2023","laser":"2019","footprints":"2020"},"geometry":{"type":"Polygon","coordinates":[[[13.8244553966626,51.12861144035341],[13.824541102438877,51.12861311124261],[13.824544041264897,51.12855927450264],[13.824546622658765,51.12851388730862],[13.824457923498974,51.12851191655013],[13.8244553966626,51.12861144035341]]]}},{"type":"Feature","id":"UUID_a088e9fa-f4b9-444f-a070-a2b6767a3d8a","properties":{"id":"UUID_a088e9fa-f4b9-444f-a070-a2b6767a3d8a","height_m":4.593,"ground_m":226.473,"height_source":"LoD1 solid top minus bottom","production":"2023","laser":"2019","footprints":"2020"},"geometry":{"type":"Polygon","coordinates":[[[13.817685658458306,51.1261344032067],[13.817708791791944,51.12613508673724],[13.817709534252721,51.12613511222942],[13.817713157672491,51.12609842263818],[13.817688168895337,51.1260976484067],[13.817685658458306,51.1261344032067]]]}},{"type":"Feature","id":"UUID_6fdd9889-2983-4b4a-805a-8c634851c35f","properties":{"id":"UUID_6fdd9889-2983-4b4a-805a-8c634851c35f","height_m":8.724,"ground_m":226.473,"height_source":"LoD1 solid top minus bottom","production":"2023","laser":"2019","footprints":"2020"},"geometry":{"type":"Polygon","coordinates":[[[13.817709534252721,51.12613511222942],[13.817708791791944,51.12613508673724],[13.817706221137735,51.12616860355312],[13.817771268269777,51.12617043025656],[13.817826747753143,51.12617198034464],[13.817833660173044,51.126074749108895],[13.81771585291215,51.126071219963656],[13.817713871558865,51.1260984478414],[13.817713157672491,51.12609842263818],[13.817709534252721,51.12613511222942]]]}},{"type":"Feature","id":"UUID_f0becf72-98f4-4948-87d6-62cc74a8e596","properties":{"id":"UUID_f0becf72-98f4-4948-87d6-62cc74a8e596","height_m":5.976,"ground_m":229.573,"height_source":"LoD1 solid top minus bottom","production":"2023","laser":"2019","footprints":"2020"},"geometry":{"type":"Polygon","coordinates":[[[13.827858360652586,51.12383241773949],[13.827889245095692,51.12393049602095],[13.82802852603004,51.123913106288974],[13.827997641302325,51.123815028042166],[13.827858360652586,51.12383241773949]]]}},{"type":"Feature","id":"UUID_5f986e72-5a18-4ea7-8d19-49de94f207ee","properties":{"id":"UUID_5f986e72-5a18-4ea7-8d19-49de94f207ee","height_m":7.675,"ground_m":229.573,"height_source":"LoD1 solid top minus bottom","production":"2023","laser":"2019","footprints":"2020"},"geometry":{"type":"Polygon","coordinates":[[[13.82802852603004,51.123913106288974],[13.828036310105217,51.123912132158274],[13.82802547606654,51.12387777934982],[13.828042080108116,51.123862001696025],[13.828007958187582,51.12384779295414],[13.82802852603004,51.123913106288974]]]}},{"type":"Feature","id":"UUID_69aee70c-fd69-4987-b95c-ad2d12809be7","properties":{"id":"UUID_69aee70c-fd69-4987-b95c-ad2d12809be7","height_m":5.168,"ground_m":224.862,"height_source":"LoD1 solid top minus bottom","production":"2023","laser":"2019","footprints":"2020"},"geometry":{"type":"Polygon","coordinates":[[[13.81954563001349,51.12671098497236],[13.819545541755708,51.126692585001784],[13.819484117225816,51.1266926933215],[13.819484206376027,51.12671105733039],[13.81954563001349,51.12671098497236]]]}},{"type":"Feature","id":"UUID_74b0a8e4-4d3d-4eac-90c6-cd5250ba71bd","properties":{"id":"UUID_74b0a8e4-4d3d-4eac-90c6-cd5250ba71bd","height_m":7.382,"ground_m":224.862,"height_source":"LoD1 solid top minus bottom","production":"2023","laser":"2019","footprints":"2020"},"geometry":{"type":"Polygon","coordinates":[[[13.819477476406588,51.12678500836399],[13.819591393275235,51.1267848184381],[13.81959109036783,51.126710931296074],[13.81954563001349,51.12671098497236],[13.819477160769132,51.12671106713628],[13.819477476406588,51.12678500836399]]]}},{"type":"Feature","id":"DESNATPU1000F1M9","properties":{"id":"DESNATPU1000F1M9","height_m":2.361,"ground_m":215.606,"height_source":"LoD1 solid top minus bottom","production":"2023","laser":"2019","footprints":"2020"},"geometry":{"type":"Polygon","coordinates":[[[13.82253803461053,51.1293601266568],[13.822495610860033,51.12935924984595],[13.822453332277346,51.12935828455449],[13.822411049123406,51.12935749905576],[13.822368484785818,51.12935653085599],[13.822326203922227,51.1293556554226],[13.822283784754875,51.12935459872698],[13.82224150618212,51.12935363335899],[13.822199511083065,51.12935276075787],[13.822196424299536,51.1294066858784],[13.822238278854849,51.12940746713794],[13.82228084094885,51.129408525289335],[13.822323124146386,51.129409310835456],[13.822365688531256,51.12941027905201],[13.822407967159055,51.12941124437544],[13.822450390954991,51.1294121212184],[13.82249281246631,51.129413087949956],[13.822535233979652,51.129414054666114],[13.822577514901761,51.1294149300243],[13.822578293346606,51.12940117902902],[13.82258031319717,51.129361091917644],[13.82253803461053,51.1293601266568]]]}},{"type":"Feature","id":"DESNATPU1000Emn5","properties":{"id":"DESNATPU1000Emn5","height_m":2.839,"ground_m":222.514,"height_source":"LoD1 solid top minus bottom","production":"2023","laser":"2019","footprints":"2020"},"geometry":{"type":"Polygon","coordinates":[[[13.825405210732526,51.127619557491585],[13.825410380852714,51.12770306169937],[13.825530561858631,51.127697704139706],[13.825525647624593,51.12761537155922],[13.825405210732526,51.127619557491585]]]}},{"type":"Feature","id":"DESNATPU1000FYzN","properties":{"id":"DESNATPU1000FYzN","height_m":2.929,"ground_m":186.317,"height_source":"LoD1 solid top minus bottom","production":"2023","laser":"2019","footprints":"2020"},"geometry":{"type":"Polygon","coordinates":[[[13.808618533384717,51.137895168152056],[13.808586203429767,51.13785004615555],[13.808489495899202,51.137876416672064],[13.808521825777415,51.137921538694606],[13.808618533384717,51.137895168152056]]]}},{"type":"Feature","id":"UUID_1ef0d043-8a43-4bc0-bfe8-b1a438f1fcee","properties":{"id":"UUID_1ef0d043-8a43-4bc0-bfe8-b1a438f1fcee","height_m":3.829,"ground_m":216.552,"height_source":"LoD1 solid top minus bottom","production":"2023","laser":"2019","footprints":"2020"},"geometry":{"type":"Polygon","coordinates":[[[13.817674407043224,51.12852997380412],[13.817675054051064,51.12854101439624],[13.817751319715535,51.12853906068372],[13.817750610947655,51.12852819932181],[13.817674407043224,51.12852997380412]]]}},{"type":"Feature","id":"UUID_16b199f0-fd5f-4040-89f9-f422dec465bf","properties":{"id":"UUID_16b199f0-fd5f-4040-89f9-f422dec465bf","height_m":3.738,"ground_m":216.552,"height_source":"LoD1 solid top minus bottom","production":"2023","laser":"2019","footprints":"2020"},"geometry":{"type":"Polygon","coordinates":[[[13.817670658221925,51.128466348475406],[13.817593706638439,51.12846830419199],[13.817598545261118,51.1285429745934],[13.817675054051064,51.12854101439624],[13.817670658221925,51.128466348475406]]]}},{"type":"Feature","id":"DESNATPU1000GQPb","properties":{"id":"DESNATPU1000GQPb","height_m":7.733,"ground_m":216.409,"height_source":"LoD1 solid top minus bottom","production":"2023","laser":"2019","footprints":"2020"},"geometry":{"type":"Polygon","coordinates":[[[13.82068572354226,51.128511973947795],[13.820688047664142,51.12847683591348],[13.820692645518346,51.12840853773088],[13.82059938388955,51.12840615832326],[13.820596549523776,51.12845010406042],[13.820592604582327,51.12850959597438],[13.82068572354226,51.128511973947795]]]}},{"type":"Feature","id":"DESNATPU1000ItGe","properties":{"id":"DESNATPU1000ItGe","height_m":4.186,"ground_m":222.834,"height_source":"LoD1 solid top minus bottom","production":"2023","laser":"2019","footprints":"2020"},"geometry":{"type":"Polygon","coordinates":[[[13.824673999756255,51.12752138412098],[13.8246760594753,51.12757536103982],[13.824761840930456,51.127573975015906],[13.824759495363738,51.127519995226095],[13.824673999756255,51.12752138412098]]]}},{"type":"Feature","id":"DESNATPU1000HXKZ","properties":{"id":"DESNATPU1000HXKZ","height_m":2.567,"ground_m":186.722,"height_source":"LoD1 solid top minus bottom","production":"2023","laser":"2019","footprints":"2020"},"geometry":{"type":"Polygon","coordinates":[[[13.8095508720985,51.13810650371123],[13.809593097840617,51.138170961545704],[13.809674818688167,51.13815039074357],[13.809647918964265,51.13810695199615],[13.809618731061315,51.138113579276],[13.809604965359751,51.13809302573212],[13.8095508720985,51.13810650371123]]]}},{"type":"Feature","id":"DESNATPU1000F9AL","properties":{"id":"DESNATPU1000F9AL","height_m":2.195,"ground_m":216.505,"height_source":"LoD1 solid top minus bottom","production":"2023","laser":"2019","footprints":"2020"},"geometry":{"type":"Polygon","coordinates":[[[13.82152347142589,51.12847869347957],[13.8215671710825,51.12847994321221],[13.821570523678206,51.128426830119736],[13.821526969236336,51.12842549192456],[13.82152347142589,51.12847869347957]]]}},{"type":"Feature","id":"DESNATPU1000BgjW","properties":{"id":"DESNATPU1000BgjW","height_m":6.301,"ground_m":217.795,"height_source":"LoD1 solid top minus bottom","production":"2023","laser":"2019","footprints":"2020"},"geometry":{"type":"Polygon","coordinates":[[[13.824293362853242,51.12855396668168],[13.824290423736278,51.12860780341347],[13.8242894070568,51.128625328959494],[13.824376670803833,51.1286275551953],[13.824377977770238,51.128609852713],[13.824376623743328,51.12852809544399],[13.824294923251964,51.12852628484926],[13.824293362853242,51.12855396668168]]]}},{"type":"Feature","id":"DESNATPU1000B1lz","properties":{"id":"DESNATPU1000B1lz","height_m":6.977,"ground_m":224.793,"height_source":"LoD1 solid top minus bottom","production":"2023","laser":"2019","footprints":"2020"},"geometry":{"type":"Polygon","coordinates":[[[13.82497950557602,51.12706722935646],[13.824938998639052,51.12706748778074],[13.824924906150297,51.12707656368935],[13.824884399661503,51.12707680411383],[13.824884984218485,51.127115712422686],[13.824885578553785,51.127155924771515],[13.82503605587731,51.12715503579487],[13.825035462323855,51.12711478748429],[13.82503487855295,51.12707584321372],[13.824994143468755,51.12707608137931],[13.82497950557602,51.12706722935646]]]}},{"type":"Feature","id":"DESNATPU1000GEOz","properties":{"id":"DESNATPU1000GEOz","height_m":7.382,"ground_m":224.784,"height_source":"LoD1 solid top minus bottom","production":"2023","laser":"2019","footprints":"2020"},"geometry":{"type":"Polygon","coordinates":[[[13.827464272883823,51.12704931159705],[13.82750222497775,51.12716461886643],[13.827624401118388,51.127148128214735],[13.827584672799755,51.12703523120659],[13.827464272883823,51.12704931159705]]]}},{"type":"Feature","id":"DESNATPU1000BELY","properties":{"id":"DESNATPU1000BELY","height_m":8.571,"ground_m":226.357,"height_source":"LoD1 solid top minus bottom","production":"2023","laser":"2019","footprints":"2020"},"geometry":{"type":"Polygon","coordinates":[[[13.827524903670124,51.12657375596565],[13.827643079498275,51.12663618111372],[13.8277205778599,51.12657805585837],[13.827602399796707,51.12651572069251],[13.827524903670124,51.12657375596565]]]}},{"type":"Feature","id":"DESNATPU1000GKi7","properties":{"id":"DESNATPU1000GKi7","height_m":2.528,"ground_m":216.16,"height_source":"LoD1 solid top minus bottom","production":"2023","laser":"2019","footprints":"2020"},"geometry":{"type":"Polygon","coordinates":[[[13.819686809211158,51.12842590728395],[13.819690267474657,51.12848646309362],[13.819690466137647,51.128489882326626],[13.819739368886374,51.128488847156696],[13.81973557130772,51.128424780769095],[13.819686809211158,51.12842590728395]]]}},{"type":"Feature","id":"DESNATPU1000GsoS","properties":{"id":"DESNATPU1000GsoS","height_m":2.403,"ground_m":226.01,"height_source":"LoD1 solid top minus bottom","production":"2023","laser":"2019","footprints":"2020"},"geometry":{"type":"Polygon","coordinates":[[[13.818539135344473,51.12638312579045],[13.818392269127555,51.12638371914869],[13.818393180831633,51.12647231553499],[13.818540033042563,51.126471722033095],[13.818539135344473,51.12638312579045]]]}},{"type":"Feature","id":"DESNATPU1000HbZX","properties":{"id":"DESNATPU1000HbZX","height_m":6.483,"ground_m":221.78,"height_source":"LoD1 solid top minus bottom","production":"2023","laser":"2019","footprints":"2020"},"geometry":{"type":"Polygon","coordinates":[[[13.823114095066519,51.12763873324915],[13.823122958458432,51.1275385358199],[13.822991812051407,51.12753394251631],[13.822982962435768,51.127634149068044],[13.823114095066519,51.12763873324915]]]}},{"type":"Feature","id":"DESNATPU1000FB9t","properties":{"id":"DESNATPU1000FB9t","height_m":5.967,"ground_m":220.251,"height_source":"LoD1 solid top minus bottom","production":"2023","laser":"2019","footprints":"2020"},"geometry":{"type":"Polygon","coordinates":[[[13.822078536942835,51.12778249541914],[13.822210871851462,51.12778814486912],[13.822217531537282,51.127728590316764],[13.82221944509803,51.12770954505711],[13.822160916951258,51.12770697715602],[13.822162030339113,51.12769691654176],[13.822114920716093,51.12769491326444],[13.82211395019234,51.12770497531734],[13.822087112699817,51.12770380571421],[13.822078536942835,51.12778249541914]]]}},{"type":"Feature","id":"UUID_0bf2cfa8-d533-4869-ad68-a4960246070d","properties":{"id":"UUID_0bf2cfa8-d533-4869-ad68-a4960246070d","height_m":8.608,"ground_m":216.872,"height_source":"LoD1 solid top minus bottom","production":"2023","laser":"2019","footprints":"2020"},"geometry":{"type":"Polygon","coordinates":[[[13.818409253116041,51.12852328278872],[13.818486222468948,51.12851895264044],[13.818536915160864,51.12851610154654],[13.818526910986078,51.12844554262184],[13.81852498520268,51.12843196216461],[13.818397309330237,51.12843913426063],[13.818409253116041,51.12852328278872]]]}},{"type":"Feature","id":"UUID_2a846d63-34d4-45bf-b69d-08fcec2b2a4a","properties":{"id":"UUID_2a846d63-34d4-45bf-b69d-08fcec2b2a4a","height_m":4.336,"ground_m":216.872,"height_source":"LoD1 solid top minus bottom","production":"2023","laser":"2019","footprints":"2020"},"geometry":{"type":"Polygon","coordinates":[[[13.818529441953594,51.128463409721334],[13.81853141731953,51.12847728743867],[13.818535782393111,51.128477043774154],[13.81856256000365,51.128475533759826],[13.818560584399032,51.12846166503334],[13.818558053419572,51.12844379793445],[13.818526910986078,51.12844554262184],[13.818529441953594,51.128463409721334]]]}},{"type":"Feature","id":"UUID_cbdd92ff-148c-47ad-b705-f5a37119e9a3","properties":{"id":"UUID_cbdd92ff-148c-47ad-b705-f5a37119e9a3","height_m":3.928,"ground_m":216.872,"height_source":"LoD1 solid top minus bottom","production":"2023","laser":"2019","footprints":"2020"},"geometry":{"type":"Polygon","coordinates":[[[13.818543010461434,51.12852814141323],[13.818541251662765,51.128515857593165],[13.818535782393111,51.128477043774154],[13.81853141731953,51.12847728743867],[13.818536915160864,51.12851610154654],[13.818486222468948,51.12851895264044],[13.818487981711943,51.12853121848044],[13.818543010461434,51.12852814141323]]]}},{"type":"Feature","id":"DESNATPU1000ICcX","properties":{"id":"DESNATPU1000ICcX","height_m":3.406,"ground_m":226.993,"height_source":"LoD1 solid top minus bottom","production":"2023","laser":"2019","footprints":"2020"},"geometry":{"type":"Polygon","coordinates":[[[13.8235017539054,51.126090906966326],[13.823401745350466,51.12608990072867],[13.823400603126474,51.12613485276459],[13.823500754647945,51.126135860441266],[13.8235017539054,51.126090906966326]]]}},{"type":"Feature","id":"DESNATPU1000Grys","properties":{"id":"DESNATPU1000Grys","height_m":8.04,"ground_m":215.138,"height_source":"LoD1 solid top minus bottom","production":"2023","laser":"2019","footprints":"2020"},"geometry":{"type":"Polygon","coordinates":[[[13.82050780421789,51.129263408355385],[13.82057907564963,51.129265116406906],[13.820585404989568,51.12915690809798],[13.820573834106877,51.12915670146881],[13.820551982830384,51.12915612136893],[13.820513988555069,51.12915528851419],[13.82050780421789,51.129263408355385]]]}},{"type":"Feature","id":"UUID_2ea312ce-8e14-4dbb-bf0d-1cb66f967f03","properties":{"id":"UUID_2ea312ce-8e14-4dbb-bf0d-1cb66f967f03","height_m":6.401,"ground_m":224.67,"height_source":"LoD1 solid top minus bottom","production":"2023","laser":"2019","footprints":"2020"},"geometry":{"type":"Polygon","coordinates":[[[13.819992990546368,51.12671876452044],[13.819993702016633,51.12673514741973],[13.820034778918446,51.126734383876794],[13.820034759508346,51.12673402397265],[13.820034164923301,51.126718100881185],[13.819992990546368,51.12671876452044]]]}},{"type":"Feature","id":"UUID_ab901374-95db-4a36-966e-cb8a9693fa8b","properties":{"id":"UUID_ab901374-95db-4a36-966e-cb8a9693fa8b","height_m":8.239,"ground_m":224.67,"height_source":"LoD1 solid top minus bottom","production":"2023","laser":"2019","footprints":"2020"},"geometry":{"type":"Polygon","coordinates":[[[13.819993702016633,51.12673514741973],[13.819993711950634,51.1267353183814],[13.819974986662048,51.126735489130446],[13.819977789775104,51.126804941116355],[13.820125971964538,51.12680266841092],[13.820140625674577,51.12680244756363],[13.82013929730178,51.12676484464531],[13.820124429525816,51.12676505433977],[13.820123108877045,51.126732757196116],[13.820034759508346,51.12673402397265],[13.820034778918446,51.126734383876794],[13.819993702016633,51.12673514741973]]]}},{"type":"Feature","id":"DESNATPU1000HofY","properties":{"id":"DESNATPU1000HofY","height_m":2.181,"ground_m":217.495,"height_source":"LoD1 solid top minus bottom","production":"2023","laser":"2019","footprints":"2020"},"geometry":{"type":"Polygon","coordinates":[[[13.821745572519475,51.12820296709608],[13.821741258677863,51.12826578262932],[13.82181266235764,51.12826785097504],[13.821816978390356,51.12820494553458],[13.821745572519475,51.12820296709608]]]}},{"type":"Feature","id":"DESNATPU1000H6m4","properties":{"id":"DESNATPU1000H6m4","height_m":2.554,"ground_m":226.158,"height_source":"LoD1 solid top minus bottom","production":"2023","laser":"2019","footprints":"2020"},"geometry":{"type":"Polygon","coordinates":[[[13.819603059338807,51.1263238261194],[13.81960304717527,51.1263523328811],[13.819573609085056,51.12635230549825],[13.819573506796122,51.12641237575508],[13.819671826676679,51.126412379022206],[13.819671795797595,51.12632389046431],[13.819603059338807,51.1263238261194]]]}},{"type":"Feature","id":"DESNATPU1000Gq9k","properties":{"id":"DESNATPU1000Gq9k","height_m":8.056,"ground_m":218.435,"height_source":"LoD1 solid top minus bottom","production":"2023","laser":"2019","footprints":"2020"},"geometry":{"type":"Polygon","coordinates":[[[13.825122033922103,51.129002218223704],[13.82526671047354,51.12900600980195],[13.825273883804094,51.12889789967872],[13.825129207589601,51.12889410811148],[13.825122033922103,51.129002218223704]]]}},{"type":"Feature","id":"DESNATPU1000FL3n","properties":{"id":"DESNATPU1000FL3n","height_m":2.299,"ground_m":227.54,"height_source":"LoD1 solid top minus bottom","production":"2023","laser":"2019","footprints":"2020"},"geometry":{"type":"Polygon","coordinates":[[[13.823783485547736,51.12600399395164],[13.823786117950998,51.126057886736916],[13.823871760591276,51.12605623019803],[13.823869270957477,51.12600233885099],[13.823783485547736,51.12600399395164]]]}},{"type":"Feature","id":"DESNATPU1000EGXe","properties":{"id":"DESNATPU1000EGXe","height_m":5.091,"ground_m":218.886,"height_source":"LoD1 solid top minus bottom","production":"2023","laser":"2019","footprints":"2020"},"geometry":{"type":"Polygon","coordinates":[[[13.822639325310007,51.1280852259249],[13.82264910786115,51.128027609247745],[13.822539610197028,51.12802024782696],[13.822529827511485,51.12807786449413],[13.822639325310007,51.1280852259249]]]}},{"type":"Feature","id":"DESNATPU1000HC4V","properties":{"id":"DESNATPU1000HC4V","height_m":8.378,"ground_m":227.699,"height_source":"LoD1 solid top minus bottom","production":"2023","laser":"2019","footprints":"2020"},"geometry":{"type":"Polygon","coordinates":[[[13.825971424901223,51.125599969878344],[13.825964162433271,51.125566830787314],[13.825959924195447,51.125547993481895],[13.825827206856639,51.125563297415034],[13.825841300166932,51.125615030076425],[13.825850999827503,51.12565067563358],[13.825979277102002,51.125635776730185],[13.825971424901223,51.125599969878344]]]}},{"type":"Feature","id":"DESNATPU1000D560","properties":{"id":"DESNATPU1000D560","height_m":8.54,"ground_m":215.958,"height_source":"LoD1 solid top minus bottom","production":"2023","laser":"2019","footprints":"2020"},"geometry":{"type":"Polygon","coordinates":[[[13.821751289899392,51.12853989137932],[13.821822700865381,51.12854169000965],[13.8218300181578,51.12843385129304],[13.821758611933364,51.12843187286028],[13.821751289899392,51.12853989137932]]]}},{"type":"Feature","id":"DESNATPU1000GitZ","properties":{"id":"DESNATPU1000GitZ","height_m":4.216,"ground_m":223.53,"height_source":"LoD1 solid top minus bottom","production":"2023","laser":"2019","footprints":"2020"},"geometry":{"type":"Polygon","coordinates":[[[13.828000993891147,51.12739434644682],[13.828056293457745,51.127517129460564],[13.828104643923236,51.127508504414195],[13.828049344237968,51.127385721422364],[13.828000993891147,51.12739434644682]]]}},{"type":"Feature","id":"DESNATPU1000CiMG","properties":{"id":"DESNATPU1000CiMG","height_m":2.703,"ground_m":221.575,"height_source":"LoD1 solid top minus bottom","production":"2023","laser":"2019","footprints":"2020"},"geometry":{"type":"Polygon","coordinates":[[[13.825366684598189,51.1278876026573],[13.82543630577948,51.12788668329477],[13.825430788818158,51.12773797851797],[13.825361308454237,51.12773898921801],[13.825366684598189,51.1278876026573]]]}},{"type":"Feature","id":"DESNATPU1000IMDI","properties":{"id":"DESNATPU1000IMDI","height_m":8.461,"ground_m":216.248,"height_source":"LoD1 solid top minus bottom","production":"2023","laser":"2019","footprints":"2020"},"geometry":{"type":"Polygon","coordinates":[[[13.821234075575129,51.1285066216143],[13.82123272392258,51.128526032229225],[13.82130413255309,51.12852792107993],[13.821305125183551,51.12851138451063],[13.821311455627473,51.128419902595496],[13.821239906575514,51.128417922406136],[13.821234075575129,51.1285066216143]]]}},{"type":"Feature","id":"DESNATPU1000Cm4a","properties":{"id":"DESNATPU1000Cm4a","height_m":6.702,"ground_m":216.212,"height_source":"LoD1 solid top minus bottom","production":"2023","laser":"2019","footprints":"2020"},"geometry":{"type":"Polygon","coordinates":[[[13.819599569003794,51.128389145795985],[13.819604284038292,51.12847327518199],[13.819605044284666,51.12848830067322],[13.819690267474657,51.12848646309362],[13.819686809211158,51.12842590728395],[13.81968465142695,51.12838721687308],[13.819599569003794,51.128389145795985]]]}},{"type":"Feature","id":"DESNATPU1000DTzz","properties":{"id":"DESNATPU1000DTzz","height_m":2.683,"ground_m":223.12,"height_source":"LoD1 solid top minus bottom","production":"2023","laser":"2019","footprints":"2020"},"geometry":{"type":"Polygon","coordinates":[[[13.819018237452253,51.12722780339344],[13.819156104122793,51.127240616414134],[13.819165245218079,51.127201590446546],[13.819027519240352,51.12718886878412],[13.819018237452253,51.12722780339344]]]}},{"type":"Feature","id":"DESNATPU1000CZ3s","properties":{"id":"DESNATPU1000CZ3s","height_m":7.913,"ground_m":215.375,"height_source":"LoD1 solid top minus bottom","production":"2023","laser":"2019","footprints":"2020"},"geometry":{"type":"Polygon","coordinates":[[[13.822349065647257,51.1292209951314],[13.82242190190916,51.12922298759951],[13.82242360176127,51.129195487049465],[13.822423806844778,51.12911437494316],[13.822356397854842,51.12911252705889],[13.822349065647257,51.1292209951314]]]}},{"type":"Feature","id":"DESNATPU1000DKiI","properties":{"id":"DESNATPU1000DKiI","height_m":3.923,"ground_m":188.764,"height_source":"LoD1 solid top minus bottom","production":"2023","laser":"2019","footprints":"2020"},"geometry":{"type":"Polygon","coordinates":[[[13.802237276703465,51.13796483066909],[13.802294128154452,51.13816523078283],[13.802436489279204,51.138149062998025],[13.802379777807966,51.13794875431566],[13.802237276703465,51.13796483066909]]]}},{"type":"Feature","id":"UUID_14399f56-9c77-40c2-b7d3-c2d7734baf80","properties":{"id":"UUID_14399f56-9c77-40c2-b7d3-c2d7734baf80","height_m":4.14,"ground_m":223.812,"height_source":"LoD1 solid top minus bottom","production":"2023","laser":"2019","footprints":"2020"},"geometry":{"type":"Polygon","coordinates":[[[13.827004559244525,51.12752335561779],[13.827033155918201,51.12752052200061],[13.82702441080523,51.127485506628396],[13.826995799865328,51.12748834010029],[13.827004559244525,51.12752335561779]]]}},{"type":"Feature","id":"UUID_2649f416-e427-4298-a4db-b8c8884249bb","properties":{"id":"UUID_2649f416-e427-4298-a4db-b8c8884249bb","height_m":7.605,"ground_m":223.812,"height_source":"LoD1 solid top minus bottom","production":"2023","laser":"2019","footprints":"2020"},"geometry":{"type":"Polygon","coordinates":[[[13.82698388753106,51.12744070317207],[13.826930390665234,51.12744600278542],[13.826927554021276,51.127446280081],[13.826927476269029,51.127445964556465],[13.826877625695365,51.1274506172788],[13.826877599853987,51.12745050910714],[13.826857441940033,51.12745250109823],[13.826878267341964,51.127535847546746],[13.826951048225622,51.127528646106185],[13.827004559244525,51.12752335561779],[13.826995799865328,51.12748834010029],[13.82698388753106,51.12744070317207]]]}},{"type":"Feature","id":"UUID_18126242-6844-46a4-976c-e9e6238b9fbb","properties":{"id":"UUID_18126242-6844-46a4-976c-e9e6238b9fbb","height_m":4.212,"ground_m":223.812,"height_source":"LoD1 solid top minus bottom","production":"2023","laser":"2019","footprints":"2020"},"geometry":{"type":"Polygon","coordinates":[[[13.826922559036698,51.12742626617567],[13.826872773087205,51.12743118932519],[13.826877599853987,51.12745050910714],[13.826877625695365,51.1274506172788],[13.826927476269029,51.127445964556465],[13.826922559036698,51.12742626617567]]]}},{"type":"Feature","id":"DESNATPU1000GoA8","properties":{"id":"DESNATPU1000GoA8","height_m":8.931,"ground_m":215.555,"height_source":"LoD1 solid top minus bottom","production":"2023","laser":"2019","footprints":"2020"},"geometry":{"type":"Polygon","coordinates":[[[13.819966343428794,51.12884661941237],[13.819956824146264,51.129023859473705],[13.82013765759893,51.12902766255231],[13.820147224301229,51.12884853448941],[13.819966343428794,51.12884661941237]]]}},{"type":"Feature","id":"DESNATPU1000JWVf","properties":{"id":"DESNATPU1000JWVf","height_m":2.823,"ground_m":223.634,"height_source":"LoD1 solid top minus bottom","production":"2023","laser":"2019","footprints":"2020"},"geometry":{"type":"Polygon","coordinates":[[[13.82687329942828,51.12751927811572],[13.82681582929744,51.12752571586043],[13.82683893412558,51.12760652226385],[13.826896406631665,51.127599994604346],[13.82687329942828,51.12751927811572]]]}},{"type":"Feature","id":"DESNATPU1000CahM","properties":{"id":"DESNATPU1000CahM","height_m":8.033,"ground_m":215.34,"height_source":"LoD1 solid top minus bottom","production":"2023","laser":"2019","footprints":"2020"},"geometry":{"type":"Polygon","coordinates":[[[13.82319193690117,51.128964105779616],[13.823265344316988,51.12896610347147],[13.823272522311056,51.12885799350089],[13.823199117351248,51.128855905910605],[13.82319193690117,51.128964105779616]]]}},{"type":"Feature","id":"DESNATPU1000CH7j","properties":{"id":"DESNATPU1000CH7j","height_m":4.086,"ground_m":219.666,"height_source":"LoD1 solid top minus bottom","production":"2023","laser":"2019","footprints":"2020"},"geometry":{"type":"Polygon","coordinates":[[[13.821663563219609,51.12766860360186],[13.821660834145288,51.127702838306476],[13.821658397432316,51.12774804705643],[13.821826611961908,51.12775333906921],[13.821825436114137,51.127799549722766],[13.821908925180113,51.127798412474974],[13.82191115788126,51.12777244605301],[13.821917553840107,51.12771765499264],[13.821873435418274,51.127716041461106],[13.821877861299189,51.12763757974098],[13.821667644505986,51.12763177463844],[13.821663563219609,51.12766860360186]]]}},{"type":"Feature","id":"DESNATPU1000Bmoz","properties":{"id":"DESNATPU1000Bmoz","height_m":2.035,"ground_m":230.069,"height_source":"LoD1 solid top minus bottom","production":"2023","laser":"2019","footprints":"2020"},"geometry":{"type":"Polygon","coordinates":[[[13.827090461473452,51.123961191114184],[13.826984038209119,51.12397158928225],[13.826997217625037,51.12402502126157],[13.827103641237311,51.12401461409197],[13.827090461473452,51.123961191114184]]]}},{"type":"Feature","id":"DESNATPU1000H1H7","properties":{"id":"DESNATPU1000H1H7","height_m":2.783,"ground_m":219.389,"height_source":"LoD1 solid top minus bottom","production":"2023","laser":"2019","footprints":"2020"},"geometry":{"type":"Polygon","coordinates":[[[13.824026419385952,51.12823249120851],[13.824106799212604,51.12823563761788],[13.824108736373667,51.12815373358028],[13.82408630259565,51.128153597917006],[13.824085731329877,51.12808605697781],[13.824089536913036,51.12802061938001],[13.824038178769568,51.12801819646288],[13.824026419385952,51.12823249120851]]]}},{"type":"Feature","id":"DESNATPU1000ENUL","properties":{"id":"DESNATPU1000ENUL","height_m":7.986,"ground_m":218.482,"height_source":"LoD1 solid top minus bottom","production":"2023","laser":"2019","footprints":"2020"},"geometry":{"type":"Polygon","coordinates":[[[13.825554025970558,51.12877841284682],[13.825640818357696,51.128780642396485],[13.82572641103687,51.128782841849024],[13.82572963499204,51.12874024882416],[13.825644250863697,51.12873602811052],[13.825585900864695,51.128733139981485],[13.82555762477765,51.12873231643771],[13.825554025970558,51.12877841284682]]]}},{"type":"Feature","id":"DESNATPU1000DmLp","properties":{"id":"DESNATPU1000DmLp","height_m":6.867,"ground_m":226.119,"height_source":"LoD1 solid top minus bottom","production":"2023","laser":"2019","footprints":"2020"},"geometry":{"type":"Polygon","coordinates":[[[13.817273163813056,51.12627580579976],[13.81727646430277,51.12618743185212],[13.817162868381867,51.12618574328738],[13.817159553158952,51.12627412607631],[13.817273163813056,51.12627580579976]]]}},{"type":"Feature","id":"DESNATPU1000Gv5v","properties":{"id":"DESNATPU1000Gv5v","height_m":2.387,"ground_m":215.501,"height_source":"LoD1 solid top minus bottom","production":"2023","laser":"2019","footprints":"2020"},"geometry":{"type":"Polygon","coordinates":[[[13.823239363911133,51.12930792439235],[13.823197087640446,51.129306869465985],[13.823154809086754,51.129305904428364],[13.823112530535075,51.12930493937546],[13.82307039486467,51.1293039757453],[13.823028118602448,51.1293029207579],[13.822985840056893,51.12930195565924],[13.822943563798948,51.12930090064127],[13.822901142378266,51.129299934073856],[13.822898346698581,51.129342441410046],[13.822897630063661,51.12935376500008],[13.822939906368537,51.129354820034926],[13.822982039796177,51.129355873616404],[13.823024606435132,51.129356751688874],[13.823066739866961,51.129357805239856],[13.8231091613451,51.129358771747576],[13.823151294781194,51.129359825268104],[13.823193573384016,51.12936079030731],[13.823235849703817,51.12936184523526],[13.823277842551846,51.129362807368395],[13.82327853395954,51.129352472719646],[13.823281213831084,51.12930888508617],[13.823239363911133,51.12930792439235]]]}},{"type":"Feature","id":"DESNATPU1000EtSK","properties":{"id":"DESNATPU1000EtSK","height_m":4.085,"ground_m":221.237,"height_source":"LoD1 solid top minus bottom","production":"2023","laser":"2019","footprints":"2020"},"geometry":{"type":"Polygon","coordinates":[[[13.820562903617931,51.1274033735538],[13.820662774323988,51.127404290892564],[13.820663916967417,51.12735942881464],[13.820563908065058,51.127358330228525],[13.820562903617931,51.1274033735538]]]}},{"type":"Feature","id":"DESNATPU1000FJcQ","properties":{"id":"DESNATPU1000FJcQ","height_m":6.496,"ground_m":223.61,"height_source":"LoD1 solid top minus bottom","production":"2023","laser":"2019","footprints":"2020"},"geometry":{"type":"Polygon","coordinates":[[[13.824287243963143,51.12729166246102],[13.824288863829235,51.12727289299009],[13.824271793060603,51.12726417828654],[13.824272976517907,51.12725133961221],[13.82420165803487,51.12724878801429],[13.824129682801395,51.1272462117834],[13.824121407344451,51.127336289413925],[13.824193525818876,51.12733885809699],[13.824264973025976,51.127341410993594],[13.824268755541395,51.12729938115818],[13.824287243963143,51.12729166246102]]]}},{"type":"Feature","id":"UUID_e1e41060-6057-4678-9124-242579931d1b","properties":{"id":"UUID_e1e41060-6057-4678-9124-242579931d1b","height_m":8.889,"ground_m":214.865,"height_source":"LoD1 solid top minus bottom","production":"2023","laser":"2019","footprints":"2020"},"geometry":{"type":"Polygon","coordinates":[[[13.81958858623572,51.1291893496547],[13.81954545871284,51.12918861754444],[13.819545454816126,51.129188770381084],[13.819545597694848,51.129188771823394],[13.819542884518148,51.12923352809974],[13.819542667066344,51.129237572621335],[13.819539942115215,51.12928727476545],[13.819626494718927,51.12928940743705],[13.819629785056277,51.12923938726092],[13.819633028015357,51.12919010400778],[13.819588608775154,51.12918902614489],[13.81958858623572,51.1291893496547]]]}},{"type":"Feature","id":"UUID_6d0217d0-374f-4ff4-942a-dcf8fc19f007","properties":{"id":"UUID_6d0217d0-374f-4ff4-942a-dcf8fc19f007","height_m":3.07,"ground_m":214.865,"height_source":"LoD1 solid top minus bottom","production":"2023","laser":"2019","footprints":"2020"},"geometry":{"type":"Polygon","coordinates":[[[13.81954545871284,51.12918861754444],[13.81958858623572,51.1291893496547],[13.819588608775154,51.12918902614489],[13.819590480691712,51.129160448242374],[13.819533204696572,51.12915915065054],[13.819531459577982,51.12918835932153],[13.819545454816126,51.129188770381084],[13.81954545871284,51.12918861754444]]]}},{"type":"Feature","id":"DESNATP1Yr00008X","properties":{"id":"DESNATP1Yr00008X","height_m":2.805,"ground_m":220.639,"height_source":"LoD1 solid top minus bottom","production":"2023","laser":"2019","footprints":"2020"},"geometry":{"type":"Polygon","coordinates":[[[13.818167394336129,51.127633294530526],[13.81817127697287,51.127709618904575],[13.818278254759596,51.127707588556426],[13.818278153125574,51.12770541129428],[13.81827426396769,51.12770548889695],[13.818270642495815,51.127633483665505],[13.818270540632804,51.1276313153937],[13.818250737689723,51.12763169979507],[13.818167394336129,51.127633294530526]]]}},{"type":"Feature","id":"DESNATPU1000CdHu","properties":{"id":"DESNATPU1000CdHu","height_m":6.93,"ground_m":225.786,"height_source":"LoD1 solid top minus bottom","production":"2023","laser":"2019","footprints":"2020"},"geometry":{"type":"Polygon","coordinates":[[[13.826091966894182,51.12695049028571],[13.82626266199829,51.12694070207949],[13.826249867077372,51.12685237322308],[13.826079172068871,51.12686217040329],[13.826091966894182,51.12695049028571]]]}},{"type":"Feature","id":"DESNATPU1000E3ag","properties":{"id":"DESNATPU1000E3ag","height_m":8.344,"ground_m":226.395,"height_source":"LoD1 solid top minus bottom","production":"2023","laser":"2019","footprints":"2020"},"geometry":{"type":"Polygon","coordinates":[[[13.819161772836638,51.12617216011737],[13.819403595727989,51.126176760094765],[13.819407890396056,51.126086786442364],[13.819166067973876,51.12608218647688],[13.819161772836638,51.12617216011737]]]}},{"type":"Feature","id":"DESNATPU1000Hhzv","properties":{"id":"DESNATPU1000Hhzv","height_m":2.675,"ground_m":213.438,"height_source":"LoD1 solid top minus bottom","production":"2023","laser":"2019","footprints":"2020"},"geometry":{"type":"Polygon","coordinates":[[[13.819350834260332,51.1295070357656],[13.819347604298265,51.12956644492478],[13.819391484847008,51.12956736456333],[13.819430737464861,51.12956818350735],[13.819435769826484,51.129477318080426],[13.819396474421644,51.12947649870582],[13.819335495856315,51.1294752265865],[13.819333838454593,51.12950659438798],[13.819350834260332,51.1295070357656]]]}},{"type":"Feature","id":"DESNATPU1000JJbX","properties":{"id":"DESNATPU1000JJbX","height_m":6.439,"ground_m":217.448,"height_source":"LoD1 solid top minus bottom","production":"2023","laser":"2019","footprints":"2020"},"geometry":{"type":"Polygon","coordinates":[[[13.824038103633258,51.12852082480866],[13.824033321532895,51.1286089501586],[13.824032729766945,51.128619870340096],[13.824119281385398,51.12862199967967],[13.824124797943849,51.12852295557978],[13.824038103633258,51.12852082480866]]]}},{"type":"Feature","id":"DESNATPU1000Hbjq","properties":{"id":"DESNATPU1000Hbjq","height_m":7.55,"ground_m":223.656,"height_source":"LoD1 solid top minus bottom","production":"2023","laser":"2019","footprints":"2020"},"geometry":{"type":"Polygon","coordinates":[[[13.82211654166212,51.12671661321088],[13.822101707579211,51.12672055546901],[13.82209649370591,51.126728893143955],[13.822091086550792,51.126737525630986],[13.822097802764821,51.126746532033415],[13.822078258946192,51.126777755679775],[13.822160529242185,51.1267980535846],[13.822189410439265,51.12675200507499],[13.822218216941152,51.12670608170364],[13.822136025993146,51.12668547888587],[13.82211654166212,51.12671661321088]]]}},{"type":"Feature","id":"DESNATPU1000HKOo","properties":{"id":"DESNATPU1000HKOo","height_m":2.789,"ground_m":186.662,"height_source":"LoD1 solid top minus bottom","production":"2023","laser":"2019","footprints":"2020"},"geometry":{"type":"Polygon","coordinates":[[[13.810062796008289,51.13826045292095],[13.810065964973433,51.13826507144086],[13.810037825911593,51.13826982103096],[13.8100622184977,51.13831071622044],[13.810091371794426,51.13830543738229],[13.810099648022236,51.13831712217028],[13.810188675622339,51.13829590593797],[13.810154559533077,51.138238455210306],[13.810062796008289,51.13826045292095]]]}},{"type":"Feature","id":"DESNATPU1000G1ad","properties":{"id":"DESNATPU1000G1ad","height_m":10.745,"ground_m":216.698,"height_source":"LoD1 solid top minus bottom","production":"2023","laser":"2019","footprints":"2020"},"geometry":{"type":"Polygon","coordinates":[[[13.824058946557056,51.12887058071728],[13.824057655460415,51.128927041897455],[13.82405679071104,51.12898359729148],[13.824310863966296,51.12899037857499],[13.824324297423825,51.12887783509026],[13.824325285759347,51.128867053785534],[13.824059649198269,51.12885979654161],[13.824058946557056,51.12887058071728]]]}},{"type":"Feature","id":"DESNATPU1000G3UG","properties":{"id":"DESNATPU1000G3UG","height_m":2.807,"ground_m":224.005,"height_source":"LoD1 solid top minus bottom","production":"2023","laser":"2019","footprints":"2020"},"geometry":{"type":"Polygon","coordinates":[[[13.825383295501052,51.12729084293035],[13.825389966516726,51.12734503701705],[13.825391940823115,51.12736297930488],[13.825477449443836,51.12735881127166],[13.825468660431802,51.127286700438745],[13.825383295501052,51.12729084293035]]]}},{"type":"Feature","id":"DESNATPU1000CRAL","properties":{"id":"DESNATPU1000CRAL","height_m":2.433,"ground_m":228.871,"height_source":"LoD1 solid top minus bottom","production":"2023","laser":"2019","footprints":"2020"},"geometry":{"type":"Polygon","coordinates":[[[13.825362685213952,51.12579190289045],[13.825291316267757,51.12579424347355],[13.825297981680944,51.12586948944581],[13.82536921015474,51.125867057520146],[13.825362685213952,51.12579190289045]]]}},{"type":"Feature","id":"UUID_e24b9dcd-9760-4e90-9ec5-414c52c21d04","properties":{"id":"UUID_e24b9dcd-9760-4e90-9ec5-414c52c21d04","height_m":9.647,"ground_m":214.905,"height_source":"LoD1 solid top minus bottom","production":"2023","laser":"2019","footprints":"2020"},"geometry":{"type":"Polygon","coordinates":[[[13.817715920159928,51.12893530808869],[13.817714696583389,51.12891270604165],[13.817713731081504,51.128894549000314],[13.817713788232593,51.12889454957813],[13.817712412380054,51.12887007550859],[13.817595572237673,51.128872608137684],[13.817596867405845,51.12889744110118],[13.817598071409043,51.12892080733177],[13.817598626423905,51.128931532248785],[13.817599315804024,51.12894483043817],[13.81771628632567,51.12894223617397],[13.817715920159928,51.12893530808869]]]}},{"type":"Feature","id":"UUID_8102fd35-6733-4b43-87f4-a79e7cdaf351","properties":{"id":"UUID_8102fd35-6733-4b43-87f4-a79e7cdaf351","height_m":7.922,"ground_m":214.905,"height_source":"LoD1 solid top minus bottom","production":"2023","laser":"2019","footprints":"2020"},"geometry":{"type":"Polygon","coordinates":[[[13.817595572237673,51.128872608137684],[13.8175398190118,51.12887381594457],[13.817542446026355,51.128922043410896],[13.817598071409043,51.12892080733177],[13.817595572237673,51.128872608137684]]]}},{"type":"Feature","id":"UUID_9642dbbb-67bc-4384-9b7c-2dbf8091b6c4","properties":{"id":"UUID_9642dbbb-67bc-4384-9b7c-2dbf8091b6c4","height_m":7.804,"ground_m":214.905,"height_source":"LoD1 solid top minus bottom","production":"2023","laser":"2019","footprints":"2020"},"geometry":{"type":"Polygon","coordinates":[[[13.817715920159928,51.12893530808869],[13.817749350252942,51.128934656876574],[13.81774696111629,51.12889389576632],[13.817713788232593,51.12889454957813],[13.817713731081504,51.128894549000314],[13.817715920159928,51.12893530808869]]]}},{"type":"Feature","id":"DESNATPU1000I8Ym","properties":{"id":"DESNATPU1000I8Ym","height_m":7.437,"ground_m":220.927,"height_source":"LoD1 solid top minus bottom","production":"2023","laser":"2019","footprints":"2020"},"geometry":{"type":"Polygon","coordinates":[[[13.822849749359783,51.12769003771577],[13.8228596826388,51.1275702649661],[13.822702198002116,51.12756510045008],[13.822692250258436,51.12768486404956],[13.822849749359783,51.12769003771577]]]}},{"type":"Feature","id":"DESNATPU1000JBzt","properties":{"id":"DESNATPU1000JBzt","height_m":2.446,"ground_m":216.505,"height_source":"LoD1 solid top minus bottom","production":"2023","laser":"2019","footprints":"2020"},"geometry":{"type":"Polygon","coordinates":[[[13.823568687807812,51.12874928403527],[13.823525981120419,51.128748314822865],[13.82348298639544,51.12874743262392],[13.823440279712067,51.12874646338023],[13.823397570746069,51.128745584025],[13.823354006801415,51.12874460612421],[13.823351466570385,51.12879395049731],[13.823394320742214,51.128794741403254],[13.823437027468863,51.128795710664],[13.823479877075274,51.12879668134667],[13.8235210121511,51.12879763476424],[13.823522586090451,51.128797560672155],[13.823565433416539,51.128798621227524],[13.823608285313377,51.12879950195912],[13.823651134927925,51.128800472579094],[13.823693843950887,51.128801351842085],[13.823696669572858,51.12875201033367],[13.823654389228075,51.12875113538388],[13.823611539659085,51.1287501647654],[13.823568687807812,51.12874928403527]]]}},{"type":"Feature","id":"UUID_05125d10-0ca2-4338-bc05-6d3f6f16c908","properties":{"id":"UUID_05125d10-0ca2-4338-bc05-6d3f6f16c908","height_m":2.572,"ground_m":186.702,"height_source":"LoD1 solid top minus bottom","production":"2023","laser":"2019","footprints":"2020"},"geometry":{"type":"Polygon","coordinates":[[[13.809991582557128,51.1381336506826],[13.810033084248628,51.13819516037594],[13.810113146467911,51.13817571446347],[13.810074886686154,51.13811264607775],[13.809991582557128,51.1381336506826]]]}},{"type":"Feature","id":"UUID_dd216ec1-c258-4b68-8b7a-edef492ab4b1","properties":{"id":"UUID_dd216ec1-c258-4b68-8b7a-edef492ab4b1","height_m":1.474,"ground_m":186.702,"height_source":"LoD1 solid top minus bottom","production":"2023","laser":"2019","footprints":"2020"},"geometry":{"type":"Polygon","coordinates":[[[13.810002244793331,51.1382026432379],[13.810033084248628,51.13819516037594],[13.810008932244319,51.13815936648664],[13.809978868430782,51.13816670435916],[13.810002244793331,51.1382026432379]]]}},{"type":"Feature","id":"DESNATPU1000Esur","properties":{"id":"DESNATPU1000Esur","height_m":8.045,"ground_m":215.621,"height_source":"LoD1 solid top minus bottom","production":"2023","laser":"2019","footprints":"2020"},"geometry":{"type":"Polygon","coordinates":[[[13.822958114061944,51.12920077847672],[13.823033236387667,51.129202793574365],[13.823040419540108,51.1290945038181],[13.822965442553762,51.12909240026031],[13.822958114061944,51.12920077847672]]]}},{"type":"Feature","id":"DESNATPU1000Evtc","properties":{"id":"DESNATPU1000Evtc","height_m":2.394,"ground_m":214.969,"height_source":"LoD1 solid top minus bottom","production":"2023","laser":"2019","footprints":"2020"},"geometry":{"type":"Polygon","coordinates":[[[13.82034440648656,51.12939979813032],[13.820301551825516,51.1293990061034],[13.82029974389284,51.129436307582054],[13.820298893757693,51.12945284557915],[13.820341748468495,51.12945363760737],[13.820384600890447,51.1294545195238],[13.820427453314291,51.12945540142456],[13.820470305740029,51.12945628330961],[13.820513015288059,51.12945716373783],[13.820556010597183,51.12945804703265],[13.820598872189244,51.12945856925489],[13.82064172462222,51.12945945107717],[13.820642570054956,51.129443092884664],[13.820644239412557,51.12940561015011],[13.820601527618626,51.129404819674036],[13.820558382607626,51.129404204666976],[13.820515815986731,51.129403325696764],[13.820472961318448,51.129402533732616],[13.82043011123286,51.129401561944924],[13.820387258858762,51.12940068004548],[13.82034440648656,51.12939979813032]]]}},{"type":"Feature","id":"DESNATPU1000EqgE","properties":{"id":"DESNATPU1000EqgE","height_m":3.63,"ground_m":219.35,"height_source":"LoD1 solid top minus bottom","production":"2023","laser":"2019","footprints":"2020"},"geometry":{"type":"Polygon","coordinates":[[[13.820811977309045,51.12783618642618],[13.820809919799634,51.127782299375156],[13.820724285342253,51.127783504129546],[13.82072634046222,51.12783748108537],[13.820811977309045,51.12783618642618]]]}},{"type":"Feature","id":"DESNATPU1000CCRR","properties":{"id":"DESNATPU1000CCRR","height_m":2.928,"ground_m":222.043,"height_source":"LoD1 solid top minus bottom","production":"2023","laser":"2019","footprints":"2020"},"geometry":{"type":"Polygon","coordinates":[[[13.824899244206541,51.12766258507931],[13.824822680615087,51.12766170775333],[13.824822433380515,51.12769115636938],[13.824898223988916,51.12769152233629],[13.824904342047821,51.12766443484796],[13.824899196291556,51.127664473065316],[13.824899244206541,51.12766258507931]]]}},{"type":"Feature","id":"DESNATPU1000E67z","properties":{"id":"DESNATPU1000E67z","height_m":7.824,"ground_m":219.125,"height_source":"LoD1 solid top minus bottom","production":"2023","laser":"2019","footprints":"2020"},"geometry":{"type":"Polygon","coordinates":[[[13.825785139301018,51.12855780472245],[13.825742146976237,51.12855683345088],[13.82571326794544,51.12855612079488],[13.825699442687876,51.12855577512898],[13.825656740681993,51.1285546268874],[13.825626879372587,51.12855432700246],[13.825623713843502,51.12860024791205],[13.825710078409399,51.12860242815153],[13.825795529026141,51.12860458116457],[13.825798701225239,51.128558390536924],[13.825785139301018,51.12855780472245]]]}},{"type":"Feature","id":"UUID_5c3835c0-a460-48a3-91c0-902a78d808df","properties":{"id":"UUID_5c3835c0-a460-48a3-91c0-902a78d808df","height_m":10.186,"ground_m":226.456,"height_source":"LoD1 solid top minus bottom","production":"2023","laser":"2019","footprints":"2020"},"geometry":{"type":"Polygon","coordinates":[[[13.82253916585568,51.125934772094055],[13.822576174378092,51.125930432561134],[13.822571739181821,51.12591546000997],[13.822534744957888,51.125919799685455],[13.822496331753685,51.125924304914676],[13.822500766926323,51.125939277468525],[13.82253916585568,51.125934772094055]]]}},{"type":"Feature","id":"UUID_99b6d110-b926-4f21-a1a4-71e6a7528730","properties":{"id":"UUID_99b6d110-b926-4f21-a1a4-71e6a7528730","height_m":10.116,"ground_m":226.456,"height_source":"LoD1 solid top minus bottom","production":"2023","laser":"2019","footprints":"2020"},"geometry":{"type":"Polygon","coordinates":[[[13.822390816243798,51.12595217189492],[13.822431436749062,51.12594741015447],[13.822427580836392,51.1259343858559],[13.822386845589849,51.12593916442488],[13.822349034234335,51.125943603725155],[13.822352890354242,51.12595661903574],[13.822390816243798,51.12595217189492]]]}},{"type":"Feature","id":"UUID_0b1bfc33-1d9c-4829-a278-c7a000676342","properties":{"id":"UUID_0b1bfc33-1d9c-4829-a278-c7a000676342","height_m":10.922,"ground_m":226.456,"height_source":"LoD1 solid top minus bottom","production":"2023","laser":"2019","footprints":"2020"},"geometry":{"type":"Polygon","coordinates":[[[13.822603611508816,51.1260237563573],[13.822593443724614,51.12598919392843],[13.822590155007727,51.12597802784406],[13.822605233515207,51.1259762642205],[13.822597059267302,51.125948727182525],[13.822582124094607,51.12595047426283],[13.82258194008034,51.12594984292054],[13.822576174378092,51.125930432561134],[13.822500766926323,51.125939277468525],[13.822459157439027,51.12594415517186],[13.822431436749062,51.12594741015447],[13.822352890354242,51.12595661903574],[13.822358141762342,51.12597433359815],[13.822359589852015,51.125979204243286],[13.822346188160608,51.12598077789015],[13.822354716000225,51.126009577485945],[13.822370024031526,51.126007780233344],[13.8223723930962,51.126015771629724],[13.822382342079036,51.12604937864783],[13.822478447025187,51.12603810737565],[13.822476972633654,51.126033146540166],[13.822502313971452,51.126030173339466],[13.822508850065192,51.1260294028337],[13.822509902714438,51.12603296555251],[13.822510416009601,51.126034697320826],[13.82251361227926,51.12603432483406],[13.822603611508816,51.1260237563573]]]}},{"type":"Feature","id":"DESNATPU1000CG4q","properties":{"id":"DESNATPU1000CG4q","height_m":2.356,"ground_m":225.732,"height_source":"LoD1 solid top minus bottom","production":"2023","laser":"2019","footprints":"2020"},"geometry":{"type":"Polygon","coordinates":[[[13.819220496555806,51.12657607607176],[13.8192210533444,51.12648138847859],[13.819141674748574,51.1264783387353],[13.819143030862069,51.12657646287488],[13.819220496555806,51.12657607607176]]]}},{"type":"Feature","id":"DESNATPU1000Ddn9","properties":{"id":"DESNATPU1000Ddn9","height_m":2.569,"ground_m":226.118,"height_source":"LoD1 solid top minus bottom","production":"2023","laser":"2019","footprints":"2020"},"geometry":{"type":"Polygon","coordinates":[[[13.818333075031648,51.12635580114129],[13.818332864509651,51.12638141024876],[13.818504152607577,51.126381971985474],[13.818504626231258,51.12632476515769],[13.818387552792062,51.126324373568956],[13.818387303573349,51.12635598042232],[13.818333075031648,51.12635580114129]]]}},{"type":"Feature","id":"UUID_3cdf3a98-cff7-4429-aff1-8dc47440c486","properties":{"id":"UUID_3cdf3a98-cff7-4429-aff1-8dc47440c486","height_m":3.96,"ground_m":217.403,"height_source":"LoD1 solid top minus bottom","production":"2023","laser":"2019","footprints":"2020"},"geometry":{"type":"Polygon","coordinates":[[[13.818102277657648,51.12832218815653],[13.81810321920012,51.12833905000406],[13.818157485631422,51.12833783589695],[13.818156543839715,51.12832098304012],[13.818102277657648,51.12832218815653]]]}},{"type":"Feature","id":"UUID_1483df78-b4f7-428a-a428-a6425662a162","properties":{"id":"UUID_1483df78-b4f7-428a-a428-a6425662a162","height_m":4.947,"ground_m":217.403,"height_source":"LoD1 solid top minus bottom","production":"2023","laser":"2019","footprints":"2020"},"geometry":{"type":"Polygon","coordinates":[[[13.81811046004516,51.128222227000045],[13.818060812534092,51.128223334894535],[13.818061636082398,51.128238100249554],[13.818111283609289,51.128236992354815],[13.81811046004516,51.128222227000045]]]}},{"type":"Feature","id":"UUID_cd490376-ee69-4a1f-91ad-fc512ece6965","properties":{"id":"UUID_cd490376-ee69-4a1f-91ad-fc512ece6965","height_m":9.093,"ground_m":217.403,"height_source":"LoD1 solid top minus bottom","production":"2023","laser":"2019","footprints":"2020"},"geometry":{"type":"Polygon","coordinates":[[[13.818102277657648,51.12832218815653],[13.818156543839715,51.12832098304012],[13.81817563361626,51.12832055547531],[13.818170854969756,51.12823566099745],[13.818111283609289,51.128236992354815],[13.818061636082398,51.128238100249554],[13.818041330977543,51.12823855148238],[13.818046109386678,51.12832344596393],[13.818102277657648,51.12832218815653]]]}},{"type":"Feature","id":"DESNATPU1000CsKU","properties":{"id":"DESNATPU1000CsKU","height_m":7.271,"ground_m":225.744,"height_source":"LoD1 solid top minus bottom","production":"2023","laser":"2019","footprints":"2020"},"geometry":{"type":"Polygon","coordinates":[[[13.821967372321902,51.12630776793824],[13.821967093443728,51.12630749534757],[13.821946471243631,51.126360326576226],[13.821946160343169,51.1263613126418],[13.822020687651491,51.12637305252117],[13.822073622778893,51.126381382439995],[13.82207317129784,51.126382277162726],[13.822078722423372,51.12638315141694],[13.82209820611115,51.12638630627951],[13.822119078684539,51.126333738335354],[13.822114851224208,51.12633307525577],[13.822115304990927,51.12633209062884],[13.822041346916274,51.126320446470835],[13.821987828384719,51.12631202073276],[13.821988139283947,51.12631103466705],[13.821967372321902,51.12630776793824]]]}},{"type":"Feature","id":"DESNATPU1000CKiz","properties":{"id":"DESNATPU1000CKiz","height_m":8.266,"ground_m":222.767,"height_source":"LoD1 solid top minus bottom","production":"2023","laser":"2019","footprints":"2020"},"geometry":{"type":"Polygon","coordinates":[[[13.819921096748175,51.12710274701852],[13.819921442673785,51.12717889175653],[13.819937949951369,51.12717884251575],[13.819938227218197,51.1272044115785],[13.820088374706911,51.12720357959675],[13.820087598139612,51.12714039799804],[13.820106035556066,51.12714031425283],[13.820105678425394,51.127102172580955],[13.820105489996399,51.127076478516976],[13.820025111618829,51.12707672860578],[13.82002529977411,51.12710243165998],[13.819921096748175,51.12710274701852]]]}},{"type":"Feature","id":"DESNATPU1000FS1m","properties":{"id":"DESNATPU1000FS1m","height_m":2.693,"ground_m":230.18,"height_source":"LoD1 solid top minus bottom","production":"2023","laser":"2019","footprints":"2020"},"geometry":{"type":"Polygon","coordinates":[[[13.826473106510885,51.12441179958614],[13.826387387908593,51.12441093929993],[13.826386023077443,51.12446479191207],[13.826471596636505,51.12446574067037],[13.826473106510885,51.12441179958614]]]}},{"type":"Feature","id":"DESNATPU1000DHeI","properties":{"id":"DESNATPU1000DHeI","height_m":8.313,"ground_m":227.254,"height_source":"LoD1 solid top minus bottom","production":"2023","laser":"2019","footprints":"2020"},"geometry":{"type":"Polygon","coordinates":[[[13.826210990687285,51.126015418775445],[13.826359297611626,51.12601882282016],[13.826364201967772,51.12593414278658],[13.826215895541985,51.12593072975941],[13.826210990687285,51.126015418775445]]]}},{"type":"Feature","id":"UUID_f73b20de-ec5c-4e08-82f4-9d8bfe6d66c4","properties":{"id":"UUID_f73b20de-ec5c-4e08-82f4-9d8bfe6d66c4","height_m":4.131,"ground_m":187.746,"height_source":"LoD1 solid top minus bottom","production":"2023","laser":"2019","footprints":"2020"},"geometry":{"type":"Polygon","coordinates":[[[13.80252369262715,51.133678872642506],[13.802583116243248,51.13376311331386],[13.802686489322218,51.13373413610195],[13.802809946573898,51.133699528144234],[13.80280725341901,51.13369589449686],[13.80275059197586,51.133615369229446],[13.80252369262715,51.133678872642506]]]}},{"type":"Feature","id":"UUID_cdad99bf-79d9-4cbf-bd5c-9ff4c0cf3de9","properties":{"id":"UUID_cdad99bf-79d9-4cbf-bd5c-9ff4c0cf3de9","height_m":2.9,"ground_m":187.746,"height_source":"LoD1 solid top minus bottom","production":"2023","laser":"2019","footprints":"2020"},"geometry":{"type":"Polygon","coordinates":[[[13.802686489322218,51.13373413610195],[13.802727573663732,51.1337924697824],[13.802796247020536,51.13377329896692],[13.802852811736908,51.13375753828877],[13.802809946573898,51.133699528144234],[13.802686489322218,51.13373413610195]]]}},{"type":"Feature","id":"DESNATPU1000EiYP","properties":{"id":"DESNATPU1000EiYP","height_m":3.258,"ground_m":224.591,"height_source":"LoD1 solid top minus bottom","production":"2023","laser":"2019","footprints":"2020"},"geometry":{"type":"Polygon","coordinates":[[[13.817076996992553,51.12667797188774],[13.81699541773961,51.126677146603484],[13.816991624571624,51.12681442689892],[13.817073201769498,51.12681534209124],[13.817076996992553,51.12667797188774]]]}},{"type":"Feature","id":"DESNATPU1000JYSS","properties":{"id":"DESNATPU1000JYSS","height_m":7.997,"ground_m":215.578,"height_source":"LoD1 solid top minus bottom","production":"2023","laser":"2019","footprints":"2020"},"geometry":{"type":"Polygon","coordinates":[[[13.821289054639179,51.12880582348844],[13.821289026161217,51.12883276534023],[13.821288979012039,51.128887386543916],[13.821359252045278,51.12888899413119],[13.821362938831712,51.12883455349561],[13.821366581928041,51.1287807059375],[13.821290886578215,51.12877877391724],[13.821289054639179,51.12880582348844]]]}},{"type":"Feature","id":"DESNATPU1000GtHH","properties":{"id":"DESNATPU1000GtHH","height_m":6.532,"ground_m":217.981,"height_source":"LoD1 solid top minus bottom","production":"2023","laser":"2019","footprints":"2020"},"geometry":{"type":"Polygon","coordinates":[[[13.824626372743921,51.12861504747295],[13.824705794219435,51.12861656514897],[13.824708311389692,51.12851740095316],[13.824631609309874,51.128515730757506],[13.8246291708762,51.128561119390035],[13.824626372743921,51.12861504747295]]]}},{"type":"Feature","id":"DESNATPU1000C9dd","properties":{"id":"DESNATPU1000C9dd","height_m":3.095,"ground_m":221.008,"height_source":"LoD1 solid top minus bottom","production":"2023","laser":"2019","footprints":"2020"},"geometry":{"type":"Polygon","coordinates":[[[13.819982363539664,51.12744138313283],[13.81998422936944,51.12751004328668],[13.820055704185402,51.127509271732805],[13.820055171509644,51.12748979714935],[13.820089279227586,51.12748943088322],[13.820087931644,51.12744024516926],[13.819982363539664,51.12744138313283]]]}},{"type":"Feature","id":"DESNATPU1000Bi6g","properties":{"id":"DESNATPU1000Bi6g","height_m":9.223,"ground_m":216.955,"height_source":"LoD1 solid top minus bottom","production":"2023","laser":"2019","footprints":"2020"},"geometry":{"type":"Polygon","coordinates":[[[13.823672365691696,51.128544214294706],[13.823671472218239,51.12856138136765],[13.82366956187843,51.12859832215567],[13.823668944925231,51.128611355367205],[13.823755494222622,51.128613574879886],[13.823757780815445,51.12856350853064],[13.823760020555477,51.12851416112585],[13.823674038382729,51.12851212717485],[13.823672365691696,51.128544214294706]]]}},{"type":"Feature","id":"DESNATPU1000GgeF","properties":{"id":"DESNATPU1000GgeF","height_m":8.24,"ground_m":218.722,"height_source":"LoD1 solid top minus bottom","production":"2023","laser":"2019","footprints":"2020"},"geometry":{"type":"Polygon","coordinates":[[[13.825588725957704,51.12868937390286],[13.825675446741347,51.12869160270833],[13.825761396451833,51.12869380572125],[13.825764053417885,51.12865102714749],[13.825678312941053,51.12864677590169],[13.825620891070727,51.128643924088315],[13.82559175549288,51.12864318184795],[13.825588725957704,51.12868937390286]]]}},{"type":"Feature","id":"DESNATPU1000DBa2","properties":{"id":"DESNATPU1000DBa2","height_m":3.0,"ground_m":224.851,"height_source":"LoD1 solid top minus bottom","production":"2023","laser":"2019","footprints":"2020"},"geometry":{"type":"Polygon","coordinates":[[[13.82065510244604,51.1266169920077],[13.820655030489808,51.126642260788344],[13.820701046376337,51.126642275232406],[13.820701061929675,51.126652886783326],[13.82071206528321,51.12665290782459],[13.820712126125311,51.12670101941944],[13.820755146356586,51.12670082377694],[13.82075496823692,51.12666853816349],[13.820754926022095,51.12665280050092],[13.820754851484741,51.12661700877613],[13.82072298212665,51.1266170470921],[13.82065510244604,51.1266169920077]]]}},{"type":"Feature","id":"DESNATP11N0000v7","properties":{"id":"DESNATP11N0000v7","height_m":8.087,"ground_m":215.858,"height_source":"LoD1 solid top minus bottom","production":"2023","laser":"2019","footprints":"2020"},"geometry":{"type":"Polygon","coordinates":[[[13.820422943773352,51.1288279889813],[13.8204197478117,51.1288760227445],[13.820578603697546,51.12888025991548],[13.820581757089554,51.1288322077338],[13.820422943773352,51.1288279889813]]]}},{"type":"Feature","id":"UUID_ad4f51a5-dc38-4b29-9897-0ef2419c1e6c","properties":{"id":"UUID_ad4f51a5-dc38-4b29-9897-0ef2419c1e6c","height_m":4.148,"ground_m":220.629,"height_source":"LoD1 solid top minus bottom","production":"2023","laser":"2019","footprints":"2020"},"geometry":{"type":"Polygon","coordinates":[[[13.817855040756577,51.127677825607556],[13.817853174679684,51.12764624234033],[13.81782610225803,51.12764700281569],[13.817828354305743,51.12767858099267],[13.817854611675585,51.12767783925527],[13.817855040756577,51.127677825607556]]]}},{"type":"Feature","id":"UUID_b1e87928-8d3d-4164-8d6f-ddf24255327d","properties":{"id":"UUID_b1e87928-8d3d-4164-8d6f-ddf24255327d","height_m":8.97,"ground_m":220.629,"height_source":"LoD1 solid top minus bottom","production":"2023","laser":"2019","footprints":"2020"},"geometry":{"type":"Polygon","coordinates":[[[13.817855040756577,51.127677825607556],[13.817854611675585,51.12767783925527],[13.817857174615105,51.12771403383314],[13.817914322874833,51.12771242631718],[13.817907071556963,51.12761077139416],[13.817851181859435,51.12761234666582],[13.817853603760382,51.12764622869262],[13.817853174679684,51.12764624234033],[13.817855040756577,51.127677825607556]]]}},{"type":"Feature","id":"DESNATPU1000FMxi","properties":{"id":"DESNATPU1000FMxi","height_m":2.946,"ground_m":221.763,"height_source":"LoD1 solid top minus bottom","production":"2023","laser":"2019","footprints":"2020"},"geometry":{"type":"Polygon","coordinates":[[[13.8172052278459,51.127336456151745],[13.817205137794273,51.127334386917994],[13.817263005904932,51.12733479237698],[13.817263230958357,51.127325981799245],[13.817285526013599,51.12732593751602],[13.817285801266946,51.127337540893514],[13.817289656538696,51.12733766981337],[13.817291786977227,51.12729902271576],[13.817123148878096,51.12729920543772],[13.81712432734259,51.12733698673334],[13.8172052278459,51.127336456151745]]]}},{"type":"Feature","id":"DESNATPU1000EJzj","properties":{"id":"DESNATPU1000EJzj","height_m":6.074,"ground_m":216.162,"height_source":"LoD1 solid top minus bottom","production":"2023","laser":"2019","footprints":"2020"},"geometry":{"type":"Polygon","coordinates":[[[13.8191164591829,51.12857095670736],[13.819121946488275,51.128663996689895],[13.819258511034466,51.12866078940773],[13.819252744579352,51.128567476832735],[13.8191164591829,51.12857095670736]]]}},{"type":"Feature","id":"DESNATPU1000BF3V","properties":{"id":"DESNATPU1000BF3V","height_m":3.511,"ground_m":217.967,"height_source":"LoD1 solid top minus bottom","production":"2023","laser":"2019","footprints":"2020"},"geometry":{"type":"Polygon","coordinates":[[[13.819084971550273,51.128230984247516],[13.81908104315226,51.12820009959545],[13.819047423806857,51.12820146869169],[13.819046034915447,51.12818868502318],[13.818991240175414,51.12819100930189],[13.818992864353163,51.128205773742636],[13.81894608209428,51.12820772928669],[13.818949194426951,51.128236987014404],[13.818948616059707,51.12827814977941],[13.819019670371501,51.12827934401025],[13.819021585871932,51.12823394119941],[13.819084971550273,51.128230984247516]]]}},{"type":"Feature","id":"UUID_4ab8aabb-dbb8-4978-89a5-75df1a40df16","properties":{"id":"UUID_4ab8aabb-dbb8-4978-89a5-75df1a40df16","height_m":8.559,"ground_m":225.022,"height_source":"LoD1 solid top minus bottom","production":"2023","laser":"2019","footprints":"2020"},"geometry":{"type":"Polygon","coordinates":[[[13.828047240962418,51.12685620110804],[13.828145977390736,51.12691036446073],[13.82822483187226,51.12685342151563],[13.8281260952434,51.12679926721962],[13.828047240962418,51.12685620110804]]]}},{"type":"Feature","id":"UUID_23e907ed-2a61-4b36-ac60-adc583f5ea10","properties":{"id":"UUID_23e907ed-2a61-4b36-ac60-adc583f5ea10","height_m":4.42,"ground_m":225.022,"height_source":"LoD1 solid top minus bottom","production":"2023","laser":"2019","footprints":"2020"},"geometry":{"type":"Polygon","coordinates":[[[13.828203642661915,51.12689391914371],[13.82818382514364,51.12688303722529],[13.828145977390736,51.12691036446073],[13.828165795139126,51.126921237395116],[13.828203642661915,51.12689391914371]]]}},{"type":"Feature","id":"DESNATPU1000JTbm","properties":{"id":"DESNATPU1000JTbm","height_m":10.637,"ground_m":191.744,"height_source":"LoD1 solid top minus bottom","production":"2023","laser":"2019","footprints":"2020"},"geometry":{"type":"Polygon","coordinates":[[[13.799463013488257,51.13901358364053],[13.799319486546624,51.13906848540471],[13.799398738027714,51.13915051214816],[13.79954227919064,51.139095619425525],[13.799463013488257,51.13901358364053]]]}},{"type":"Feature","id":"UUID_a09414bd-62d5-4f25-932a-ed51380a420c","properties":{"id":"UUID_a09414bd-62d5-4f25-932a-ed51380a420c","height_m":3.776,"ground_m":223.277,"height_source":"LoD1 solid top minus bottom","production":"2023","laser":"2019","footprints":"2020"},"geometry":{"type":"Polygon","coordinates":[[[13.82396284344264,51.1272290395614],[13.82396424071492,51.12720778586943],[13.823907583027173,51.12720586714121],[13.823905756653573,51.12722713450227],[13.82396284344264,51.1272290395614]]]}},{"type":"Feature","id":"UUID_b70eca2f-57dd-40b2-868b-4480f9894538","properties":{"id":"UUID_b70eca2f-57dd-40b2-868b-4480f9894538","height_m":7.146,"ground_m":223.277,"height_source":"LoD1 solid top minus bottom","production":"2023","laser":"2019","footprints":"2020"},"geometry":{"type":"Polygon","coordinates":[[[13.823847343530673,51.12732751707284],[13.823905875515191,51.12732935576081],[13.823904880270103,51.12734040677655],[13.82392488356719,51.12734112953567],[13.8239529680106,51.12734214938969],[13.82395396781121,51.12733091856531],[13.82400264360764,51.12733257714516],[13.824010806137867,51.127230637010314],[13.82396284252926,51.127229075523026],[13.82396284344264,51.1272290395614],[13.823934257185593,51.127228086604234],[13.823905756196861,51.12722715248309],[13.823856080405129,51.127225483804565],[13.823847343530673,51.12732751707284]]]}},{"type":"Feature","id":"DESNATPU1000JRIN","properties":{"id":"DESNATPU1000JRIN","height_m":2.93,"ground_m":185.773,"height_source":"LoD1 solid top minus bottom","production":"2023","laser":"2019","footprints":"2020"},"geometry":{"type":"Polygon","coordinates":[[[13.809473438173521,51.13881622844229],[13.809518419931898,51.13886803464881],[13.809576398505703,51.13884803156429],[13.809531271480843,51.138796313828294],[13.809527233061994,51.138797711550176],[13.809512823885594,51.138779939183955],[13.809466239156576,51.13879601151517],[13.809481515017417,51.138813433002134],[13.809473438173521,51.13881622844229]]]}},{"type":"Feature","id":"DESNATPU1000Irsk","properties":{"id":"DESNATPU1000Irsk","height_m":4.585,"ground_m":228.995,"height_source":"LoD1 solid top minus bottom","production":"2023","laser":"2019","footprints":"2020"},"geometry":{"type":"Polygon","coordinates":[[[13.828147580170778,51.124270932169054],[13.828153601791124,51.124298384294704],[13.828332563317941,51.12428283967332],[13.828331511711006,51.12427808998069],[13.828352550071534,51.1242762594373],[13.828349154284941,51.12426080292304],[13.828328115931322,51.12426263346588],[13.828326527306825,51.12425538741298],[13.828322350367804,51.124236352966754],[13.828143403076616,51.12425190670739],[13.828147580170778,51.124270932169054]]]}},{"type":"Feature","id":"UUID_67948efa-4371-4d0a-81f3-7929c23f6b22","properties":{"id":"UUID_67948efa-4371-4d0a-81f3-7929c23f6b22","height_m":6.677,"ground_m":219.991,"height_source":"LoD1 solid top minus bottom","production":"2023","laser":"2019","footprints":"2020"},"geometry":{"type":"Polygon","coordinates":[[[13.82434036969104,51.12801973322875],[13.82433696005537,51.1280915416474],[13.824450677974463,51.12809368307798],[13.824454073374753,51.12802186552082],[13.82434036969104,51.12801973322875]]]}},{"type":"Feature","id":"UUID_0d19234b-648f-498a-b07d-93326d720d21","properties":{"id":"UUID_0d19234b-648f-498a-b07d-93326d720d21","height_m":4.212,"ground_m":219.991,"height_source":"LoD1 solid top minus bottom","production":"2023","laser":"2019","footprints":"2020"},"geometry":{"type":"Polygon","coordinates":[[[13.82433696005537,51.1280915416474],[13.824336075232234,51.12811006671082],[13.824419070002891,51.128111530582906],[13.824419823693939,51.128093103120435],[13.82433696005537,51.1280915416474]]]}},{"type":"Feature","id":"DESNATPU1000JJcD","properties":{"id":"DESNATPU1000JJcD","height_m":9.381,"ground_m":220.629,"height_source":"LoD1 solid top minus bottom","production":"2023","laser":"2019","footprints":"2020"},"geometry":{"type":"Polygon","coordinates":[[[13.817914322874833,51.12771242631718],[13.81797819309823,51.1277106169393],[13.81797094141077,51.12760897100968],[13.817907071556963,51.12761077139416],[13.817914322874833,51.12771242631718]]]}},{"type":"Feature","id":"DESNATPU1000FXXt","properties":{"id":"DESNATPU1000FXXt","height_m":2.338,"ground_m":217.012,"height_source":"LoD1 solid top minus bottom","production":"2023","laser":"2019","footprints":"2020"},"geometry":{"type":"Polygon","coordinates":[[[13.82362756971305,51.12859736016756],[13.82366956187843,51.12859832215567],[13.823672365691696,51.128544214294706],[13.823630514168036,51.12854334364929],[13.82362756971305,51.12859736016756]]]}},{"type":"Feature","id":"DESNATPU1000ChJr","properties":{"id":"DESNATPU1000ChJr","height_m":8.024,"ground_m":214.974,"height_source":"LoD1 solid top minus bottom","production":"2023","laser":"2019","footprints":"2020"},"geometry":{"type":"Polygon","coordinates":[[[13.81999108396578,51.12914317866089],[13.819990047313818,51.12916142338847],[13.819989708257749,51.12919715697105],[13.8199891870695,51.12925125181607],[13.820060460749344,51.12925287027951],[13.820063622820628,51.129198892008766],[13.820066782134093,51.12914502162207],[13.819995368032629,51.129143311817856],[13.81999108396578,51.12914317866089]]]}},{"type":"Feature","id":"DESNATPU1000BGkj","properties":{"id":"DESNATPU1000BGkj","height_m":9.013,"ground_m":215.492,"height_source":"LoD1 solid top minus bottom","production":"2023","laser":"2019","footprints":"2020"},"geometry":{"type":"Polygon","coordinates":[[[13.823049406151373,51.12896024330277],[13.823120668095102,51.128962309418924],[13.823127848711314,51.128854109555334],[13.823056584648308,51.12885213334865],[13.823049406151373,51.12896024330277]]]}},{"type":"Feature","id":"DESNATPU1000Cyco","properties":{"id":"DESNATPU1000Cyco","height_m":2.525,"ground_m":223.478,"height_source":"LoD1 solid top minus bottom","production":"2023","laser":"2019","footprints":"2020"},"geometry":{"type":"Polygon","coordinates":[[[13.82742176303126,51.1275485198216],[13.827438276743191,51.12760183227287],[13.827526440350411,51.12759102577137],[13.827509926540412,51.12753771333182],[13.82742176303126,51.1275485198216]]]}},{"type":"Feature","id":"DESNATPU1000DiZY","properties":{"id":"DESNATPU1000DiZY","height_m":7.865,"ground_m":219.685,"height_source":"LoD1 solid top minus bottom","production":"2023","laser":"2019","footprints":"2020"},"geometry":{"type":"Polygon","coordinates":[[[13.81874745090475,51.127914647053885],[13.81886930961595,51.1279057611657],[13.818854686359295,51.12782634275559],[13.818732827854816,51.12783522863001],[13.81874745090475,51.127914647053885]]]}},{"type":"Feature","id":"DESNATPU1000Gkqg","properties":{"id":"DESNATPU1000Gkqg","height_m":2.719,"ground_m":225.715,"height_source":"LoD1 solid top minus bottom","production":"2023","laser":"2019","footprints":"2020"},"geometry":{"type":"Polygon","coordinates":[[[13.827512904489147,51.126810593354634],[13.827583890318174,51.12684601691739],[13.827640623839411,51.12680090279482],[13.827569780906666,51.126765480698865],[13.827512904489147,51.126810593354634]]]}},{"type":"Feature","id":"DESNATP1Yr000079","properties":{"id":"DESNATP1Yr000079","height_m":3.27,"ground_m":190.996,"height_source":"LoD1 solid top minus bottom","production":"2023","laser":"2019","footprints":"2020"},"geometry":{"type":"Polygon","coordinates":[[[13.800389066658143,51.139319450052305],[13.800499000711698,51.13927778140803],[13.800457315846673,51.139234269810686],[13.800347396151151,51.139275938563124],[13.800389066658143,51.139319450052305]]]}},{"type":"Feature","id":"DESNATPU1000JWfJ","properties":{"id":"DESNATPU1000JWfJ","height_m":8.097,"ground_m":215.728,"height_source":"LoD1 solid top minus bottom","production":"2023","laser":"2019","footprints":"2020"},"geometry":{"type":"Polygon","coordinates":[[[13.823589966545645,51.12907050157707],[13.823675810526309,51.129072390312764],[13.823678696837966,51.12902628678982],[13.823635994460648,51.12902513780788],[13.823592644129084,51.129025304218956],[13.823505643649579,51.12902562498379],[13.823503265758596,51.12906858617274],[13.823589966545645,51.12907050157707]]]}},{"type":"Feature","id":"DESNATPU1000BWNo","properties":{"id":"DESNATPU1000BWNo","height_m":2.359,"ground_m":224.818,"height_source":"LoD1 solid top minus bottom","production":"2023","laser":"2019","footprints":"2020"},"geometry":{"type":"Polygon","coordinates":[[[13.826294790323702,51.12711932287162],[13.826247274549077,51.12712208331344],[13.826263584444678,51.127234116239286],[13.826311102612411,51.127231265887495],[13.82630311731082,51.127176447160785],[13.826361337802439,51.127173092704176],[13.826355615878557,51.127133845079385],[13.826297395208078,51.1271372085239],[13.826294790323702,51.12711932287162]]]}},{"type":"Feature","id":"UUID_4704b920-05a5-4f90-a3c7-5b06e84dc7ea","properties":{"id":"UUID_4704b920-05a5-4f90-a3c7-5b06e84dc7ea","height_m":5.634,"ground_m":188.65,"height_source":"LoD1 solid top minus bottom","production":"2023","laser":"2019","footprints":"2020"},"geometry":{"type":"Polygon","coordinates":[[[13.802734519574173,51.13758566421112],[13.802810565494019,51.137612152869195],[13.802855173679097,51.137568644197934],[13.802777477629789,51.13753853260146],[13.802734519574173,51.13758566421112]]]}},{"type":"Feature","id":"UUID_64009777-da60-44c8-a536-fe95d0a79bf4","properties":{"id":"UUID_64009777-da60-44c8-a536-fe95d0a79bf4","height_m":5.653,"ground_m":188.65,"height_source":"LoD1 solid top minus bottom","production":"2023","laser":"2019","footprints":"2020"},"geometry":{"type":"Polygon","coordinates":[[[13.802810565494019,51.137612152869195],[13.802899134460041,51.137643014224906],[13.80316198921369,51.1373672006132],[13.803094050224132,51.13733566032128],[13.803013738830364,51.13740669002287],[13.802855173679097,51.137568644197934],[13.802810565494019,51.137612152869195]]]}},{"type":"Feature","id":"DESNATPU1000B0Kn","properties":{"id":"DESNATPU1000B0Kn","height_m":2.463,"ground_m":191.423,"height_source":"LoD1 solid top minus bottom","production":"2023","laser":"2019","footprints":"2020"},"geometry":{"type":"Polygon","coordinates":[[[13.799526364866201,51.13885770697673],[13.799566845694162,51.13890074792592],[13.799650705103014,51.138869594674],[13.799610367130771,51.13882655522014],[13.799526364866201,51.13885770697673]]]}},{"type":"Feature","id":"DESNATPU1000HtDm","properties":{"id":"DESNATPU1000HtDm","height_m":7.082,"ground_m":229.274,"height_source":"LoD1 solid top minus bottom","production":"2023","laser":"2019","footprints":"2020"},"geometry":{"type":"Polygon","coordinates":[[[13.825514951195702,51.12592427618604],[13.82549542226979,51.12591670602041],[13.825474209255601,51.125919190765366],[13.82546203871451,51.12593138852641],[13.825462986347441,51.125933466366824],[13.825425417844054,51.125938484633366],[13.825436589576032,51.125971860863345],[13.825450391277753,51.12601310514692],[13.82549627817892,51.12600691144414],[13.82549561628145,51.12600483647395],[13.825521428512097,51.12600131879427],[13.825522090410676,51.12600339376429],[13.825575717311471,51.12599628857174],[13.825561788972708,51.12595496209699],[13.825550598534772,51.12592175655272],[13.82551561081262,51.12592644106025],[13.825514951195702,51.12592427618604]]]}},{"type":"Feature","id":"DESNATP1Yr00008J","properties":{"id":"DESNATP1Yr00008J","height_m":2.301,"ground_m":221.067,"height_source":"LoD1 solid top minus bottom","production":"2023","laser":"2019","footprints":"2020"},"geometry":{"type":"Polygon","coordinates":[[[13.827155523443064,51.128218683675264],[13.827107476784226,51.128084956933876],[13.82703094313779,51.12809584380912],[13.827078975298226,51.12822957043703],[13.827155523443064,51.128218683675264]]]}},{"type":"Feature","id":"DESNATPU1000GoK2","properties":{"id":"DESNATPU1000GoK2","height_m":2.486,"ground_m":220.272,"height_source":"LoD1 solid top minus bottom","production":"2023","laser":"2019","footprints":"2020"},"geometry":{"type":"Polygon","coordinates":[[[13.826095528188082,51.128345491905804],[13.826090521015283,51.12828820310019],[13.826005574170564,51.12829156788385],[13.826010863645676,51.12834842787796],[13.826095528188082,51.128345491905804]]]}},{"type":"Feature","id":"UUID_40643ca1-3011-4fb4-a7c1-5df6013c2ccc","properties":{"id":"UUID_40643ca1-3011-4fb4-a7c1-5df6013c2ccc","height_m":5.182,"ground_m":222.103,"height_source":"LoD1 solid top minus bottom","production":"2023","laser":"2019","footprints":"2020"},"geometry":{"type":"Polygon","coordinates":[[[13.824189634008818,51.127549518002134],[13.824160984691146,51.12754878928466],[13.824157525773503,51.12760227008018],[13.824186174895877,51.127603007789105],[13.824189634008818,51.127549518002134]]]}},{"type":"Feature","id":"UUID_d0ed289e-75e6-421a-84ad-3c4ec946f703","properties":{"id":"UUID_d0ed289e-75e6-421a-84ad-3c4ec946f703","height_m":7.37,"ground_m":222.103,"height_source":"LoD1 solid top minus bottom","production":"2023","laser":"2019","footprints":"2020"},"geometry":{"type":"Polygon","coordinates":[[[13.824157525773503,51.12760227008018],[13.824162982902564,51.1275179374274],[13.824029605578332,51.127514527877686],[13.824024148206945,51.12759886052271],[13.824157525773503,51.12760227008018]]]}},{"type":"Feature","id":"DESNATPU1000Eiaj","properties":{"id":"DESNATPU1000Eiaj","height_m":2.313,"ground_m":216.505,"height_source":"LoD1 solid top minus bottom","production":"2023","laser":"2019","footprints":"2020"},"geometry":{"type":"Polygon","coordinates":[[[13.819466424302902,51.12843762130505],[13.819465939148634,51.128428623702185],[13.819422756099016,51.128429536648525],[13.819426016124034,51.12849224871501],[13.81946962786182,51.12849134009503],[13.819468692690997,51.12847757181554],[13.819466424302902,51.12843762130505]]]}},{"type":"Feature","id":"DESNATPU1000CvYO","properties":{"id":"DESNATPU1000CvYO","height_m":3.626,"ground_m":222.696,"height_source":"LoD1 solid top minus bottom","production":"2023","laser":"2019","footprints":"2020"},"geometry":{"type":"Polygon","coordinates":[[[13.822463069353642,51.12730085212693],[13.82257461662918,51.12730341417405],[13.822577845664508,51.12724949045921],[13.82246601277284,51.12724692553858],[13.822463069353642,51.12730085212693]]]}},{"type":"Feature","id":"DESNATPU1000I2N5","properties":{"id":"DESNATPU1000I2N5","height_m":8.785,"ground_m":215.72,"height_source":"LoD1 solid top minus bottom","production":"2023","laser":"2019","footprints":"2020"},"geometry":{"type":"Polygon","coordinates":[[[13.820157245364927,51.12865718092725],[13.82013910455351,51.128656818040085],[13.820106251982267,51.12865612685623],[13.82007339712104,51.12865552556708],[13.8200406874291,51.12865483580649],[13.820007694275338,51.128654053249356],[13.819976413356653,51.1286533778882],[13.819966343428794,51.12884661941237],[13.820147224301229,51.12884853448941],[13.820157245364927,51.12865718092725]]]}},{"type":"Feature","id":"DESNATPU1000BwH3","properties":{"id":"DESNATPU1000BwH3","height_m":8.101,"ground_m":214.932,"height_source":"LoD1 solid top minus bottom","production":"2023","laser":"2019","footprints":"2020"},"geometry":{"type":"Polygon","coordinates":[[[13.820131732143839,51.12925457860347],[13.820203291593158,51.12925619986314],[13.820209614936797,51.12914826129191],[13.820138057944993,51.12914655013327],[13.820131732143839,51.12925457860347]]]}},{"type":"Feature","id":"DESNATPU1000GpsU","properties":{"id":"DESNATPU1000GpsU","height_m":3.444,"ground_m":218.807,"height_source":"LoD1 solid top minus bottom","production":"2023","laser":"2019","footprints":"2020"},"geometry":{"type":"Polygon","coordinates":[[[13.822325575888884,51.128088046725026],[13.822414968597577,51.128091932541885],[13.822421146620735,51.1280355745337],[13.82233176830771,51.12803168886613],[13.822325575888884,51.128088046725026]]]}},{"type":"Feature","id":"DESNATPU1000HVyH","properties":{"id":"DESNATPU1000HVyH","height_m":8.084,"ground_m":215.064,"height_source":"LoD1 solid top minus bottom","production":"2023","laser":"2019","footprints":"2020"},"geometry":{"type":"Polygon","coordinates":[[[13.821127154665287,51.12907999766148],[13.821127272955728,51.129107345663556],[13.821127495935087,51.129162014552094],[13.821197621921108,51.12916380060664],[13.821201238172158,51.129109332288735],[13.82120481393541,51.12905533118268],[13.821129694237008,51.12905322500849],[13.821127154665287,51.12907999766148]]]}},{"type":"Feature","id":"UUID_d8829dc7-d9d7-455f-8298-3309eb63eacc","properties":{"id":"UUID_d8829dc7-d9d7-455f-8298-3309eb63eacc","height_m":4.125,"ground_m":219.27,"height_source":"LoD1 solid top minus bottom","production":"2023","laser":"2019","footprints":"2020"},"geometry":{"type":"Polygon","coordinates":[[[13.822801412672494,51.12805894440748],[13.82288583959927,51.12806421870664],[13.822887764247975,51.128052034982225],[13.822803337571724,51.12804675169417],[13.822801412672494,51.12805894440748]]]}},{"type":"Feature","id":"UUID_92aad10f-0853-4530-a386-d515b526fd8a","properties":{"id":"UUID_92aad10f-0853-4530-a386-d515b526fd8a","height_m":7.421,"ground_m":219.27,"height_source":"LoD1 solid top minus bottom","production":"2023","laser":"2019","footprints":"2020"},"geometry":{"type":"Polygon","coordinates":[[[13.822927758625749,51.12796965973252],[13.822816578439626,51.127962713284454],[13.822803337571724,51.12804675169417],[13.822887764247975,51.128052034982225],[13.822914503441146,51.12805370700263],[13.822927758625749,51.12796965973252]]]}},{"type":"Feature","id":"DESNATPU1000DvIY","properties":{"id":"DESNATPU1000DvIY","height_m":7.536,"ground_m":224.868,"height_source":"LoD1 solid top minus bottom","production":"2023","laser":"2019","footprints":"2020"},"geometry":{"type":"Polygon","coordinates":[[[13.821852052560988,51.126567025910816],[13.8218318612385,51.12661976253925],[13.821831407462854,51.12662074716497],[13.82190819994341,51.12663277971771],[13.821958887133462,51.12664072733167],[13.821958576231287,51.12664171339722],[13.821966316162472,51.12664305934247],[13.821983332857478,51.12664600951662],[13.8220040157274,51.126593044004245],[13.822000115704496,51.12659242918271],[13.82200056947628,51.12659144455629],[13.821928573943579,51.12658016182205],[13.821873089922262,51.12657146443565],[13.82187340082576,51.12657047837033],[13.821852052560988,51.126567025910816]]]}},{"type":"Feature","id":"DESNATPU1000DH13","properties":{"id":"DESNATPU1000DH13","height_m":5.849,"ground_m":218.704,"height_source":"LoD1 solid top minus bottom","production":"2023","laser":"2019","footprints":"2020"},"geometry":{"type":"Polygon","coordinates":[[[13.818900293318677,51.128081099152965],[13.818800129257468,51.12808602260946],[13.818804982576752,51.12812545968561],[13.818905291891635,51.128120447764736],[13.818900293318677,51.128081099152965]]]}},{"type":"Feature","id":"DESNATPU1000JTOX","properties":{"id":"DESNATPU1000JTOX","height_m":8.195,"ground_m":227.523,"height_source":"LoD1 solid top minus bottom","production":"2023","laser":"2019","footprints":"2020"},"geometry":{"type":"Polygon","coordinates":[[[13.823615319264848,51.12592729413951],[13.823594918728526,51.12585448179764],[13.823478895474478,51.12586736111714],[13.823499295833358,51.12594017347794],[13.823615319264848,51.12592729413951]]]}},{"type":"Feature","id":"DESNATPU1000Dd66","properties":{"id":"DESNATPU1000Dd66","height_m":2.519,"ground_m":187.364,"height_source":"LoD1 solid top minus bottom","production":"2023","laser":"2019","footprints":"2020"},"geometry":{"type":"Polygon","coordinates":[[[13.809728284779883,51.13758655322076],[13.809688659217764,51.137526051702395],[13.80962073627659,51.13754261732719],[13.809660361763356,51.137603118867894],[13.809728284779883,51.13758655322076]]]}},{"type":"Feature","id":"DESNATPU1000GVHF","properties":{"id":"DESNATPU1000GVHF","height_m":2.298,"ground_m":214.862,"height_source":"LoD1 solid top minus bottom","production":"2023","laser":"2019","footprints":"2020"},"geometry":{"type":"Polygon","coordinates":[[[13.819497092161523,51.12928630263668],[13.819539942115215,51.12928727476545],[13.819542884518148,51.12923352809974],[13.81950046325067,51.12923256029947],[13.819497092161523,51.12928630263668]]]}},{"type":"Feature","id":"DESNATPU1000GEgH","properties":{"id":"DESNATPU1000GEgH","height_m":3.078,"ground_m":222.417,"height_source":"LoD1 solid top minus bottom","production":"2023","laser":"2019","footprints":"2020"},"geometry":{"type":"Polygon","coordinates":[[[13.818553893021903,51.12736906453323],[13.818580336723205,51.127296041135025],[13.818502025071076,51.12728472845125],[13.818475433792077,51.12735793019532],[13.818553893021903,51.12736906453323]]]}},{"type":"Feature","id":"DESNATP1Yr00007E","properties":{"id":"DESNATP1Yr00007E","height_m":20.974,"ground_m":186.392,"height_source":"LoD1 solid top minus bottom","production":"2023","laser":"2019","footprints":"2020"},"geometry":{"type":"Polygon","coordinates":[[[13.805408815798279,51.13907706913758],[13.805444194296085,51.139094264850165],[13.805456342544606,51.13908438006435],[13.80546131189991,51.13908679590318],[13.805496746276658,51.13905751790266],[13.805404971226027,51.13901335256419],[13.805369858650126,51.139042346058076],[13.805420964049718,51.13906718435542],[13.805408815798279,51.13907706913758]]]}},{"type":"Feature","id":"DESNATPU1000IUWW","properties":{"id":"DESNATPU1000IUWW","height_m":2.466,"ground_m":187.121,"height_source":"LoD1 solid top minus bottom","production":"2023","laser":"2019","footprints":"2020"},"geometry":{"type":"Polygon","coordinates":[[[13.804094297940743,51.138831397682814],[13.804115370880409,51.13888440032492],[13.80422474282434,51.13886708366683],[13.804203814997047,51.138813992601484],[13.804094297940743,51.138831397682814]]]}},{"type":"Feature","id":"DESNATPU1000B2Co","properties":{"id":"DESNATPU1000B2Co","height_m":7.996,"ground_m":223.656,"height_source":"LoD1 solid top minus bottom","production":"2023","laser":"2019","footprints":"2020"},"geometry":{"type":"Polygon","coordinates":[[[13.822160529242185,51.1267980535846],[13.822238951117145,51.12681739541466],[13.822240370685556,51.12681776942053],[13.822290250293849,51.12673836260688],[13.822291669860272,51.12673873661212],[13.822299561940019,51.12672623530091],[13.822218216941152,51.12670608170364],[13.822160529242185,51.1267980535846]]]}},{"type":"Feature","id":"DESNATPU1000EIsN","properties":{"id":"DESNATPU1000EIsN","height_m":2.797,"ground_m":224.525,"height_source":"LoD1 solid top minus bottom","production":"2023","laser":"2019","footprints":"2020"},"geometry":{"type":"Polygon","coordinates":[[[13.828027445616328,51.12707368004393],[13.82804735264333,51.127117727967295],[13.828135655988358,51.127101922467915],[13.82814466728119,51.12712249814612],[13.828233233871014,51.12710701894843],[13.828204582995308,51.127041984399945],[13.828116337391705,51.12705777254431],[13.828027445616328,51.12707368004393]]]}},{"type":"Feature","id":"DESNATPU1000F9oR","properties":{"id":"DESNATPU1000F9oR","height_m":5.572,"ground_m":229.976,"height_source":"LoD1 solid top minus bottom","production":"2023","laser":"2019","footprints":"2020"},"geometry":{"type":"Polygon","coordinates":[[[13.826674759061218,51.12429484066173],[13.826635533670567,51.124435803412574],[13.82680073755752,51.124451741436246],[13.826838089449563,51.12431194687307],[13.826674759061218,51.12429484066173]]]}},{"type":"Feature","id":"DESNATPU1000F7QX","properties":{"id":"DESNATPU1000F7QX","height_m":8.044,"ground_m":215.534,"height_source":"LoD1 solid top minus bottom","production":"2023","laser":"2019","footprints":"2020"},"geometry":{"type":"Polygon","coordinates":[[[13.820931071312021,51.128878112955015],[13.821002344460107,51.12887973084091],[13.821009675175436,51.1287714426749],[13.820938261605603,51.128769733449985],[13.820931071312021,51.128878112955015]]]}},{"type":"Feature","id":"DESNATPU1000IUeK","properties":{"id":"DESNATPU1000IUeK","height_m":6.261,"ground_m":221.158,"height_source":"LoD1 solid top minus bottom","production":"2023","laser":"2019","footprints":"2020"},"geometry":{"type":"Polygon","coordinates":[[[13.816883281002138,51.127547855209905],[13.816784857229537,51.127546229867505],[13.816782616827437,51.127595873925216],[13.816782131321828,51.12760816204463],[13.816880410054965,51.12760987584845],[13.816883281002138,51.127547855209905]]]}},{"type":"Feature","id":"UUID_982c2aec-523f-4b37-ad26-8f4feb480e4d","properties":{"id":"UUID_982c2aec-523f-4b37-ad26-8f4feb480e4d","height_m":3.742,"ground_m":222.019,"height_source":"LoD1 solid top minus bottom","production":"2023","laser":"2019","footprints":"2020"},"geometry":{"type":"Polygon","coordinates":[[[13.828130204327975,51.1278571467676],[13.828093041040255,51.12786360878703],[13.828112779006942,51.12790814060364],[13.828149796494676,51.12790179402188],[13.828130204327975,51.1278571467676]]]}},{"type":"Feature","id":"UUID_913e4d1c-eeff-443b-b90e-8ca30ce6bb62","properties":{"id":"UUID_913e4d1c-eeff-443b-b90e-8ca30ce6bb62","height_m":6.041,"ground_m":222.019,"height_source":"LoD1 solid top minus bottom","production":"2023","laser":"2019","footprints":"2020"},"geometry":{"type":"Polygon","coordinates":[[[13.828241099721426,51.127818330449905],[13.82812224634758,51.12783899169056],[13.828130204327975,51.1278571467676],[13.828149796494676,51.12790179402188],[13.82814995434,51.127901768625584],[13.828157105783495,51.127918476786085],[13.828272800166932,51.12789841334514],[13.828241099721426,51.127818330449905]]]}},{"type":"Feature","id":"DESNATPU1000GBQ2","properties":{"id":"DESNATPU1000GBQ2","height_m":6.422,"ground_m":219.574,"height_source":"LoD1 solid top minus bottom","production":"2023","laser":"2019","footprints":"2020"},"geometry":{"type":"Polygon","coordinates":[[[13.824167352085945,51.1280853489632],[13.824166719300186,51.12809901150792],[13.824145538383618,51.12809850176754],[13.82412172946997,51.12809792962636],[13.824122436648281,51.1280869656406],[13.824085731329877,51.12808605697781],[13.82408630259565,51.128153597917006],[13.824108736373667,51.12815373358028],[13.824145315309323,51.12815399349026],[13.8242013267201,51.12815439482666],[13.824202485774652,51.12808624179773],[13.824167352085945,51.1280853489632]]]}},{"type":"Feature","id":"DESNATPU1000DRnI","properties":{"id":"DESNATPU1000DRnI","height_m":2.249,"ground_m":226.539,"height_source":"LoD1 solid top minus bottom","production":"2023","laser":"2019","footprints":"2020"},"geometry":{"type":"Polygon","coordinates":[[[13.819976247658401,51.126176829895165],[13.819923227186289,51.12617467615344],[13.81991710473435,51.12623435292677],[13.820026015208683,51.1262387792742],[13.820029000089297,51.12620969100579],[13.81997311018995,51.12620741840494],[13.819976247658401,51.126176829895165]]]}},{"type":"Feature","id":"DESNATPU1000FVZJ","properties":{"id":"DESNATPU1000FVZJ","height_m":6.09,"ground_m":226.587,"height_source":"LoD1 solid top minus bottom","production":"2023","laser":"2019","footprints":"2020"},"geometry":{"type":"Polygon","coordinates":[[[13.819886764828555,51.1262186871951],[13.819890453520486,51.126116567257355],[13.819743328285439,51.1261144618833],[13.819739624982395,51.126216581670114],[13.819886764828555,51.1262186871951]]]}},{"type":"Feature","id":"DESNATPU1000JGwC","properties":{"id":"DESNATPU1000JGwC","height_m":6.756,"ground_m":221.257,"height_source":"LoD1 solid top minus bottom","production":"2023","laser":"2019","footprints":"2020"},"geometry":{"type":"Polygon","coordinates":[[[13.827539458926001,51.12813962109748],[13.827522092394592,51.12808893497659],[13.827490634901524,51.12799704689692],[13.827344556300327,51.128018261692006],[13.827387427480339,51.12813516505168],[13.827457225228969,51.12812502873762],[13.8274656486358,51.128149627299855],[13.827539458926001,51.12813962109748]]]}},{"type":"Feature","id":"DESNATP1Yr00008V","properties":{"id":"DESNATP1Yr00008V","height_m":5.435,"ground_m":226.31,"height_source":"LoD1 solid top minus bottom","production":"2023","laser":"2019","footprints":"2020"},"geometry":{"type":"Polygon","coordinates":[[[13.825828865889438,51.12687917148187],[13.825825512469848,51.12683501960866],[13.825733966992898,51.126837778366266],[13.825737320553303,51.12688192125109],[13.825828865889438,51.12687917148187]]]}},{"type":"Feature","id":"DESNATPU1000Ggci","properties":{"id":"DESNATPU1000Ggci","height_m":7.311,"ground_m":220.704,"height_source":"LoD1 solid top minus bottom","production":"2023","laser":"2019","footprints":"2020"},"geometry":{"type":"Polygon","coordinates":[[[13.82255454152683,51.12764889159239],[13.822561156261319,51.12755174706457],[13.822430200414695,51.127548090290944],[13.822423437959172,51.12764541317889],[13.82255454152683,51.12764889159239]]]}},{"type":"Feature","id":"DESNATP1Yr00008W","properties":{"id":"DESNATP1Yr00008W","height_m":2.756,"ground_m":219.318,"height_source":"LoD1 solid top minus bottom","production":"2023","laser":"2019","footprints":"2020"},"geometry":{"type":"Polygon","coordinates":[[[13.820564057586546,51.127852346013576],[13.82057516247314,51.12768400666296],[13.820500327117857,51.127682046827175],[13.820489236018325,51.12785039530346],[13.820564057586546,51.127852346013576]]]}},{"type":"Feature","id":"DESNATPU1000He3P","properties":{"id":"DESNATPU1000He3P","height_m":6.331,"ground_m":226.46,"height_source":"LoD1 solid top minus bottom","production":"2023","laser":"2019","footprints":"2020"},"geometry":{"type":"Polygon","coordinates":[[[13.819659897038168,51.12621379853224],[13.819663149148639,51.126113688559656],[13.819516575627032,51.12611180429415],[13.81951332319993,51.12621191426059],[13.819659897038168,51.12621379853224]]]}},{"type":"Feature","id":"UUID_b1414c4b-1767-42d0-b809-25950995eb8e","properties":{"id":"UUID_b1414c4b-1767-42d0-b809-25950995eb8e","height_m":3.088,"ground_m":223.382,"height_source":"LoD1 solid top minus bottom","production":"2023","laser":"2019","footprints":"2020"},"geometry":{"type":"Polygon","coordinates":[[[13.820935645333872,51.12695256018962],[13.82089026839787,51.12695269616505],[13.82089006031827,51.12699004976855],[13.82093469138033,51.126990023177626],[13.820935645333872,51.12695256018962]]]}},{"type":"Feature","id":"UUID_a851f1b7-47de-4f5c-9e1e-ff5b8d46f63e","properties":{"id":"UUID_a851f1b7-47de-4f5c-9e1e-ff5b8d46f63e","height_m":3.385,"ground_m":223.382,"height_source":"LoD1 solid top minus bottom","production":"2023","laser":"2019","footprints":"2020"},"geometry":{"type":"Polygon","coordinates":[[[13.820890521649524,51.126905711828336],[13.820781793780192,51.1269063959912],[13.820780076488328,51.12699010076946],[13.82089006031827,51.12699004976855],[13.820890521649524,51.126905711828336]]]}},{"type":"Feature","id":"DESNATPU1000DBr1","properties":{"id":"DESNATPU1000DBr1","height_m":8.088,"ground_m":215.056,"height_source":"LoD1 solid top minus bottom","production":"2023","laser":"2019","footprints":"2020"},"geometry":{"type":"Polygon","coordinates":[[[13.82083504062923,51.12918082823893],[13.820910303396804,51.12918293604428],[13.820917774976014,51.129074739235875],[13.820841936290782,51.12907280548143],[13.82083504062923,51.12918082823893]]]}},{"type":"Feature","id":"DESNATPU1000FxTy","properties":{"id":"DESNATPU1000FxTy","height_m":6.439,"ground_m":224.186,"height_source":"LoD1 solid top minus bottom","production":"2023","laser":"2019","footprints":"2020"},"geometry":{"type":"Polygon","coordinates":[[[13.820628554616803,51.12675035588271],[13.820469629113854,51.126750821235866],[13.82047030574521,51.126847679512885],[13.820629376742078,51.126847125697964],[13.820628554616803,51.12675035588271]]]}},{"type":"Feature","id":"UUID_7f229712-6330-44b7-9780-208f62438297","properties":{"id":"UUID_7f229712-6330-44b7-9780-208f62438297","height_m":5.852,"ground_m":225.195,"height_source":"LoD1 solid top minus bottom","production":"2023","laser":"2019","footprints":"2020"},"geometry":{"type":"Polygon","coordinates":[[[13.819250654273931,51.12665548944175],[13.819249503154749,51.12670567511322],[13.819316937528216,51.12670582543686],[13.819317190854187,51.12665609832091],[13.819250654273931,51.12665548944175]]]}},{"type":"Feature","id":"UUID_f1a6598b-b8cb-4af6-a509-7105d435ec15","properties":{"id":"UUID_f1a6598b-b8cb-4af6-a509-7105d435ec15","height_m":3.227,"ground_m":225.195,"height_source":"LoD1 solid top minus bottom","production":"2023","laser":"2019","footprints":"2020"},"geometry":{"type":"Polygon","coordinates":[[[13.819378140955319,51.12665665975216],[13.819380017907227,51.126576319865734],[13.819252517389117,51.12657514042416],[13.819250654273931,51.12665548944175],[13.819378140955319,51.12665665975216]]]}},{"type":"Feature","id":"UUID_b39790bc-e20b-4e7b-8993-378d9cc59f83","properties":{"id":"UUID_b39790bc-e20b-4e7b-8993-378d9cc59f83","height_m":4.237,"ground_m":225.195,"height_source":"LoD1 solid top minus bottom","production":"2023","laser":"2019","footprints":"2020"},"geometry":{"type":"Polygon","coordinates":[[[13.819190185691738,51.12670553477325],[13.819249503154749,51.12670567511322],[13.819251269988458,51.12662910206141],[13.819190853206106,51.12662892364301],[13.819190185691738,51.12670553477325]]]}},{"type":"Feature","id":"DESNATPU1000BwMC","properties":{"id":"DESNATPU1000BwMC","height_m":6.102,"ground_m":221.146,"height_source":"LoD1 solid top minus bottom","production":"2023","laser":"2019","footprints":"2020"},"geometry":{"type":"Polygon","coordinates":[[[13.827881669610433,51.12816868092883],[13.827863296791804,51.1281266807144],[13.82783709696419,51.12806643678647],[13.827746956773352,51.12808189991377],[13.827773442243597,51.12814214672551],[13.82779166983425,51.128184235425415],[13.827881669610433,51.12816868092883]]]}},{"type":"Feature","id":"DESNATPU1000Hgqq","properties":{"id":"DESNATPU1000Hgqq","height_m":6.997,"ground_m":215.923,"height_source":"LoD1 solid top minus bottom","production":"2023","laser":"2019","footprints":"2020"},"geometry":{"type":"Polygon","coordinates":[[[13.8224420133605,51.12886323024236],[13.822438444317244,51.12891702461836],[13.822507981909556,51.12891889389006],[13.8225064105987,51.12894583818918],[13.822507910133092,51.12894588026666],[13.82251327923726,51.12886513490032],[13.822516928660812,51.12881042407563],[13.82244564812297,51.128808537257335],[13.8224420133605,51.12886323024236]]]}},{"type":"Feature","id":"DESNATPU1000DYgu","properties":{"id":"DESNATPU1000DYgu","height_m":2.303,"ground_m":216.22,"height_source":"LoD1 solid top minus bottom","production":"2023","laser":"2019","footprints":"2020"},"geometry":{"type":"Polygon","coordinates":[[[13.820060888372952,51.1284061215823],[13.820012167543572,51.128405629962316],[13.820010511642241,51.12845938962686],[13.820059373113526,51.12845997259351],[13.820060888372952,51.1284061215823]]]}},{"type":"Feature","id":"DESNATPU1000BJZj","properties":{"id":"DESNATPU1000BJZj","height_m":8.059,"ground_m":215.446,"height_source":"LoD1 solid top minus bottom","production":"2023","laser":"2019","footprints":"2020"},"geometry":{"type":"Polygon","coordinates":[[[13.81970069726812,51.12887900999071],[13.819702414706104,51.12883406380425],[13.819530696425273,51.128831521117704],[13.819528833650816,51.12887655576215],[13.81970069726812,51.12887900999071]]]}},{"type":"Feature","id":"DESNATPU1000EvkD","properties":{"id":"DESNATPU1000EvkD","height_m":3.05,"ground_m":219.993,"height_source":"LoD1 solid top minus bottom","production":"2023","laser":"2019","footprints":"2020"},"geometry":{"type":"Polygon","coordinates":[[[13.821619764170016,51.12759828892837],[13.821607451803164,51.1277002320538],[13.821660834145288,51.127702838306476],[13.821663563219609,51.12766860360186],[13.821667644505986,51.12763177463844],[13.821670994134779,51.127601233195364],[13.821619764170016,51.12759828892837]]]}},{"type":"Feature","id":"UUID_d0c0b9e3-6c99-4345-8beb-ede3d425258a","properties":{"id":"UUID_d0c0b9e3-6c99-4345-8beb-ede3d425258a","height_m":2.701,"ground_m":225.317,"height_source":"LoD1 solid top minus bottom","production":"2023","laser":"2019","footprints":"2020"},"geometry":{"type":"Polygon","coordinates":[[[13.827892790112232,51.12686393354505],[13.827931446776338,51.12683288252764],[13.82789500262688,51.12681491852002],[13.82785698779015,51.12684545438235],[13.827892790112232,51.12686393354505]]]}},{"type":"Feature","id":"UUID_1506b8f2-b4b2-4bac-803a-8d012d43ad0a","properties":{"id":"UUID_1506b8f2-b4b2-4bac-803a-8d012d43ad0a","height_m":2.347,"ground_m":225.317,"height_source":"LoD1 solid top minus bottom","production":"2023","laser":"2019","footprints":"2020"},"geometry":{"type":"Polygon","coordinates":[[[13.827892790112232,51.12686393354505],[13.82785698779015,51.12684545438235],[13.827833302973017,51.12683322969733],[13.82779606047574,51.12681406162677],[13.827745196739723,51.1268531196302],[13.827782577566818,51.126872468957494],[13.827843236449844,51.126903742123694],[13.827892790112232,51.12686393354505]]]}},{"type":"Feature","id":"UUID_7ebc4812-cdd8-4c93-b6c8-a5db724cd62b","properties":{"id":"UUID_7ebc4812-cdd8-4c93-b6c8-a5db724cd62b","height_m":6.43,"ground_m":227.594,"height_source":"LoD1 solid top minus bottom","production":"2023","laser":"2019","footprints":"2020"},"geometry":{"type":"Polygon","coordinates":[[[13.823355443020068,51.12594202639203],[13.823330722898488,51.12586263284013],[13.82321841197718,51.125876196731845],[13.82324328221426,51.125955861599806],[13.823355443020068,51.12594202639203]]]}},{"type":"Feature","id":"UUID_38dbb0eb-6e41-47bf-b278-b95ec7c57e47","properties":{"id":"UUID_38dbb0eb-6e41-47bf-b278-b95ec7c57e47","height_m":3.992,"ground_m":227.594,"height_source":"LoD1 solid top minus bottom","production":"2023","laser":"2019","footprints":"2020"},"geometry":{"type":"Polygon","coordinates":[[[13.82320140387237,51.125915089884955],[13.823229565100362,51.12591192908043],[13.82321841197718,51.125876196731845],[13.823190359353106,51.12587958344426],[13.82320140387237,51.125915089884955]]]}},{"type":"Feature","id":"DESNATPU1000IfoU","properties":{"id":"DESNATPU1000IfoU","height_m":6.704,"ground_m":225.268,"height_source":"LoD1 solid top minus bottom","production":"2023","laser":"2019","footprints":"2020"},"geometry":{"type":"Polygon","coordinates":[[[13.821946471243631,51.126360326576226],[13.821925846675239,51.12635707926007],[13.821902672425987,51.12641528938657],[13.821955379444384,51.12642359907523],[13.821963370335594,51.126432492429686],[13.8219900295424,51.12643670879545],[13.821984121466288,51.126451550191646],[13.822066931741665,51.12646464145504],[13.822078378422011,51.126435998086336],[13.822058622803706,51.1264328584667],[13.822078722423372,51.12638315141694],[13.82207317129784,51.126382277162726],[13.822073622778893,51.126381382439995],[13.821946160343169,51.1263613126418],[13.821946471243631,51.126360326576226]]]}},{"type":"Feature","id":"DESNATP11N0000vh","properties":{"id":"DESNATP11N0000vh","height_m":2.895,"ground_m":225.832,"height_source":"LoD1 solid top minus bottom","production":"2023","laser":"2019","footprints":"2020"},"geometry":{"type":"Polygon","coordinates":[[[13.825531366114184,51.126990463143294],[13.825528484188638,51.126925479903846],[13.825429780494753,51.12692591835301],[13.825431551607588,51.126990180014275],[13.825531366114184,51.126990463143294]]]}},{"type":"Feature","id":"DESNATPU1000I7hG","properties":{"id":"DESNATPU1000I7hG","height_m":2.559,"ground_m":186.513,"height_source":"LoD1 solid top minus bottom","production":"2023","laser":"2019","footprints":"2020"},"geometry":{"type":"Polygon","coordinates":[[[13.810229288477236,51.13836754128471],[13.810151753378126,51.13838653637594],[13.810165205861452,51.1384081657901],[13.8101354161671,51.13841595612683],[13.810160703334393,51.1384554215646],[13.810263113943424,51.138430744357855],[13.810229288477236,51.13836754128471]]]}},{"type":"Feature","id":"UUID_d67cb3ac-f91d-40e3-802b-8a76ca4b3096","properties":{"id":"UUID_d67cb3ac-f91d-40e3-802b-8a76ca4b3096","height_m":5.438,"ground_m":225.938,"height_source":"LoD1 solid top minus bottom","production":"2023","laser":"2019","footprints":"2020"},"geometry":{"type":"Polygon","coordinates":[[[13.825737320553303,51.12688192125109],[13.82568720715854,51.126883432371955],[13.825695194245004,51.126986047380285],[13.82583667006329,51.12698168572312],[13.825833485267239,51.126939900624976],[13.825828865889438,51.12687917148187],[13.825737320553303,51.12688192125109]]]}},{"type":"Feature","id":"UUID_5a0549a8-1217-41b1-840c-4df422fe42e0","properties":{"id":"UUID_5a0549a8-1217-41b1-840c-4df422fe42e0","height_m":3.399,"ground_m":225.938,"height_source":"LoD1 solid top minus bottom","production":"2023","laser":"2019","footprints":"2020"},"geometry":{"type":"Polygon","coordinates":[[[13.825919068615613,51.12693726178118],[13.825833485267239,51.126939900624976],[13.82583667006329,51.12698168572312],[13.825922310865652,51.126979038460895],[13.825919068615613,51.12693726178118]]]}},{"type":"Feature","id":"UUID_84e19807-e9e8-4d64-ac46-73e31cc2eb85","properties":{"id":"UUID_84e19807-e9e8-4d64-ac46-73e31cc2eb85","height_m":4.574,"ground_m":218.865,"height_source":"LoD1 solid top minus bottom","production":"2023","laser":"2019","footprints":"2020"},"geometry":{"type":"Polygon","coordinates":[[[13.823483540797916,51.128151941457936],[13.823487900628816,51.12810971961965],[13.823427607128377,51.12810911298817],[13.823427631239541,51.12810872654454],[13.823340909063552,51.12810716151338],[13.823364598993901,51.12810847901069],[13.823360837969943,51.12814962774572],[13.823483540797916,51.128151941457936]]]}},{"type":"Feature","id":"UUID_260012cf-21ab-4f12-8cad-edf269658795","properties":{"id":"UUID_260012cf-21ab-4f12-8cad-edf269658795","height_m":4.823,"ground_m":218.865,"height_source":"LoD1 solid top minus bottom","production":"2023","laser":"2019","footprints":"2020"},"geometry":{"type":"Polygon","coordinates":[[[13.823348080467323,51.12806509386826],[13.823340909063552,51.12810716151338],[13.823427631239541,51.12810872654454],[13.823430331408082,51.12806939265213],[13.823394079878005,51.12806749914059],[13.823348080467323,51.12806509386826]]]}},{"type":"Feature","id":"UUID_1f928075-0943-431f-a260-ac32c982c05d","properties":{"id":"UUID_1f928075-0943-431f-a260-ac32c982c05d","height_m":6.523,"ground_m":218.865,"height_source":"LoD1 solid top minus bottom","production":"2023","laser":"2019","footprints":"2020"},"geometry":{"type":"Polygon","coordinates":[[[13.823396035323736,51.12805241107512],[13.823350312907019,51.12805204094155],[13.823348080467323,51.12806509386826],[13.823394079878005,51.12806749914059],[13.823396035323736,51.12805241107512]]]}},{"type":"Feature","id":"DESNATPU1000BJ06","properties":{"id":"DESNATPU1000BJ06","height_m":8.094,"ground_m":215.728,"height_source":"LoD1 solid top minus bottom","production":"2023","laser":"2019","footprints":"2020"},"geometry":{"type":"Polygon","coordinates":[[[13.82367261560905,51.12911939000101],[13.823675810526309,51.129072390312764],[13.823503265758596,51.12906858617274],[13.823500642181385,51.1291155916051],[13.82367261560905,51.12911939000101]]]}},{"type":"Feature","id":"DESNATPU1000HzTO","properties":{"id":"DESNATPU1000HzTO","height_m":3.56,"ground_m":187.519,"height_source":"LoD1 solid top minus bottom","production":"2023","laser":"2019","footprints":"2020"},"geometry":{"type":"Polygon","coordinates":[[[13.80393567587282,51.13926655093003],[13.803968928342425,51.13926311407849],[13.803967195981569,51.139258240303555],[13.803998499172945,51.13925223857401],[13.8040312679264,51.13924594607207],[13.804003847664621,51.13918964113338],[13.803970532641559,51.1391960539386],[13.803939918699779,51.139201936812],[13.80390574841137,51.13920770236997],[13.80393567587282,51.13926655093003]]]}},{"type":"Feature","id":"UUID_4f8fe29a-be06-4ea8-af5b-331c6484f345","properties":{"id":"UUID_4f8fe29a-be06-4ea8-af5b-331c6484f345","height_m":2.243,"ground_m":186.814,"height_source":"LoD1 solid top minus bottom","production":"2023","laser":"2019","footprints":"2020"},"geometry":{"type":"Polygon","coordinates":[[[13.810017776636204,51.138026634345024],[13.809999062545002,51.13803174960976],[13.810028177323758,51.13807577735495],[13.810046218577634,51.13807125774996],[13.810017776636204,51.138026634345024]]]}},{"type":"Feature","id":"UUID_d371a319-cf96-43a3-a619-06cf374b6dab","properties":{"id":"UUID_d371a319-cf96-43a3-a619-06cf374b6dab","height_m":2.331,"ground_m":186.814,"height_source":"LoD1 solid top minus bottom","production":"2023","laser":"2019","footprints":"2020"},"geometry":{"type":"Polygon","coordinates":[[[13.809935870246774,51.138098911507356],[13.809965190913063,51.13809156608374],[13.809942562366267,51.138055454952536],[13.809913203891861,51.138063159693594],[13.809935870246774,51.138098911507356]]]}},{"type":"Feature","id":"UUID_08b76dee-791c-4acc-b196-141f1e0856e5","properties":{"id":"UUID_08b76dee-791c-4acc-b196-141f1e0856e5","height_m":2.715,"ground_m":186.814,"height_source":"LoD1 solid top minus bottom","production":"2023","laser":"2019","footprints":"2020"},"geometry":{"type":"Polygon","coordinates":[[[13.809942562366267,51.138055454952536],[13.809965190913063,51.13809156608374],[13.810028177323758,51.13807577735495],[13.809999062545002,51.13803174960976],[13.809981037677932,51.13800449817448],[13.809919769302612,51.138019072361516],[13.809942562366267,51.138055454952536]]]}},{"type":"Feature","id":"DESNATPU1000GfVX","properties":{"id":"DESNATPU1000GfVX","height_m":8.012,"ground_m":214.986,"height_source":"LoD1 solid top minus bottom","production":"2023","laser":"2019","footprints":"2020"},"geometry":{"type":"Polygon","coordinates":[[[13.820203291593158,51.12925619986314],[13.820275708322052,51.129257829727585],[13.820282603011778,51.12914989691703],[13.820209614936797,51.12914826129191],[13.820203291593158,51.12925619986314]]]}},{"type":"Feature","id":"UUID_c2ce0d42-a2c3-4993-8a3b-dd62b3c96331","properties":{"id":"UUID_c2ce0d42-a2c3-4993-8a3b-dd62b3c96331","height_m":4.198,"ground_m":223.663,"height_source":"LoD1 solid top minus bottom","production":"2023","laser":"2019","footprints":"2020"},"geometry":{"type":"Polygon","coordinates":[[[13.827289932099843,51.12751733305995],[13.827240326015362,51.12752361606777],[13.827240378838445,51.12752378745886],[13.82724505265817,51.12753899602649],[13.827294724275347,51.12753294748402],[13.827289932099843,51.12751733305995]]]}},{"type":"Feature","id":"UUID_96511c42-ac6b-4e23-b5ce-7975d68dcaea","properties":{"id":"UUID_96511c42-ac6b-4e23-b5ce-7975d68dcaea","height_m":7.615,"ground_m":223.663,"height_source":"LoD1 solid top minus bottom","production":"2023","laser":"2019","footprints":"2020"},"geometry":{"type":"Polygon","coordinates":[[[13.827323566911563,51.12751306610135],[13.82729853368119,51.12743162895261],[13.827236878081447,51.12743913103196],[13.82717847639907,51.127446243057214],[13.82720368058756,51.127528257479646],[13.827240378838445,51.12752378745886],[13.827240326015362,51.12752361606777],[13.827262003704456,51.12752086587988],[13.827289932099843,51.12751733305995],[13.82728987904888,51.12751717065929],[13.827323566911563,51.12751306610135]]]}},{"type":"Feature","id":"UUID_f4e0408c-ab6e-4c93-925b-0e629a0f5f2c","properties":{"id":"UUID_f4e0408c-ab6e-4c93-925b-0e629a0f5f2c","height_m":4.396,"ground_m":222.545,"height_source":"LoD1 solid top minus bottom","production":"2023","laser":"2019","footprints":"2020"},"geometry":{"type":"Polygon","coordinates":[[[13.825012924529858,51.127612666834644],[13.824989770391802,51.127613333448785],[13.824990327166475,51.12766403989974],[13.82501390827011,51.12766400706471],[13.825012924529858,51.127612666834644]]]}},{"type":"Feature","id":"UUID_02e30465-86db-4fe3-a0b3-df663a69f48b","properties":{"id":"UUID_02e30465-86db-4fe3-a0b3-df663a69f48b","height_m":6.996,"ground_m":222.545,"height_source":"LoD1 solid top minus bottom","production":"2023","laser":"2019","footprints":"2020"},"geometry":{"type":"Polygon","coordinates":[[[13.824898903088766,51.12762590941064],[13.824899031675525,51.12762591070282],[13.824899244206541,51.12766258507931],[13.824899196291556,51.127664473065316],[13.824904342047821,51.12766443484796],[13.824950620944175,51.12766426141209],[13.824990327166475,51.12766403989974],[13.824989770391802,51.127613333448785],[13.824989385255341,51.12757782638937],[13.82489852829244,51.12757817237915],[13.82489860956164,51.12758060122553],[13.824898552412023,51.127580600651235],[13.824898903088766,51.12762590941064]]]}},{"type":"Feature","id":"UUID_35fa1d5c-0bfa-470e-8b57-ebd84d8e8acc","properties":{"id":"UUID_35fa1d5c-0bfa-470e-8b57-ebd84d8e8acc","height_m":4.145,"ground_m":222.545,"height_source":"LoD1 solid top minus bottom","production":"2023","laser":"2019","footprints":"2020"},"geometry":{"type":"Polygon","coordinates":[[[13.824859170377977,51.12762604969132],[13.824898903088766,51.12762590941064],[13.824898552412023,51.127580600651235],[13.8248587483031,51.12758074021415],[13.824859170377977,51.12762604969132]]]}},{"type":"Feature","id":"DESNATPU1000HlJm","properties":{"id":"DESNATPU1000HlJm","height_m":11.236,"ground_m":191.612,"height_source":"LoD1 solid top minus bottom","production":"2023","laser":"2019","footprints":"2020"},"geometry":{"type":"Polygon","coordinates":[[[13.799679217781485,51.139258372095284],[13.799664301933998,51.13924374074928],[13.799716732703201,51.13922287625239],[13.799644259876256,51.13915117997915],[13.79950010284967,51.139208872227876],[13.799587350793477,51.13929510857639],[13.799679217781485,51.139258372095284]]]}},{"type":"Feature","id":"DESNATPU1000HGkw","properties":{"id":"DESNATPU1000HGkw","height_m":2.966,"ground_m":185.501,"height_source":"LoD1 solid top minus bottom","production":"2023","laser":"2019","footprints":"2020"},"geometry":{"type":"Polygon","coordinates":[[[13.810522162289306,51.13944730589567],[13.810521386632796,51.13946636251951],[13.810545339928465,51.13946710074607],[13.810591089736725,51.13946851028548],[13.810593886897287,51.139448664878394],[13.810578883665462,51.13944842236075],[13.810583989527885,51.13940548920885],[13.81059898350425,51.13940609133955],[13.8105999093029,51.13938119099045],[13.81055229851965,51.13937988842425],[13.810521343617454,51.139379043014465],[13.81051673402295,51.13944716075731],[13.810522162289306,51.13944730589567]]]}},{"type":"Feature","id":"DESNATPU1000BTzf","properties":{"id":"DESNATPU1000BTzf","height_m":8.223,"ground_m":216.195,"height_source":"LoD1 solid top minus bottom","production":"2023","laser":"2019","footprints":"2020"},"geometry":{"type":"Polygon","coordinates":[[[13.823690662779834,51.12884781210898],[13.823604862077989,51.12884592381806],[13.823517975969315,51.12884400655875],[13.82351515347673,51.128887592765246],[13.82360195329902,51.12889178431179],[13.823644618194107,51.12889384119243],[13.823687749084733,51.128894994482195],[13.823690662779834,51.12884781210898]]]}},{"type":"Feature","id":"DESNATP1Yr00008q","properties":{"id":"DESNATP1Yr00008q","height_m":3.25,"ground_m":226.009,"height_source":"LoD1 solid top minus bottom","production":"2023","laser":"2019","footprints":"2020"},"geometry":{"type":"Polygon","coordinates":[[[13.818697006174247,51.12647268740913],[13.818845886845786,51.12647716791698],[13.818848856048062,51.126438079627064],[13.818699975501788,51.12643359912379],[13.818697006174247,51.12647268740913]]]}},{"type":"Feature","id":"DESNATPU1000C2o5","properties":{"id":"DESNATPU1000C2o5","height_m":2.52,"ground_m":226.754,"height_source":"LoD1 solid top minus bottom","production":"2023","laser":"2019","footprints":"2020"},"geometry":{"type":"Polygon","coordinates":[[[13.817321173459943,51.12595267971687],[13.8172398697327,51.12595230702077],[13.817238985290574,51.12600931185751],[13.817320289117886,51.12600968455487],[13.817321173459943,51.12595267971687]]]}},{"type":"Feature","id":"DESNATPU1000HkKy","properties":{"id":"DESNATPU1000HkKy","height_m":2.627,"ground_m":219.125,"height_source":"LoD1 solid top minus bottom","production":"2023","laser":"2019","footprints":"2020"},"geometry":{"type":"Polygon","coordinates":[[[13.82578810327291,51.128508554485606],[13.825745399027731,51.128507496180774],[13.825702551907833,51.12850643642557],[13.825659704790151,51.12850537665467],[13.825656740681993,51.1285546268874],[13.825699442687876,51.12855577512898],[13.825742146976237,51.12855683345088],[13.825785139301018,51.12855780472245],[13.825798701225239,51.128558390536924],[13.82582784131379,51.12855895291719],[13.82587068392619,51.128560192435046],[13.82587408099787,51.12851076669095],[13.825830945837392,51.128509794017724],[13.82578810327291,51.128508554485606]]]}},{"type":"Feature","id":"DESNATPU1000JWdr","properties":{"id":"DESNATPU1000JWdr","height_m":7.304,"ground_m":225.594,"height_source":"LoD1 solid top minus bottom","production":"2023","laser":"2019","footprints":"2020"},"geometry":{"type":"Polygon","coordinates":[[[13.826553983340132,51.12683910364589],[13.826516187709048,51.126841781882476],[13.82651115234587,51.126848745659295],[13.826469773515239,51.126851837557545],[13.826472005705373,51.12686525908584],[13.826476725571302,51.126891043567234],[13.826483430308766,51.12692760323972],[13.826618008038881,51.12691798262254],[13.826611617742454,51.12688141712061],[13.826604779642995,51.12684222125549],[13.82656139378286,51.126845562827675],[13.826553983340132,51.12683910364589]]]}},{"type":"Feature","id":"DESNATPU1000FxUC","properties":{"id":"DESNATPU1000FxUC","height_m":7.875,"ground_m":215.492,"height_source":"LoD1 solid top minus bottom","production":"2023","laser":"2019","footprints":"2020"},"geometry":{"type":"Polygon","coordinates":[[[13.823120668095102,51.128962309418924],[13.82319193690117,51.128964105779616],[13.823199117351248,51.128855905910605],[13.823127848711314,51.128854109555334],[13.823120668095102,51.128962309418924]]]}},{"type":"Feature","id":"DESNATPU1000CEIb","properties":{"id":"DESNATPU1000CEIb","height_m":2.495,"ground_m":221.226,"height_source":"LoD1 solid top minus bottom","production":"2023","laser":"2019","footprints":"2020"},"geometry":{"type":"Polygon","coordinates":[[[13.816400341284442,51.12744899422218],[13.816412137434243,51.12754659457922],[13.816490692181643,51.127542803372876],[13.816478895866956,51.12744520302262],[13.816400341284442,51.12744899422218]]]}},{"type":"Feature","id":"DESNATPU1000DGcV","properties":{"id":"DESNATPU1000DGcV","height_m":6.788,"ground_m":218.894,"height_source":"LoD1 solid top minus bottom","production":"2023","laser":"2019","footprints":"2020"},"geometry":{"type":"Polygon","coordinates":[[[13.823396035323736,51.12805241107512],[13.823394079878005,51.12806749914059],[13.823411706035442,51.128068422885455],[13.823430331408082,51.12806939265213],[13.82343230740301,51.12805349544959],[13.82347141643244,51.128055417699215],[13.823480583182386,51.12798149998243],[13.823419235788972,51.1279818809327],[13.823353657461528,51.127982291219965],[13.823350312907019,51.12805204094155],[13.823396035323736,51.12805241107512]]]}},{"type":"Feature","id":"DESNATPU1000Bjb0","properties":{"id":"DESNATPU1000Bjb0","height_m":5.989,"ground_m":222.395,"height_source":"LoD1 solid top minus bottom","production":"2023","laser":"2019","footprints":"2020"},"geometry":{"type":"Polygon","coordinates":[[[13.819020356000287,51.12730723039274],[13.818850270320915,51.127285728562214],[13.818819829323417,51.127381013556786],[13.818856154177688,51.12738560704214],[13.818837675318603,51.127443333423656],[13.818971293764077,51.127460240393994],[13.819020356000287,51.12730723039274]]]}},{"type":"Feature","id":"UUID_e085e8b8-582e-44cf-a725-c6017efdca41","properties":{"id":"UUID_e085e8b8-582e-44cf-a725-c6017efdca41","height_m":5.829,"ground_m":188.008,"height_source":"LoD1 solid top minus bottom","production":"2023","laser":"2019","footprints":"2020"},"geometry":{"type":"Polygon","coordinates":[[[13.802250256752968,51.1336130334643],[13.802265944254314,51.13363702481848],[13.80228535782534,51.13366671074684],[13.802285314725241,51.13366671929811],[13.80230648964773,51.13369904014077],[13.80234719632647,51.13368853090173],[13.802410666608028,51.133672139728574],[13.802354490707263,51.13358613368611],[13.802290978355144,51.13360249741963],[13.802250200294218,51.133613005907925],[13.802250213652913,51.13361304201557],[13.802250256752968,51.1336130334643]]]}},{"type":"Feature","id":"UUID_8439304d-1d10-4710-9067-e815d387bd79","properties":{"id":"UUID_8439304d-1d10-4710-9067-e815d387bd79","height_m":4.564,"ground_m":188.008,"height_source":"LoD1 solid top minus bottom","production":"2023","laser":"2019","footprints":"2020"},"geometry":{"type":"Polygon","coordinates":[[[13.802258265006285,51.133673636419616],[13.802285314725241,51.13366671929811],[13.80228535782534,51.13366671074684],[13.802265944254314,51.13363702481848],[13.802238880260807,51.13364394178927],[13.802258265006285,51.133673636419616]]]}},{"type":"Feature","id":"UUID_63b95ce2-2061-4bab-ba1f-f32d98267417","properties":{"id":"UUID_63b95ce2-2061-4bab-ba1f-f32d98267417","height_m":8.319,"ground_m":188.008,"height_source":"LoD1 solid top minus bottom","production":"2023","laser":"2019","footprints":"2020"},"geometry":{"type":"Polygon","coordinates":[[[13.802257858429096,51.13355179903078],[13.80229885472532,51.133541139899016],[13.802294728484132,51.13353489266908],[13.8022537059404,51.133545461603475],[13.802182624952883,51.13356378011032],[13.802186859213586,51.13357027125381],[13.802257858429096,51.13355179903078]]]}},{"type":"Feature","id":"UUID_864982c0-0aac-4c08-9f99-d4a6e837c565","properties":{"id":"UUID_864982c0-0aac-4c08-9f99-d4a6e837c565","height_m":8.084,"ground_m":188.008,"height_source":"LoD1 solid top minus bottom","production":"2023","laser":"2019","footprints":"2020"},"geometry":{"type":"Polygon","coordinates":[[[13.802218966522421,51.13359050098478],[13.802236012797929,51.13361666451067],[13.802250213652913,51.13361304201557],[13.802250200294218,51.133613005907925],[13.802291050266078,51.13360248017072],[13.802354490707263,51.13358613368611],[13.802354435876628,51.13358604319747],[13.802368246487188,51.133582587552894],[13.802335116852817,51.13353170923243],[13.80229885472532,51.133541139899016],[13.80225801653996,51.133551764679375],[13.802186859213586,51.13357027125381],[13.802202708134766,51.13359465095672],[13.802218966522421,51.13359050098478]]]}},{"type":"Feature","id":"DESNATPU1000G6f4","properties":{"id":"DESNATPU1000G6f4","height_m":2.834,"ground_m":225.059,"height_source":"LoD1 solid top minus bottom","production":"2023","laser":"2019","footprints":"2020"},"geometry":{"type":"Polygon","coordinates":[[[13.821294003997533,51.12657918972207],[13.821295956149196,51.12650250161248],[13.82122909503353,51.126501737711266],[13.821227140482495,51.12657851572303],[13.821218282495655,51.12657842642969],[13.82121743795582,51.12661160100342],[13.82129287148161,51.126612451320455],[13.821294003997533,51.12657918972207]]]}},{"type":"Feature","id":"DESNATPU1000H9oa","properties":{"id":"DESNATPU1000H9oa","height_m":2.776,"ground_m":186.618,"height_source":"LoD1 solid top minus bottom","production":"2023","laser":"2019","footprints":"2020"},"geometry":{"type":"Polygon","coordinates":[[[13.808809225827027,51.13783879302206],[13.808778582418231,51.1377964490162],[13.808683303060906,51.13782454285269],[13.808713946400285,51.13786688688288],[13.808809225827027,51.13783879302206]]]}},{"type":"Feature","id":"DESNATPU1000J5H3","properties":{"id":"DESNATPU1000J5H3","height_m":6.967,"ground_m":218.279,"height_source":"LoD1 solid top minus bottom","production":"2023","laser":"2019","footprints":"2020"},"geometry":{"type":"Polygon","coordinates":[[[13.824799266567458,51.128537469523664],[13.824789926085764,51.128618309963954],[13.824789029652685,51.12863673599219],[13.824875588192059,51.12863859506015],[13.824881393453303,51.1285393739777],[13.824799266567458,51.128537469523664]]]}},{"type":"Feature","id":"DESNATPU1000BiEO","properties":{"id":"DESNATPU1000BiEO","height_m":6.594,"ground_m":230.016,"height_source":"LoD1 solid top minus bottom","production":"2023","laser":"2019","footprints":"2020"},"geometry":{"type":"Polygon","coordinates":[[[13.82822100667193,51.12386302146382],[13.828229994739315,51.123872068266905],[13.828222004010643,51.12392469444164],[13.828349333618057,51.123932346154994],[13.828361511781342,51.12385201943178],[13.828276572982446,51.123846923783375],[13.828257364544783,51.12384082309751],[13.828239119707773,51.1238395611475],[13.828225504303077,51.12384678973642],[13.82822100667193,51.12386302146382]]]}},{"type":"Feature","id":"DESNATPU1000GxKh","properties":{"id":"DESNATPU1000GxKh","height_m":6.171,"ground_m":225.081,"height_source":"LoD1 solid top minus bottom","production":"2023","laser":"2019","footprints":"2020"},"geometry":{"type":"Polygon","coordinates":[[[13.825229978744238,51.12714846805818],[13.825359150934801,51.12714465782417],[13.825353906504375,51.12707422824965],[13.825224734510059,51.127078038479205],[13.825229978744238,51.12714846805818]]]}},{"type":"Feature","id":"DESNATPU1000DjnX","properties":{"id":"DESNATPU1000DjnX","height_m":3.139,"ground_m":224.313,"height_source":"LoD1 solid top minus bottom","production":"2023","laser":"2019","footprints":"2020"},"geometry":{"type":"Polygon","coordinates":[[[13.820673531585248,51.126751888619225],[13.820675158005908,51.12680586126198],[13.8207609289476,51.12680483778023],[13.820759300137327,51.126750955042],[13.820673531585248,51.126751888619225]]]}},{"type":"Feature","id":"DESNATPU1000DPpe","properties":{"id":"DESNATPU1000DPpe","height_m":6.707,"ground_m":220.062,"height_source":"LoD1 solid top minus bottom","production":"2023","laser":"2019","footprints":"2020"},"geometry":{"type":"Polygon","coordinates":[[[13.823373088675288,51.127850320981395],[13.8233880640576,51.1277272266647],[13.823252391366296,51.127720205045826],[13.82323726841007,51.12784346872282],[13.823373088675288,51.127850320981395]]]}},{"type":"Feature","id":"DESNATPU1000CFYp","properties":{"id":"DESNATPU1000CFYp","height_m":2.299,"ground_m":230.079,"height_source":"LoD1 solid top minus bottom","production":"2023","laser":"2019","footprints":"2020"},"geometry":{"type":"Polygon","coordinates":[[[13.826992416087217,51.12379823998408],[13.826832965402371,51.12381984154456],[13.82685090352556,51.12387325833642],[13.82700982392688,51.12385003274444],[13.826992416087217,51.12379823998408]]]}},{"type":"Feature","id":"UUID_e9ebdbb7-2139-4f96-b75a-a8a6d89bfa61","properties":{"id":"UUID_e9ebdbb7-2139-4f96-b75a-a8a6d89bfa61","height_m":3.547,"ground_m":227.605,"height_source":"LoD1 solid top minus bottom","production":"2023","laser":"2019","footprints":"2020"},"geometry":{"type":"Polygon","coordinates":[[[13.825880442205587,51.126503794359245],[13.825969980582528,51.12649844342481],[13.825963418991245,51.126452874466914],[13.825875543700242,51.12645801727712],[13.825880442205587,51.126503794359245]]]}},{"type":"Feature","id":"UUID_9599f597-8859-4f27-b1c7-1ebdd5ed79e6","properties":{"id":"UUID_9599f597-8859-4f27-b1c7-1ebdd5ed79e6","height_m":3.612,"ground_m":227.605,"height_source":"LoD1 solid top minus bottom","production":"2023","laser":"2019","footprints":"2020"},"geometry":{"type":"Polygon","coordinates":[[[13.825880442205587,51.126503794359245],[13.825878118764104,51.12648214357824],[13.825808234174495,51.12648620799793],[13.825811542251882,51.126507913630995],[13.825880442205587,51.126503794359245]]]}},{"type":"Feature","id":"UUID_2a9b0249-5e98-49e3-ab5d-f8411c1e8129","properties":{"id":"UUID_2a9b0249-5e98-49e3-ab5d-f8411c1e8129","height_m":3.792,"ground_m":227.605,"height_source":"LoD1 solid top minus bottom","production":"2023","laser":"2019","footprints":"2020"},"geometry":{"type":"Polygon","coordinates":[[[13.825808234174495,51.12648620799793],[13.825878118764104,51.12648214357824],[13.825875543700242,51.12645801727712],[13.825869999007514,51.1264061636312],[13.825751839815725,51.126410822415465],[13.82576071902445,51.1264889682464],[13.825808234174495,51.12648620799793]]]}},{"type":"Feature","id":"DESNATPU1000JHtE","properties":{"id":"DESNATPU1000JHtE","height_m":8.164,"ground_m":217.675,"height_source":"LoD1 solid top minus bottom","production":"2023","laser":"2019","footprints":"2020"},"geometry":{"type":"Polygon","coordinates":[[[13.824740556285892,51.12899244971195],[13.82488551852458,51.12899624463335],[13.824892983062652,51.12888795760256],[13.824747737688057,51.12888406991656],[13.824740556285892,51.12899244971195]]]}},{"type":"Feature","id":"DESNATPU1000Cwpr","properties":{"id":"DESNATPU1000Cwpr","height_m":3.266,"ground_m":220.9,"height_source":"LoD1 solid top minus bottom","production":"2023","laser":"2019","footprints":"2020"},"geometry":{"type":"Polygon","coordinates":[[[13.82098852344178,51.127405408464824],[13.82098966378004,51.127468944433666],[13.821087932341856,51.12746824455356],[13.821086791868735,51.127404708584805],[13.82098852344178,51.127405408464824]]]}},{"type":"Feature","id":"DESNATPU1000Jdsi","properties":{"id":"DESNATPU1000Jdsi","height_m":3.0,"ground_m":186.68,"height_source":"LoD1 solid top minus bottom","production":"2023","laser":"2019","footprints":"2020"},"geometry":{"type":"Polygon","coordinates":[[[13.809584023204453,51.1382570192141],[13.809616396423866,51.138309956021445],[13.809698096699304,51.13829019433602],[13.809665723399512,51.13823725755059],[13.809584023204453,51.1382570192141]]]}},{"type":"Feature","id":"UUID_b3eead7d-2d05-419a-a8f0-5ae1834d99c5","properties":{"id":"UUID_b3eead7d-2d05-419a-a8f0-5ae1834d99c5","height_m":4.826,"ground_m":215.467,"height_source":"LoD1 solid top minus bottom","production":"2023","laser":"2019","footprints":"2020"},"geometry":{"type":"Polygon","coordinates":[[[13.818300696453502,51.12883852223178],[13.81830054453326,51.128873592246855],[13.818323852473108,51.12887364792562],[13.818324035245741,51.1288384882953],[13.818300739316776,51.12883852266492],[13.818300696453502,51.12883852223178]]]}},{"type":"Feature","id":"UUID_521c8e83-3a99-49a1-bfb2-6d357e6afcd1","properties":{"id":"UUID_521c8e83-3a99-49a1-bfb2-6d357e6afcd1","height_m":8.571,"ground_m":215.467,"height_source":"LoD1 solid top minus bottom","production":"2023","laser":"2019","footprints":"2020"},"geometry":{"type":"Polygon","coordinates":[[[13.81817519576414,51.12879626518316],[13.81817497722003,51.12883842077712],[13.81817491095024,51.12885221491731],[13.8181747559211,51.128880684255414],[13.818300515838065,51.128880876048065],[13.81830054453326,51.128873592246855],[13.818300696453502,51.12883852223178],[13.818300739316776,51.12883852266492],[13.81830087392042,51.12880525101572],[13.81822641869433,51.12880512808406],[13.818226357821365,51.12879631461765],[13.81817519576414,51.12879626518316]]]}},{"type":"Feature","id":"UUID_f1928176-9107-4533-b74e-62cef315919c","properties":{"id":"UUID_f1928176-9107-4533-b74e-62cef315919c","height_m":7.79,"ground_m":215.467,"height_source":"LoD1 solid top minus bottom","production":"2023","laser":"2019","footprints":"2020"},"geometry":{"type":"Polygon","coordinates":[[[13.818147394964381,51.1288384117966],[13.81817497722003,51.12883842077712],[13.81817519576414,51.12879626518316],[13.818147471115136,51.128796236778086],[13.818147394964381,51.1288384117966]]]}},{"type":"Feature","id":"UUID_eab728aa-872c-4ed0-be67-de8332f1db34","properties":{"id":"UUID_eab728aa-872c-4ed0-be67-de8332f1db34","height_m":8.859,"ground_m":220.727,"height_source":"LoD1 solid top minus bottom","production":"2023","laser":"2019","footprints":"2020"},"geometry":{"type":"Polygon","coordinates":[[[13.817558198361441,51.1276739970424],[13.817556535954491,51.127642280938566],[13.81755466093648,51.12760657891519],[13.817554646649105,51.12760657877072],[13.817553010754644,51.12757494386893],[13.817486179266186,51.127576318396585],[13.817491309810093,51.12767536200376],[13.817558198361441,51.1276739970424]]]}},{"type":"Feature","id":"UUID_21fd226c-0430-4475-8875-60b6784ad670","properties":{"id":"UUID_21fd226c-0430-4475-8875-60b6784ad670","height_m":3.982,"ground_m":220.727,"height_source":"LoD1 solid top minus bottom","production":"2023","laser":"2019","footprints":"2020"},"geometry":{"type":"Polygon","coordinates":[[[13.817556535954491,51.127642280938566],[13.817583274256842,51.12764173297212],[13.81758141373518,51.12760602210314],[13.81755466093648,51.12760657891519],[13.817556535954491,51.127642280938566]]]}},{"type":"Feature","id":"UUID_1499f108-ebc0-4623-818c-395dca519ea0","properties":{"id":"UUID_1499f108-ebc0-4623-818c-395dca519ea0","height_m":7.673,"ground_m":221.935,"height_source":"LoD1 solid top minus bottom","production":"2023","laser":"2019","footprints":"2020"},"geometry":{"type":"Polygon","coordinates":[[[13.82074935040426,51.12720335869233],[13.82085097293385,51.12720280974171],[13.820850973849645,51.12720277378013],[13.82091672045858,51.127202447531545],[13.820915395437646,51.12711979120378],[13.820716432334242,51.12712111216441],[13.820717232723378,51.12716824201606],[13.820717834389624,51.1272035354622],[13.82074935040426,51.12720335869233]]]}},{"type":"Feature","id":"UUID_b27681d7-d8a6-434b-81f0-9e43d68e0f27","properties":{"id":"UUID_b27681d7-d8a6-434b-81f0-9e43d68e0f27","height_m":2.935,"ground_m":221.935,"height_source":"LoD1 solid top minus bottom","production":"2023","laser":"2019","footprints":"2020"},"geometry":{"type":"Polygon","coordinates":[[[13.820685319990675,51.127278260679915],[13.820686727170516,51.127223572241164],[13.820702963693773,51.127223493183614],[13.8207026124982,51.127203615761594],[13.820717834389624,51.1272035354622],[13.820717605445065,51.12719008006515],[13.820659827988928,51.12718948838299],[13.82060592238239,51.127188935722934],[13.820603625733906,51.127277418772195],[13.820685319990675,51.127278260679915]]]}},{"type":"Feature","id":"UUID_d016b9e3-79f6-484d-82a9-36777b24c44e","properties":{"id":"UUID_d016b9e3-79f6-484d-82a9-36777b24c44e","height_m":3.435,"ground_m":221.935,"height_source":"LoD1 solid top minus bottom","production":"2023","laser":"2019","footprints":"2020"},"geometry":{"type":"Polygon","coordinates":[[[13.820659827988928,51.12718948838299],[13.820717605445065,51.12719008006515],[13.820717232723378,51.12716824201606],[13.820659489315961,51.12716855894034],[13.820659827988928,51.12718948838299]]]}},{"type":"Feature","id":"UUID_09887f8f-d20b-42b6-96f3-57cada2510bf","properties":{"id":"UUID_09887f8f-d20b-42b6-96f3-57cada2510bf","height_m":5.027,"ground_m":221.935,"height_source":"LoD1 solid top minus bottom","production":"2023","laser":"2019","footprints":"2020"},"geometry":{"type":"Polygon","coordinates":[[[13.82074935040426,51.12720335869233],[13.820749663378441,51.12723034895909],[13.82085128711202,51.12722975505662],[13.82085097293385,51.12720280974171],[13.82074935040426,51.12720335869233]]]}},{"type":"Feature","id":"DESNATPU1000DGin","properties":{"id":"DESNATPU1000DGin","height_m":6.688,"ground_m":221.103,"height_source":"LoD1 solid top minus bottom","production":"2023","laser":"2019","footprints":"2020"},"geometry":{"type":"Polygon","coordinates":[[[13.817079841472616,51.127565140359145],[13.817078127585614,51.127616003762995],[13.817075904452622,51.12767001845532],[13.817075801047254,51.127673506579896],[13.817147860912463,51.12767446032818],[13.817219577883934,51.127675410563775],[13.817223213333914,51.12756722009723],[13.817214372902953,51.12756699578814],[13.817173713144143,51.12756650358314],[13.817152172399874,51.12755267972722],[13.817151835015425,51.1275524604895],[13.817129687311525,51.1275657524969],[13.817079841472616,51.127565140359145]]]}},{"type":"Feature","id":"DESNATP1Yr00008e","properties":{"id":"DESNATP1Yr00008e","height_m":2.441,"ground_m":225.94,"height_source":"LoD1 solid top minus bottom","production":"2023","laser":"2019","footprints":"2020"},"geometry":{"type":"Polygon","coordinates":[[[13.817638780371533,51.12637748776486],[13.817642004807558,51.12632228714689],[13.817505967035137,51.12631912201407],[13.817502742437279,51.126374322627264],[13.817638780371533,51.12637748776486]]]}},{"type":"Feature","id":"UUID_29d48cc6-fc8c-4605-8068-9891b2114745","properties":{"id":"UUID_29d48cc6-fc8c-4605-8068-9891b2114745","height_m":6.233,"ground_m":224.865,"height_source":"LoD1 solid top minus bottom","production":"2023","laser":"2019","footprints":"2020"},"geometry":{"type":"Polygon","coordinates":[[[13.821992419971076,51.126506210524774],[13.821985040605314,51.12652495791901],[13.821956387106637,51.12652048765097],[13.821944351033249,51.126525672092285],[13.822046574093665,51.126541342006696],[13.822045197687746,51.12654488925306],[13.82206623644463,51.12654814971271],[13.822077540504994,51.12651949591503],[13.821992419971076,51.126506210524774]]]}},{"type":"Feature","id":"UUID_c5d86f82-5422-492c-b6ff-ec23ef68be8e","properties":{"id":"UUID_c5d86f82-5422-492c-b6ff-ec23ef68be8e","height_m":7.212,"ground_m":224.865,"height_source":"LoD1 solid top minus bottom","production":"2023","laser":"2019","footprints":"2020"},"geometry":{"type":"Polygon","coordinates":[[[13.82187340082576,51.12657047837033],[13.821873089922262,51.12657146443565],[13.821949825412988,51.12658348739451],[13.82200056947628,51.12659144455629],[13.822000115704496,51.12659242918271],[13.8220040157274,51.126593044004245],[13.822025143991752,51.12659671903735],[13.822045197687746,51.12654488925306],[13.822046574093665,51.126541342006696],[13.821970600770136,51.12652969549026],[13.821944351033249,51.126525672092285],[13.821893730603161,51.12651791399084],[13.82187340082576,51.12657047837033]]]}},{"type":"Feature","id":"DESNATP1Yr00008g","properties":{"id":"DESNATP1Yr00008g","height_m":3.0,"ground_m":225.995,"height_source":"LoD1 solid top minus bottom","production":"2023","laser":"2019","footprints":"2020"},"geometry":{"type":"Polygon","coordinates":[[[13.817598229555509,51.12607727878786],[13.817391330348334,51.12607280345691],[13.81738474681941,51.12619349098315],[13.817591646564832,51.12619796632919],[13.817598229555509,51.12607727878786]]]}},{"type":"Feature","id":"DESNATPU1000EnVV","properties":{"id":"DESNATPU1000EnVV","height_m":2.769,"ground_m":220.581,"height_source":"LoD1 solid top minus bottom","production":"2023","laser":"2019","footprints":"2020"},"geometry":{"type":"Polygon","coordinates":[[[13.822026699352463,51.12756749724075],[13.821940829884495,51.12756672212232],[13.821939602602843,51.12762057605873],[13.822025184135365,51.12762143820421],[13.822026699352463,51.12756749724075]]]}},{"type":"Feature","id":"UUID_a8343701-9f28-48fe-95bf-37f597ed8bd4","properties":{"id":"UUID_a8343701-9f28-48fe-95bf-37f597ed8bd4","height_m":5.238,"ground_m":215.401,"height_source":"LoD1 solid top minus bottom","production":"2023","laser":"2019","footprints":"2020"},"geometry":{"type":"Polygon","coordinates":[[[13.818595042008345,51.12881951815934],[13.818591407145428,51.12879562379025],[13.81853091907845,51.128799248234934],[13.818534429156356,51.12882243092156],[13.818534491189245,51.1288228002492],[13.818595042008345,51.12881951815934]]]}},{"type":"Feature","id":"UUID_dd730be0-5277-4778-9f2b-94593967301e","properties":{"id":"UUID_dd730be0-5277-4778-9f2b-94593967301e","height_m":9.053,"ground_m":215.401,"height_source":"LoD1 solid top minus bottom","production":"2023","laser":"2019","footprints":"2020"},"geometry":{"type":"Polygon","coordinates":[[[13.818595042008345,51.12881951815934],[13.818534491189245,51.1288228002492],[13.818534429156356,51.12882243092156],[13.8184721945029,51.12882617258015],[13.8184789590717,51.12887079078948],[13.818485052765258,51.12891089687449],[13.818669423540678,51.12889982806166],[13.818663416169077,51.1288602534284],[13.818656723386948,51.128816175517784],[13.81859509021276,51.12881986936184],[13.818595042008345,51.12881951815934]]]}},{"type":"Feature","id":"DESNATPU1000JHQb","properties":{"id":"DESNATPU1000JHQb","height_m":6.606,"ground_m":223.235,"height_source":"LoD1 solid top minus bottom","production":"2023","laser":"2019","footprints":"2020"},"geometry":{"type":"Polygon","coordinates":[[[13.825213903907994,51.12753814922148],[13.825213590689323,51.12761864874643],[13.82533300280676,51.127618805185115],[13.825333214209513,51.12753836758672],[13.825213903907994,51.12753814922148]]]}},{"type":"Feature","id":"DESNATPU1000HZee","properties":{"id":"DESNATPU1000HZee","height_m":2.324,"ground_m":217.94,"height_source":"LoD1 solid top minus bottom","production":"2023","laser":"2019","footprints":"2020"},"geometry":{"type":"Polygon","coordinates":[[[13.824583951906192,51.12861408151976],[13.824626372743921,51.12861504747295],[13.8246291708762,51.128561119390035],[13.824587035841871,51.12856015631048],[13.824583951906192,51.12861408151976]]]}},{"type":"Feature","id":"DESNATPU1000Hqdf","properties":{"id":"DESNATPU1000Hqdf","height_m":8.111,"ground_m":215.485,"height_source":"LoD1 solid top minus bottom","production":"2023","laser":"2019","footprints":"2020"},"geometry":{"type":"Polygon","coordinates":[[[13.821073142253876,51.1288545546279],[13.821069614744815,51.12888139825489],[13.821067780382299,51.12890853772524],[13.8211433353436,51.12891037854689],[13.821146997568524,51.128856351334164],[13.821150663446321,51.128802180274434],[13.82108024996569,51.12880048121832],[13.821073142253876,51.1288545546279]]]}},{"type":"Feature","id":"DESNATPU1000DMt7","properties":{"id":"DESNATPU1000DMt7","height_m":3.246,"ground_m":213.702,"height_source":"LoD1 solid top minus bottom","production":"2023","laser":"2019","footprints":"2020"},"geometry":{"type":"Polygon","coordinates":[[[13.818056322187722,51.129410866187015],[13.818058848777573,51.12946304941041],[13.818101887635517,51.129462225434196],[13.818109798321945,51.129536396278745],[13.818197512185225,51.12953728276491],[13.818187877591122,51.129430981557086],[13.818183349410235,51.12938106225494],[13.818107737714888,51.12938029807401],[13.818104676796796,51.12941006896016],[13.818056322187722,51.129410866187015]]]}},{"type":"Feature","id":"DESNATPU1000DRJk","properties":{"id":"DESNATPU1000DRJk","height_m":8.019,"ground_m":215.902,"height_source":"LoD1 solid top minus bottom","production":"2023","laser":"2019","footprints":"2020"},"geometry":{"type":"Polygon","coordinates":[[[13.822367078578536,51.1289151099167],[13.822438444317244,51.12891702461836],[13.82244564812297,51.128808537257335],[13.822374296152807,51.128806649676214],[13.822367078578536,51.1289151099167]]]}},{"type":"Feature","id":"DESNATPU1000Fy2t","properties":{"id":"DESNATPU1000Fy2t","height_m":8.347,"ground_m":216.322,"height_source":"LoD1 solid top minus bottom","production":"2023","laser":"2019","footprints":"2020"},"geometry":{"type":"Polygon","coordinates":[[[13.82101773763877,51.12846604181748],[13.82101392143623,51.12852049912741],[13.82109004726882,51.12852234574149],[13.821091654024908,51.12849853127495],[13.821097232543151,51.12841414602531],[13.821095089396964,51.12841412441921],[13.821021252053685,51.12841221095357],[13.82101773763877,51.12846604181748]]]}},{"type":"Feature","id":"UUID_4549595f-c490-4204-bb17-10b22dbd66a7","properties":{"id":"UUID_4549595f-c490-4204-bb17-10b22dbd66a7","height_m":2.982,"ground_m":220.647,"height_source":"LoD1 solid top minus bottom","production":"2023","laser":"2019","footprints":"2020"},"geometry":{"type":"Polygon","coordinates":[[[13.818363278613525,51.127631748949106],[13.818363286184887,51.12763145226629],[13.818337056734064,51.12763222137805],[13.818337393160853,51.12761343901276],[13.818248870008969,51.1276152872155],[13.818250737919183,51.12763169080468],[13.818270540632804,51.1276313153937],[13.818270642495815,51.127633483665505],[13.818363278613525,51.127631748949106]]]}},{"type":"Feature","id":"UUID_b66b04fb-9bce-49df-b03f-c5ac1cdb64ba","properties":{"id":"UUID_b66b04fb-9bce-49df-b03f-c5ac1cdb64ba","height_m":7.276,"ground_m":220.647,"height_source":"LoD1 solid top minus bottom","production":"2023","laser":"2019","footprints":"2020"},"geometry":{"type":"Polygon","coordinates":[[[13.818270642036909,51.12763350164628],[13.81827426396769,51.12770548889695],[13.818278153125574,51.12770541129428],[13.818435159248363,51.127702447527476],[13.81843183756145,51.127630445331],[13.818363286184887,51.12763145226629],[13.818363278613525,51.127631748949106],[13.818270642036909,51.12763350164628]]]}},{"type":"Feature","id":"UUID_8a9016ad-118b-4f0c-8232-bda51b18416d","properties":{"id":"UUID_8a9016ad-118b-4f0c-8232-bda51b18416d","height_m":3.319,"ground_m":227.169,"height_source":"LoD1 solid top minus bottom","production":"2023","laser":"2019","footprints":"2020"},"geometry":{"type":"Polygon","coordinates":[[[13.824055525626761,51.12645115848237],[13.82405685912405,51.12640596556507],[13.824057913218098,51.12637008628001],[13.823981054957647,51.126369079534],[13.82397886359718,51.12645029759203],[13.824055525626761,51.12645115848237]]]}},{"type":"Feature","id":"UUID_0ec55699-43ad-4e3f-8dcb-08af68e8084b","properties":{"id":"UUID_0ec55699-43ad-4e3f-8dcb-08af68e8084b","height_m":3.489,"ground_m":227.169,"height_source":"LoD1 solid top minus bottom","production":"2023","laser":"2019","footprints":"2020"},"geometry":{"type":"Polygon","coordinates":[[[13.824055525626761,51.12645115848237],[13.82408238459754,51.12645145555988],[13.824083717612002,51.126406280622945],[13.82405685912405,51.12640596556507],[13.824055525626761,51.12645115848237]]]}},{"type":"Feature","id":"DESNATPU1000FgoH","properties":{"id":"DESNATPU1000FgoH","height_m":6.556,"ground_m":218.453,"height_source":"LoD1 solid top minus bottom","production":"2023","laser":"2019","footprints":"2020"},"geometry":{"type":"Polygon","coordinates":[[[13.824961200805788,51.12862704543451],[13.824960432211737,51.128640436835816],[13.82504698848555,51.1286423856811],[13.825052507626202,51.128543161716635],[13.824966094414522,51.128541214312314],[13.824964279740133,51.12857330002069],[13.824961200805788,51.12862704543451]]]}},{"type":"Feature","id":"DESNATPU1000BgBx","properties":{"id":"DESNATPU1000BgBx","height_m":2.841,"ground_m":213.498,"height_source":"LoD1 solid top minus bottom","production":"2023","laser":"2019","footprints":"2020"},"geometry":{"type":"Polygon","coordinates":[[[13.819273310198989,51.12950391492844],[13.81918372464119,51.12950301034932],[13.819182062995251,51.12957376614763],[13.819271791569784,51.12957467217157],[13.819273310198989,51.12950391492844]]]}},{"type":"Feature","id":"DESNATPU1000ELn6","properties":{"id":"DESNATPU1000ELn6","height_m":8.428,"ground_m":216.256,"height_source":"LoD1 solid top minus bottom","production":"2023","laser":"2019","footprints":"2020"},"geometry":{"type":"Polygon","coordinates":[[[13.821162869371419,51.12850239665835],[13.821161455886381,51.12852423467924],[13.82123272392258,51.128526032229225],[13.821234075575129,51.1285066216143],[13.821239906575514,51.128417922406136],[13.821168638705304,51.128416124861594],[13.821162869371419,51.12850239665835]]]}},{"type":"Feature","id":"DESNATPU1000BwyY","properties":{"id":"DESNATPU1000BwyY","height_m":8.341,"ground_m":189.455,"height_source":"LoD1 solid top minus bottom","production":"2023","laser":"2019","footprints":"2020"},"geometry":{"type":"Polygon","coordinates":[[[13.802476368381784,51.13767400918869],[13.80260518544192,51.13772437441008],[13.802641926274854,51.13768717008547],[13.802682001817482,51.13770285000606],[13.802707483694762,51.13767705903335],[13.80266740816554,51.13766137912151],[13.80270298902698,51.137625358930926],[13.802574172132365,51.137574993817566],[13.802476368381784,51.13767400918869]]]}},{"type":"Feature","id":"UUID_dd221caa-9328-4252-b84c-700b8c67dc42","properties":{"id":"UUID_dd221caa-9328-4252-b84c-700b8c67dc42","height_m":3.254,"ground_m":225.581,"height_source":"LoD1 solid top minus bottom","production":"2023","laser":"2019","footprints":"2020"},"geometry":{"type":"Polygon","coordinates":[[[13.817426899630801,51.12637776423922],[13.817429295393657,51.12632200669053],[13.817316976645802,51.12632009738238],[13.8173145809775,51.126375845937496],[13.817341578572266,51.12637630783474],[13.817426899630801,51.12637776423922]]]}},{"type":"Feature","id":"UUID_5503b4d5-a307-42c5-9b33-4e32b4f11da7","properties":{"id":"UUID_5503b4d5-a307-42c5-9b33-4e32b4f11da7","height_m":2.792,"ground_m":225.581,"height_source":"LoD1 solid top minus bottom","production":"2023","laser":"2019","footprints":"2020"},"geometry":{"type":"Polygon","coordinates":[[[13.817509892987445,51.126464214117135],[13.817513016410336,51.12639171050862],[13.817426366631544,51.126390240729705],[13.817341045320424,51.12638879331508],[13.817337921858226,51.12646128792688],[13.817509892987445,51.126464214117135]]]}},{"type":"Feature","id":"UUID_9becfa67-2a3e-459a-9ec3-91b43fc71336","properties":{"id":"UUID_9becfa67-2a3e-459a-9ec3-91b43fc71336","height_m":2.429,"ground_m":225.581,"height_source":"LoD1 solid top minus bottom","production":"2023","laser":"2019","footprints":"2020"},"geometry":{"type":"Polygon","coordinates":[[[13.817426366631544,51.126390240729705],[13.817426899630801,51.12637776423922],[13.817341578572266,51.12637630783474],[13.817341045320424,51.12638879331508],[13.817426366631544,51.126390240729705]]]}},{"type":"Feature","id":"DESNATPU1000GFQg","properties":{"id":"DESNATPU1000GFQg","height_m":2.307,"ground_m":216.217,"height_source":"LoD1 solid top minus bottom","production":"2023","laser":"2019","footprints":"2020"},"geometry":{"type":"Polygon","coordinates":[[[13.820012167543572,51.128405629962316],[13.819961160694344,51.12840511525338],[13.819959790486813,51.128458877800405],[13.820010511642241,51.12845938962686],[13.820012167543572,51.128405629962316]]]}},{"type":"Feature","id":"DESNATPU1000IJig","properties":{"id":"DESNATPU1000IJig","height_m":3.323,"ground_m":214.183,"height_source":"LoD1 solid top minus bottom","production":"2023","laser":"2019","footprints":"2020"},"geometry":{"type":"Polygon","coordinates":[[[13.818246852305386,51.12933494195533],[13.818255526567606,51.12941224097579],[13.818366672414397,51.129413364130286],[13.818361147818116,51.12933248187836],[13.818246852305386,51.12933494195533]]]}},{"type":"Feature","id":"UUID_77b17b41-05e7-447d-b3cc-4e84b02e968c","properties":{"id":"UUID_77b17b41-05e7-447d-b3cc-4e84b02e968c","height_m":9.599,"ground_m":215.598,"height_source":"LoD1 solid top minus bottom","production":"2023","laser":"2019","footprints":"2020"},"geometry":{"type":"Polygon","coordinates":[[[13.817497537856616,51.128667608306735],[13.817497409037696,51.1286676159968],[13.81749903024768,51.12869758709457],[13.817499128809716,51.12869932368351],[13.81749865685604,51.12869933689642],[13.817501461925279,51.128742269461995],[13.817653822929291,51.12873834250389],[13.817650919151154,51.12869367335218],[13.817648207638205,51.12865210862756],[13.817496776536514,51.12865600900998],[13.817497537856616,51.128667608306735]]]}},{"type":"Feature","id":"UUID_63b6cd4e-2407-4a41-8521-aabaf1cec59e","properties":{"id":"UUID_63b6cd4e-2407-4a41-8521-aabaf1cec59e","height_m":7.051,"ground_m":215.598,"height_source":"LoD1 solid top minus bottom","production":"2023","laser":"2019","footprints":"2020"},"geometry":{"type":"Polygon","coordinates":[[[13.81746297641227,51.128700253046155],[13.81749865685604,51.12869933689642],[13.817499128809716,51.12869932368351],[13.817497409037696,51.1286676159968],[13.81746091330093,51.12866855987218],[13.81746297641227,51.128700253046155]]]}},{"type":"Feature","id":"DESNATPU1000JgZt","properties":{"id":"DESNATPU1000JgZt","height_m":2.191,"ground_m":216.501,"height_source":"LoD1 solid top minus bottom","production":"2023","laser":"2019","footprints":"2020"},"geometry":{"type":"Polygon","coordinates":[[[13.8215671710825,51.12847994321221],[13.82160915851011,51.12848108574723],[13.821612794522629,51.12842806543677],[13.821570523678206,51.128426830119736],[13.8215671710825,51.12847994321221]]]}},{"type":"Feature","id":"DESNATPU1000I3it","properties":{"id":"DESNATPU1000I3it","height_m":3.399,"ground_m":225.127,"height_source":"LoD1 solid top minus bottom","production":"2023","laser":"2019","footprints":"2020"},"geometry":{"type":"Polygon","coordinates":[[[13.822754719704108,51.12652627936977],[13.822854586307498,51.1265272847286],[13.822855726791936,51.12648242260858],[13.822755719700444,51.12648132590896],[13.822754719704108,51.12652627936977]]]}},{"type":"Feature","id":"DESNATPU1000Evcb","properties":{"id":"DESNATPU1000Evcb","height_m":2.762,"ground_m":224.914,"height_source":"LoD1 solid top minus bottom","production":"2023","laser":"2019","footprints":"2020"},"geometry":{"type":"Polygon","coordinates":[[[13.819649416444935,51.1267847206919],[13.81964794660782,51.12664896992915],[13.819593532131075,51.12664990445292],[13.81959109036783,51.126710931296074],[13.819591393275235,51.1267848184381],[13.819649416444935,51.1267847206919]]]}},{"type":"Feature","id":"DESNATPU1000J9a6","properties":{"id":"DESNATPU1000J9a6","height_m":2.396,"ground_m":217.843,"height_source":"LoD1 solid top minus bottom","production":"2023","laser":"2019","footprints":"2020"},"geometry":{"type":"Polygon","coordinates":[[[13.824290423736278,51.12860780341347],[13.824293362853242,51.12855396668168],[13.824250656326395,51.12855299773498],[13.82424771715987,51.1286068344654],[13.824290423736278,51.12860780341347]]]}},{"type":"Feature","id":"UUID_56d607a5-1401-4e1b-b0d1-0ef597fe90f7","properties":{"id":"UUID_56d607a5-1401-4e1b-b0d1-0ef597fe90f7","height_m":2.333,"ground_m":219.604,"height_source":"LoD1 solid top minus bottom","production":"2023","laser":"2019","footprints":"2020"},"geometry":{"type":"Polygon","coordinates":[[[13.821126617234354,51.12773882937207],[13.82112320080175,51.12778376744718],[13.821170493071003,51.127783650686794],[13.821176545344768,51.12773790286046],[13.821126617234354,51.12773882937207]]]}},{"type":"Feature","id":"UUID_352dd2fb-ad27-46cf-9611-086b31d15a1e","properties":{"id":"UUID_352dd2fb-ad27-46cf-9611-086b31d15a1e","height_m":2.359,"ground_m":219.604,"height_source":"LoD1 solid top minus bottom","production":"2023","laser":"2019","footprints":"2020"},"geometry":{"type":"Polygon","coordinates":[[[13.821462393737425,51.12778290593449],[13.821462627510657,51.127729365726935],[13.821177960718085,51.12772721580979],[13.821176545344768,51.12773790286046],[13.821170493071003,51.127783650686794],[13.821462393737425,51.12778290593449]]]}},{"type":"Feature","id":"DESNATP1Yr00008Q","properties":{"id":"DESNATP1Yr00008Q","height_m":3.732,"ground_m":216.986,"height_source":"LoD1 solid top minus bottom","production":"2023","laser":"2019","footprints":"2020"},"geometry":{"type":"Polygon","coordinates":[[[13.818257245244517,51.12836726103866],[13.818118701799653,51.128373001076504],[13.818125972609062,51.12844256120119],[13.818264516261458,51.12843682115616],[13.818257245244517,51.12836726103866]]]}},{"type":"Feature","id":"DESNATPU1000ES3a","properties":{"id":"DESNATPU1000ES3a","height_m":3.551,"ground_m":225.884,"height_source":"LoD1 solid top minus bottom","production":"2023","laser":"2019","footprints":"2020"},"geometry":{"type":"Polygon","coordinates":[[[13.820648555552232,51.1264661272754],[13.820763023028867,51.12647122048284],[13.82076958453214,51.12641278009973],[13.820655102912022,51.12640768675552],[13.820648555552232,51.1264661272754]]]}},{"type":"Feature","id":"DESNATP1Yr00008I","properties":{"id":"DESNATP1Yr00008I","height_m":2.332,"ground_m":221.348,"height_source":"LoD1 solid top minus bottom","production":"2023","laser":"2019","footprints":"2020"},"geometry":{"type":"Polygon","coordinates":[[[13.828030001800377,51.12800028654648],[13.828051943723963,51.12805485832837],[13.828122680693877,51.128043175293676],[13.828102691894065,51.127989918047405],[13.828030001800377,51.12800028654648]]]}},{"type":"Feature","id":"DESNATP11N0000yu","properties":{"id":"DESNATP11N0000yu","height_m":2.536,"ground_m":227.729,"height_source":"LoD1 solid top minus bottom","production":"2023","laser":"2019","footprints":"2020"},"geometry":{"type":"Polygon","coordinates":[[[13.823720171042568,51.12564705706981],[13.823735042859486,51.12571249371523],[13.823797449025992,51.125706880511764],[13.823787874099771,51.12566469833635],[13.823939570881217,51.12565105341115],[13.823934288115813,51.12562779909849],[13.823720171042568,51.12564705706981]]]}},{"type":"Feature","id":"DESNATPU1000Hvtb","properties":{"id":"DESNATPU1000Hvtb","height_m":3.34,"ground_m":227.226,"height_source":"LoD1 solid top minus bottom","production":"2023","laser":"2019","footprints":"2020"},"geometry":{"type":"Polygon","coordinates":[[[13.824461688431319,51.12641035969256],[13.824361676869485,51.1264094441754],[13.824360537846857,51.12645430632022],[13.824460402070155,51.126455400210915],[13.824461688431319,51.12641035969256]]]}},{"type":"Feature","id":"DESNATPU1000Dbkh","properties":{"id":"DESNATPU1000Dbkh","height_m":2.772,"ground_m":223.475,"height_source":"LoD1 solid top minus bottom","production":"2023","laser":"2019","footprints":"2020"},"geometry":{"type":"Polygon","coordinates":[[[13.827423041004304,51.12760527657891],[13.827403362439226,51.127541500856545],[13.827323082019749,51.12755139712313],[13.827342762754924,51.12761508295403],[13.827423041004304,51.12760527657891]]]}},{"type":"Feature","id":"DESNATP11N0000vC","properties":{"id":"DESNATP11N0000vC","height_m":8.892,"ground_m":218.943,"height_source":"LoD1 solid top minus bottom","production":"2023","laser":"2019","footprints":"2020"},"geometry":{"type":"Polygon","coordinates":[[[13.818552555542725,51.127967003072726],[13.818409658291836,51.12797371563941],[13.818420554129114,51.12806364488701],[13.818563493142564,51.1280569866843],[13.818552555542725,51.127967003072726]]]}},{"type":"Feature","id":"UUID_7aa49c42-7dcd-4b6f-813f-24fb61b89773","properties":{"id":"UUID_7aa49c42-7dcd-4b6f-813f-24fb61b89773","height_m":3.679,"ground_m":191.234,"height_source":"LoD1 solid top minus bottom","production":"2023","laser":"2019","footprints":"2020"},"geometry":{"type":"Polygon","coordinates":[[[13.799944532060223,51.13926038451133],[13.79987177583878,51.13917975571922],[13.799793286393383,51.13920777183145],[13.799866042287357,51.139288409661695],[13.799944532060223,51.13926038451133]]]}},{"type":"Feature","id":"UUID_6ac58d0f-8cd2-46cb-bb4e-b14ac01315f4","properties":{"id":"UUID_6ac58d0f-8cd2-46cb-bb4e-b14ac01315f4","height_m":2.571,"ground_m":191.234,"height_source":"LoD1 solid top minus bottom","production":"2023","laser":"2019","footprints":"2020"},"geometry":{"type":"Polygon","coordinates":[[[13.799944532060223,51.13926038451133],[13.799968280957382,51.13925190528827],[13.799926483566741,51.13920558662175],[13.799902734685979,51.1392140658365],[13.799944532060223,51.13926038451133]]]}},{"type":"Feature","id":"DESNATPU1000H0H2","properties":{"id":"DESNATPU1000H0H2","height_m":3.453,"ground_m":226.525,"height_source":"LoD1 solid top minus bottom","production":"2023","laser":"2019","footprints":"2020"},"geometry":{"type":"Polygon","coordinates":[[[13.82313142798919,51.12614374461857],[13.823231486915857,51.12614277319867],[13.82323048626369,51.12609779959927],[13.82313057030359,51.12609877245681],[13.82313142798919,51.12614374461857]]]}},{"type":"Feature","id":"DESNATPU1000Ip6z","properties":{"id":"DESNATPU1000Ip6z","height_m":2.263,"ground_m":227.699,"height_source":"LoD1 solid top minus bottom","production":"2023","laser":"2019","footprints":"2020"},"geometry":{"type":"Polygon","coordinates":[[[13.82594769207379,51.12549499356454],[13.825959924195447,51.125547993481895],[13.825964162433271,51.125566830787314],[13.826055791613646,51.12556010691524],[13.826041525668934,51.1254858638065],[13.82594769207379,51.12549499356454]]]}},{"type":"Feature","id":"DESNATPU1000CX4z","properties":{"id":"DESNATPU1000CX4z","height_m":6.118,"ground_m":220.561,"height_source":"LoD1 solid top minus bottom","production":"2023","laser":"2019","footprints":"2020"},"geometry":{"type":"Polygon","coordinates":[[[13.825704307264997,51.128081099296566],[13.82571603825613,51.12815950755658],[13.825730044043988,51.1281589287856],[13.825739100834822,51.128218812202036],[13.825835663687256,51.12821329808814],[13.825826915475293,51.12815307605537],[13.82584092809967,51.12815222755871],[13.825829068538416,51.12807380902817],[13.825704307264997,51.128081099296566]]]}},{"type":"Feature","id":"DESNATPU1000HpCi","properties":{"id":"DESNATPU1000HpCi","height_m":8.946,"ground_m":216.943,"height_source":"LoD1 solid top minus bottom","production":"2023","laser":"2019","footprints":"2020"},"geometry":{"type":"Polygon","coordinates":[[[13.823412898541608,51.128592322752915],[13.823499166602764,51.128594359771775],[13.82350440558276,51.1284950431223],[13.823418133137073,51.12849318591657],[13.823412898541608,51.128592322752915]]]}},{"type":"Feature","id":"DESNATPU1000BG9I","properties":{"id":"DESNATPU1000BG9I","height_m":3.193,"ground_m":217.89,"height_source":"LoD1 solid top minus bottom","production":"2023","laser":"2019","footprints":"2020"},"geometry":{"type":"Polygon","coordinates":[[[13.822309105151483,51.128264758331674],[13.822401733932908,51.12827009759532],[13.822408849792255,51.12822125794089],[13.822315921754239,51.12821588869058],[13.822309105151483,51.128264758331674]]]}},{"type":"Feature","id":"DESNATPU1000GZ79","properties":{"id":"DESNATPU1000GZ79","height_m":7.357,"ground_m":219.152,"height_source":"LoD1 solid top minus bottom","production":"2023","laser":"2019","footprints":"2020"},"geometry":{"type":"Polygon","coordinates":[[[13.823062933509878,51.127974365590426],[13.82305181596738,51.12807046662664],[13.82320265764998,51.12807729041298],[13.823213632234811,51.127981178932274],[13.823062933509878,51.127974365590426]]]}},{"type":"Feature","id":"DESNATPU1000F2TX","properties":{"id":"DESNATPU1000F2TX","height_m":6.77,"ground_m":218.349,"height_source":"LoD1 solid top minus bottom","production":"2023","laser":"2019","footprints":"2020"},"geometry":{"type":"Polygon","coordinates":[[[13.818804982576752,51.12812545968561],[13.818814884150894,51.12820397609726],[13.81881520569653,51.12820649730283],[13.81886943584002,51.128203897622626],[13.818870476325499,51.12821353032726],[13.818900240334147,51.12821203241487],[13.818898694847341,51.12819978672517],[13.818915150772401,51.128198963736146],[13.818905291891635,51.128120447764736],[13.818804982576752,51.12812545968561]]]}},{"type":"Feature","id":"UUID_1742d2d9-1139-45a4-ae10-3ee94f7e8073","properties":{"id":"UUID_1742d2d9-1139-45a4-ae10-3ee94f7e8073","height_m":5.666,"ground_m":219.087,"height_source":"LoD1 solid top minus bottom","production":"2023","laser":"2019","footprints":"2020"},"geometry":{"type":"Polygon","coordinates":[[[13.818229981479991,51.12797739450065],[13.818252529146262,51.12797698388386],[13.818251062380035,51.12794542264633],[13.818227227708432,51.127945865219765],[13.818229238071494,51.12797740497315],[13.818229981479991,51.12797739450065]]]}},{"type":"Feature","id":"UUID_d04bbbc4-1a37-4420-9e96-bbe14013e3c1","properties":{"id":"UUID_d04bbbc4-1a37-4420-9e96-bbe14013e3c1","height_m":8.817,"ground_m":219.087,"height_source":"LoD1 solid top minus bottom","production":"2023","laser":"2019","footprints":"2020"},"geometry":{"type":"Polygon","coordinates":[[[13.818120263005671,51.12792664588942],[13.818120255373255,51.127926385023784],[13.818070141282897,51.12792730835132],[13.818073491284117,51.12799985939777],[13.818230778683986,51.12800159293779],[13.818229981479991,51.12797739450065],[13.818229238071494,51.12797740497315],[13.818227227708432,51.127945865219765],[13.818226856004435,51.127945870456],[13.81822591055575,51.12792524062497],[13.818194998545602,51.12792580950701],[13.818194988388592,51.12792564753565],[13.818120263005671,51.12792664588942]]]}},{"type":"Feature","id":"UUID_821a9432-7091-4406-8b81-dfb9e2b67005","properties":{"id":"UUID_821a9432-7091-4406-8b81-dfb9e2b67005","height_m":3.373,"ground_m":219.087,"height_source":"LoD1 solid top minus bottom","production":"2023","laser":"2019","footprints":"2020"},"geometry":{"type":"Polygon","coordinates":[[[13.818119509324767,51.12791026255306],[13.818120255373255,51.127926385023784],[13.818120263005671,51.12792664588942],[13.818194988388592,51.12792564753565],[13.818194215514591,51.127908895304905],[13.818119509324767,51.12791026255306]]]}},{"type":"Feature","id":"DESNATPU1000Fxji","properties":{"id":"DESNATPU1000Fxji","height_m":3.112,"ground_m":221.053,"height_source":"LoD1 solid top minus bottom","production":"2023","laser":"2019","footprints":"2020"},"geometry":{"type":"Polygon","coordinates":[[[13.819416132499986,51.1275515119184],[13.819516201370794,51.12755027398666],[13.819514632826003,51.127505294620406],[13.819414704633632,51.12750662389781],[13.819416132499986,51.1275515119184]]]}},{"type":"Feature","id":"DESNATPU1000Fskm","properties":{"id":"DESNATPU1000Fskm","height_m":3.513,"ground_m":214.232,"height_source":"LoD1 solid top minus bottom","production":"2023","laser":"2019","footprints":"2020"},"geometry":{"type":"Polygon","coordinates":[[[13.81762895346099,51.129183346876125],[13.817632181942386,51.129230411367395],[13.81773944890795,51.12922726932879],[13.817735787090422,51.12918038031383],[13.81762895346099,51.129183346876125]]]}},{"type":"Feature","id":"DESNATPU1000H873","properties":{"id":"DESNATPU1000H873","height_m":2.513,"ground_m":214.358,"height_source":"LoD1 solid top minus bottom","production":"2023","laser":"2019","footprints":"2020"},"geometry":{"type":"Polygon","coordinates":[[[13.819000283138,51.12918677292529],[13.819001189362988,51.12924649363338],[13.81909123974441,51.12924596421558],[13.819090333403253,51.12918624350741],[13.819000283138,51.12918677292529]]]}},{"type":"Feature","id":"DESNATPU1000IQyY","properties":{"id":"DESNATPU1000IQyY","height_m":3.174,"ground_m":225.141,"height_source":"LoD1 solid top minus bottom","production":"2023","laser":"2019","footprints":"2020"},"geometry":{"type":"Polygon","coordinates":[[[13.821992419971076,51.126506210524774],[13.822077540504994,51.12651949591503],[13.822087422773071,51.12649448782563],[13.822002348802712,51.12648105902814],[13.821992419971076,51.126506210524774]]]}},{"type":"Feature","id":"DESNATPU1000Ihpk","properties":{"id":"DESNATPU1000Ihpk","height_m":6.974,"ground_m":223.616,"height_source":"LoD1 solid top minus bottom","production":"2023","laser":"2019","footprints":"2020"},"geometry":{"type":"Polygon","coordinates":[[[13.82629265248629,51.12749006152658],[13.82630907409326,51.127588111908715],[13.82644757279027,51.1275789265153],[13.826431150664755,51.12748088514099],[13.82629265248629,51.12749006152658]]]}},{"type":"Feature","id":"DESNATPU1000BqO6","properties":{"id":"DESNATPU1000BqO6","height_m":2.313,"ground_m":216.292,"height_source":"LoD1 solid top minus bottom","production":"2023","laser":"2019","footprints":"2020"},"geometry":{"type":"Polygon","coordinates":[[[13.820231394137974,51.12846179814644],[13.82023129792464,51.12846557411163],[13.820277730505735,51.128466132482174],[13.820279095763102,51.12841254973692],[13.820232946697644,51.12841208415413],[13.820231394137974,51.12846179814644]]]}},{"type":"Feature","id":"DESNATPU1000E9NL","properties":{"id":"DESNATPU1000E9NL","height_m":6.578,"ground_m":216.244,"height_source":"LoD1 solid top minus bottom","production":"2023","laser":"2019","footprints":"2020"},"geometry":{"type":"Polygon","coordinates":[[[13.819877592229744,51.12835885875846],[13.819790580638765,51.12835798061264],[13.819789423358689,51.128403382092266],[13.81978791007538,51.12845714319399],[13.819874921852598,51.12845802134302],[13.819877592229744,51.12835885875846]]]}},{"type":"Feature","id":"DESNATPU1000JSnq","properties":{"id":"DESNATPU1000JSnq","height_m":8.085,"ground_m":215.514,"height_source":"LoD1 solid top minus bottom","production":"2023","laser":"2019","footprints":"2020"},"geometry":{"type":"Polygon","coordinates":[[[13.821218193073898,51.12885821110885],[13.82121459939521,51.12891235591962],[13.82128715393288,51.128914166402694],[13.821288979012039,51.128887386543916],[13.821289004188916,51.12886001300936],[13.821289054639179,51.12880582348844],[13.821221786743132,51.12880406629742],[13.821218193073898,51.12885821110885]]]}},{"type":"Feature","id":"DESNATPU1000GHpd","properties":{"id":"DESNATPU1000GHpd","height_m":3.145,"ground_m":221.932,"height_source":"LoD1 solid top minus bottom","production":"2023","laser":"2019","footprints":"2020"},"geometry":{"type":"Polygon","coordinates":[[[13.817120464867095,51.12722525822463],[13.817121422366938,51.127266094806394],[13.81724435027634,51.12726509005117],[13.81724353554061,51.127224254914765],[13.817120464867095,51.12722525822463]]]}},{"type":"Feature","id":"DESNATPU1000JcAZ","properties":{"id":"DESNATPU1000JcAZ","height_m":2.608,"ground_m":221.831,"height_source":"LoD1 solid top minus bottom","production":"2023","laser":"2019","footprints":"2020"},"geometry":{"type":"Polygon","coordinates":[[[13.816699215029443,51.12737998736457],[13.816749515220836,51.127436071288294],[13.816826381089136,51.127408881726076],[13.816776223705991,51.1273527992804],[13.816699215029443,51.12737998736457]]]}},{"type":"Feature","id":"DESNATPU1000JUMB","properties":{"id":"DESNATPU1000JUMB","height_m":8.086,"ground_m":215.139,"height_source":"LoD1 solid top minus bottom","production":"2023","laser":"2019","footprints":"2020"},"geometry":{"type":"Polygon","coordinates":[[[13.821519715518235,51.1291989711405],[13.82159512580904,51.12920090013744],[13.821602176309321,51.12909233933985],[13.821527330843995,51.129090685820046],[13.821519715518235,51.1291989711405]]]}},{"type":"Feature","id":"UUID_31ba1890-23d5-4340-9dd1-f7054d989898","properties":{"id":"UUID_31ba1890-23d5-4340-9dd1-f7054d989898","height_m":3.962,"ground_m":224.653,"height_source":"LoD1 solid top minus bottom","production":"2023","laser":"2019","footprints":"2020"},"geometry":{"type":"Polygon","coordinates":[[[13.826203170858875,51.12723039835491],[13.82620217919221,51.12722272661836],[13.826157761898894,51.127225023527735],[13.826159604083381,51.12723916955532],[13.826159662984391,51.1272396647452],[13.826204140788533,51.127237800092175],[13.826203170858875,51.12723039835491]]]}},{"type":"Feature","id":"UUID_074d3837-1898-49e3-af7a-3ca396a3b9cf","properties":{"id":"UUID_074d3837-1898-49e3-af7a-3ca396a3b9cf","height_m":7.222,"ground_m":224.653,"height_source":"LoD1 solid top minus bottom","production":"2023","laser":"2019","footprints":"2020"},"geometry":{"type":"Polygon","coordinates":[[[13.826204176813151,51.12723807023485],[13.826204140788533,51.127237800092175],[13.826178847558824,51.12723885913349],[13.826159662984391,51.1272396647452],[13.826159604083381,51.12723916955532],[13.826107860503706,51.127241833544765],[13.826118172001777,51.127321009888846],[13.826189076487921,51.12731735119675],[13.826242737612729,51.12731458951344],[13.8262325813264,51.12723661076835],[13.826204176813151,51.12723807023485]]]}},{"type":"Feature","id":"DESNATPU1000Gu88","properties":{"id":"DESNATPU1000Gu88","height_m":2.748,"ground_m":213.485,"height_source":"LoD1 solid top minus bottom","production":"2023","laser":"2019","footprints":"2020"},"geometry":{"type":"Polygon","coordinates":[[[13.818974142469958,51.12955044364864],[13.81897473121816,51.12957778741395],[13.819103809093908,51.12957684279419],[13.819102588751566,51.12951262256671],[13.819018824558071,51.12951321548048],[13.819019456009244,51.12955009194284],[13.818974142469958,51.12955044364864]]]}},{"type":"Feature","id":"DESNATPU1000DOcj","properties":{"id":"DESNATPU1000DOcj","height_m":7.014,"ground_m":223.487,"height_source":"LoD1 solid top minus bottom","production":"2023","laser":"2019","footprints":"2020"},"geometry":{"type":"Polygon","coordinates":[[[13.818977789612589,51.12708846655511],[13.8189740734531,51.12711706180309],[13.818992884072676,51.12711803414943],[13.818990641773365,51.127135349442796],[13.819047545136883,51.1271382712265],[13.819111741491085,51.127141572383444],[13.819122306109247,51.12706017816468],[13.819058894746426,51.127056920911585],[13.819002790877882,51.12705403418564],[13.818998184726414,51.12708950885983],[13.818977789612589,51.12708846655511]]]}},{"type":"Feature","id":"DESNATPU1000COY7","properties":{"id":"DESNATPU1000COY7","height_m":2.823,"ground_m":190.647,"height_source":"LoD1 solid top minus bottom","production":"2023","laser":"2019","footprints":"2020"},"geometry":{"type":"Polygon","coordinates":[[[13.80052934374888,51.137277368968554],[13.800602744652265,51.13732973992388],[13.800659301423543,51.137298485785934],[13.800586460466647,51.13724657024409],[13.80052934374888,51.137277368968554]]]}},{"type":"Feature","id":"DESNATPU1000FYlO","properties":{"id":"DESNATPU1000FYlO","height_m":8.185,"ground_m":228.215,"height_source":"LoD1 solid top minus bottom","production":"2023","laser":"2019","footprints":"2020"},"geometry":{"type":"Polygon","coordinates":[[[13.826202457948334,51.12570878982186],[13.826380536340134,51.12568773577076],[13.826349528147182,51.12558390953183],[13.826171449914238,51.12560497252901],[13.826202457948334,51.12570878982186]]]}},{"type":"Feature","id":"DESNATPU1000GOMa","properties":{"id":"DESNATPU1000GOMa","height_m":10.919,"ground_m":216.616,"height_source":"LoD1 solid top minus bottom","production":"2023","laser":"2019","footprints":"2020"},"geometry":{"type":"Polygon","coordinates":[[[13.823858907814143,51.128987092738306],[13.824055997706916,51.128992312236974],[13.82405679071104,51.12898359729148],[13.824057655460415,51.128927041897455],[13.824058946557056,51.12887058071728],[13.823867572299713,51.12886541870819],[13.823858907814143,51.128987092738306]]]}},{"type":"Feature","id":"DESNATPU1000FIF1","properties":{"id":"DESNATPU1000FIF1","height_m":7.615,"ground_m":224.325,"height_source":"LoD1 solid top minus bottom","production":"2023","laser":"2019","footprints":"2020"},"geometry":{"type":"Polygon","coordinates":[[[13.825683865033286,51.127229339094306],[13.82561992342893,51.12723231202031],[13.82561768253145,51.12723107550039],[13.825600954042253,51.12722181587427],[13.825574800607427,51.12722298305099],[13.825558419095307,51.12723497665992],[13.82555117854757,51.12723534458235],[13.825563449747001,51.12733976519151],[13.825629820121412,51.127336825680246],[13.82569557544873,51.12733390693302],[13.825684931466702,51.127238567323914],[13.825683865033286,51.127229339094306]]]}},{"type":"Feature","id":"DESNATPU1000HoOK","properties":{"id":"DESNATPU1000HoOK","height_m":2.416,"ground_m":218.688,"height_source":"LoD1 solid top minus bottom","production":"2023","laser":"2019","footprints":"2020"},"geometry":{"type":"Polygon","coordinates":[[[13.825228140050214,51.12857390075719],[13.82513651737611,51.12857224286666],[13.825133438641718,51.12862598828633],[13.82522678826738,51.12862717792224],[13.825228140050214,51.12857390075719]]]}},{"type":"Feature","id":"DESNATP11N0000xL","properties":{"id":"DESNATP11N0000xL","height_m":18.219,"ground_m":199.649,"height_source":"LoD1 solid top minus bottom","production":"2023","laser":"2019","footprints":"2020"},"geometry":{"type":"Polygon","coordinates":[[[13.8127039744045,51.13111869426678],[13.812699412768312,51.13119235216756],[13.812827180139523,51.131193649331905],[13.812831684404204,51.13112166348769],[13.8127039744045,51.13111869426678]]]}},{"type":"Feature","id":"DESNATPU1000IJWK","properties":{"id":"DESNATPU1000IJWK","height_m":2.592,"ground_m":220.635,"height_source":"LoD1 solid top minus bottom","production":"2023","laser":"2019","footprints":"2020"},"geometry":{"type":"Polygon","coordinates":[[[13.817695652493118,51.12757315777305],[13.817704746407822,51.12769833827815],[13.817759515368119,51.12769700354117],[13.817751852337421,51.127571747580234],[13.817695652493118,51.12757315777305]]]}},{"type":"Feature","id":"DESNATPU1000H0X3","properties":{"id":"DESNATPU1000H0X3","height_m":8.308,"ground_m":215.343,"height_source":"LoD1 solid top minus bottom","production":"2023","laser":"2019","footprints":"2020"},"geometry":{"type":"Polygon","coordinates":[[[13.823033236387667,51.129202793574365],[13.823104643867893,51.12920477123667],[13.823111686260402,51.129096390132986],[13.823040419540108,51.1290945038181],[13.823033236387667,51.129202793574365]]]}},{"type":"Feature","id":"DESNATPU1000GgBB","properties":{"id":"DESNATPU1000GgBB","height_m":3.814,"ground_m":219.489,"height_source":"LoD1 solid top minus bottom","production":"2023","laser":"2019","footprints":"2020"},"geometry":{"type":"Polygon","coordinates":[[[13.81974587858717,51.1278415819658],[13.81985696805278,51.12783860247415],[13.819853475670412,51.12778722787177],[13.819742400615391,51.12779020750514],[13.81974587858717,51.1278415819658]]]}},{"type":"Feature","id":"DESNATPU1000DPi2","properties":{"id":"DESNATPU1000DPi2","height_m":2.67,"ground_m":187.245,"height_source":"LoD1 solid top minus bottom","production":"2023","laser":"2019","footprints":"2020"},"geometry":{"type":"Polygon","coordinates":[[[13.809812841192919,51.137719714379145],[13.809766143387556,51.137648511543695],[13.809699498989927,51.13766593554067],[13.80974619670945,51.13773713840197],[13.809812841192919,51.137719714379145]]]}},{"type":"Feature","id":"DESNATPU1000IXbi","properties":{"id":"DESNATPU1000IXbi","height_m":3.909,"ground_m":223.752,"height_source":"LoD1 solid top minus bottom","production":"2023","laser":"2019","footprints":"2020"},"geometry":{"type":"Polygon","coordinates":[[[13.82490023708838,51.12729629529626],[13.824807538335444,51.12729490509893],[13.824805481627529,51.12734891258917],[13.824898180488477,51.12735030278885],[13.82490023708838,51.12729629529626]]]}},{"type":"Feature","id":"DESNATPU1000I98r","properties":{"id":"DESNATPU1000I98r","height_m":8.151,"ground_m":218.338,"height_source":"LoD1 solid top minus bottom","production":"2023","laser":"2019","footprints":"2020"},"geometry":{"type":"Polygon","coordinates":[[[13.824976502408454,51.12899832794846],[13.825122033922103,51.129002218223704],[13.825129207589601,51.12889410811148],[13.824983247780631,51.128890213540316],[13.824976502408454,51.12899832794846]]]}},{"type":"Feature","id":"DESNATPU1000HPPW","properties":{"id":"DESNATPU1000HPPW","height_m":2.589,"ground_m":220.65,"height_source":"LoD1 solid top minus bottom","production":"2023","laser":"2019","footprints":"2020"},"geometry":{"type":"Polygon","coordinates":[[[13.816453950588393,51.127671926507084],[13.816508092496699,51.127667168780654],[13.816487749379963,51.12757406821402],[13.816433605280658,51.12757891583561],[13.816453950588393,51.127671926507084]]]}},{"type":"Feature","id":"DESNATPU1000F1dl","properties":{"id":"DESNATPU1000F1dl","height_m":2.334,"ground_m":226.302,"height_source":"LoD1 solid top minus bottom","production":"2023","laser":"2019","footprints":"2020"},"geometry":{"type":"Polygon","coordinates":[[[13.820939786192643,51.126290450961505],[13.820944016308617,51.12630840708634],[13.82111453329263,51.12631623232435],[13.821102571030677,51.126269682379636],[13.821047165566954,51.12627531976617],[13.821048294082862,51.126279827497505],[13.820939786192643,51.126290450961505]]]}},{"type":"Feature","id":"DESNATP11N0000yK","properties":{"id":"DESNATP11N0000yK","height_m":2.582,"ground_m":217.067,"height_source":"LoD1 solid top minus bottom","production":"2023","laser":"2019","footprints":"2020"},"geometry":{"type":"Polygon","coordinates":[[[13.823949287853116,51.128655667455796],[13.824030961578135,51.128657415073185],[13.824032729766945,51.128619870340096],[13.824033321532895,51.1286089501586],[13.823951919359818,51.12860720527356],[13.823949287853116,51.128655667455796]]]}},{"type":"Feature","id":"DESNATPU1000FatY","properties":{"id":"DESNATPU1000FatY","height_m":2.331,"ground_m":219.537,"height_source":"LoD1 solid top minus bottom","production":"2023","laser":"2019","footprints":"2020"},"geometry":{"type":"Polygon","coordinates":[[[13.825150052093836,51.12829792160892],[13.825152523965073,51.12837510382044],[13.825236583251565,51.12837405984901],[13.825235756689064,51.12835031081414],[13.82526735062795,51.12834990878902],[13.825265419390094,51.128296472742804],[13.825150052093836,51.12829792160892]]]}},{"type":"Feature","id":"DESNATPU1000DFwF","properties":{"id":"DESNATPU1000DFwF","height_m":7.05,"ground_m":215.88,"height_source":"LoD1 solid top minus bottom","production":"2023","laser":"2019","footprints":"2020"},"geometry":{"type":"Polygon","coordinates":[[[13.822520270627358,51.12881051168306],[13.822516928660812,51.12881042407563],[13.82251151430461,51.128891825454424],[13.822507910361734,51.128945871276265],[13.822579294786822,51.12894761521858],[13.822582897503441,51.128893614346005],[13.822586522728903,51.12883928996223],[13.822518868266702,51.12883755660372],[13.822520270627358,51.12881051168306]]]}},{"type":"Feature","id":"DESNATPU1000BZcQ","properties":{"id":"DESNATPU1000BZcQ","height_m":2.413,"ground_m":223.874,"height_source":"LoD1 solid top minus bottom","production":"2023","laser":"2019","footprints":"2020"},"geometry":{"type":"Polygon","coordinates":[[[13.821857011188946,51.126766426176594],[13.82177194449932,51.12676224178861],[13.821768891152411,51.12678676111071],[13.821768691089181,51.12678900727137],[13.821765635450872,51.12681361649725],[13.82176529251583,51.12681586121834],[13.821762379745298,51.12684047188357],[13.821762036809877,51.126842716604635],[13.821758923971574,51.126869573430234],[13.821844290325485,51.12687322128377],[13.821848707821324,51.12684619774661],[13.821853092162419,51.12681935372926],[13.82185378070268,51.12679229262191],[13.821857011188946,51.126766426176594]]]}},{"type":"Feature","id":"UUID_92ffe9d6-ba09-4b69-9b6e-118bd6d2b2ae","properties":{"id":"UUID_92ffe9d6-ba09-4b69-9b6e-118bd6d2b2ae","height_m":21.14,"ground_m":185.463,"height_source":"LoD1 solid top minus bottom","production":"2023","laser":"2019","footprints":"2020"},"geometry":{"type":"Polygon","coordinates":[[[13.80911218023093,51.13903203499182],[13.809167976897735,51.139011290474556],[13.809157673465164,51.13900061913911],[13.809102294428655,51.13902179955374],[13.80911218023093,51.13903203499182]]]}},{"type":"Feature","id":"UUID_ddddd1b7-6979-4009-b8a6-5903eda76cf2","properties":{"id":"UUID_ddddd1b7-6979-4009-b8a6-5903eda76cf2","height_m":2.856,"ground_m":185.463,"height_source":"LoD1 solid top minus bottom","production":"2023","laser":"2019","footprints":"2020"},"geometry":{"type":"Polygon","coordinates":[[[13.809170247784111,51.13899581018958],[13.809117296895826,51.138940955109014],[13.80904882848016,51.13896640862813],[13.809102294428655,51.13902179955374],[13.809170247784111,51.13899581018958]]]}},{"type":"Feature","id":"DESNATPU1000DA6B","properties":{"id":"DESNATPU1000DA6B","height_m":3.343,"ground_m":223.155,"height_source":"LoD1 solid top minus bottom","production":"2023","laser":"2019","footprints":"2020"},"geometry":{"type":"Polygon","coordinates":[[[13.825990045744298,51.12761778671698],[13.825994024441375,51.12768068564693],[13.826127016161749,51.12767734455624],[13.826123177879062,51.12761453696798],[13.825990045744298,51.12761778671698]]]}},{"type":"Feature","id":"DESNATPU1000Eqyu","properties":{"id":"DESNATPU1000Eqyu","height_m":4.965,"ground_m":190.542,"height_source":"LoD1 solid top minus bottom","production":"2023","laser":"2019","footprints":"2020"},"geometry":{"type":"Polygon","coordinates":[[[13.800594620949813,51.13733433281274],[13.800665915743652,51.137385243294],[13.800767288749922,51.13732899935572],[13.800695848696963,51.1372781773733],[13.800659301423543,51.137298485785934],[13.800602744652265,51.13732973992388],[13.800594620949813,51.13733433281274]]]}},{"type":"Feature","id":"UUID_cf5f2df8-77f4-4a39-a2b1-32c6d13f427a","properties":{"id":"UUID_cf5f2df8-77f4-4a39-a2b1-32c6d13f427a","height_m":5.674,"ground_m":190.134,"height_source":"LoD1 solid top minus bottom","production":"2023","laser":"2019","footprints":"2020"},"geometry":{"type":"Polygon","coordinates":[[[13.800540127106732,51.1374900671123],[13.800536779676573,51.13749182232722],[13.800490871837692,51.137515901542116],[13.80055226317573,51.137562313077616],[13.800559694951314,51.13756787485113],[13.800610023552494,51.13760598053698],[13.800659291046353,51.13758022711698],[13.800540127106732,51.1374900671123]]]}},{"type":"Feature","id":"UUID_727fc694-5214-4877-92d3-f58342948f56","properties":{"id":"UUID_727fc694-5214-4877-92d3-f58342948f56","height_m":6.595,"ground_m":190.134,"height_source":"LoD1 solid top minus bottom","production":"2023","laser":"2019","footprints":"2020"},"geometry":{"type":"Polygon","coordinates":[[[13.800536779676573,51.13749182232722],[13.800499311863847,51.13746545810359],[13.800445064533449,51.13749583658285],[13.80048097430263,51.13752109672548],[13.800536779676573,51.13749182232722]]]}},{"type":"Feature","id":"UUID_e7b33408-2c0e-485e-93a5-3cb03333da3c","properties":{"id":"UUID_e7b33408-2c0e-485e-93a5-3cb03333da3c","height_m":6.894,"ground_m":190.134,"height_source":"LoD1 solid top minus bottom","production":"2023","laser":"2019","footprints":"2020"},"geometry":{"type":"Polygon","coordinates":[[[13.80048097430263,51.13752109672548],[13.80048100241734,51.13752111499927],[13.800454049584994,51.1375352268655],[13.800515457764265,51.137581539673235],[13.80055226317573,51.137562313077616],[13.800490871837692,51.137515901542116],[13.80048097430263,51.13752109672548]]]}},{"type":"Feature","id":"DESNATPU1000DJtP","properties":{"id":"DESNATPU1000DJtP","height_m":3.048,"ground_m":228.58,"height_source":"LoD1 solid top minus bottom","production":"2023","laser":"2019","footprints":"2020"},"geometry":{"type":"Polygon","coordinates":[[[13.824630550338865,51.12581008544524],[13.824642285344773,51.12587135379482],[13.824833716133064,51.125856911052274],[13.824825486075914,51.1258151921171],[13.82471538054047,51.12582352786876],[13.824711732518868,51.125803977032874],[13.824630550338865,51.12581008544524]]]}},{"type":"Feature","id":"UUID_d1d438f1-4ea6-4626-a706-c5a518e7815e","properties":{"id":"UUID_d1d438f1-4ea6-4626-a706-c5a518e7815e","height_m":6.413,"ground_m":219.276,"height_source":"LoD1 solid top minus bottom","production":"2023","laser":"2019","footprints":"2020"},"geometry":{"type":"Polygon","coordinates":[[[13.823614582481614,51.12806004144993],[13.82365170256335,51.12806093644771],[13.823667456244163,51.12806131074808],[13.823667455558937,51.128061337719295],[13.823711689013756,51.12806237619653],[13.823715813128922,51.127992859125904],[13.823655826083149,51.127991446350975],[13.823595182043903,51.12799001794311],[13.823591045059434,51.128059471931785],[13.823614582481614,51.12806004144993]]]}},{"type":"Feature","id":"UUID_4269be06-9bae-4edb-9bee-38afec49a7bb","properties":{"id":"UUID_4269be06-9bae-4edb-9bee-38afec49a7bb","height_m":4.832,"ground_m":219.276,"height_source":"LoD1 solid top minus bottom","production":"2023","laser":"2019","footprints":"2020"},"geometry":{"type":"Polygon","coordinates":[[[13.823667456244163,51.12806131074808],[13.823640033978684,51.12806064820387],[13.823614582481614,51.12806004144993],[13.823612756925153,51.12809083208441],[13.82363820843911,51.12809143883887],[13.823665631179605,51.128092083402805],[13.823667455558937,51.128061337719295],[13.823667456244163,51.12806131074808]]]}},{"type":"Feature","id":"DESNATPU1000D8nN","properties":{"id":"DESNATPU1000D8nN","height_m":9.862,"ground_m":215.34,"height_source":"LoD1 solid top minus bottom","production":"2023","laser":"2019","footprints":"2020"},"geometry":{"type":"Polygon","coordinates":[[[13.817846036451549,51.12882141798888],[13.817846780168892,51.12884042709413],[13.81786263561984,51.12884018270798],[13.817864278158623,51.12888276178767],[13.818001185976046,51.128880692522735],[13.817998439231996,51.12880914577258],[13.817864061934614,51.128811186658666],[13.817864451010061,51.12882113652422],[13.817846036451549,51.12882141798888]]]}},{"type":"Feature","id":"DESNATPU1000ICFF","properties":{"id":"DESNATPU1000ICFF","height_m":2.416,"ground_m":221.265,"height_source":"LoD1 solid top minus bottom","production":"2023","laser":"2019","footprints":"2020"},"geometry":{"type":"Polygon","coordinates":[[[13.828030001800377,51.12800028654648],[13.827981092374772,51.128007260296826],[13.828000882688539,51.12806214325353],[13.828051943723963,51.12805485832837],[13.828030001800377,51.12800028654648]]]}},{"type":"Feature","id":"DESNATPU1000IWLT","properties":{"id":"DESNATPU1000IWLT","height_m":6.277,"ground_m":225.699,"height_source":"LoD1 solid top minus bottom","production":"2023","laser":"2019","footprints":"2020"},"geometry":{"type":"Polygon","coordinates":[[[13.827001379191938,51.12680665035085],[13.826860864872,51.12681708414273],[13.826875858932596,51.12689706278508],[13.82701637349246,51.1268866289769],[13.827001379191938,51.12680665035085]]]}},{"type":"Feature","id":"DESNATPU1000Ayh6","properties":{"id":"DESNATPU1000Ayh6","height_m":4.248,"ground_m":225.156,"height_source":"LoD1 solid top minus bottom","production":"2023","laser":"2019","footprints":"2020"},"geometry":{"type":"Polygon","coordinates":[[[13.819761264934703,51.12655338814832],[13.819764491232897,51.12666789787827],[13.81986655609133,51.126666769725816],[13.819863327249358,51.12655234990096],[13.819761264934703,51.12655338814832]]]}},{"type":"Feature","id":"DESNATPU1000IOsC","properties":{"id":"DESNATPU1000IOsC","height_m":5.756,"ground_m":222.038,"height_source":"LoD1 solid top minus bottom","production":"2023","laser":"2019","footprints":"2020"},"geometry":{"type":"Polygon","coordinates":[[[13.817071333514948,51.12740254706549],[13.817070170055391,51.12743857807029],[13.817084459901489,51.12743862370571],[13.817083459995496,51.127473847021136],[13.817155336111652,51.12747470898008],[13.817226697887275,51.12747556569244],[13.817229946483769,51.127376364017486],[13.817158444284582,51.12737541595905],[13.817086427746256,51.12737446265388],[13.817085548927528,51.12740270885307],[13.817071333514948,51.12740254706549]]]}},{"type":"Feature","id":"DESNATPU1000IX9M","properties":{"id":"DESNATPU1000IX9M","height_m":6.334,"ground_m":216.497,"height_source":"LoD1 solid top minus bottom","production":"2023","laser":"2019","footprints":"2020"},"geometry":{"type":"Polygon","coordinates":[[[13.820330831614102,51.128462981170905],[13.820417412499266,51.12846394449631],[13.820420222301095,51.128364873237004],[13.820333643891654,51.12836382001095],[13.820330831614102,51.128462981170905]]]}},{"type":"Feature","id":"UUID_d495eb26-61e6-46ea-9e5e-51e6d47c5ac9","properties":{"id":"UUID_d495eb26-61e6-46ea-9e5e-51e6d47c5ac9","height_m":6.181,"ground_m":226.518,"height_source":"LoD1 solid top minus bottom","production":"2023","laser":"2019","footprints":"2020"},"geometry":{"type":"Polygon","coordinates":[[[13.826527130925186,51.12666034701756],[13.826481705723905,51.12666240012346],[13.82646993091213,51.126656166918146],[13.82644048425726,51.126657597996946],[13.826430830742714,51.12666465031359],[13.826432171048078,51.126673791358314],[13.82652816080591,51.12666933207],[13.826527130925186,51.12666034701756]]]}},{"type":"Feature","id":"UUID_8fa21628-c8a2-4ce8-8303-882db5ca52b9","properties":{"id":"UUID_8fa21628-c8a2-4ce8-8303-882db5ca52b9","height_m":6.393,"ground_m":226.518,"height_source":"LoD1 solid top minus bottom","production":"2023","laser":"2019","footprints":"2020"},"geometry":{"type":"Polygon","coordinates":[[[13.826535778278426,51.126735289052796],[13.82652816080591,51.12666933207],[13.826432171048078,51.126673791358314],[13.826384083182418,51.12667602453605],[13.826391900926362,51.126741965553464],[13.826535778278426,51.126735289052796]]]}},{"type":"Feature","id":"DESNATPU1000F8co","properties":{"id":"DESNATPU1000F8co","height_m":2.79,"ground_m":190.52,"height_source":"LoD1 solid top minus bottom","production":"2023","laser":"2019","footprints":"2020"},"geometry":{"type":"Polygon","coordinates":[[[13.79986039079814,51.13701790069252],[13.799918065931628,51.13706480500166],[13.79992139230387,51.13706331037673],[13.799965553137394,51.13704155156072],[13.79996960405998,51.13704519021172],[13.799974242185893,51.13704271984824],[13.799990908990063,51.137033898167424],[13.800091392726074,51.13698439021595],[13.80002979085182,51.136934568033794],[13.79986039079814,51.13701790069252]]]}},{"type":"Feature","id":"DESNATPU1000ICoV","properties":{"id":"DESNATPU1000ICoV","height_m":18.034,"ground_m":186.101,"height_source":"LoD1 solid top minus bottom","production":"2023","laser":"2019","footprints":"2020"},"geometry":{"type":"Polygon","coordinates":[[[13.806262758212801,51.13935876225314],[13.806216898851071,51.139413149591654],[13.806282518760336,51.139435042181496],[13.806298423710164,51.13941694935098],[13.806328477084316,51.139426698440644],[13.806358986832361,51.13939103905668],[13.806262758212801,51.13935876225314]]]}},{"type":"Feature","id":"DESNATPU1000DGse","properties":{"id":"DESNATPU1000DGse","height_m":7.05,"ground_m":221.24,"height_source":"LoD1 solid top minus bottom","production":"2023","laser":"2019","footprints":"2020"},"geometry":{"type":"Polygon","coordinates":[[[13.826649272655446,51.128005990572156],[13.826518424527638,51.128014938238394],[13.826540305998936,51.12814174806807],[13.826671183056861,51.128132800666556],[13.826670446712287,51.12812858469434],[13.826713681097011,51.128125628244504],[13.826701405788102,51.12805453468694],[13.826658171469132,51.12805749113267],[13.826649272655446,51.128005990572156]]]}},{"type":"Feature","id":"DESNATPU1000Elik","properties":{"id":"DESNATPU1000Elik","height_m":2.758,"ground_m":216.872,"height_source":"LoD1 solid top minus bottom","production":"2023","laser":"2019","footprints":"2020"},"geometry":{"type":"Polygon","coordinates":[[[13.823330966286562,51.12853214651564],[13.823327654696442,51.12859497218156],[13.823370365806515,51.128595761657415],[13.823373675054075,51.12853302589394],[13.823330966286562,51.12853214651564]]]}},{"type":"Feature","id":"DESNATPU1000CrE3","properties":{"id":"DESNATPU1000CrE3","height_m":3.113,"ground_m":218.537,"height_source":"LoD1 solid top minus bottom","production":"2023","laser":"2019","footprints":"2020"},"geometry":{"type":"Polygon","coordinates":[[[13.821702989101913,51.12794951929948],[13.821597795805307,51.12794487120066],[13.821587256035064,51.12804398149427],[13.821696053800423,51.128047955498126],[13.821702989101913,51.12794951929948]]]}},{"type":"Feature","id":"UUID_6d51fb56-ae3f-47bb-9b6b-41dde4a34499","properties":{"id":"UUID_6d51fb56-ae3f-47bb-9b6b-41dde4a34499","height_m":4.349,"ground_m":220.557,"height_source":"LoD1 solid top minus bottom","production":"2023","laser":"2019","footprints":"2020"},"geometry":{"type":"Polygon","coordinates":[[[13.821292844081846,51.12749940161946],[13.821302729565748,51.12741815325207],[13.821267106009968,51.127416876912534],[13.821259747495564,51.12749822269106],[13.821292844081846,51.12749940161946]]]}},{"type":"Feature","id":"UUID_35033853-d369-47e5-9407-ee5da5096672","properties":{"id":"UUID_35033853-d369-47e5-9407-ee5da5096672","height_m":6.577,"ground_m":220.557,"height_source":"LoD1 solid top minus bottom","production":"2023","laser":"2019","footprints":"2020"},"geometry":{"type":"Polygon","coordinates":[[[13.821446565904674,51.12742330799905],[13.821394351439556,51.12742143283472],[13.821302729565748,51.12741815325207],[13.821292844081846,51.12749940161946],[13.821289410614957,51.127527613097364],[13.82147045609572,51.127536335282464],[13.821484005207328,51.12742511516761],[13.821473899611663,51.127424626634195],[13.821446565904674,51.12742330799905]]]}},{"type":"Feature","id":"DESNATPU1000HH2d","properties":{"id":"DESNATPU1000HH2d","height_m":3.333,"ground_m":227.301,"height_source":"LoD1 solid top minus bottom","production":"2023","laser":"2019","footprints":"2020"},"geometry":{"type":"Polygon","coordinates":[[[13.823931006195368,51.12615988247508],[13.824031017203643,51.12616079835705],[13.824032013664086,51.12611593477848],[13.823932147905545,51.12611493043081],[13.823931006195368,51.12615988247508]]]}},{"type":"Feature","id":"DESNATPU1000IE9W","properties":{"id":"DESNATPU1000IE9W","height_m":2.843,"ground_m":221.84,"height_source":"LoD1 solid top minus bottom","production":"2023","laser":"2019","footprints":"2020"},"geometry":{"type":"Polygon","coordinates":[[[13.823395885634806,51.12746779392459],[13.823387398791557,51.127531826508246],[13.823374558425822,51.127530977892064],[13.823369892075922,51.12756276510988],[13.82343140676273,51.12756590201775],[13.823443983783823,51.12747025626764],[13.823395885634806,51.12746779392459]]]}},{"type":"Feature","id":"DESNATPU1000HFLS","properties":{"id":"DESNATPU1000HFLS","height_m":7.07,"ground_m":215.823,"height_source":"LoD1 solid top minus bottom","production":"2023","laser":"2019","footprints":"2020"},"geometry":{"type":"Polygon","coordinates":[[[13.822298613851121,51.128831732518485],[13.822229731808287,51.1288299416659],[13.822226102734852,51.12888440089195],[13.822222517092722,51.128938276029196],[13.822293882173637,51.12894021779046],[13.822297454588563,51.12888629755461],[13.822302872750347,51.12880476133211],[13.822300416168979,51.128804700620734],[13.822298613851121,51.128831732518485]]]}},{"type":"Feature","id":"UUID_1dcefe32-1949-4662-9183-051c50ce7e25","properties":{"id":"UUID_1dcefe32-1949-4662-9183-051c50ce7e25","height_m":3.744,"ground_m":222.518,"height_source":"LoD1 solid top minus bottom","production":"2023","laser":"2019","footprints":"2020"},"geometry":{"type":"Polygon","coordinates":[[[13.821569958072127,51.12693295631375],[13.821464190706047,51.12692793359963],[13.821461082265133,51.12695461060777],[13.821461081349819,51.126954646569374],[13.821566694006528,51.12696013534766],[13.821569958072127,51.12693295631375]]]}},{"type":"Feature","id":"UUID_4d35605e-30cf-4d3d-888a-eac91bbde414","properties":{"id":"UUID_4d35605e-30cf-4d3d-888a-eac91bbde414","height_m":5.349,"ground_m":222.518,"height_source":"LoD1 solid top minus bottom","production":"2023","laser":"2019","footprints":"2020"},"geometry":{"type":"Polygon","coordinates":[[[13.821461081349819,51.126954646569374],[13.821461082265133,51.12695461060777],[13.821397999237787,51.12695136692518],[13.821383618703099,51.12706156248322],[13.821547548570994,51.127070022117145],[13.821618124330783,51.12707366496121],[13.821634057726982,51.126963637900694],[13.821566693091295,51.12696017130926],[13.821566694006528,51.12696013534766],[13.821461081349819,51.126954646569374]]]}},{"type":"Feature","id":"UUID_bf609bb8-d92f-4589-90f6-0d133006d677","properties":{"id":"UUID_bf609bb8-d92f-4589-90f6-0d133006d677","height_m":2.516,"ground_m":222.518,"height_source":"LoD1 solid top minus bottom","production":"2023","laser":"2019","footprints":"2020"},"geometry":{"type":"Polygon","coordinates":[[[13.821618124330783,51.12707366496121],[13.821547548570994,51.127070022117145],[13.821542468438599,51.12710510542164],[13.821612976806401,51.1271091522612],[13.821618124330783,51.12707366496121]]]}},{"type":"Feature","id":"DESNATPU1000Jezq","properties":{"id":"DESNATPU1000Jezq","height_m":8.014,"ground_m":215.186,"height_source":"LoD1 solid top minus bottom","production":"2023","laser":"2019","footprints":"2020"},"geometry":{"type":"Polygon","coordinates":[[[13.82173920308777,51.12917771193347],[13.821810896218578,51.12917969326446],[13.821818084512037,51.12907131369764],[13.821745393687227,51.12906923239075],[13.82173920308777,51.12917771193347]]]}},{"type":"Feature","id":"UUID_dcb8bf2c-57a3-48ab-878d-0f4b17716537","properties":{"id":"UUID_dcb8bf2c-57a3-48ab-878d-0f4b17716537","height_m":13.821,"ground_m":190.221,"height_source":"LoD1 solid top minus bottom","production":"2023","laser":"2019","footprints":"2020"},"geometry":{"type":"Polygon","coordinates":[[[13.799989298257792,51.13741690794271],[13.79994753349034,51.13743941077171],[13.799983682669918,51.1374670026358],[13.80002911134556,51.13744597622214],[13.799989298257792,51.13741690794271]]]}},{"type":"Feature","id":"UUID_c59e15f6-504e-4ede-8ba0-5ad2035bc49d","properties":{"id":"UUID_c59e15f6-504e-4ede-8ba0-5ad2035bc49d","height_m":2.753,"ground_m":190.221,"height_source":"LoD1 solid top minus bottom","production":"2023","laser":"2019","footprints":"2020"},"geometry":{"type":"Polygon","coordinates":[[[13.799911551412366,51.13733811639839],[13.799872698656065,51.1373591203239],[13.799885743869002,51.13736869653798],[13.799924568746276,51.137347665343945],[13.799911551412366,51.13733811639839]]]}},{"type":"Feature","id":"UUID_b991556e-5a5e-4ffd-af29-d94c01135859","properties":{"id":"UUID_b991556e-5a5e-4ffd-af29-d94c01135859","height_m":2.717,"ground_m":190.221,"height_source":"LoD1 solid top minus bottom","production":"2023","laser":"2019","footprints":"2020"},"geometry":{"type":"Polygon","coordinates":[[[13.799885743869002,51.13736869653798],[13.799845005362709,51.137390760226985],[13.799846828135225,51.13739212783908],[13.799926788714224,51.137450591651096],[13.799938962741747,51.137444151903786],[13.7999522914677,51.137453820946575],[13.79996111578495,51.13744977485382],[13.79994753349034,51.13743941077171],[13.799989298257792,51.13741690794271],[13.799989270376422,51.13741688067851],[13.80000637534614,51.137407703783495],[13.799924568746276,51.137347665343945],[13.799885743869002,51.13736869653798]]]}},{"type":"Feature","id":"DESNATPU1000D9yK","properties":{"id":"DESNATPU1000D9yK","height_m":7.92,"ground_m":216.213,"height_source":"LoD1 solid top minus bottom","production":"2023","laser":"2019","footprints":"2020"},"geometry":{"type":"Polygon","coordinates":[[[13.819234622536754,51.12839265551525],[13.819239986985474,51.12849612579161],[13.81933393025573,51.12849419666698],[13.819328284429732,51.12839054370058],[13.819234622536754,51.12839265551525]]]}},{"type":"Feature","id":"DESNATPU1000IDnu","properties":{"id":"DESNATPU1000IDnu","height_m":2.444,"ground_m":218.434,"height_source":"LoD1 solid top minus bottom","production":"2023","laser":"2019","footprints":"2020"},"geometry":{"type":"Polygon","coordinates":[[[13.824919208579864,51.12862608390991],[13.824961200805788,51.12862704543451],[13.824964279740133,51.12857330002069],[13.824922287562854,51.1285723384975],[13.824919208579864,51.12862608390991]]]}},{"type":"Feature","id":"UUID_21c48914-2fb8-4f96-8985-ef330ef53def","properties":{"id":"UUID_21c48914-2fb8-4f96-8985-ef330ef53def","height_m":8.768,"ground_m":226.403,"height_source":"LoD1 solid top minus bottom","production":"2023","laser":"2019","footprints":"2020"},"geometry":{"type":"Polygon","coordinates":[[[13.818447392769865,51.126305697857894],[13.818448008130236,51.12629446318956],[13.818449781359767,51.1262624940412],[13.818451374744281,51.12623365253815],[13.818327915478111,51.12623094818724],[13.818323918795564,51.126303002347576],[13.818447392769865,51.126305697857894]]]}},{"type":"Feature","id":"UUID_a3539548-c63e-4e10-98ec-e6501b508ea3","properties":{"id":"UUID_a3539548-c63e-4e10-98ec-e6501b508ea3","height_m":4.046,"ground_m":226.403,"height_source":"LoD1 solid top minus bottom","production":"2023","laser":"2019","footprints":"2020"},"geometry":{"type":"Polygon","coordinates":[[[13.818472231726245,51.126294986723586],[13.818474004709678,51.12626302656513],[13.818449781359767,51.1262624940412],[13.818448008130236,51.12629446318956],[13.818472231726245,51.126294986723586]]]}},{"type":"Feature","id":"DESNATPU1000Ix2p","properties":{"id":"DESNATPU1000Ix2p","height_m":3.892,"ground_m":228.419,"height_source":"LoD1 solid top minus bottom","production":"2023","laser":"2019","footprints":"2020"},"geometry":{"type":"Polygon","coordinates":[[[13.826523029985013,51.12627913215639],[13.82651556102661,51.126204498698975],[13.826416684961533,51.12620841642246],[13.826418281144262,51.1262243765054],[13.826315223656739,51.12622862987142],[13.826324449231794,51.12631739052531],[13.82643866537505,51.126312673605725],[13.826435526289822,51.12628259747979],[13.826523029985013,51.12627913215639]]]}},{"type":"Feature","id":"DESNATPU1000HZSK","properties":{"id":"DESNATPU1000HZSK","height_m":3.421,"ground_m":225.754,"height_source":"LoD1 solid top minus bottom","production":"2023","laser":"2019","footprints":"2020"},"geometry":{"type":"Polygon","coordinates":[[[13.823438741836418,51.12656465617661],[13.823548227990898,51.126566153409186],[13.82354981559897,51.12651435341507],[13.823440198013543,51.12651297176631],[13.823438741836418,51.12656465617661]]]}},{"type":"Feature","id":"DESNATPU1000GRoo","properties":{"id":"DESNATPU1000GRoo","height_m":8.606,"ground_m":228.043,"height_source":"LoD1 solid top minus bottom","production":"2023","laser":"2019","footprints":"2020"},"geometry":{"type":"Polygon","coordinates":[[[13.824134482638689,51.12579044907333],[13.82415199564393,51.12585601114066],[13.824322955135845,51.12583791917602],[13.824301878965345,51.12575903009097],[13.824169049367951,51.125773081030516],[13.824172612031568,51.125786417066294],[13.824134482638689,51.12579044907333]]]}},{"type":"Feature","id":"DESNATPU1000DgZe","properties":{"id":"DESNATPU1000DgZe","height_m":3.401,"ground_m":225.897,"height_source":"LoD1 solid top minus bottom","production":"2023","laser":"2019","footprints":"2020"},"geometry":{"type":"Polygon","coordinates":[[[13.82325305540893,51.12630063238025],[13.823152987001452,51.126301963432574],[13.823154559060026,51.12634694278203],[13.823254484694571,51.12634561029127],[13.82325305540893,51.12630063238025]]]}},{"type":"Feature","id":"DESNATPU1000HAWv","properties":{"id":"DESNATPU1000HAWv","height_m":7.897,"ground_m":215.286,"height_source":"LoD1 solid top minus bottom","production":"2023","laser":"2019","footprints":"2020"},"geometry":{"type":"Polygon","coordinates":[[[13.819568404718645,51.128966882262056],[13.819566827729581,51.12901191979085],[13.819738691852185,51.129014373966825],[13.819740411552285,51.12896933787672],[13.819568404718645,51.128966882262056]]]}},{"type":"Feature","id":"DESNATPU1000HmmO","properties":{"id":"DESNATPU1000HmmO","height_m":7.182,"ground_m":223.624,"height_source":"LoD1 solid top minus bottom","production":"2023","laser":"2019","footprints":"2020"},"geometry":{"type":"Polygon","coordinates":[[[13.826204784109736,51.12756926855132],[13.826201231554302,51.12754197601227],[13.826176504184176,51.12754325655848],[13.826170903486204,51.12750035910658],[13.826119974907666,51.1275029953126],[13.826049427772771,51.12750663956581],[13.826059801997646,51.12758615826414],[13.82613146549452,51.12758245326924],[13.826183510173347,51.12757976531252],[13.826182289207274,51.12757042762472],[13.826204784109736,51.12756926855132]]]}},{"type":"Feature","id":"DESNATPU1000DB4r","properties":{"id":"DESNATPU1000DB4r","height_m":10.832,"ground_m":216.694,"height_source":"LoD1 solid top minus bottom","production":"2023","laser":"2019","footprints":"2020"},"geometry":{"type":"Polygon","coordinates":[[[13.824310863966296,51.12899037857499],[13.82431035220076,51.128999276203615],[13.82450700900854,51.12900467044144],[13.82451523859662,51.12888317185194],[13.824455114336459,51.12888148833112],[13.824324297423825,51.12887783509026],[13.824310863966296,51.12899037857499]]]}},{"type":"Feature","id":"DESNATPU1000GtdI","properties":{"id":"DESNATPU1000GtdI","height_m":7.95,"ground_m":215.329,"height_source":"LoD1 solid top minus bottom","production":"2023","laser":"2019","footprints":"2020"},"geometry":{"type":"Polygon","coordinates":[[[13.822277801060896,51.129219018446726],[13.822349065647257,51.1292209951314],[13.822356397854842,51.12911252705889],[13.822284988269493,51.12911063884477],[13.822277801060896,51.129219018446726]]]}},{"type":"Feature","id":"DESNATPU1000FGan","properties":{"id":"DESNATPU1000FGan","height_m":2.577,"ground_m":226.024,"height_source":"LoD1 solid top minus bottom","production":"2023","laser":"2019","footprints":"2020"},"geometry":{"type":"Polygon","coordinates":[[[13.819998480882026,51.12636873382199],[13.81986568521579,51.126363949493864],[13.819854786416812,51.126420385647414],[13.819997106235164,51.12642267619648],[13.819998480882026,51.12636873382199]]]}},{"type":"Feature","id":"DESNATPU1000E382","properties":{"id":"DESNATPU1000E382","height_m":7.472,"ground_m":219.602,"height_source":"LoD1 solid top minus bottom","production":"2023","laser":"2019","footprints":"2020"},"geometry":{"type":"Polygon","coordinates":[[[13.824122436648281,51.1280869656406],[13.82412172946997,51.12809792962636],[13.824146109657683,51.128098516504636],[13.824166719300186,51.12809901150792],[13.824167352085945,51.1280853489632],[13.824202485774652,51.12808624179773],[13.824206658904721,51.1280175795122],[13.824150843514591,51.12801903264555],[13.824089536913036,51.12802061938001],[13.824085731329877,51.12808605697781],[13.824122436648281,51.1280869656406]]]}},{"type":"Feature","id":"DESNATPU1000DFYa","properties":{"id":"DESNATPU1000DFYa","height_m":8.047,"ground_m":215.534,"height_source":"LoD1 solid top minus bottom","production":"2023","laser":"2019","footprints":"2020"},"geometry":{"type":"Polygon","coordinates":[[[13.820938261605603,51.128769733449985],[13.820862418839502,51.128767979519886],[13.820855518703684,51.128876182092654],[13.820931071312021,51.128878112955015],[13.820938261605603,51.128769733449985]]]}},{"type":"Feature","id":"UUID_9c9361d6-95ec-4c59-9623-a74d9daf0092","properties":{"id":"UUID_9c9361d6-95ec-4c59-9623-a74d9daf0092","height_m":3.049,"ground_m":225.822,"height_source":"LoD1 solid top minus bottom","production":"2023","laser":"2019","footprints":"2020"},"geometry":{"type":"Polygon","coordinates":[[[13.822109059368016,51.126246722904035],[13.822101211581742,51.12626647277084],[13.822076573209035,51.12626259153115],[13.822064370696891,51.12626701892083],[13.822162118778525,51.12628218503054],[13.822160837030202,51.12628538251625],[13.822181261794716,51.12628861878582],[13.822192710646009,51.12625988550029],[13.822109059368016,51.126246722904035]]]}},{"type":"Feature","id":"UUID_00f90139-4ebc-4d4c-9d94-7ec24ff4ed15","properties":{"id":"UUID_00f90139-4ebc-4d4c-9d94-7ec24ff4ed15","height_m":6.759,"ground_m":225.822,"height_source":"LoD1 solid top minus bottom","production":"2023","laser":"2019","footprints":"2020"},"geometry":{"type":"Polygon","coordinates":[[[13.821988139283947,51.12631103466705],[13.821987828384719,51.12631202073276],[13.822064277280203,51.12632405871665],[13.822115304990927,51.12633209062884],[13.822114851224208,51.12633307525577],[13.822119078684539,51.126333738335354],[13.82214002888482,51.126337105802605],[13.822160837030202,51.12628538251625],[13.822162118778525,51.12628218503054],[13.822085580086965,51.12627030807455],[13.822064370696891,51.12626701892083],[13.822008770897678,51.126258392372534],[13.821988139283947,51.12631103466705]]]}},{"type":"Feature","id":"DESNATPU1000G3FP","properties":{"id":"DESNATPU1000G3FP","height_m":3.228,"ground_m":225.224,"height_source":"LoD1 solid top minus bottom","production":"2023","laser":"2019","footprints":"2020"},"geometry":{"type":"Polygon","coordinates":[[[13.821984121466288,51.126451550191646],[13.821974105765458,51.126476745775264],[13.822002348802712,51.12648105902814],[13.822056948773694,51.12648967550656],[13.822066931741665,51.12646464145504],[13.821984121466288,51.126451550191646]]]}},{"type":"Feature","id":"DESNATPU1000Dl0U","properties":{"id":"DESNATPU1000Dl0U","height_m":7.591,"ground_m":226.789,"height_source":"LoD1 solid top minus bottom","production":"2023","laser":"2019","footprints":"2020"},"geometry":{"type":"Polygon","coordinates":[[[13.821149448669544,51.12607248627409],[13.821167356215058,51.126144842271344],[13.82128828504788,51.12613298590248],[13.821270377317369,51.126060629922385],[13.821149448669544,51.12607248627409]]]}},{"type":"Feature","id":"DESNATP11N0000v3","properties":{"id":"DESNATP11N0000v3","height_m":8.093,"ground_m":215.842,"height_source":"LoD1 solid top minus bottom","production":"2023","laser":"2019","footprints":"2020"},"geometry":{"type":"Polygon","coordinates":[[[13.82045568877208,51.12897820067432],[13.820535209873482,51.128980315705],[13.820614745041851,51.128982439816134],[13.820618429735482,51.12892811608581],[13.820575543404923,51.128926901181266],[13.820575450527185,51.12892830310627],[13.820538803613527,51.128927321979575],[13.820459268315101,51.1289252068078],[13.82045919727993,51.128926312193826],[13.82045568877208,51.12897820067432]]]}},{"type":"Feature","id":"DESNATPU1000I8gs","properties":{"id":"DESNATPU1000I8gs","height_m":6.827,"ground_m":224.527,"height_source":"LoD1 solid top minus bottom","production":"2023","laser":"2019","footprints":"2020"},"geometry":{"type":"Polygon","coordinates":[[[13.8218318612385,51.12661976253925],[13.821810538325861,51.12661643622557],[13.821788982878516,51.126671110519354],[13.821839087062635,51.12667894439848],[13.821848318665907,51.12668794018789],[13.821876075142578,51.126692284539345],[13.8218686818693,51.12671101380041],[13.821952207615913,51.12672408537327],[13.821963495217013,51.12669552134828],[13.821945306733054,51.12669256835902],[13.821966316162472,51.12664305934247],[13.821958576231287,51.12664171339722],[13.821958887133462,51.12664072733167],[13.821831407462854,51.12662074716497],[13.8218318612385,51.12661976253925]]]}},{"type":"Feature","id":"DESNATPU1000HyX3","properties":{"id":"DESNATPU1000HyX3","height_m":2.865,"ground_m":224.791,"height_source":"LoD1 solid top minus bottom","production":"2023","laser":"2019","footprints":"2020"},"geometry":{"type":"Polygon","coordinates":[[[13.827804953998772,51.12694823195933],[13.827938731062863,51.127015399466714],[13.827976939637013,51.12698511731576],[13.827843305475684,51.1269179512841],[13.827804953998772,51.12694823195933]]]}},{"type":"Feature","id":"DESNATPU1000HuR8","properties":{"id":"DESNATPU1000HuR8","height_m":3.607,"ground_m":218.462,"height_source":"LoD1 solid top minus bottom","production":"2023","laser":"2019","footprints":"2020"},"geometry":{"type":"Polygon","coordinates":[[[13.819368845587237,51.12808331277244],[13.819369600423732,51.128092942588495],[13.819371306086834,51.128216609510055],[13.819427767210582,51.12821619034474],[13.819425873464983,51.12808307918484],[13.819368845587237,51.12808331277244]]]}},{"type":"Feature","id":"DESNATPU1000EaKm","properties":{"id":"DESNATPU1000EaKm","height_m":8.066,"ground_m":215.485,"height_source":"LoD1 solid top minus bottom","production":"2023","laser":"2019","footprints":"2020"},"geometry":{"type":"Polygon","coordinates":[[[13.822493582695477,51.12919736079266],[13.822564849546232,51.129199247441676],[13.822572024647835,51.129091317337306],[13.822500755676339,51.1290895205977],[13.822493582695477,51.12919736079266]]]}},{"type":"Feature","id":"DESNATPU1000HcYT","properties":{"id":"DESNATPU1000HcYT","height_m":6.244,"ground_m":190.739,"height_source":"LoD1 solid top minus bottom","production":"2023","laser":"2019","footprints":"2020"},"geometry":{"type":"Polygon","coordinates":[[[13.799776919899553,51.13652154593013],[13.79975791906044,51.136504624484566],[13.799833953386974,51.136466376481714],[13.799719080896521,51.136376259649616],[13.79957239979056,51.13644894389658],[13.799708439817572,51.136555105296964],[13.799776919899553,51.13652154593013]]]}},{"type":"Feature","id":"UUID_a88aa5c6-7d0f-4653-abe8-6581b3d237bf","properties":{"id":"UUID_a88aa5c6-7d0f-4653-abe8-6581b3d237bf","height_m":3.314,"ground_m":186.891,"height_source":"LoD1 solid top minus bottom","production":"2023","laser":"2019","footprints":"2020"},"geometry":{"type":"Polygon","coordinates":[[[13.80451667371734,51.1389365243419],[13.804505780231729,51.13891221362778],[13.804437295569784,51.138924364086336],[13.804465893753004,51.13898820785598],[13.804534392793293,51.13897605752748],[13.80451667371734,51.1389365243419]]]}},{"type":"Feature","id":"UUID_7c9d8c86-e764-4f6c-ac3d-05f38ebd2b8d","properties":{"id":"UUID_7c9d8c86-e764-4f6c-ac3d-05f38ebd2b8d","height_m":20.387,"ground_m":186.891,"height_source":"LoD1 solid top minus bottom","production":"2023","laser":"2019","footprints":"2020"},"geometry":{"type":"Polygon","coordinates":[[[13.804534392793293,51.13897605752748],[13.804557082116695,51.13897203591593],[13.804539363022785,51.13893250273364],[13.80451667371734,51.1389365243419],[13.804534392793293,51.13897605752748]]]}},{"type":"Feature","id":"DESNATPU1000Cqq8","properties":{"id":"DESNATPU1000Cqq8","height_m":8.058,"ground_m":215.869,"height_source":"LoD1 solid top minus bottom","production":"2023","laser":"2019","footprints":"2020"},"geometry":{"type":"Polygon","coordinates":[[[13.822078130709048,51.1289343307292],[13.82215113795942,51.12893632509009],[13.822158364613532,51.12882808977055],[13.822084583935103,51.128826168557126],[13.822078130709048,51.1289343307292]]]}},{"type":"Feature","id":"DESNATPU1000IZqV","properties":{"id":"DESNATPU1000IZqV","height_m":8.086,"ground_m":215.139,"height_source":"LoD1 solid top minus bottom","production":"2023","laser":"2019","footprints":"2020"},"geometry":{"type":"Polygon","coordinates":[[[13.82159512580904,51.12920090013744],[13.821667535650553,51.12920279885162],[13.821668076902865,51.12917591612538],[13.821670444791863,51.12909410639287],[13.821602176309321,51.12909233933985],[13.82159512580904,51.12920090013744]]]}},{"type":"Feature","id":"UUID_bd9dacb4-73c6-4e3b-8650-61977eaf2ba1","properties":{"id":"UUID_bd9dacb4-73c6-4e3b-8650-61977eaf2ba1","height_m":3.006,"ground_m":228.659,"height_source":"LoD1 solid top minus bottom","production":"2023","laser":"2019","footprints":"2020"},"geometry":{"type":"Polygon","coordinates":[[[13.8244528434841,51.125785493596666],[13.824461170900646,51.12581210579298],[13.82449256181871,51.125808374641146],[13.824484492004421,51.125781747051285],[13.824484377253187,51.12578176388314],[13.8244528434841,51.125785493596666]]]}},{"type":"Feature","id":"UUID_ed4624ed-589e-410b-92f9-51018aacad73","properties":{"id":"UUID_ed4624ed-589e-410b-92f9-51018aacad73","height_m":8.397,"ground_m":228.659,"height_source":"LoD1 solid top minus bottom","production":"2023","laser":"2019","footprints":"2020"},"geometry":{"type":"Polygon","coordinates":[[[13.82449256181871,51.125808374641146],[13.824623574983468,51.12579269538195],[13.824679335670309,51.125785971756656],[13.824669394703976,51.12575311141334],[13.824656527160013,51.125710563487516],[13.824600766789239,51.12571727811217],[13.824469751320411,51.125733056241884],[13.824482519375104,51.12577557621043],[13.824484377253187,51.12578176388314],[13.824484492004421,51.125781747051285],[13.82449256181871,51.125808374641146]]]}},{"type":"Feature","id":"DESNATPU1000E61l","properties":{"id":"DESNATPU1000E61l","height_m":8.306,"ground_m":216.102,"height_source":"LoD1 solid top minus bottom","production":"2023","laser":"2019","footprints":"2020"},"geometry":{"type":"Polygon","coordinates":[[[13.822411544387322,51.12855697368956],[13.822482959984832,51.12855859210901],[13.82248899214046,51.12845065048897],[13.82241757670911,51.12844903207428],[13.822411544387322,51.12855697368956]]]}},{"type":"Feature","id":"DESNATPU1000FIHQ","properties":{"id":"DESNATPU1000FIHQ","height_m":8.026,"ground_m":215.186,"height_source":"LoD1 solid top minus bottom","production":"2023","laser":"2019","footprints":"2020"},"geometry":{"type":"Polygon","coordinates":[[[13.821818084512037,51.12907131369764],[13.821810896218578,51.12917969326446],[13.821878452733408,51.12918136309519],[13.821889236360926,51.129100177707855],[13.821891063388724,51.1290733079343],[13.821818084512037,51.12907131369764]]]}},{"type":"Feature","id":"UUID_bb53cc37-c6ce-4041-a6f6-bba3af910fa6","properties":{"id":"UUID_bb53cc37-c6ce-4041-a6f6-bba3af910fa6","height_m":5.347,"ground_m":224.749,"height_source":"LoD1 solid top minus bottom","production":"2023","laser":"2019","footprints":"2020"},"geometry":{"type":"Polygon","coordinates":[[[13.81713673490356,51.12667228128477],[13.817180716155507,51.12667362543933],[13.817181661979395,51.12665897689043],[13.817312476521941,51.126662458270495],[13.817314691156424,51.12663058352992],[13.817315752331538,51.126615333635115],[13.817318117259244,51.126581491010974],[13.817317831504285,51.12656078690414],[13.817214391281807,51.126558139966924],[13.817144840915816,51.126556357330635],[13.817141035790437,51.12661076969527],[13.817139974787601,51.126626010597725],[13.81713673490356,51.12667228128477]]]}},{"type":"Feature","id":"UUID_cc711804-a32b-4509-848d-6ce7087143d5","properties":{"id":"UUID_cc711804-a32b-4509-848d-6ce7087143d5","height_m":4.521,"ground_m":224.749,"height_source":"LoD1 solid top minus bottom","production":"2023","laser":"2019","footprints":"2020"},"geometry":{"type":"Polygon","coordinates":[[[13.81721249165334,51.126548588480546],[13.817214391281807,51.126558139966924],[13.817317831504285,51.12656078690414],[13.817317669572118,51.12654866309427],[13.81721249165334,51.126548588480546]]]}},{"type":"Feature","id":"DESNATPU1000E2BS","properties":{"id":"DESNATPU1000E2BS","height_m":8.619,"ground_m":223.841,"height_source":"LoD1 solid top minus bottom","production":"2023","laser":"2019","footprints":"2020"},"geometry":{"type":"Polygon","coordinates":[[[13.82783889984431,51.12731553739474],[13.827775175817811,51.12732741645438],[13.827814627174474,51.12741120124097],[13.827840630868005,51.12740635404745],[13.827847845522342,51.12742168697929],[13.827882737250965,51.12741518428408],[13.827875034185835,51.127398821290896],[13.827877848619272,51.127398291954094],[13.827938169545988,51.12738705318162],[13.827899220672005,51.12730429864157],[13.82783889984431,51.12731553739474]]]}},{"type":"Feature","id":"DESNATPU1000J2cK","properties":{"id":"DESNATPU1000J2cK","height_m":8.066,"ground_m":215.446,"height_source":"LoD1 solid top minus bottom","production":"2023","laser":"2019","footprints":"2020"},"geometry":{"type":"Polygon","coordinates":[[[13.819530696425273,51.128831521117704],[13.819616884181354,51.128832795809586],[13.819702414706104,51.12883406380425],[13.819704086303151,51.12879091569562],[13.819618611553864,51.12878746303773],[13.819573311367286,51.128785638873474],[13.819532455284905,51.12878495666416],[13.819530696425273,51.128831521117704]]]}},{"type":"Feature","id":"DESNATPU1000Eekm","properties":{"id":"DESNATPU1000Eekm","height_m":7.899,"ground_m":218.839,"height_source":"LoD1 solid top minus bottom","production":"2023","laser":"2019","footprints":"2020"},"geometry":{"type":"Polygon","coordinates":[[[13.819298814313935,51.127989890899556],[13.819165522598075,51.12799260969442],[13.819169873436381,51.128076978231746],[13.819303180141077,51.128074241597034],[13.819298814313935,51.127989890899556]]]}},{"type":"Feature","id":"DESNATPU1000Gyyh","properties":{"id":"DESNATPU1000Gyyh","height_m":8.066,"ground_m":215.124,"height_source":"LoD1 solid top minus bottom","production":"2023","laser":"2019","footprints":"2020"},"geometry":{"type":"Polygon","coordinates":[[[13.82057907564963,51.129265116406906],[13.820652635441716,51.129266757566555],[13.82065881944138,51.12915863771552],[13.820585404989568,51.12915690809798],[13.82057907564963,51.129265116406906]]]}},{"type":"Feature","id":"DESNATPU1000Ilwr","properties":{"id":"DESNATPU1000Ilwr","height_m":2.341,"ground_m":216.595,"height_source":"LoD1 solid top minus bottom","production":"2023","laser":"2019","footprints":"2020"},"geometry":{"type":"Polygon","coordinates":[[[13.822601752528364,51.128512396700025],[13.822600351152332,51.12853378522267],[13.822642488395605,51.12853465911367],[13.82264471275243,51.128480905146574],[13.822603435104357,51.1284799499841],[13.822601752528364,51.128512396700025]]]}},{"type":"Feature","id":"DESNATPU1000BEZf","properties":{"id":"DESNATPU1000BEZf","height_m":8.599,"ground_m":215.936,"height_source":"LoD1 solid top minus bottom","production":"2023","laser":"2019","footprints":"2020"},"geometry":{"type":"Polygon","coordinates":[[[13.821894109550067,51.12854357850038],[13.821966375502475,51.12854547558362],[13.82197298036591,51.12843753975523],[13.821901283800093,51.12843573833882],[13.821894109550067,51.12854357850038]]]}},{"type":"Feature","id":"UUID_d62ca805-be52-42c2-9f20-0c9027039061","properties":{"id":"UUID_d62ca805-be52-42c2-9f20-0c9027039061","height_m":7.504,"ground_m":216.69,"height_source":"LoD1 solid top minus bottom","production":"2023","laser":"2019","footprints":"2020"},"geometry":{"type":"Polygon","coordinates":[[[13.818236110240742,51.12850941097772],[13.818212485523379,51.1285105750874],[13.81821766425532,51.128552362571625],[13.818241303281578,51.12855119860546],[13.818236110240742,51.12850941097772]]]}},{"type":"Feature","id":"UUID_9fa96b0d-ad79-43e4-a03d-242a52d1c611","properties":{"id":"UUID_9fa96b0d-ad79-43e4-a03d-242a52d1c611","height_m":8.062,"ground_m":216.69,"height_source":"LoD1 solid top minus bottom","production":"2023","laser":"2019","footprints":"2020"},"geometry":{"type":"Polygon","coordinates":[[[13.818223602744695,51.128600218817056],[13.81822217987968,51.12858877470864],[13.81821766425532,51.128552362571625],[13.81821753279172,51.12855135406001],[13.818212485523379,51.1285105750874],[13.818073899587715,51.128517402761524],[13.818083607998672,51.12859560253706],[13.818177191257938,51.12859099087603],[13.818178614111885,51.12860243498492],[13.818223602744695,51.128600218817056]]]}},{"type":"Feature","id":"DESNATPU1000C3pl","properties":{"id":"DESNATPU1000C3pl","height_m":8.193,"ground_m":214.972,"height_source":"LoD1 solid top minus bottom","production":"2023","laser":"2019","footprints":"2020"},"geometry":{"type":"Polygon","coordinates":[[[13.821340305138902,51.12916730716784],[13.821413002960906,51.12916911901552],[13.821420473363109,51.129060922167035],[13.821347775710553,51.12905911032508],[13.821340305138902,51.12916730716784]]]}},{"type":"Feature","id":"UUID_3b8be9a0-b5ad-41d6-b15c-4a0f0aceb76a","properties":{"id":"UUID_3b8be9a0-b5ad-41d6-b15c-4a0f0aceb76a","height_m":3.344,"ground_m":222.927,"height_source":"LoD1 solid top minus bottom","production":"2023","laser":"2019","footprints":"2020"},"geometry":{"type":"Polygon","coordinates":[[[13.822778024278941,51.12723522907136],[13.82277655628605,51.12725811871121],[13.822860587406579,51.127259791968],[13.822862029185675,51.12723736968399],[13.822778024278941,51.12723522907136]]]}},{"type":"Feature","id":"UUID_656d2c7a-769a-4f25-bbb1-54325b2ea827","properties":{"id":"UUID_656d2c7a-769a-4f25-bbb1-54325b2ea827","height_m":3.614,"ground_m":222.927,"height_source":"LoD1 solid top minus bottom","production":"2023","laser":"2019","footprints":"2020"},"geometry":{"type":"Polygon","coordinates":[[[13.82277655628605,51.12725811871121],[13.822732562395565,51.12725724415778],[13.822729700441009,51.12731359960201],[13.82285696380887,51.12731631960182],[13.822860587406579,51.127259791968],[13.82277655628605,51.12725811871121]]]}},{"type":"Feature","id":"DESNATPU1000BoBd","properties":{"id":"DESNATPU1000BoBd","height_m":8.394,"ground_m":216.127,"height_source":"LoD1 solid top minus bottom","production":"2023","laser":"2019","footprints":"2020"},"geometry":{"type":"Polygon","coordinates":[[[13.822036641185337,51.128547352472616],[13.82211048108378,51.128549175394724],[13.822113849072801,51.12849543295528],[13.822117364503782,51.128441512146374],[13.822043957980796,51.128439513739465],[13.822036641185337,51.128547352472616]]]}},{"type":"Feature","id":"DESNATPU1000CO0L","properties":{"id":"DESNATPU1000CO0L","height_m":7.473,"ground_m":223.749,"height_source":"LoD1 solid top minus bottom","production":"2023","laser":"2019","footprints":"2020"},"geometry":{"type":"Polygon","coordinates":[[[13.82245193118327,51.126778461642175],[13.822370454925567,51.12675840574955],[13.82234154578671,51.1268044360364],[13.822312546979486,51.1268506182889],[13.822393878900794,51.12687073571651],[13.822413551818133,51.12683948634042],[13.822428352994944,51.126835714572806],[13.822433729009868,51.12682718067666],[13.822438897000302,51.126818959430125],[13.822432435937415,51.12680947001098],[13.82245193118327,51.126778461642175]]]}},{"type":"Feature","id":"DESNATPU1000GO14","properties":{"id":"DESNATPU1000GO14","height_m":7.955,"ground_m":215.329,"height_source":"LoD1 solid top minus bottom","production":"2023","laser":"2019","footprints":"2020"},"geometry":{"type":"Polygon","coordinates":[[[13.822206393602393,51.1292170402796],[13.822277801060896,51.129219018446726],[13.822284988269493,51.12911063884477],[13.822213576403692,51.129108840491064],[13.822206393602393,51.1292170402796]]]}},{"type":"Feature","id":"DESNATPU1000CliW","properties":{"id":"DESNATPU1000CliW","height_m":8.004,"ground_m":215.193,"height_source":"LoD1 solid top minus bottom","production":"2023","laser":"2019","footprints":"2020"},"geometry":{"type":"Polygon","coordinates":[[[13.820442717295391,51.129153580424095],[13.820367297979631,51.12915201030049],[13.820361256179565,51.12926013157306],[13.820436530501667,51.12926179016439],[13.820442717295391,51.129153580424095]]]}},{"type":"Feature","id":"DESNATPU1000G9fL","properties":{"id":"DESNATPU1000G9fL","height_m":2.201,"ground_m":218.233,"height_source":"LoD1 solid top minus bottom","production":"2023","laser":"2019","footprints":"2020"},"geometry":{"type":"Polygon","coordinates":[[[13.81908104315226,51.12820009959545],[13.819084971550273,51.128230984247516],[13.819248335120978,51.12822481023987],[13.819244853582768,51.128193210689304],[13.81908104315226,51.12820009959545]]]}},{"type":"Feature","id":"DESNATPU1000DXKT","properties":{"id":"DESNATPU1000DXKT","height_m":2.605,"ground_m":228.008,"height_source":"LoD1 solid top minus bottom","production":"2023","laser":"2019","footprints":"2020"},"geometry":{"type":"Polygon","coordinates":[[[13.826022159300726,51.12637374388804],[13.826012074792953,51.126314938274625],[13.825882126405059,51.12632409208744],[13.825889751095133,51.12638127231317],[13.826022159300726,51.12637374388804]]]}},{"type":"Feature","id":"DESNATPU1000CusZ","properties":{"id":"DESNATPU1000CusZ","height_m":3.424,"ground_m":190.597,"height_source":"LoD1 solid top minus bottom","production":"2023","laser":"2019","footprints":"2020"},"geometry":{"type":"Polygon","coordinates":[[[13.800028756455022,51.1369248452975],[13.800181682595536,51.13684287213923],[13.80011407895937,51.136792988423416],[13.7999612980992,51.13687487305751],[13.800028756455022,51.1369248452975]]]}},{"type":"Feature","id":"DESNATPU1000CNci","properties":{"id":"DESNATPU1000CNci","height_m":3.209,"ground_m":187.072,"height_source":"LoD1 solid top minus bottom","production":"2023","laser":"2019","footprints":"2020"},"geometry":{"type":"Polygon","coordinates":[[[13.804399899449654,51.13913138040768],[13.804452425288998,51.13912113514505],[13.804410595739794,51.13903605023907],[13.804358069988387,51.13904629548364],[13.804399899449654,51.13913138040768]]]}},{"type":"Feature","id":"DESNATPU1000GZ3t","properties":{"id":"DESNATPU1000GZ3t","height_m":7.469,"ground_m":224.927,"height_source":"LoD1 solid top minus bottom","production":"2023","laser":"2019","footprints":"2020"},"geometry":{"type":"Polygon","coordinates":[[[13.827360280149032,51.127191999152934],[13.82735360177779,51.1271724270125],[13.827326986660125,51.12717602697325],[13.827307297806833,51.127118312206825],[13.827262973037872,51.12712429747113],[13.827190470148158,51.127134091790154],[13.82722102707557,51.127223686789655],[13.827292554919982,51.12721402655628],[13.82733591887918,51.12720817552859],[13.827331714889752,51.12719585833251],[13.827360280149032,51.127191999152934]]]}},{"type":"Feature","id":"DESNATPU1000J40F","properties":{"id":"DESNATPU1000J40F","height_m":4.04,"ground_m":219.939,"height_source":"LoD1 solid top minus bottom","production":"2023","laser":"2019","footprints":"2020"},"geometry":{"type":"Polygon","coordinates":[[[13.825591968647647,51.128351370849124],[13.82570154099531,51.12834625728019],[13.825695085477733,51.12829143589698],[13.825585513259297,51.128296549460764],[13.825591968647647,51.128351370849124]]]}},{"type":"Feature","id":"DESNATPU1000B9IG","properties":{"id":"DESNATPU1000B9IG","height_m":3.061,"ground_m":220.425,"height_source":"LoD1 solid top minus bottom","production":"2023","laser":"2019","footprints":"2020"},"geometry":{"type":"Polygon","coordinates":[[[13.820778600581278,51.12750258019469],[13.820778834118252,51.12754952447232],[13.820808506062072,51.127551622229454],[13.820810556680494,51.12757772175355],[13.820910213925645,51.127581424465674],[13.8209122346873,51.12755257825718],[13.820940095067764,51.1275528591736],[13.820945336350805,51.12750417155769],[13.820778600581278,51.12750258019469]]]}},{"type":"Feature","id":"UUID_cdc444ab-7934-47e9-830f-80f4f6c7870a","properties":{"id":"UUID_cdc444ab-7934-47e9-830f-80f4f6c7870a","height_m":6.572,"ground_m":216.726,"height_source":"LoD1 solid top minus bottom","production":"2023","laser":"2019","footprints":"2020"},"geometry":{"type":"Polygon","coordinates":[[[13.818955563833686,51.1285363465671],[13.818892823656375,51.12853919306478],[13.818830512790033,51.12854201688713],[13.818830513478089,51.128541989915966],[13.818816490920561,51.128542657618766],[13.81882361009899,51.12860531875781],[13.81890001437617,51.128601854921456],[13.818974415614647,51.12859847871774],[13.818967153356189,51.12853581614345],[13.818955563833686,51.1285363465671]]]}},{"type":"Feature","id":"UUID_3ee813cd-95a3-42e5-937b-eff5ae3fb61d","properties":{"id":"UUID_3ee813cd-95a3-42e5-937b-eff5ae3fb61d","height_m":3.764,"ground_m":216.726,"height_source":"LoD1 solid top minus bottom","production":"2023","laser":"2019","footprints":"2020"},"geometry":{"type":"Polygon","coordinates":[[[13.818819175039762,51.1284430455553],[13.818830513478089,51.128541989915966],[13.818830512790033,51.12854201688713],[13.818902839243304,51.128538736677285],[13.818955564292342,51.12853632858632],[13.818944223294471,51.12843747413984],[13.81889149996296,51.12843981929375],[13.818819175039762,51.1284430455553]]]}},{"type":"Feature","id":"UUID_25ae2111-4355-4776-8505-a439064a447e","properties":{"id":"UUID_25ae2111-4355-4776-8505-a439064a447e","height_m":8.148,"ground_m":222.742,"height_source":"LoD1 solid top minus bottom","production":"2023","laser":"2019","footprints":"2020"},"geometry":{"type":"Polygon","coordinates":[[[13.820567968956862,51.1270586442931],[13.820568056613077,51.12701592982207],[13.820552050361039,51.12701594823425],[13.820552049903029,51.127015966215055],[13.820509746258804,51.12701607009201],[13.82050388667187,51.12701608293013],[13.820452865083373,51.12701620676373],[13.820453026224607,51.12708841982157],[13.820509909778893,51.127088193246394],[13.820568222514025,51.12708796307301],[13.820568154690726,51.12705864616642],[13.820567968956862,51.1270586442931]]]}},{"type":"Feature","id":"UUID_47e355a1-bec5-4713-91b8-efabe23505c8","properties":{"id":"UUID_47e355a1-bec5-4713-91b8-efabe23505c8","height_m":4.38,"ground_m":222.742,"height_source":"LoD1 solid top minus bottom","production":"2023","laser":"2019","footprints":"2020"},"geometry":{"type":"Polygon","coordinates":[[[13.820552015633874,51.127000480428975],[13.820503854021927,51.12700053421139],[13.82050388667187,51.12701608293013],[13.820552049903029,51.127015966215055],[13.820552050361039,51.12701594823425],[13.820552015633874,51.127000480428975]]]}},{"type":"Feature","id":"UUID_8bf1292a-2b4b-452f-b265-2776a48b5892","properties":{"id":"UUID_8bf1292a-2b4b-452f-b265-2776a48b5892","height_m":6.763,"ground_m":222.742,"height_source":"LoD1 solid top minus bottom","production":"2023","laser":"2019","footprints":"2020"},"geometry":{"type":"Polygon","coordinates":[[[13.820568222514025,51.12708796307301],[13.820593658362448,51.12708803976474],[13.82059354995136,51.1270586325218],[13.820568154690726,51.12705864616642],[13.820568222514025,51.12708796307301]]]}},{"type":"Feature","id":"DESNATPU1000D5PG","properties":{"id":"DESNATPU1000D5PG","height_m":5.846,"ground_m":222.349,"height_source":"LoD1 solid top minus bottom","production":"2023","laser":"2019","footprints":"2020"},"geometry":{"type":"Polygon","coordinates":[[[13.822067291815284,51.127299869588306],[13.822281996917884,51.127306141838574],[13.822291330640521,51.12717965452847],[13.822131119791687,51.12717497436547],[13.822130245502041,51.1271868719005],[13.822075737531751,51.12718527968964],[13.822067291815284,51.127299869588306]]]}},{"type":"Feature","id":"DESNATPU1000Gb37","properties":{"id":"DESNATPU1000Gb37","height_m":7.879,"ground_m":215.302,"height_source":"LoD1 solid top minus bottom","production":"2023","laser":"2019","footprints":"2020"},"geometry":{"type":"Polygon","coordinates":[[[13.819654222391199,51.12896810822617],[13.819740411552285,51.12896933787672],[13.819742167916809,51.128922863323645],[13.819699166249414,51.12892224944463],[13.81965595133877,51.12892271252184],[13.819570078739517,51.12892364425326],[13.819568404718645,51.128966882262056],[13.819654222391199,51.12896810822617]]]}},{"type":"Feature","id":"DESNATPU1000DRev","properties":{"id":"DESNATPU1000DRev","height_m":7.947,"ground_m":215.524,"height_source":"LoD1 solid top minus bottom","production":"2023","laser":"2019","footprints":"2020"},"geometry":{"type":"Polygon","coordinates":[[[13.819748669234887,51.12874631223015],[13.81966255192724,51.12874508330945],[13.819575377332814,51.12874384365255],[13.819573311367286,51.128785638873474],[13.819660556415068,51.12878916338967],[13.819704086303151,51.12879091569562],[13.819746799801912,51.12879161659184],[13.819748669234887,51.12874631223015]]]}},{"type":"Feature","id":"DESNATPU1000GMqO","properties":{"id":"DESNATPU1000GMqO","height_m":4.246,"ground_m":226.405,"height_source":"LoD1 solid top minus bottom","production":"2023","laser":"2019","footprints":"2020"},"geometry":{"type":"Polygon","coordinates":[[[13.821027533986562,51.12619715506596],[13.820984209591355,51.126201457407525],[13.820979643449459,51.12618322811459],[13.82093704975809,51.12618745687173],[13.820941603428006,51.12620561409896],[13.820898737573728,51.12620986707613],[13.820913253586614,51.12626780058225],[13.820871475357349,51.12627086848628],[13.820875959283212,51.12629513106081],[13.820939786192643,51.126290450961505],[13.821048294082862,51.126279827497505],[13.821027533986562,51.12619715506596]]]}},{"type":"Feature","id":"UUID_7a4669d0-9438-4ff1-9286-a2282090dff4","properties":{"id":"UUID_7a4669d0-9438-4ff1-9286-a2282090dff4","height_m":3.519,"ground_m":220.928,"height_source":"LoD1 solid top minus bottom","production":"2023","laser":"2019","footprints":"2020"},"geometry":{"type":"Polygon","coordinates":[[[13.81894955303845,51.1275450018953],[13.818953314084355,51.127585803820786],[13.819080220883809,51.127587957787874],[13.819145931350407,51.1275890710012],[13.819144289794183,51.12754696855781],[13.81894955303845,51.1275450018953]]]}},{"type":"Feature","id":"UUID_b9ab01eb-6136-4729-bf0e-88a705257e6c","properties":{"id":"UUID_b9ab01eb-6136-4729-bf0e-88a705257e6c","height_m":3.903,"ground_m":220.928,"height_source":"LoD1 solid top minus bottom","production":"2023","laser":"2019","footprints":"2020"},"geometry":{"type":"Polygon","coordinates":[[[13.819080220883809,51.127587957787874],[13.818953314084355,51.127585803820786],[13.818955259580388,51.12760701927956],[13.818967539848746,51.127607413089116],[13.819076172103086,51.12760662172959],[13.819080220883809,51.127587957787874]]]}},{"type":"Feature","id":"DESNATPU1000EGCK","properties":{"id":"DESNATPU1000EGCK","height_m":2.942,"ground_m":186.191,"height_source":"LoD1 solid top minus bottom","production":"2023","laser":"2019","footprints":"2020"},"geometry":{"type":"Polygon","coordinates":[[[13.808278961719918,51.13799333476823],[13.808379583664367,51.13796428851616],[13.808332888546296,51.13790138539244],[13.80829731740102,51.1379116522898],[13.808291063008975,51.137903072470344],[13.808257954279993,51.13791263603985],[13.808264208898615,51.1379212068707],[13.80823226671063,51.13793043160536],[13.808278961719918,51.13799333476823]]]}},{"type":"Feature","id":"DESNATPU1000H2u2","properties":{"id":"DESNATPU1000H2u2","height_m":8.055,"ground_m":215.529,"height_source":"LoD1 solid top minus bottom","production":"2023","laser":"2019","footprints":"2020"},"geometry":{"type":"Polygon","coordinates":[[[13.821430525229394,51.12889061175631],[13.821503224909934,51.12889233364119],[13.821509976081458,51.128784309388614],[13.821437993246464,51.12878250480502],[13.821430525229394,51.12889061175631]]]}},{"type":"Feature","id":"DESNATPU1000HB5l","properties":{"id":"DESNATPU1000HB5l","height_m":2.917,"ground_m":214.413,"height_source":"LoD1 solid top minus bottom","production":"2023","laser":"2019","footprints":"2020"},"geometry":{"type":"Polygon","coordinates":[[[13.818533270589585,51.12912378274167],[13.818425738797908,51.12912611348832],[13.818427872610355,51.129165702949535],[13.818430786948278,51.12921950877029],[13.81853817148973,51.12921735638466],[13.81853525702706,51.129163550565735],[13.818533270589585,51.12912378274167]]]}},{"type":"Feature","id":"DESNATPU1000JaLn","properties":{"id":"DESNATPU1000JaLn","height_m":6.309,"ground_m":218.216,"height_source":"LoD1 solid top minus bottom","production":"2023","laser":"2019","footprints":"2020"},"geometry":{"type":"Polygon","coordinates":[[[13.824708311389692,51.12851740095316],[13.824705794219435,51.12861656514897],[13.824789926085764,51.128618309963954],[13.824799266567458,51.128537469523664],[13.824800294461179,51.12851949445128],[13.824708311389692,51.12851740095316]]]}},{"type":"Feature","id":"DESNATPU1000JYue","properties":{"id":"DESNATPU1000JYue","height_m":3.297,"ground_m":226.953,"height_source":"LoD1 solid top minus bottom","production":"2023","laser":"2019","footprints":"2020"},"geometry":{"type":"Polygon","coordinates":[[[13.824837467339274,51.1265593689119],[13.824952736767164,51.12656160639418],[13.824955570859233,51.12650623981567],[13.824840160979923,51.126503910997144],[13.824837467339274,51.1265593689119]]]}},{"type":"Feature","id":"UUID_7e17d84c-b065-47ec-ba47-05d75271dac6","properties":{"id":"UUID_7e17d84c-b065-47ec-ba47-05d75271dac6","height_m":2.654,"ground_m":222.966,"height_source":"LoD1 solid top minus bottom","production":"2023","laser":"2019","footprints":"2020"},"geometry":{"type":"Polygon","coordinates":[[[13.825852514183966,51.12767054192763],[13.825852113655115,51.1276468871002],[13.825851297930072,51.12759902874292],[13.825811725061424,51.12759962957998],[13.82574024239174,51.127600710325915],[13.82574524669455,51.127673871244795],[13.825852514183966,51.12767054192763]]]}},{"type":"Feature","id":"UUID_f8a01b23-00c0-4c21-b418-0f56ba16f2a4","properties":{"id":"UUID_f8a01b23-00c0-4c21-b418-0f56ba16f2a4","height_m":2.748,"ground_m":222.966,"height_source":"LoD1 solid top minus bottom","production":"2023","laser":"2019","footprints":"2020"},"geometry":{"type":"Polygon","coordinates":[[[13.82588588733043,51.12757177744344],[13.825812510863805,51.127574278050886],[13.825811725061424,51.12759962957998],[13.825887339526878,51.12759848236358],[13.82588588733043,51.12757177744344]]]}},{"type":"Feature","id":"UUID_81595117-2d02-4dfc-9e80-0a7e455f39c5","properties":{"id":"UUID_81595117-2d02-4dfc-9e80-0a7e455f39c5","height_m":2.64,"ground_m":222.966,"height_source":"LoD1 solid top minus bottom","production":"2023","laser":"2019","footprints":"2020"},"geometry":{"type":"Polygon","coordinates":[[[13.825887339526878,51.12759848236358],[13.825851297930072,51.12759902874292],[13.825852113655115,51.1276468871002],[13.825889975342125,51.127647267258055],[13.825887339526878,51.12759848236358]]]}},{"type":"Feature","id":"DESNATPU1000I5Nt","properties":{"id":"DESNATPU1000I5Nt","height_m":2.98,"ground_m":222.039,"height_source":"LoD1 solid top minus bottom","production":"2023","laser":"2019","footprints":"2020"},"geometry":{"type":"Polygon","coordinates":[[[13.820269220784043,51.12728793928783],[13.820269160266733,51.12720730108046],[13.820182670835363,51.127207327757205],[13.820182731202046,51.127287965963625],[13.820269220784043,51.12728793928783]]]}},{"type":"Feature","id":"DESNATP1Yr00007U","properties":{"id":"DESNATP1Yr00007U","height_m":2.904,"ground_m":190.566,"height_source":"LoD1 solid top minus bottom","production":"2023","laser":"2019","footprints":"2020"},"geometry":{"type":"Polygon","coordinates":[[[13.800255680981259,51.13729402198122],[13.800166306437639,51.137240290890674],[13.80009984864564,51.137284032990884],[13.80018922296182,51.13733777312221],[13.800255680981259,51.13729402198122]]]}},{"type":"Feature","id":"UUID_f84300e5-d014-4577-8cfc-43253afdb430","properties":{"id":"UUID_f84300e5-d014-4577-8cfc-43253afdb430","height_m":4.222,"ground_m":229.015,"height_source":"LoD1 solid top minus bottom","production":"2023","laser":"2019","footprints":"2020"},"geometry":{"type":"Polygon","coordinates":[[[13.827719602051632,51.12466575665416],[13.827732084097454,51.1247112140131],[13.827781177233593,51.124705878889095],[13.827768695140845,51.12466042153504],[13.827719602051632,51.12466575665416]]]}},{"type":"Feature","id":"UUID_fbb5f3d8-e059-48cd-a7c9-c53d0bf26f2b","properties":{"id":"UUID_fbb5f3d8-e059-48cd-a7c9-c53d0bf26f2b","height_m":2.713,"ground_m":229.015,"height_source":"LoD1 solid top minus bottom","production":"2023","laser":"2019","footprints":"2020"},"geometry":{"type":"Polygon","coordinates":[[[13.827878721407295,51.124613872120015],[13.827710391911639,51.124632175487555],[13.827719602051632,51.12466575665416],[13.827768695140845,51.12466042153504],[13.827829653183358,51.12465379347767],[13.827887472904775,51.124647511624694],[13.827878721407295,51.124613872120015]]]}},{"type":"Feature","id":"UUID_db8394ec-9b3c-4708-bdce-0f4f158eec54","properties":{"id":"UUID_db8394ec-9b3c-4708-bdce-0f4f158eec54","height_m":2.495,"ground_m":229.015,"height_source":"LoD1 solid top minus bottom","production":"2023","laser":"2019","footprints":"2020"},"geometry":{"type":"Polygon","coordinates":[[[13.827840055163861,51.124691667109076],[13.82789733045043,51.12468544274257],[13.827887472904775,51.124647511624694],[13.827829653183358,51.12465379347767],[13.827840055163861,51.124691667109076]]]}},{"type":"Feature","id":"DESNATPU1000GUlS","properties":{"id":"DESNATPU1000GUlS","height_m":2.652,"ground_m":220.428,"height_source":"LoD1 solid top minus bottom","production":"2023","laser":"2019","footprints":"2020"},"geometry":{"type":"Polygon","coordinates":[[[13.819417485500871,51.127593170801234],[13.81941844500177,51.127645778827215],[13.819517933412053,51.127644894741294],[13.819516550524865,51.12759263315794],[13.819456799479957,51.12759319900401],[13.819417485500871,51.127593170801234]]]}}]}