{"type":"FeatureCollection","features":[{"type":"Feature","id":"DESNATPU1000CjS6","properties":{"id":"DESNATPU1000CjS6","height_m":3.035,"ground_m":131.758,"height_source":"LoD1 solid top minus bottom","production":"2023","laser":"2017","footprints":"2023"},"geometry":{"type":"Polygon","coordinates":[[[13.907316908096961,51.00179718340759],[13.907312289566613,51.00185424471891],[13.907401866095128,51.00185724077694],[13.907406486627977,51.00180008955281],[13.907316908096961,51.00179718340759]]]}},{"type":"Feature","id":"DESNATGMvh0000ZG","properties":{"id":"DESNATGMvh0000ZG","height_m":4.01,"ground_m":308.677,"height_source":"LoD1 solid top minus bottom","production":"2023","laser":"2017","footprints":"2023"},"geometry":{"type":"Polygon","coordinates":[[[13.898015914082562,51.012810242068596],[13.897945416034391,51.01283927143042],[13.897993284143197,51.012885685264095],[13.898063791584216,51.012856862797044],[13.898015914082562,51.012810242068596]]]}},{"type":"Feature","id":"DESNATP1Vq0000zf","properties":{"id":"DESNATP1Vq0000zf","height_m":3.268,"ground_m":150.112,"height_source":"LoD1 solid top minus bottom","production":"2023","laser":"2017","footprints":"2023"},"geometry":{"type":"Polygon","coordinates":[[[13.889984109504775,51.00666722199326],[13.88995620885551,51.006617909957185],[13.88973819431794,51.006666998600885],[13.889766080513274,51.006716310551944],[13.889984109504775,51.00666722199326]]]}},{"type":"Feature","id":"DESNATGMvh0000Yt","properties":{"id":"DESNATGMvh0000Yt","height_m":1.414,"ground_m":313.569,"height_source":"LoD1 solid top minus bottom","production":"2023","laser":"2017","footprints":"2023"},"geometry":{"type":"Polygon","coordinates":[[[13.89860674064636,51.011590378752864],[13.898499486539116,51.01161794683693],[13.898534868213611,51.011672704990275],[13.898642108175084,51.0116451367403],[13.89860674064636,51.011590378752864]]]}},{"type":"Feature","id":"DESNATP1Vq0000yz","properties":{"id":"DESNATP1Vq0000yz","height_m":3.952,"ground_m":333.379,"height_source":"LoD1 solid top minus bottom","production":"2023","laser":"2017","footprints":"2023"},"geometry":{"type":"Polygon","coordinates":[[[13.906273875136725,51.012651965236685],[13.906217195745807,51.01263011266084],[13.90615689837911,51.012692363014324],[13.906237707434308,51.01272352425905],[13.906273926798326,51.0126861294452],[13.906249797192618,51.01267682081312],[13.906273875136725,51.012651965236685]]]}},{"type":"Feature","id":"DESNATP1Vq0000xW","properties":{"id":"DESNATP1Vq0000xW","height_m":3.347,"ground_m":131.021,"height_source":"LoD1 solid top minus bottom","production":"2023","laser":"2017","footprints":"2023"},"geometry":{"type":"Polygon","coordinates":[[[13.907235927364486,51.002017361959986],[13.90723322200962,51.00208155449468],[13.907393426505756,51.00208424893491],[13.907396131850989,51.002020047404336],[13.907235927364486,51.002017361959986]]]}},{"type":"Feature","id":"DESNATGMvh0000YM","properties":{"id":"DESNATGMvh0000YM","height_m":6.031,"ground_m":149.754,"height_source":"LoD1 solid top minus bottom","production":"2023","laser":"2017","footprints":"2023"},"geometry":{"type":"Polygon","coordinates":[[[13.895982730237936,51.005842133633706],[13.896002487362962,51.00586547688718],[13.896026237196025,51.005893552126686],[13.896102634943446,51.00586838363467],[13.896058268471478,51.00581654337801],[13.895982730237936,51.005842133633706]]]}},{"type":"Feature","id":"UUID_4d61ebf9-4fb5-4a45-82b4-90b487d6e682","properties":{"id":"UUID_4d61ebf9-4fb5-4a45-82b4-90b487d6e682","height_m":3.612,"ground_m":135.193,"height_source":"LoD1 solid top minus bottom","production":"2023","laser":"2017","footprints":"2023"},"geometry":{"type":"Polygon","coordinates":[[[13.909011521794376,51.00079988795142],[13.908988182722053,51.00091387901809],[13.909033444632746,51.00091762904819],[13.909033411917434,51.000917808599425],[13.909045649085117,51.00091864230074],[13.909068847639587,51.00080455998259],[13.909011521794376,51.00079988795142]]]}},{"type":"Feature","id":"UUID_dbb49cb5-f4a0-4b00-92a1-ec1044eedc5a","properties":{"id":"UUID_dbb49cb5-f4a0-4b00-92a1-ec1044eedc5a","height_m":2.462,"ground_m":135.193,"height_source":"LoD1 solid top minus bottom","production":"2023","laser":"2017","footprints":"2023"},"geometry":{"type":"Polygon","coordinates":[[[13.908970786261206,51.000999328356805],[13.90901630684258,51.00100299088058],[13.909033411917434,51.000917808599425],[13.909033444632746,51.00091762904819],[13.908988182722053,51.00091387901809],[13.908970786261206,51.000999328356805]]]}},{"type":"Feature","id":"DESNATP1Vq0000xb","properties":{"id":"DESNATP1Vq0000xb","height_m":3.69,"ground_m":134.482,"height_source":"LoD1 solid top minus bottom","production":"2023","laser":"2017","footprints":"2023"},"geometry":{"type":"Polygon","coordinates":[[[13.90844877136319,51.00074997289269],[13.908433623160075,51.000833105025436],[13.908506113464291,51.00083836866277],[13.908521261750826,51.00075522752905],[13.90844877136319,51.00074997289269]]]}},{"type":"Feature","id":"DESNATP1Vq0000z9","properties":{"id":"DESNATP1Vq0000z9","height_m":5.817,"ground_m":300.3,"height_source":"LoD1 solid top minus bottom","production":"2023","laser":"2017","footprints":"2023"},"geometry":{"type":"Polygon","coordinates":[[[13.896289322544526,51.013052982730684],[13.896237121002315,51.01290633817927],[13.896122490392635,51.0129225753841],[13.896174691589916,51.0130692199842],[13.896289322544526,51.013052982730684]]]}},{"type":"Feature","id":"DESNATGMvh0000Q2","properties":{"id":"DESNATGMvh0000Q2","height_m":5.795,"ground_m":120.043,"height_source":"LoD1 solid top minus bottom","production":"2023","laser":"2017","footprints":"2023"},"geometry":{"type":"Polygon","coordinates":[[[13.894472981240067,51.00297007641693],[13.894394236879988,51.00298800038298],[13.89441420253883,51.00303546469901],[13.894441805793814,51.00303084280236],[13.894471512475668,51.003025872097176],[13.894501591346751,51.00302083296359],[13.894472981240067,51.00297007641693]]]}},{"type":"Feature","id":"DESNATPU1000F4mW","properties":{"id":"DESNATPU1000F4mW","height_m":4.188,"ground_m":147.269,"height_source":"LoD1 solid top minus bottom","production":"2023","laser":"2017","footprints":"2023"},"geometry":{"type":"Polygon","coordinates":[[[13.909182671883954,51.00487099499599],[13.90921313283374,51.00482594654233],[13.909126719903925,51.00480267562189],[13.909096230386202,51.00484772378663],[13.909182671883954,51.00487099499599]]]}},{"type":"Feature","id":"DESNATPU1000JTTl","properties":{"id":"DESNATPU1000JTTl","height_m":6.785,"ground_m":130.86,"height_source":"LoD1 solid top minus bottom","production":"2023","laser":"2017","footprints":"2023"},"geometry":{"type":"Polygon","coordinates":[[[13.905988105236732,51.000804914959126],[13.905999635105125,51.000794006702364],[13.9060708155647,51.00078768580342],[13.90606756529448,51.00077317689903],[13.906101513191581,51.00077015843109],[13.906085473305865,51.000698317333466],[13.905896639608322,51.00071509224818],[13.905912485565551,51.00078607723664],[13.90594236326145,51.00078341638191],[13.905944400913686,51.00079676285065],[13.905962982118345,51.000807206680086],[13.905988105236732,51.000804914959126]]]}},{"type":"Feature","id":"DESNATPU1000FcmC","properties":{"id":"DESNATPU1000FcmC","height_m":8.823,"ground_m":126.551,"height_source":"LoD1 solid top minus bottom","production":"2023","laser":"2017","footprints":"2023"},"geometry":{"type":"Polygon","coordinates":[[[13.899801982772805,50.99975331923949],[13.899581300083904,50.9997224186918],[13.899550419877606,50.99981023970002],[13.899771103173496,50.99984113131718],[13.899801982772805,50.99975331923949]]]}},{"type":"Feature","id":"DESNATPU1000Fx50","properties":{"id":"DESNATPU1000Fx50","height_m":10.924,"ground_m":124.89,"height_source":"LoD1 solid top minus bottom","production":"2023","laser":"2017","footprints":"2023"},"geometry":{"type":"Polygon","coordinates":[[[13.900951391115408,51.0013506013102],[13.901029432884966,51.0013404721125],[13.901067450419582,51.00121892278352],[13.900986110872969,51.00120878709139],[13.900984816029988,51.00121292061011],[13.900926568139317,51.00120566398397],[13.900890092420308,51.0013222637259],[13.900882177204247,51.00132128098196],[13.900873020068556,51.00135053846945],[13.900891460217514,51.00136208789996],[13.900953509008932,51.00135506369759],[13.900951391115408,51.0013506013102]]]}},{"type":"Feature","id":"DESNATPU1000ENwE","properties":{"id":"DESNATPU1000ENwE","height_m":7.692,"ground_m":123.102,"height_source":"LoD1 solid top minus bottom","production":"2023","laser":"2017","footprints":"2023"},"geometry":{"type":"Polygon","coordinates":[[[13.900890960245299,51.00045923789689],[13.900766304868666,51.000444521839334],[13.900737997703954,51.00053993033559],[13.900797163236742,51.00054691691527],[13.900862653113933,51.000554655415485],[13.900890960245299,51.00045923789689]]]}},{"type":"Feature","id":"DESNATPU1000BQqM","properties":{"id":"DESNATPU1000BQqM","height_m":2.551,"ground_m":128.066,"height_source":"LoD1 solid top minus bottom","production":"2023","laser":"2017","footprints":"2023"},"geometry":{"type":"Polygon","coordinates":[[[13.899744910381205,50.998129878983036],[13.899892625868592,50.99814484928382],[13.89990614848318,50.99809128933168],[13.899758718120319,50.99807632173263],[13.899744910381205,50.998129878983036]]]}},{"type":"Feature","id":"DESNATPU1000HuiU","properties":{"id":"DESNATPU1000HuiU","height_m":9.042,"ground_m":343.9,"height_source":"LoD1 solid top minus bottom","production":"2023","laser":"2017","footprints":"2023"},"geometry":{"type":"Polygon","coordinates":[[[13.903644068946653,51.013003370437175],[13.90372503098895,51.013170074661765],[13.90385078855241,51.01314557107229],[13.9037687990675,51.01297889326673],[13.903644068946653,51.013003370437175]]]}},{"type":"Feature","id":"DESNATPU1000Gt1e","properties":{"id":"DESNATPU1000Gt1e","height_m":5.422,"ground_m":118.827,"height_source":"LoD1 solid top minus bottom","production":"2023","laser":"2017","footprints":"2023"},"geometry":{"type":"Polygon","coordinates":[[[13.893461894611,51.002773147360806],[13.89348791150733,51.00282921235559],[13.893576777893772,51.00281297659474],[13.89355119287146,51.00275672686038],[13.893461894611,51.002773147360806]]]}},{"type":"Feature","id":"DESNATP110000o6W","properties":{"id":"DESNATP110000o6W","height_m":3.405,"ground_m":154.095,"height_source":"LoD1 solid top minus bottom","production":"2023","laser":"2017","footprints":"2023"},"geometry":{"type":"Polygon","coordinates":[[[13.902336332198374,51.005734239428214],[13.902239251971464,51.00574570142321],[13.902259597130966,51.00581431006353],[13.902356677284404,51.00580285704346],[13.902336332198374,51.005734239428214]]]}},{"type":"Feature","id":"UUID_6c429fe7-90a0-49d3-b5a0-ee5695e0a7f1","properties":{"id":"UUID_6c429fe7-90a0-49d3-b5a0-ee5695e0a7f1","height_m":7.174,"ground_m":131.822,"height_source":"LoD1 solid top minus bottom","production":"2023","laser":"2017","footprints":"2023"},"geometry":{"type":"Polygon","coordinates":[[[13.896695050111319,51.00457262617559],[13.896714164273362,51.0045936251042],[13.896775437778546,51.0045714248691],[13.896756337847581,51.004550426084876],[13.896695050111319,51.00457262617559]]]}},{"type":"Feature","id":"UUID_9cfd7e03-e8a4-43d2-a212-f91ca9a78937","properties":{"id":"UUID_9cfd7e03-e8a4-43d2-a212-f91ca9a78937","height_m":7.448,"ground_m":131.822,"height_source":"LoD1 solid top minus bottom","production":"2023","laser":"2017","footprints":"2023"},"geometry":{"type":"Polygon","coordinates":[[[13.896695050111319,51.00457262617559],[13.896756337847581,51.004550426084876],[13.896690549655027,51.00447814987647],[13.89657435753586,51.00452023613704],[13.896640145605334,51.004592512409594],[13.896695050111319,51.00457262617559]]]}},{"type":"Feature","id":"UUID_1388b804-51e1-4fcc-ad1a-8a44c25b2711","properties":{"id":"UUID_1388b804-51e1-4fcc-ad1a-8a44c25b2711","height_m":3.663,"ground_m":132.138,"height_source":"LoD1 solid top minus bottom","production":"2023","laser":"2017","footprints":"2023"},"geometry":{"type":"Polygon","coordinates":[[[13.907070690084986,51.00017509040249],[13.907127122964761,51.000187398949066],[13.90717984024187,51.00009094929318],[13.907188625025016,51.00007493428703],[13.907130747567063,51.000062243549564],[13.907070690084986,51.00017509040249]]]}},{"type":"Feature","id":"UUID_ba55a0f5-bb30-4503-b9cb-3e3e373efef2","properties":{"id":"UUID_ba55a0f5-bb30-4503-b9cb-3e3e373efef2","height_m":2.958,"ground_m":132.138,"height_source":"LoD1 solid top minus bottom","production":"2023","laser":"2017","footprints":"2023"},"geometry":{"type":"Polygon","coordinates":[[[13.907249877000016,51.00008836699417],[13.907277574882833,51.000037726601526],[13.907156973925147,51.00001297431641],[13.907130747567063,51.000062243549564],[13.907249877000016,51.00008836699417]]]}},{"type":"Feature","id":"DESNATGMvh0000Q6","properties":{"id":"DESNATGMvh0000Q6","height_m":2.207,"ground_m":120.019,"height_source":"LoD1 solid top minus bottom","production":"2023","laser":"2017","footprints":"2023"},"geometry":{"type":"Polygon","coordinates":[[[13.894970492756398,51.002633172149366],[13.894957178245786,51.002603288895585],[13.894913652707848,51.00261101571253],[13.894926967406166,51.00264088998025],[13.894970492756398,51.002633172149366]]]}},{"type":"Feature","id":"DESNATPU1000DnLf","properties":{"id":"DESNATPU1000DnLf","height_m":7.837,"ground_m":155.466,"height_source":"LoD1 solid top minus bottom","production":"2023","laser":"2017","footprints":"2023"},"geometry":{"type":"Polygon","coordinates":[[[13.898297086344906,51.00602876549445],[13.898363447528915,51.00601386962232],[13.898385587056755,51.00600889850846],[13.89839490134952,51.0060068100679],[13.898358228229416,51.00594176981063],[13.898357476192992,51.00594042278691],[13.89826023473429,51.00596223970527],[13.898276772056393,51.00599158639874],[13.89825847292869,51.00599569442446],[13.898274285448744,51.00602374830758],[13.898292011162578,51.006019778757455],[13.898297086344906,51.00602876549445]]]}},{"type":"Feature","id":"DESNATPU1000Iwxi","properties":{"id":"DESNATPU1000Iwxi","height_m":2.569,"ground_m":128.091,"height_source":"LoD1 solid top minus bottom","production":"2023","laser":"2017","footprints":"2023"},"geometry":{"type":"Polygon","coordinates":[[[13.896770728961718,51.00392091936984],[13.89684069620918,51.00400566310669],[13.896891834822174,51.00398887972205],[13.89682158464368,51.003904043415794],[13.896770728961718,51.00392091936984]]]}},{"type":"Feature","id":"DESNATP1Vq00010G","properties":{"id":"DESNATP1Vq00010G","height_m":3.928,"ground_m":133.914,"height_source":"LoD1 solid top minus bottom","production":"2023","laser":"2017","footprints":"2023"},"geometry":{"type":"Polygon","coordinates":[[[13.908711875175419,50.99940935056047],[13.908682856735863,50.99948902582519],[13.908739241539406,50.99949668384895],[13.908748691107858,50.99947964075927],[13.908789312541462,50.999484309776825],[13.90882514657642,50.99940326828439],[13.908711875175419,50.99940935056047]]]}},{"type":"Feature","id":"DESNATPU1000CJr8","properties":{"id":"DESNATPU1000CJr8","height_m":3.159,"ground_m":316.298,"height_source":"LoD1 solid top minus bottom","production":"2023","laser":"2017","footprints":"2023"},"geometry":{"type":"Polygon","coordinates":[[[13.900064883085731,51.01229669781842],[13.900133957743869,51.01225121489851],[13.900082517443177,51.01222015503626],[13.900013444908877,51.012265548017744],[13.900064883085731,51.01229669781842]]]}},{"type":"Feature","id":"DESNATPU1000FoRj","properties":{"id":"DESNATPU1000FoRj","height_m":3.184,"ground_m":124.731,"height_source":"LoD1 solid top minus bottom","production":"2023","laser":"2017","footprints":"2023"},"geometry":{"type":"Polygon","coordinates":[[[13.902179569029299,51.00017734219686],[13.902156862597431,51.00025779460927],[13.902219831324485,51.00026486117294],[13.902242678015664,51.00018449999509],[13.902179569029299,51.00017734219686]]]}},{"type":"Feature","id":"DESNATPU1000E3bT","properties":{"id":"DESNATPU1000E3bT","height_m":2.852,"ground_m":133.777,"height_source":"LoD1 solid top minus bottom","production":"2023","laser":"2017","footprints":"2023"},"geometry":{"type":"Polygon","coordinates":[[[13.907986840287395,51.000746195553965],[13.908021959629455,51.00061860071092],[13.907968509582474,51.000612759353615],[13.907933404769697,51.00074033633133],[13.907986840287395,51.000746195553965]]]}},{"type":"Feature","id":"DESNATPU1000DwJK","properties":{"id":"DESNATPU1000DwJK","height_m":2.639,"ground_m":131.5,"height_source":"LoD1 solid top minus bottom","production":"2023","laser":"2017","footprints":"2023"},"geometry":{"type":"Polygon","coordinates":[[[13.907580252307813,51.002083999630145],[13.90768774743737,51.002088691799756],[13.90769586564246,51.00201610559296],[13.907588228187523,51.00201141209939],[13.907580252307813,51.002083999630145]]]}},{"type":"Feature","id":"DESNATPU1000HC5q","properties":{"id":"DESNATPU1000HC5q","height_m":6.251,"ground_m":120.178,"height_source":"LoD1 solid top minus bottom","production":"2023","laser":"2017","footprints":"2023"},"geometry":{"type":"Polygon","coordinates":[[[13.895061372361395,51.0027775304962],[13.895035354416256,51.002750827477584],[13.895031013701162,51.00274636194429],[13.895021496748729,51.00273660462603],[13.89490297722784,51.00278258809316],[13.894690694687041,51.00286494172993],[13.894704872335105,51.00287949139025],[13.894730277927952,51.002905568182925],[13.894743300673401,51.00291893784276],[13.894814780962932,51.002891205676384],[13.894848039659115,51.00287830081939],[13.894932466692417,51.002845538153906],[13.894940049548715,51.00285331674525],[13.894946310542313,51.002859742899346],[13.894970679098972,51.00285028810388],[13.894957266508777,51.00283652808975],[13.894956835244356,51.00283608336127],[13.89495831703113,51.0028355038495],[13.895066205734823,51.00279365541126],[13.89507410319222,51.00279059160172],[13.895061372361395,51.0027775304962]]]}},{"type":"Feature","id":"UUID_09b5b52c-c477-4030-911a-b11cd2855069","properties":{"id":"UUID_09b5b52c-c477-4030-911a-b11cd2855069","height_m":7.724,"ground_m":126.774,"height_source":"LoD1 solid top minus bottom","production":"2023","laser":"2017","footprints":"2023"},"geometry":{"type":"Polygon","coordinates":[[[13.896914171152583,51.00164690518784],[13.896925385418951,51.0015766870427],[13.896865758769069,51.00157288661054],[13.896794861404706,51.001568368204694],[13.89678353764285,51.00163838746152],[13.896914171152583,51.00164690518784]]]}},{"type":"Feature","id":"UUID_f8e96a94-dc5b-4e1c-b77e-86b8545d31b7","properties":{"id":"UUID_f8e96a94-dc5b-4e1c-b77e-86b8545d31b7","height_m":7.108,"ground_m":126.774,"height_source":"LoD1 solid top minus bottom","production":"2023","laser":"2017","footprints":"2023"},"geometry":{"type":"Polygon","coordinates":[[[13.896846572153548,51.00152855058086],[13.896840881079113,51.00152813712814],[13.896839040742018,51.00153963058934],[13.896833092117863,51.0015392596685],[13.896799905002498,51.00153719268107],[13.896794861404706,51.001568368204694],[13.89682810425869,51.00157048967686],[13.896865758769069,51.00157288661054],[13.896872471234675,51.00153023398897],[13.896846572153548,51.00152855058086]]]}},{"type":"Feature","id":"DESNATPU1000IojS","properties":{"id":"DESNATPU1000IojS","height_m":3.449,"ground_m":147.772,"height_source":"LoD1 solid top minus bottom","production":"2023","laser":"2017","footprints":"2023"},"geometry":{"type":"Polygon","coordinates":[[[13.893978102928937,51.00588876697602],[13.894041291132808,51.00587488668605],[13.893997835334591,51.005796237616245],[13.89393464722535,51.005810117883456],[13.893978102928937,51.00588876697602]]]}},{"type":"Feature","id":"DESNATP1Vq00010h","properties":{"id":"DESNATP1Vq00010h","height_m":7.235,"ground_m":123.268,"height_source":"LoD1 solid top minus bottom","production":"2023","laser":"2017","footprints":"2023"},"geometry":{"type":"Polygon","coordinates":[[[13.90137923668126,51.000145753812525],[13.901281547909441,51.00013519478481],[13.901271480463697,51.00017224054065],[13.901270123179826,51.00017720981015],[13.901247847629056,51.00017479706284],[13.901243305834587,51.000191499019046],[13.901265140747668,51.00019386265884],[13.901261628776423,51.000206788314536],[13.901426257784403,51.00022461356999],[13.901435669132699,51.000189998692115],[13.901447828164025,51.000145247739205],[13.901381313943023,51.000138057488364],[13.90137923668126,51.000145753812525]]]}},{"type":"Feature","id":"DESNATPU1000ICJo","properties":{"id":"DESNATPU1000ICJo","height_m":6.159,"ground_m":125.416,"height_source":"LoD1 solid top minus bottom","production":"2023","laser":"2017","footprints":"2023"},"geometry":{"type":"Polygon","coordinates":[[[13.89596037572853,50.99966693369455],[13.896028562568635,50.99967564464898],[13.89609336769404,50.99968392792372],[13.89612876133032,50.99957374028104],[13.896071217442811,50.99956636197485],[13.896063956991636,50.99956543005421],[13.895995771799534,50.999556656185426],[13.895988541579442,50.99957906997504],[13.89596037572853,50.99966693369455]]]}},{"type":"Feature","id":"DESNATPU1000GAo1","properties":{"id":"DESNATPU1000GAo1","height_m":2.384,"ground_m":127.789,"height_source":"LoD1 solid top minus bottom","production":"2023","laser":"2017","footprints":"2023"},"geometry":{"type":"Polygon","coordinates":[[[13.902234709046404,50.99804017158469],[13.902333861067214,50.99805980836842],[13.902368275523877,50.99799043717223],[13.902268981156032,50.9979707990795],[13.902234709046404,50.99804017158469]]]}},{"type":"Feature","id":"UUID_f05c6f0b-2fb9-490a-88da-c2b75984a641","properties":{"id":"UUID_f05c6f0b-2fb9-490a-88da-c2b75984a641","height_m":7.631,"ground_m":130.67,"height_source":"LoD1 solid top minus bottom","production":"2023","laser":"2017","footprints":"2023"},"geometry":{"type":"Polygon","coordinates":[[[13.89627349576041,51.00457518216031],[13.896386396622672,51.00453786728354],[13.896322071626498,51.004460415819416],[13.896209185152502,51.00449773076998],[13.89627349576041,51.00457518216031]]]}},{"type":"Feature","id":"UUID_be90ffce-45a8-4f18-831a-1792ea804b66","properties":{"id":"UUID_be90ffce-45a8-4f18-831a-1792ea804b66","height_m":4.236,"ground_m":130.67,"height_source":"LoD1 solid top minus bottom","production":"2023","laser":"2017","footprints":"2023"},"geometry":{"type":"Polygon","coordinates":[[[13.896339923230139,51.00455322868662],[13.896370644642229,51.004590218675716],[13.896417103812018,51.00457485712609],[13.896386396622672,51.00453786728354],[13.896339923230139,51.00455322868662]]]}},{"type":"Feature","id":"DESNATGMvh0000Yd","properties":{"id":"DESNATGMvh0000Yd","height_m":2.315,"ground_m":302.054,"height_source":"LoD1 solid top minus bottom","production":"2023","laser":"2017","footprints":"2023"},"geometry":{"type":"Polygon","coordinates":[[[13.894094863325893,51.01239622315683],[13.8940666424395,51.01240440029627],[13.894087488320137,51.012432987974265],[13.894097594248016,51.012430044055485],[13.894215609905473,51.0123955314769],[13.894201677498465,51.012376550645726],[13.894101793878145,51.01240571324158],[13.894094863325893,51.01239622315683]]]}},{"type":"Feature","id":"DESNATPU1000DjRC","properties":{"id":"DESNATPU1000DjRC","height_m":8.209,"ground_m":124.166,"height_source":"LoD1 solid top minus bottom","production":"2023","laser":"2017","footprints":"2023"},"geometry":{"type":"Polygon","coordinates":[[[13.90045117414611,51.00133412280698],[13.900474571200224,51.00133674410174],[13.900452493895036,51.00141515173207],[13.900604180499561,51.00139943892164],[13.900639267891133,51.00127467868963],[13.900495763341262,51.001261412680314],[13.900481682748529,51.00131143323539],[13.90045829995566,51.00130881207621],[13.90045117414611,51.00133412280698]]]}},{"type":"Feature","id":"DESNATGMvh0000Qi","properties":{"id":"DESNATGMvh0000Qi","height_m":2.475,"ground_m":124.867,"height_source":"LoD1 solid top minus bottom","production":"2023","laser":"2017","footprints":"2023"},"geometry":{"type":"Polygon","coordinates":[[[13.895739061423942,51.00000255033353],[13.895713148994801,51.000093915520786],[13.895770799455239,51.00010043169494],[13.895796726023706,51.000009066629005],[13.895739061423942,51.00000255033353]]]}},{"type":"Feature","id":"DESNATPU1000BcDS","properties":{"id":"DESNATPU1000BcDS","height_m":5.403,"ground_m":124.847,"height_source":"LoD1 solid top minus bottom","production":"2023","laser":"2017","footprints":"2023"},"geometry":{"type":"Polygon","coordinates":[[[13.895346939980579,51.00059183149355],[13.895446065270713,51.00060249899537],[13.895463705057745,51.00053725181687],[13.895364580115665,51.00052657533993],[13.895346939980579,51.00059183149355]]]}},{"type":"Feature","id":"DESNATPU1000Cgrh","properties":{"id":"DESNATPU1000Cgrh","height_m":9.301,"ground_m":321.886,"height_source":"LoD1 solid top minus bottom","production":"2023","laser":"2017","footprints":"2023"},"geometry":{"type":"Polygon","coordinates":[[[13.90694191401775,51.012907551866036],[13.906930106752185,51.01290042700416],[13.906898544750089,51.01292104002677],[13.90687378711357,51.012937220292855],[13.906866982719993,51.012941653040585],[13.906915328759938,51.01297115216633],[13.906975060920953,51.01300750240552],[13.907019330915078,51.0130345352942],[13.90705096420484,51.01301392290614],[13.907082597466546,51.01299331050928],[13.907001082357397,51.012943627033145],[13.90694191401775,51.012907551866036]]]}},{"type":"Feature","id":"DESNATPU1000HiZl","properties":{"id":"DESNATPU1000HiZl","height_m":7.377,"ground_m":122.536,"height_source":"LoD1 solid top minus bottom","production":"2023","laser":"2017","footprints":"2023"},"geometry":{"type":"Polygon","coordinates":[[[13.896142130053184,51.00346039366324],[13.896337548986109,51.00341179009049],[13.896295251920058,51.00334430391713],[13.89609983749662,51.00339272760468],[13.896142130053184,51.00346039366324]]]}},{"type":"Feature","id":"UUID_54846703-da9c-4ccc-96df-01140be6ca76","properties":{"id":"UUID_54846703-da9c-4ccc-96df-01140be6ca76","height_m":5.585,"ground_m":143.122,"height_source":"LoD1 solid top minus bottom","production":"2023","laser":"2017","footprints":"2023"},"geometry":{"type":"Polygon","coordinates":[[[13.891940385828487,51.00582365779503],[13.89186306421683,51.00583845505793],[13.891869145643527,51.005851219622606],[13.891946520848345,51.00583656674937],[13.891940385828487,51.00582365779503]]]}},{"type":"Feature","id":"UUID_1dc91f33-c48a-423b-bb0e-cd62c5f114e5","properties":{"id":"UUID_1dc91f33-c48a-423b-bb0e-cd62c5f114e5","height_m":7.813,"ground_m":143.122,"height_source":"LoD1 solid top minus bottom","production":"2023","laser":"2017","footprints":"2023"},"geometry":{"type":"Polygon","coordinates":[[[13.891825610445784,51.005759907060835],[13.891827836515782,51.00576458646685],[13.89186306421683,51.00583845505793],[13.891940385828487,51.00582365779503],[13.891940372435059,51.005823621696635],[13.891975753302551,51.00581688888407],[13.891938189965641,51.00573874456201],[13.891825610445784,51.005759907060835]]]}},{"type":"Feature","id":"UUID_169af837-ff2e-47f3-a76f-48d95900c8e6","properties":{"id":"UUID_169af837-ff2e-47f3-a76f-48d95900c8e6","height_m":7.094,"ground_m":297.56,"height_source":"LoD1 solid top minus bottom","production":"2023","laser":"2017","footprints":"2023"},"geometry":{"type":"Polygon","coordinates":[[[13.893490371347973,51.012890411145904],[13.893370396894284,51.0129095177129],[13.893390537839137,51.012960526949925],[13.893405005153843,51.01299715687136],[13.893466057562625,51.01298717752119],[13.893525764861305,51.01297741022133],[13.893490371347973,51.012890411145904]]]}},{"type":"Feature","id":"UUID_e3429fa0-4846-4e97-9cca-2faf1c7224a0","properties":{"id":"UUID_e3429fa0-4846-4e97-9cca-2faf1c7224a0","height_m":5.741,"ground_m":297.56,"height_source":"LoD1 solid top minus bottom","production":"2023","laser":"2017","footprints":"2023"},"geometry":{"type":"Polygon","coordinates":[[[13.893370396894284,51.0129095177129],[13.893287914307589,51.012922657339345],[13.89330800200935,51.012973504215516],[13.8933542352347,51.01296623528003],[13.893390537839137,51.012960526949925],[13.893370396894284,51.0129095177129]]]}},{"type":"Feature","id":"UUID_a2663a80-9050-46a9-b542-7d55e429f4d0","properties":{"id":"UUID_a2663a80-9050-46a9-b542-7d55e429f4d0","height_m":6.253,"ground_m":153.666,"height_source":"LoD1 solid top minus bottom","production":"2023","laser":"2017","footprints":"2023"},"geometry":{"type":"Polygon","coordinates":[[[13.897758428509839,51.005828540216264],[13.897708722280454,51.00583292738156],[13.897708852849979,51.005833432212306],[13.897647947681355,51.005839440314126],[13.89760160088669,51.00584401200998],[13.89760156133255,51.00584387674421],[13.897582842242294,51.00584585839217],[13.897603858641286,51.0059273519392],[13.897668856369265,51.00592067204063],[13.897729738894899,51.00591442090745],[13.89777917724978,51.0059093117789],[13.897758428509839,51.005828540216264]]]}},{"type":"Feature","id":"UUID_49d1bcc5-1528-4499-8c72-51892c846634","properties":{"id":"UUID_49d1bcc5-1528-4499-8c72-51892c846634","height_m":5.359,"ground_m":153.666,"height_source":"LoD1 solid top minus bottom","production":"2023","laser":"2017","footprints":"2023"},"geometry":{"type":"Polygon","coordinates":[[[13.89760160088669,51.00584401200998],[13.897626203048224,51.005841582271074],[13.897708852849979,51.005833432212306],[13.897708722280454,51.00583292738156],[13.897689007806658,51.00583480972675],[13.897641996341003,51.00583976185929],[13.897637428565323,51.00582200287278],[13.897621583178868,51.00582361595716],[13.897596993571955,51.00582611775622],[13.89760156133255,51.00584387674421],[13.89760160088669,51.00584401200998]]]}},{"type":"Feature","id":"DESNATGMvh0000ZP","properties":{"id":"DESNATGMvh0000ZP","height_m":1.642,"ground_m":303.378,"height_source":"LoD1 solid top minus bottom","production":"2023","laser":"2017","footprints":"2023"},"geometry":{"type":"Polygon","coordinates":[[[13.897152166723915,51.01273979884085],[13.897109656970503,51.01267006288389],[13.897018442318677,51.01269260115132],[13.897060941968016,51.01276215718968],[13.897152166723915,51.01273979884085]]]}},{"type":"Feature","id":"DESNATGMvh0000RI","properties":{"id":"DESNATGMvh0000RI","height_m":3.228,"ground_m":125.986,"height_source":"LoD1 solid top minus bottom","production":"2023","laser":"2017","footprints":"2023"},"geometry":{"type":"Polygon","coordinates":[[[13.902662110772836,51.00052872956889],[13.902651312832575,51.00056355633767],[13.902672699709383,51.000566194283024],[13.902698818694468,51.00056941624188],[13.90270961638856,51.000534598459396],[13.902662110772836,51.00052872956889]]]}},{"type":"Feature","id":"DESNATPU1000Gah9","properties":{"id":"DESNATPU1000Gah9","height_m":9.291,"ground_m":150.44,"height_source":"LoD1 solid top minus bottom","production":"2023","laser":"2017","footprints":"2023"},"geometry":{"type":"Polygon","coordinates":[[[13.89582630847154,51.00582307438653],[13.895892816771049,51.005902264367954],[13.896002487362962,51.00586547688718],[13.895982730237936,51.005842133633706],[13.89593572856114,51.00578662632868],[13.89582630847154,51.00582307438653]]]}},{"type":"Feature","id":"DESNATPU1000Febr","properties":{"id":"DESNATPU1000Febr","height_m":5.113,"ground_m":136.602,"height_source":"LoD1 solid top minus bottom","production":"2023","laser":"2017","footprints":"2023"},"geometry":{"type":"Polygon","coordinates":[[[13.91009391673573,51.00035279515063],[13.910093076865179,51.00035640243545],[13.91010220747535,51.00036390670759],[13.910103703648018,51.00036513469866],[13.910122469821689,51.000367108338445],[13.910136292337041,51.00036049266156],[13.910137035201904,51.000356767564604],[13.910145483138889,51.00035752083739],[13.910160521256552,51.00029293968115],[13.91011980729526,51.000289142585736],[13.910015825213076,51.00027944942862],[13.909999874670127,51.000346468105505],[13.91009391673573,51.00035279515063]]]}},{"type":"Feature","id":"DESNATGMvh0000QN","properties":{"id":"DESNATGMvh0000QN","height_m":2.073,"ground_m":123.082,"height_source":"LoD1 solid top minus bottom","production":"2023","laser":"2017","footprints":"2023"},"geometry":{"type":"Polygon","coordinates":[[[13.89474276188702,51.00082560555537],[13.894829047512848,51.00084162874885],[13.894855010874467,51.00078600181121],[13.89476872555592,51.00076996964653],[13.89474276188702,51.00082560555537]]]}},{"type":"Feature","id":"DESNATGMvh0000Q8","properties":{"id":"DESNATGMvh0000Q8","height_m":9.416,"ground_m":120.822,"height_source":"LoD1 solid top minus bottom","production":"2023","laser":"2017","footprints":"2023"},"geometry":{"type":"Polygon","coordinates":[[[13.895531531807775,51.00244162415104],[13.89566659303156,51.002429420650856],[13.895649793103827,51.00235543060888],[13.895514746340359,51.00236763422583],[13.895531531807775,51.00244162415104]]]}},{"type":"Feature","id":"DESNATGMvh0000Xp","properties":{"id":"DESNATGMvh0000Xp","height_m":3.563,"ground_m":291.954,"height_source":"LoD1 solid top minus bottom","production":"2023","laser":"2017","footprints":"2023"},"geometry":{"type":"Polygon","coordinates":[[[13.89201194559144,51.0133550795198],[13.891970835216336,51.01329212654716],[13.891916203716548,51.01330661746406],[13.89195745655603,51.01336957180706],[13.891958130714377,51.01336939834399],[13.892010748697702,51.013355652703254],[13.89201194559144,51.0133550795198]]]}},{"type":"Feature","id":"DESNATGMvh0000Qx","properties":{"id":"DESNATGMvh0000Qx","height_m":3.709,"ground_m":127.274,"height_source":"LoD1 solid top minus bottom","production":"2023","laser":"2017","footprints":"2023"},"geometry":{"type":"Polygon","coordinates":[[[13.89881538588171,50.99962920317923],[13.898780025829463,50.99962386085792],[13.898766226624083,50.999660133817294],[13.898801586489345,50.99966548513375],[13.89881538588171,50.99962920317923]]]}},{"type":"Feature","id":"DESNATPU1000IZ8H","properties":{"id":"DESNATPU1000IZ8H","height_m":5.591,"ground_m":305.309,"height_source":"LoD1 solid top minus bottom","production":"2023","laser":"2017","footprints":"2023"},"geometry":{"type":"Polygon","coordinates":[[[13.897304337276205,51.01258507469172],[13.897369607224018,51.01271398234423],[13.89747332786233,51.01269308160403],[13.897408057654479,51.01256417400739],[13.897304337276205,51.01258507469172]]]}},{"type":"Feature","id":"DESNATPU1000BBya","properties":{"id":"DESNATPU1000BBya","height_m":3.204,"ground_m":131.603,"height_source":"LoD1 solid top minus bottom","production":"2023","laser":"2017","footprints":"2023"},"geometry":{"type":"Polygon","coordinates":[[[13.896986263053384,51.00442448511484],[13.89702618119611,51.00447216431575],[13.897101894415465,51.004446889789776],[13.897061691218193,51.00439920792363],[13.896986263053384,51.00442448511484]]]}},{"type":"Feature","id":"DESNATPU1000JKje","properties":{"id":"DESNATPU1000JKje","height_m":3.167,"ground_m":123.42,"height_source":"LoD1 solid top minus bottom","production":"2023","laser":"2017","footprints":"2023"},"geometry":{"type":"Polygon","coordinates":[[[13.900730076412293,51.000914308736846],[13.900622344121635,51.00090170321286],[13.900603760777077,51.00096677140015],[13.900712067204518,51.000979211479084],[13.900730076412293,51.000914308736846]]]}},{"type":"Feature","id":"DESNATPU1000GWd5","properties":{"id":"DESNATPU1000GWd5","height_m":3.228,"ground_m":127.701,"height_source":"LoD1 solid top minus bottom","production":"2023","laser":"2017","footprints":"2023"},"geometry":{"type":"Polygon","coordinates":[[[13.899191297121654,50.99708855279071],[13.899165277755671,50.99715709390489],[13.899277983583676,50.99717413618115],[13.899304017041578,50.99710559517535],[13.899191297121654,50.99708855279071]]]}},{"type":"Feature","id":"DESNATP110000o2H","properties":{"id":"DESNATP110000o2H","height_m":3.445,"ground_m":135.906,"height_source":"LoD1 solid top minus bottom","production":"2023","laser":"2017","footprints":"2023"},"geometry":{"type":"Polygon","coordinates":[[[13.91008340716366,51.00167958997755],[13.910182163961393,51.00167945910739],[13.910181938040717,51.00161549996113],[13.91008318116811,51.00161563982279],[13.91008340716366,51.00167958997755]]]}},{"type":"Feature","id":"UUID_bddd7feb-98ce-4366-83f0-5a5b2d8908b3","properties":{"id":"UUID_bddd7feb-98ce-4366-83f0-5a5b2d8908b3","height_m":7.627,"ground_m":162.607,"height_source":"LoD1 solid top minus bottom","production":"2023","laser":"2017","footprints":"2023"},"geometry":{"type":"Polygon","coordinates":[[[13.897593009537367,51.0063381232345],[13.897691427455928,51.0063617317874],[13.897698208450208,51.00635046479403],[13.897599805015485,51.00632684739059],[13.897593009537367,51.0063381232345]]]}},{"type":"Feature","id":"UUID_35f99668-0917-4fd5-9c74-934f323c5c6d","properties":{"id":"UUID_35f99668-0917-4fd5-9c74-934f323c5c6d","height_m":6.188,"ground_m":162.607,"height_source":"LoD1 solid top minus bottom","production":"2023","laser":"2017","footprints":"2023"},"geometry":{"type":"Polygon","coordinates":[[[13.897745291370432,51.006361763364986],[13.897762621482316,51.00633299691587],[13.897779505945248,51.006304990650726],[13.897735966086898,51.00629455286193],[13.897739630649754,51.006288481300786],[13.897685900563959,51.00627559122846],[13.89768225045874,51.006281653931545],[13.897634019314655,51.006270092701186],[13.89761713477743,51.00629809894502],[13.897599805015485,51.00632684739059],[13.897698208450208,51.00635046479403],[13.897745291370432,51.006361763364986]]]}},{"type":"Feature","id":"DESNATPU1000GPNB","properties":{"id":"DESNATPU1000GPNB","height_m":2.501,"ground_m":128.702,"height_source":"LoD1 solid top minus bottom","production":"2023","laser":"2017","footprints":"2023"},"geometry":{"type":"Polygon","coordinates":[[[13.904281232177857,51.00097189587784],[13.904364606265679,51.000982192240855],[13.904381572507635,51.00092746805753],[13.904298198513775,51.00091717170712],[13.904281232177857,51.00097189587784]]]}},{"type":"Feature","id":"DESNATGMvh0000QX","properties":{"id":"DESNATGMvh0000QX","height_m":3.805,"ground_m":125.597,"height_source":"LoD1 solid top minus bottom","production":"2023","laser":"2017","footprints":"2023"},"geometry":{"type":"Polygon","coordinates":[[[13.8976317956033,51.00141796744924],[13.897537598780316,51.001483688560945],[13.897629240873426,51.00153598339402],[13.897723437888198,51.001470253218024],[13.8976317956033,51.00141796744924]]]}},{"type":"Feature","id":"DESNATPU1000Bz3r","properties":{"id":"DESNATPU1000Bz3r","height_m":3.056,"ground_m":152.312,"height_source":"LoD1 solid top minus bottom","production":"2023","laser":"2017","footprints":"2023"},"geometry":{"type":"Polygon","coordinates":[[[13.905839036218195,51.00574955104141],[13.90573228337876,51.00580988232103],[13.905777156833157,51.00584123794812],[13.905882641962215,51.005780265257485],[13.905839036218195,51.00574955104141]]]}},{"type":"Feature","id":"DESNATGMvh0000YT","properties":{"id":"DESNATGMvh0000YT","height_m":2.974,"ground_m":302.518,"height_source":"LoD1 solid top minus bottom","production":"2023","laser":"2017","footprints":"2023"},"geometry":{"type":"Polygon","coordinates":[[[13.895765467867731,51.01226183500345],[13.89571934510535,51.012184069755826],[13.895643365173559,51.01220200272807],[13.895689487825711,51.012279768004746],[13.895765467867731,51.01226183500345]]]}},{"type":"Feature","id":"UUID_9cec782a-5b65-4c1a-8a3f-11821c14adc1","properties":{"id":"UUID_9cec782a-5b65-4c1a-8a3f-11821c14adc1","height_m":4.849,"ground_m":197.047,"height_source":"LoD1 solid top minus bottom","production":"2023","laser":"2017","footprints":"2023"},"geometry":{"type":"Polygon","coordinates":[[[13.897105904893246,51.00686459782104],[13.897059773957247,51.00692252583126],[13.89713075183017,51.0069450304752],[13.897176897164819,51.00688709358046],[13.897105904893246,51.00686459782104]]]}},{"type":"Feature","id":"UUID_c3575654-a8a9-46c7-8692-a820ed421590","properties":{"id":"UUID_c3575654-a8a9-46c7-8692-a820ed421590","height_m":3.768,"ground_m":197.047,"height_source":"LoD1 solid top minus bottom","production":"2023","laser":"2017","footprints":"2023"},"geometry":{"type":"Polygon","coordinates":[[[13.89713075183017,51.0069450304752],[13.897166842181901,51.006956468314655],[13.897195461311144,51.00692051532419],[13.897159385230658,51.00690907762816],[13.89713075183017,51.0069450304752]]]}},{"type":"Feature","id":"DESNATGMvh0000QM","properties":{"id":"DESNATGMvh0000QM","height_m":3.234,"ground_m":126.283,"height_source":"LoD1 solid top minus bottom","production":"2023","laser":"2017","footprints":"2023"},"geometry":{"type":"Polygon","coordinates":[[[13.897395271316022,51.00038306017812],[13.897364519408828,51.00035585435322],[13.897322643740502,51.0003746498403],[13.89729422229361,51.000387412207914],[13.897328825395267,51.00041808966775],[13.897390364506933,51.00039045094962],[13.897386483939451,51.00038701502929],[13.897395271316022,51.00038306017812]]]}},{"type":"Feature","id":"DESNATPU1000IVQZ","properties":{"id":"DESNATPU1000IVQZ","height_m":2.51,"ground_m":130.662,"height_source":"LoD1 solid top minus bottom","production":"2023","laser":"2017","footprints":"2023"},"geometry":{"type":"Polygon","coordinates":[[[13.90617120148024,51.00111092006816],[13.906190289800596,51.000996170320185],[13.905989504399926,51.000982959279234],[13.905970419820068,51.001097529174494],[13.90617120148024,51.00111092006816]]]}},{"type":"Feature","id":"DESNATPU1000G826","properties":{"id":"DESNATPU1000G826","height_m":3.333,"ground_m":123.558,"height_source":"LoD1 solid top minus bottom","production":"2023","laser":"2017","footprints":"2023"},"geometry":{"type":"Polygon","coordinates":[[[13.901919919299477,50.999367614493714],[13.901930529592152,50.99933471048945],[13.90185565085445,50.99932510374428],[13.901871053299638,50.99926427704862],[13.901825387213261,50.99923668940113],[13.901788633686358,50.99935073287061],[13.901919919299477,50.999367614493714]]]}},{"type":"Feature","id":"DESNATPU1000Cbvu","properties":{"id":"DESNATPU1000Cbvu","height_m":4.709,"ground_m":126.174,"height_source":"LoD1 solid top minus bottom","production":"2023","laser":"2017","footprints":"2023"},"geometry":{"type":"Polygon","coordinates":[[[13.903013083836914,51.00060159432317],[13.903037486348508,51.000528333965654],[13.902934084338805,51.000514629141456],[13.902909695920961,51.00058788961039],[13.903013083836914,51.00060159432317]]]}},{"type":"Feature","id":"DESNATPU1000BfuE","properties":{"id":"DESNATPU1000BfuE","height_m":2.731,"ground_m":128.079,"height_source":"LoD1 solid top minus bottom","production":"2023","laser":"2017","footprints":"2023"},"geometry":{"type":"Polygon","coordinates":[[[13.899838732317152,50.99757823308286],[13.899934662719488,50.997595413503454],[13.899954209652073,50.99755225204335],[13.899858281457279,50.997534981730745],[13.899838732317152,50.99757823308286]]]}},{"type":"Feature","id":"DESNATP1Vq0000xG","properties":{"id":"DESNATP1Vq0000xG","height_m":4.721,"ground_m":120.286,"height_source":"LoD1 solid top minus bottom","production":"2023","laser":"2017","footprints":"2023"},"geometry":{"type":"Polygon","coordinates":[[[13.893860183618184,51.003444925417995],[13.893908698422441,51.00354208477886],[13.893911555279088,51.00354781328829],[13.894121464330896,51.00348634695224],[13.894086870838654,51.00341629798782],[13.894079690832129,51.003401769530846],[13.893860183618184,51.003444925417995]]]}},{"type":"Feature","id":"UUID_2cf80d5e-2ad6-4222-9c26-eea3b960daa3","properties":{"id":"UUID_2cf80d5e-2ad6-4222-9c26-eea3b960daa3","height_m":8.673,"ground_m":126.901,"height_source":"LoD1 solid top minus bottom","production":"2023","laser":"2017","footprints":"2023"},"geometry":{"type":"Polygon","coordinates":[[[13.897247950401603,51.003804704987786],[13.897266740202973,51.003832769138874],[13.897284401412149,51.00385914097331],[13.897284444374497,51.00385913238598],[13.897376671220051,51.00399696379343],[13.897414810523603,51.00398681111502],[13.897459390155449,51.003974938621184],[13.897495722231357,51.00396526346735],[13.897384629122573,51.003798369098476],[13.897329468426257,51.00371549206246],[13.897294313087045,51.003724836543405],[13.897246578684692,51.00373752452295],[13.897209558701123,51.003747363969765],[13.897247821301512,51.003804739740566],[13.897247950401603,51.003804704987786]]]}},{"type":"Feature","id":"UUID_713d3c1c-1748-4d6c-acbb-66c29a8d19b9","properties":{"id":"UUID_713d3c1c-1748-4d6c-acbb-66c29a8d19b9","height_m":4.49,"ground_m":126.901,"height_source":"LoD1 solid top minus bottom","production":"2023","laser":"2017","footprints":"2023"},"geometry":{"type":"Polygon","coordinates":[[[13.897247950401603,51.003804704987786],[13.897195609129083,51.00381872536644],[13.897232087522399,51.00387320659101],[13.897284401412149,51.00385914097331],[13.897247950401603,51.003804704987786]]]}},{"type":"Feature","id":"DESNATGMvh0000Qe","properties":{"id":"DESNATGMvh0000Qe","height_m":2.419,"ground_m":124.962,"height_source":"LoD1 solid top minus bottom","production":"2023","laser":"2017","footprints":"2023"},"geometry":{"type":"Polygon","coordinates":[[[13.89572668425761,50.99944452614683],[13.895699504758415,50.99949562738007],[13.89578014921578,50.999512657713346],[13.895807298219365,50.99946163710913],[13.895770727748141,50.999453872351694],[13.89572668425761,50.99944452614683]]]}},{"type":"Feature","id":"UUID_cb4ed471-f8d3-4a32-a037-d62ddee1c522","properties":{"id":"UUID_cb4ed471-f8d3-4a32-a037-d62ddee1c522","height_m":4.671,"ground_m":127.769,"height_source":"LoD1 solid top minus bottom","production":"2023","laser":"2017","footprints":"2023"},"geometry":{"type":"Polygon","coordinates":[[[13.897830145633103,51.003903040979374],[13.897746145398472,51.00392922700189],[13.897762761409336,51.003949797513194],[13.897762789056532,51.00394983374539],[13.897849239271434,51.00392732191634],[13.897830145633103,51.003903040979374]]]}},{"type":"Feature","id":"UUID_08d7f8a5-fd11-466d-8652-1020b3f0511e","properties":{"id":"UUID_08d7f8a5-fd11-466d-8652-1020b3f0511e","height_m":7.518,"ground_m":127.769,"height_source":"LoD1 solid top minus bottom","production":"2023","laser":"2017","footprints":"2023"},"geometry":{"type":"Polygon","coordinates":[[[13.897791637613304,51.004042426399415],[13.897791486192526,51.00404220014988],[13.897614996080058,51.00408891641261],[13.89761521661803,51.00408923324294],[13.897693813026407,51.00420085654268],[13.897865704255965,51.00415274785026],[13.897791637613304,51.004042426399415]]]}},{"type":"Feature","id":"UUID_2198b868-e908-4214-9895-93f8d8b29701","properties":{"id":"UUID_2198b868-e908-4214-9895-93f8d8b29701","height_m":4.826,"ground_m":127.769,"height_source":"LoD1 solid top minus bottom","production":"2023","laser":"2017","footprints":"2023"},"geometry":{"type":"Polygon","coordinates":[[[13.897508376895916,51.004050724928334],[13.897466643598626,51.004061572140145],[13.897503637075173,51.00411839627503],[13.89754551504449,51.00410746048678],[13.897545558007023,51.00410745189936],[13.897508376895916,51.004050724928334]]]}},{"type":"Feature","id":"UUID_31df1be1-252c-45b9-9b46-b8618865454e","properties":{"id":"UUID_31df1be1-252c-45b9-9b46-b8618865454e","height_m":7.469,"ground_m":127.769,"height_source":"LoD1 solid top minus bottom","production":"2023","laser":"2017","footprints":"2023"},"geometry":{"type":"Polygon","coordinates":[[[13.897614996080058,51.00408891641261],[13.897791486192526,51.00404220014988],[13.897791637613304,51.004042426399415],[13.89791370222307,51.004009854795655],[13.897881843957427,51.0039690774947],[13.897849239271434,51.00392732191634],[13.897762789056532,51.00394983374539],[13.897762761409336,51.003949797513194],[13.897488981641521,51.004021135314495],[13.897508376895916,51.004050724928334],[13.897517551582306,51.00406473242215],[13.897545558007023,51.00410745189936],[13.89761521661803,51.00408923324294],[13.897614996080058,51.00408891641261]]]}},{"type":"Feature","id":"DESNATPU1000IbXM","properties":{"id":"DESNATPU1000IbXM","height_m":8.823,"ground_m":149.323,"height_source":"LoD1 solid top minus bottom","production":"2023","laser":"2017","footprints":"2023"},"geometry":{"type":"Polygon","coordinates":[[[13.89654350720423,51.0057105515177],[13.896400132543953,51.005731526476985],[13.896430940025665,51.00581537892617],[13.896574314931748,51.005794403930906],[13.89654350720423,51.0057105515177]]]}},{"type":"Feature","id":"DESNATPU1000DrDb","properties":{"id":"DESNATPU1000DrDb","height_m":9.886,"ground_m":137.033,"height_source":"LoD1 solid top minus bottom","production":"2023","laser":"2017","footprints":"2023"},"geometry":{"type":"Polygon","coordinates":[[[13.89259080897049,51.00535410361508],[13.892730022527044,51.00530318370556],[13.89267201811519,51.00524004378041],[13.892532804900398,51.005290954631334],[13.89259080897049,51.00535410361508]]]}},{"type":"Feature","id":"DESNATP1Vq0000xf","properties":{"id":"DESNATP1Vq0000xf","height_m":3.213,"ground_m":132.341,"height_source":"LoD1 solid top minus bottom","production":"2023","laser":"2017","footprints":"2023"},"geometry":{"type":"Polygon","coordinates":[[[13.908436225926614,51.00219247740418],[13.908425258089721,51.002141187711395],[13.90831191065198,51.00215083007053],[13.908322878154802,51.00220212876399],[13.908436225926614,51.00219247740418]]]}},{"type":"Feature","id":"DESNATGMvh0000RH","properties":{"id":"DESNATGMvh0000RH","height_m":2.992,"ground_m":137.268,"height_source":"LoD1 solid top minus bottom","production":"2023","laser":"2017","footprints":"2023"},"geometry":{"type":"Polygon","coordinates":[[[13.89752255995322,51.0049026603978],[13.897479666668525,51.00485598747274],[13.89740569224461,51.00488305024246],[13.897448585479177,51.004929723194195],[13.89752255995322,51.0049026603978]]]}},{"type":"Feature","id":"UUID_7d8a740d-f81d-4c82-8edf-c247b707864a","properties":{"id":"UUID_7d8a740d-f81d-4c82-8edf-c247b707864a","height_m":11.234,"ground_m":300.843,"height_source":"LoD1 solid top minus bottom","production":"2023","laser":"2017","footprints":"2023"},"geometry":{"type":"Polygon","coordinates":[[[13.896155215643587,51.01314918904107],[13.896163329435884,51.01319052478364],[13.896237996886203,51.01318470140192],[13.89622989728094,51.01314336579873],[13.896155215643587,51.01314918904107]]]}},{"type":"Feature","id":"UUID_066cb7ea-d75a-49d3-9ce1-2937cf2e72d8","properties":{"id":"UUID_066cb7ea-d75a-49d3-9ce1-2937cf2e72d8","height_m":14.813,"ground_m":300.843,"height_source":"LoD1 solid top minus bottom","production":"2023","laser":"2017","footprints":"2023"},"geometry":{"type":"Polygon","coordinates":[[[13.896197162522572,51.01314591626402],[13.89622989728094,51.01314336579873],[13.896223971483806,51.013113147878386],[13.89622395829848,51.01311310278969],[13.896191223988051,51.01311563527184],[13.896197162522572,51.01314591626402]]]}},{"type":"Feature","id":"UUID_e78200d4-500f-4682-b9ea-497e4c5ac526","properties":{"id":"UUID_e78200d4-500f-4682-b9ea-497e4c5ac526","height_m":3.24,"ground_m":300.843,"height_source":"LoD1 solid top minus bottom","production":"2023","laser":"2017","footprints":"2023"},"geometry":{"type":"Polygon","coordinates":[[[13.896229117605012,51.0130615147229],[13.896174691589916,51.0130692199842],[13.896191223988051,51.01311563527184],[13.89622395829848,51.01311310278969],[13.896223971483806,51.013113147878386],[13.896246865716265,51.01311136775425],[13.896308393360334,51.013106571277596],[13.896289322544526,51.013052982730684],[13.896229117605012,51.0130615147229]]]}},{"type":"Feature","id":"DESNATGMvh0000Z6","properties":{"id":"DESNATGMvh0000Z6","height_m":2.942,"ground_m":304.98,"height_source":"LoD1 solid top minus bottom","production":"2023","laser":"2017","footprints":"2023"},"geometry":{"type":"Polygon","coordinates":[[[13.896389673696353,51.01356025372929],[13.896371227015258,51.01351699485962],[13.896360856130064,51.01349266123266],[13.896312031951469,51.01350097702875],[13.89632920614264,51.013540186109275],[13.896351293266708,51.013593434430916],[13.896385356200076,51.01358779394253],[13.896374873878193,51.01356274883138],[13.896389673696353,51.01356025372929]]]}},{"type":"Feature","id":"DESNATPU1000JPWD","properties":{"id":"DESNATPU1000JPWD","height_m":2.731,"ground_m":163.563,"height_source":"LoD1 solid top minus bottom","production":"2023","laser":"2017","footprints":"2023"},"geometry":{"type":"Polygon","coordinates":[[[13.906807178648217,51.00588100645826],[13.906956773790347,51.00588142591593],[13.906955007100978,51.00584622044265],[13.906806811779568,51.00584567918813],[13.906807178648217,51.00588100645826]]]}},{"type":"Feature","id":"DESNATP1Vq00010n","properties":{"id":"DESNATP1Vq00010n","height_m":2.822,"ground_m":123.261,"height_source":"LoD1 solid top minus bottom","production":"2023","laser":"2017","footprints":"2023"},"geometry":{"type":"Polygon","coordinates":[[[13.90166580807278,50.999570082695065],[13.901568676127917,50.99955952913783],[13.901548861516252,50.99963215788084],[13.901645993820066,50.99964270246446],[13.90166580807278,50.999570082695065]]]}},{"type":"Feature","id":"UUID_9b452d00-9e2c-4548-9cb0-1da321633da2","properties":{"id":"UUID_9b452d00-9e2c-4548-9cb0-1da321633da2","height_m":2.97,"ground_m":134.061,"height_source":"LoD1 solid top minus bottom","production":"2023","laser":"2017","footprints":"2023"},"geometry":{"type":"Polygon","coordinates":[[[13.908214019254794,51.0006100629718],[13.908209479811068,51.000627376724665],[13.908201002520624,51.00066066092641],[13.908194537834957,51.000685312827],[13.908245755574937,51.00069093537688],[13.908267315026086,51.00061640637386],[13.908214019254794,51.0006100629718]]]}},{"type":"Feature","id":"UUID_7b275a8c-f279-41a3-ac86-baf246e43b1f","properties":{"id":"UUID_7b275a8c-f279-41a3-ac86-baf246e43b1f","height_m":2.948,"ground_m":134.061,"height_source":"LoD1 solid top minus bottom","production":"2023","laser":"2017","footprints":"2023"},"geometry":{"type":"Polygon","coordinates":[[[13.908237682892713,51.00077377389397],[13.90826096592504,51.0006926063007],[13.908245755574937,51.00069093537688],[13.908194537834957,51.000685312827],[13.908191923609568,51.00069528843048],[13.908173415345912,51.000767327940366],[13.908237682892713,51.00077377389397]]]}},{"type":"Feature","id":"DESNATPU1000Dh80","properties":{"id":"DESNATPU1000Dh80","height_m":6.01,"ground_m":303.11,"height_source":"LoD1 solid top minus bottom","production":"2023","laser":"2017","footprints":"2023"},"geometry":{"type":"Polygon","coordinates":[[[13.895195896960908,51.0121667380636],[13.895085920528771,51.012196543472],[13.895133296245538,51.01226593051306],[13.895243061592122,51.01223601515007],[13.895195896960908,51.0121667380636]]]}},{"type":"Feature","id":"DESNATGMvh0000Xt","properties":{"id":"DESNATGMvh0000Xt","height_m":2.478,"ground_m":302.298,"height_source":"LoD1 solid top minus bottom","production":"2023","laser":"2017","footprints":"2023"},"geometry":{"type":"Polygon","coordinates":[[[13.892035712136154,51.012449295362785],[13.892060289946418,51.01247975333362],[13.892113097390233,51.012462799004595],[13.892125171943166,51.01247775166857],[13.892155210098473,51.01246810841155],[13.89218896368015,51.012533473595376],[13.892215322978444,51.01252805804204],[13.892180015076246,51.01245971948715],[13.892183045241131,51.01245878598584],[13.89215576448732,51.01241073941525],[13.892035712136154,51.012449295362785]]]}},{"type":"Feature","id":"UUID_096acc59-686b-448f-873b-273c60423b9b","properties":{"id":"UUID_096acc59-686b-448f-873b-273c60423b9b","height_m":2.738,"ground_m":314.35,"height_source":"LoD1 solid top minus bottom","production":"2023","laser":"2017","footprints":"2023"},"geometry":{"type":"Polygon","coordinates":[[[13.899235657658615,51.01119768074786],[13.899243326241786,51.01115736621094],[13.89919439076606,51.01115364975408],[13.89918670788919,51.01119396415328],[13.899235657658615,51.01119768074786]]]}},{"type":"Feature","id":"UUID_0636971a-1212-48ae-9392-4b733719b467","properties":{"id":"UUID_0636971a-1212-48ae-9392-4b733719b467","height_m":6.236,"ground_m":314.35,"height_source":"LoD1 solid top minus bottom","production":"2023","laser":"2017","footprints":"2023"},"geometry":{"type":"Polygon","coordinates":[[[13.899075559915275,51.01109705333347],[13.899067912261732,51.01113708028697],[13.899066360771103,51.011145411011],[13.899057805119906,51.01119127474519],[13.8991853904287,51.01120084024577],[13.89918670788919,51.01119396415328],[13.899194099322067,51.011155121831784],[13.89919439076606,51.01115364975408],[13.899203295355651,51.01110689001497],[13.899075559915275,51.01109705333347]]]}},{"type":"Feature","id":"UUID_6c20e9f5-ac41-4031-aafc-efc9ccd6c301","properties":{"id":"UUID_6c20e9f5-ac41-4031-aafc-efc9ccd6c301","height_m":5.892,"ground_m":128.099,"height_source":"LoD1 solid top minus bottom","production":"2023","laser":"2017","footprints":"2023"},"geometry":{"type":"Polygon","coordinates":[[[13.904261083956818,51.00124578165772],[13.90427093108903,51.001208922440995],[13.904277697944442,51.0011836350953],[13.90428004284774,51.0011748441062],[13.904222380693161,51.001168718723534],[13.904220021530374,51.00117750957777],[13.904216505005127,51.00119066009605],[13.904203379393843,51.00123963788259],[13.904261083956818,51.00124578165772]]]}},{"type":"Feature","id":"UUID_2d12ac44-c6f1-4119-93e1-f331ca4df608","properties":{"id":"UUID_2d12ac44-c6f1-4119-93e1-f331ca4df608","height_m":7.8,"ground_m":128.099,"height_source":"LoD1 solid top minus bottom","production":"2023","laser":"2017","footprints":"2023"},"geometry":{"type":"Polygon","coordinates":[[[13.904293752731139,51.00112102465053],[13.904236829466969,51.00111499613312],[13.904236241622492,51.00111696005122],[13.904222380693161,51.001168718723534],[13.90428004284774,51.0011748441062],[13.904317958352818,51.00117886878921],[13.9043322796266,51.001125109020286],[13.904293752731139,51.00112102465053]]]}},{"type":"Feature","id":"UUID_e57b9eaa-9d57-46c9-a309-ba4f97fb31cd","properties":{"id":"UUID_e57b9eaa-9d57-46c9-a309-ba4f97fb31cd","height_m":5.983,"ground_m":123.018,"height_source":"LoD1 solid top minus bottom","production":"2023","laser":"2017","footprints":"2023"},"geometry":{"type":"Polygon","coordinates":[[[13.894894627506918,51.00374644280745],[13.894923606094562,51.00374213956241],[13.894913792500883,51.003716066418285],[13.894884842641634,51.00372036093977],[13.894894627506918,51.00374644280745]]]}},{"type":"Feature","id":"UUID_c353a443-f760-442f-89d7-aa0823548971","properties":{"id":"UUID_c353a443-f760-442f-89d7-aa0823548971","height_m":8.648,"ground_m":123.018,"height_source":"LoD1 solid top minus bottom","production":"2023","laser":"2017","footprints":"2023"},"geometry":{"type":"Polygon","coordinates":[[[13.894973971888522,51.00355034002708],[13.894857883376075,51.003567704243906],[13.894896711275466,51.003670742797695],[13.894913878426165,51.003716049245384],[13.894913792500883,51.003716066418285],[13.894923606094562,51.00374213956241],[13.894923663306901,51.00374213111074],[13.894948329688324,51.00380774237902],[13.895048312950186,51.003792779717315],[13.895064190133056,51.00379040289267],[13.894973971888522,51.00355034002708]]]}},{"type":"Feature","id":"UUID_3d2939e9-459b-46b9-8956-fe66e2bf3a00","properties":{"id":"UUID_3d2939e9-459b-46b9-8956-fe66e2bf3a00","height_m":5.425,"ground_m":123.018,"height_source":"LoD1 solid top minus bottom","production":"2023","laser":"2017","footprints":"2023"},"geometry":{"type":"Polygon","coordinates":[[[13.894870249001642,51.00367471911809],[13.894896711275466,51.003670742797695],[13.894857883376075,51.003567704243906],[13.89483150729652,51.00357165439224],[13.894870249001642,51.00367471911809]]]}},{"type":"Feature","id":"DESNATGMvh0000Yy","properties":{"id":"DESNATGMvh0000Yy","height_m":2.798,"ground_m":298.832,"height_source":"LoD1 solid top minus bottom","production":"2023","laser":"2017","footprints":"2023"},"geometry":{"type":"Polygon","coordinates":[[[13.895997255644508,51.013231096037366],[13.896043299085232,51.0131693726834],[13.8960023881802,51.01315723249747],[13.895988267577035,51.01317615486884],[13.895956344697689,51.01321895583517],[13.895997255644508,51.013231096037366]]]}},{"type":"Feature","id":"DESNATP1Vq0000xZ","properties":{"id":"DESNATP1Vq0000xZ","height_m":3.0,"ground_m":133.3,"height_source":"LoD1 solid top minus bottom","production":"2023","laser":"2017","footprints":"2023"},"geometry":{"type":"Polygon","coordinates":[[[13.908175266709065,51.00159251891908],[13.908175580188905,51.00159252184878],[13.908190494645668,51.00160984654235],[13.908292654415373,51.00161410160516],[13.90829610812931,51.001581112186116],[13.90827742747447,51.00158033510094],[13.908276236231893,51.00159161897072],[13.908245723659386,51.00159034462112],[13.908247154594271,51.00157674283993],[13.908229442246366,51.00157600177444],[13.908230085313983,51.00156985668435],[13.90819483140252,51.001568385134384],[13.908176425890169,51.00158138762884],[13.908175266709065,51.00159251891908]]]}},{"type":"Feature","id":"UUID_4bae8edc-89c8-4c4e-a681-d9e9452b590d","properties":{"id":"UUID_4bae8edc-89c8-4c4e-a681-d9e9452b590d","height_m":9.49,"ground_m":295.211,"height_source":"LoD1 solid top minus bottom","production":"2023","laser":"2017","footprints":"2023"},"geometry":{"type":"Polygon","coordinates":[[[13.893650357528534,51.01293736695795],[13.89367874159809,51.01300921863899],[13.893700148288477,51.01300585118347],[13.893671764187735,51.012933999507375],[13.893650357528534,51.01293736695795]]]}},{"type":"Feature","id":"UUID_6960b75c-28bd-46a0-9ed5-60aeb060c0a6","properties":{"id":"UUID_6960b75c-28bd-46a0-9ed5-60aeb060c0a6","height_m":9.583,"ground_m":295.211,"height_source":"LoD1 solid top minus bottom","production":"2023","laser":"2017","footprints":"2023"},"geometry":{"type":"Polygon","coordinates":[[[13.893834011243507,51.01298480741937],[13.893785041546314,51.01286083628392],[13.893651178927813,51.01288187999444],[13.893671764187735,51.012933999507375],[13.893700148288477,51.01300585118347],[13.893834011243507,51.01298480741937]]]}},{"type":"Feature","id":"DESNATGMvh0000Rj","properties":{"id":"DESNATGMvh0000Rj","height_m":2.57,"ground_m":127.945,"height_source":"LoD1 solid top minus bottom","production":"2023","laser":"2017","footprints":"2023"},"geometry":{"type":"Polygon","coordinates":[[[13.904197043078264,51.001264191849465],[13.904182475362736,51.00132053922717],[13.904215113712782,51.00132412775195],[13.90422142509152,51.00130123722559],[13.904230480602935,51.00126773390913],[13.904197043078264,51.001264191849465]]]}},{"type":"Feature","id":"DESNATP110000o2L","properties":{"id":"DESNATP110000o2L","height_m":1.26,"ground_m":135.41,"height_source":"LoD1 solid top minus bottom","production":"2023","laser":"2017","footprints":"2023"},"geometry":{"type":"Polygon","coordinates":[[[13.909970836556072,51.00146214513484],[13.909661916216796,51.00144896561262],[13.909657499289775,51.00149025545957],[13.909966419901673,51.00150343499505],[13.909970836556072,51.00146214513484]]]}},{"type":"Feature","id":"DESNATPU1000DelA","properties":{"id":"DESNATPU1000DelA","height_m":2.666,"ground_m":127.631,"height_source":"LoD1 solid top minus bottom","production":"2023","laser":"2017","footprints":"2023"},"geometry":{"type":"Polygon","coordinates":[[[13.899317810541874,50.99691893468729],[13.899380309615681,50.99693239229171],[13.899417819330859,50.99686305110165],[13.899340248540174,50.99684634898491],[13.89932385591223,50.99687664432289],[13.899338927506681,50.99687989784863],[13.899317810541874,50.99691893468729]]]}},{"type":"Feature","id":"DESNATPU1000EqZ5","properties":{"id":"DESNATPU1000EqZ5","height_m":2.987,"ground_m":313.887,"height_source":"LoD1 solid top minus bottom","production":"2023","laser":"2017","footprints":"2023"},"geometry":{"type":"Polygon","coordinates":[[[13.89907367513434,51.01168358371186],[13.898974700849335,51.01171547486504],[13.89900957730931,51.011759688518225],[13.899110608593917,51.01173123399169],[13.89907367513434,51.01168358371186]]]}},{"type":"Feature","id":"DESNATPU1000FWkH","properties":{"id":"DESNATPU1000FWkH","height_m":3.218,"ground_m":126.987,"height_source":"LoD1 solid top minus bottom","production":"2023","laser":"2017","footprints":"2023"},"geometry":{"type":"Polygon","coordinates":[[[13.89848522936923,50.99963537129473],[13.898507756595539,50.99956274165363],[13.898416528754503,50.99955144976956],[13.898394143876105,50.99962408073593],[13.89848522936923,50.99963537129473]]]}},{"type":"Feature","id":"DESNATGMvh0000ZS","properties":{"id":"DESNATGMvh0000ZS","height_m":2.977,"ground_m":302.399,"height_source":"LoD1 solid top minus bottom","production":"2023","laser":"2017","footprints":"2023"},"geometry":{"type":"Polygon","coordinates":[[[13.896827384607926,51.01310011480471],[13.896732115158395,51.01313068112936],[13.896763093788705,51.01316909423859],[13.896858564539905,51.01313845784669],[13.89684516608086,51.01312215324799],[13.896827384607926,51.01310011480471]]]}},{"type":"Feature","id":"DESNATPU1000BThG","properties":{"id":"DESNATPU1000BThG","height_m":8.969,"ground_m":126.287,"height_source":"LoD1 solid top minus bottom","production":"2023","laser":"2017","footprints":"2023"},"geometry":{"type":"Polygon","coordinates":[[[13.89939950973248,51.00007342351861],[13.899342240884485,51.00024108612393],[13.899481673815604,51.00026004364969],[13.899538942186469,51.000092380973584],[13.89939950973248,51.00007342351861]]]}},{"type":"Feature","id":"DESNATP1Vq0000yv","properties":{"id":"DESNATP1Vq0000yv","height_m":3.816,"ground_m":330.127,"height_source":"LoD1 solid top minus bottom","production":"2023","laser":"2017","footprints":"2023"},"geometry":{"type":"Polygon","coordinates":[[[13.906375119126727,51.01206890118195],[13.9062226424005,51.012008939575225],[13.906135812405784,51.01209681387703],[13.906288289304714,51.01215677559726],[13.906375119126727,51.01206890118195]]]}},{"type":"Feature","id":"DESNATPU1000CNUg","properties":{"id":"DESNATPU1000CNUg","height_m":5.25,"ground_m":127.362,"height_source":"LoD1 solid top minus bottom","production":"2023","laser":"2017","footprints":"2023"},"geometry":{"type":"Polygon","coordinates":[[[13.898697814346749,50.999240161554674],[13.898723254425796,50.999170886681064],[13.89863633158708,50.99915837654938],[13.89861117848107,50.99922756418166],[13.898697814346749,50.999240161554674]]]}},{"type":"Feature","id":"DESNATPU1000HqXN","properties":{"id":"DESNATPU1000HqXN","height_m":7.349,"ground_m":291.383,"height_source":"LoD1 solid top minus bottom","production":"2023","laser":"2017","footprints":"2023"},"geometry":{"type":"Polygon","coordinates":[[[13.892796377755067,51.01325609468951],[13.892830839909985,51.013332473610646],[13.892933965364676,51.01331396334407],[13.892950146896386,51.01334983618005],[13.893023636081526,51.01333664755354],[13.892972924450593,51.01322424233741],[13.892796377755067,51.01325609468951]]]}},{"type":"Feature","id":"UUID_f9b93ac9-f2c1-4b88-87a6-f418db0503eb","properties":{"id":"UUID_f9b93ac9-f2c1-4b88-87a6-f418db0503eb","height_m":5.413,"ground_m":118.075,"height_source":"LoD1 solid top minus bottom","production":"2023","laser":"2017","footprints":"2023"},"geometry":{"type":"Polygon","coordinates":[[[13.891750200052021,51.002998119495665],[13.891867007883008,51.00296371475739],[13.891828475172558,51.00291200012184],[13.891711925861872,51.002946326338396],[13.891750200052021,51.002998119495665]]]}},{"type":"Feature","id":"UUID_8a5836ab-fb59-4918-b2fd-f7818ead6d5c","properties":{"id":"UUID_8a5836ab-fb59-4918-b2fd-f7818ead6d5c","height_m":5.938,"ground_m":118.075,"height_source":"LoD1 solid top minus bottom","production":"2023","laser":"2017","footprints":"2023"},"geometry":{"type":"Polygon","coordinates":[[[13.891579170598964,51.002978879971806],[13.89162581029633,51.0030432615846],[13.891755833652041,51.00300573591865],[13.891750171338916,51.00299812821613],[13.891750200052021,51.002998119495665],[13.891711925861872,51.002946326338396],[13.891707507447105,51.00294034914587],[13.891579170598964,51.002978879971806]]]}},{"type":"Feature","id":"DESNATPU1000DTwF","properties":{"id":"DESNATPU1000DTwF","height_m":3.279,"ground_m":124.036,"height_source":"LoD1 solid top minus bottom","production":"2023","laser":"2017","footprints":"2023"},"geometry":{"type":"Polygon","coordinates":[[[13.901739395057936,51.00047041843007],[13.901758966265271,51.00040810216576],[13.901678679830951,51.00039808476453],[13.901659108520683,51.00046040101485],[13.901739395057936,51.00047041843007]]]}},{"type":"Feature","id":"DESNATPU1000Hx8O","properties":{"id":"DESNATPU1000Hx8O","height_m":7.602,"ground_m":127.982,"height_source":"LoD1 solid top minus bottom","production":"2023","laser":"2017","footprints":"2023"},"geometry":{"type":"Polygon","coordinates":[[[13.89581807275177,51.00436895352225],[13.895928043131715,51.00433379665084],[13.895860371884577,51.00424964960917],[13.89575068814571,51.00428474617629],[13.895767174505004,51.00430534272577],[13.895759289855357,51.004307858139946],[13.895778128686494,51.00433142657408],[13.895786042052347,51.00432890243722],[13.89581807275177,51.00436895352225]]]}},{"type":"Feature","id":"DESNATPU1000BDLa","properties":{"id":"DESNATPU1000BDLa","height_m":8.773,"ground_m":138.446,"height_source":"LoD1 solid top minus bottom","production":"2023","laser":"2017","footprints":"2023"},"geometry":{"type":"Polygon","coordinates":[[[13.893016795534502,51.005457871278864],[13.893119097519486,51.00542171812101],[13.893061910215845,51.00535715627293],[13.892959495398683,51.00539326334741],[13.893016795534502,51.005457871278864]]]}},{"type":"Feature","id":"DESNATGMvh0000Z4","properties":{"id":"DESNATGMvh0000Z4","height_m":2.637,"ground_m":296.779,"height_source":"LoD1 solid top minus bottom","production":"2023","laser":"2017","footprints":"2023"},"geometry":{"type":"Polygon","coordinates":[[[13.894488647325877,51.01280197420391],[13.894496717082296,51.01281931678897],[13.89441136287483,51.01283513687721],[13.894420979141149,51.01285578547653],[13.894543490613549,51.012833077726924],[13.894525790061815,51.01279509541064],[13.894488647325877,51.01280197420391]]]}},{"type":"Feature","id":"DESNATPU1000HsNE","properties":{"id":"DESNATPU1000HsNE","height_m":2.446,"ground_m":131.034,"height_source":"LoD1 solid top minus bottom","production":"2023","laser":"2017","footprints":"2023"},"geometry":{"type":"Polygon","coordinates":[[[13.906238149035651,51.00099794934179],[13.90623220611899,51.00105248922093],[13.906318713362962,51.00105623975635],[13.906324656178802,51.00100169987222],[13.906238149035651,51.00099794934179]]]}},{"type":"Feature","id":"UUID_353562cd-0a8f-45c7-966c-7681404d0303","properties":{"id":"UUID_353562cd-0a8f-45c7-966c-7681404d0303","height_m":3.873,"ground_m":125.559,"height_source":"LoD1 solid top minus bottom","production":"2023","laser":"2017","footprints":"2023"},"geometry":{"type":"Polygon","coordinates":[[[13.902698818694468,51.00056941624188],[13.902672699709383,51.000566194283024],[13.902657753449372,51.00061435444171],[13.90268388649702,51.00061758552874],[13.902698818694468,51.00056941624188]]]}},{"type":"Feature","id":"UUID_a0d62e69-4c67-4e21-a182-9cfb0520f7ab","properties":{"id":"UUID_a0d62e69-4c67-4e21-a182-9cfb0520f7ab","height_m":4.292,"ground_m":125.559,"height_source":"LoD1 solid top minus bottom","production":"2023","laser":"2017","footprints":"2023"},"geometry":{"type":"Polygon","coordinates":[[[13.902809274481454,51.00054691040181],[13.90270961638856,51.000534598459396],[13.902698818694468,51.00056941624188],[13.90268388649702,51.00061758552874],[13.90278354497231,51.00062988850312],[13.902809274481454,51.00054691040181]]]}},{"type":"Feature","id":"UUID_2b14d6bd-27f1-46e8-b69c-cb4f48514439","properties":{"id":"UUID_2b14d6bd-27f1-46e8-b69c-cb4f48514439","height_m":7.522,"ground_m":134.176,"height_source":"LoD1 solid top minus bottom","production":"2023","laser":"2017","footprints":"2023"},"geometry":{"type":"Polygon","coordinates":[[[13.90890222809595,50.999681147499096],[13.908922648122203,50.999649053922376],[13.908871371973847,50.99963624584161],[13.90882275938351,50.9996241101009],[13.908774941869773,50.99970019251745],[13.908804837278414,50.999707675019785],[13.908823284437558,50.999712298777084],[13.908881629961522,50.99972690852268],[13.908909312277231,50.99968292230133],[13.90890222809595,50.999681147499096]]]}},{"type":"Feature","id":"UUID_172c17aa-0156-49b9-a039-0d499acde874","properties":{"id":"UUID_172c17aa-0156-49b9-a039-0d499acde874","height_m":4.673,"ground_m":134.176,"height_source":"LoD1 solid top minus bottom","production":"2023","laser":"2017","footprints":"2023"},"geometry":{"type":"Polygon","coordinates":[[[13.908804837278414,50.999707675019785],[13.90879314457304,50.99972617198692],[13.908870222041136,50.999745417150045],[13.908881629961522,50.99972690852268],[13.908804837278414,50.999707675019785]]]}},{"type":"Feature","id":"DESNATPU1000CDaX","properties":{"id":"DESNATPU1000CDaX","height_m":6.123,"ground_m":297.521,"height_source":"LoD1 solid top minus bottom","production":"2023","laser":"2017","footprints":"2023"},"geometry":{"type":"Polygon","coordinates":[[[13.895866861164167,51.01295962942405],[13.895791171343044,51.01306193593367],[13.895890424406183,51.013091156358094],[13.895966128310995,51.01298884991829],[13.895866861164167,51.01295962942405]]]}},{"type":"Feature","id":"DESNATGMvh0000Pe","properties":{"id":"DESNATGMvh0000Pe","height_m":3.348,"ground_m":134.375,"height_source":"LoD1 solid top minus bottom","production":"2023","laser":"2017","footprints":"2023"},"geometry":{"type":"Polygon","coordinates":[[[13.896183475650519,51.004917372494454],[13.89611141401775,51.00494608022296],[13.896156365150118,51.004991271293186],[13.896228277923948,51.0049628319158],[13.896183475650519,51.004917372494454]]]}},{"type":"Feature","id":"DESNATPU1000JN8x","properties":{"id":"DESNATPU1000JN8x","height_m":3.248,"ground_m":125.608,"height_source":"LoD1 solid top minus bottom","production":"2023","laser":"2017","footprints":"2023"},"geometry":{"type":"Polygon","coordinates":[[[13.902021269898945,51.00106929329811],[13.901948043885172,51.001080115904735],[13.901976348992354,51.00114288218183],[13.902046163848828,51.00113166778509],[13.902021269898945,51.00106929329811]]]}},{"type":"Feature","id":"DESNATGMvh0000Pq","properties":{"id":"DESNATGMvh0000Pq","height_m":2.591,"ground_m":129.552,"height_source":"LoD1 solid top minus bottom","production":"2023","laser":"2017","footprints":"2023"},"geometry":{"type":"Polygon","coordinates":[[[13.89547525256012,51.004439993790946],[13.89551410407045,51.00442749234077],[13.895483392686248,51.00438951300531],[13.895444555236061,51.00440202357104],[13.89547525256012,51.004439993790946]]]}},{"type":"Feature","id":"UUID_4e9708cb-a5aa-4dc7-87a5-84c5e2679fa1","properties":{"id":"UUID_4e9708cb-a5aa-4dc7-87a5-84c5e2679fa1","height_m":3.813,"ground_m":149.698,"height_source":"LoD1 solid top minus bottom","production":"2023","laser":"2017","footprints":"2023"},"geometry":{"type":"Polygon","coordinates":[[[13.897859796320132,51.005767329056354],[13.897881293934793,51.00582673169494],[13.897921710225672,51.00577528724134],[13.897915904627821,51.005759234220974],[13.897859796320132,51.005767329056354]]]}},{"type":"Feature","id":"UUID_c6c996a2-e72f-47e3-a016-1d709a498445","properties":{"id":"UUID_c6c996a2-e72f-47e3-a016-1d709a498445","height_m":3.864,"ground_m":149.698,"height_source":"LoD1 solid top minus bottom","production":"2023","laser":"2017","footprints":"2023"},"geometry":{"type":"Polygon","coordinates":[[[13.897952050786978,51.00577189537456],[13.897921710225672,51.00577528724134],[13.897881293934793,51.00582673169494],[13.897969968555628,51.00581395301907],[13.897952050786978,51.00577189537456]]]}},{"type":"Feature","id":"DESNATGMvh0000Rv","properties":{"id":"DESNATGMvh0000Rv","height_m":4.049,"ground_m":125.258,"height_source":"LoD1 solid top minus bottom","production":"2023","laser":"2017","footprints":"2023"},"geometry":{"type":"Polygon","coordinates":[[[13.902541970541964,51.0005092646351],[13.902560302898161,51.00044927474126],[13.902478941017954,51.0004401290868],[13.902461162953061,51.00049957561235],[13.902541970541964,51.0005092646351]]]}},{"type":"Feature","id":"UUID_61ea9912-aa5e-4e01-806e-7314297ab8f3","properties":{"id":"UUID_61ea9912-aa5e-4e01-806e-7314297ab8f3","height_m":4.785,"ground_m":312.805,"height_source":"LoD1 solid top minus bottom","production":"2023","laser":"2017","footprints":"2023"},"geometry":{"type":"Polygon","coordinates":[[[13.89759092935828,51.01163281292821],[13.897577929394012,51.011635181278685],[13.897606072564017,51.011696373230464],[13.897609762007091,51.01169528393847],[13.897615869069512,51.011688426076674],[13.89759092935828,51.01163281292821]]]}},{"type":"Feature","id":"UUID_344f9b4a-9a34-4c0a-aedc-bd7519fdda11","properties":{"id":"UUID_344f9b4a-9a34-4c0a-aedc-bd7519fdda11","height_m":7.553,"ground_m":312.805,"height_source":"LoD1 solid top minus bottom","production":"2023","laser":"2017","footprints":"2023"},"geometry":{"type":"Polygon","coordinates":[[[13.89749156395555,51.01175991519365],[13.897624184224059,51.01173574385443],[13.897606072564017,51.011696373230464],[13.897577929394012,51.011635181278685],[13.8975309690781,51.01164373998725],[13.897461831590963,51.01165633401505],[13.897446097093933,51.011659198129976],[13.89749156395555,51.01175991519365]]]}},{"type":"Feature","id":"UUID_8fb9a123-23e0-4769-81f7-1ab4e5e29e0e","properties":{"id":"UUID_8fb9a123-23e0-4769-81f7-1ab4e5e29e0e","height_m":8.892,"ground_m":312.805,"height_source":"LoD1 solid top minus bottom","production":"2023","laser":"2017","footprints":"2023"},"geometry":{"type":"Polygon","coordinates":[[[13.897461831590963,51.01165633401505],[13.897530969291283,51.01164373099643],[13.897513992817515,51.01163284236073],[13.897467069524604,51.0116410416799],[13.897461831590963,51.01165633401505]]]}},{"type":"Feature","id":"DESNATPU1000DQQY","properties":{"id":"DESNATPU1000DQQY","height_m":10.338,"ground_m":300.124,"height_source":"LoD1 solid top minus bottom","production":"2023","laser":"2017","footprints":"2023"},"geometry":{"type":"Polygon","coordinates":[[[13.895034047812226,51.01230679058701],[13.895025444686619,51.012289092273306],[13.89493984350572,51.012305755735426],[13.894961636912713,51.01235027851659],[13.894982316158304,51.01239249758455],[13.895067561176527,51.01237583072282],[13.895047281993547,51.01233357048943],[13.895055669198259,51.01232316417194],[13.895050229589376,51.012312114499615],[13.895034047812226,51.01230679058701]]]}},{"type":"Feature","id":"UUID_f53af47c-cb79-4086-9b63-43450dc63590","properties":{"id":"UUID_f53af47c-cb79-4086-9b63-43450dc63590","height_m":4.767,"ground_m":124.472,"height_source":"LoD1 solid top minus bottom","production":"2023","laser":"2017","footprints":"2023"},"geometry":{"type":"Polygon","coordinates":[[[13.895064670025489,51.003902188440144],[13.895109010785864,51.00389559337965],[13.895107160517512,51.003890683775744],[13.895096540293363,51.00386256164462],[13.895075658812155,51.003865601579314],[13.895075685175614,51.00386569175706],[13.894975815549232,51.00388066451015],[13.894986404214098,51.00390891225364],[13.895062645774447,51.00389740308978],[13.895064670025489,51.003902188440144]]]}},{"type":"Feature","id":"UUID_f6ad1bd3-4938-42c9-8cec-b8eb3d2239d5","properties":{"id":"UUID_f6ad1bd3-4938-42c9-8cec-b8eb3d2239d5","height_m":5.722,"ground_m":124.472,"height_source":"LoD1 solid top minus bottom","production":"2023","laser":"2017","footprints":"2023"},"geometry":{"type":"Polygon","coordinates":[[[13.894975815549232,51.00388066451015],[13.895075685175614,51.00386569175706],[13.895075658812155,51.003865601579314],[13.89504831316379,51.003792770726506],[13.894948329688324,51.00380774237902],[13.894975815549232,51.00388066451015]]]}},{"type":"Feature","id":"UUID_c8df0c69-c8be-43c9-9670-af1993bcfa71","properties":{"id":"UUID_c8df0c69-c8be-43c9-9670-af1993bcfa71","height_m":2.743,"ground_m":145.055,"height_source":"LoD1 solid top minus bottom","production":"2023","laser":"2017","footprints":"2023"},"geometry":{"type":"Polygon","coordinates":[[[13.909233699330434,51.00464123697354],[13.90931927071786,51.00464203586927],[13.909368305048368,51.00464249362625],[13.909369699125763,51.00458304604466],[13.909235093579802,51.00458178939459],[13.909233699330434,51.00464123697354]]]}},{"type":"Feature","id":"UUID_c76f5cac-8f49-466e-85f2-7598cd4e64f9","properties":{"id":"UUID_c76f5cac-8f49-466e-85f2-7598cd4e64f9","height_m":2.799,"ground_m":145.055,"height_source":"LoD1 solid top minus bottom","production":"2023","laser":"2017","footprints":"2023"},"geometry":{"type":"Polygon","coordinates":[[[13.909318673378428,51.00466750698159],[13.909367707735777,51.00466796473898],[13.909368305048368,51.00464249362625],[13.90931927071786,51.00464203586927],[13.909318673378428,51.00466750698159]]]}},{"type":"Feature","id":"DESNATGMvh0000PW","properties":{"id":"DESNATGMvh0000PW","height_m":2.243,"ground_m":137.909,"height_source":"LoD1 solid top minus bottom","production":"2023","laser":"2017","footprints":"2023"},"geometry":{"type":"Polygon","coordinates":[[[13.893302307247023,51.00524936138001],[13.893325093993607,51.00527589927209],[13.8933630316385,51.00526292225067],[13.893340244876395,51.005236384365844],[13.893302307247023,51.00524936138001]]]}},{"type":"Feature","id":"DESNATPU1000EdLj","properties":{"id":"DESNATPU1000EdLj","height_m":2.756,"ground_m":302.463,"height_source":"LoD1 solid top minus bottom","production":"2023","laser":"2017","footprints":"2023"},"geometry":{"type":"Polygon","coordinates":[[[13.896763093788705,51.01316909423859],[13.896714516717262,51.01318443593216],[13.896748157496988,51.013227811244704],[13.896798683876328,51.01321142678956],[13.896763093788705,51.01316909423859]]]}},{"type":"Feature","id":"DESNATPU1000CUh9","properties":{"id":"DESNATPU1000CUh9","height_m":8.328,"ground_m":123.941,"height_source":"LoD1 solid top minus bottom","production":"2023","laser":"2017","footprints":"2023"},"geometry":{"type":"Polygon","coordinates":[[[13.89583825693608,51.003724699399],[13.895758585319609,51.00378464805691],[13.89581221708657,51.00381294283814],[13.895885078207343,51.00375769598537],[13.895889582613304,51.00376007669365],[13.89589610809563,51.00375537215847],[13.89583825693608,51.003724699399]]]}},{"type":"Feature","id":"DESNATPU1000BT0g","properties":{"id":"DESNATPU1000BT0g","height_m":3.475,"ground_m":143.663,"height_source":"LoD1 solid top minus bottom","production":"2023","laser":"2017","footprints":"2023"},"geometry":{"type":"Polygon","coordinates":[[[13.902249481030477,51.00535824238124],[13.9021360335843,51.00538199658123],[13.90217082442126,51.00544788126747],[13.90228412738698,51.005424215604314],[13.902249481030477,51.00535824238124]]]}},{"type":"Feature","id":"DESNATPU1000FPNM","properties":{"id":"DESNATPU1000FPNM","height_m":3.271,"ground_m":127.603,"height_source":"LoD1 solid top minus bottom","production":"2023","laser":"2017","footprints":"2023"},"geometry":{"type":"Polygon","coordinates":[[[13.899385988386133,50.99675440538137],[13.899461963951667,50.996771065461914],[13.899475162925537,50.996773959600745],[13.899489324272528,50.99674822058183],[13.899467888311454,50.996743522220974],[13.899487627708886,50.996710299743334],[13.899418613104961,50.99669517109261],[13.899385988386133,50.99675440538137]]]}},{"type":"Feature","id":"DESNATPU1000DE4h","properties":{"id":"DESNATPU1000DE4h","height_m":4.431,"ground_m":141.417,"height_source":"LoD1 solid top minus bottom","production":"2023","laser":"2017","footprints":"2023"},"geometry":{"type":"Polygon","coordinates":[[[13.903463320771413,51.005156574266586],[13.903489111929982,51.00521733810147],[13.903557801032605,51.005205752511195],[13.903532152291742,51.00514499002823],[13.903463320771413,51.005156574266586]]]}},{"type":"Feature","id":"DESNATP110000o6a","properties":{"id":"DESNATP110000o6a","height_m":2.965,"ground_m":165.757,"height_source":"LoD1 solid top minus bottom","production":"2023","laser":"2017","footprints":"2023"},"geometry":{"type":"Polygon","coordinates":[[[13.905273408039262,51.006229415591335],[13.905432940999072,51.006225514635794],[13.905430624475207,51.006187678079954],[13.905271077182976,51.00619158789047],[13.905273408039262,51.006229415591335]]]}},{"type":"Feature","id":"DESNATPU1000Ejfh","properties":{"id":"DESNATPU1000Ejfh","height_m":2.477,"ground_m":126.672,"height_source":"LoD1 solid top minus bottom","production":"2023","laser":"2017","footprints":"2023"},"geometry":{"type":"Polygon","coordinates":[[[13.89680303971699,51.00140502748934],[13.896893541640976,51.001411007987905],[13.89690713416258,51.001330650385135],[13.896816347413932,51.001324667206944],[13.89680303971699,51.00140502748934]]]}},{"type":"Feature","id":"DESNATPU1000JAGk","properties":{"id":"DESNATPU1000JAGk","height_m":6.027,"ground_m":125.149,"height_source":"LoD1 solid top minus bottom","production":"2023","laser":"2017","footprints":"2023"},"geometry":{"type":"Polygon","coordinates":[[[13.895242414830907,51.000925529818794],[13.895208145652258,51.00092223811074],[13.895187916846952,51.001005860124486],[13.895318739286074,51.00101833828104],[13.895325241113733,51.00099061187062],[13.8953359085249,51.000991522094196],[13.895342699585418,51.000963618560704],[13.895332178939311,51.00096252986857],[13.895338825374106,51.00093471489608],[13.895304271205042,51.00093142052154],[13.895305854099826,51.00092478078407],[13.895294124250045,51.000914597881106],[13.895259997563677,51.00091130753565],[13.895244144493304,51.000918711613124],[13.895242414830907,51.000925529818794]]]}},{"type":"Feature","id":"DESNATGMvh0000QP","properties":{"id":"DESNATGMvh0000QP","height_m":2.835,"ground_m":124.913,"height_source":"LoD1 solid top minus bottom","production":"2023","laser":"2017","footprints":"2023"},"geometry":{"type":"Polygon","coordinates":[[[13.895220305054066,51.00084773047108],[13.895229439095806,51.00079618892474],[13.89513941799373,51.000789824986576],[13.895130269391352,51.000841375381405],[13.895220305054066,51.00084773047108]]]}},{"type":"Feature","id":"DESNATPU1000C2zR","properties":{"id":"DESNATPU1000C2zR","height_m":3.276,"ground_m":161.213,"height_source":"LoD1 solid top minus bottom","production":"2023","laser":"2017","footprints":"2023"},"geometry":{"type":"Polygon","coordinates":[[[13.897026294332706,51.006143547127344],[13.897029694727028,51.00615642999227],[13.897032152680934,51.00616577876804],[13.897174215532466,51.006150878798145],[13.89716835733119,51.00612863817329],[13.897026294332706,51.006143547127344]]]}},{"type":"Feature","id":"DESNATPU1000JLjJ","properties":{"id":"DESNATPU1000JLjJ","height_m":5.851,"ground_m":128.253,"height_source":"LoD1 solid top minus bottom","production":"2023","laser":"2017","footprints":"2023"},"geometry":{"type":"Polygon","coordinates":[[[13.895013643034542,51.00406242587311],[13.895026986139777,51.00409772307204],[13.89502004871843,51.00409876357669],[13.89502898027781,51.00412237332208],[13.895035931952291,51.00412133295171],[13.895049127314229,51.004156251051015],[13.895163416629776,51.00413908545467],[13.895127932772299,51.0040452333374],[13.895013643034542,51.00406242587311]]]}},{"type":"Feature","id":"DESNATPU1000I2qy","properties":{"id":"DESNATPU1000I2qy","height_m":7.844,"ground_m":125.778,"height_source":"LoD1 solid top minus bottom","production":"2023","laser":"2017","footprints":"2023"},"geometry":{"type":"Polygon","coordinates":[[[13.898161590144186,51.00087593972962],[13.898185998748607,51.00080214984359],[13.898097144086071,51.00079044844551],[13.898072735347405,51.00086423831228],[13.898161590144186,51.00087593972962]]]}},{"type":"Feature","id":"DESNATPU1000B1mo","properties":{"id":"DESNATPU1000B1mo","height_m":8.572,"ground_m":127.257,"height_source":"LoD1 solid top minus bottom","production":"2023","laser":"2017","footprints":"2023"},"geometry":{"type":"Polygon","coordinates":[[[13.899008915025835,50.999614480378135],[13.898831236280486,50.99958755384142],[13.89881538588171,50.99962920317923],[13.898801586489345,50.99966548513375],[13.898789429352934,50.99969741204425],[13.898967094243279,50.9997243385122],[13.899008915025835,50.999614480378135]]]}},{"type":"Feature","id":"UUID_80b25bdf-6ea1-4e0e-b9c4-62589262194b","properties":{"id":"UUID_80b25bdf-6ea1-4e0e-b9c4-62589262194b","height_m":3.839,"ground_m":129.892,"height_source":"LoD1 solid top minus bottom","production":"2023","laser":"2017","footprints":"2023"},"geometry":{"type":"Polygon","coordinates":[[[13.905461592789928,50.99965726316133],[13.905455191223107,50.99967312051214],[13.905512281497973,50.9996822795155],[13.905518682623596,50.999666440143194],[13.905461592789928,50.99965726316133]]]}},{"type":"Feature","id":"UUID_48b93057-518d-48cc-baba-0dae29f00066","properties":{"id":"UUID_48b93057-518d-48cc-baba-0dae29f00066","height_m":5.197,"ground_m":129.892,"height_source":"LoD1 solid top minus bottom","production":"2023","laser":"2017","footprints":"2023"},"geometry":{"type":"Polygon","coordinates":[[[13.905533631498518,50.99976642769647],[13.905564232035083,50.99969061695688],[13.905455191223107,50.99967312051214],[13.905424605192856,50.99974891337414],[13.905533631498518,50.99976642769647]]]}},{"type":"Feature","id":"DESNATPU1000DufX","properties":{"id":"DESNATPU1000DufX","height_m":2.513,"ground_m":141.135,"height_source":"LoD1 solid top minus bottom","production":"2023","laser":"2017","footprints":"2023"},"geometry":{"type":"Polygon","coordinates":[[[13.903521737731387,51.005098848978335],[13.90354396626295,51.0051499120695],[13.90363424536569,51.00513424846724],[13.90361200206791,51.00508320324052],[13.903532113805912,51.00509704887209],[13.903521737731387,51.005098848978335]]]}},{"type":"Feature","id":"UUID_1855fab5-4103-4e0b-bab4-e2c7412dd24a","properties":{"id":"UUID_1855fab5-4103-4e0b-bab4-e2c7412dd24a","height_m":3.788,"ground_m":286.834,"height_source":"LoD1 solid top minus bottom","production":"2023","laser":"2017","footprints":"2023"},"geometry":{"type":"Polygon","coordinates":[[[13.891728376080072,51.013721365771886],[13.891765103720614,51.01371161520418],[13.89172899822244,51.01365938410966],[13.89169298818071,51.01366893463802],[13.891728376080072,51.013721365771886]]]}},{"type":"Feature","id":"UUID_ed4585c8-b4ed-4abb-9c1d-48e6832e3b32","properties":{"id":"UUID_ed4585c8-b4ed-4abb-9c1d-48e6832e3b32","height_m":4.364,"ground_m":286.834,"height_source":"LoD1 solid top minus bottom","production":"2023","laser":"2017","footprints":"2023"},"geometry":{"type":"Polygon","coordinates":[[[13.89163818501614,51.0135877490984],[13.8915673867601,51.013606430023785],[13.891541778948476,51.01361318350029],[13.891566006276316,51.01364938466042],[13.891566436643833,51.01364927183654],[13.891586548099287,51.013678725294945],[13.891586261116009,51.01367880350785],[13.891632970259785,51.013746692830395],[13.89165810586333,51.01374001578985],[13.891728376080072,51.013721365771886],[13.89169298818071,51.01366893463802],[13.89163818501614,51.0135877490984]]]}},{"type":"Feature","id":"UUID_cd679910-d68a-4bb4-9c49-92e55d6c6271","properties":{"id":"UUID_cd679910-d68a-4bb4-9c49-92e55d6c6271","height_m":4.118,"ground_m":286.834,"height_source":"LoD1 solid top minus bottom","production":"2023","laser":"2017","footprints":"2023"},"geometry":{"type":"Polygon","coordinates":[[[13.891567746512756,51.013684023558476],[13.891586261116009,51.01367880350785],[13.891586548099287,51.013678725294945],[13.891566436643833,51.01364927183654],[13.891566006276316,51.01364938466042],[13.89154735772978,51.01365424372397],[13.891567746512756,51.013684023558476]]]}},{"type":"Feature","id":"DESNATPU1000IePQ","properties":{"id":"DESNATPU1000IePQ","height_m":6.159,"ground_m":314.102,"height_source":"LoD1 solid top minus bottom","production":"2023","laser":"2017","footprints":"2023"},"geometry":{"type":"Polygon","coordinates":[[[13.898490804438094,51.010873025058785],[13.898484473814127,51.01088752476254],[13.898471874646567,51.01088983404086],[13.89851395041477,51.01099054572168],[13.898585345538873,51.01098248675645],[13.89859182039788,51.01098175642656],[13.898654190054417,51.01097137312141],[13.898610501737751,51.010866509589555],[13.898541775837645,51.01087803798691],[13.898536966971788,51.010878846969995],[13.898519700600398,51.01086816258096],[13.898490804438094,51.010873025058785]]]}},{"type":"Feature","id":"DESNATPU1000EQtm","properties":{"id":"DESNATPU1000EQtm","height_m":6.312,"ground_m":319.422,"height_source":"LoD1 solid top minus bottom","production":"2023","laser":"2017","footprints":"2023"},"geometry":{"type":"Polygon","coordinates":[[[13.900315155534345,51.01331155574955],[13.90040940869931,51.0133829465669],[13.90048374756999,51.01334398781985],[13.900389779420502,51.01327259974456],[13.900315155534345,51.01331155574955]]]}},{"type":"Feature","id":"DESNATPU1000ID2r","properties":{"id":"DESNATPU1000ID2r","height_m":5.551,"ground_m":125.337,"height_source":"LoD1 solid top minus bottom","production":"2023","laser":"2017","footprints":"2023"},"geometry":{"type":"Polygon","coordinates":[[[13.898413399605982,51.00091122818991],[13.898528614775929,51.000848555273876],[13.898454926533459,51.00079462286502],[13.898339568911965,51.00085729436552],[13.898413399605982,51.00091122818991]]]}},{"type":"Feature","id":"DESNATPU1000EL2N","properties":{"id":"DESNATPU1000EL2N","height_m":6.055,"ground_m":125.604,"height_source":"LoD1 solid top minus bottom","production":"2023","laser":"2017","footprints":"2023"},"geometry":{"type":"Polygon","coordinates":[[[13.902179359611202,51.001483883069625],[13.902223405227746,51.00147576275317],[13.902221791502969,51.00147227635347],[13.902298159271991,51.00145819171478],[13.902282468649103,51.00142433012889],[13.90228651978957,51.00142357682394],[13.90225561291831,51.00135689228011],[13.902181649955958,51.001370540853856],[13.90217838189508,51.00136347774311],[13.902127880161952,51.00137280536199],[13.902179359611202,51.001483883069625]]]}},{"type":"Feature","id":"UUID_53c75157-1610-4078-9449-7849344c995e","properties":{"id":"UUID_53c75157-1610-4078-9449-7849344c995e","height_m":4.356,"ground_m":140.159,"height_source":"LoD1 solid top minus bottom","production":"2023","laser":"2017","footprints":"2023"},"geometry":{"type":"Polygon","coordinates":[[[13.897357909116142,51.005330586455756],[13.897424306447844,51.00530632092277],[13.897433603926581,51.00530253275408],[13.897381993660746,51.005269419665254],[13.897324893321468,51.00529172255551],[13.897357909116142,51.005330586455756]]]}},{"type":"Feature","id":"UUID_63c05f95-8ffd-4081-bc03-5ce4aafbca86","properties":{"id":"UUID_63c05f95-8ffd-4081-bc03-5ce4aafbca86","height_m":7.483,"ground_m":140.159,"height_source":"LoD1 solid top minus bottom","production":"2023","laser":"2017","footprints":"2023"},"geometry":{"type":"Polygon","coordinates":[[[13.897386909481916,51.00516127323643],[13.897370400383519,51.005145200104295],[13.897320455772055,51.00516568203145],[13.8973370361109,51.005181755843],[13.897386909481916,51.00516127323643]]]}},{"type":"Feature","id":"UUID_23d7a946-e1e7-4334-9e41-494702d0d903","properties":{"id":"UUID_23d7a946-e1e7-4334-9e41-494702d0d903","height_m":7.29,"ground_m":140.159,"height_source":"LoD1 solid top minus bottom","production":"2023","laser":"2017","footprints":"2023"},"geometry":{"type":"Polygon","coordinates":[[[13.897433603926581,51.00530253275408],[13.897470348447872,51.00528752874696],[13.897502947550462,51.00527423021941],[13.897443821031118,51.00521666664715],[13.897386909481916,51.00516127323643],[13.8973370361109,51.005181755843],[13.897281131984537,51.00520470849344],[13.897361635972176,51.00525635878174],[13.897381993660746,51.005269419665254],[13.897433603926581,51.00530253275408]]]}},{"type":"Feature","id":"UUID_07a35b63-01e3-465b-86d2-016d23a13945","properties":{"id":"UUID_07a35b63-01e3-465b-86d2-016d23a13945","height_m":4.067,"ground_m":140.159,"height_source":"LoD1 solid top minus bottom","production":"2023","laser":"2017","footprints":"2023"},"geometry":{"type":"Polygon","coordinates":[[[13.897485480470849,51.00521499143899],[13.89753318747271,51.00526124215535],[13.897502209343097,51.00527350382616],[13.89750296201376,51.00527422136307],[13.897516706898264,51.00526861363959],[13.897574999743316,51.0052447031979],[13.897526934361377,51.00519793652498],[13.897485480470849,51.00521499143899]]]}},{"type":"Feature","id":"UUID_c1752868-be45-4bbc-9821-6bf8edc41ef5","properties":{"id":"UUID_c1752868-be45-4bbc-9821-6bf8edc41ef5","height_m":4.244,"ground_m":140.159,"height_source":"LoD1 solid top minus bottom","production":"2023","laser":"2017","footprints":"2023"},"geometry":{"type":"Polygon","coordinates":[[[13.897502209343097,51.00527350382616],[13.89753318747271,51.00526124215535],[13.897485480470849,51.00521499143899],[13.897474333998662,51.005204184773945],[13.897443821031118,51.00521666664715],[13.897502209343097,51.00527350382616]]]}},{"type":"Feature","id":"UUID_8a512472-9c6f-449a-858a-8d65f1782da8","properties":{"id":"UUID_8a512472-9c6f-449a-858a-8d65f1782da8","height_m":6.529,"ground_m":140.159,"height_source":"LoD1 solid top minus bottom","production":"2023","laser":"2017","footprints":"2023"},"geometry":{"type":"Polygon","coordinates":[[[13.897281131984537,51.00520470849344],[13.897277303288146,51.0052062820734],[13.897338460867449,51.00526594224566],[13.897361635972176,51.00525635878174],[13.897281131984537,51.00520470849344]]]}},{"type":"Feature","id":"UUID_2b7ae5fa-5c0f-4657-ab35-634d6b01b127","properties":{"id":"UUID_2b7ae5fa-5c0f-4657-ab35-634d6b01b127","height_m":10.225,"ground_m":121.463,"height_source":"LoD1 solid top minus bottom","production":"2023","laser":"2017","footprints":"2023"},"geometry":{"type":"Polygon","coordinates":[[[13.89689106677754,51.002168586638454],[13.896969712596617,51.00214149635808],[13.896940596509765,51.00210777707382],[13.896937530809998,51.00210423192679],[13.896907431011119,51.00206932528354],[13.896886594854283,51.00207650267522],[13.896880699382514,51.002078695218934],[13.896875673787479,51.00208026647711],[13.896860294957614,51.00208569682563],[13.896852966035693,51.00208823554629],[13.896845349996912,51.002090861483744],[13.896747064537669,51.00212455581177],[13.896780244404157,51.00216299879037],[13.896809345945616,51.002196726970034],[13.89689110845899,51.002168631996234],[13.89689106677754,51.002168586638454]]]}},{"type":"Feature","id":"UUID_09cef00e-cd2d-4c07-811f-1285688614e2","properties":{"id":"UUID_09cef00e-cd2d-4c07-811f-1285688614e2","height_m":5.572,"ground_m":121.463,"height_source":"LoD1 solid top minus bottom","production":"2023","laser":"2017","footprints":"2023"},"geometry":{"type":"Polygon","coordinates":[[[13.89689106677754,51.002168586638454],[13.89689110845899,51.002168631996234],[13.896895465005132,51.00217363718043],[13.896918856307247,51.002200548798065],[13.897014555627598,51.00216772919383],[13.896991079643689,51.00214078082446],[13.89698666737273,51.002135721160656],[13.896969712596617,51.00214149635808],[13.89689106677754,51.002168586638454]]]}},{"type":"Feature","id":"DESNATPU1000EURw","properties":{"id":"DESNATPU1000EURw","height_m":7.72,"ground_m":123.621,"height_source":"LoD1 solid top minus bottom","production":"2023","laser":"2017","footprints":"2023"},"geometry":{"type":"Polygon","coordinates":[[[13.901170930339278,51.000381142807534],[13.901150015355375,51.000450235932306],[13.90131869932473,51.00047019480856],[13.901339309324177,51.00040133260034],[13.901170930339278,51.000381142807534]]]}},{"type":"Feature","id":"DESNATPU1000HH2m","properties":{"id":"DESNATPU1000HH2m","height_m":8.406,"ground_m":164.359,"height_source":"LoD1 solid top minus bottom","production":"2023","laser":"2017","footprints":"2023"},"geometry":{"type":"Polygon","coordinates":[[[13.90598114585842,51.006022105639296],[13.905942266241157,51.006026777544136],[13.905950270639227,51.00605369609991],[13.905957852873739,51.006079171848846],[13.906147382683656,51.006056755800266],[13.906139801405965,51.00603123510866],[13.906131797959038,51.006004271610855],[13.906062046508886,51.006012521420445],[13.90598114585842,51.006022105639296]]]}},{"type":"Feature","id":"DESNATGMvh0000SM","properties":{"id":"DESNATGMvh0000SM","height_m":2.275,"ground_m":131.221,"height_source":"LoD1 solid top minus bottom","production":"2023","laser":"2017","footprints":"2023"},"geometry":{"type":"Polygon","coordinates":[[[13.906404893108279,51.00105997816917],[13.906410836035064,51.0010054292892],[13.906324656178802,51.00100169987222],[13.906318713362962,51.00105623975635],[13.906404893108279,51.00105997816917]]]}},{"type":"Feature","id":"DESNATPU1000DGj7","properties":{"id":"DESNATPU1000DGj7","height_m":3.738,"ground_m":185.547,"height_source":"LoD1 solid top minus bottom","production":"2023","laser":"2017","footprints":"2023"},"geometry":{"type":"Polygon","coordinates":[[[13.894986891214144,51.00667784780532],[13.894998380643692,51.00672220122927],[13.895096827837275,51.00671216105183],[13.895085340452182,51.00666771772875],[13.894986891214144,51.00667784780532]]]}},{"type":"Feature","id":"UUID_b9113c6a-4d65-4d79-9366-0b6e3e99b71a","properties":{"id":"UUID_b9113c6a-4d65-4d79-9366-0b6e3e99b71a","height_m":4.731,"ground_m":126.271,"height_source":"LoD1 solid top minus bottom","production":"2023","laser":"2017","footprints":"2023"},"geometry":{"type":"Polygon","coordinates":[[[13.898723766173758,51.00028095923255],[13.898719317523627,51.00029489217548],[13.89877793033496,51.000302324212065],[13.898782579738969,51.00028773668172],[13.898723858690134,51.000280663340824],[13.898723766173758,51.00028095923255]]]}},{"type":"Feature","id":"UUID_2700cd90-1471-4f78-9fc4-4ca49c69ea4f","properties":{"id":"UUID_2700cd90-1471-4f78-9fc4-4ca49c69ea4f","height_m":5.352,"ground_m":126.271,"height_source":"LoD1 solid top minus bottom","production":"2023","laser":"2017","footprints":"2023"},"geometry":{"type":"Polygon","coordinates":[[[13.89871042300531,51.000217299009435],[13.898693826600464,51.00021520010317],[13.898684034753247,51.000245935263976],[13.898674858180517,51.0002747607484],[13.898723766173758,51.00028095923255],[13.898723858690134,51.000280663340824],[13.898782579738969,51.00028773668172],[13.898782594839023,51.000287700852674],[13.898788107985624,51.00028840030514],[13.89879717687523,51.00025990653228],[13.898806860822312,51.000229512073275],[13.898772574045417,51.00022516908117],[13.89871042300531,51.000217299009435]]]}},{"type":"Feature","id":"UUID_cea89b4f-945c-435b-9dbd-918126f48018","properties":{"id":"UUID_cea89b4f-945c-435b-9dbd-918126f48018","height_m":3.209,"ground_m":126.271,"height_source":"LoD1 solid top minus bottom","production":"2023","laser":"2017","footprints":"2023"},"geometry":{"type":"Polygon","coordinates":[[[13.898783844167014,51.0001897805616],[13.898721693384966,51.000181901505265],[13.89871042300531,51.000217299009435],[13.898772574045417,51.00022516908117],[13.898783844167014,51.0001897805616]]]}},{"type":"Feature","id":"DESNATGMvh0000YS","properties":{"id":"DESNATGMvh0000YS","height_m":6.758,"ground_m":160.968,"height_source":"LoD1 solid top minus bottom","production":"2023","laser":"2017","footprints":"2023"},"geometry":{"type":"Polygon","coordinates":[[[13.897434379489612,51.006127740721325],[13.897435012769037,51.00608900556136],[13.89734373250066,51.00608841387208],[13.897343099145225,51.006127149031094],[13.897434379489612,51.006127740721325]]]}},{"type":"Feature","id":"UUID_66ee7ebb-ceba-4a39-b614-feed384d29bc","properties":{"id":"UUID_66ee7ebb-ceba-4a39-b614-feed384d29bc","height_m":6.388,"ground_m":314.451,"height_source":"LoD1 solid top minus bottom","production":"2023","laser":"2017","footprints":"2023"},"geometry":{"type":"Polygon","coordinates":[[[13.898894763412619,51.01146358785287],[13.898902971377018,51.01146130908722],[13.898903026681948,51.01146138155104],[13.898955404394357,51.011446767215745],[13.898875374152066,51.01133486165028],[13.898815337835911,51.01135143614568],[13.89875599025972,51.01136781925992],[13.898834839888197,51.0114802083856],[13.898894763412619,51.01146358785287]]]}},{"type":"Feature","id":"UUID_c3424a2e-fe06-41b5-a494-723914bbea0c","properties":{"id":"UUID_c3424a2e-fe06-41b5-a494-723914bbea0c","height_m":3.645,"ground_m":314.451,"height_source":"LoD1 solid top minus bottom","production":"2023","laser":"2017","footprints":"2023"},"geometry":{"type":"Polygon","coordinates":[[[13.898929632553155,51.011499671948265],[13.898903026681948,51.01146138155104],[13.898902971377018,51.01146130908722],[13.898834839888197,51.0114802083856],[13.89883486732769,51.011480253608354],[13.898813344430389,51.01148616587695],[13.898839954499852,51.011524276477665],[13.898929632553155,51.011499671948265]]]}},{"type":"Feature","id":"DESNATGMvh0000YW","properties":{"id":"DESNATGMvh0000YW","height_m":3.795,"ground_m":174.722,"height_source":"LoD1 solid top minus bottom","production":"2023","laser":"2017","footprints":"2023"},"geometry":{"type":"Polygon","coordinates":[[[13.898514836786575,51.00646452510004],[13.89843749718964,51.0064656844103],[13.898438757879171,51.00649911367017],[13.898439692128264,51.00652405960903],[13.898440788969449,51.00655297292077],[13.898518114248029,51.006551822465724],[13.898517031822273,51.00652290029794],[13.898516097531697,51.00649795435944],[13.898514836786575,51.00646452510004]]]}},{"type":"Feature","id":"DESNATP1Vq0000xI","properties":{"id":"DESNATP1Vq0000xI","height_m":2.535,"ground_m":118.52,"height_source":"LoD1 solid top minus bottom","production":"2023","laser":"2017","footprints":"2023"},"geometry":{"type":"Polygon","coordinates":[[[13.893497044567354,51.00293417339278],[13.893516597266196,51.0029899703198],[13.89366037036959,51.00296991995668],[13.893640831755365,51.00291412318745],[13.893497044567354,51.00293417339278]]]}},{"type":"Feature","id":"DESNATP110000o5m","properties":{"id":"DESNATP110000o5m","height_m":8.557,"ground_m":296.029,"height_source":"LoD1 solid top minus bottom","production":"2023","laser":"2017","footprints":"2023"},"geometry":{"type":"Polygon","coordinates":[[[13.893963479482718,51.01294834416418],[13.894114130006914,51.012919734159595],[13.894099035019138,51.0128866955172],[13.894085619284901,51.012889140480304],[13.894046219343009,51.01280272415744],[13.894018734442268,51.012807517956176],[13.893965464096373,51.01278881219984],[13.89393644175286,51.01282227854617],[13.893909024669638,51.01282721684642],[13.893963479482718,51.01294834416418]]]}},{"type":"Feature","id":"DESNATP110000o3b","properties":{"id":"DESNATP110000o3b","height_m":2.807,"ground_m":135.458,"height_source":"LoD1 solid top minus bottom","production":"2023","laser":"2017","footprints":"2023"},"geometry":{"type":"Polygon","coordinates":[[[13.909218392753193,51.00020717730486],[13.90915199715668,51.00019912927839],[13.909126644970161,51.00028231011041],[13.909193054718424,51.000290367275774],[13.909218392753193,51.00020717730486]]]}},{"type":"Feature","id":"DESNATPU1000HILY","properties":{"id":"DESNATPU1000HILY","height_m":2.97,"ground_m":132.589,"height_source":"LoD1 solid top minus bottom","production":"2023","laser":"2017","footprints":"2023"},"geometry":{"type":"Polygon","coordinates":[[[13.908278645529919,51.001985671562764],[13.908285719932037,51.00190893885843],[13.90817094329388,51.001904808685936],[13.90816401330581,51.00198145280528],[13.908278645529919,51.001985671562764]]]}},{"type":"Feature","id":"DESNATP1Vq00012g","properties":{"id":"DESNATP1Vq00012g","height_m":3.776,"ground_m":127.426,"height_source":"LoD1 solid top minus bottom","production":"2023","laser":"2017","footprints":"2023"},"geometry":{"type":"Polygon","coordinates":[[[13.899159937162567,50.99732436450767],[13.899237609515515,50.99733740760843],[13.899266175811984,50.99726963688438],[13.899188148647289,50.9972565365017],[13.899159937162567,50.99732436450767]]]}},{"type":"Feature","id":"DESNATP1Vq0000zg","properties":{"id":"DESNATP1Vq0000zg","height_m":3.436,"ground_m":145.405,"height_source":"LoD1 solid top minus bottom","production":"2023","laser":"2017","footprints":"2023"},"geometry":{"type":"Polygon","coordinates":[[[13.890499356087425,51.006171907517526],[13.8904834380808,51.00617117181384],[13.890466694473945,51.00617218187107],[13.890450491802005,51.006175013616925],[13.890435302686136,51.00617957261896],[13.89042161507097,51.00618571962628],[13.890409818007045,51.006193278477596],[13.890400273331961,51.006202018796216],[13.890393272704651,51.00621166457467],[13.890389050997635,51.006221930273306],[13.890387701008839,51.006232511017146],[13.89038928767918,51.00624307468803],[13.890393747481289,51.00625329694023],[13.890400959242243,51.006262879858824],[13.890410701821116,51.0062715335722],[13.890422668144662,51.006278985378145],[13.890436507100443,51.00628501611325],[13.890451795679507,51.006289432909824],[13.890468066404809,51.00629211442085],[13.890484822439873,51.006292974991986],[13.890500722096517,51.00629209180991],[13.890516176276224,51.00628956769837],[13.890530755748358,51.00628547052407],[13.890544072961516,51.00627991351401],[13.89055575375729,51.00627304599378],[13.890565480121683,51.00626505379366],[13.890572989970634,51.00625616823918],[13.890578063971969,51.00624662106183],[13.890580581903533,51.00623667191265],[13.890580465865778,51.00622659883011],[13.890577723461796,51.006216680664416],[13.890572433975624,51.00620717896062],[13.890564719442253,51.00619835566961],[13.890554816328459,51.006190455843104],[13.890542975994293,51.006183697695704],[13.890529550409966,51.00617826442606],[13.890514864116703,51.00617429400824],[13.890499356087425,51.006171907517526]]]}},{"type":"Feature","id":"DESNATGMvh0000Qf","properties":{"id":"DESNATGMvh0000Qf","height_m":2.274,"ground_m":121.497,"height_source":"LoD1 solid top minus bottom","production":"2023","laser":"2017","footprints":"2023"},"geometry":{"type":"Polygon","coordinates":[[[13.897176029169547,51.00216858811143],[13.897161578958107,51.00214627535567],[13.897098339179978,51.00216258490312],[13.897112789365906,51.002184897666474],[13.897176029169547,51.00216858811143]]]}},{"type":"Feature","id":"UUID_005bfa79-ca6f-438f-8ac9-269b6c6fa06d","properties":{"id":"UUID_005bfa79-ca6f-438f-8ac9-269b6c6fa06d","height_m":8.726,"ground_m":154.44,"height_source":"LoD1 solid top minus bottom","production":"2023","laser":"2017","footprints":"2023"},"geometry":{"type":"Polygon","coordinates":[[[13.895647773657485,51.00607136978834],[13.895677086138031,51.006068670234676],[13.895728526326007,51.00603449806035],[13.895641103242522,51.006042547642835],[13.895647773657485,51.00607136978834]]]}},{"type":"Feature","id":"UUID_fe4f2dda-8f14-4b6d-8c24-7a3d82321a69","properties":{"id":"UUID_fe4f2dda-8f14-4b6d-8c24-7a3d82321a69","height_m":4.32,"ground_m":154.44,"height_source":"LoD1 solid top minus bottom","production":"2023","laser":"2017","footprints":"2023"},"geometry":{"type":"Polygon","coordinates":[[[13.895677086138031,51.006068670234676],[13.895679839228317,51.00608058478819],[13.895737935648658,51.00607523461878],[13.895728526326007,51.00603449806035],[13.895677086138031,51.006068670234676]]]}},{"type":"Feature","id":"UUID_d362022f-d356-4127-83aa-1c79b507c50f","properties":{"id":"UUID_d362022f-d356-4127-83aa-1c79b507c50f","height_m":5.134,"ground_m":312.173,"height_source":"LoD1 solid top minus bottom","production":"2023","laser":"2017","footprints":"2023"},"geometry":{"type":"Polygon","coordinates":[[[13.898248400905544,51.01179391613548],[13.8981913360317,51.01180657947387],[13.89819650454311,51.01181586384804],[13.898190184608698,51.01181727007933],[13.89812916457122,51.01183080436403],[13.898174494269334,51.01191211334028],[13.898235514614111,51.011898570041865],[13.898298899530316,51.011884500445944],[13.898267613081286,51.01182837795873],[13.898248400905544,51.01179391613548]]]}},{"type":"Feature","id":"UUID_4f62f8ab-3a35-4c1d-840f-1dc9ea4a595d","properties":{"id":"UUID_4f62f8ab-3a35-4c1d-840f-1dc9ea4a595d","height_m":3.084,"ground_m":312.173,"height_source":"LoD1 solid top minus bottom","production":"2023","laser":"2017","footprints":"2023"},"geometry":{"type":"Polygon","coordinates":[[[13.898298899530316,51.011884500445944],[13.898310450066367,51.01188193849146],[13.898279163605023,51.01182581600726],[13.898267613081286,51.01182837795873],[13.898298899530316,51.011884500445944]]]}},{"type":"Feature","id":"DESNATGMvh0000YI","properties":{"id":"DESNATGMvh0000YI","height_m":2.299,"ground_m":157.016,"height_source":"LoD1 solid top minus bottom","production":"2023","laser":"2017","footprints":"2023"},"geometry":{"type":"Polygon","coordinates":[[[13.895685843035668,51.006129076957244],[13.895691750641083,51.00615460950399],[13.895825171283454,51.0061423183433],[13.895819263392667,51.00611679479363],[13.8957931221659,51.00611920061355],[13.895685843035668,51.006129076957244]]]}},{"type":"Feature","id":"DESNATPU1000HhW3","properties":{"id":"DESNATPU1000HhW3","height_m":6.558,"ground_m":132.2,"height_source":"LoD1 solid top minus bottom","production":"2023","laser":"2017","footprints":"2023"},"geometry":{"type":"Polygon","coordinates":[[[13.895006966075492,51.004759181906074],[13.894960574950042,51.00477465145416],[13.89495857081381,51.00477861632568],[13.894947437983067,51.00478226103825],[13.894974352257957,51.00481447615947],[13.895000351916703,51.00484559448998],[13.895116252617974,51.004806870355964],[13.895090466652464,51.00477575407222],[13.895063766068509,51.00474354099878],[13.895013140896452,51.004760247506454],[13.895006966075492,51.004759181906074]]]}},{"type":"Feature","id":"DESNATGMvh0000Z8","properties":{"id":"DESNATGMvh0000Z8","height_m":2.191,"ground_m":301.675,"height_source":"LoD1 solid top minus bottom","production":"2023","laser":"2017","footprints":"2023"},"geometry":{"type":"Polygon","coordinates":[[[13.896620884470844,51.01298501711287],[13.896582360289859,51.01298824143052],[13.896598251064246,51.013067114702004],[13.896630418332736,51.01306564689725],[13.896632767015369,51.013065794977],[13.896631987665076,51.01303796381374],[13.896620884470844,51.01298501711287]]]}},{"type":"Feature","id":"UUID_324d5922-5704-4c07-a2da-1fc41288afaa","properties":{"id":"UUID_324d5922-5704-4c07-a2da-1fc41288afaa","height_m":5.998,"ground_m":315.367,"height_source":"LoD1 solid top minus bottom","production":"2023","laser":"2017","footprints":"2023"},"geometry":{"type":"Polygon","coordinates":[[[13.90733216232596,51.012829340514585],[13.907368535899073,51.01283812493515],[13.90739424401489,51.01283547865367],[13.907402719316782,51.012820602851725],[13.907385543832486,51.01280896739653],[13.907348774493194,51.01279943287595],[13.90733216232596,51.012829340514585]]]}},{"type":"Feature","id":"UUID_5d2bc77d-94d7-4093-a8cc-5f73f14ed7f1","properties":{"id":"UUID_5d2bc77d-94d7-4093-a8cc-5f73f14ed7f1","height_m":2.695,"ground_m":315.367,"height_source":"LoD1 solid top minus bottom","production":"2023","laser":"2017","footprints":"2023"},"geometry":{"type":"Polygon","coordinates":[[[13.907451870112785,51.01283042399916],[13.907482543828962,51.012801493156346],[13.907452666077713,51.012789271307376],[13.907444568322797,51.0127971812083],[13.907327186757692,51.01276930288296],[13.907315235513309,51.01279074690144],[13.907348774704486,51.01279942388511],[13.907348774493194,51.01279943287595],[13.907385543832486,51.01280896739653],[13.907425884116766,51.01281941659475],[13.907451870112785,51.01283042399916]]]}},{"type":"Feature","id":"UUID_4b76b6dd-4f4b-43b2-bc41-81e1bdce32ab","properties":{"id":"UUID_4b76b6dd-4f4b-43b2-bc41-81e1bdce32ab","height_m":2.712,"ground_m":131.028,"height_source":"LoD1 solid top minus bottom","production":"2023","laser":"2017","footprints":"2023"},"geometry":{"type":"Polygon","coordinates":[[[13.895544225808852,51.004610340734246],[13.89550042628319,51.004558109923735],[13.895443432160123,51.004577139507646],[13.895461769796364,51.004599003606806],[13.895544225808852,51.004610340734246]]]}},{"type":"Feature","id":"UUID_1650ee3e-a5a5-4cdc-92f0-e53f5604cb68","properties":{"id":"UUID_1650ee3e-a5a5-4cdc-92f0-e53f5604cb68","height_m":2.701,"ground_m":131.028,"height_source":"LoD1 solid top minus bottom","production":"2023","laser":"2017","footprints":"2023"},"geometry":{"type":"Polygon","coordinates":[[[13.895458741661722,51.004638885198304],[13.895544225808852,51.004610340734246],[13.895461769796364,51.004599003606806],[13.8954332655827,51.00460851832522],[13.895458741661722,51.004638885198304]]]}},{"type":"Feature","id":"DESNATP1Vq00010d","properties":{"id":"DESNATP1Vq00010d","height_m":3.474,"ground_m":123.789,"height_source":"LoD1 solid top minus bottom","production":"2023","laser":"2017","footprints":"2023"},"geometry":{"type":"Polygon","coordinates":[[[13.901166192614568,51.00074156731209],[13.901302111513,51.00075914967051],[13.901315913767773,51.00071664441311],[13.901179980739053,51.00069906193734],[13.901166192614568,51.00074156731209]]]}},{"type":"Feature","id":"DESNATPU1000FtnD","properties":{"id":"DESNATPU1000FtnD","height_m":3.263,"ground_m":126.264,"height_source":"LoD1 solid top minus bottom","production":"2023","laser":"2017","footprints":"2023"},"geometry":{"type":"Polygon","coordinates":[[[13.897398466414963,51.000202576967034],[13.897570609456945,51.000125190398514],[13.897529661791191,51.00008921030727],[13.897357537753537,51.0001663991525],[13.897398466414963,51.000202576967034]]]}},{"type":"Feature","id":"DESNATPU1000J6up","properties":{"id":"DESNATPU1000J6up","height_m":9.285,"ground_m":120.726,"height_source":"LoD1 solid top minus bottom","production":"2023","laser":"2017","footprints":"2023"},"geometry":{"type":"Polygon","coordinates":[[[13.895319412763156,51.00337651985888],[13.895632020491687,51.003308018219414],[13.895588379989519,51.00322872947109],[13.895275787409949,51.0032972131507],[13.895319412763156,51.00337651985888]]]}},{"type":"Feature","id":"DESNATPU1000CoHy","properties":{"id":"DESNATPU1000CoHy","height_m":3.055,"ground_m":132.736,"height_source":"LoD1 solid top minus bottom","production":"2023","laser":"2017","footprints":"2023"},"geometry":{"type":"Polygon","coordinates":[[[13.907556573119859,51.0012565631921],[13.907653097052952,51.00126044237435],[13.907655717979585,51.001230161020914],[13.907559621366929,51.0012262948293],[13.907556573119859,51.0012565631921]]]}},{"type":"Feature","id":"DESNATGMvh0000Pg","properties":{"id":"DESNATGMvh0000Pg","height_m":2.989,"ground_m":131.468,"height_source":"LoD1 solid top minus bottom","production":"2023","laser":"2017","footprints":"2023"},"geometry":{"type":"Polygon","coordinates":[[[13.895155015561327,51.004703918210346],[13.895118568674924,51.004715381127646],[13.895151814400597,51.004761271244355],[13.895220077855495,51.00474006418835],[13.89518777441074,51.00469710567464],[13.895157117541418,51.00470603342011],[13.895155015561327,51.004703918210346]]]}},{"type":"Feature","id":"UUID_65def096-21e9-4987-949f-6ce441d4b642","properties":{"id":"UUID_65def096-21e9-4987-949f-6ce441d4b642","height_m":3.699,"ground_m":123.818,"height_source":"LoD1 solid top minus bottom","production":"2023","laser":"2017","footprints":"2023"},"geometry":{"type":"Polygon","coordinates":[[[13.901973698133618,50.99987261843796],[13.902004067115268,50.9997513206406],[13.901884632378652,50.999739496574755],[13.901871879140968,50.99979072582843],[13.9018544489618,50.999860769108054],[13.901973698133618,50.99987261843796]]]}},{"type":"Feature","id":"UUID_268c9e7f-446e-44b2-8a6f-05bf4c4b606a","properties":{"id":"UUID_268c9e7f-446e-44b2-8a6f-05bf4c4b606a","height_m":3.823,"ground_m":123.818,"height_source":"LoD1 solid top minus bottom","production":"2023","laser":"2017","footprints":"2023"},"geometry":{"type":"Polygon","coordinates":[[[13.901871879140968,50.99979072582843],[13.901821262729616,50.99978566368604],[13.901803789093993,50.99985573352841],[13.9018544489618,50.999860769108054],[13.901871879140968,50.99979072582843]]]}},{"type":"Feature","id":"DESNATPU1000HQBO","properties":{"id":"DESNATPU1000HQBO","height_m":8.867,"ground_m":136.473,"height_source":"LoD1 solid top minus bottom","production":"2023","laser":"2017","footprints":"2023"},"geometry":{"type":"Polygon","coordinates":[[[13.91056338529464,51.00148280722584],[13.91056067938961,51.00147055173775],[13.910591103585677,51.00146768795473],[13.910715939336658,51.00145608215436],[13.9107000153578,51.001387498208985],[13.910546754712271,51.00140180655819],[13.910534845967371,51.001350436346605],[13.91053095664344,51.00133394318923],[13.910444258725061,51.00134194763308],[13.910449911214132,51.00136834935527],[13.910463874368753,51.0014293610683],[13.910483097026448,51.00150921685279],[13.910567938660403,51.001501374925894],[13.91056338529464,51.00148280722584]]]}},{"type":"Feature","id":"UUID_f63cee5a-380a-4a78-813a-4716ee50a0e9","properties":{"id":"UUID_f63cee5a-380a-4a78-813a-4716ee50a0e9","height_m":5.352,"ground_m":159.206,"height_source":"LoD1 solid top minus bottom","production":"2023","laser":"2017","footprints":"2023"},"geometry":{"type":"Polygon","coordinates":[[[13.897153853361537,51.00607368093323],[13.897208995125448,51.00606789746401],[13.897191550442196,51.00600170739631],[13.897136380254087,51.00600749058879],[13.897153853361537,51.00607368093323]]]}},{"type":"Feature","id":"UUID_f81a1d25-b350-41c8-90b2-6862d0cbdc61","properties":{"id":"UUID_f81a1d25-b350-41c8-90b2-6862d0cbdc61","height_m":7.718,"ground_m":159.206,"height_source":"LoD1 solid top minus bottom","production":"2023","laser":"2017","footprints":"2023"},"geometry":{"type":"Polygon","coordinates":[[[13.897153853361537,51.00607368093323],[13.897145876162186,51.006043425672935],[13.897094292363654,51.006048838022686],[13.8970038136309,51.0060583256106],[13.897026294332706,51.006143547127344],[13.89716835733119,51.00612863817329],[13.897153853361537,51.00607368093323]]]}},{"type":"Feature","id":"UUID_bb68d968-a6a4-4a0a-966a-bf89f14b5a1d","properties":{"id":"UUID_bb68d968-a6a4-4a0a-966a-bf89f14b5a1d","height_m":5.307,"ground_m":159.206,"height_source":"LoD1 solid top minus bottom","production":"2023","laser":"2017","footprints":"2023"},"geometry":{"type":"Polygon","coordinates":[[[13.897145876162186,51.006043425672935],[13.897136380254087,51.00600749058879],[13.897084825208438,51.006012894212866],[13.897094292363654,51.006048838022686],[13.897145876162186,51.006043425672935]]]}},{"type":"Feature","id":"DESNATPU1000DyB8","properties":{"id":"DESNATPU1000DyB8","height_m":7.215,"ground_m":133.881,"height_source":"LoD1 solid top minus bottom","production":"2023","laser":"2017","footprints":"2023"},"geometry":{"type":"Polygon","coordinates":[[[13.908027902625705,51.00057307156752],[13.908023715634645,51.000587510899905],[13.908042620070898,51.00058966602284],[13.908037038826661,51.000608858527556],[13.908091661818665,51.00061512448688],[13.908137671166315,51.000620410633644],[13.908143781260376,51.00062118716569],[13.908150295475995,51.00059867602578],[13.908172022847282,51.00052306946773],[13.908120029850766,51.000517088918386],[13.908065563494869,51.000510833428734],[13.908046804945647,51.00057531659841],[13.908027902625705,51.00057307156752]]]}},{"type":"Feature","id":"DESNATPU1000BIgG","properties":{"id":"DESNATPU1000BIgG","height_m":2.39,"ground_m":124.728,"height_source":"LoD1 solid top minus bottom","production":"2023","laser":"2017","footprints":"2023"},"geometry":{"type":"Polygon","coordinates":[[[13.901555110768118,51.001086314186175],[13.901597061284468,51.00117474852228],[13.901646179248932,51.0011648685529],[13.901611502431136,51.00108828324254],[13.90160621287702,51.00107690253141],[13.901555110768118,51.001086314186175]]]}},{"type":"Feature","id":"DESNATPU1000IyXe","properties":{"id":"DESNATPU1000IyXe","height_m":3.755,"ground_m":144.256,"height_source":"LoD1 solid top minus bottom","production":"2023","laser":"2017","footprints":"2023"},"geometry":{"type":"Polygon","coordinates":[[[13.893227172020683,51.00570239232109],[13.893210361812931,51.00565889657964],[13.893112581041605,51.0056739504883],[13.893129419877441,51.00571743752239],[13.893227172020683,51.00570239232109]]]}},{"type":"Feature","id":"DESNATPU1000JWON","properties":{"id":"DESNATPU1000JWON","height_m":2.24,"ground_m":117.177,"height_source":"LoD1 solid top minus bottom","production":"2023","laser":"2017","footprints":"2023"},"geometry":{"type":"Polygon","coordinates":[[[13.889984451421302,51.00053589509659],[13.890048430774558,51.00058416507546],[13.89010298805062,51.000555456649494],[13.890039153311397,51.000507098145825],[13.889984451421302,51.00053589509659]]]}},{"type":"Feature","id":"DESNATP110000o3T","properties":{"id":"DESNATP110000o3T","height_m":3.62,"ground_m":134.839,"height_source":"LoD1 solid top minus bottom","production":"2023","laser":"2017","footprints":"2023"},"geometry":{"type":"Polygon","coordinates":[[[13.90874453538818,51.00024665505324],[13.908787189913166,51.00017562336809],[13.908711510057058,51.00015752430658],[13.908668841185282,51.00022855583061],[13.90874453538818,51.00024665505324]]]}},{"type":"Feature","id":"UUID_53444eb6-9266-4c9d-bba0-b025b9b1ea0d","properties":{"id":"UUID_53444eb6-9266-4c9d-bba0-b025b9b1ea0d","height_m":6.663,"ground_m":313.01,"height_source":"LoD1 solid top minus bottom","production":"2023","laser":"2017","footprints":"2023"},"geometry":{"type":"Polygon","coordinates":[[[13.898627972094426,51.011830876218],[13.898655464585557,51.01184497533734],[13.898694471490534,51.01181470446724],[13.898694558494267,51.011814642337555],[13.898730428532723,51.01178680592144],[13.898733928466694,51.01178408710615],[13.898685253313873,51.01175912284305],[13.898643437441669,51.0117376674715],[13.898643539123405,51.01173758749456],[13.898587579412785,51.01170902034091],[13.898548251952732,51.011739584917095],[13.898509200343687,51.01176993625285],[13.898581057812402,51.01180680081496],[13.898627972094426,51.011830876218]]]}},{"type":"Feature","id":"UUID_3a89d7d5-b5f6-4e1c-aa3a-9c9f12ee0681","properties":{"id":"UUID_3a89d7d5-b5f6-4e1c-aa3a-9c9f12ee0681","height_m":3.834,"ground_m":313.01,"height_source":"LoD1 solid top minus bottom","production":"2023","laser":"2017","footprints":"2023"},"geometry":{"type":"Polygon","coordinates":[[[13.898698410878756,51.01174889612461],[13.89865653842689,51.01172742223873],[13.898643539123405,51.01173758749456],[13.898643437441669,51.0117376674715],[13.898685253313873,51.01175912284305],[13.898698410878756,51.01174889612461]]]}},{"type":"Feature","id":"UUID_33d9d1a3-a7cd-48f9-88e2-e9f647d9a176","properties":{"id":"UUID_33d9d1a3-a7cd-48f9-88e2-e9f647d9a176","height_m":4.486,"ground_m":313.01,"height_source":"LoD1 solid top minus bottom","production":"2023","laser":"2017","footprints":"2023"},"geometry":{"type":"Polygon","coordinates":[[[13.898581057812402,51.01180680081496],[13.898538022265168,51.011840441949],[13.898584652153547,51.011864487709666],[13.898627972094426,51.011830876218],[13.898581057812402,51.01180680081496]]]}},{"type":"Feature","id":"DESNATPU1000EksX","properties":{"id":"DESNATPU1000EksX","height_m":4.229,"ground_m":308.814,"height_source":"LoD1 solid top minus bottom","production":"2023","laser":"2017","footprints":"2023"},"geometry":{"type":"Polygon","coordinates":[[[13.898015914082562,51.012810242068596],[13.898110875113728,51.012902702634264],[13.89818428644107,51.012872855320744],[13.898089643138876,51.01278021795463],[13.898015914082562,51.012810242068596]]]}},{"type":"Feature","id":"DESNATPU1000IIyh","properties":{"id":"DESNATPU1000IIyh","height_m":8.321,"ground_m":140.343,"height_source":"LoD1 solid top minus bottom","production":"2023","laser":"2017","footprints":"2023"},"geometry":{"type":"Polygon","coordinates":[[[13.893716458977698,51.005569651875874],[13.893741841390653,51.005605728686206],[13.893797015958198,51.00559017192247],[13.893802821554779,51.00559837440443],[13.89384938628752,51.005585245096164],[13.893843580898144,51.005577033625634],[13.893898726683911,51.00556148553435],[13.893873157850255,51.00552545195736],[13.893846168758534,51.0054874085171],[13.893689656098033,51.0055315741913],[13.893716458977698,51.005569651875874]]]}},{"type":"Feature","id":"DESNATPU1000E4XI","properties":{"id":"DESNATPU1000E4XI","height_m":3.0,"ground_m":310.765,"height_source":"LoD1 solid top minus bottom","production":"2023","laser":"2017","footprints":"2023"},"geometry":{"type":"Polygon","coordinates":[[[13.898386758897903,51.01218097703963],[13.898437083961893,51.0122590596178],[13.898564447399512,51.012226357412246],[13.898508761856421,51.01213986102416],[13.898394451269606,51.01216917903807],[13.898386758897903,51.01218097703963]]]}},{"type":"Feature","id":"DESNATPU1000GWE0","properties":{"id":"DESNATPU1000GWE0","height_m":4.862,"ground_m":320.07,"height_source":"LoD1 solid top minus bottom","production":"2023","laser":"2017","footprints":"2023"},"geometry":{"type":"Polygon","coordinates":[[[13.906886350469398,51.01269390220149],[13.906854442970983,51.01272921524077],[13.90682984446185,51.012720441911085],[13.906784322697048,51.012770915344085],[13.906808921224,51.0127796886834],[13.90682692321237,51.01275980313031],[13.906949769199633,51.01280384821432],[13.907001879870887,51.01274597231595],[13.907014316388562,51.01275058506781],[13.907041682926572,51.01272044534218],[13.90696379427375,51.012692378528044],[13.906886350469398,51.01269390220149]]]}},{"type":"Feature","id":"DESNATPU1000IeZY","properties":{"id":"DESNATPU1000IeZY","height_m":4.948,"ground_m":126.424,"height_source":"LoD1 solid top minus bottom","production":"2023","laser":"2017","footprints":"2023"},"geometry":{"type":"Polygon","coordinates":[[[13.90328336486593,51.00068528331946],[13.903226437942962,51.00067822908896],[13.90317493923016,51.00067185529251],[13.903130827260455,51.00081397765455],[13.90312367110409,51.00084547533454],[13.903174956268884,51.0008518471479],[13.903231669663205,51.00085889939802],[13.90323925109355,51.0008274956326],[13.90328336486593,51.00068528331946]]]}},{"type":"Feature","id":"DESNATPU1000CEhm","properties":{"id":"DESNATPU1000CEhm","height_m":2.688,"ground_m":128.307,"height_source":"LoD1 solid top minus bottom","production":"2023","laser":"2017","footprints":"2023"},"geometry":{"type":"Polygon","coordinates":[[[13.904309246045763,51.000569189483194],[13.904393235928005,51.000579329733064],[13.904409161581373,51.000526421330385],[13.904325171790843,51.00051628109244],[13.904309246045763,51.000569189483194]]]}},{"type":"Feature","id":"DESNATPU1000DHgH","properties":{"id":"DESNATPU1000DHgH","height_m":7.825,"ground_m":125.197,"height_source":"LoD1 solid top minus bottom","production":"2023","laser":"2017","footprints":"2023"},"geometry":{"type":"Polygon","coordinates":[[[13.894553447173895,51.00207916148361],[13.894552542114893,51.00201409868902],[13.894502609614545,51.00201437260995],[13.894475155926395,51.00201452649179],[13.894420091809234,51.00201483275283],[13.89442098243377,51.00207989541243],[13.894553447173895,51.00207916148361]]]}},{"type":"Feature","id":"UUID_2ae6a800-035d-4aa6-beca-28c0531182e0","properties":{"id":"UUID_2ae6a800-035d-4aa6-beca-28c0531182e0","height_m":4.067,"ground_m":312.884,"height_source":"LoD1 solid top minus bottom","production":"2023","laser":"2017","footprints":"2023"},"geometry":{"type":"Polygon","coordinates":[[[13.900189197063552,51.01018832188264],[13.900167740012906,51.01019208573352],[13.900182368163636,51.01022331164237],[13.900202359434,51.010220046582134],[13.900189197063552,51.01018832188264]]]}},{"type":"Feature","id":"UUID_63bd7db3-b967-4daa-b45e-5722ecc74d23","properties":{"id":"UUID_63bd7db3-b967-4daa-b45e-5722ecc74d23","height_m":3.781,"ground_m":312.884,"height_source":"LoD1 solid top minus bottom","production":"2023","laser":"2017","footprints":"2023"},"geometry":{"type":"Polygon","coordinates":[[[13.900122048952788,51.01020009987243],[13.900072478656226,51.01020879689905],[13.90008668515894,51.01024157460963],[13.900097796692528,51.01026719186915],[13.900115479852484,51.01026448063567],[13.900121816816576,51.01027801154813],[13.90016143481686,51.01027062369455],[13.900155097842179,51.01025709278417],[13.900194729858514,51.01024971404412],[13.900182911223585,51.010224458843595],[13.900182368163636,51.01022331164237],[13.900167740012906,51.01019208573352],[13.900122048952788,51.01020009987243]]]}},{"type":"Feature","id":"UUID_e9d61896-3cfc-4a95-bec6-917e04dffe49","properties":{"id":"UUID_e9d61896-3cfc-4a95-bec6-917e04dffe49","height_m":4.019,"ground_m":312.884,"height_source":"LoD1 solid top minus bottom","production":"2023","laser":"2017","footprints":"2023"},"geometry":{"type":"Polygon","coordinates":[[[13.900178529213385,51.010162627872774],[13.900172069076481,51.01014707241734],[13.900122089375293,51.010155603739996],[13.900130416687164,51.0101729753413],[13.900178529213385,51.010162627872774]]]}},{"type":"Feature","id":"UUID_e0b4fc71-d038-43bc-9eaa-49bada221763","properties":{"id":"UUID_e0b4fc71-d038-43bc-9eaa-49bada221763","height_m":3.942,"ground_m":312.884,"height_source":"LoD1 solid top minus bottom","production":"2023","laser":"2017","footprints":"2023"},"geometry":{"type":"Polygon","coordinates":[[[13.900122048952788,51.01020009987243],[13.900189197063552,51.01018832188264],[13.900178529213385,51.010162627872774],[13.900130416687164,51.0101729753413],[13.900111260541557,51.010177093576964],[13.900122048952788,51.01020009987243]]]}},{"type":"Feature","id":"DESNATPU1000JDyL","properties":{"id":"DESNATPU1000JDyL","height_m":6.921,"ground_m":300.583,"height_source":"LoD1 solid top minus bottom","production":"2023","laser":"2017","footprints":"2023"},"geometry":{"type":"Polygon","coordinates":[[[13.894609036093893,51.0122785256404],[13.894532276409636,51.01229265554071],[13.894547634618204,51.01232602036231],[13.894580291212526,51.01239748959005],[13.89475008734162,51.0123663710546],[13.894701843080544,51.01226157986906],[13.894609036093893,51.0122785256404]]]}},{"type":"Feature","id":"DESNATPU1000Hakp","properties":{"id":"DESNATPU1000Hakp","height_m":6.066,"ground_m":124.109,"height_source":"LoD1 solid top minus bottom","production":"2023","laser":"2017","footprints":"2023"},"geometry":{"type":"Polygon","coordinates":[[[13.895885078207343,51.00375769598537],[13.89581221708657,51.00381294283814],[13.895771961783074,51.00384557508061],[13.895907933581848,51.00391586222649],[13.89598284563046,51.00385827857176],[13.89594562220643,51.003837045434146],[13.89598262271719,51.00380942735811],[13.895885078207343,51.00375769598537]]]}},{"type":"Feature","id":"DESNATPU1000E80O","properties":{"id":"DESNATPU1000E80O","height_m":9.297,"ground_m":294.255,"height_source":"LoD1 solid top minus bottom","production":"2023","laser":"2017","footprints":"2023"},"geometry":{"type":"Polygon","coordinates":[[[13.895340967164792,51.01318347190352],[13.895594921127797,51.01304417272336],[13.895506197844686,51.01298097776817],[13.89536735319657,51.01305812755675],[13.895341377529974,51.013039599550254],[13.895228127125508,51.013101514502836],[13.895340967164792,51.01318347190352]]]}},{"type":"Feature","id":"DESNATPU1000G4Rr","properties":{"id":"DESNATPU1000G4Rr","height_m":7.252,"ground_m":166.868,"height_source":"LoD1 solid top minus bottom","production":"2023","laser":"2017","footprints":"2023"},"geometry":{"type":"Polygon","coordinates":[[[13.906062576409045,51.006289937211434],[13.90604709525357,51.006245169830756],[13.90596091936717,51.00625782515358],[13.90595683452569,51.00624606025127],[13.905926674676618,51.006250265243104],[13.905931180468865,51.00626231286624],[13.905909991843666,51.00626506409086],[13.905924485145556,51.00631001108855],[13.905938619938528,51.006353839615834],[13.906077670553149,51.006333585854996],[13.906062576409045,51.006289937211434]]]}},{"type":"Feature","id":"DESNATPU1000GUve","properties":{"id":"DESNATPU1000GUve","height_m":3.842,"ground_m":121.483,"height_source":"LoD1 solid top minus bottom","production":"2023","laser":"2017","footprints":"2023"},"geometry":{"type":"Polygon","coordinates":[[[13.895484508917448,51.00237036995244],[13.895474382823163,51.002381461313405],[13.895488924993703,51.00244548395215],[13.895531531807775,51.00244162415104],[13.895514746340359,51.00236763422583],[13.895484508917448,51.00237036995244]]]}},{"type":"Feature","id":"DESNATP1Vq00010N","properties":{"id":"DESNATP1Vq00010N","height_m":2.828,"ground_m":123.377,"height_source":"LoD1 solid top minus bottom","production":"2023","laser":"2017","footprints":"2023"},"geometry":{"type":"Polygon","coordinates":[[[13.901019104910842,51.000035522635855],[13.901048772647579,51.00003872439143],[13.901066120275143,50.99997464270812],[13.900959233730871,50.999963124582926],[13.900949568820643,50.99999880718758],[13.900900653179407,50.99999353582597],[13.900894267216648,51.0000171089369],[13.900958606677564,51.00002404519295],[13.900950033474473,51.00005574524552],[13.901011828449354,51.000062405734816],[13.901019104910842,51.000035522635855]]]}},{"type":"Feature","id":"DESNATGMvh0000YL","properties":{"id":"DESNATGMvh0000YL","height_m":2.684,"ground_m":314.738,"height_source":"LoD1 solid top minus bottom","production":"2023","laser":"2017","footprints":"2023"},"geometry":{"type":"Polygon","coordinates":[[[13.89810011854935,51.01135172533257],[13.898048637161885,51.0113008439829],[13.897974849390353,51.01131058869067],[13.897993183272355,51.01136585168182],[13.89810011854935,51.01135172533257]]]}},{"type":"Feature","id":"DESNATP1Vq000107","properties":{"id":"DESNATP1Vq000107","height_m":3.219,"ground_m":134.935,"height_source":"LoD1 solid top minus bottom","production":"2023","laser":"2017","footprints":"2023"},"geometry":{"type":"Polygon","coordinates":[[[13.900461513949685,51.00465873762326],[13.900224761622693,51.004719324153],[13.900260848899926,51.004775455409856],[13.900497601467926,51.00471486880903],[13.900461513949685,51.00465873762326]]]}},{"type":"Feature","id":"DESNATPU1000Bx7I","properties":{"id":"DESNATPU1000Bx7I","height_m":6.74,"ground_m":300.327,"height_source":"LoD1 solid top minus bottom","production":"2023","laser":"2017","footprints":"2023"},"geometry":{"type":"Polygon","coordinates":[[[13.893004492610062,51.012700700198835],[13.892849420825426,51.01273538200076],[13.892893321395162,51.01281349603739],[13.893048395549988,51.01277872427106],[13.893004492610062,51.012700700198835]]]}},{"type":"Feature","id":"UUID_51488686-571d-4cef-ac6e-0381e6526623","properties":{"id":"UUID_51488686-571d-4cef-ac6e-0381e6526623","height_m":5.048,"ground_m":176.199,"height_source":"LoD1 solid top minus bottom","production":"2023","laser":"2017","footprints":"2023"},"geometry":{"type":"Polygon","coordinates":[[[13.899038580632505,51.0065672498725],[13.89904732846039,51.006548753112405],[13.899003225062925,51.00653921876383],[13.898993314633504,51.00655745276508],[13.899038580632505,51.0065672498725]]]}},{"type":"Feature","id":"UUID_fedda4e6-f29c-4e8d-bba7-849432bf84f9","properties":{"id":"UUID_fedda4e6-f29c-4e8d-bba7-849432bf84f9","height_m":3.844,"ground_m":176.199,"height_source":"LoD1 solid top minus bottom","production":"2023","laser":"2017","footprints":"2023"},"geometry":{"type":"Polygon","coordinates":[[[13.899074146153351,51.00652018379145],[13.899092118126994,51.00648715160051],[13.899009315358375,51.006469212986545],[13.898979808713959,51.00652345847224],[13.89897460750718,51.006533031788315],[13.899003225062925,51.00653921876383],[13.89904732846039,51.006548753112405],[13.899051905183807,51.00653906599439],[13.899056001622876,51.006530399533354],[13.899062063856457,51.006517569928675],[13.899074146153351,51.00652018379145]]]}},{"type":"Feature","id":"UUID_72030da7-4180-4d60-8342-d9a3e19d568e","properties":{"id":"UUID_72030da7-4180-4d60-8342-d9a3e19d568e","height_m":5.088,"ground_m":176.199,"height_source":"LoD1 solid top minus bottom","production":"2023","laser":"2017","footprints":"2023"},"geometry":{"type":"Polygon","coordinates":[[[13.899206331553977,51.006563093129884],[13.899158400676837,51.006552668457886],[13.899056001622876,51.006530399533354],[13.899038580632505,51.0065672498725],[13.899102069237125,51.00658099566538],[13.89916062516749,51.00660140359978],[13.899196253231821,51.006607090035345],[13.899206331553977,51.006563093129884]]]}},{"type":"Feature","id":"UUID_ad6d02f5-6cf5-4844-8893-1a0cd4239747","properties":{"id":"UUID_ad6d02f5-6cf5-4844-8893-1a0cd4239747","height_m":4.719,"ground_m":176.199,"height_source":"LoD1 solid top minus bottom","production":"2023","laser":"2017","footprints":"2023"},"geometry":{"type":"Polygon","coordinates":[[[13.899206331553977,51.006563093129884],[13.899211402507467,51.006540955587354],[13.899169739749512,51.006531884946384],[13.899158400676837,51.006552668457886],[13.899206331553977,51.006563093129884]]]}},{"type":"Feature","id":"DESNATGMvh0000Yv","properties":{"id":"DESNATGMvh0000Yv","height_m":2.34,"ground_m":313.511,"height_source":"LoD1 solid top minus bottom","production":"2023","laser":"2017","footprints":"2023"},"geometry":{"type":"Polygon","coordinates":[[[13.89899108019003,51.01197734743961],[13.899046767722947,51.01201923920014],[13.899113333314824,51.011984021029484],[13.899057645976018,51.01194212030949],[13.89899108019003,51.01197734743961]]]}},{"type":"Feature","id":"DESNATP1Vq0000zB","properties":{"id":"DESNATP1Vq0000zB","height_m":7.422,"ground_m":292.545,"height_source":"LoD1 solid top minus bottom","production":"2023","laser":"2017","footprints":"2023"},"geometry":{"type":"Polygon","coordinates":[[[13.89328020796456,51.01326796289222],[13.893253134731395,51.01317999039984],[13.89311241943176,51.013197209580746],[13.893139477941032,51.01328519095966],[13.89328020796456,51.01326796289222]]]}},{"type":"Feature","id":"DESNATGMvh0000QH","properties":{"id":"DESNATGMvh0000QH","height_m":3.95,"ground_m":124.751,"height_source":"LoD1 solid top minus bottom","production":"2023","laser":"2017","footprints":"2023"},"geometry":{"type":"Polygon","coordinates":[[[13.894851897392217,51.00123915778755],[13.89483789490925,51.001267640558225],[13.894924558354976,51.00128459351432],[13.894938560576698,51.001256119723855],[13.894851897392217,51.00123915778755]]]}},{"type":"Feature","id":"DESNATP1Vq0000zC","properties":{"id":"DESNATP1Vq0000zC","height_m":4.479,"ground_m":301.299,"height_source":"LoD1 solid top minus bottom","production":"2023","laser":"2017","footprints":"2023"},"geometry":{"type":"Polygon","coordinates":[[[13.894132253907857,51.01247720676847],[13.894250269660393,51.01244269415574],[13.894215609905473,51.0123955314769],[13.894097594248016,51.012430044055485],[13.894132253907857,51.01247720676847]]]}},{"type":"Feature","id":"UUID_876bf210-621e-44a8-a918-14db1d3adb07","properties":{"id":"UUID_876bf210-621e-44a8-a918-14db1d3adb07","height_m":7.222,"ground_m":123.613,"height_source":"LoD1 solid top minus bottom","production":"2023","laser":"2017","footprints":"2023"},"geometry":{"type":"Polygon","coordinates":[[[13.901547589336074,50.99952730735638],[13.90155619128091,50.99949859315294],[13.901558217268729,50.999491858577116],[13.901545541233828,50.9994903185213],[13.901501018810619,50.99948490885977],[13.901447856087756,50.99947845569906],[13.901439298105293,50.99947815040349],[13.90143178355559,50.9995042668995],[13.901439884978608,50.99950519740139],[13.901431790529903,50.99953233362835],[13.901431293109203,50.99953227499377],[13.901417225517726,50.999581207659304],[13.901470794953442,50.99958734091552],[13.901520839495722,50.999593072296825],[13.90154028433221,50.999526447300305],[13.901547589336074,50.99952730735638]]]}},{"type":"Feature","id":"UUID_9e656908-1684-47ba-b789-eaa0f8cee232","properties":{"id":"UUID_9e656908-1684-47ba-b789-eaa0f8cee232","height_m":6.115,"ground_m":123.613,"height_source":"LoD1 solid top minus bottom","production":"2023","laser":"2017","footprints":"2023"},"geometry":{"type":"Polygon","coordinates":[[[13.901401616090217,50.999528875404295],[13.901431293109203,50.99953227499377],[13.901431790529903,50.99953233362835],[13.901439884978608,50.99950519740139],[13.90143178355559,50.9995042668995],[13.90140942622466,50.99950170952721],[13.901401616090217,50.999528875404295]]]}},{"type":"Feature","id":"UUID_2d7b12c5-69b9-4428-8392-264e576757ae","properties":{"id":"UUID_2d7b12c5-69b9-4428-8392-264e576757ae","height_m":8.364,"ground_m":129.069,"height_source":"LoD1 solid top minus bottom","production":"2023","laser":"2017","footprints":"2023"},"geometry":{"type":"Polygon","coordinates":[[[13.904739611241016,51.00062182231642],[13.90474198308929,51.00061551359388],[13.90469980397922,51.000609182877966],[13.904680674845595,51.000592366778555],[13.90463644990336,51.00060634067584],[13.904739611241016,51.00062182231642]]]}},{"type":"Feature","id":"UUID_73adb2d8-f01b-44c6-9e2d-b26ece897b7e","properties":{"id":"UUID_73adb2d8-f01b-44c6-9e2d-b26ece897b7e","height_m":6.514,"ground_m":129.069,"height_source":"LoD1 solid top minus bottom","production":"2023","laser":"2017","footprints":"2023"},"geometry":{"type":"Polygon","coordinates":[[[13.90457130640422,51.000697636689594],[13.904639690123819,51.00070780129163],[13.904703671142604,51.00071731306326],[13.904718878987564,51.00067671808061],[13.904743579552228,51.000668766169824],[13.904726779519445,51.00065592876312],[13.904739611241016,51.00062182231642],[13.904675532933151,51.00061221073054],[13.90463644990336,51.00060634067584],[13.904607052356766,51.00060192833382],[13.90457130640422,51.000697636689594]]]}},{"type":"Feature","id":"UUID_13087910-8a32-47ea-b5ac-4f3b2f74bfe0","properties":{"id":"UUID_13087910-8a32-47ea-b5ac-4f3b2f74bfe0","height_m":2.732,"ground_m":311.415,"height_source":"LoD1 solid top minus bottom","production":"2023","laser":"2017","footprints":"2023"},"geometry":{"type":"Polygon","coordinates":[[[13.89928091906749,51.012822858992344],[13.899204769307728,51.01289012731366],[13.899231142637301,51.012902156391256],[13.899307437671027,51.01283477251484],[13.899307296636099,51.01283470823642],[13.89928091906749,51.012822858992344]]]}},{"type":"Feature","id":"UUID_eede6628-5e33-43a4-bf90-ddd7b16fc85a","properties":{"id":"UUID_eede6628-5e33-43a4-bf90-ddd7b16fc85a","height_m":3.943,"ground_m":311.415,"height_source":"LoD1 solid top minus bottom","production":"2023","laser":"2017","footprints":"2023"},"geometry":{"type":"Polygon","coordinates":[[[13.899368780910528,51.012826294625796],[13.899334519202963,51.01281086392137],[13.899307296636099,51.01283470823642],[13.899307437671027,51.01283477251484],[13.899231142637301,51.012902156391256],[13.899265113792396,51.01291781820178],[13.899296856912132,51.012932451815956],[13.899400814158973,51.012840715117335],[13.899368780910528,51.012826294625796]]]}},{"type":"Feature","id":"DESNATPU1000IXQJ","properties":{"id":"DESNATPU1000IXQJ","height_m":6.501,"ground_m":125.297,"height_source":"LoD1 solid top minus bottom","production":"2023","laser":"2017","footprints":"2023"},"geometry":{"type":"Polygon","coordinates":[[[13.898898313632817,51.00042401696655],[13.898866815593347,51.00052100466637],[13.899001920335236,51.00053860001879],[13.899033377700858,51.00044151297913],[13.898898313632817,51.00042401696655]]]}},{"type":"Feature","id":"DESNATP110000o0A","properties":{"id":"DESNATP110000o0A","height_m":4.329,"ground_m":126.153,"height_source":"LoD1 solid top minus bottom","production":"2023","laser":"2017","footprints":"2023"},"geometry":{"type":"Polygon","coordinates":[[[13.89744603386867,51.000779395265404],[13.897430375696395,51.000835111033936],[13.89757750789425,51.000851571537545],[13.897609430915507,51.00073797840933],[13.897462299064424,51.00072151794777],[13.89744603386867,51.000779395265404]]]}},{"type":"Feature","id":"UUID_38f9fa66-2bcc-4ad3-a375-243d2581b23c","properties":{"id":"UUID_38f9fa66-2bcc-4ad3-a375-243d2581b23c","height_m":3.059,"ground_m":124.804,"height_source":"LoD1 solid top minus bottom","production":"2023","laser":"2017","footprints":"2023"},"geometry":{"type":"Polygon","coordinates":[[[13.90175208381836,51.001145666256434],[13.90175796644631,51.00114460644481],[13.901722876852173,51.001067387788595],[13.90166462060682,51.00107799123304],[13.901664727379679,51.001078297993445],[13.901611502431136,51.00108828324254],[13.901646179248932,51.0011648685529],[13.901693415111657,51.00115622986663],[13.90175208381836,51.001145666256434]]]}},{"type":"Feature","id":"UUID_a22d0b42-38be-465f-9af1-3526a856eae7","properties":{"id":"UUID_a22d0b42-38be-465f-9af1-3526a856eae7","height_m":2.639,"ground_m":124.804,"height_source":"LoD1 solid top minus bottom","production":"2023","laser":"2017","footprints":"2023"},"geometry":{"type":"Polygon","coordinates":[[[13.901660604948892,51.00106698221445],[13.90160621287702,51.00107690253141],[13.901611502431136,51.00108828324254],[13.901664727379679,51.001078297993445],[13.90166462060682,51.00107799123304],[13.901660604948892,51.00106698221445]]]}},{"type":"Feature","id":"UUID_c27fc571-9d73-4cb1-995e-dad33f020c0e","properties":{"id":"UUID_c27fc571-9d73-4cb1-995e-dad33f020c0e","height_m":3.877,"ground_m":127.922,"height_source":"LoD1 solid top minus bottom","production":"2023","laser":"2017","footprints":"2023"},"geometry":{"type":"Polygon","coordinates":[[[13.899543184986575,50.99804856311599],[13.89948210466756,50.99804133302829],[13.899476096815977,50.99806155530098],[13.899462595239486,50.99810697687735],[13.899523689889323,50.9981142071099],[13.899543184986575,50.99804856311599]]]}},{"type":"Feature","id":"UUID_2136c40b-0d93-4237-b1ab-64b85c1534b0","properties":{"id":"UUID_2136c40b-0d93-4237-b1ab-64b85c1534b0","height_m":3.621,"ground_m":127.922,"height_source":"LoD1 solid top minus bottom","production":"2023","laser":"2017","footprints":"2023"},"geometry":{"type":"Polygon","coordinates":[[[13.899476096815977,50.99806155530098],[13.899449649640633,50.998058419451596],[13.899436147826613,50.99810385001562],[13.899462595239486,50.99810697687735],[13.899476096815977,50.99806155530098]]]}},{"type":"Feature","id":"DESNATPU1000HYIJ","properties":{"id":"DESNATPU1000HYIJ","height_m":2.627,"ground_m":124.074,"height_source":"LoD1 solid top minus bottom","production":"2023","laser":"2017","footprints":"2023"},"geometry":{"type":"Polygon","coordinates":[[[13.895368190017933,51.00371899679057],[13.895472281194111,51.00378311068292],[13.8955128123348,51.003756875060205],[13.895408716889701,51.00369294102013],[13.895368190017933,51.00371899679057]]]}},{"type":"Feature","id":"DESNATPU1000ISue","properties":{"id":"DESNATPU1000ISue","height_m":3.403,"ground_m":300.703,"height_source":"LoD1 solid top minus bottom","production":"2023","laser":"2017","footprints":"2023"},"geometry":{"type":"Polygon","coordinates":[[[13.8961724704198,51.01259654503054],[13.896095365253077,51.01260240828546],[13.896100638697098,51.01263007508177],[13.896183084397588,51.01265205910597],[13.8961724704198,51.01259654503054]]]}},{"type":"Feature","id":"DESNATPU1000CUGP","properties":{"id":"DESNATPU1000CUGP","height_m":4.142,"ground_m":307.291,"height_source":"LoD1 solid top minus bottom","production":"2023","laser":"2017","footprints":"2023"},"geometry":{"type":"Polygon","coordinates":[[[13.89610413469954,51.013899814196805],[13.896161803185418,51.01400476573854],[13.896240048401705,51.013987609222916],[13.896182381893865,51.01388256781046],[13.89610413469954,51.013899814196805]]]}},{"type":"Feature","id":"DESNATP1Vq00012Z","properties":{"id":"DESNATP1Vq00012Z","height_m":2.355,"ground_m":124.587,"height_source":"LoD1 solid top minus bottom","production":"2023","laser":"2017","footprints":"2023"},"geometry":{"type":"Polygon","coordinates":[[[13.895416425364703,51.00024223514978],[13.895419817545065,51.00024282477921],[13.8954828941318,51.00025370896447],[13.8955037304343,51.000205686319056],[13.895437261943819,51.00019420352569],[13.895416425364703,51.00024223514978]]]}},{"type":"Feature","id":"DESNATPU1000IvRK","properties":{"id":"DESNATPU1000IvRK","height_m":2.811,"ground_m":127.834,"height_source":"LoD1 solid top minus bottom","production":"2023","laser":"2017","footprints":"2023"},"geometry":{"type":"Polygon","coordinates":[[[13.89878705194455,50.99816159146139],[13.89877581195925,50.99821499294757],[13.898860583219049,50.99822199706654],[13.898871680629071,50.998168594228716],[13.89878705194455,50.99816159146139]]]}},{"type":"Feature","id":"DESNATP1Vq0000zz","properties":{"id":"DESNATP1Vq0000zz","height_m":3.02,"ground_m":156.404,"height_source":"LoD1 solid top minus bottom","production":"2023","laser":"2017","footprints":"2023"},"geometry":{"type":"Polygon","coordinates":[[[13.895819263392667,51.00611679479363],[13.89581440220099,51.00609581352579],[13.895808145851314,51.00606875789971],[13.895737935648658,51.00607523461878],[13.895679839228317,51.00608058478819],[13.895677086138031,51.006068670234676],[13.895647773657485,51.00607136978834],[13.89564555950851,51.006071573679776],[13.89565158509044,51.00609753900026],[13.895677969209192,51.006095108529394],[13.895680981689578,51.006108104675086],[13.895685843035668,51.006129076957244],[13.8957931221659,51.00611920061355],[13.895819263392667,51.00611679479363]]]}},{"type":"Feature","id":"DESNATPU1000BofI","properties":{"id":"DESNATPU1000BofI","height_m":2.919,"ground_m":149.872,"height_source":"LoD1 solid top minus bottom","production":"2023","laser":"2017","footprints":"2023"},"geometry":{"type":"Polygon","coordinates":[[[13.89357955983078,51.00594867161579],[13.893558056059673,51.00590593184051],[13.893462961062303,51.00592490537784],[13.893484607257774,51.00596764651967],[13.89357955983078,51.00594867161579]]]}},{"type":"Feature","id":"UUID_f0ff15d2-38a9-4436-9446-37426bbb370d","properties":{"id":"UUID_f0ff15d2-38a9-4436-9446-37426bbb370d","height_m":5.966,"ground_m":134.228,"height_source":"LoD1 solid top minus bottom","production":"2023","laser":"2017","footprints":"2023"},"geometry":{"type":"Polygon","coordinates":[[[13.908286830026508,51.00058708323983],[13.908277849511052,51.000615092942056],[13.908333411809485,51.00062202404297],[13.908342345959465,51.000594166781596],[13.908286830026508,51.00058708323983]]]}},{"type":"Feature","id":"UUID_96db7f11-436f-424c-b200-93c974e5aca4","properties":{"id":"UUID_96db7f11-436f-424c-b200-93c974e5aca4","height_m":7.753,"ground_m":134.228,"height_source":"LoD1 solid top minus bottom","production":"2023","laser":"2017","footprints":"2023"},"geometry":{"type":"Polygon","coordinates":[[[13.908413593237432,51.00049873505719],[13.908357011915813,51.000491506701124],[13.90831431302041,51.00048605373258],[13.908282126764863,51.00058648173291],[13.908286830026508,51.00058708323983],[13.908342345959465,51.000594166781596],[13.908381407608626,51.00059914510419],[13.908413593237432,51.00049873505719]]]}},{"type":"Feature","id":"UUID_4bce85ab-3058-4919-bfdc-9421d8945e89","properties":{"id":"UUID_4bce85ab-3058-4919-bfdc-9421d8945e89","height_m":6.298,"ground_m":134.228,"height_source":"LoD1 solid top minus bottom","production":"2023","laser":"2017","footprints":"2023"},"geometry":{"type":"Polygon","coordinates":[[[13.908362718732013,51.000473637301674],[13.908357011915813,51.000491506701124],[13.908413593237432,51.00049873505719],[13.908419328530355,51.000480865921155],[13.908362718732013,51.000473637301674]]]}},{"type":"Feature","id":"UUID_74a38b15-d670-4286-b1cc-6153f41e44e5","properties":{"id":"UUID_74a38b15-d670-4286-b1cc-6153f41e44e5","height_m":4.056,"ground_m":125.446,"height_source":"LoD1 solid top minus bottom","production":"2023","laser":"2017","footprints":"2023"},"geometry":{"type":"Polygon","coordinates":[[[13.901854098890828,51.00117167927654],[13.901875280695092,51.001167921529756],[13.901875309405202,51.00116791280678],[13.901855647099719,51.00112360911184],[13.901834048487139,51.00112751581533],[13.901854098890828,51.00117167927654]]]}},{"type":"Feature","id":"UUID_d20bdaac-3b7d-4dae-b4b1-fb583905ffd2","properties":{"id":"UUID_d20bdaac-3b7d-4dae-b4b1-fb583905ffd2","height_m":6.28,"ground_m":125.446,"height_source":"LoD1 solid top minus bottom","production":"2023","laser":"2017","footprints":"2023"},"geometry":{"type":"Polygon","coordinates":[[[13.901948043885172,51.001080115904735],[13.90189889433572,51.00108892555579],[13.90184456374046,51.00109865771182],[13.901855804474526,51.00112358361262],[13.901855647099719,51.00112360911184],[13.901875309405202,51.00116791280678],[13.901875280695092,51.001167921529756],[13.901880289591936,51.00117911973342],[13.901934835069346,51.00116934461613],[13.901984199492478,51.00116049200514],[13.901976348992354,51.00114288218183],[13.901948043885172,51.001080115904735]]]}},{"type":"Feature","id":"DESNATGMvh0000Y4","properties":{"id":"DESNATGMvh0000Y4","height_m":3.873,"ground_m":143.251,"height_source":"LoD1 solid top minus bottom","production":"2023","laser":"2017","footprints":"2023"},"geometry":{"type":"Polygon","coordinates":[[[13.891827836515782,51.00576458646685],[13.891780013465187,51.005773665250196],[13.891815226846388,51.00584753371997],[13.89186306421683,51.00583845505793],[13.891827836515782,51.00576458646685]]]}},{"type":"Feature","id":"UUID_1c384fe2-f1a7-4dc5-8eeb-b21809390caa","properties":{"id":"UUID_1c384fe2-f1a7-4dc5-8eeb-b21809390caa","height_m":3.267,"ground_m":311.391,"height_source":"LoD1 solid top minus bottom","production":"2023","laser":"2017","footprints":"2023"},"geometry":{"type":"Polygon","coordinates":[[[13.898101182036521,51.01186265384346],[13.898059418468156,51.011872682642526],[13.898114298178506,51.01196365907299],[13.898156061817366,51.0119536302549],[13.898101182036521,51.01186265384346]]]}},{"type":"Feature","id":"UUID_ba85124c-3293-42cd-844b-4c29e577f062","properties":{"id":"UUID_ba85124c-3293-42cd-844b-4c29e577f062","height_m":5.885,"ground_m":311.391,"height_source":"LoD1 solid top minus bottom","production":"2023","laser":"2017","footprints":"2023"},"geometry":{"type":"Polygon","coordinates":[[[13.897950225774606,51.011859305585396],[13.898025968226186,51.01198485841981],[13.898114298178506,51.01196365907299],[13.898038569773329,51.01183810642858],[13.897950225774606,51.011859305585396]]]}},{"type":"Feature","id":"DESNATPU1000Idm4","properties":{"id":"DESNATPU1000Idm4","height_m":2.905,"ground_m":162.181,"height_source":"LoD1 solid top minus bottom","production":"2023","laser":"2017","footprints":"2023"},"geometry":{"type":"Polygon","coordinates":[[[13.906040683691547,51.00593300462327],[13.90595923431022,51.00594168440547],[13.90598114585842,51.006022105639296],[13.906062046508886,51.006012521420445],[13.906040683691547,51.00593300462327]]]}},{"type":"Feature","id":"DESNATGMvh0000QG","properties":{"id":"DESNATGMvh0000QG","height_m":2.914,"ground_m":127.199,"height_source":"LoD1 solid top minus bottom","production":"2023","laser":"2017","footprints":"2023"},"geometry":{"type":"Polygon","coordinates":[[[13.899602337982277,50.99932168887999],[13.89958480039254,50.999385894469064],[13.899630133369278,50.99939076393319],[13.899647639849633,50.9993266659587],[13.899602337982277,50.99932168887999]]]}},{"type":"Feature","id":"DESNATP1Vq000106","properties":{"id":"DESNATP1Vq000106","height_m":3.04,"ground_m":132.525,"height_source":"LoD1 solid top minus bottom","production":"2023","laser":"2017","footprints":"2023"},"geometry":{"type":"Polygon","coordinates":[[[13.898454467821045,51.00448912013404],[13.89855702986917,51.00445796469815],[13.898520824913275,51.00441050988332],[13.898418262946537,51.00444166528818],[13.898454467821045,51.00448912013404]]]}},{"type":"Feature","id":"DESNATPU1000Blhl","properties":{"id":"DESNATPU1000Blhl","height_m":2.367,"ground_m":135.403,"height_source":"LoD1 solid top minus bottom","production":"2023","laser":"2017","footprints":"2023"},"geometry":{"type":"Polygon","coordinates":[[[13.909011491695745,51.000776866008955],[13.90908218611767,51.00078274201648],[13.909095333566244,51.00072045450078],[13.90902464345464,51.000714398684366],[13.909011491695745,51.000776866008955]]]}},{"type":"Feature","id":"DESNATGMvh0000QD","properties":{"id":"DESNATGMvh0000QD","height_m":5.578,"ground_m":126.088,"height_source":"LoD1 solid top minus bottom","production":"2023","laser":"2017","footprints":"2023"},"geometry":{"type":"Polygon","coordinates":[[[13.895702644611625,51.00185944433584],[13.895700272623866,51.00195935038727],[13.895853351102971,51.00196079725205],[13.895855722762088,51.0018608911955],[13.895702644611625,51.00185944433584]]]}},{"type":"Feature","id":"DESNATP1Vq00012e","properties":{"id":"DESNATP1Vq00012e","height_m":3.182,"ground_m":127.845,"height_source":"LoD1 solid top minus bottom","production":"2023","laser":"2017","footprints":"2023"},"geometry":{"type":"Polygon","coordinates":[[[13.898962308476051,50.99769815128668],[13.89903692066819,50.99771045524183],[13.899050781541778,50.997676961612285],[13.899029601855926,50.99767346163682],[13.899043069937486,50.99764090855522],[13.898989666011282,50.99763210485952],[13.898962308476051,50.99769815128668]]]}},{"type":"Feature","id":"DESNATPU1000D85v","properties":{"id":"DESNATPU1000D85v","height_m":2.524,"ground_m":127.344,"height_source":"LoD1 solid top minus bottom","production":"2023","laser":"2017","footprints":"2023"},"geometry":{"type":"Polygon","coordinates":[[[13.899453206917117,50.99928567962056],[13.899365568913856,50.999562373175664],[13.899437040635416,50.99957140985036],[13.899524678232227,50.999294716239525],[13.899453206917117,50.99928567962056]]]}},{"type":"Feature","id":"DESNATP110000o2T","properties":{"id":"DESNATP110000o2T","height_m":2.708,"ground_m":135.804,"height_source":"LoD1 solid top minus bottom","production":"2023","laser":"2017","footprints":"2023"},"geometry":{"type":"Polygon","coordinates":[[[13.909984985548126,51.00133396737892],[13.909675261906914,51.00131861312076],[13.909669010281098,51.00136886069555],[13.909978734254333,51.0013842149722],[13.909984985548126,51.00133396737892]]]}},{"type":"Feature","id":"DESNATPU1000IuLp","properties":{"id":"DESNATPU1000IuLp","height_m":7.253,"ground_m":124.985,"height_source":"LoD1 solid top minus bottom","production":"2023","laser":"2017","footprints":"2023"},"geometry":{"type":"Polygon","coordinates":[[[13.896450968472912,51.001973296427906],[13.896586119828045,51.00193860162106],[13.896552839322576,51.00188699211277],[13.896417688307109,51.001921677891346],[13.896450968472912,51.001973296427906]]]}},{"type":"Feature","id":"DESNATPU1000Cqp8","properties":{"id":"DESNATPU1000Cqp8","height_m":2.373,"ground_m":133.855,"height_source":"LoD1 solid top minus bottom","production":"2023","laser":"2017","footprints":"2023"},"geometry":{"type":"Polygon","coordinates":[[[13.907975452003098,51.000330404183046],[13.908070901340448,51.000319875448696],[13.90805566033448,51.00026487668485],[13.907960211106925,51.0002754054075],[13.907975452003098,51.000330404183046]]]}},{"type":"Feature","id":"DESNATPU1000GT8u","properties":{"id":"DESNATPU1000GT8u","height_m":2.848,"ground_m":128.165,"height_source":"LoD1 solid top minus bottom","production":"2023","laser":"2017","footprints":"2023"},"geometry":{"type":"Polygon","coordinates":[[[13.904190458849131,51.0005297658402],[13.904275579475488,51.000534251292194],[13.90428269009819,51.000480450872786],[13.904197427082213,51.00047596409002],[13.904190458849131,51.0005297658402]]]}},{"type":"Feature","id":"DESNATPU1000GJwX","properties":{"id":"DESNATPU1000GJwX","height_m":2.522,"ground_m":124.201,"height_source":"LoD1 solid top minus bottom","production":"2023","laser":"2017","footprints":"2023"},"geometry":{"type":"Polygon","coordinates":[[[13.901950116875764,51.00025576165033],[13.901967539800834,51.0001938748003],[13.901897178906209,51.00018601919026],[13.901879755890787,51.000247906029315],[13.901950116875764,51.00025576165033]]]}},{"type":"Feature","id":"DESNATPU1000IQod","properties":{"id":"DESNATPU1000IQod","height_m":6.878,"ground_m":312.89,"height_source":"LoD1 solid top minus bottom","production":"2023","laser":"2017","footprints":"2023"},"geometry":{"type":"Polygon","coordinates":[[[13.898851416373533,51.012045518793805],[13.898883798363162,51.01206264056584],[13.89889198815007,51.01205992997386],[13.898919556336633,51.01207565744469],[13.898964574544808,51.01204437299052],[13.899010578450287,51.012012396367204],[13.898878091825479,51.01193641743495],[13.898831507170296,51.01196883817431],[13.898785908211089,51.012000566745215],[13.898857496003814,51.01204161924916],[13.898851416373533,51.012045518793805]]]}},{"type":"Feature","id":"DESNATPU1000HyAl","properties":{"id":"DESNATPU1000HyAl","height_m":6.461,"ground_m":161.204,"height_source":"LoD1 solid top minus bottom","production":"2023","laser":"2017","footprints":"2023"},"geometry":{"type":"Polygon","coordinates":[[[13.897335828465069,51.006201747924685],[13.897439992210261,51.00620242523326],[13.897441220118381,51.00612778729249],[13.897434379489612,51.006127740721325],[13.897343099358402,51.00612714004026],[13.897337056753496,51.00612710099521],[13.897335828465069,51.006201747924685]]]}},{"type":"Feature","id":"DESNATPU1000H4zp","properties":{"id":"DESNATPU1000H4zp","height_m":2.86,"ground_m":127.841,"height_source":"LoD1 solid top minus bottom","production":"2023","laser":"2017","footprints":"2023"},"geometry":{"type":"Polygon","coordinates":[[[13.898829694930392,50.99843717452192],[13.898966023257433,50.99845158901453],[13.898975423315148,50.99841570622222],[13.898839239698917,50.998401203175725],[13.898829694930392,50.99843717452192]]]}},{"type":"Feature","id":"DESNATPU1000Gg7y","properties":{"id":"DESNATPU1000Gg7y","height_m":5.341,"ground_m":136.352,"height_source":"LoD1 solid top minus bottom","production":"2023","laser":"2017","footprints":"2023"},"geometry":{"type":"Polygon","coordinates":[[[13.892281533411406,51.00526518210054],[13.892401428713995,51.00522105785847],[13.892355282444782,51.00517113276177],[13.892235372978485,51.00521525682224],[13.892281533411406,51.00526518210054]]]}},{"type":"Feature","id":"UUID_64a466ca-e884-4aad-9c18-86a5b070f4c1","properties":{"id":"UUID_64a466ca-e884-4aad-9c18-86a5b070f4c1","height_m":4.415,"ground_m":135.67,"height_source":"LoD1 solid top minus bottom","production":"2023","laser":"2017","footprints":"2023"},"geometry":{"type":"Polygon","coordinates":[[[13.90927910356166,51.000707458090936],[13.909252061045253,51.0007053081231],[13.909245566635423,51.00073793644829],[13.909272594710796,51.000740095275575],[13.90927910356166,51.000707458090936]]]}},{"type":"Feature","id":"UUID_26b4d7c5-6c62-4aad-a1d6-85808ea30e93","properties":{"id":"UUID_26b4d7c5-6c62-4aad-a1d6-85808ea30e93","height_m":8.794,"ground_m":135.67,"height_source":"LoD1 solid top minus bottom","production":"2023","laser":"2017","footprints":"2023"},"geometry":{"type":"Polygon","coordinates":[[[13.909408757897072,51.00076136652753],[13.909424111518375,51.00068459412592],[13.909355830010021,51.00067914552859],[13.909285869899744,51.00067356431263],[13.90927910356166,51.000707458090936],[13.909272594710796,51.000740095275575],[13.909270543919636,51.00075036393351],[13.909408757897072,51.00076136652753]]]}},{"type":"Feature","id":"UUID_16a73489-f4ca-45a2-a69c-64033b199b28","properties":{"id":"UUID_16a73489-f4ca-45a2-a69c-64033b199b28","height_m":4.533,"ground_m":135.67,"height_source":"LoD1 solid top minus bottom","production":"2023","laser":"2017","footprints":"2023"},"geometry":{"type":"Polygon","coordinates":[[[13.909424111518375,51.00068459412592],[13.909427824256975,51.00066604958438],[13.909359557024148,51.00066060112239],[13.909355830010021,51.00067914552859],[13.909424111518375,51.00068459412592]]]}},{"type":"Feature","id":"DESNATPU1000DFRS","properties":{"id":"DESNATPU1000DFRS","height_m":3.261,"ground_m":313.446,"height_source":"LoD1 solid top minus bottom","production":"2023","laser":"2017","footprints":"2023"},"geometry":{"type":"Polygon","coordinates":[[[13.897363954509418,51.01127222594753],[13.897318591987169,51.01117134793743],[13.897223247415026,51.01118843369992],[13.897268607613624,51.01128940165373],[13.897363954509418,51.01127222594753]]]}},{"type":"Feature","id":"DESNATPU1000IVIm","properties":{"id":"DESNATPU1000IVIm","height_m":3.726,"ground_m":315.64,"height_source":"LoD1 solid top minus bottom","production":"2023","laser":"2017","footprints":"2023"},"geometry":{"type":"Polygon","coordinates":[[[13.900462909978787,51.012097206459494],[13.9005302949421,51.012050808121785],[13.90047783992743,51.0120204583099],[13.900410454956695,51.012066856617515],[13.900462909978787,51.012097206459494]]]}},{"type":"Feature","id":"DESNATPU1000GijM","properties":{"id":"DESNATPU1000GijM","height_m":3.729,"ground_m":134.002,"height_source":"LoD1 solid top minus bottom","production":"2023","laser":"2017","footprints":"2023"},"geometry":{"type":"Polygon","coordinates":[[[13.908173415345912,51.000767327940366],[13.908086168134489,51.00075626068446],[13.908076563487748,51.000788994769785],[13.908133559921161,51.00079555267723],[13.908165539612957,51.000799268835365],[13.90824897350126,51.00080886154193],[13.90825843554286,51.00077612611026],[13.908237682892713,51.00077377389397],[13.908173415345912,51.000767327940366]]]}},{"type":"Feature","id":"DESNATPU1000Itoz","properties":{"id":"DESNATPU1000Itoz","height_m":10.446,"ground_m":120.569,"height_source":"LoD1 solid top minus bottom","production":"2023","laser":"2017","footprints":"2023"},"geometry":{"type":"Polygon","coordinates":[[[13.893783646154912,51.00364447131771],[13.893927954950009,51.0038620795152],[13.89407877110729,51.00382226609662],[13.893934461724246,51.003604658080356],[13.893783646154912,51.00364447131771]]]}},{"type":"Feature","id":"DESNATP110000o6Y","properties":{"id":"DESNATP110000o6Y","height_m":3.092,"ground_m":339.962,"height_source":"LoD1 solid top minus bottom","production":"2023","laser":"2017","footprints":"2023"},"geometry":{"type":"Polygon","coordinates":[[[13.905471234414888,51.012633513563536],[13.90540682968599,51.01261102167395],[13.905326848359577,51.012702160980595],[13.905391253174669,51.01272465291444],[13.905471234414888,51.012633513563536]]]}},{"type":"Feature","id":"DESNATPU1000BKF8","properties":{"id":"DESNATPU1000BKF8","height_m":3.101,"ground_m":146.133,"height_source":"LoD1 solid top minus bottom","production":"2023","laser":"2017","footprints":"2023"},"geometry":{"type":"Polygon","coordinates":[[[13.89360852238953,51.00580371155495],[13.893702528387514,51.00578256930644],[13.893678733837781,51.00574025750222],[13.893584730054114,51.00576130982406],[13.89360852238953,51.00580371155495]]]}},{"type":"Feature","id":"UUID_349cd720-0a36-4e2a-ac6d-ac081035775a","properties":{"id":"UUID_349cd720-0a36-4e2a-ac6d-ac081035775a","height_m":2.855,"ground_m":121.525,"height_source":"LoD1 solid top minus bottom","production":"2023","laser":"2017","footprints":"2023"},"geometry":{"type":"Polygon","coordinates":[[[13.897014555627598,51.00216772919383],[13.897086208149757,51.00214524908786],[13.897151312872893,51.002124820444855],[13.897132518285057,51.002085569124255],[13.896986639727197,51.002135684928284],[13.89698666737273,51.002135721160656],[13.897014555627598,51.00216772919383]]]}},{"type":"Feature","id":"UUID_c225247b-fd27-4cb0-8bbb-275a6cd73e68","properties":{"id":"UUID_c225247b-fd27-4cb0-8bbb-275a6cd73e68","height_m":7.231,"ground_m":121.525,"height_source":"LoD1 solid top minus bottom","production":"2023","laser":"2017","footprints":"2023"},"geometry":{"type":"Polygon","coordinates":[[[13.896986639727197,51.002135684928284],[13.897132518285057,51.002085569124255],[13.897117343267626,51.002067979755154],[13.897100198177446,51.00204812357513],[13.896937530809998,51.00210423192679],[13.89695460673692,51.00212399754923],[13.896969712596617,51.00214149635808],[13.89698666737273,51.002135721160656],[13.896986639727197,51.002135684928284]]]}},{"type":"Feature","id":"UUID_4a61c774-09be-4376-8288-bb77aae3f6b7","properties":{"id":"UUID_4a61c774-09be-4376-8288-bb77aae3f6b7","height_m":2.927,"ground_m":121.525,"height_source":"LoD1 solid top minus bottom","production":"2023","laser":"2017","footprints":"2023"},"geometry":{"type":"Polygon","coordinates":[[[13.897098339179978,51.00216258490312],[13.897161578958107,51.00214627535567],[13.897151312872893,51.002124820444855],[13.897086208149757,51.00214524908786],[13.897098339179978,51.00216258490312]]]}},{"type":"Feature","id":"DESNATPU1000F2hs","properties":{"id":"DESNATPU1000F2hs","height_m":3.067,"ground_m":127.58,"height_source":"LoD1 solid top minus bottom","production":"2023","laser":"2017","footprints":"2023"},"geometry":{"type":"Polygon","coordinates":[[[13.898736229046317,50.99864692392891],[13.898750650488065,50.998596996700186],[13.898660318687227,50.99858645985157],[13.89864598029939,50.99863648677384],[13.898736229046317,50.99864692392891]]]}},{"type":"Feature","id":"DESNATP110000o0X","properties":{"id":"DESNATP110000o0X","height_m":3.095,"ground_m":124.978,"height_source":"LoD1 solid top minus bottom","production":"2023","laser":"2017","footprints":"2023"},"geometry":{"type":"Polygon","coordinates":[[[13.90218918909227,51.00063083366913],[13.902287623305048,51.00064246908519],[13.902311296959251,51.00056270020365],[13.902213047293543,51.00055110251239],[13.90218918909227,51.00063083366913]]]}},{"type":"Feature","id":"DESNATPU1000Gd6D","properties":{"id":"DESNATPU1000Gd6D","height_m":8.721,"ground_m":123.0,"height_source":"LoD1 solid top minus bottom","production":"2023","laser":"2017","footprints":"2023"},"geometry":{"type":"Polygon","coordinates":[[[13.894560530968917,51.003600502700756],[13.894156784598916,51.00370746453608],[13.89420818219129,51.00378472291634],[13.894611943368986,51.00367776104305],[13.894560530968917,51.003600502700756]]]}},{"type":"Feature","id":"DESNATGMvh0000YR","properties":{"id":"DESNATGMvh0000YR","height_m":2.392,"ground_m":309.725,"height_source":"LoD1 solid top minus bottom","production":"2023","laser":"2017","footprints":"2023"},"geometry":{"type":"Polygon","coordinates":[[[13.898279360607495,51.012254874604274],[13.898314453271896,51.012307399871794],[13.898399251733526,51.01228485405688],[13.898364158989551,51.01223232881416],[13.898279360607495,51.012254874604274]]]}},{"type":"Feature","id":"DESNATPU1000CmjD","properties":{"id":"DESNATPU1000CmjD","height_m":5.226,"ground_m":143.563,"height_source":"LoD1 solid top minus bottom","production":"2023","laser":"2017","footprints":"2023"},"geometry":{"type":"Polygon","coordinates":[[[13.890127893600898,51.00632235467992],[13.890127966947501,51.006320475873146],[13.89012785491238,51.00631919782554],[13.89012758612237,51.00631791828879],[13.890127188434656,51.00631666450605],[13.890126647813377,51.00631542735116],[13.890125978294412,51.00631421595027],[13.890125165412755,51.0063130391588],[13.890124223418857,51.00631189711214],[13.890123166348596,51.00631079893646],[13.890121993987403,51.006309753622574],[13.890120692084839,51.00630876103506],[13.890119303177661,51.00630783057089],[13.890117798764983,51.00630696195928],[13.89011620734769,51.00630615547101],[13.890114528496628,51.00630542908765],[13.890112776676812,51.006304773953794],[13.8901109659241,51.0063041991956],[13.890109081773467,51.006303713668494],[13.89010715315494,51.006303299661646],[13.890105179639354,51.006302975156636],[13.890103189727586,51.006302740424225],[13.89010116916918,51.00630259532905],[13.89009913242914,51.00630253101567],[13.890097093328745,51.00630256560106],[13.890095066332995,51.006302690229816],[13.890093065906902,51.00630289604653],[13.890091077585433,51.00630319190658],[13.890088255442674,51.00630378560172],[13.890085557476773,51.00630455134045],[13.890083775186875,51.00630517289997],[13.8900820622179,51.0063058760536],[13.890080447285309,51.00630665208128],[13.890078916353236,51.00630749185684],[13.8900774692071,51.00630840437111],[13.890076149027388,51.006309372048605],[13.890074912848196,51.006310403474004],[13.890073818100458,51.00631148120721],[13.890072836283297,51.006312604977495],[13.8900719676113,51.006313765794054],[13.890071254835805,51.00631496406303],[13.890070655205491,51.00631619937828],[13.890070197865006,51.006317445038164],[13.890069882385191,51.00631871902429],[13.890069709409813,51.00631999436426],[13.890069678724295,51.006321280048866],[13.89006979075782,51.00632255809651],[13.890070045295815,51.006323837497995],[13.890070428731597,51.00632509114553],[13.890070969136902,51.006326337291476],[13.890071624404152,51.006327548557294],[13.890072423034248,51.00632872521374],[13.890073350776753,51.00632986712542],[13.890074407631673,51.00633097429234],[13.890075579992315,51.00633201960672],[13.890076853179071,51.006333020914745],[13.890078916451511,51.00633436246387],[13.890069267317397,51.00633672583957],[13.890139922130595,51.0064514262728],[13.890246106600998,51.006425384485716],[13.89027840851256,51.006477822803156],[13.890361193725957,51.00645752989608],[13.890258236521946,51.00629039127855],[13.890245375783776,51.006293542511],[13.890245524115254,51.00629210506559],[13.89024549779413,51.006290818839446],[13.890245328754087,51.00628954025048],[13.890245016995143,51.00628826929869],[13.89024457655319,51.006287015110246],[13.890243978712817,51.00628578640521],[13.890243266225344,51.00628458358967],[13.890242410375357,51.00628341538373],[13.890241439449184,51.00628229104886],[13.890240339196396,51.006281210449735],[13.890239123652883,51.00628018271252],[13.890237792818649,51.00627920783718],[13.890236360729576,51.0062782949499],[13.890234827171112,51.00627745304148],[13.890233206608245,51.006276673256465],[13.89023151307685,51.00627596472102],[13.890229732111939,51.006275336290585],[13.890227892214368,51.00627478823588],[13.890225993384133,51.00627432055689],[13.890224063907533,51.006273942515186],[13.89022207549825,51.00627364484919],[13.890220070693019,51.006273436955816],[13.89021803524139,51.0062733186997],[13.89021601189465,51.00627329048693],[13.890213972151923,51.00627335204679],[13.890211944514062,51.00627350364998],[13.890209957696474,51.00627373657647],[13.890207982769171,51.00627406853712],[13.890205819367866,51.00627453359997],[13.890203710178996,51.00627511608468],[13.890201900034594,51.006275710402875],[13.890200173461713,51.00627638645049],[13.890198516424476,51.006277135101314],[13.890196957423743,51.006277956626114],[13.890195482423643,51.00627884189871],[13.890194119925033,51.006279791189854],[13.890192855677485,51.006280804364174],[13.890191704360555,51.00628186357546],[13.89019068022468,51.00628296895904],[13.890189783269868,51.00628412051497],[13.890189013710685,51.006285309252405],[13.890188371761699,51.00628652618057],[13.890187871673357,51.006287771434835],[13.890187513660226,51.006289036024405],[13.890187283686446,51.00629031082309],[13.8901872102529,51.00629159610165],[13.890187265073289,51.00629288259852],[13.890187462612618,51.0062941614583],[13.890187817335901,51.00629542382553],[13.890188300742274,51.00629666942949],[13.890188912831745,51.00629789827016],[13.890189668283885,51.006299092501315],[13.890190553062823,51.006300242996794],[13.890191552703568,51.006301358611985],[13.890192695921565,51.006302430626874],[13.890193940394619,51.00630344065372],[13.890195285693615,51.00630440667412],[13.890196943644138,51.00630541163581],[13.890127893600898,51.00632235467992]]]}},{"type":"Feature","id":"UUID_87c280ff-cc0d-4163-831c-ed12e96bf421","properties":{"id":"UUID_87c280ff-cc0d-4163-831c-ed12e96bf421","height_m":7.556,"ground_m":133.167,"height_source":"LoD1 solid top minus bottom","production":"2023","laser":"2017","footprints":"2023"},"geometry":{"type":"Polygon","coordinates":[[[13.907546233056737,51.0006731191434],[13.907578972151702,51.00058381165889],[13.907475004592316,51.000568639738404],[13.907442250638146,51.00065796504131],[13.907546233056737,51.0006731191434]]]}},{"type":"Feature","id":"UUID_0fed9872-2e34-4b53-bc9c-bbdee31e9a78","properties":{"id":"UUID_0fed9872-2e34-4b53-bc9c-bbdee31e9a78","height_m":6.142,"ground_m":133.167,"height_source":"LoD1 solid top minus bottom","production":"2023","laser":"2017","footprints":"2023"},"geometry":{"type":"Polygon","coordinates":[[[13.907490455705846,51.000702651613196],[13.907533122289374,51.00070887796425],[13.907546233056737,51.0006731191434],[13.907503566292934,51.000666901788165],[13.907490455705846,51.000702651613196]]]}},{"type":"Feature","id":"DESNATP110000o6S","properties":{"id":"DESNATP110000o6S","height_m":3.655,"ground_m":315.373,"height_source":"LoD1 solid top minus bottom","production":"2023","laser":"2017","footprints":"2023"},"geometry":{"type":"Polygon","coordinates":[[[13.89975780257111,51.01189500162855],[13.899687136709527,51.01194387762383],[13.899742576419792,51.011975784680736],[13.899813242272629,51.011926908652136],[13.89975780257111,51.01189500162855]]]}},{"type":"Feature","id":"UUID_474cb51a-6e2f-4390-91f6-8316cabb08cf","properties":{"id":"UUID_474cb51a-6e2f-4390-91f6-8316cabb08cf","height_m":3.593,"ground_m":122.907,"height_source":"LoD1 solid top minus bottom","production":"2023","laser":"2017","footprints":"2023"},"geometry":{"type":"Polygon","coordinates":[[[13.895136591751257,51.00367053859696],[13.8951693490788,51.003663159504235],[13.89520106040491,51.00365601331744],[13.895158487116872,51.00357261578281],[13.895137139261484,51.003517296772394],[13.895095576564374,51.00352095947166],[13.89506272641656,51.00352385023802],[13.895090965483249,51.00358966613188],[13.895136591751257,51.00367053859696]]]}},{"type":"Feature","id":"UUID_b6d037a8-516c-45e0-b2d6-1d8b448a6258","properties":{"id":"UUID_b6d037a8-516c-45e0-b2d6-1d8b448a6258","height_m":6.206,"ground_m":122.907,"height_source":"LoD1 solid top minus bottom","production":"2023","laser":"2017","footprints":"2023"},"geometry":{"type":"Polygon","coordinates":[[[13.895267983568386,51.00386817576011],[13.895283938023155,51.00391115053043],[13.895344426483167,51.0039045911631],[13.895320269980424,51.00385829243112],[13.895267983568386,51.00386817576011]]]}},{"type":"Feature","id":"UUID_f0e1216f-acba-41a1-9643-078d2084f706","properties":{"id":"UUID_f0e1216f-acba-41a1-9643-078d2084f706","height_m":4.16,"ground_m":122.907,"height_source":"LoD1 solid top minus bottom","production":"2023","laser":"2017","footprints":"2023"},"geometry":{"type":"Polygon","coordinates":[[[13.895136591751257,51.00367053859696],[13.895124182345413,51.00367333491919],[13.895232004452062,51.00387497585119],[13.895267983568386,51.00386817576011],[13.895320269980424,51.00385829243112],[13.895293769353932,51.00380747510786],[13.89520389320013,51.003661561710246],[13.89520106040491,51.00365601331744],[13.895136591751257,51.00367053859696]]]}},{"type":"Feature","id":"DESNATP110000o16","properties":{"id":"DESNATP110000o16","height_m":6.081,"ground_m":138.18,"height_source":"LoD1 solid top minus bottom","production":"2023","laser":"2017","footprints":"2023"},"geometry":{"type":"Polygon","coordinates":[[[13.895711656743693,51.005323499771535],[13.895747539617268,51.00531299357201],[13.895742843143372,51.005306690166556],[13.895818779376578,51.005284116428406],[13.895790981797095,51.005247046018845],[13.895761858089992,51.00520820047191],[13.89571111411791,51.00522329644075],[13.895705132957731,51.00521527225137],[13.895643983952766,51.00523337236974],[13.895649761973191,51.00524154752028],[13.895599132570617,51.0052566175451],[13.89562831402549,51.00529542770716],[13.895656169357688,51.00533246273002],[13.895707056609014,51.005317341160655],[13.895711656743693,51.005323499771535]]]}},{"type":"Feature","id":"DESNATPU1000DpLg","properties":{"id":"DESNATPU1000DpLg","height_m":2.908,"ground_m":136.062,"height_source":"LoD1 solid top minus bottom","production":"2023","laser":"2017","footprints":"2023"},"geometry":{"type":"Polygon","coordinates":[[[13.910450488152255,51.00178787046117],[13.910798290267795,51.00176152717937],[13.910765306078595,51.0015876579593],[13.910417507353705,51.00161391124285],[13.910450488152255,51.00178787046117]]]}},{"type":"Feature","id":"UUID_e4ef999b-095b-4bd0-a209-3243adec0b1e","properties":{"id":"UUID_e4ef999b-095b-4bd0-a209-3243adec0b1e","height_m":2.774,"ground_m":134.474,"height_source":"LoD1 solid top minus bottom","production":"2023","laser":"2017","footprints":"2023"},"geometry":{"type":"Polygon","coordinates":[[[13.902203730565146,51.00457435675563],[13.90219361659099,51.004555394750504],[13.902156615167662,51.004563257513254],[13.902166729128343,51.004582219521495],[13.902203730565146,51.00457435675563]]]}},{"type":"Feature","id":"UUID_4f880823-0ade-427f-ae4b-31baba9fca45","properties":{"id":"UUID_4f880823-0ade-427f-ae4b-31baba9fca45","height_m":2.998,"ground_m":134.474,"height_source":"LoD1 solid top minus bottom","production":"2023","laser":"2017","footprints":"2023"},"geometry":{"type":"Polygon","coordinates":[[[13.902293404446867,51.00465314924172],[13.902277244849229,51.00462280846142],[13.9022465907851,51.00456525406034],[13.902203730565146,51.00457435675563],[13.902166729128343,51.004582219521495],[13.9021995969493,51.004643805549875],[13.902213600291923,51.004670088296876],[13.902293404446867,51.00465314924172]]]}},{"type":"Feature","id":"UUID_1db86f8b-ca62-489b-9439-4cf78d0a31de","properties":{"id":"UUID_1db86f8b-ca62-489b-9439-4cf78d0a31de","height_m":3.24,"ground_m":134.474,"height_source":"LoD1 solid top minus bottom","production":"2023","laser":"2017","footprints":"2023"},"geometry":{"type":"Polygon","coordinates":[[[13.902277244849229,51.00462280846142],[13.902293732525012,51.00461932127934],[13.902263050154929,51.0045617576238],[13.9022465907851,51.00456525406034],[13.902277244849229,51.00462280846142]]]}},{"type":"Feature","id":"DESNATGMvh0000QU","properties":{"id":"DESNATGMvh0000QU","height_m":4.101,"ground_m":124.43,"height_source":"LoD1 solid top minus bottom","production":"2023","laser":"2017","footprints":"2023"},"geometry":{"type":"Polygon","coordinates":[[[13.900581694699932,51.00005946475211],[13.900612126888088,51.000082179288654],[13.900650975678124,51.000111187073465],[13.900703672986442,51.00008308571324],[13.900634392203033,51.00003135443195],[13.900581694699932,51.00005946475211]]]}},{"type":"Feature","id":"DESNATP1Vq00010f","properties":{"id":"DESNATP1Vq00010f","height_m":3.248,"ground_m":124.316,"height_source":"LoD1 solid top minus bottom","production":"2023","laser":"2017","footprints":"2023"},"geometry":{"type":"Polygon","coordinates":[[[13.901594879591293,51.00056161409857],[13.901570499917835,51.00063562078224],[13.901684362328616,51.000650549260676],[13.90170872758073,51.00057654241842],[13.901594879591293,51.00056161409857]]]}},{"type":"Feature","id":"UUID_7028d083-17c3-4f86-a291-77aac70f2ed3","properties":{"id":"UUID_7028d083-17c3-4f86-a291-77aac70f2ed3","height_m":9.197,"ground_m":294.674,"height_source":"LoD1 solid top minus bottom","production":"2023","laser":"2017","footprints":"2023"},"geometry":{"type":"Polygon","coordinates":[[[13.89517919983181,51.01327915478238],[13.895248798132366,51.013329489262674],[13.895319362925331,51.0133805522648],[13.89541521713146,51.013327834293364],[13.895220859382714,51.01318719238322],[13.895124976318643,51.013239927908934],[13.89517919983181,51.01327915478238]]]}},{"type":"Feature","id":"UUID_7a70bb5e-ab4e-4335-b4f0-110ebe13b8c5","properties":{"id":"UUID_7a70bb5e-ab4e-4335-b4f0-110ebe13b8c5","height_m":4.163,"ground_m":294.674,"height_source":"LoD1 solid top minus bottom","production":"2023","laser":"2017","footprints":"2023"},"geometry":{"type":"Polygon","coordinates":[[[13.89517919983181,51.01327915478238],[13.895149155311062,51.013295669274584],[13.895218739136988,51.01334601262864],[13.89524878366611,51.01332949811873],[13.89517919983181,51.01327915478238]]]}},{"type":"Feature","id":"DESNATPU1000DtFk","properties":{"id":"DESNATPU1000DtFk","height_m":4.201,"ground_m":126.335,"height_source":"LoD1 solid top minus bottom","production":"2023","laser":"2017","footprints":"2023"},"geometry":{"type":"Polygon","coordinates":[[[13.897798843996178,51.000343235136285],[13.897884915948218,51.000304523608115],[13.897778791971072,51.000210905098875],[13.897692977646903,51.00024957401581],[13.897798843996178,51.000343235136285]]]}},{"type":"Feature","id":"DESNATP1Vq00010J","properties":{"id":"DESNATP1Vq00010J","height_m":5.224,"ground_m":123.214,"height_source":"LoD1 solid top minus bottom","production":"2023","laser":"2017","footprints":"2023"},"geometry":{"type":"Polygon","coordinates":[[[13.900704158597623,51.000786789175166],[13.900788575509969,51.000796936036096],[13.900841368568528,51.00062187449667],[13.90067487687236,51.00060200750462],[13.900649753476994,51.000685710278354],[13.90070310481962,51.00069207564335],[13.900690004902907,51.00073559463744],[13.900718442991192,51.00073898274692],[13.900704158597623,51.000786789175166]]]}},{"type":"Feature","id":"DESNATP110000o12","properties":{"id":"DESNATP110000o12","height_m":3.0,"ground_m":135.839,"height_source":"LoD1 solid top minus bottom","production":"2023","laser":"2017","footprints":"2023"},"geometry":{"type":"Polygon","coordinates":[[[13.895600868214965,51.005094097392984],[13.895474986462391,51.005131765411456],[13.895511607111796,51.00518021431501],[13.89563741622203,51.005142608520266],[13.895600868214965,51.005094097392984]]]}},{"type":"Feature","id":"DESNATPU1000COR1","properties":{"id":"DESNATPU1000COR1","height_m":3.52,"ground_m":343.534,"height_source":"LoD1 solid top minus bottom","production":"2023","laser":"2017","footprints":"2023"},"geometry":{"type":"Polygon","coordinates":[[[13.904834588840423,51.01272208025234],[13.90485427355897,51.01265499846147],[13.904753333147896,51.01264335081469],[13.904733795049856,51.012710254107176],[13.904834588840423,51.01272208025234]]]}},{"type":"Feature","id":"DESNATPU1000Gd32","properties":{"id":"DESNATPU1000Gd32","height_m":4.136,"ground_m":134.255,"height_source":"LoD1 solid top minus bottom","production":"2023","laser":"2017","footprints":"2023"},"geometry":{"type":"Polygon","coordinates":[[[13.895383824047084,51.00499307027626],[13.895460100455859,51.00496816184946],[13.89541453317812,51.00491233514795],[13.895338403609001,51.004937065076646],[13.895383824047084,51.00499307027626]]]}},{"type":"Feature","id":"DESNATPU1000IItB","properties":{"id":"DESNATPU1000IItB","height_m":2.587,"ground_m":128.064,"height_source":"LoD1 solid top minus bottom","production":"2023","laser":"2017","footprints":"2023"},"geometry":{"type":"Polygon","coordinates":[[[13.902820181876795,50.997490588324254],[13.902840514415287,50.997438171136736],[13.902757449035958,50.99742534057539],[13.902737116409925,50.997477757748],[13.902820181876795,50.997490588324254]]]}},{"type":"Feature","id":"UUID_2b390f2e-32b0-492b-8f6f-ca944ec5f3ff","properties":{"id":"UUID_2b390f2e-32b0-492b-8f6f-ca944ec5f3ff","height_m":7.113,"ground_m":143.293,"height_source":"LoD1 solid top minus bottom","production":"2023","laser":"2017","footprints":"2023"},"geometry":{"type":"Polygon","coordinates":[[[13.893392277179316,51.00568232852522],[13.893360951874017,51.00560130309407],[13.893306174819232,51.00560973209643],[13.893243257688418,51.005619414900934],[13.893197793665001,51.005626412286745],[13.893207528112214,51.005651594527734],[13.893227172020683,51.00570239232109],[13.893229132737876,51.00570744688547],[13.893392277179316,51.00568232852522]]]}},{"type":"Feature","id":"UUID_5f780224-8cf8-4421-b566-7b6029306ee1","properties":{"id":"UUID_5f780224-8cf8-4421-b566-7b6029306ee1","height_m":7.603,"ground_m":143.293,"height_source":"LoD1 solid top minus bottom","production":"2023","laser":"2017","footprints":"2023"},"geometry":{"type":"Polygon","coordinates":[[[13.893306174819232,51.00560973209643],[13.89330170377705,51.00559816092389],[13.89323878644707,51.00560785271691],[13.893243257688418,51.005619414900934],[13.893306174819232,51.00560973209643]]]}},{"type":"Feature","id":"DESNATPU1000FfYK","properties":{"id":"DESNATPU1000FfYK","height_m":3.198,"ground_m":123.826,"height_source":"LoD1 solid top minus bottom","production":"2023","laser":"2017","footprints":"2023"},"geometry":{"type":"Polygon","coordinates":[[[13.901823086556913,51.00010079002115],[13.901834536610064,51.000056473013345],[13.901736008337133,51.00004646403015],[13.9017247006788,51.000090782367316],[13.901823086556913,51.00010079002115]]]}},{"type":"Feature","id":"DESNATGMvh0000YO","properties":{"id":"DESNATGMvh0000YO","height_m":5.945,"ground_m":149.625,"height_source":"LoD1 solid top minus bottom","production":"2023","laser":"2017","footprints":"2023"},"geometry":{"type":"Polygon","coordinates":[[[13.896189147557786,51.00579478531008],[13.896138523078031,51.00581203188174],[13.89617778550275,51.00585792458337],[13.896228410018434,51.005840677995025],[13.896189147557786,51.00579478531008]]]}},{"type":"Feature","id":"DESNATP1Vq00012b","properties":{"id":"DESNATP1Vq00012b","height_m":3.996,"ground_m":124.753,"height_source":"LoD1 solid top minus bottom","production":"2023","laser":"2017","footprints":"2023"},"geometry":{"type":"Polygon","coordinates":[[[13.89483789490925,51.001267640558225],[13.894824910256547,51.001294073594394],[13.894911516964365,51.00131101703036],[13.894914077425568,51.00130582540054],[13.894956962271163,51.00131421669562],[13.894967400649817,51.001292975410315],[13.894924558354976,51.00128459351432],[13.89483789490925,51.001267640558225]]]}},{"type":"Feature","id":"DESNATPU1000H3U8","properties":{"id":"DESNATPU1000H3U8","height_m":5.856,"ground_m":183.856,"height_source":"LoD1 solid top minus bottom","production":"2023","laser":"2017","footprints":"2023"},"geometry":{"type":"Polygon","coordinates":[[[13.897007674176475,51.00673090026046],[13.897113232423218,51.00673954068806],[13.897129027467683,51.00666253126743],[13.897023467259938,51.00665398076328],[13.897007674176475,51.00673090026046]]]}},{"type":"Feature","id":"UUID_60914624-8a48-4360-b42c-d0078abe8087","properties":{"id":"UUID_60914624-8a48-4360-b42c-d0078abe8087","height_m":7.907,"ground_m":129.405,"height_source":"LoD1 solid top minus bottom","production":"2023","laser":"2017","footprints":"2023"},"geometry":{"type":"Polygon","coordinates":[[[13.90535101924132,51.00024025814338],[13.905197069715104,51.000216711145136],[13.905168999267714,51.0002897397297],[13.905322948808692,51.00031329575693],[13.90535101924132,51.00024025814338]]]}},{"type":"Feature","id":"UUID_53e76191-ad1b-4c0a-af47-451b7703688e","properties":{"id":"UUID_53e76191-ad1b-4c0a-af47-451b7703688e","height_m":5.341,"ground_m":129.405,"height_source":"LoD1 solid top minus bottom","production":"2023","laser":"2017","footprints":"2023"},"geometry":{"type":"Polygon","coordinates":[[[13.90521975593561,51.00031673526805],[13.905300089237336,51.000329025861035],[13.905307058282506,51.00031086267769],[13.90522672501016,51.000298572089655],[13.90521975593561,51.00031673526805]]]}},{"type":"Feature","id":"DESNATP1Vq00012w","properties":{"id":"DESNATP1Vq00012w","height_m":2.82,"ground_m":127.735,"height_source":"LoD1 solid top minus bottom","production":"2023","laser":"2017","footprints":"2023"},"geometry":{"type":"Polygon","coordinates":[[[13.900050014328576,50.9967610911066],[13.900007765777824,50.99675244686319],[13.899974228892741,50.99681774289694],[13.900086083655236,50.996840621733426],[13.900152485089693,50.99671132722624],[13.900082879102555,50.99669709268582],[13.900050014328576,50.9967610911066]]]}},{"type":"Feature","id":"UUID_97307188-e480-4eb5-82b0-330067cf573d","properties":{"id":"UUID_97307188-e480-4eb5-82b0-330067cf573d","height_m":6.292,"ground_m":302.561,"height_source":"LoD1 solid top minus bottom","production":"2023","laser":"2017","footprints":"2023"},"geometry":{"type":"Polygon","coordinates":[[[13.896858564539905,51.01313845784669],[13.896763093788705,51.01316909423859],[13.896798683876328,51.01321142678956],[13.896893383985953,51.013180828056775],[13.896858564539905,51.01313845784669]]]}},{"type":"Feature","id":"UUID_bce45b9d-f5d6-428c-9010-fd1c674ccc34","properties":{"id":"UUID_bce45b9d-f5d6-428c-9010-fd1c674ccc34","height_m":5.91,"ground_m":302.561,"height_source":"LoD1 solid top minus bottom","production":"2023","laser":"2017","footprints":"2023"},"geometry":{"type":"Polygon","coordinates":[[[13.89684516608086,51.01312215324799],[13.896858564539905,51.01313845784669],[13.896881149227866,51.013165946322985],[13.896908812576752,51.01315723266418],[13.896873364647744,51.01311311191647],[13.89684516608086,51.01312215324799]]]}},{"type":"Feature","id":"UUID_df1dfefc-f288-40cd-bcd4-d4d9915804e0","properties":{"id":"UUID_df1dfefc-f288-40cd-bcd4-d4d9915804e0","height_m":6.03,"ground_m":302.561,"height_source":"LoD1 solid top minus bottom","production":"2023","laser":"2017","footprints":"2023"},"geometry":{"type":"Polygon","coordinates":[[[13.89693625199467,51.01316697016272],[13.896923922538564,51.013152474230864],[13.896881149227866,51.013165946322985],[13.896893383985953,51.013180828056775],[13.89693625199467,51.01316697016272]]]}},{"type":"Feature","id":"UUID_8e3b9b2b-5852-4ef7-9683-046c244d0367","properties":{"id":"UUID_8e3b9b2b-5852-4ef7-9683-046c244d0367","height_m":6.822,"ground_m":302.561,"height_source":"LoD1 solid top minus bottom","production":"2023","laser":"2017","footprints":"2023"},"geometry":{"type":"Polygon","coordinates":[[[13.896873364647744,51.01311311191647],[13.896908812576752,51.01315723266418],[13.896923922538564,51.013152474230864],[13.896987867070246,51.01313233147577],[13.896922156872659,51.013052043669745],[13.896843635412912,51.01307611351374],[13.896873364647744,51.01311311191647]]]}},{"type":"Feature","id":"DESNATP110000o02","properties":{"id":"DESNATP110000o02","height_m":4.007,"ground_m":126.15,"height_source":"LoD1 solid top minus bottom","production":"2023","laser":"2017","footprints":"2023"},"geometry":{"type":"Polygon","coordinates":[[[13.897024378114494,51.00104011045889],[13.897015180805834,51.00107937630851],[13.896973386519734,51.00107547450198],[13.896955815241755,51.001150533735505],[13.896997609806835,51.00115442655785],[13.896994659531094,51.00116705163378],[13.896999835896835,51.00116753216236],[13.896992333953001,51.00119961074854],[13.89710366781202,51.001209978432094],[13.897111169467781,51.00117790882919],[13.897118109076011,51.001178558876575],[13.897147813295133,51.00105160854314],[13.897024378114494,51.00104011045889]]]}},{"type":"Feature","id":"UUID_38a65fe8-5eca-40f6-8f05-f6b6f76e91bb","properties":{"id":"UUID_38a65fe8-5eca-40f6-8f05-f6b6f76e91bb","height_m":3.209,"ground_m":127.978,"height_source":"LoD1 solid top minus bottom","production":"2023","laser":"2017","footprints":"2023"},"geometry":{"type":"Polygon","coordinates":[[[13.900443676780338,50.99667547104038],[13.90042101310883,50.996669655178856],[13.90038716404418,50.9967198494],[13.900410358711287,50.996724905873904],[13.900443676780338,50.99667547104038]]]}},{"type":"Feature","id":"UUID_53513bba-ac42-4917-852d-ec82f5ea1735","properties":{"id":"UUID_53513bba-ac42-4917-852d-ec82f5ea1735","height_m":3.529,"ground_m":127.978,"height_source":"LoD1 solid top minus bottom","production":"2023","laser":"2017","footprints":"2023"},"geometry":{"type":"Polygon","coordinates":[[[13.900434200135209,50.9967755531763],[13.900493125951456,50.99668816672867],[13.900443676780338,50.99667547104038],[13.900385104518124,50.99676236618477],[13.900434200135209,50.9967755531763]]]}},{"type":"Feature","id":"UUID_b48d3ce8-1dcf-436d-b3ab-c7dd2eabe8bd","properties":{"id":"UUID_b48d3ce8-1dcf-436d-b3ab-c7dd2eabe8bd","height_m":3.279,"ground_m":131.916,"height_source":"LoD1 solid top minus bottom","production":"2023","laser":"2017","footprints":"2023"},"geometry":{"type":"Polygon","coordinates":[[[13.907706007637858,51.0018075756241],[13.90770821045125,51.00178478139526],[13.907646454161316,51.00178240541249],[13.907644251317807,51.00180519964001],[13.907706007637858,51.0018075756241]]]}},{"type":"Feature","id":"UUID_dd9e7f16-7506-49e0-baac-7e977548f86c","properties":{"id":"UUID_dd9e7f16-7506-49e0-baac-7e977548f86c","height_m":3.172,"ground_m":131.916,"height_source":"LoD1 solid top minus bottom","production":"2023","laser":"2017","footprints":"2023"},"geometry":{"type":"Polygon","coordinates":[[[13.907699132974244,51.00187879755686],[13.907706007637858,51.0018075756241],[13.907644251317807,51.00180519964001],[13.907566546942727,51.00180220686891],[13.907559657606269,51.00187343764984],[13.907699132974244,51.00187879755686]]]}},{"type":"Feature","id":"DESNATPU1000HrMK","properties":{"id":"DESNATPU1000HrMK","height_m":3.0,"ground_m":128.656,"height_source":"LoD1 solid top minus bottom","production":"2023","laser":"2017","footprints":"2023"},"geometry":{"type":"Polygon","coordinates":[[[13.89539729009932,51.00434089301362],[13.895444555236061,51.00440202357104],[13.895483392686248,51.00438951300531],[13.895506573381239,51.0043808921949],[13.895460608594927,51.00432141964617],[13.89539729009932,51.00434089301362]]]}},{"type":"Feature","id":"DESNATP1Vq00010C","properties":{"id":"DESNATP1Vq00010C","height_m":2.603,"ground_m":166.773,"height_source":"LoD1 solid top minus bottom","production":"2023","laser":"2017","footprints":"2023"},"geometry":{"type":"Polygon","coordinates":[[[13.905086668388925,51.0062035019224],[13.905089593095218,51.006242738074384],[13.905249644774553,51.00623799690421],[13.905246734183875,51.00619876088892],[13.905086668388925,51.0062035019224]]]}},{"type":"Feature","id":"UUID_edadebc0-1fee-4cf9-b693-36371097fd5a","properties":{"id":"UUID_edadebc0-1fee-4cf9-b693-36371097fd5a","height_m":2.68,"ground_m":127.389,"height_source":"LoD1 solid top minus bottom","production":"2023","laser":"2017","footprints":"2023"},"geometry":{"type":"Polygon","coordinates":[[[13.899684570498357,50.999147516618365],[13.899672097447175,50.999184998223626],[13.899705256442012,50.99918939328271],[13.89971774371606,50.99915191180798],[13.899684570498357,50.999147516618365]]]}},{"type":"Feature","id":"UUID_89800463-83e2-4a31-ba7f-2c0c65f55888","properties":{"id":"UUID_89800463-83e2-4a31-ba7f-2c0c65f55888","height_m":2.616,"ground_m":127.389,"height_source":"LoD1 solid top minus bottom","production":"2023","laser":"2017","footprints":"2023"},"geometry":{"type":"Polygon","coordinates":[[[13.899909252392852,50.99917733053587],[13.899896751867868,50.999214775934306],[13.89995791269431,50.9992228878554],[13.899970384463213,50.99918545117271],[13.899909252392852,50.99917733053587]]]}},{"type":"Feature","id":"UUID_8676e3d1-d836-4761-b849-ee832149c198","properties":{"id":"UUID_8676e3d1-d836-4761-b849-ee832149c198","height_m":2.828,"ground_m":127.389,"height_source":"LoD1 solid top minus bottom","production":"2023","laser":"2017","footprints":"2023"},"geometry":{"type":"Polygon","coordinates":[[[13.89992049544719,50.99914364129685],[13.899728972654096,50.99911822245385],[13.89971774371606,50.99915191180798],[13.899705256442012,50.99918939328271],[13.899720401116019,50.99919139743837],[13.899859472732578,50.999209838531016],[13.899896751867868,50.999214775934306],[13.899909252392852,50.99917733053587],[13.89992049544719,50.99914364129685]]]}},{"type":"Feature","id":"DESNATGMvh0000Yq","properties":{"id":"DESNATGMvh0000Yq","height_m":2.441,"ground_m":297.176,"height_source":"LoD1 solid top minus bottom","production":"2023","laser":"2017","footprints":"2023"},"geometry":{"type":"Polygon","coordinates":[[[13.894354149840865,51.012841942613676],[13.894332190759782,51.01279481023379],[13.894290250974166,51.01280258781458],[13.894312195763693,51.012849720067166],[13.894354149840865,51.012841942613676]]]}},{"type":"Feature","id":"DESNATPU1000Iboo","properties":{"id":"DESNATPU1000Iboo","height_m":7.541,"ground_m":121.08,"height_source":"LoD1 solid top minus bottom","production":"2023","laser":"2017","footprints":"2023"},"geometry":{"type":"Polygon","coordinates":[[[13.895912463966066,51.002628094247974],[13.895879928004112,51.002635790389185],[13.895886496631357,51.002647273377335],[13.895933918623205,51.00273297368343],[13.895992777306502,51.0027199507148],[13.896050833724676,51.002707099992534],[13.89603374972212,51.0026762729677],[13.896027459639349,51.0026650624054],[13.89599370425902,51.0026040417437],[13.89595201246986,51.002613180166215],[13.895935743113347,51.00260808035274],[13.895931244278144,51.002609072013776],[13.895918120388423,51.002611960588865],[13.895909608197494,51.002622311840476],[13.895912463966066,51.002628094247974]]]}},{"type":"Feature","id":"UUID_f0e165d5-3455-4e1a-9494-8876aa77ddff","properties":{"id":"UUID_f0e165d5-3455-4e1a-9494-8876aa77ddff","height_m":3.01,"ground_m":142.021,"height_source":"LoD1 solid top minus bottom","production":"2023","laser":"2017","footprints":"2023"},"geometry":{"type":"Polygon","coordinates":[[[13.896756534051564,51.00533827248135],[13.896798503763565,51.00532292234221],[13.896798475903047,51.005322895100626],[13.89678471800923,51.00530801693356],[13.896742734269397,51.00532335794245],[13.89675649215417,51.00533823611437],[13.896756534051564,51.00533827248135]]]}},{"type":"Feature","id":"UUID_f7590f2e-2b7c-496b-9647-ecb25bffd584","properties":{"id":"UUID_f7590f2e-2b7c-496b-9647-ecb25bffd584","height_m":6.399,"ground_m":142.021,"height_source":"LoD1 solid top minus bottom","production":"2023","laser":"2017","footprints":"2023"},"geometry":{"type":"Polygon","coordinates":[[[13.896798475903047,51.005322895100626],[13.896798503763565,51.00532292234221],[13.896777698637786,51.005330531664576],[13.896756534051564,51.00533827248135],[13.89675649215417,51.00533823611437],[13.896730035078495,51.0053479683225],[13.896794081909498,51.00541799782708],[13.896841816768347,51.00540056181629],[13.896885525710552,51.00538459856987],[13.896821336284585,51.0053145677689],[13.896798475903047,51.005322895100626]]]}},{"type":"Feature","id":"DESNATP1Vq000104","properties":{"id":"DESNATP1Vq000104","height_m":3.214,"ground_m":138.21,"height_source":"LoD1 solid top minus bottom","production":"2023","laser":"2017","footprints":"2023"},"geometry":{"type":"Polygon","coordinates":[[[13.899340647956613,51.00502240213635],[13.899307125330758,51.0049675537541],[13.899180052500903,51.00499847889942],[13.89921358924815,51.00505332745131],[13.899340647956613,51.00502240213635]]]}},{"type":"Feature","id":"UUID_623f331b-388d-45f4-a269-d4506b5b9399","properties":{"id":"UUID_623f331b-388d-45f4-a269-d4506b5b9399","height_m":6.991,"ground_m":302.746,"height_source":"LoD1 solid top minus bottom","production":"2023","laser":"2017","footprints":"2023"},"geometry":{"type":"Polygon","coordinates":[[[13.892833236784245,51.01258289011725],[13.892836667138603,51.01258849817799],[13.892881546838357,51.0125775924938],[13.892877848558966,51.01257126246924],[13.892930324805162,51.012558630184024],[13.892907534800825,51.01252071629824],[13.892883565374177,51.01248084878061],[13.892743202,51.01251450074597],[13.892753292200332,51.01253137698954],[13.892753351350905,51.01253128762181],[13.892767519067547,51.012554731300206],[13.89277611872438,51.012568949524315],[13.8927906567188,51.01259300822106],[13.892833236784245,51.01258289011725]]]}},{"type":"Feature","id":"UUID_77807a4f-e887-449d-87d9-f9fff0bc5103","properties":{"id":"UUID_77807a4f-e887-449d-87d9-f9fff0bc5103","height_m":7.304,"ground_m":302.746,"height_source":"LoD1 solid top minus bottom","production":"2023","laser":"2017","footprints":"2023"},"geometry":{"type":"Polygon","coordinates":[[[13.892746935617684,51.012567234107976],[13.892764216456925,51.01257189429117],[13.89277611872438,51.012568949524315],[13.892753351350905,51.01253128762181],[13.892753292200332,51.01253137698954],[13.892758007879069,51.012539281412174],[13.892745820570822,51.01254222347584],[13.892738437449623,51.012552944900854],[13.892746935617684,51.012567234107976]]]}},{"type":"Feature","id":"DESNATP1Vq0000xR","properties":{"id":"DESNATP1Vq0000xR","height_m":2.655,"ground_m":120.279,"height_source":"LoD1 solid top minus bottom","production":"2023","laser":"2017","footprints":"2023"},"geometry":{"type":"Polygon","coordinates":[[[13.894757428572554,51.00257211864557],[13.894778363237116,51.002618998541635],[13.894706025546336,51.00263184841219],[13.894702330762778,51.00262359399795],[13.894683122475847,51.0026270183979],[13.89469255578894,51.00264808794892],[13.894849542657214,51.00262010355405],[13.894913652707848,51.00261101571253],[13.894957178032175,51.0026032978864],[13.895076504399176,51.00258212425513],[13.895056612607554,51.0025375294657],[13.894967371915202,51.00255336712426],[13.894963218034043,51.00254403822758],[13.894922927210027,51.00255119312359],[13.894926973284043,51.00256026020952],[13.894803453055692,51.00258218538416],[13.894795930369865,51.00256527961727],[13.894757428572554,51.00257211864557]]]}},{"type":"Feature","id":"DESNATGMvh0000Y6","properties":{"id":"DESNATGMvh0000Y6","height_m":2.881,"ground_m":147.919,"height_source":"LoD1 solid top minus bottom","production":"2023","laser":"2017","footprints":"2023"},"geometry":{"type":"Polygon","coordinates":[[[13.891521216073068,51.00597264969277],[13.891540285585892,51.00600381994683],[13.891549600703552,51.006019052268],[13.891605939117543,51.00600435290542],[13.89157610754763,51.00595885388579],[13.891521216073068,51.00597264969277]]]}},{"type":"Feature","id":"DESNATGMvh0000Yu","properties":{"id":"DESNATGMvh0000Yu","height_m":2.35,"ground_m":296.821,"height_source":"LoD1 solid top minus bottom","production":"2023","laser":"2017","footprints":"2023"},"geometry":{"type":"Polygon","coordinates":[[[13.895222249210338,51.01271354433737],[13.89518179760168,51.01272169602256],[13.89519889963747,51.012755490914046],[13.895239351059084,51.012747348213935],[13.895222249210338,51.01271354433737]]]}},{"type":"Feature","id":"UUID_57a4736e-e07d-4209-a3d4-63aa848849c2","properties":{"id":"UUID_57a4736e-e07d-4209-a3d4-63aa848849c2","height_m":7.285,"ground_m":125.339,"height_source":"LoD1 solid top minus bottom","production":"2023","laser":"2017","footprints":"2023"},"geometry":{"type":"Polygon","coordinates":[[[13.895199170538966,51.00209933450116],[13.8951236297712,51.00210426761433],[13.895081662434084,51.00210701820143],[13.895065962707237,51.00210794885784],[13.89503327228192,51.00211015766791],[13.895038369438147,51.00214157291445],[13.89504321707307,51.00217149298866],[13.895055639506243,51.00217053133881],[13.895076622136848,51.00216920100615],[13.895179538249637,51.00216262032899],[13.895200663365436,51.00216129132152],[13.895214227864118,51.002160250526586],[13.895213079978124,51.00215457418038],[13.895209250596102,51.002130383190945],[13.895204280713802,51.00209900512712],[13.895199144603335,51.00209922634177],[13.895199170538966,51.00209933450116]]]}},{"type":"Feature","id":"UUID_146cc8e2-a4e3-4455-b48d-3a75ef0c5bfc","properties":{"id":"UUID_146cc8e2-a4e3-4455-b48d-3a75ef0c5bfc","height_m":6.246,"ground_m":125.339,"height_source":"LoD1 solid top minus bottom","production":"2023","laser":"2017","footprints":"2023"},"geometry":{"type":"Polygon","coordinates":[[[13.8951236297712,51.00210426761433],[13.895164497781252,51.002101596544264],[13.895199170538966,51.00209933450116],[13.895199144603335,51.00209922634177],[13.895198368670107,51.00209589165203],[13.895203366559638,51.00209548927343],[13.895224064169037,51.00209415621905],[13.895221942923014,51.00208145625063],[13.895196536685688,51.00208301456175],[13.895195516346053,51.002077968920474],[13.895161001199273,51.00208019648163],[13.895120290803051,51.00208283306966],[13.895123618298497,51.002104150598875],[13.8951236297712,51.00210426761433]]]}},{"type":"Feature","id":"DESNATP1Vq00012i","properties":{"id":"DESNATP1Vq00012i","height_m":2.277,"ground_m":127.804,"height_source":"LoD1 solid top minus bottom","production":"2023","laser":"2017","footprints":"2023"},"geometry":{"type":"Polygon","coordinates":[[[13.899252013433662,50.99697861178759],[13.899215648662764,50.99705315258599],[13.899256088951592,50.99706113259195],[13.899266805517813,50.99703945288851],[13.899306820927077,50.99704732095943],[13.899332536441888,50.99699462234901],[13.899332646173288,50.99699420071901],[13.899252013433662,50.99697861178759]]]}},{"type":"Feature","id":"UUID_a545bf45-6fd4-43f9-9059-c7a2b468ea9b","properties":{"id":"UUID_a545bf45-6fd4-43f9-9059-c7a2b468ea9b","height_m":5.802,"ground_m":125.815,"height_source":"LoD1 solid top minus bottom","production":"2023","laser":"2017","footprints":"2023"},"geometry":{"type":"Polygon","coordinates":[[[13.896688596416661,51.001689757277695],[13.896661722945945,51.001688891968314],[13.896630762129544,51.00168789812148],[13.89654853243755,51.001685250963504],[13.89654322031233,51.00168508388237],[13.896538716270127,51.00174096783028],[13.896536792459575,51.00176498752816],[13.896528600230845,51.00186639437996],[13.89667394861489,51.001871058536885],[13.896688596416661,51.001689757277695]]]}},{"type":"Feature","id":"UUID_069a0d24-815c-4c02-b05f-a47e1c2f689a","properties":{"id":"UUID_069a0d24-815c-4c02-b05f-a47e1c2f689a","height_m":2.911,"ground_m":125.815,"height_source":"LoD1 solid top minus bottom","production":"2023","laser":"2017","footprints":"2023"},"geometry":{"type":"Polygon","coordinates":[[[13.896506757359349,51.00176402037797],[13.896536792459575,51.00176498752816],[13.896538716270127,51.00174096783028],[13.896508695221126,51.0017400098061],[13.896506757359349,51.00176402037797]]]}},{"type":"Feature","id":"UUID_92ebaf44-1b3c-492f-80a7-815737ab35b3","properties":{"id":"UUID_92ebaf44-1b3c-492f-80a7-815737ab35b3","height_m":5.671,"ground_m":144.579,"height_source":"LoD1 solid top minus bottom","production":"2023","laser":"2017","footprints":"2023"},"geometry":{"type":"Polygon","coordinates":[[[13.893367423664174,51.00577677871213],[13.893287296164614,51.00579570502991],[13.89329411526393,51.005803242674894],[13.893296347042963,51.00580469367736],[13.893373685169326,51.00579756651519],[13.893367423664174,51.00577677871213]]]}},{"type":"Feature","id":"UUID_6217dd52-4a1e-4ef3-8f80-54c8af984c04","properties":{"id":"UUID_6217dd52-4a1e-4ef3-8f80-54c8af984c04","height_m":4.425,"ground_m":144.579,"height_source":"LoD1 solid top minus bottom","production":"2023","laser":"2017","footprints":"2023"},"geometry":{"type":"Polygon","coordinates":[[[13.893580620287269,51.00580824049961],[13.893554924934564,51.00576494843508],[13.893481175920355,51.00578237953196],[13.893506871427444,51.00582566262142],[13.893580620287269,51.00580824049961]]]}},{"type":"Feature","id":"UUID_7bd137f9-c6d7-4054-a6f4-fedbf90fb9a8","properties":{"id":"UUID_7bd137f9-c6d7-4054-a6f4-fedbf90fb9a8","height_m":6.777,"ground_m":144.579,"height_source":"LoD1 solid top minus bottom","production":"2023","laser":"2017","footprints":"2023"},"geometry":{"type":"Polygon","coordinates":[[[13.893401837467215,51.005890945024404],[13.893382179765133,51.005825740604635],[13.893373685169326,51.00579756651519],[13.893296347042963,51.00580469367736],[13.893226051411519,51.005811168077514],[13.89325540584196,51.0059085238528],[13.893401837467215,51.005890945024404]]]}},{"type":"Feature","id":"UUID_5f6f5b40-6953-4830-b0a8-51ff7872f629","properties":{"id":"UUID_5f6f5b40-6953-4830-b0a8-51ff7872f629","height_m":5.019,"ground_m":144.579,"height_source":"LoD1 solid top minus bottom","production":"2023","laser":"2017","footprints":"2023"},"geometry":{"type":"Polygon","coordinates":[[[13.893360127689364,51.005778499178334],[13.893300684785187,51.00571764811608],[13.893236798831486,51.00573988473605],[13.893287296164614,51.00579570502991],[13.893360127689364,51.005778499178334]]]}},{"type":"Feature","id":"UUID_361c7bbd-ae9d-44d7-ace9-e58917707132","properties":{"id":"UUID_361c7bbd-ae9d-44d7-ace9-e58917707132","height_m":4.469,"ground_m":144.579,"height_source":"LoD1 solid top minus bottom","production":"2023","laser":"2017","footprints":"2023"},"geometry":{"type":"Polygon","coordinates":[[[13.893382179765133,51.005825740604635],[13.893481959321724,51.005802171196834],[13.89349725320887,51.005827936643996],[13.893506871427444,51.00582566262142],[13.893481175920355,51.00578237953196],[13.89346426491362,51.00575389192173],[13.893367423664174,51.00577677871213],[13.893382179765133,51.005825740604635]]]}},{"type":"Feature","id":"UUID_3d6e82cb-bab3-4004-b651-f39ab77df0fd","properties":{"id":"UUID_3d6e82cb-bab3-4004-b651-f39ab77df0fd","height_m":4.454,"ground_m":126.123,"height_source":"LoD1 solid top minus bottom","production":"2023","laser":"2017","footprints":"2023"},"geometry":{"type":"Polygon","coordinates":[[[13.89721706878224,51.00074062429799],[13.8970771084316,51.00072825984037],[13.89706652989214,51.00077589398646],[13.897049089471613,51.000854461681364],[13.897189049980343,51.00086683516542],[13.89721706878224,51.00074062429799]]]}},{"type":"Feature","id":"UUID_1387455b-573b-4940-8e18-cdc6b1271f3a","properties":{"id":"UUID_1387455b-573b-4940-8e18-cdc6b1271f3a","height_m":3.805,"ground_m":126.123,"height_source":"LoD1 solid top minus bottom","production":"2023","laser":"2017","footprints":"2023"},"geometry":{"type":"Polygon","coordinates":[[[13.897043333622847,51.000773840452034],[13.89706652989214,51.00077589398646],[13.8970771084316,51.00072825984037],[13.897053912185529,51.00072620630818],[13.897043333622847,51.000773840452034]]]}},{"type":"Feature","id":"DESNATP110000o0I","properties":{"id":"DESNATP110000o0I","height_m":6.125,"ground_m":123.177,"height_source":"LoD1 solid top minus bottom","production":"2023","laser":"2017","footprints":"2023"},"geometry":{"type":"Polygon","coordinates":[[[13.894837189987626,51.00072686714152],[13.894999430219523,51.0007588335964],[13.895050210926572,51.000656201931825],[13.894887971015558,51.000624235548926],[13.894837189987626,51.00072686714152]]]}},{"type":"Feature","id":"UUID_1343e95a-0b11-4a57-8b3a-ea0bd61d9826","properties":{"id":"UUID_1343e95a-0b11-4a57-8b3a-ea0bd61d9826","height_m":6.562,"ground_m":314.265,"height_source":"LoD1 solid top minus bottom","production":"2023","laser":"2017","footprints":"2023"},"geometry":{"type":"Polygon","coordinates":[[[13.898144296995005,51.01103705128327],[13.898142167060096,51.011031887298515],[13.89812569677541,51.01099182179725],[13.898008643061255,51.01101068187974],[13.898018329119754,51.011035053874316],[13.898024638462728,51.011050931768025],[13.898039477474942,51.0110882480779],[13.898157079977405,51.01106909637634],[13.898144296995005,51.01103705128327]]]}},{"type":"Feature","id":"UUID_5c760491-0ae6-413b-b4df-22e576cb92c8","properties":{"id":"UUID_5c760491-0ae6-413b-b4df-22e576cb92c8","height_m":6.728,"ground_m":314.265,"height_source":"LoD1 solid top minus bottom","production":"2023","laser":"2017","footprints":"2023"},"geometry":{"type":"Polygon","coordinates":[[[13.898018329119754,51.011035053874316],[13.898011607274153,51.011035979685104],[13.898002515374813,51.011046685323564],[13.898020845372306,51.01109128278243],[13.898039477474942,51.0110882480779],[13.898018329119754,51.011035053874316]]]}},{"type":"Feature","id":"UUID_69e59b49-0bdb-454c-9aa7-e1452485d2e4","properties":{"id":"UUID_69e59b49-0bdb-454c-9aa7-e1452485d2e4","height_m":6.564,"ground_m":135.297,"height_source":"LoD1 solid top minus bottom","production":"2023","laser":"2017","footprints":"2023"},"geometry":{"type":"Polygon","coordinates":[[[13.896983873428082,51.00481671217261],[13.897017349652756,51.00480368285358],[13.896961659179194,51.00474672701004],[13.896928182980416,51.0047597563134],[13.896983873428082,51.00481671217261]]]}},{"type":"Feature","id":"UUID_bbdd4833-5e8b-4184-a112-a32c75a08828","properties":{"id":"UUID_bbdd4833-5e8b-4184-a112-a32c75a08828","height_m":6.563,"ground_m":135.297,"height_source":"LoD1 solid top minus bottom","production":"2023","laser":"2017","footprints":"2023"},"geometry":{"type":"Polygon","coordinates":[[[13.89693873793048,51.00488743736226],[13.897021529247066,51.00485522429563],[13.896928182980416,51.0047597563134],[13.896845405807932,51.00479197844043],[13.89693873793048,51.00488743736226]]]}},{"type":"Feature","id":"DESNATGMvh0000YX","properties":{"id":"DESNATGMvh0000YX","height_m":2.123,"ground_m":300.167,"height_source":"LoD1 solid top minus bottom","production":"2023","laser":"2017","footprints":"2023"},"geometry":{"type":"Polygon","coordinates":[[[13.895210269876944,51.012352575871134],[13.895133428124392,51.01236476293925],[13.895154132053518,51.012416748420556],[13.895230988352951,51.012404552483396],[13.895210269876944,51.012352575871134]]]}},{"type":"Feature","id":"DESNATGMvh0000Rz","properties":{"id":"DESNATGMvh0000Rz","height_m":2.828,"ground_m":124.227,"height_source":"LoD1 solid top minus bottom","production":"2023","laser":"2017","footprints":"2023"},"geometry":{"type":"Polygon","coordinates":[[[13.90111060001283,51.00101285303689],[13.901093360741081,51.00107052384045],[13.901205622174809,51.001083881960746],[13.901222847063954,51.0010262110059],[13.901147125096188,51.001017198407126],[13.90111060001283,51.00101285303689]]]}},{"type":"Feature","id":"DESNATPU1000EbiK","properties":{"id":"DESNATPU1000EbiK","height_m":7.712,"ground_m":125.283,"height_source":"LoD1 solid top minus bottom","production":"2023","laser":"2017","footprints":"2023"},"geometry":{"type":"Polygon","coordinates":[[[13.89792660371106,51.00134329351667],[13.898047726548135,51.001255721665125],[13.897968225128581,51.0012119409973],[13.8978471022584,51.00129951276687],[13.89792660371106,51.00134329351667]]]}},{"type":"Feature","id":"UUID_7b3eb4e0-d8a9-4b25-85a6-c34002c0261e","properties":{"id":"UUID_7b3eb4e0-d8a9-4b25-85a6-c34002c0261e","height_m":4.962,"ground_m":123.884,"height_source":"LoD1 solid top minus bottom","production":"2023","laser":"2017","footprints":"2023"},"geometry":{"type":"Polygon","coordinates":[[[13.8986040271436,51.00133406140646],[13.898642116134436,51.001306668578074],[13.898614008651627,51.00129111576533],[13.898588736722026,51.00130929485129],[13.898577524655119,51.00130309199911],[13.898564722051734,51.00131229687473],[13.898588946636918,51.001325708767276],[13.8986040271436,51.00133406140646]]]}},{"type":"Feature","id":"UUID_daea169b-887c-444c-8d3c-1c1bc03a89c3","properties":{"id":"UUID_daea169b-887c-444c-8d3c-1c1bc03a89c3","height_m":7.88,"ground_m":123.884,"height_source":"LoD1 solid top minus bottom","production":"2023","laser":"2017","footprints":"2023"},"geometry":{"type":"Polygon","coordinates":[[[13.898497718329821,51.00125892212708],[13.898577524655119,51.00130309199911],[13.898588736722026,51.00130929485129],[13.898614008651627,51.00129111576533],[13.89867851537045,51.00124470031543],[13.89858751125416,51.00119432779512],[13.898497718329821,51.00125892212708]]]}},{"type":"Feature","id":"DESNATP1Vq00010a","properties":{"id":"DESNATP1Vq00010a","height_m":3.665,"ground_m":124.686,"height_source":"LoD1 solid top minus bottom","production":"2023","laser":"2017","footprints":"2023"},"geometry":{"type":"Polygon","coordinates":[[[13.902173650547367,51.00042690088031],[13.902191499544424,51.00034695138495],[13.902118967912141,51.00033927335369],[13.902101663882178,51.000419677602],[13.902173650547367,51.00042690088031]]]}},{"type":"Feature","id":"UUID_be06f93f-3106-4ac4-8409-ce0151b90616","properties":{"id":"UUID_be06f93f-3106-4ac4-8409-ce0151b90616","height_m":6.21,"ground_m":135.122,"height_source":"LoD1 solid top minus bottom","production":"2023","laser":"2017","footprints":"2023"},"geometry":{"type":"Polygon","coordinates":[[[13.902138186785473,51.004840962939426],[13.902050001673667,51.0046966895115],[13.901975470978602,51.004714838039305],[13.902063656316376,51.004859093540155],[13.902138186785473,51.004840962939426]]]}},{"type":"Feature","id":"UUID_0c5c23da-f05d-4919-8765-efac61aaa140","properties":{"id":"UUID_0c5c23da-f05d-4919-8765-efac61aaa140","height_m":3.594,"ground_m":135.122,"height_source":"LoD1 solid top minus bottom","production":"2023","laser":"2017","footprints":"2023"},"geometry":{"type":"Polygon","coordinates":[[[13.901893000320815,51.00469257902528],[13.901968163241063,51.00481548011546],[13.902028085862513,51.00480089935338],[13.901975470978602,51.004714838039305],[13.90195587447547,51.0046827742594],[13.901952951730825,51.00467798058682],[13.901893000320815,51.00469257902528]]]}},{"type":"Feature","id":"DESNATGMvh0000YP","properties":{"id":"DESNATGMvh0000YP","height_m":3.0,"ground_m":307.454,"height_source":"LoD1 solid top minus bottom","production":"2023","laser":"2017","footprints":"2023"},"geometry":{"type":"Polygon","coordinates":[[[13.89686755733084,51.01221568093183],[13.897005553049546,51.01219693875538],[13.896993130124756,51.01216055340445],[13.896888223058854,51.012175021636786],[13.896855241914857,51.012179575358736],[13.89686755733084,51.01221568093183]]]}},{"type":"Feature","id":"DESNATPU1000IQZG","properties":{"id":"DESNATPU1000IQZG","height_m":6.404,"ground_m":309.598,"height_source":"LoD1 solid top minus bottom","production":"2023","laser":"2017","footprints":"2023"},"geometry":{"type":"Polygon","coordinates":[[[13.896741210973449,51.011816168634056],[13.896792642877074,51.0119315826214],[13.89695326494529,51.011903063121565],[13.896901690150758,51.01178764785648],[13.896741210973449,51.011816168634056]]]}},{"type":"Feature","id":"DESNATPU1000FS5l","properties":{"id":"DESNATPU1000FS5l","height_m":3.186,"ground_m":126.1,"height_source":"LoD1 solid top minus bottom","production":"2023","laser":"2017","footprints":"2023"},"geometry":{"type":"Polygon","coordinates":[[[13.897264266029888,51.00020521319791],[13.897142729948953,51.000259776607344],[13.8972216222949,51.000329748258416],[13.897255085316505,51.00031473132897],[13.897304422956408,51.00029258002473],[13.897343158468678,51.000275184768114],[13.897264266029888,51.00020521319791]]]}},{"type":"Feature","id":"DESNATPU1000Em86","properties":{"id":"DESNATPU1000Em86","height_m":3.468,"ground_m":316.315,"height_source":"LoD1 solid top minus bottom","production":"2023","laser":"2017","footprints":"2023"},"geometry":{"type":"Polygon","coordinates":[[[13.899902262082305,51.012114500879704],[13.899861279321478,51.01214154310645],[13.899857203600128,51.01213907666621],[13.899853727742444,51.012141382071604],[13.899832585416085,51.0121553017259],[13.8998531022957,51.01216781508847],[13.899832400290142,51.01218119931931],[13.89986078358731,51.01219864287857],[13.899880502823578,51.012184619891286],[13.899946395193316,51.012141085538694],[13.899925733650067,51.01212866075867],[13.899902262082305,51.012114500879704]]]}},{"type":"Feature","id":"DESNATP1Vq00010Z","properties":{"id":"DESNATP1Vq00010Z","height_m":6.159,"ground_m":124.954,"height_source":"LoD1 solid top minus bottom","production":"2023","laser":"2017","footprints":"2023"},"geometry":{"type":"Polygon","coordinates":[[[13.902304319533314,51.00039938759947],[13.90250621419616,51.00042402732389],[13.902538415673373,51.00031864596024],[13.902336709864214,51.00029387317143],[13.902304319533314,51.00039938759947]]]}},{"type":"Feature","id":"DESNATPU1000EKbO","properties":{"id":"DESNATPU1000EKbO","height_m":3.432,"ground_m":154.116,"height_source":"LoD1 solid top minus bottom","production":"2023","laser":"2017","footprints":"2023"},"geometry":{"type":"Polygon","coordinates":[[[13.905638084044215,51.00587581672064],[13.905652248724012,51.00592199269583],[13.905770880312298,51.005908085824636],[13.905756579361155,51.00586163880283],[13.905638084044215,51.00587581672064]]]}},{"type":"Feature","id":"UUID_586c37b6-1b3c-47e3-8fcc-dc9582959a65","properties":{"id":"UUID_586c37b6-1b3c-47e3-8fcc-dc9582959a65","height_m":6.177,"ground_m":125.082,"height_source":"LoD1 solid top minus bottom","production":"2023","laser":"2017","footprints":"2023"},"geometry":{"type":"Polygon","coordinates":[[[13.895387992701364,51.00077276901441],[13.895394643344188,51.00074477422095],[13.895383980258586,51.0007436841865],[13.895390766981548,51.000715960465165],[13.895349103754366,51.00071196039361],[13.895327404784641,51.00070987571159],[13.895287490748492,51.00070603604339],[13.89528751967306,51.00070601833122],[13.895260089993924,51.00070339383295],[13.895239857112331,51.000787195676445],[13.895307102058434,51.00079362294878],[13.895370393976599,51.000799671077026],[13.895377184986652,51.00077176754033],[13.895387992701364,51.00077276901441]]]}},{"type":"Feature","id":"UUID_2f2a7be3-d132-4a0f-8e93-49b62fd5c8dd","properties":{"id":"UUID_2f2a7be3-d132-4a0f-8e93-49b62fd5c8dd","height_m":3.667,"ground_m":125.082,"height_source":"LoD1 solid top minus bottom","production":"2023","laser":"2017","footprints":"2023"},"geometry":{"type":"Polygon","coordinates":[[[13.895317668905822,51.00069134831889],[13.895304259560188,51.00069787622737],[13.895301753418822,51.00070738494533],[13.895287505210776,51.0007060271873],[13.895301749966638,51.0007073992532],[13.895349103754366,51.00071196039361],[13.895351039722817,51.00070245527624],[13.895340987739639,51.00069363716932],[13.895317668905822,51.00069134831889]]]}},{"type":"Feature","id":"DESNATPU1000IeST","properties":{"id":"DESNATPU1000IeST","height_m":7.812,"ground_m":150.251,"height_source":"LoD1 solid top minus bottom","production":"2023","laser":"2017","footprints":"2023"},"geometry":{"type":"Polygon","coordinates":[[[13.897006058853934,51.0056493526083],[13.897034639364335,51.005727383491646],[13.897035574194643,51.00573003621108],[13.89716068187314,51.005711801718995],[13.89713123672445,51.005631154782186],[13.897006058853934,51.0056493526083]]]}},{"type":"Feature","id":"DESNATPU1000DtHi","properties":{"id":"DESNATPU1000DtHi","height_m":10.248,"ground_m":127.784,"height_source":"LoD1 solid top minus bottom","production":"2023","laser":"2017","footprints":"2023"},"geometry":{"type":"Polygon","coordinates":[[[13.899144532514494,50.999230918602436],[13.89927886675858,50.99924960351663],[13.899285944757528,50.99922933738309],[13.899322152667853,50.99923437279102],[13.89933678286349,50.99919246908066],[13.899300560735755,50.99918743354319],[13.89931318761551,50.99915129335986],[13.899178867463075,50.99913262660245],[13.899144532514494,50.999230918602436]]]}},{"type":"Feature","id":"UUID_13fc4e83-ddb6-4da9-bcbb-93650afb8be2","properties":{"id":"UUID_13fc4e83-ddb6-4da9-bcbb-93650afb8be2","height_m":4.904,"ground_m":127.846,"height_source":"LoD1 solid top minus bottom","production":"2023","laser":"2017","footprints":"2023"},"geometry":{"type":"Polygon","coordinates":[[[13.898010947619646,51.003784386383266],[13.897997996973764,51.00376792423702],[13.89795545043534,51.00378122798963],[13.897968400856684,51.00379769913133],[13.898010947619646,51.003784386383266]]]}},{"type":"Feature","id":"UUID_e46ab7c0-765a-4565-99d6-632e9705f0ff","properties":{"id":"UUID_e46ab7c0-765a-4565-99d6-632e9705f0ff","height_m":7.549,"ground_m":127.846,"height_source":"LoD1 solid top minus bottom","production":"2023","laser":"2017","footprints":"2023"},"geometry":{"type":"Polygon","coordinates":[[[13.897998798266883,51.003885090499196],[13.89803393578732,51.00387409095616],[13.898025302142631,51.00386311019997],[13.898062292127449,51.0038515256014],[13.898103144452426,51.00383874540087],[13.898076302425272,51.00380461620733],[13.898074559576754,51.00380237853767],[13.898050636939363,51.003771963937425],[13.898010947619646,51.003784386383266],[13.897968400856684,51.00379769913133],[13.897931095054757,51.00380937964227],[13.89795676047657,51.00384203193786],[13.897983602436739,51.003876161158225],[13.89799016462853,51.00387410974048],[13.897998798266883,51.003885090499196]]]}},{"type":"Feature","id":"DESNATP110000o6M","properties":{"id":"DESNATP110000o6M","height_m":9.942,"ground_m":149.17,"height_source":"LoD1 solid top minus bottom","production":"2023","laser":"2017","footprints":"2023"},"geometry":{"type":"Polygon","coordinates":[[[13.896228410018434,51.005840677995025],[13.896313837686703,51.005811583871164],[13.896250914541962,51.0057380575168],[13.896165501434536,51.00576714273943],[13.896228410018434,51.005840677995025]]]}},{"type":"Feature","id":"DESNATP110000o6N","properties":{"id":"DESNATP110000o6N","height_m":2.756,"ground_m":311.299,"height_source":"LoD1 solid top minus bottom","production":"2023","laser":"2017","footprints":"2023"},"geometry":{"type":"Polygon","coordinates":[[[13.897770735201531,51.01197421340109],[13.89777382640125,51.01197971919495],[13.89779840649704,51.012023458376085],[13.897824790632704,51.012017556181235],[13.897889941003696,51.012002990869924],[13.897862269835864,51.01195373692509],[13.897770735201531,51.01197421340109]]]}},{"type":"Feature","id":"DESNATGMvh0000Re","properties":{"id":"DESNATGMvh0000Re","height_m":2.601,"ground_m":123.545,"height_source":"LoD1 solid top minus bottom","production":"2023","laser":"2017","footprints":"2023"},"geometry":{"type":"Polygon","coordinates":[[[13.90161492247245,50.99947503554473],[13.901552555442224,50.999467281858834],[13.901545541233828,50.9994903185213],[13.901558217268729,50.999491858577116],[13.90155619128091,50.99949859315294],[13.901605801705212,50.999504599194566],[13.90161492247245,50.99947503554473]]]}},{"type":"Feature","id":"DESNATPU1000Hend","properties":{"id":"DESNATPU1000Hend","height_m":2.996,"ground_m":128.05,"height_source":"LoD1 solid top minus bottom","production":"2023","laser":"2017","footprints":"2023"},"geometry":{"type":"Polygon","coordinates":[[[13.899520940196764,50.998223812996876],[13.89950671320505,50.998277006555654],[13.899591155072088,50.99828589553835],[13.899605237363344,50.99823279053517],[13.899520940196764,50.998223812996876]]]}},{"type":"Feature","id":"DESNATGMvh0000Po","properties":{"id":"DESNATGMvh0000Po","height_m":2.728,"ground_m":130.385,"height_source":"LoD1 solid top minus bottom","production":"2023","laser":"2017","footprints":"2023"},"geometry":{"type":"Polygon","coordinates":[[[13.8958492152561,51.00443981466384],[13.895888147276505,51.00449776375256],[13.895953757522747,51.00448021825867],[13.895914825434595,51.00442226919122],[13.8958492152561,51.00443981466384]]]}},{"type":"Feature","id":"UUID_4b6fec6f-fb71-413d-9cc2-ffa723433824","properties":{"id":"UUID_4b6fec6f-fb71-413d-9cc2-ffa723433824","height_m":6.589,"ground_m":313.513,"height_source":"LoD1 solid top minus bottom","production":"2023","laser":"2017","footprints":"2023"},"geometry":{"type":"Polygon","coordinates":[[[13.898157027852923,51.01160066191869],[13.898107013615748,51.0114914669566],[13.898075659038101,51.01149718744398],[13.89805265133903,51.01150138592456],[13.8980248187396,51.01150646515417],[13.89802483171316,51.01150651923351],[13.897996914447631,51.01151156168662],[13.898047070967461,51.01162075803821],[13.898074560730292,51.011615711541054],[13.898074574556244,51.0116157296571],[13.898102736719007,51.01161058158109],[13.898129667441928,51.011605664691],[13.898129680628703,51.011605709779495],[13.898157027852923,51.01160066191869]]]}},{"type":"Feature","id":"UUID_e1bec75d-bc69-408e-9ebf-b572b1f360e4","properties":{"id":"UUID_e1bec75d-bc69-408e-9ebf-b572b1f360e4","height_m":4.022,"ground_m":313.513,"height_source":"LoD1 solid top minus bottom","production":"2023","laser":"2017","footprints":"2023"},"geometry":{"type":"Polygon","coordinates":[[[13.898022292404287,51.01149336575516],[13.8980248187396,51.01150646515417],[13.898075659038101,51.01149718744398],[13.898070534953419,51.01148482793584],[13.898022292404287,51.01149336575516]]]}},{"type":"Feature","id":"UUID_7bd8050e-d82b-4c53-a483-f12ee001adf2","properties":{"id":"UUID_7bd8050e-d82b-4c53-a483-f12ee001adf2","height_m":6.099,"ground_m":313.513,"height_source":"LoD1 solid top minus bottom","production":"2023","laser":"2017","footprints":"2023"},"geometry":{"type":"Polygon","coordinates":[[[13.898081779818302,51.011629898365705],[13.898135470259966,51.0116200629762],[13.898129680628703,51.011605709779495],[13.898129667441928,51.011605664691],[13.898074574556244,51.0116157296571],[13.898081779818302,51.011629898365705]]]}},{"type":"Feature","id":"DESNATPU1000G0sJ","properties":{"id":"DESNATPU1000G0sJ","height_m":3.883,"ground_m":289.967,"height_source":"LoD1 solid top minus bottom","production":"2023","laser":"2017","footprints":"2023"},"geometry":{"type":"Polygon","coordinates":[[[13.892108556672426,51.013584836159595],[13.892173988077895,51.013567021288125],[13.89213445189179,51.013509182236234],[13.892069016268215,51.01352717690208],[13.892108556672426,51.013584836159595]]]}},{"type":"Feature","id":"UUID_9be57e92-28d2-4211-914f-9e2bde9e586b","properties":{"id":"UUID_9be57e92-28d2-4211-914f-9e2bde9e586b","height_m":4.08,"ground_m":168.192,"height_source":"LoD1 solid top minus bottom","production":"2023","laser":"2017","footprints":"2023"},"geometry":{"type":"Polygon","coordinates":[[[13.904914860129393,51.00623900506076],[13.904968214128544,51.00623707708431],[13.904966445046039,51.00620324745893],[13.904940471063524,51.00620462271653],[13.904922632556728,51.006205534654065],[13.904911001477325,51.00620614505977],[13.904914860129393,51.00623900506076]]]}},{"type":"Feature","id":"UUID_46ff6446-47c3-4231-b543-503e1b6ededb","properties":{"id":"UUID_46ff6446-47c3-4231-b543-503e1b6ededb","height_m":4.054,"ground_m":168.192,"height_source":"LoD1 solid top minus bottom","production":"2023","laser":"2017","footprints":"2023"},"geometry":{"type":"Polygon","coordinates":[[[13.90475379040563,51.00620889800125],[13.90472838855117,51.00621018864689],[13.904731767534912,51.00623980673835],[13.90473264208461,51.006247458843426],[13.90475811076518,51.0062463576727],[13.90475379040563,51.00620889800125]]]}},{"type":"Feature","id":"UUID_21900766-8bf7-4e22-8be4-3909d264cefd","properties":{"id":"UUID_21900766-8bf7-4e22-8be4-3909d264cefd","height_m":4.204,"ground_m":168.192,"height_source":"LoD1 solid top minus bottom","production":"2023","laser":"2017","footprints":"2023"},"geometry":{"type":"Polygon","coordinates":[[[13.904911001477325,51.00620614505977],[13.904910930224919,51.0062061443919],[13.904907617577617,51.00617733628239],[13.904810872335602,51.00618182511776],[13.904785187605242,51.00618302319568],[13.90476321434918,51.00618398627649],[13.90476355081409,51.006187856348035],[13.904751423088083,51.00618837215371],[13.90475379040563,51.00620889800125],[13.90475811076518,51.0062463576727],[13.904768455288954,51.006245906085184],[13.904914860129393,51.00623900506076],[13.904911001477325,51.00620614505977]]]}},{"type":"Feature","id":"DESNATPU1000BNVi","properties":{"id":"DESNATPU1000BNVi","height_m":2.952,"ground_m":132.995,"height_source":"LoD1 solid top minus bottom","production":"2023","laser":"2017","footprints":"2023"},"geometry":{"type":"Polygon","coordinates":[[[13.908192793378745,51.001716532049215],[13.90819127096601,51.0017947464979],[13.908287370794044,51.00179549168171],[13.90828889304524,51.001717277230796],[13.908192793378745,51.001716532049215]]]}},{"type":"Feature","id":"DESNATPU1000GAri","properties":{"id":"DESNATPU1000GAri","height_m":5.399,"ground_m":301.328,"height_source":"LoD1 solid top minus bottom","production":"2023","laser":"2017","footprints":"2023"},"geometry":{"type":"Polygon","coordinates":[[[13.896542504497042,51.01299951972411],[13.896520597470621,51.01294228931216],[13.896433922288082,51.01295492393261],[13.896455442429131,51.01301283416161],[13.896464768294202,51.013049361176876],[13.896537710933673,51.0130405177094],[13.896548383014657,51.01303894583554],[13.896542504497042,51.01299951972411]]]}},{"type":"Feature","id":"UUID_4ea7c6a0-c1cf-49f8-aae2-8f75a9accdfa","properties":{"id":"UUID_4ea7c6a0-c1cf-49f8-aae2-8f75a9accdfa","height_m":8.996,"ground_m":316.211,"height_source":"LoD1 solid top minus bottom","production":"2023","laser":"2017","footprints":"2023"},"geometry":{"type":"Polygon","coordinates":[[[13.900104853088285,51.013075969591405],[13.900119329413377,51.01306905549598],[13.900072958285664,51.013030372478106],[13.900058482178604,51.01303727757705],[13.900104853088285,51.013075969591405]]]}},{"type":"Feature","id":"UUID_13ce311d-b308-4acf-82b2-a47d0c89a794","properties":{"id":"UUID_13ce311d-b308-4acf-82b2-a47d0c89a794","height_m":9.644,"ground_m":316.211,"height_source":"LoD1 solid top minus bottom","production":"2023","laser":"2017","footprints":"2023"},"geometry":{"type":"Polygon","coordinates":[[[13.900140236153296,51.013105484392796],[13.900104853088285,51.013075969591405],[13.900058482178604,51.01303727757705],[13.900016878081447,51.01300257827164],[13.899913339076639,51.01305197224392],[13.899954943139575,51.01308667158569],[13.899994086672201,51.01311932436133],[13.90003671151227,51.0131548696163],[13.900140236153296,51.013105484392796]]]}},{"type":"Feature","id":"UUID_49dbd4ef-374f-4ee2-a206-307fb3617afd","properties":{"id":"UUID_49dbd4ef-374f-4ee2-a206-307fb3617afd","height_m":6.181,"ground_m":316.211,"height_source":"LoD1 solid top minus bottom","production":"2023","laser":"2017","footprints":"2023"},"geometry":{"type":"Polygon","coordinates":[[[13.899985853791167,51.01312324865597],[13.899994086672201,51.01311932436133],[13.899987753844362,51.013114039907755],[13.899954943352297,51.01308666259487],[13.899946710261105,51.0130905958776],[13.899949058743728,51.01309256043917],[13.89992898793198,51.01310214666473],[13.899959450359875,51.01312754144185],[13.899963420448366,51.01313086120154],[13.899983505305448,51.01312128409513],[13.899985853791167,51.01312324865597]]]}},{"type":"Feature","id":"DESNATPU1000FkEh","properties":{"id":"DESNATPU1000FkEh","height_m":3.293,"ground_m":314.774,"height_source":"LoD1 solid top minus bottom","production":"2023","laser":"2017","footprints":"2023"},"geometry":{"type":"Polygon","coordinates":[[[13.89994403817657,51.0117647136007],[13.900012688843017,51.01171904690208],[13.899960957783286,51.011688254028726],[13.899892309239702,51.01173383078892],[13.89994403817657,51.0117647136007]]]}},{"type":"Feature","id":"UUID_9bd09886-c4f8-4f53-a0c6-af758f2048f8","properties":{"id":"UUID_9bd09886-c4f8-4f53-a0c6-af758f2048f8","height_m":9.775,"ground_m":138.198,"height_source":"LoD1 solid top minus bottom","production":"2023","laser":"2017","footprints":"2023"},"geometry":{"type":"Polygon","coordinates":[[[13.896050083953511,51.00535071799958],[13.896162353807647,51.00530944951919],[13.896091607844674,51.005232863535525],[13.896038219219443,51.00525249402599],[13.895979366615075,51.00527413221855],[13.896050083953511,51.00535071799958]]]}},{"type":"Feature","id":"UUID_ab3e3fad-ddaa-4f8d-b5bc-cba59269909b","properties":{"id":"UUID_ab3e3fad-ddaa-4f8d-b5bc-cba59269909b","height_m":8.459,"ground_m":138.198,"height_source":"LoD1 solid top minus bottom","production":"2023","laser":"2017","footprints":"2023"},"geometry":{"type":"Polygon","coordinates":[[[13.895971793440378,51.00526592213489],[13.895979366615075,51.00527413221855],[13.896038219219443,51.00525249402599],[13.896030645824336,51.005244292936894],[13.895971793440378,51.00526592213489]]]}},{"type":"Feature","id":"DESNATPU1000GIkj","properties":{"id":"DESNATPU1000GIkj","height_m":9.597,"ground_m":120.397,"height_source":"LoD1 solid top minus bottom","production":"2023","laser":"2017","footprints":"2023"},"geometry":{"type":"Polygon","coordinates":[[[13.894128046026964,51.0034996647021],[13.894546039205899,51.00341686664811],[13.89450499136928,51.003333510280136],[13.894086870838654,51.00341629798782],[13.894128046026964,51.0034996647021]]]}},{"type":"Feature","id":"DESNATP110000o6Z","properties":{"id":"DESNATP110000o6Z","height_m":3.325,"ground_m":316.038,"height_source":"LoD1 solid top minus bottom","production":"2023","laser":"2017","footprints":"2023"},"geometry":{"type":"Polygon","coordinates":[[[13.900297440809242,51.01210229481899],[13.900216259614174,51.012160002032516],[13.900272634639537,51.012191566918716],[13.900353815820964,51.012133859666214],[13.900297440809242,51.01210229481899]]]}},{"type":"Feature","id":"UUID_eb607867-7f9c-404b-8b65-c3609f27f196","properties":{"id":"UUID_eb607867-7f9c-404b-8b65-c3609f27f196","height_m":3.0,"ground_m":125.893,"height_source":"LoD1 solid top minus bottom","production":"2023","laser":"2017","footprints":"2023"},"geometry":{"type":"Polygon","coordinates":[[[13.902894496014891,51.00084500505479],[13.902902115995298,51.00081741463672],[13.902821004578138,51.00080849639645],[13.902813384339163,51.00083609579983],[13.902894496014891,51.00084500505479]]]}},{"type":"Feature","id":"UUID_d9a53586-fc9c-4db5-bb02-95d317da984a","properties":{"id":"UUID_d9a53586-fc9c-4db5-bb02-95d317da984a","height_m":4.547,"ground_m":125.893,"height_source":"LoD1 solid top minus bottom","production":"2023","laser":"2017","footprints":"2023"},"geometry":{"type":"Polygon","coordinates":[[[13.902791239033462,51.00091635575166],[13.902926154886606,51.0009311929724],[13.902948314640298,51.00085091514591],[13.902813384339163,51.00083609579983],[13.902791239033462,51.00091635575166]]]}},{"type":"Feature","id":"DESNATPU1000Do7u","properties":{"id":"DESNATPU1000Do7u","height_m":5.046,"ground_m":311.691,"height_source":"LoD1 solid top minus bottom","production":"2023","laser":"2017","footprints":"2023"},"geometry":{"type":"Polygon","coordinates":[[[13.899540024755453,51.01041385540673],[13.899581867799762,51.01051544580986],[13.899718117439834,51.01049312283817],[13.899712711607968,51.01048000535019],[13.89973862771744,51.01047576199071],[13.899702388640206,51.01038733596314],[13.899646208235538,51.010396447178],[13.899631025884927,51.01035973935009],[13.899614604739876,51.01035369438913],[13.899578471887866,51.010359577109426],[13.89956884615073,51.010369972085236],[13.899584143320391,51.010406645031445],[13.899540024755453,51.01041385540673]]]}},{"type":"Feature","id":"DESNATPU1000B5OU","properties":{"id":"DESNATPU1000B5OU","height_m":5.793,"ground_m":133.627,"height_source":"LoD1 solid top minus bottom","production":"2023","laser":"2017","footprints":"2023"},"geometry":{"type":"Polygon","coordinates":[[[13.908169114233624,51.00107745967734],[13.90814187102338,51.00107656657463],[13.908140180235518,51.001093951911315],[13.908122137653033,51.00110425094582],[13.90813811202675,51.00111527258296],[13.90813189253429,51.001185331601434],[13.908195317932512,51.00118760602204],[13.908257590015772,51.001189833659154],[13.908260669438166,51.00115578857925],[13.908281739108439,51.001144033992965],[13.908262965548708,51.00113082793673],[13.908267401445636,51.00108088720476],[13.908205215212202,51.00107865138184],[13.908203079139486,51.001078577462266],[13.908186824216141,51.00106736436249],[13.908169114233624,51.00107745967734]]]}},{"type":"Feature","id":"DESNATPU1000EyyZ","properties":{"id":"DESNATPU1000EyyZ","height_m":2.979,"ground_m":127.783,"height_source":"LoD1 solid top minus bottom","production":"2023","laser":"2017","footprints":"2023"},"geometry":{"type":"Polygon","coordinates":[[[13.899175611929362,50.997405717626975],[13.899080586354643,50.99739248397451],[13.899059598997471,50.99745252028529],[13.89915461044055,50.99746575382116],[13.899175611929362,50.997405717626975]]]}},{"type":"Feature","id":"DESNATPU1000G7Zc","properties":{"id":"DESNATPU1000G7Zc","height_m":6.663,"ground_m":309.696,"height_source":"LoD1 solid top minus bottom","production":"2023","laser":"2017","footprints":"2023"},"geometry":{"type":"Polygon","coordinates":[[[13.898150388371398,51.01216957544814],[13.898120122172152,51.0121774734836],[13.898169670478092,51.012252221507204],[13.89819965167198,51.012244320771174],[13.898201721338705,51.01224721799312],[13.8983179169899,51.0122165690181],[13.89824634460602,51.012108699630296],[13.898130436355489,51.012139261316136],[13.898150388371398,51.01216957544814]]]}},{"type":"Feature","id":"DESNATPU1000GwX2","properties":{"id":"DESNATPU1000GwX2","height_m":6.769,"ground_m":301.642,"height_source":"LoD1 solid top minus bottom","production":"2023","laser":"2017","footprints":"2023"},"geometry":{"type":"Polygon","coordinates":[[[13.896827722122648,51.012917662547956],[13.896805149490595,51.01289027309463],[13.896781884314432,51.012862031771796],[13.896653668728925,51.012903483005466],[13.89667613954741,51.0129315549816],[13.896697932074952,51.012958775222366],[13.89678069250002,51.01293268614521],[13.896827722122648,51.012917662547956]]]}},{"type":"Feature","id":"DESNATGMvh0000Rc","properties":{"id":"DESNATGMvh0000Rc","height_m":2.213,"ground_m":124.119,"height_source":"LoD1 solid top minus bottom","production":"2023","laser":"2017","footprints":"2023"},"geometry":{"type":"Polygon","coordinates":[[[13.901895740610046,50.99994086979148],[13.9019447325533,50.99994834469971],[13.90196253087392,50.99990315209111],[13.901910288002714,50.999896348075055],[13.901903206425079,50.999918017211755],[13.901895740610046,50.99994086979148]]]}},{"type":"Feature","id":"DESNATGMvh0000ZU","properties":{"id":"DESNATGMvh0000ZU","height_m":7.008,"ground_m":307.742,"height_source":"LoD1 solid top minus bottom","production":"2023","laser":"2017","footprints":"2023"},"geometry":{"type":"Polygon","coordinates":[[[13.896447861271316,51.013845147472985],[13.896433746520104,51.013848206608415],[13.896353056485188,51.01386567289396],[13.896309580455911,51.01387508237597],[13.896325261597188,51.013903926608926],[13.896348838542238,51.01394726991478],[13.896398017768874,51.01393662831446],[13.896487133587927,51.013917344092285],[13.896447861271316,51.013845147472985]]]}},{"type":"Feature","id":"DESNATGMvh0000Q0","properties":{"id":"DESNATGMvh0000Q0","height_m":5.714,"ground_m":120.549,"height_source":"LoD1 solid top minus bottom","production":"2023","laser":"2017","footprints":"2023"},"geometry":{"type":"Polygon","coordinates":[[[13.89432721623846,51.00307213264207],[13.894367550400096,51.00314471789187],[13.89448843871952,51.003119063218776],[13.894448389165744,51.00304648969706],[13.894421217521103,51.00305214086376],[13.89432721623846,51.00307213264207]]]}},{"type":"Feature","id":"UUID_709965bf-b4af-40b4-9497-2bf7ee7b7071","properties":{"id":"UUID_709965bf-b4af-40b4-9497-2bf7ee7b7071","height_m":3.114,"ground_m":127.478,"height_source":"LoD1 solid top minus bottom","production":"2023","laser":"2017","footprints":"2023"},"geometry":{"type":"Polygon","coordinates":[[[13.904163861104005,51.00139256812793],[13.904170573111024,51.0013665878259],[13.904182475362736,51.00132053922717],[13.90413124298862,51.00131492375242],[13.904090089214742,51.00131041899022],[13.904077756115521,51.00135539339041],[13.904070365937566,51.00138232955928],[13.904163861104005,51.00139256812793]]]}},{"type":"Feature","id":"UUID_4ba790d3-dfb4-414c-9685-5bde2d26d913","properties":{"id":"UUID_4ba790d3-dfb4-414c-9685-5bde2d26d913","height_m":3.757,"ground_m":127.478,"height_source":"LoD1 solid top minus bottom","production":"2023","laser":"2017","footprints":"2023"},"geometry":{"type":"Polygon","coordinates":[[[13.904048799345782,51.00135221706352],[13.904077756115521,51.00135539339041],[13.904090089214742,51.00131041899022],[13.904061175007154,51.001307252058375],[13.904048799345782,51.00135221706352]]]}},{"type":"Feature","id":"DESNATPU1000J12n","properties":{"id":"DESNATPU1000J12n","height_m":5.945,"ground_m":314.322,"height_source":"LoD1 solid top minus bottom","production":"2023","laser":"2017","footprints":"2023"},"geometry":{"type":"Polygon","coordinates":[[[13.89912502876645,51.01160987678089],[13.899099111752692,51.01157860732518],[13.899088911867098,51.011581928488816],[13.899060370021125,51.01154712708872],[13.899034799054533,51.01155542931625],[13.899028685673771,51.01154871701672],[13.899003543966717,51.01155695133986],[13.898979551786114,51.01156480080599],[13.89898410381813,51.011571228609725],[13.898958809350628,51.011579893139384],[13.899040376239206,51.01168111165774],[13.899090765055538,51.01166501268923],[13.899142360381767,51.01164852938278],[13.899114392797427,51.01161355355084],[13.89912502876645,51.01160987678089]]]}},{"type":"Feature","id":"DESNATP110000o2l","properties":{"id":"DESNATP110000o2l","height_m":3.327,"ground_m":130.678,"height_source":"LoD1 solid top minus bottom","production":"2023","laser":"2017","footprints":"2023"},"geometry":{"type":"Polygon","coordinates":[[[13.906237313208393,51.00130805053022],[13.906166493094315,51.00130204572625],[13.906158979587897,51.00133730823633],[13.906229495195955,51.00134474904773],[13.906237313208393,51.00130805053022]]]}},{"type":"Feature","id":"DESNATP110000o6b","properties":{"id":"DESNATP110000o6b","height_m":3.93,"ground_m":301.767,"height_source":"LoD1 solid top minus bottom","production":"2023","laser":"2017","footprints":"2023"},"geometry":{"type":"Polygon","coordinates":[[[13.895527687781483,51.012346386239926],[13.89556498837247,51.012408456618715],[13.895664239647017,51.012387272428626],[13.89563319331923,51.012321160469476],[13.895527687781483,51.012346386239926]]]}},{"type":"Feature","id":"DESNATGMvh0000SK","properties":{"id":"DESNATGMvh0000SK","height_m":18.279,"ground_m":130.654,"height_source":"LoD1 solid top minus bottom","production":"2023","laser":"2017","footprints":"2023"},"geometry":{"type":"Polygon","coordinates":[[[13.906158979587897,51.00133730823633],[13.906150485663769,51.00137729179856],[13.906221305890051,51.00138329661284],[13.906229495195955,51.00134474904773],[13.906158979587897,51.00133730823633]]]}},{"type":"Feature","id":"DESNATGMvh0000Yg","properties":{"id":"DESNATGMvh0000Yg","height_m":2.479,"ground_m":300.957,"height_source":"LoD1 solid top minus bottom","production":"2023","laser":"2017","footprints":"2023"},"geometry":{"type":"Polygon","coordinates":[[[13.894075653956415,51.01250560095856],[13.894044508470017,51.01251566588205],[13.894093010523154,51.01257540570957],[13.894116330527213,51.01256950232541],[13.894075653956415,51.01250560095856]]]}},{"type":"Feature","id":"DESNATPU1000F7dm","properties":{"id":"DESNATPU1000F7dm","height_m":2.719,"ground_m":126.539,"height_source":"LoD1 solid top minus bottom","production":"2023","laser":"2017","footprints":"2023"},"geometry":{"type":"Polygon","coordinates":[[[13.898155910900678,51.000206602773964],[13.898232137057196,51.00021651236571],[13.898267096804773,51.0001094045535],[13.898190870602656,51.00009950397625],[13.898155910900678,51.000206602773964]]]}},{"type":"Feature","id":"DESNATPU1000BZp9","properties":{"id":"DESNATPU1000BZp9","height_m":8.239,"ground_m":123.43,"height_source":"LoD1 solid top minus bottom","production":"2023","laser":"2017","footprints":"2023"},"geometry":{"type":"Polygon","coordinates":[[[13.894658513970365,51.00123121313329],[13.894733913997989,51.00124653987223],[13.89473989279427,51.001234842788044],[13.89471932652042,51.00123066438439],[13.894726695628131,51.00121623763677],[13.894754722574318,51.0011613496746],[13.894699888910123,51.001150201360176],[13.894639523635023,51.00113793053372],[13.894598148601709,51.00121894228503],[13.894658513970365,51.00123121313329]]]}},{"type":"Feature","id":"DESNATGMvh0000Yz","properties":{"id":"DESNATGMvh0000Yz","height_m":10.629,"ground_m":185.408,"height_source":"LoD1 solid top minus bottom","production":"2023","laser":"2017","footprints":"2023"},"geometry":{"type":"Polygon","coordinates":[[[13.89872017473705,51.006714357318536],[13.898720238846417,51.006719474845426],[13.898720692098054,51.006754506206335],[13.898820466465992,51.00675399881448],[13.898819892016407,51.0067138493893],[13.89872017473705,51.006714357318536]]]}},{"type":"Feature","id":"DESNATPU1000GLm6","properties":{"id":"DESNATPU1000GLm6","height_m":6.497,"ground_m":313.806,"height_source":"LoD1 solid top minus bottom","production":"2023","laser":"2017","footprints":"2023"},"geometry":{"type":"Polygon","coordinates":[[[13.899131926596137,51.0108970803773],[13.898973066367999,51.01092364104312],[13.899003064184837,51.01099325843247],[13.899161067391564,51.010966779578716],[13.899131926596137,51.0108970803773]]]}},{"type":"Feature","id":"UUID_4822d372-b4c9-4ef5-9099-01826d4b6e0b","properties":{"id":"UUID_4822d372-b4c9-4ef5-9099-01826d4b6e0b","height_m":2.794,"ground_m":126.189,"height_source":"LoD1 solid top minus bottom","production":"2023","laser":"2017","footprints":"2023"},"geometry":{"type":"Polygon","coordinates":[[[13.897426403746712,51.00042247287564],[13.89739888934256,51.000434848143925],[13.897423792173024,51.00045689082148],[13.897451162605178,51.00044457713852],[13.897451249162824,51.00044453299119],[13.897426403746712,51.00042247287564]]]}},{"type":"Feature","id":"UUID_76c7a715-57d1-42ef-b784-fe10b9632f7d","properties":{"id":"UUID_76c7a715-57d1-42ef-b784-fe10b9632f7d","height_m":4.315,"ground_m":126.189,"height_source":"LoD1 solid top minus bottom","production":"2023","laser":"2017","footprints":"2023"},"geometry":{"type":"Polygon","coordinates":[[[13.89758819636482,51.00029656212963],[13.897541553183306,51.000317479982165],[13.89754137178665,51.00031731639916],[13.897457776722954,51.000354935938084],[13.897395271316022,51.00038306017812],[13.897386483939451,51.00038701502929],[13.897390364506933,51.00039045094962],[13.897426490091226,51.00042243771916],[13.897426403746712,51.00042247287564],[13.897441032029827,51.00043545271463],[13.897451249162824,51.00044453299119],[13.897451162605178,51.00044457713852],[13.89749241141638,51.000481090674114],[13.897798843996178,51.000343235136285],[13.89774748805406,51.00029780436765],[13.897692977646903,51.00024957401581],[13.897588363726014,51.000296716587265],[13.89758819636482,51.00029656212963]]]}},{"type":"Feature","id":"UUID_3fa7836e-8875-4674-abdb-14bdffd4c3c9","properties":{"id":"UUID_3fa7836e-8875-4674-abdb-14bdffd4c3c9","height_m":3.125,"ground_m":126.189,"height_source":"LoD1 solid top minus bottom","production":"2023","laser":"2017","footprints":"2023"},"geometry":{"type":"Polygon","coordinates":[[[13.897522094183232,51.00030026390283],[13.89754137178665,51.00031731639916],[13.897541553183306,51.000317479982165],[13.89758819636482,51.00029656212963],[13.897568653142741,51.000279291306185],[13.897522094183232,51.00030026390283]]]}},{"type":"Feature","id":"DESNATP1Vq0000ye","properties":{"id":"DESNATP1Vq0000ye","height_m":6.723,"ground_m":308.901,"height_source":"LoD1 solid top minus bottom","production":"2023","laser":"2017","footprints":"2023"},"geometry":{"type":"Polygon","coordinates":[[[13.897793450100686,51.012397306362985],[13.897972993949487,51.01235299270319],[13.89792355009361,51.01227324557058],[13.897743952269627,51.01231744173817],[13.897793450100686,51.012397306362985]]]}},{"type":"Feature","id":"DESNATPU1000Clgk","properties":{"id":"DESNATPU1000Clgk","height_m":6.312,"ground_m":302.921,"height_source":"LoD1 solid top minus bottom","production":"2023","laser":"2017","footprints":"2023"},"geometry":{"type":"Polygon","coordinates":[[[13.89404994606661,51.01229246139339],[13.893980317542644,51.01231423039548],[13.89400287125502,51.01234293317746],[13.894024262446495,51.012370168112156],[13.894120403957196,51.01234010685113],[13.894128055172919,51.012349864547694],[13.89415998269627,51.0123398789466],[13.894152317009276,51.012330130108005],[13.894212351384505,51.01231136373379],[13.89419096010883,51.01228412883272],[13.894168406307731,51.01225542608623],[13.894093076108918,51.01227897572689],[13.89404994606661,51.01229246139339]]]}},{"type":"Feature","id":"DESNATP1Vq00012r","properties":{"id":"DESNATP1Vq00012r","height_m":2.795,"ground_m":127.789,"height_source":"LoD1 solid top minus bottom","production":"2023","laser":"2017","footprints":"2023"},"geometry":{"type":"Polygon","coordinates":[[[13.899697338456841,50.99887946124481],[13.899577527422707,50.99886257728596],[13.899543821095667,50.998957835743994],[13.899663618113607,50.998974719604384],[13.899697338456841,50.99887946124481]]]}},{"type":"Feature","id":"DESNATPU1000FrY5","properties":{"id":"DESNATPU1000FrY5","height_m":2.405,"ground_m":128.062,"height_source":"LoD1 solid top minus bottom","production":"2023","laser":"2017","footprints":"2023"},"geometry":{"type":"Polygon","coordinates":[[[13.90234901665687,50.997864446321536],[13.902380980136469,50.99781438670781],[13.902301650159592,50.99779421678793],[13.902269686609158,50.99784427637967],[13.90234901665687,50.997864446321536]]]}},{"type":"Feature","id":"DESNATP1Vq00012y","properties":{"id":"DESNATP1Vq00012y","height_m":4.252,"ground_m":127.678,"height_source":"LoD1 solid top minus bottom","production":"2023","laser":"2017","footprints":"2023"},"geometry":{"type":"Polygon","coordinates":[[[13.900102141472551,50.9965881907964],[13.900091862807926,50.99660824699393],[13.900086119134683,50.9966070688098],[13.900052455524046,50.9966735147583],[13.900165118258482,50.99669596047859],[13.900199278694927,50.99663019363921],[13.900152378090157,50.99662061535977],[13.900163522411004,50.99659890362992],[13.900102141472551,50.9965881907964]]]}},{"type":"Feature","id":"DESNATGMvh0000Z3","properties":{"id":"DESNATGMvh0000Z3","height_m":3.365,"ground_m":167.647,"height_source":"LoD1 solid top minus bottom","production":"2023","laser":"2017","footprints":"2023"},"geometry":{"type":"Polygon","coordinates":[[[13.904726797461198,51.00619059633743],[13.904653563345594,51.00619539538204],[13.904661535985372,51.00624299724136],[13.904731767534912,51.00623980673835],[13.90472838855117,51.00621018864689],[13.904726797461198,51.00619059633743]]]}},{"type":"Feature","id":"DESNATPU1000E9oz","properties":{"id":"DESNATPU1000E9oz","height_m":7.367,"ground_m":348.217,"height_source":"LoD1 solid top minus bottom","production":"2023","laser":"2017","footprints":"2023"},"geometry":{"type":"Polygon","coordinates":[[[13.90328169436668,51.01295961868899],[13.903538411760222,51.01293903350376],[13.903522203011129,51.012858638441635],[13.903265486055428,51.012879223594204],[13.90328169436668,51.01295961868899]]]}},{"type":"Feature","id":"UUID_c72961e4-0b54-4a45-a3be-e59bb468b1b6","properties":{"id":"UUID_c72961e4-0b54-4a45-a3be-e59bb468b1b6","height_m":5.761,"ground_m":137.094,"height_source":"LoD1 solid top minus bottom","production":"2023","laser":"2017","footprints":"2023"},"geometry":{"type":"Polygon","coordinates":[[[13.892402164238721,51.00534458149088],[13.892396249555915,51.00533797862941],[13.892290775548352,51.005375638856435],[13.892296648326884,51.005382205354586],[13.892402164238721,51.00534458149088]]]}},{"type":"Feature","id":"UUID_7624afc6-8ed2-4d5d-b663-d54a83aec656","properties":{"id":"UUID_7624afc6-8ed2-4d5d-b663-d54a83aec656","height_m":7.663,"ground_m":137.094,"height_source":"LoD1 solid top minus bottom","production":"2023","laser":"2017","footprints":"2023"},"geometry":{"type":"Polygon","coordinates":[[[13.89247387337403,51.005393642781705],[13.892423166793147,51.00533709172412],[13.892402164238721,51.00534458149088],[13.892296648326884,51.005382205354586],[13.89234738265935,51.00543878370864],[13.89247387337403,51.005393642781705]]]}},{"type":"Feature","id":"UUID_2bbc7269-e455-41a1-b713-e37da850eb6f","properties":{"id":"UUID_2bbc7269-e455-41a1-b713-e37da850eb6f","height_m":6.236,"ground_m":137.094,"height_source":"LoD1 solid top minus bottom","production":"2023","laser":"2017","footprints":"2023"},"geometry":{"type":"Polygon","coordinates":[[[13.892359031062172,51.005351267912424],[13.892322139947265,51.00531011763354],[13.89225387022503,51.005334488421305],[13.892290775548352,51.005375638856435],[13.892359031062172,51.005351267912424]]]}},{"type":"Feature","id":"UUID_2b5a3497-11a6-4ae2-8676-55700ceeb22c","properties":{"id":"UUID_2b5a3497-11a6-4ae2-8676-55700ceeb22c","height_m":2.361,"ground_m":130.329,"height_source":"LoD1 solid top minus bottom","production":"2023","laser":"2017","footprints":"2023"},"geometry":{"type":"Polygon","coordinates":[[[13.905753022036354,51.00089989890483],[13.905712188786698,51.00099385130894],[13.905768266733256,51.00100309961875],[13.905805182720501,51.001009020939044],[13.90583872084009,51.000928309580004],[13.905784197653862,51.00091961543611],[13.905789933709793,51.000906000046676],[13.905753022036354,51.00089989890483]]]}},{"type":"Feature","id":"UUID_5da09ccc-0f5c-4729-974d-ef67fc4d777e","properties":{"id":"UUID_5da09ccc-0f5c-4729-974d-ef67fc4d777e","height_m":7.386,"ground_m":130.329,"height_source":"LoD1 solid top minus bottom","production":"2023","laser":"2017","footprints":"2023"},"geometry":{"type":"Polygon","coordinates":[[[13.905878087231562,51.000811879283724],[13.905795396461231,51.00080040334614],[13.905753022036354,51.00089989890483],[13.905842462040127,51.000914675504795],[13.905878087231562,51.000811879283724]]]}},{"type":"Feature","id":"DESNATGMvh0000Y7","properties":{"id":"DESNATGMvh0000Y7","height_m":2.39,"ground_m":314.295,"height_source":"LoD1 solid top minus bottom","production":"2023","laser":"2017","footprints":"2023"},"geometry":{"type":"Polygon","coordinates":[[[13.8984691180742,51.01103988935588],[13.898481588665653,51.01106948541831],[13.898598402846602,51.01104990317795],[13.898585932185657,51.01102030712747],[13.89851968228492,51.01103140921232],[13.8984691180742,51.01103988935588]]]}},{"type":"Feature","id":"UUID_3b3249c2-6bae-4872-9c3d-e0386631d319","properties":{"id":"UUID_3b3249c2-6bae-4872-9c3d-e0386631d319","height_m":6.675,"ground_m":314.512,"height_source":"LoD1 solid top minus bottom","production":"2023","laser":"2017","footprints":"2023"},"geometry":{"type":"Polygon","coordinates":[[[13.897617248266686,51.011068680377754],[13.897628131631597,51.01109485327493],[13.897691289554029,51.01108430705666],[13.897680648651871,51.01105812746022],[13.897617248266686,51.011068680377754]]]}},{"type":"Feature","id":"UUID_7628f149-0ece-409b-b855-a36e84bd1d9f","properties":{"id":"UUID_7628f149-0ece-409b-b855-a36e84bd1d9f","height_m":6.929,"ground_m":314.512,"height_source":"LoD1 solid top minus bottom","production":"2023","laser":"2017","footprints":"2023"},"geometry":{"type":"Polygon","coordinates":[[[13.897662425898782,51.011177380287805],[13.897822715044574,51.01115074495183],[13.897788180146282,51.011068134780956],[13.897628131631597,51.01109485327493],[13.897662425898782,51.011177380287805]]]}},{"type":"Feature","id":"DESNATP1Vq000105","properties":{"id":"DESNATP1Vq000105","height_m":2.502,"ground_m":134.124,"height_source":"LoD1 solid top minus bottom","production":"2023","laser":"2017","footprints":"2023"},"geometry":{"type":"Polygon","coordinates":[[[13.899025728904505,51.004667482194705],[13.89895384647777,51.004597802730416],[13.898878081347442,51.00462891431569],[13.898949963707295,51.004698593825815],[13.899025728904505,51.004667482194705]]]}},{"type":"Feature","id":"UUID_4e89f243-9c37-4964-a34c-6f808fe97c50","properties":{"id":"UUID_4e89f243-9c37-4964-a34c-6f808fe97c50","height_m":7.591,"ground_m":306.231,"height_source":"LoD1 solid top minus bottom","production":"2023","laser":"2017","footprints":"2023"},"geometry":{"type":"Polygon","coordinates":[[[13.897591728745946,51.012657274290376],[13.89760133247319,51.01265446022304],[13.897601401603541,51.012654550803575],[13.897637420998835,51.012643919407914],[13.897595979317254,51.0125868286268],[13.8975502496815,51.012599958319655],[13.897503343221153,51.012613418617256],[13.897544859666866,51.012670959778035],[13.897591728745946,51.012657274290376]]]}},{"type":"Feature","id":"UUID_3041c236-4844-4ef5-a2d3-bef46b030603","properties":{"id":"UUID_3041c236-4844-4ef5-a2d3-bef46b030603","height_m":7.6,"ground_m":306.231,"height_source":"LoD1 solid top minus bottom","production":"2023","laser":"2017","footprints":"2023"},"geometry":{"type":"Polygon","coordinates":[[[13.89751340767963,51.012680150427826],[13.897581972377413,51.012771139322595],[13.897584298116913,51.012770450834],[13.897627252490143,51.01275773559107],[13.897670278528649,51.01274500302291],[13.89766008995747,51.0127315975132],[13.897627987024704,51.01268947798113],[13.897601401603541,51.012654550803575],[13.89760133247319,51.01265446022304],[13.897558496898348,51.01266697873513],[13.897544859666866,51.012670959778035],[13.89754488731897,51.012670996010264],[13.89751340767963,51.012680150427826]]]}},{"type":"Feature","id":"DESNATP1Vq0000xh","properties":{"id":"DESNATP1Vq0000xh","height_m":2.712,"ground_m":129.717,"height_source":"LoD1 solid top minus bottom","production":"2023","laser":"2017","footprints":"2023"},"geometry":{"type":"Polygon","coordinates":[[[13.905705823347576,51.00244327516107],[13.905684888831166,51.00237169393784],[13.905593265292584,51.00238236448716],[13.905614199672279,51.00245394572583],[13.905705823347576,51.00244327516107]]]}},{"type":"Feature","id":"DESNATP1Vq00010I","properties":{"id":"DESNATP1Vq00010I","height_m":9.431,"ground_m":133.56,"height_source":"LoD1 solid top minus bottom","production":"2023","laser":"2017","footprints":"2023"},"geometry":{"type":"Polygon","coordinates":[[[13.907801180872957,51.000021453810334],[13.90795756374286,51.00005307770407],[13.907996728154604,50.99997595250465],[13.907840346149056,50.99994430169174],[13.907801180872957,51.000021453810334]]]}},{"type":"Feature","id":"DESNATP1Vq00012m","properties":{"id":"DESNATP1Vq00012m","height_m":2.777,"ground_m":127.89,"height_source":"LoD1 solid top minus bottom","production":"2023","laser":"2017","footprints":"2023"},"geometry":{"type":"Polygon","coordinates":[[[13.899625432600759,50.996533152743986],[13.899546589367482,50.9965154405702],[13.899501728162,50.99659496439872],[13.899580571512034,50.99661267660327],[13.899625432600759,50.996533152743986]]]}},{"type":"Feature","id":"DESNATP1Vq00010b","properties":{"id":"DESNATP1Vq00010b","height_m":4.748,"ground_m":124.134,"height_source":"LoD1 solid top minus bottom","production":"2023","laser":"2017","footprints":"2023"},"geometry":{"type":"Polygon","coordinates":[[[13.901184802706618,51.000891311288555],[13.901013706231081,51.00087085291],[13.900976352713272,51.000996877916705],[13.901147125096188,51.001017198407126],[13.901184802706618,51.000891311288555]]]}},{"type":"Feature","id":"DESNATP1Vq0000xU","properties":{"id":"DESNATP1Vq0000xU","height_m":3.129,"ground_m":127.483,"height_source":"LoD1 solid top minus bottom","production":"2023","laser":"2017","footprints":"2023"},"geometry":{"type":"Polygon","coordinates":[[[13.904182475362736,51.00132053922717],[13.904177817658868,51.00133857114419],[13.904170573111024,51.0013665878259],[13.904163861104005,51.00139256812793],[13.904245088013745,51.00140147752115],[13.904252492554706,51.00137453248352],[13.904260367861005,51.00137539771758],[13.904267787061336,51.00134843483071],[13.904272743324707,51.001330432688974],[13.904215113712782,51.00132412775195],[13.904182475362736,51.00132053922717]]]}},{"type":"Feature","id":"DESNATPU1000JAs1","properties":{"id":"DESNATPU1000JAs1","height_m":2.497,"ground_m":135.404,"height_source":"LoD1 solid top minus bottom","production":"2023","laser":"2017","footprints":"2023"},"geometry":{"type":"Polygon","coordinates":[[[13.909070233675113,51.000897378996584],[13.909059744628836,51.00094961935591],[13.90916046231336,51.00095757423953],[13.90917108741184,51.00090560492702],[13.909070233675113,51.000897378996584]]]}},{"type":"Feature","id":"UUID_a389eb79-29dc-4d16-ba60-258161f8fbb2","properties":{"id":"UUID_a389eb79-29dc-4d16-ba60-258161f8fbb2","height_m":2.942,"ground_m":133.477,"height_source":"LoD1 solid top minus bottom","production":"2023","laser":"2017","footprints":"2023"},"geometry":{"type":"Polygon","coordinates":[[[13.908309335806896,51.00144137921013],[13.90831108187267,51.00135119738113],[13.908238737116216,51.00135062924631],[13.908236990699193,51.00144082006425],[13.908309335806896,51.00144137921013]]]}},{"type":"Feature","id":"UUID_6513146e-ee21-4b04-a537-a4e95e04b209","properties":{"id":"UUID_6513146e-ee21-4b04-a537-a4e95e04b209","height_m":2.588,"ground_m":133.477,"height_source":"LoD1 solid top minus bottom","production":"2023","laser":"2017","footprints":"2023"},"geometry":{"type":"Polygon","coordinates":[[[13.908222111011213,51.00139226358136],[13.908221173634598,51.001440699229],[13.908236990699193,51.00144082006425],[13.908237928059345,51.001392384416356],[13.908222111011213,51.00139226358136]]]}},{"type":"Feature","id":"DESNATP1Vq0000zu","properties":{"id":"DESNATP1Vq0000zu","height_m":6.256,"ground_m":134.869,"height_source":"LoD1 solid top minus bottom","production":"2023","laser":"2017","footprints":"2023"},"geometry":{"type":"Polygon","coordinates":[[[13.894734916080026,51.005176574080544],[13.894783201516901,51.00516058297157],[13.894797017665303,51.00517717956023],[13.894824902765134,51.00516794691062],[13.894811072572969,51.005151341199564],[13.894842362491095,51.00514098067854],[13.894786294931297,51.00507359752633],[13.894678848634607,51.005109190877874],[13.894734916080026,51.005176574080544]]]}},{"type":"Feature","id":"DESNATGMvh0000YU","properties":{"id":"DESNATGMvh0000YU","height_m":2.649,"ground_m":161.591,"height_source":"LoD1 solid top minus bottom","production":"2023","laser":"2017","footprints":"2023"},"geometry":{"type":"Polygon","coordinates":[[[13.897064940785963,51.00617339049006],[13.897067503795633,51.00618311795593],[13.897144022345785,51.006175090269856],[13.897145434316526,51.00618046332868],[13.89721262194493,51.0061734176631],[13.897205808935869,51.00614756190048],[13.897174215532466,51.006150878798145],[13.897032152680934,51.00616577876804],[13.89700708965016,51.00616779935368],[13.897010084528336,51.00617914960857],[13.897064940785963,51.00617339049006]]]}},{"type":"Feature","id":"DESNATPU1000G5BX","properties":{"id":"DESNATPU1000G5BX","height_m":9.893,"ground_m":122.257,"height_source":"LoD1 solid top minus bottom","production":"2023","laser":"2017","footprints":"2023"},"geometry":{"type":"Polygon","coordinates":[[[13.894729563960842,51.00125506889846],[13.894733913997989,51.00124653987223],[13.894658003359904,51.001231109380896],[13.894598148601709,51.00121894228503],[13.894557819352274,51.001297922540786],[13.89461767420091,51.001310089657714],[13.894672933577866,51.001321322973276],[13.894708912612845,51.001250871702446],[13.894729563960842,51.00125506889846]]]}},{"type":"Feature","id":"DESNATPU1000GrMC","properties":{"id":"DESNATPU1000GrMC","height_m":8.28,"ground_m":126.36,"height_source":"LoD1 solid top minus bottom","production":"2023","laser":"2017","footprints":"2023"},"geometry":{"type":"Polygon","coordinates":[[[13.897155058760406,51.001675312617266],[13.897327149340132,51.00161962564126],[13.897274193173349,51.001554485248064],[13.897102102773667,51.00161017214779],[13.897155058760406,51.001675312617266]]]}},{"type":"Feature","id":"UUID_b98e6333-24f0-40b1-9f61-81b046d0c49b","properties":{"id":"UUID_b98e6333-24f0-40b1-9f61-81b046d0c49b","height_m":5.173,"ground_m":156.996,"height_source":"LoD1 solid top minus bottom","production":"2023","laser":"2017","footprints":"2023"},"geometry":{"type":"Polygon","coordinates":[[[13.896373163399932,51.006058332197696],[13.896349291246288,51.00606062468388],[13.896359618511514,51.00610354612811],[13.896383504937157,51.00610125377458],[13.89637928833136,51.00608373186917],[13.896373163399932,51.006058332197696]]]}},{"type":"Feature","id":"UUID_85bf4c4f-5fb2-4d57-93c5-1aea2108588d","properties":{"id":"UUID_85bf4c4f-5fb2-4d57-93c5-1aea2108588d","height_m":5.18,"ground_m":156.996,"height_source":"LoD1 solid top minus bottom","production":"2023","laser":"2017","footprints":"2023"},"geometry":{"type":"Polygon","coordinates":[[[13.896343453171518,51.00603635182507],[13.896189049366816,51.00605114318123],[13.896205214701585,51.006118328513296],[13.89628813107936,51.00611038881153],[13.896359618511514,51.00610354612811],[13.896349291246288,51.00606062468388],[13.896343453171518,51.00603635182507]]]}},{"type":"Feature","id":"UUID_b262a7d8-32aa-4176-8388-2578a4f854e8","properties":{"id":"UUID_b262a7d8-32aa-4176-8388-2578a4f854e8","height_m":4.604,"ground_m":156.996,"height_source":"LoD1 solid top minus bottom","production":"2023","laser":"2017","footprints":"2023"},"geometry":{"type":"Polygon","coordinates":[[[13.896205214701585,51.006118328513296],[13.896208458491433,51.006131794457716],[13.896263173943039,51.00612656496259],[13.896291374679354,51.006123863744634],[13.89628813107936,51.00611038881153],[13.896205214701585,51.006118328513296]]]}},{"type":"Feature","id":"DESNATPU1000I8R5","properties":{"id":"DESNATPU1000I8R5","height_m":3.0,"ground_m":126.13,"height_source":"LoD1 solid top minus bottom","production":"2023","laser":"2017","footprints":"2023"},"geometry":{"type":"Polygon","coordinates":[[[13.902695966311486,51.00130351995847],[13.902726219367928,51.0013731748735],[13.902763885174346,51.00136664012194],[13.90277102595747,51.001358766510705],[13.902797156641617,51.001368157643455],[13.902818951168559,51.00136440548015],[13.902826665891437,51.00135576387152],[13.902850308708919,51.001351597404245],[13.902820068668237,51.0012819876081],[13.902695966311486,51.00130351995847]]]}},{"type":"Feature","id":"DESNATPU1000DFhy","properties":{"id":"DESNATPU1000DFhy","height_m":5.377,"ground_m":314.871,"height_source":"LoD1 solid top minus bottom","production":"2023","laser":"2017","footprints":"2023"},"geometry":{"type":"Polygon","coordinates":[[[13.898171800316883,51.011289487536104],[13.898232507658145,51.011279493455554],[13.898237256181408,51.011272209080055],[13.898306507079932,51.01126081171051],[13.89828935806109,51.011219300982056],[13.898271345731166,51.01117572275232],[13.898192821748083,51.0111886333752],[13.89817901770688,51.01118403376079],[13.898131462590925,51.01119184968839],[13.898142531526517,51.011218626805615],[13.898152130313427,51.01124187386139],[13.898155433494894,51.0112498636654],[13.89817020998102,51.01128561461522],[13.898171800316883,51.011289487536104]]]}},{"type":"Feature","id":"DESNATPU1000J2Dp","properties":{"id":"DESNATPU1000J2Dp","height_m":3.758,"ground_m":315.122,"height_source":"LoD1 solid top minus bottom","production":"2023","laser":"2017","footprints":"2023"},"geometry":{"type":"Polygon","coordinates":[[[13.900286861837783,51.01199447019342],[13.90035466801214,51.01194834570554],[13.90030250252506,51.01191781868215],[13.900234694217795,51.01196403304817],[13.900286861837783,51.01199447019342]]]}},{"type":"Feature","id":"DESNATPU1000EbTG","properties":{"id":"DESNATPU1000EbTG","height_m":4.984,"ground_m":137.109,"height_source":"LoD1 solid top minus bottom","production":"2023","laser":"2017","footprints":"2023"},"geometry":{"type":"Polygon","coordinates":[[[13.893083781033567,51.00523712922556],[13.89316528347121,51.005332874780336],[13.893216940939102,51.005315369494774],[13.893135438210674,51.0052196329661],[13.893083781033567,51.00523712922556]]]}},{"type":"Feature","id":"UUID_89b24f08-4fef-48da-9067-4e15820253f7","properties":{"id":"UUID_89b24f08-4fef-48da-9067-4e15820253f7","height_m":7.94,"ground_m":127.364,"height_source":"LoD1 solid top minus bottom","production":"2023","laser":"2017","footprints":"2023"},"geometry":{"type":"Polygon","coordinates":[[[13.898927184423847,50.999461452245406],[13.898922823333058,50.99947470256661],[13.89897551951996,50.99948158413733],[13.898979879958015,50.999468360786615],[13.898927184423847,50.999461452245406]]]}},{"type":"Feature","id":"UUID_042c10b4-ee1c-432a-b1bc-7f58b823ec22","properties":{"id":"UUID_042c10b4-ee1c-432a-b1bc-7f58b823ec22","height_m":9.192,"ground_m":127.364,"height_source":"LoD1 solid top minus bottom","production":"2023","laser":"2017","footprints":"2023"},"geometry":{"type":"Polygon","coordinates":[[[13.898927184423847,50.999461452245406],[13.898979880383633,50.99946834280495],[13.89903719304193,50.99947587037646],[13.89906625849148,50.99938768167382],[13.898898482244727,50.99936570469073],[13.898869473698486,50.99945388489644],[13.898927184423847,50.999461452245406]]]}},{"type":"Feature","id":"DESNATPU1000H1Qo","properties":{"id":"DESNATPU1000H1Qo","height_m":3.298,"ground_m":140.875,"height_source":"LoD1 solid top minus bottom","production":"2023","laser":"2017","footprints":"2023"},"geometry":{"type":"Polygon","coordinates":[[[13.902786031195042,51.00527865108493],[13.902724537221301,51.005159251233096],[13.90266402503001,51.00517102105059],[13.9027224750872,51.00529075205919],[13.902786031195042,51.00527865108493]]]}},{"type":"Feature","id":"DESNATPU1000IkAE","properties":{"id":"DESNATPU1000IkAE","height_m":4.406,"ground_m":321.625,"height_source":"LoD1 solid top minus bottom","production":"2023","laser":"2017","footprints":"2023"},"geometry":{"type":"Polygon","coordinates":[[[13.906911013333472,51.01284121950486],[13.906876393590617,51.01286273916753],[13.906905528377997,51.01288048479725],[13.906909537207474,51.012877932370635],[13.906926831811036,51.012888741671],[13.906956180512971,51.01290709180811],[13.907006898570954,51.012938780356464],[13.907037364331858,51.01291931712361],[13.906911013333472,51.01284121950486]]]}},{"type":"Feature","id":"DESNATPU1000DeKG","properties":{"id":"DESNATPU1000DeKG","height_m":6.85,"ground_m":138.087,"height_source":"LoD1 solid top minus bottom","production":"2023","laser":"2017","footprints":"2023"},"geometry":{"type":"Polygon","coordinates":[[[13.896773157792875,51.005122385533284],[13.896845079957714,51.005196895870355],[13.896909377298387,51.00517223310112],[13.896919111413007,51.005182486915174],[13.896949318169616,51.00517090157124],[13.896939441549453,51.005160646414204],[13.896973819204813,51.005147481733104],[13.896902039408623,51.00507297281934],[13.896773157792875,51.005122385533284]]]}},{"type":"Feature","id":"DESNATPU1000H373","properties":{"id":"DESNATPU1000H373","height_m":6.473,"ground_m":300.192,"height_source":"LoD1 solid top minus bottom","production":"2023","laser":"2017","footprints":"2023"},"geometry":{"type":"Polygon","coordinates":[[[13.896259476268751,51.01293446310167],[13.896377469255667,51.01292551473389],[13.896365748017331,51.01287219346292],[13.89624810196712,51.01288034473446],[13.896259476268751,51.01293446310167]]]}},{"type":"Feature","id":"DESNATP110000o6t","properties":{"id":"DESNATP110000o6t","height_m":4.841,"ground_m":150.661,"height_source":"LoD1 solid top minus bottom","production":"2023","laser":"2017","footprints":"2023"},"geometry":{"type":"Polygon","coordinates":[[[13.891374200752146,51.006115122177484],[13.891237418432153,51.00614640520303],[13.891265282459765,51.006194907230345],[13.891402064904694,51.00616362417319],[13.891374200752146,51.006115122177484]]]}},{"type":"Feature","id":"DESNATPU1000BAHp","properties":{"id":"DESNATPU1000BAHp","height_m":2.929,"ground_m":303.542,"height_source":"LoD1 solid top minus bottom","production":"2023","laser":"2017","footprints":"2023"},"geometry":{"type":"Polygon","coordinates":[[[13.89536103053046,51.012165610599254],[13.895373341487677,51.01218325401577],[13.895462023243505,51.012158714664146],[13.89544141327211,51.01212916723016],[13.895445963060526,51.01212787031208],[13.895427750983385,51.012101798790844],[13.895334531643865,51.012127725073995],[13.89536103053046,51.012165610599254]]]}},{"type":"Feature","id":"DESNATPU1000Di53","properties":{"id":"DESNATPU1000Di53","height_m":2.536,"ground_m":127.757,"height_source":"LoD1 solid top minus bottom","production":"2023","laser":"2017","footprints":"2023"},"geometry":{"type":"Polygon","coordinates":[[[13.898652491531882,50.99852399369482],[13.898714223981516,50.99852898215012],[13.898747989011143,50.99836688963899],[13.898686114291962,50.9983618998595],[13.898652491531882,50.99852399369482]]]}},{"type":"Feature","id":"UUID_e7afca8f-aa52-4e8b-9c39-a43a8e7f0345","properties":{"id":"UUID_e7afca8f-aa52-4e8b-9c39-a43a8e7f0345","height_m":6.948,"ground_m":137.542,"height_source":"LoD1 solid top minus bottom","production":"2023","laser":"2017","footprints":"2023"},"geometry":{"type":"Polygon","coordinates":[[[13.892101871343584,51.00543504390699],[13.892075266376153,51.005407264525395],[13.892007129257497,51.00543323715251],[13.8920337341986,51.00546101654934],[13.892101871343584,51.00543504390699]]]}},{"type":"Feature","id":"UUID_a926c550-a9bb-4ba0-b6db-836fc81b3f43","properties":{"id":"UUID_a926c550-a9bb-4ba0-b6db-836fc81b3f43","height_m":5.465,"ground_m":137.542,"height_source":"LoD1 solid top minus bottom","production":"2023","laser":"2017","footprints":"2023"},"geometry":{"type":"Polygon","coordinates":[[[13.892101574921803,51.005531849018936],[13.892112937409063,51.0055437104106],[13.892156247676402,51.005527205577515],[13.89214488539617,51.00551533519918],[13.892101574921803,51.005531849018936]]]}},{"type":"Feature","id":"UUID_26187ba9-736a-40aa-a3a6-467548139c89","properties":{"id":"UUID_26187ba9-736a-40aa-a3a6-467548139c89","height_m":7.766,"ground_m":137.542,"height_source":"LoD1 solid top minus bottom","production":"2023","laser":"2017","footprints":"2023"},"geometry":{"type":"Polygon","coordinates":[[[13.892101871343584,51.00543504390699],[13.8920337341986,51.00546101654934],[13.892101574921803,51.005531849018936],[13.89214488539617,51.00551533519918],[13.892224716981675,51.005484896023255],[13.892156890173172,51.00541407274981],[13.892101871343584,51.00543504390699]]]}},{"type":"Feature","id":"DESNATGMvh0000Yn","properties":{"id":"DESNATGMvh0000Yn","height_m":3.893,"ground_m":297.743,"height_source":"LoD1 solid top minus bottom","production":"2023","laser":"2017","footprints":"2023"},"geometry":{"type":"Polygon","coordinates":[[[13.895016820574313,51.01257999164095],[13.894949511406727,51.01259354572487],[13.894969649626287,51.012633340605355],[13.895036973098374,51.012619786645025],[13.895016820574313,51.01257999164095]]]}},{"type":"Feature","id":"DESNATPU1000FauW","properties":{"id":"DESNATPU1000FauW","height_m":3.593,"ground_m":315.694,"height_source":"LoD1 solid top minus bottom","production":"2023","laser":"2017","footprints":"2023"},"geometry":{"type":"Polygon","coordinates":[[[13.899639529619948,51.012012296328415],[13.899563862680274,51.01205322045524],[13.899610097161043,51.0120873790078],[13.899685906639009,51.012046456193566],[13.899639529619948,51.012012296328415]]]}},{"type":"Feature","id":"DESNATPU1000IFsy","properties":{"id":"DESNATPU1000IFsy","height_m":8.627,"ground_m":120.732,"height_source":"LoD1 solid top minus bottom","production":"2023","laser":"2017","footprints":"2023"},"geometry":{"type":"Polygon","coordinates":[[[13.895537884806016,51.00290513032671],[13.895336442435855,51.00294935904309],[13.895388352502342,51.003044094847084],[13.895589931326061,51.00300013711589],[13.895537884806016,51.00290513032671]]]}},{"type":"Feature","id":"UUID_7768a39d-516b-45c8-a084-c236915a67c6","properties":{"id":"UUID_7768a39d-516b-45c8-a084-c236915a67c6","height_m":5.331,"ground_m":291.175,"height_source":"LoD1 solid top minus bottom","production":"2023","laser":"2017","footprints":"2023"},"geometry":{"type":"Polygon","coordinates":[[[13.892492864631079,51.01337189640728],[13.892461418545386,51.01331434997933],[13.892382892342992,51.01333132144643],[13.89241393784867,51.01338712848244],[13.892492864631079,51.01337189640728]]]}},{"type":"Feature","id":"UUID_13f845fd-f372-4a74-b5a3-336532a884f0","properties":{"id":"UUID_13f845fd-f372-4a74-b5a3-336532a884f0","height_m":5.925,"ground_m":291.175,"height_source":"LoD1 solid top minus bottom","production":"2023","laser":"2017","footprints":"2023"},"geometry":{"type":"Polygon","coordinates":[[[13.892582666262602,51.013409429355214],[13.89257045278139,51.01338413367314],[13.892558429212825,51.01335924446699],[13.89249283741086,51.01337184219229],[13.892492864631079,51.01337189640728],[13.89241393784867,51.01338712848244],[13.892413924238602,51.013387101374924],[13.892410056753885,51.01338787406656],[13.892421980053168,51.013412780323236],[13.892434093049628,51.013438102046884],[13.892508279374832,51.01342378725612],[13.892582666262602,51.013409429355214]]]}},{"type":"Feature","id":"UUID_5547c56d-bf9a-424e-8b77-8b856db12e0f","properties":{"id":"UUID_5547c56d-bf9a-424e-8b77-8b856db12e0f","height_m":4.09,"ground_m":291.175,"height_source":"LoD1 solid top minus bottom","production":"2023","laser":"2017","footprints":"2023"},"geometry":{"type":"Polygon","coordinates":[[[13.892508279374832,51.01342378725612],[13.89251629436473,51.013440410032906],[13.892590763580328,51.013426187799595],[13.892582666262602,51.013409429355214],[13.892508279374832,51.01342378725612]]]}},{"type":"Feature","id":"DESNATP1Vq00010l","properties":{"id":"DESNATP1Vq00010l","height_m":3.039,"ground_m":123.972,"height_source":"LoD1 solid top minus bottom","production":"2023","laser":"2017","footprints":"2023"},"geometry":{"type":"Polygon","coordinates":[[[13.901719944437158,50.99938500634717],[13.901761399987475,50.99925833618575],[13.901663182473172,50.99927024561483],[13.901629483390037,50.99937321159019],[13.901719944437158,50.99938500634717]]]}},{"type":"Feature","id":"UUID_0c02ba65-64b1-440d-8e3e-8ffa9713f719","properties":{"id":"UUID_0c02ba65-64b1-440d-8e3e-8ffa9713f719","height_m":5.364,"ground_m":145.371,"height_source":"LoD1 solid top minus bottom","production":"2023","laser":"2017","footprints":"2023"},"geometry":{"type":"Polygon","coordinates":[[[13.891225839244452,51.005893740399536],[13.8912553730305,51.00588654763522],[13.891316103471542,51.00587176419378],[13.89131606264966,51.00587168287083],[13.891306422991784,51.00585571903047],[13.89124565003219,51.00587049307052],[13.891216087754279,51.00587768556195],[13.891225784601101,51.00589364095969],[13.891225839244452,51.005893740399536]]]}},{"type":"Feature","id":"UUID_021011d0-788e-4675-bd4e-c91198b0db5f","properties":{"id":"UUID_021011d0-788e-4675-bd4e-c91198b0db5f","height_m":8.052,"ground_m":145.371,"height_source":"LoD1 solid top minus bottom","production":"2023","laser":"2017","footprints":"2023"},"geometry":{"type":"Polygon","coordinates":[[[13.891438720851255,51.00588695656128],[13.89141478333879,51.0058477364705],[13.89131606264966,51.00587168287083],[13.891316103471542,51.00587176419378],[13.891225839244452,51.005893740399536],[13.891225784601101,51.00589364095969],[13.891127202149448,51.005917759376764],[13.89115094359315,51.00595682478751],[13.891173779709488,51.00599440677494],[13.891461738778611,51.0059246930956],[13.891438720851255,51.00588695656128]]]}},{"type":"Feature","id":"UUID_1a05e43e-da4b-460c-8086-e783fcd45dc3","properties":{"id":"UUID_1a05e43e-da4b-460c-8086-e783fcd45dc3","height_m":6.148,"ground_m":131.388,"height_source":"LoD1 solid top minus bottom","production":"2023","laser":"2017","footprints":"2023"},"geometry":{"type":"Polygon","coordinates":[[[13.89518777441074,51.00469710567464],[13.895324853679488,51.00465602764412],[13.895297856665158,51.0046200887855],[13.895269754081205,51.00458269161894],[13.895264384026737,51.004584349479394],[13.895264356594693,51.00458430425579],[13.895214272062995,51.0045992623589],[13.895214244630994,51.00459921713529],[13.895102001551322,51.00463279608198],[13.89512988985275,51.00467020924809],[13.895155015561327,51.004703918210346],[13.895157117541418,51.00470603342011],[13.89518777441074,51.00469710567464]]]}},{"type":"Feature","id":"UUID_c16e6f23-ccc2-4651-a9ab-d4f2da6fbd1b","properties":{"id":"UUID_c16e6f23-ccc2-4651-a9ab-d4f2da6fbd1b","height_m":2.929,"ground_m":131.388,"height_source":"LoD1 solid top minus bottom","production":"2023","laser":"2017","footprints":"2023"},"geometry":{"type":"Polygon","coordinates":[[[13.895247168721852,51.004561443799595],[13.895197242453827,51.00457634044208],[13.895214244630994,51.00459921713529],[13.895214272062995,51.0045992623589],[13.895264356594693,51.00458430425579],[13.895247168721852,51.004561443799595]]]}},{"type":"Feature","id":"DESNATP1Vq00010A","properties":{"id":"DESNATP1Vq00010A","height_m":4.999,"ground_m":152.34,"height_source":"LoD1 solid top minus bottom","production":"2023","laser":"2017","footprints":"2023"},"geometry":{"type":"Polygon","coordinates":[[[13.904223920052102,51.00583046615769],[13.904177117372232,51.00570439731338],[13.904013630608759,51.00572856527334],[13.904060432867727,51.00585463418003],[13.904223920052102,51.00583046615769]]]}},{"type":"Feature","id":"UUID_89f096dd-80d2-4da5-a981-c359be982996","properties":{"id":"UUID_89f096dd-80d2-4da5-a981-c359be982996","height_m":2.624,"ground_m":307.746,"height_source":"LoD1 solid top minus bottom","production":"2023","laser":"2017","footprints":"2023"},"geometry":{"type":"Polygon","coordinates":[[[13.896329605277199,51.01398037967231],[13.896348838542238,51.01394726991478],[13.896325261597188,51.013903926608926],[13.896291945403705,51.013911129893074],[13.896329605277199,51.01398037967231]]]}},{"type":"Feature","id":"UUID_5f12cfd3-b1c5-4c61-892e-732d019b9592","properties":{"id":"UUID_5f12cfd3-b1c5-4c61-892e-732d019b9592","height_m":3.586,"ground_m":307.746,"height_source":"LoD1 solid top minus bottom","production":"2023","laser":"2017","footprints":"2023"},"geometry":{"type":"Polygon","coordinates":[[[13.896329605277199,51.01398037967231],[13.896412115232046,51.01396252591557],[13.896398017768874,51.01393662831446],[13.896348838542238,51.01394726991478],[13.896329605277199,51.01398037967231]]]}},{"type":"Feature","id":"UUID_38189d41-16bc-40f0-b7e5-c6df07d4dfcd","properties":{"id":"UUID_38189d41-16bc-40f0-b7e5-c6df07d4dfcd","height_m":8.2,"ground_m":294.745,"height_source":"LoD1 solid top minus bottom","production":"2023","laser":"2017","footprints":"2023"},"geometry":{"type":"Polygon","coordinates":[[[13.891371245126152,51.012867256013514],[13.891384106363796,51.01287551656021],[13.891399465053304,51.01287529358584],[13.89139542512606,51.01279601043928],[13.891395308962798,51.01279609926537],[13.891396890928648,51.01284035899722],[13.891382487807952,51.01284056405976],[13.891370594992072,51.01284908432897],[13.891371245126152,51.012867256013514]]]}},{"type":"Feature","id":"UUID_a690ee1d-74d1-4cf5-a950-eb3ea5f7edd9","properties":{"id":"UUID_a690ee1d-74d1-4cf5-a950-eb3ea5f7edd9","height_m":11.335,"ground_m":294.745,"height_source":"LoD1 solid top minus bottom","production":"2023","laser":"2017","footprints":"2023"},"geometry":{"type":"Polygon","coordinates":[[[13.891566622513231,51.01288206839915],[13.891563428468118,51.012793602612646],[13.891477694163163,51.012794830585],[13.89139542512606,51.01279601043928],[13.891399465053304,51.01287529358584],[13.89139960757791,51.01287529493818],[13.891399930935657,51.012884452706714],[13.891566622513231,51.01288206839915]]]}},{"type":"Feature","id":"UUID_7574ff86-5419-4b30-90d3-ed10a88b6cf0","properties":{"id":"UUID_7574ff86-5419-4b30-90d3-ed10a88b6cf0","height_m":8.768,"ground_m":294.745,"height_source":"LoD1 solid top minus bottom","production":"2023","laser":"2017","footprints":"2023"},"geometry":{"type":"Polygon","coordinates":[[[13.891477397256283,51.012786356522575],[13.891394999962275,51.01278753515963],[13.891395296854135,51.01279600922217],[13.89139542512606,51.01279601043928],[13.891477694163163,51.012794830585],[13.891477538583496,51.012790593486166],[13.891477397256283,51.012786356522575]]]}},{"type":"Feature","id":"DESNATPU1000CIf9","properties":{"id":"DESNATPU1000CIf9","height_m":2.929,"ground_m":119.298,"height_source":"LoD1 solid top minus bottom","production":"2023","laser":"2017","footprints":"2023"},"geometry":{"type":"Polygon","coordinates":[[[13.894003325784407,51.00261474843926],[13.893902766684059,51.00261626044985],[13.89390552645681,51.002689596235804],[13.894006085501905,51.002688093214665],[13.894003325784407,51.00261474843926]]]}},{"type":"Feature","id":"DESNATPU1000IXKn","properties":{"id":"DESNATPU1000IXKn","height_m":2.355,"ground_m":120.263,"height_source":"LoD1 solid top minus bottom","production":"2023","laser":"2017","footprints":"2023"},"geometry":{"type":"Polygon","coordinates":[[[13.894581822958127,51.002593119166],[13.894534144054655,51.002602290361686],[13.894557360762281,51.00265089153861],[13.894604465464099,51.00264189475726],[13.894654003218864,51.00263247133483],[13.894702539227202,51.00262321827083],[13.89467932238078,51.002574617121674],[13.894630643925618,51.00258386882818],[13.894581822958127,51.002593119166]]]}},{"type":"Feature","id":"UUID_98056f83-b437-4b48-b8e3-065b4f2a197c","properties":{"id":"UUID_98056f83-b437-4b48-b8e3-065b4f2a197c","height_m":3.0,"ground_m":123.697,"height_source":"LoD1 solid top minus bottom","production":"2023","laser":"2017","footprints":"2023"},"geometry":{"type":"Polygon","coordinates":[[[13.900911541653619,50.999841533321536],[13.900936596060172,50.99987470981348],[13.900947275348903,50.99987149192213],[13.90094725940092,50.99987156371485],[13.90108467669219,50.99983103969071],[13.901051943443449,50.99978688267921],[13.900915802870088,50.99982705896238],[13.900911541653619,50.999841533321536]]]}},{"type":"Feature","id":"UUID_a231a68c-5748-49fb-ab8d-52fd6060e62d","properties":{"id":"UUID_a231a68c-5748-49fb-ab8d-52fd6060e62d","height_m":9.897,"ground_m":123.697,"height_source":"LoD1 solid top minus bottom","production":"2023","laser":"2017","footprints":"2023"},"geometry":{"type":"Polygon","coordinates":[[[13.900988105096324,50.999938503999694],[13.901042406248834,50.999945049012275],[13.90107594861851,50.99983431192022],[13.90108467669219,50.99983103969071],[13.901014382144554,50.99985177241772],[13.90094725940092,50.99987156371485],[13.900929128510967,50.99993139339141],[13.900988105096324,50.999938503999694]]]}},{"type":"Feature","id":"UUID_98437c54-d767-4c57-a596-7acd8250adcf","properties":{"id":"UUID_98437c54-d767-4c57-a596-7acd8250adcf","height_m":8.297,"ground_m":126.78,"height_source":"LoD1 solid top minus bottom","production":"2023","laser":"2017","footprints":"2023"},"geometry":{"type":"Polygon","coordinates":[[[13.897611037779761,51.003689471113354],[13.897568793644949,51.00370264268633],[13.897644601719607,51.00379958138954],[13.897644659144646,51.0037995639457],[13.897667180878015,51.00382833770772],[13.897667008602816,51.00382839003926],[13.897746145398472,51.00392922700189],[13.897788533253692,51.0039160117565],[13.897830145633103,51.003903040979374],[13.897652506441805,51.00367654400761],[13.897611037779761,51.003689471113354]]]}},{"type":"Feature","id":"UUID_ee615216-d4d9-4c62-89cb-661aaaeed7d1","properties":{"id":"UUID_ee615216-d4d9-4c62-89cb-661aaaeed7d1","height_m":3.86,"ground_m":126.78,"height_source":"LoD1 solid top minus bottom","production":"2023","laser":"2017","footprints":"2023"},"geometry":{"type":"Polygon","coordinates":[[[13.897644659144646,51.0037995639457],[13.897626361808875,51.00380543448466],[13.897648772945494,51.003834063321236],[13.897667180878015,51.00382833770772],[13.897644659144646,51.0037995639457]]]}},{"type":"Feature","id":"DESNATP110000o3X","properties":{"id":"DESNATP110000o3X","height_m":7.427,"ground_m":135.018,"height_source":"LoD1 solid top minus bottom","production":"2023","laser":"2017","footprints":"2023"},"geometry":{"type":"Polygon","coordinates":[[[13.908840255049885,51.00019117302187],[13.908990871054076,51.00020987291395],[13.909014419852625,51.00013431918053],[13.90886378962314,51.000115628177795],[13.908840255049885,51.00019117302187]]]}},{"type":"Feature","id":"DESNATPU1000BUfC","properties":{"id":"DESNATPU1000BUfC","height_m":2.607,"ground_m":127.622,"height_source":"LoD1 solid top minus bottom","production":"2023","laser":"2017","footprints":"2023"},"geometry":{"type":"Polygon","coordinates":[[[13.89935611765567,50.99680866558372],[13.89943209329852,50.99682532568403],[13.899461963951667,50.996771065461914],[13.899385988386133,50.99675440538137],[13.89935611765567,50.99680866558372]]]}},{"type":"Feature","id":"UUID_8402bcba-e384-421e-b098-bac3c615ecaf","properties":{"id":"UUID_8402bcba-e384-421e-b098-bac3c615ecaf","height_m":3.077,"ground_m":124.964,"height_source":"LoD1 solid top minus bottom","production":"2023","laser":"2017","footprints":"2023"},"geometry":{"type":"Polygon","coordinates":[[[13.895763305331943,50.999549216297595],[13.895683495239883,50.99954026042347],[13.89567187088771,50.99958147267094],[13.895660168441806,50.99962297194989],[13.895739992919221,50.999631927975365],[13.895763305331943,50.999549216297595]]]}},{"type":"Feature","id":"UUID_7913e4f4-e6aa-40ae-aaff-9062afefaccb","properties":{"id":"UUID_7913e4f4-e6aa-40ae-aaff-9062afefaccb","height_m":2.645,"ground_m":124.964,"height_source":"LoD1 solid top minus bottom","production":"2023","laser":"2017","footprints":"2023"},"geometry":{"type":"Polygon","coordinates":[[[13.895626723449666,50.9996192205239],[13.895660168441806,50.99962297194989],[13.89567187088771,50.99958147267094],[13.895638411889408,50.99957771212292],[13.895626723449666,50.9996192205239]]]}},{"type":"Feature","id":"DESNATPU1000GAvT","properties":{"id":"DESNATPU1000GAvT","height_m":6.742,"ground_m":300.916,"height_source":"LoD1 solid top minus bottom","production":"2023","laser":"2017","footprints":"2023"},"geometry":{"type":"Polygon","coordinates":[[[13.896422509026372,51.013170302226584],[13.896408554179603,51.01309876737803],[13.896308393360334,51.013106571277596],[13.896223971483806,51.013113147878386],[13.896237996886203,51.01318470140192],[13.896422509026372,51.013170302226584]]]}},{"type":"Feature","id":"DESNATP110000o72","properties":{"id":"DESNATP110000o72","height_m":2.407,"ground_m":157.142,"height_source":"LoD1 solid top minus bottom","production":"2023","laser":"2017","footprints":"2023"},"geometry":{"type":"Polygon","coordinates":[[[13.89839476804202,51.00602567577936],[13.898385587056755,51.00600889850846],[13.898363447528915,51.00601386962232],[13.898391564082353,51.00606525900819],[13.89845349969155,51.006060887936975],[13.89851119445889,51.006062250250196],[13.89847994513701,51.006007117315775],[13.898468655136828,51.006009573827164],[13.89839476804202,51.00602567577936]]]}},{"type":"Feature","id":"DESNATPU1000Dv73","properties":{"id":"DESNATPU1000Dv73","height_m":7.657,"ground_m":147.373,"height_source":"LoD1 solid top minus bottom","production":"2023","laser":"2017","footprints":"2023"},"geometry":{"type":"Polygon","coordinates":[[[13.908939951709428,51.004805472944],[13.90905236403311,51.00483596522245],[13.909101254202398,51.004764191330615],[13.908988813307683,51.004733707824414],[13.908939951709428,51.004805472944]]]}},{"type":"Feature","id":"DESNATPU1000BiYd","properties":{"id":"DESNATPU1000BiYd","height_m":7.303,"ground_m":132.831,"height_source":"LoD1 solid top minus bottom","production":"2023","laser":"2017","footprints":"2023"},"geometry":{"type":"Polygon","coordinates":[[[13.907570025991806,51.00112310939141],[13.907565624642544,51.0011666924864],[13.907559621366929,51.0012262948293],[13.907655717979585,51.001230161020914],[13.907668356321892,51.001104676239564],[13.907572274216053,51.00110081019309],[13.907570025991806,51.00112310939141]]]}},{"type":"Feature","id":"DESNATPU1000Gp8Q","properties":{"id":"DESNATPU1000Gp8Q","height_m":5.715,"ground_m":134.414,"height_source":"LoD1 solid top minus bottom","production":"2023","laser":"2017","footprints":"2023"},"geometry":{"type":"Polygon","coordinates":[[[13.9084367937235,51.000144130435494],[13.908402704852136,51.000202373280025],[13.90853306433423,51.000232808990745],[13.908568064443394,51.00017399008759],[13.908564789249139,51.0001732670409],[13.908594166270472,51.00012389203284],[13.908525780948935,51.00010772251436],[13.908497112824726,51.00015785952715],[13.9084367937235,51.000144130435494]]]}},{"type":"Feature","id":"UUID_65685e45-8654-4305-8b74-c9a5222f611a","properties":{"id":"UUID_65685e45-8654-4305-8b74-c9a5222f611a","height_m":2.494,"ground_m":308.963,"height_source":"LoD1 solid top minus bottom","production":"2023","laser":"2017","footprints":"2023"},"geometry":{"type":"Polygon","coordinates":[[[13.896971588859085,51.01386833944732],[13.896951856388595,51.013855212482724],[13.896913822866123,51.013829916304275],[13.896875357319491,51.01385287153099],[13.896907913951004,51.01387467176151],[13.896932993540203,51.013891356417496],[13.896949596280576,51.01390240347379],[13.896988205853376,51.013879386632716],[13.896971588859085,51.01386833944732]]]}},{"type":"Feature","id":"UUID_b4eaf608-041e-4b42-a4eb-8887b0b98d33","properties":{"id":"UUID_b4eaf608-041e-4b42-a4eb-8887b0b98d33","height_m":2.263,"ground_m":308.963,"height_source":"LoD1 solid top minus bottom","production":"2023","laser":"2017","footprints":"2023"},"geometry":{"type":"Polygon","coordinates":[[[13.89698829814111,51.01383343417087],[13.896950263976326,51.0138081649766],[13.896913822866123,51.013829916304275],[13.896951856388595,51.013855212482724],[13.89698829814111,51.01383343417087]]]}},{"type":"Feature","id":"DESNATPU1000GSEB","properties":{"id":"DESNATPU1000GSEB","height_m":5.907,"ground_m":140.342,"height_source":"LoD1 solid top minus bottom","production":"2023","laser":"2017","footprints":"2023"},"geometry":{"type":"Polygon","coordinates":[[[13.903522027343238,51.00507386960502],[13.903585127893711,51.00506293299001],[13.903583843443469,51.00505998027924],[13.90366013958641,51.005046748387834],[13.903645806592799,51.00501385299277],[13.903676591256854,51.005008512364256],[13.90366206935888,51.00497516555662],[13.903631284715349,51.00498050618146],[13.903629324639187,51.00497598237784],[13.903547432861801,51.00499017792401],[13.903560981877295,51.00502125841442],[13.903431417444427,51.00504372052142],[13.903449981849862,51.00508635892603],[13.903461831835351,51.00508431186777],[13.90347193273225,51.00510748228273],[13.903521737731387,51.005098848978335],[13.903532113805912,51.00509704887209],[13.903522027343238,51.00507386960502]]]}},{"type":"Feature","id":"DESNATGMvh0000RU","properties":{"id":"DESNATGMvh0000RU","height_m":7.348,"ground_m":129.167,"height_source":"LoD1 solid top minus bottom","production":"2023","laser":"2017","footprints":"2023"},"geometry":{"type":"Polygon","coordinates":[[[13.905112076749882,51.00005727193546],[13.905105916456153,51.00007377001946],[13.905129576963638,51.000077292136645],[13.905135751286455,51.00006080317574],[13.905112076749882,51.00005727193546]]]}},{"type":"Feature","id":"DESNATPU1000Bkfp","properties":{"id":"DESNATPU1000Bkfp","height_m":4.368,"ground_m":140.188,"height_source":"LoD1 solid top minus bottom","production":"2023","laser":"2017","footprints":"2023"},"geometry":{"type":"Polygon","coordinates":[[[13.905060873873754,51.004860540455155],[13.904830901744706,51.00486583996746],[13.904834901980466,51.00493505033679],[13.90506488870164,51.004929750952314],[13.905060873873754,51.004860540455155]]]}},{"type":"Feature","id":"UUID_fefea7b4-394c-4ba1-bf0a-65041081b7a0","properties":{"id":"UUID_fefea7b4-394c-4ba1-bf0a-65041081b7a0","height_m":6.995,"ground_m":312.853,"height_source":"LoD1 solid top minus bottom","production":"2023","laser":"2017","footprints":"2023"},"geometry":{"type":"Polygon","coordinates":[[[13.89945410236258,51.01089660840678],[13.89943020869809,51.010840088234445],[13.899386240564729,51.01084273161325],[13.899411181748185,51.010903776061724],[13.89945410236258,51.01089660840678]]]}},{"type":"Feature","id":"UUID_86fa8167-20b8-4aaf-9311-60befee72e61","properties":{"id":"UUID_86fa8167-20b8-4aaf-9311-60befee72e61","height_m":6.391,"ground_m":312.853,"height_source":"LoD1 solid top minus bottom","production":"2023","laser":"2017","footprints":"2023"},"geometry":{"type":"Polygon","coordinates":[[[13.899369936461373,51.010802829725776],[13.899191206987053,51.01083172150118],[13.899237996325374,51.01093270214874],[13.899411181748185,51.010903776061724],[13.899369936461373,51.010802829725776]]]}},{"type":"Feature","id":"UUID_eeb1f418-88a8-4aff-aa1c-a5b94769e664","properties":{"id":"UUID_eeb1f418-88a8-4aff-aa1c-a5b94769e664","height_m":9.211,"ground_m":126.733,"height_source":"LoD1 solid top minus bottom","production":"2023","laser":"2017","footprints":"2023"},"geometry":{"type":"Polygon","coordinates":[[[13.898748179939489,50.99999018993693],[13.898745427884995,50.99999807769746],[13.898687179125885,50.999990334325325],[13.898674530846359,51.00002855158349],[13.898662220920587,51.00006571986711],[13.898779950188615,51.00008095742463],[13.898826411068951,51.00008697092839],[13.898851273100208,51.00001202509547],[13.898809220828785,51.00000641287051],[13.89881183038749,50.99999852376538],[13.898748179939489,50.99999018993693]]]}},{"type":"Feature","id":"UUID_ef7ff12c-9351-41a9-a4a0-b84e8e0019be","properties":{"id":"UUID_ef7ff12c-9351-41a9-a4a0-b84e8e0019be","height_m":7.19,"ground_m":126.733,"height_source":"LoD1 solid top minus bottom","production":"2023","laser":"2017","footprints":"2023"},"geometry":{"type":"Polygon","coordinates":[[[13.898779950188615,51.00008095742463],[13.898662220920587,51.00006571986711],[13.898657861185276,51.000078907240365],[13.898731598426803,51.000088595200495],[13.898759302268358,51.00009227363146],[13.898775356335076,51.00009440338776],[13.898779950188615,51.00008095742463]]]}},{"type":"Feature","id":"UUID_b5ac0589-17b6-4cd2-9ab6-2f04d16c0f1f","properties":{"id":"UUID_b5ac0589-17b6-4cd2-9ab6-2f04d16c0f1f","height_m":5.326,"ground_m":125.462,"height_source":"LoD1 solid top minus bottom","production":"2023","laser":"2017","footprints":"2023"},"geometry":{"type":"Polygon","coordinates":[[[13.902282080345152,51.00087432437868],[13.902168635108517,51.000864031719],[13.902135617328645,51.001008775959455],[13.902249048236754,51.00101908650088],[13.902282080345152,51.00087432437868]]]}},{"type":"Feature","id":"UUID_adce84dd-e8c6-4dfe-93b4-8b545d635407","properties":{"id":"UUID_adce84dd-e8c6-4dfe-93b4-8b545d635407","height_m":4.396,"ground_m":125.462,"height_source":"LoD1 solid top minus bottom","production":"2023","laser":"2017","footprints":"2023"},"geometry":{"type":"Polygon","coordinates":[[[13.902366485091559,51.00088198795918],[13.902377198849184,51.00083503807772],[13.902288684551673,51.000826985170114],[13.902277970282443,51.00087395302468],[13.902366485091559,51.00088198795918]]]}},{"type":"Feature","id":"UUID_8230f01a-dd0a-4cfc-ac29-b11d27a82e58","properties":{"id":"UUID_8230f01a-dd0a-4cfc-ac29-b11d27a82e58","height_m":7.553,"ground_m":125.462,"height_source":"LoD1 solid top minus bottom","production":"2023","laser":"2017","footprints":"2023"},"geometry":{"type":"Polygon","coordinates":[[[13.902326735971323,51.00087837706931],[13.902282080345152,51.00087432437868],[13.902262082888369,51.000961969550495],[13.902306752845567,51.00096602238311],[13.902321871064098,51.00089972532711],[13.902326735971323,51.00087837706931]]]}},{"type":"Feature","id":"UUID_81673b10-c2aa-4bf9-9dd8-f845f2f0548b","properties":{"id":"UUID_81673b10-c2aa-4bf9-9dd8-f845f2f0548b","height_m":4.498,"ground_m":125.462,"height_source":"LoD1 solid top minus bottom","production":"2023","laser":"2017","footprints":"2023"},"geometry":{"type":"Polygon","coordinates":[[[13.902321871064098,51.00089972532711],[13.90236161998998,51.000903345209586],[13.902366485091559,51.00088198795918],[13.902326735971323,51.00087837706931],[13.902321871064098,51.00089972532711]]]}},{"type":"Feature","id":"UUID_e8247864-c0f8-40bf-8fed-d413dade81ef","properties":{"id":"UUID_e8247864-c0f8-40bf-8fed-d413dade81ef","height_m":8.392,"ground_m":142.55,"height_source":"LoD1 solid top minus bottom","production":"2023","laser":"2017","footprints":"2023"},"geometry":{"type":"Polygon","coordinates":[[[13.891938189965641,51.00573874456201],[13.891954893719443,51.00577349843995],[13.891975753302551,51.00581688888407],[13.892021354926651,51.00580831953093],[13.892021273708922,51.005808138903895],[13.892091308622529,51.00579466632666],[13.892070688839572,51.005751377098655],[13.892055973442025,51.00572050901483],[13.892054195976167,51.00571674214429],[13.891938189965641,51.00573874456201]]]}},{"type":"Feature","id":"UUID_387a401a-acf4-4810-ad90-26b481e94d64","properties":{"id":"UUID_387a401a-acf4-4810-ad90-26b481e94d64","height_m":6.177,"ground_m":142.55,"height_source":"LoD1 solid top minus bottom","production":"2023","laser":"2017","footprints":"2023"},"geometry":{"type":"Polygon","coordinates":[[[13.892091308622529,51.00579466632666],[13.892021273708922,51.005808138903895],[13.892021354926651,51.00580831953093],[13.892027421928612,51.00582109294334],[13.892097580614793,51.005807810385754],[13.892091308622529,51.00579466632666]]]}},{"type":"Feature","id":"DESNATP110000o6k","properties":{"id":"DESNATP110000o6k","height_m":4.005,"ground_m":297.752,"height_source":"LoD1 solid top minus bottom","production":"2023","laser":"2017","footprints":"2023"},"geometry":{"type":"Polygon","coordinates":[[[13.891760023642478,51.01276748187696],[13.89184031614968,51.01276788374291],[13.89184173231107,51.01265403896146],[13.891761454252826,51.01265363723291],[13.891760023642478,51.01276748187696]]]}},{"type":"Feature","id":"UUID_1077ee9d-32e1-4b15-871d-17bf3329fd5e","properties":{"id":"UUID_1077ee9d-32e1-4b15-871d-17bf3329fd5e","height_m":7.065,"ground_m":120.458,"height_source":"LoD1 solid top minus bottom","production":"2023","laser":"2017","footprints":"2023"},"geometry":{"type":"Polygon","coordinates":[[[13.894394892958115,51.002273282421385],[13.894444158430359,51.0022687036543],[13.894430265890769,51.00220919244099],[13.894380986231168,51.002213771067815],[13.894394892958115,51.002273282421385]]]}},{"type":"Feature","id":"UUID_f763844c-3055-4329-ba43-3e5e779b0cf3","properties":{"id":"UUID_f763844c-3055-4329-ba43-3e5e779b0cf3","height_m":5.715,"ground_m":120.458,"height_source":"LoD1 solid top minus bottom","production":"2023","laser":"2017","footprints":"2023"},"geometry":{"type":"Polygon","coordinates":[[[13.8943409881074,51.00219123416362],[13.894336474650956,51.00217185683429],[13.8942178456721,51.00218291036765],[13.894222359935048,51.00220225173795],[13.8943409881074,51.00219123416362]]]}},{"type":"Feature","id":"UUID_aa8f7e53-fda3-4302-b4b6-a4fbf4a8d940","properties":{"id":"UUID_aa8f7e53-fda3-4302-b4b6-a4fbf4a8d940","height_m":6.511,"ground_m":120.458,"height_source":"LoD1 solid top minus bottom","production":"2023","laser":"2017","footprints":"2023"},"geometry":{"type":"Polygon","coordinates":[[[13.894242254240108,51.00228746737277],[13.894394892958115,51.002273282421385],[13.894374983915727,51.002188075666645],[13.894222359935048,51.00220225173795],[13.894242254240108,51.00228746737277]]]}},{"type":"Feature","id":"DESNATPU1000GVGW","properties":{"id":"DESNATPU1000GVGW","height_m":6.157,"ground_m":307.908,"height_source":"LoD1 solid top minus bottom","production":"2023","laser":"2017","footprints":"2023"},"geometry":{"type":"Polygon","coordinates":[[[13.897407611685221,51.01230465481632],[13.897458894395726,51.01242645199261],[13.897583120706619,51.0124058615657],[13.897531839823575,51.012283974533496],[13.897407611685221,51.01230465481632]]]}},{"type":"Feature","id":"DESNATPU1000J0p8","properties":{"id":"DESNATPU1000J0p8","height_m":4.782,"ground_m":167.045,"height_source":"LoD1 solid top minus bottom","production":"2023","laser":"2017","footprints":"2023"},"geometry":{"type":"Polygon","coordinates":[[[13.906077670553149,51.006333585854996],[13.9061426456453,51.00632420318293],[13.906112098305845,51.00623580542338],[13.90604709525357,51.006245169830756],[13.906077670553149,51.006333585854996]]]}},{"type":"Feature","id":"DESNATP110000o3f","properties":{"id":"DESNATP110000o3f","height_m":3.198,"ground_m":134.908,"height_source":"LoD1 solid top minus bottom","production":"2023","laser":"2017","footprints":"2023"},"geometry":{"type":"Polygon","coordinates":[[[13.909222521893856,50.99978434565861],[13.909188277311905,50.99985718265376],[13.909257365547811,50.999870111933845],[13.9092916098209,50.99979728390888],[13.909222521893856,50.99978434565861]]]}},{"type":"Feature","id":"DESNATGMvh0000YN","properties":{"id":"DESNATGMvh0000YN","height_m":3.0,"ground_m":304.026,"height_source":"LoD1 solid top minus bottom","production":"2023","laser":"2017","footprints":"2023"},"geometry":{"type":"Polygon","coordinates":[[[13.896599550871905,51.012327556929925],[13.896607850350772,51.012352068820825],[13.896506466948065,51.01236580559852],[13.896532230018003,51.01244194838191],[13.896690328064205,51.01242075254096],[13.896670734730467,51.01236274363846],[13.896681504924045,51.01236123562909],[13.89666698225369,51.01231842752245],[13.896599550871905,51.012327556929925]]]}},{"type":"Feature","id":"UUID_94c951a7-552a-4778-bff0-d9cb2c425a65","properties":{"id":"UUID_94c951a7-552a-4778-bff0-d9cb2c425a65","height_m":4.45,"ground_m":124.812,"height_source":"LoD1 solid top minus bottom","production":"2023","laser":"2017","footprints":"2023"},"geometry":{"type":"Polygon","coordinates":[[[13.894755985316376,51.001592235778574],[13.894637128794987,51.001576947540244],[13.894610760517462,51.00165857789857],[13.894684916016008,51.00166812847733],[13.89472961681065,51.001673884146385],[13.894755985316376,51.001592235778574]]]}},{"type":"Feature","id":"UUID_1682fdc4-60d1-4f25-8d69-0da7e37a67e5","properties":{"id":"UUID_1682fdc4-60d1-4f25-8d69-0da7e37a67e5","height_m":3.241,"ground_m":124.812,"height_source":"LoD1 solid top minus bottom","production":"2023","laser":"2017","footprints":"2023"},"geometry":{"type":"Polygon","coordinates":[[[13.89467222323419,51.00170745999522],[13.894684916016008,51.00166812847733],[13.894610760517462,51.00165857789857],[13.8945980529994,51.0016979272549],[13.89467222323419,51.00170745999522]]]}},{"type":"Feature","id":"DESNATGMvh0000Y1","properties":{"id":"DESNATGMvh0000Y1","height_m":5.602,"ground_m":309.474,"height_source":"LoD1 solid top minus bottom","production":"2023","laser":"2017","footprints":"2023"},"geometry":{"type":"Polygon","coordinates":[[[13.893506554203773,51.01137179245426],[13.893548032877055,51.01135818343585],[13.893520111047422,51.01132566172468],[13.893477996785446,51.011337825860764],[13.893506554203773,51.01137179245426]]]}},{"type":"Feature","id":"DESNATPU1000BeQY","properties":{"id":"DESNATPU1000BeQY","height_m":2.504,"ground_m":127.508,"height_source":"LoD1 solid top minus bottom","production":"2023","laser":"2017","footprints":"2023"},"geometry":{"type":"Polygon","coordinates":[[[13.898709774377613,50.99870127910731],[13.898624825728819,50.99869571206521],[13.898615860868173,50.998749314838214],[13.89870109457697,50.99875488457373],[13.898709774377613,50.99870127910731]]]}},{"type":"Feature","id":"DESNATPU1000CfEE","properties":{"id":"DESNATPU1000CfEE","height_m":5.89,"ground_m":131.426,"height_source":"LoD1 solid top minus bottom","production":"2023","laser":"2017","footprints":"2023"},"geometry":{"type":"Polygon","coordinates":[[[13.895760538037582,51.004683905508756],[13.895801200094368,51.00468580062538],[13.895820249056218,51.0047089303876],[13.895919569123595,51.00467634373778],[13.895865026040454,51.004610144577335],[13.89576887708939,51.00460282395515],[13.895760538037582,51.004683905508756]]]}},{"type":"Feature","id":"DESNATPU1000ICM5","properties":{"id":"DESNATPU1000ICM5","height_m":2.337,"ground_m":126.497,"height_source":"LoD1 solid top minus bottom","production":"2023","laser":"2017","footprints":"2023"},"geometry":{"type":"Polygon","coordinates":[[[13.903192425494355,51.000367270083025],[13.903182741710062,51.00039898684489],[13.903514058184001,51.00044235788195],[13.903524419119769,51.00041092622706],[13.903192425494355,51.000367270083025]]]}},{"type":"Feature","id":"DESNATP110000o6g","properties":{"id":"DESNATP110000o6g","height_m":2.928,"ground_m":302.681,"height_source":"LoD1 solid top minus bottom","production":"2023","laser":"2017","footprints":"2023"},"geometry":{"type":"Polygon","coordinates":[[[13.893339611895769,51.01254147339855],[13.893423420691366,51.01251510885393],[13.893384201101718,51.01246550165401],[13.893300392588188,51.012491857180336],[13.893339611895769,51.01254147339855]]]}},{"type":"Feature","id":"DESNATP110000nzy","properties":{"id":"DESNATP110000nzy","height_m":3.936,"ground_m":126.072,"height_source":"LoD1 solid top minus bottom","production":"2023","laser":"2017","footprints":"2023"},"geometry":{"type":"Polygon","coordinates":[[[13.897243719856016,51.00126422338813],[13.897459217427865,51.00128503438609],[13.897478362327128,51.00120608703782],[13.897262879147139,51.00118528520242],[13.897243719856016,51.00126422338813]]]}},{"type":"Feature","id":"DESNATPU1000HcBE","properties":{"id":"DESNATPU1000HcBE","height_m":7.422,"ground_m":133.46,"height_source":"LoD1 solid top minus bottom","production":"2023","laser":"2017","footprints":"2023"},"geometry":{"type":"Polygon","coordinates":[[[13.90781005314971,51.000688787340906],[13.90785497999264,51.00055565471764],[13.907749421181814,51.0005414843563],[13.907704508511618,51.000674608079876],[13.90781005314971,51.000688787340906]]]}},{"type":"Feature","id":"DESNATPU1000HcZk","properties":{"id":"DESNATPU1000HcZk","height_m":2.549,"ground_m":127.167,"height_source":"LoD1 solid top minus bottom","production":"2023","laser":"2017","footprints":"2023"},"geometry":{"type":"Polygon","coordinates":[[[13.902262730795764,50.998235669552024],[13.90225213504107,50.998292134979884],[13.902310031234233,50.998296635844646],[13.902327640373272,50.99820264621966],[13.902228911898195,50.998195243680684],[13.902221902609897,50.99823258804879],[13.902262730795764,50.998235669552024]]]}},{"type":"Feature","id":"DESNATP1Vq000103","properties":{"id":"DESNATP1Vq000103","height_m":3.0,"ground_m":145.089,"height_source":"LoD1 solid top minus bottom","production":"2023","laser":"2017","footprints":"2023"},"geometry":{"type":"Polygon","coordinates":[[[13.897845058517527,51.00533488639589],[13.897895610824323,51.0054042394224],[13.897973270681101,51.005381671553636],[13.897985228079467,51.00539796245684],[13.898036895439553,51.005382973133074],[13.898025009490775,51.005366673916285],[13.89808480056574,51.005349306152034],[13.898034134884801,51.00527991616679],[13.897845058517527,51.00533488639589]]]}},{"type":"Feature","id":"UUID_c3c8ea3d-84cf-4c0b-8df1-a511459bba49","properties":{"id":"UUID_c3c8ea3d-84cf-4c0b-8df1-a511459bba49","height_m":7.399,"ground_m":124.518,"height_source":"LoD1 solid top minus bottom","production":"2023","laser":"2017","footprints":"2023"},"geometry":{"type":"Polygon","coordinates":[[[13.900632135137874,51.00015217901273],[13.90061751416574,51.00014126799796],[13.900562939981484,51.00017038583317],[13.900577546701141,51.000181296720605],[13.900632135137874,51.00015217901273]]]}},{"type":"Feature","id":"UUID_b938f0c8-9715-448e-9412-ed78507031c8","properties":{"id":"UUID_b938f0c8-9715-448e-9412-ed78507031c8","height_m":9.462,"ground_m":124.518,"height_source":"LoD1 solid top minus bottom","production":"2023","laser":"2017","footprints":"2023"},"geometry":{"type":"Polygon","coordinates":[[[13.900470583950405,51.000118725064354],[13.900549430083915,51.0001775878584],[13.900562939981484,51.00017038583317],[13.90061751416574,51.00014126799796],[13.90066054087593,51.000118327472],[13.900650975678124,51.000111187073465],[13.900612126888088,51.000082179288654],[13.900581694699932,51.00005946475211],[13.900470583950405,51.000118725064354]]]}},{"type":"Feature","id":"DESNATP1Vq0000zo","properties":{"id":"DESNATP1Vq0000zo","height_m":9.453,"ground_m":131.237,"height_source":"LoD1 solid top minus bottom","production":"2023","laser":"2017","footprints":"2023"},"geometry":{"type":"Polygon","coordinates":[[[13.896230694111813,51.00471989522833],[13.896144270816855,51.00461567004254],[13.896019604308709,51.00465685733458],[13.89610615906239,51.00476093996925],[13.896230694111813,51.00471989522833]]]}},{"type":"Feature","id":"UUID_43d6aa01-b3f3-4ca0-bab9-d405b855f32d","properties":{"id":"UUID_43d6aa01-b3f3-4ca0-bab9-d405b855f32d","height_m":4.093,"ground_m":131.409,"height_source":"LoD1 solid top minus bottom","production":"2023","laser":"2017","footprints":"2023"},"geometry":{"type":"Polygon","coordinates":[[[13.89657738644115,51.004665912757424],[13.896530167799494,51.00461416263653],[13.896515149839992,51.004619965055035],[13.896563064628292,51.0046712091652],[13.89657738644115,51.004665912757424]]]}},{"type":"Feature","id":"UUID_eb689435-2385-41f6-97a8-87b71f6f3fd6","properties":{"id":"UUID_eb689435-2385-41f6-97a8-87b71f6f3fd6","height_m":3.789,"ground_m":131.409,"height_source":"LoD1 solid top minus bottom","production":"2023","laser":"2017","footprints":"2023"},"geometry":{"type":"Polygon","coordinates":[[[13.896530167799494,51.00461416263653],[13.89657738644115,51.004665912757424],[13.896661605934197,51.00463477458887],[13.896616972021057,51.00458581870747],[13.89661015718119,51.00458829931847],[13.896554936684655,51.00452778655112],[13.896477142334179,51.004556053667045],[13.896530167799494,51.00461416263653]]]}},{"type":"Feature","id":"DESNATGMvh0000RT","properties":{"id":"DESNATGMvh0000RT","height_m":2.947,"ground_m":136.03,"height_source":"LoD1 solid top minus bottom","production":"2023","laser":"2017","footprints":"2023"},"geometry":{"type":"Polygon","coordinates":[[[13.90096207348936,51.00475873564477],[13.90098887315756,51.00479537276379],[13.900965522421856,51.004802176506566],[13.900972398824345,51.00481155777132],[13.90103484411883,51.0047933771361],[13.901001168226056,51.004747349773815],[13.90096207348936,51.00475873564477]]]}},{"type":"Feature","id":"DESNATPU1000FYVr","properties":{"id":"DESNATPU1000FYVr","height_m":6.565,"ground_m":120.349,"height_source":"LoD1 solid top minus bottom","production":"2023","laser":"2017","footprints":"2023"},"geometry":{"type":"Polygon","coordinates":[[[13.893470414534544,51.00322617956704],[13.893653278803166,51.003592795981966],[13.893908698422441,51.00354208477886],[13.893860183618184,51.003444925417995],[13.89372537535273,51.00317490686589],[13.893470414534544,51.00322617956704]]]}},{"type":"Feature","id":"DESNATGMvh0000YJ","properties":{"id":"DESNATGMvh0000YJ","height_m":2.536,"ground_m":311.234,"height_source":"LoD1 solid top minus bottom","production":"2023","laser":"2017","footprints":"2023"},"geometry":{"type":"Polygon","coordinates":[[[13.897824790632704,51.012017556181235],[13.897835117566549,51.01203594500973],[13.897900267960251,51.01202137969284],[13.897889941003696,51.012002990869924],[13.897824790632704,51.012017556181235]]]}},{"type":"Feature","id":"DESNATPU1000E2yq","properties":{"id":"DESNATPU1000E2yq","height_m":10.44,"ground_m":142.226,"height_source":"LoD1 solid top minus bottom","production":"2023","laser":"2017","footprints":"2023"},"geometry":{"type":"Polygon","coordinates":[[[13.889619802371152,51.00628434320993],[13.88966633469701,51.00636160229465],[13.88994638058982,51.006294568944085],[13.889900353494449,51.006217027001085],[13.889619802371152,51.00628434320993]]]}},{"type":"Feature","id":"DESNATPU1000Jc1I","properties":{"id":"DESNATPU1000Jc1I","height_m":4.398,"ground_m":132.243,"height_source":"LoD1 solid top minus bottom","production":"2023","laser":"2017","footprints":"2023"},"geometry":{"type":"Polygon","coordinates":[[[13.895431638312369,51.004737046582875],[13.895476981105032,51.00479691793504],[13.895494054052772,51.004820424753774],[13.895536520682313,51.004808155315665],[13.895474251865439,51.004724589706896],[13.895431638312369,51.004737046582875]]]}},{"type":"Feature","id":"DESNATPU1000IjoD","properties":{"id":"DESNATPU1000IjoD","height_m":3.615,"ground_m":137.154,"height_source":"LoD1 solid top minus bottom","production":"2023","laser":"2017","footprints":"2023"},"geometry":{"type":"Polygon","coordinates":[[[13.89716070880304,51.00498759081961],[13.897257040437298,51.004944570112066],[13.897187975136111,51.00488300970161],[13.897091643567252,51.004926030353055],[13.89716070880304,51.00498759081961]]]}},{"type":"Feature","id":"DESNATPU1000C0OL","properties":{"id":"DESNATPU1000C0OL","height_m":3.125,"ground_m":124.864,"height_source":"LoD1 solid top minus bottom","production":"2023","laser":"2017","footprints":"2023"},"geometry":{"type":"Polygon","coordinates":[[[13.90203146927217,51.000540610116936],[13.902010967917168,51.00062423071592],[13.902137235873566,51.0006364785719],[13.902157737007649,51.00055285794957],[13.90203146927217,51.000540610116936]]]}},{"type":"Feature","id":"DESNATPU1000FEF6","properties":{"id":"DESNATPU1000FEF6","height_m":3.056,"ground_m":120.109,"height_source":"LoD1 solid top minus bottom","production":"2023","laser":"2017","footprints":"2023"},"geometry":{"type":"Polygon","coordinates":[[[13.895066205734823,51.00279365541126],[13.89508340255094,51.002811309132184],[13.895152005259694,51.00278470062872],[13.89509170465002,51.00272281714751],[13.895031013701162,51.00274636194429],[13.89507410319222,51.00279059160172],[13.895066205734823,51.00279365541126]]]}},{"type":"Feature","id":"UUID_450fc322-9e65-4cc3-ad6d-a5dd52b7c1fb","properties":{"id":"UUID_450fc322-9e65-4cc3-ad6d-a5dd52b7c1fb","height_m":8.278,"ground_m":150.395,"height_source":"LoD1 solid top minus bottom","production":"2023","laser":"2017","footprints":"2023"},"geometry":{"type":"Polygon","coordinates":[[[13.8967873427431,51.00568226064769],[13.896780157215833,51.00566250747572],[13.89672338991043,51.00567073942813],[13.896730575628041,51.00569048361262],[13.8967873427431,51.00568226064769]]]}},{"type":"Feature","id":"UUID_a8ca6bbb-25d0-483e-b035-474937d47f40","properties":{"id":"UUID_a8ca6bbb-25d0-483e-b035-474937d47f40","height_m":9.852,"ground_m":150.395,"height_source":"LoD1 solid top minus bottom","production":"2023","laser":"2017","footprints":"2023"},"geometry":{"type":"Polygon","coordinates":[[[13.896818136423146,51.005677794213625],[13.8967873427431,51.00568226064769],[13.896730575628041,51.00569048361262],[13.896701927366365,51.00569463754918],[13.896717771413082,51.00573814163905],[13.896729038145471,51.00576911145105],[13.896776008065624,51.00576230676914],[13.896845247379375,51.005752268089836],[13.896818136423146,51.005677794213625]]]}},{"type":"Feature","id":"UUID_92842762-390c-4cbb-9430-b8fb1ac99d4e","properties":{"id":"UUID_92842762-390c-4cbb-9430-b8fb1ac99d4e","height_m":5.539,"ground_m":150.395,"height_source":"LoD1 solid top minus bottom","production":"2023","laser":"2017","footprints":"2023"},"geometry":{"type":"Polygon","coordinates":[[[13.89678386218542,51.005783918778796],[13.896776008065624,51.00576230676914],[13.896729038145471,51.00576911145105],[13.896736906708096,51.00579071460747],[13.89678386218542,51.005783918778796]]]}},{"type":"Feature","id":"DESNATPU1000Ek9W","properties":{"id":"DESNATPU1000Ek9W","height_m":2.377,"ground_m":152.847,"height_source":"LoD1 solid top minus bottom","production":"2023","laser":"2017","footprints":"2023"},"geometry":{"type":"Polygon","coordinates":[[[13.897524127464315,51.00578532212512],[13.897471720401352,51.005783388717596],[13.897466725760758,51.00583774824192],[13.897518990381363,51.005839680307304],[13.897554305633749,51.005841092697935],[13.897575732286688,51.00583913660342],[13.897578969873784,51.005786738919106],[13.897524127464315,51.00578532212512]]]}},{"type":"Feature","id":"DESNATPU1000Eoyx","properties":{"id":"DESNATPU1000Eoyx","height_m":8.733,"ground_m":341.303,"height_source":"LoD1 solid top minus bottom","production":"2023","laser":"2017","footprints":"2023"},"geometry":{"type":"Polygon","coordinates":[[[13.903922884227706,51.013261490444584],[13.904192816068122,51.01320832988812],[13.904148509172751,51.01311881345748],[13.90387856355196,51.01317197378156],[13.903922884227706,51.013261490444584]]]}},{"type":"Feature","id":"DESNATPU1000H1H6","properties":{"id":"DESNATPU1000H1H6","height_m":6.077,"ground_m":124.914,"height_source":"LoD1 solid top minus bottom","production":"2023","laser":"2017","footprints":"2023"},"geometry":{"type":"Polygon","coordinates":[[[13.89568818251446,50.999306202942876],[13.895652706851523,50.999372387684495],[13.895710546026088,50.999384724047935],[13.89571755077308,50.999386220122986],[13.895765010344679,50.99939634502693],[13.895811303096766,50.999310334343356],[13.895756898207678,50.9992986150259],[13.895730099716294,50.99929284910443],[13.895698910667612,50.999286529082205],[13.89568818251446,50.999306202942876]]]}},{"type":"Feature","id":"DESNATPU1000FgwM","properties":{"id":"DESNATPU1000FgwM","height_m":3.812,"ground_m":126.33,"height_source":"LoD1 solid top minus bottom","production":"2023","laser":"2017","footprints":"2023"},"geometry":{"type":"Polygon","coordinates":[[[13.89613780101155,51.00168507585356],[13.896130242400575,51.001769357302436],[13.896202870038788,51.001771842090434],[13.896210288161766,51.00168746938155],[13.89613780101155,51.00168507585356]]]}},{"type":"Feature","id":"DESNATPU1000GcG4","properties":{"id":"DESNATPU1000GcG4","height_m":6.481,"ground_m":311.891,"height_source":"LoD1 solid top minus bottom","production":"2023","laser":"2017","footprints":"2023"},"geometry":{"type":"Polygon","coordinates":[[[13.901122937256822,51.011789566490485],[13.901079763836005,51.01170426815429],[13.900989329509711,51.01172290497414],[13.901033557427908,51.01180761074341],[13.901122937256822,51.011789566490485]]]}},{"type":"Feature","id":"DESNATGMvh0000ZJ","properties":{"id":"DESNATGMvh0000ZJ","height_m":3.472,"ground_m":301.077,"height_source":"LoD1 solid top minus bottom","production":"2023","laser":"2017","footprints":"2023"},"geometry":{"type":"Polygon","coordinates":[[[13.896453557018063,51.013095271575246],[13.896408554179603,51.01309876737803],[13.896422509026372,51.013170302226584],[13.896467540651743,51.013166797697295],[13.896453557018063,51.013095271575246]]]}},{"type":"Feature","id":"DESNATGMvh0000RG","properties":{"id":"DESNATGMvh0000RG","height_m":2.543,"ground_m":129.512,"height_source":"LoD1 solid top minus bottom","production":"2023","laser":"2017","footprints":"2023"},"geometry":{"type":"Polygon","coordinates":[[[13.904981235951379,51.00039126272034],[13.904931282657289,51.00038402288477],[13.904897426577328,51.000476979261265],[13.9049473657168,51.00048421897823],[13.904981235951379,51.00039126272034]]]}},{"type":"Feature","id":"UUID_c964c0af-76a4-4872-a78f-959f11ee3cc8","properties":{"id":"UUID_c964c0af-76a4-4872-a78f-959f11ee3cc8","height_m":4.474,"ground_m":123.86,"height_source":"LoD1 solid top minus bottom","production":"2023","laser":"2017","footprints":"2023"},"geometry":{"type":"Polygon","coordinates":[[[13.894852843514657,51.000961800424435],[13.894888674133862,51.00096895594475],[13.894904068002672,51.00093829207437],[13.894868223369372,51.00093112743327],[13.894852843514657,51.000961800424435]]]}},{"type":"Feature","id":"UUID_0a13283a-5e9c-472a-8b6f-03ff11f33aac","properties":{"id":"UUID_0a13283a-5e9c-472a-8b6f-03ff11f33aac","height_m":8.658,"ground_m":123.86,"height_source":"LoD1 solid top minus bottom","production":"2023","laser":"2017","footprints":"2023"},"geometry":{"type":"Polygon","coordinates":[[[13.894852843514657,51.000961800424435],[13.894868223369372,51.00093112743327],[13.894879443801956,51.000908760454074],[13.894767484256738,51.00088638827123],[13.894724607110252,51.00097185530253],[13.89483658130175,51.00099421867125],[13.894852843514657,51.000961800424435]]]}},{"type":"Feature","id":"UUID_e037ac24-aca1-449d-a725-63669c8169bd","properties":{"id":"UUID_e037ac24-aca1-449d-a725-63669c8169bd","height_m":3.05,"ground_m":125.916,"height_source":"LoD1 solid top minus bottom","production":"2023","laser":"2017","footprints":"2023"},"geometry":{"type":"Polygon","coordinates":[[[13.896217890212393,51.00407088696451],[13.896101948853632,51.004120448174895],[13.896138602127428,51.004155506860776],[13.896271042485393,51.00410019319242],[13.896233268375115,51.004064314603035],[13.8962177228424,51.00407073250494],[13.896217890212393,51.00407088696451]]]}},{"type":"Feature","id":"UUID_38b6160e-950f-4b2a-a2ec-ac5bfee83213","properties":{"id":"UUID_38b6160e-950f-4b2a-a2ec-ac5bfee83213","height_m":3.188,"ground_m":125.916,"height_source":"LoD1 solid top minus bottom","production":"2023","laser":"2017","footprints":"2023"},"geometry":{"type":"Polygon","coordinates":[[[13.896109295549396,51.00408354802899],[13.896123316930558,51.0040969089802],[13.896106029386464,51.004104659333535],[13.896101948853632,51.004120448174895],[13.896217890212393,51.00407088696451],[13.8962177228424,51.00407073250494],[13.896193692870439,51.00404788847913],[13.896168798641035,51.00402422692691],[13.896084152104079,51.00405957834744],[13.896109295549396,51.00408354802899]]]}},{"type":"Feature","id":"DESNATPU1000GjUH","properties":{"id":"DESNATPU1000GjUH","height_m":5.709,"ground_m":117.854,"height_source":"LoD1 solid top minus bottom","production":"2023","laser":"2017","footprints":"2023"},"geometry":{"type":"Polygon","coordinates":[[[13.889931979244086,51.00370793784019],[13.88986744767057,51.003646802821635],[13.88985189712104,51.00365339968839],[13.889835587746235,51.0036380468025],[13.88981139728291,51.003648338557085],[13.889827708799338,51.00366360153825],[13.889765944750309,51.00368954349339],[13.889830618744513,51.0037506799212],[13.889860577355853,51.003779381988075],[13.889906344091777,51.00376084196796],[13.889962784287066,51.00373700763725],[13.889931979244086,51.00370793784019]]]}},{"type":"Feature","id":"DESNATPU1000JdGk","properties":{"id":"DESNATPU1000JdGk","height_m":6.287,"ground_m":119.333,"height_source":"LoD1 solid top minus bottom","production":"2023","laser":"2017","footprints":"2023"},"geometry":{"type":"Polygon","coordinates":[[[13.893270739374183,51.00276594096269],[13.893477689122681,51.00273229858588],[13.893445932846157,51.00265388596745],[13.893238263340887,51.00268724269064],[13.893270739374183,51.00276594096269]]]}},{"type":"Feature","id":"DESNATPU1000DNvE","properties":{"id":"DESNATPU1000DNvE","height_m":8.075,"ground_m":123.302,"height_source":"LoD1 solid top minus bottom","production":"2023","laser":"2017","footprints":"2023"},"geometry":{"type":"Polygon","coordinates":[[[13.901319297367525,50.99986502711815],[13.901325560550822,50.9998713810098],[13.901334086305784,50.999872450401995],[13.901330382099612,50.99988446597536],[13.901329155150275,50.999888141502126],[13.901442554773158,50.99990206766651],[13.901463099943575,50.99983472461215],[13.901469440812514,50.99981365105663],[13.901470068082164,50.999811228887474],[13.90136746780357,50.999798663305164],[13.901353206768828,50.99980509396768],[13.90134378043189,50.99983612055589],[13.9013368177726,50.999835245721115],[13.90132732668707,50.9998388435289],[13.901319297367525,50.99986502711815]]]}},{"type":"Feature","id":"DESNATPU1000ByNT","properties":{"id":"DESNATPU1000ByNT","height_m":3.062,"ground_m":162.866,"height_source":"LoD1 solid top minus bottom","production":"2023","laser":"2017","footprints":"2023"},"geometry":{"type":"Polygon","coordinates":[[[13.896135696357645,51.00622356234524],[13.896036157823131,51.006225589458175],[13.896038368277528,51.006270574527406],[13.896138051546986,51.00626845885143],[13.896135696357645,51.00622356234524]]]}},{"type":"Feature","id":"DESNATP110000o6w","properties":{"id":"DESNATP110000o6w","height_m":8.967,"ground_m":159.735,"height_source":"LoD1 solid top minus bottom","production":"2023","laser":"2017","footprints":"2023"},"geometry":{"type":"Polygon","coordinates":[[[13.896492767797952,51.00611589201406],[13.89651266038985,51.006221844652025],[13.896651694720212,51.00621144910107],[13.896631802028566,51.00610548749384],[13.896492767797952,51.00611589201406]]]}},{"type":"Feature","id":"DESNATP110000o6Q","properties":{"id":"DESNATP110000o6Q","height_m":3.639,"ground_m":315.739,"height_source":"LoD1 solid top minus bottom","production":"2023","laser":"2017","footprints":"2023"},"geometry":{"type":"Polygon","coordinates":[[[13.899513488845402,51.01210059681596],[13.899441486936468,51.012151087779884],[13.899500552318074,51.01218460284736],[13.899572539963629,51.012134111713],[13.899513488845402,51.01210059681596]]]}},{"type":"Feature","id":"DESNATPU1000COYU","properties":{"id":"DESNATPU1000COYU","height_m":4.868,"ground_m":303.234,"height_source":"LoD1 solid top minus bottom","production":"2023","laser":"2017","footprints":"2023"},"geometry":{"type":"Polygon","coordinates":[[[13.893965633867259,51.01232383961891],[13.89389635875098,51.012233075657605],[13.893807877184187,51.012259944861526],[13.893877137699922,51.01235071772994],[13.893965633867259,51.01232383961891]]]}},{"type":"Feature","id":"DESNATPU1000GkvN","properties":{"id":"DESNATPU1000GkvN","height_m":6.573,"ground_m":134.574,"height_source":"LoD1 solid top minus bottom","production":"2023","laser":"2017","footprints":"2023"},"geometry":{"type":"Polygon","coordinates":[[[13.90914651860538,50.99958315866644],[13.909095362462708,50.99966793309138],[13.909216391061655,50.9996969409813],[13.909267259939416,50.99961225375071],[13.90914651860538,50.99958315866644]]]}},{"type":"Feature","id":"DESNATPU1000IFZp","properties":{"id":"DESNATPU1000IFZp","height_m":6.889,"ground_m":124.369,"height_source":"LoD1 solid top minus bottom","production":"2023","laser":"2017","footprints":"2023"},"geometry":{"type":"Polygon","coordinates":[[[13.894969491255432,51.000481489837796],[13.894952181025703,51.00051423991763],[13.894963813689202,51.00051650823276],[13.895034324264948,51.00053003492948],[13.89503028703004,51.000538000376814],[13.895086034536163,51.000549049268145],[13.895099902761583,51.00054720200419],[13.895136990736088,51.000473811431135],[13.895127455399106,51.00046724640273],[13.895056540923425,51.00045272672873],[13.89505984435528,51.00044565362465],[13.89500594716985,51.00043471214994],[13.894992076838609,51.0004366493112],[13.894969491255432,51.000481489837796]]]}},{"type":"Feature","id":"UUID_0b82d532-e350-407b-b97b-fe4e9e49d305","properties":{"id":"UUID_0b82d532-e350-407b-b97b-fe4e9e49d305","height_m":13.76,"ground_m":309.87,"height_source":"LoD1 solid top minus bottom","production":"2023","laser":"2017","footprints":"2023"},"geometry":{"type":"Polygon","coordinates":[[[13.899731950932127,51.01023803665564],[13.89964708307228,51.01025466549694],[13.899652503324834,51.010267774131584],[13.89973938196368,51.01025352034336],[13.899731950932127,51.01023803665564]]]}},{"type":"Feature","id":"UUID_cf879ba4-48ed-43e4-a663-dee7179e965b","properties":{"id":"UUID_cf879ba4-48ed-43e4-a663-dee7179e965b","height_m":3.831,"ground_m":309.571,"height_source":"LoD1 solid top minus bottom","production":"2023","laser":"2017","footprints":"2023"},"geometry":{"type":"Polygon","coordinates":[[[13.89979930382521,51.01022483995123],[13.899781988329451,51.010190324290505],[13.899674172806366,51.01020805000591],[13.899668938883812,51.01019610320182],[13.899625743486816,51.010203466188585],[13.899630740439532,51.01021518594209],[13.899638912071643,51.01023491223357],[13.89964708307228,51.01025466549694],[13.899731950932127,51.01023803665564],[13.89979930382521,51.01022483995123]]]}},{"type":"Feature","id":"DESNATPU1000F5pp","properties":{"id":"DESNATPU1000F5pp","height_m":5.904,"ground_m":298.077,"height_source":"LoD1 solid top minus bottom","production":"2023","laser":"2017","footprints":"2023"},"geometry":{"type":"Polygon","coordinates":[[[13.895896197192194,51.01314881895592],[13.895872078780696,51.01318113607336],[13.895849461713906,51.01321146197377],[13.895852321305878,51.013212307345086],[13.895941546660273,51.01323878906771],[13.895956344697689,51.01321895583517],[13.895988267577035,51.01317615486884],[13.895896197192194,51.01314881895592]]]}},{"type":"Feature","id":"DESNATPU1000B3IT","properties":{"id":"DESNATPU1000B3IT","height_m":7.669,"ground_m":296.822,"height_source":"LoD1 solid top minus bottom","production":"2023","laser":"2017","footprints":"2023"},"geometry":{"type":"Polygon","coordinates":[[[13.895141927569071,51.012554798814314],[13.895016820574313,51.01257999164095],[13.895036973098374,51.012619786645025],[13.895097227343872,51.012738738055646],[13.89518179760168,51.01272169602256],[13.895222249210338,51.01271354433737],[13.895141927569071,51.012554798814314]]]}},{"type":"Feature","id":"DESNATP110000o2P","properties":{"id":"DESNATP110000o2P","height_m":2.481,"ground_m":135.589,"height_source":"LoD1 solid top minus bottom","production":"2023","laser":"2017","footprints":"2023"},"geometry":{"type":"Polygon","coordinates":[[[13.909975649895067,51.00140271143444],[13.909666742594242,51.001388992475135],[13.909661367975566,51.0014370899536],[13.909970289842859,51.001450809061886],[13.909975649895067,51.00140271143444]]]}},{"type":"Feature","id":"DESNATPU1000Fwlv","properties":{"id":"DESNATPU1000Fwlv","height_m":5.375,"ground_m":120.142,"height_source":"LoD1 solid top minus bottom","production":"2023","laser":"2017","footprints":"2023"},"geometry":{"type":"Polygon","coordinates":[[[13.895267448697435,51.00273980293445],[13.895403531064177,51.00268704268133],[13.895312120817957,51.00259319237933],[13.895176178983192,51.00264604378363],[13.895267448697435,51.00273980293445]]]}},{"type":"Feature","id":"DESNATPU1000BpZY","properties":{"id":"DESNATPU1000BpZY","height_m":3.499,"ground_m":133.292,"height_source":"LoD1 solid top minus bottom","production":"2023","laser":"2017","footprints":"2023"},"geometry":{"type":"Polygon","coordinates":[[[13.907630475409007,51.00066162265632],[13.907578894054678,51.00082137471671],[13.907627784134203,51.00082658907965],[13.907679349805429,51.00066810484175],[13.907630475409007,51.00066162265632]]]}},{"type":"Feature","id":"DESNATPU1000BpkN","properties":{"id":"DESNATPU1000BpkN","height_m":5.819,"ground_m":157.748,"height_source":"LoD1 solid top minus bottom","production":"2023","laser":"2017","footprints":"2023"},"geometry":{"type":"Polygon","coordinates":[[[13.895984546551274,51.00607123432421],[13.896004314840383,51.00615115161686],[13.896122566286067,51.006139598071876],[13.896102657641658,51.00605958055234],[13.895984546551274,51.00607123432421]]]}},{"type":"Feature","id":"DESNATPU1000BCBd","properties":{"id":"DESNATPU1000BCBd","height_m":8.036,"ground_m":302.945,"height_source":"LoD1 solid top minus bottom","production":"2023","laser":"2017","footprints":"2023"},"geometry":{"type":"Polygon","coordinates":[[[13.89544141327211,51.01212916723016],[13.895462023243505,51.012158714664146],[13.895466999577277,51.01216586604317],[13.8954910266749,51.01220039183155],[13.895630203814363,51.01216194117519],[13.895606205991102,51.01212737972088],[13.895580706177538,51.01209063679187],[13.895445963060526,51.01212787031208],[13.89544141327211,51.01212916723016]]]}},{"type":"Feature","id":"DESNATP110000o6J","properties":{"id":"DESNATP110000o6J","height_m":4.083,"ground_m":305.304,"height_source":"LoD1 solid top minus bottom","production":"2023","laser":"2017","footprints":"2023"},"geometry":{"type":"Polygon","coordinates":[[[13.896618225327206,51.013422043328816],[13.896623274570285,51.0133186105703],[13.896507383823565,51.013316427940225],[13.896502262633,51.01341987800074],[13.896618225327206,51.013422043328816]]]}},{"type":"Feature","id":"DESNATPU1000JDVJ","properties":{"id":"DESNATPU1000JDVJ","height_m":5.227,"ground_m":175.827,"height_source":"LoD1 solid top minus bottom","production":"2023","laser":"2017","footprints":"2023"},"geometry":{"type":"Polygon","coordinates":[[[13.905076735474635,51.00654668316206],[13.905079673212441,51.00656175569915],[13.905154580201668,51.00655433716348],[13.905132188400819,51.00644290399799],[13.904990684611851,51.00645471635345],[13.905010798256688,51.00655210837263],[13.905076735474635,51.00654668316206]]]}},{"type":"Feature","id":"UUID_1d0b062c-b61f-43b8-a6ab-15e793ae66cb","properties":{"id":"UUID_1d0b062c-b61f-43b8-a6ab-15e793ae66cb","height_m":7.799,"ground_m":127.148,"height_source":"LoD1 solid top minus bottom","production":"2023","laser":"2017","footprints":"2023"},"geometry":{"type":"Polygon","coordinates":[[[13.89888333872438,50.99992114888349],[13.898919760485615,50.99981542156852],[13.898779993120034,50.999796208413464],[13.898743457707917,50.999901907636286],[13.89888333872438,50.99992114888349]]]}},{"type":"Feature","id":"UUID_e2aa31c4-21a5-47e9-9a81-3889e1250824","properties":{"id":"UUID_e2aa31c4-21a5-47e9-9a81-3889e1250824","height_m":5.641,"ground_m":127.148,"height_source":"LoD1 solid top minus bottom","production":"2023","laser":"2017","footprints":"2023"},"geometry":{"type":"Polygon","coordinates":[[[13.89889470901853,50.999888144399804],[13.898914213280266,50.999890819248265],[13.898927879799567,50.99985111874878],[13.898908389802127,50.99984844403695],[13.89889470901853,50.999888144399804]]]}},{"type":"Feature","id":"DESNATGMvh0000ZL","properties":{"id":"DESNATGMvh0000ZL","height_m":2.922,"ground_m":307.671,"height_source":"LoD1 solid top minus bottom","production":"2023","laser":"2017","footprints":"2023"},"geometry":{"type":"Polygon","coordinates":[[[13.896433746520104,51.013848206608415],[13.896423324082386,51.01382904337605],[13.896342619824253,51.01384650952002],[13.896353056485188,51.01386567289396],[13.896433746520104,51.013848206608415]]]}},{"type":"Feature","id":"DESNATGMvh0000Rg","properties":{"id":"DESNATGMvh0000Rg","height_m":2.376,"ground_m":123.504,"height_source":"LoD1 solid top minus bottom","production":"2023","laser":"2017","footprints":"2023"},"geometry":{"type":"Polygon","coordinates":[[[13.901605801705212,50.999504599194566],[13.901679556725528,50.999513521071094],[13.901688841847825,50.99948423773898],[13.90161492247245,50.99947503554473],[13.901605801705212,50.999504599194566]]]}},{"type":"Feature","id":"UUID_89aead59-b2d2-480f-a113-a35a1ae46c53","properties":{"id":"UUID_89aead59-b2d2-480f-a113-a35a1ae46c53","height_m":8.928,"ground_m":342.245,"height_source":"LoD1 solid top minus bottom","production":"2023","laser":"2017","footprints":"2023"},"geometry":{"type":"Polygon","coordinates":[[[13.90505094231329,51.01292564614636],[13.905043671100584,51.012955946759085],[13.905140918467833,51.012965239397374],[13.905148190042238,51.01293492079659],[13.90505094231329,51.01292564614636]]]}},{"type":"Feature","id":"UUID_1834edb9-47bd-489e-8990-8e6b1a417805","properties":{"id":"UUID_1834edb9-47bd-489e-8990-8e6b1a417805","height_m":10.584,"ground_m":342.245,"height_source":"LoD1 solid top minus bottom","production":"2023","laser":"2017","footprints":"2023"},"geometry":{"type":"Polygon","coordinates":[[[13.905014825050511,51.012879965861096],[13.90498377488561,51.0128769949967],[13.904973878107674,51.01291829619656],[13.905004928511188,51.01292125807288],[13.905014825050511,51.012879965861096]]]}},{"type":"Feature","id":"UUID_f6cbfa78-d877-4f53-bc67-1b4a3f41869d","properties":{"id":"UUID_f6cbfa78-d877-4f53-bc67-1b4a3f41869d","height_m":2.995,"ground_m":342.245,"height_source":"LoD1 solid top minus bottom","production":"2023","laser":"2017","footprints":"2023"},"geometry":{"type":"Polygon","coordinates":[[[13.905167514823983,51.012814094486],[13.905043099900343,51.01280223611105],[13.90503468902935,51.01283734619532],[13.905159103621088,51.01284922256138],[13.905167514823983,51.012814094486]]]}},{"type":"Feature","id":"UUID_948f23c7-18bd-4a4c-abf1-368ae6c1d942","properties":{"id":"UUID_948f23c7-18bd-4a4c-abf1-368ae6c1d942","height_m":9.567,"ground_m":342.245,"height_source":"LoD1 solid top minus bottom","production":"2023","laser":"2017","footprints":"2023"},"geometry":{"type":"Polygon","coordinates":[[[13.905014825050511,51.012879965861096],[13.905004928511188,51.01292125807288],[13.90505094231329,51.01292564614636],[13.905148190042238,51.01293492079659],[13.905150529768765,51.01292515853264],[13.905160281816636,51.012884548409346],[13.905168533986524,51.01285012028385],[13.905159103621088,51.01284922256138],[13.90503468902935,51.01283734619532],[13.905025258669253,51.01283644846206],[13.905014825050511,51.012879965861096]]]}},{"type":"Feature","id":"DESNATGMvh0000QK","properties":{"id":"DESNATGMvh0000QK","height_m":3.234,"ground_m":126.257,"height_source":"LoD1 solid top minus bottom","production":"2023","laser":"2017","footprints":"2023"},"geometry":{"type":"Polygon","coordinates":[[[13.897457776722954,51.000354935938084],[13.897422210884814,51.00032338611707],[13.897367067975429,51.00034814456117],[13.897371981412679,51.00035249850794],[13.897364519408828,51.00035585435322],[13.897395271316022,51.00038306017812],[13.897457776722954,51.000354935938084]]]}},{"type":"Feature","id":"DESNATGMvh0000RQ","properties":{"id":"DESNATGMvh0000RQ","height_m":2.271,"ground_m":129.669,"height_source":"LoD1 solid top minus bottom","production":"2023","laser":"2017","footprints":"2023"},"geometry":{"type":"Polygon","coordinates":[[[13.905245284986833,51.00039346759179],[13.90517696373436,51.000383690620204],[13.90516618182011,51.000413679618696],[13.90523448865385,51.00042346545413],[13.905245284986833,51.00039346759179]]]}},{"type":"Feature","id":"DESNATGMvh0000QQ","properties":{"id":"DESNATGMvh0000QQ","height_m":2.999,"ground_m":126.46,"height_source":"LoD1 solid top minus bottom","production":"2023","laser":"2017","footprints":"2023"},"geometry":{"type":"Polygon","coordinates":[[[13.898109630148502,51.00051244454358],[13.898062480508568,51.00050721562984],[13.898048533663944,51.000556904431924],[13.898095411135905,51.00056219373389],[13.898109630148502,51.00051244454358]]]}},{"type":"Feature","id":"DESNATGMvh0000YG","properties":{"id":"DESNATGMvh0000YG","height_m":4.754,"ground_m":150.341,"height_source":"LoD1 solid top minus bottom","production":"2023","laser":"2017","footprints":"2023"},"geometry":{"type":"Polygon","coordinates":[[[13.896633814992676,51.00575029845483],[13.896667777109673,51.005790718253145],[13.896675276426437,51.005799647019714],[13.896736906708096,51.00579071460747],[13.896717757162783,51.00573814150448],[13.896633814992676,51.00575029845483]]]}},{"type":"Feature","id":"DESNATGMvh0000SI","properties":{"id":"DESNATGMvh0000SI","height_m":3.052,"ground_m":132.846,"height_source":"LoD1 solid top minus bottom","production":"2023","laser":"2017","footprints":"2023"},"geometry":{"type":"Polygon","coordinates":[[[13.907571996922508,51.00110351444407],[13.907533509936826,51.00110196749694],[13.907529530040847,51.001141561712345],[13.907540066656214,51.00114198398418],[13.907537688474493,51.0011655679422],[13.907565624642544,51.0011666924864],[13.907571996922508,51.00110351444407]]]}},{"type":"Feature","id":"DESNATGMvh0000QF","properties":{"id":"DESNATGMvh0000QF","height_m":2.338,"ground_m":126.994,"height_source":"LoD1 solid top minus bottom","production":"2023","laser":"2017","footprints":"2023"},"geometry":{"type":"Polygon","coordinates":[[[13.895825342000075,51.00169497387311],[13.89573557834187,51.001695699195075],[13.895736791323001,51.00175566594696],[13.895826555096948,51.00175494062479],[13.895825342000075,51.00169497387311]]]}},{"type":"Feature","id":"DESNATGMvh0000Z7","properties":{"id":"DESNATGMvh0000Z7","height_m":13.407,"ground_m":343.848,"height_source":"LoD1 solid top minus bottom","production":"2023","laser":"2017","footprints":"2023"},"geometry":{"type":"Polygon","coordinates":[[[13.904753333147896,51.01264335081469],[13.904719397897273,51.01263940858777],[13.904699859752233,51.01270631187433],[13.904733795049856,51.012710254107176],[13.904753333147896,51.01264335081469]]]}},{"type":"Feature","id":"DESNATGMvh0000Xo","properties":{"id":"DESNATGMvh0000Xo","height_m":4.553,"ground_m":290.711,"height_source":"LoD1 solid top minus bottom","production":"2023","laser":"2017","footprints":"2023"},"geometry":{"type":"Polygon","coordinates":[[[13.893077283224844,51.01331199389141],[13.893106474275358,51.013375669881434],[13.893148898503735,51.01336793328473],[13.893143206927393,51.0133555052348],[13.89317646772128,51.01334943541919],[13.893165191946824,51.01332485911655],[13.893152953907126,51.01329818736068],[13.893077283224844,51.01331199389141]]]}},{"type":"Feature","id":"DESNATGMvh0000SQ","properties":{"id":"DESNATGMvh0000SQ","height_m":3.0,"ground_m":133.451,"height_source":"LoD1 solid top minus bottom","production":"2023","laser":"2017","footprints":"2023"},"geometry":{"type":"Polygon","coordinates":[[[13.908229442246366,51.00157600177444],[13.908247154594271,51.00157674283993],[13.908245723659386,51.00159034462112],[13.908276236231893,51.00159161897072],[13.90827742747447,51.00158033510094],[13.90829610812931,51.001581112186116],[13.90829932468811,51.00155033278829],[13.908280644045563,51.00154955570369],[13.90828196541727,51.00153697808147],[13.90823375458607,51.00153497179284],[13.908230085313983,51.00156985668435],[13.908229442246366,51.00157600177444]]]}},{"type":"Feature","id":"DESNATGMvh0000RA","properties":{"id":"DESNATGMvh0000RA","height_m":2.388,"ground_m":123.712,"height_source":"LoD1 solid top minus bottom","production":"2023","laser":"2017","footprints":"2023"},"geometry":{"type":"Polygon","coordinates":[[[13.901382189750159,51.00050405640463],[13.901263716178606,51.00049128750855],[13.901250709288124,51.000539339832216],[13.901369182978089,51.00055210874209],[13.901382189750159,51.00050405640463]]]}},{"type":"Feature","id":"DESNATGMvh0000RF","properties":{"id":"DESNATGMvh0000RF","height_m":3.386,"ground_m":145.838,"height_source":"LoD1 solid top minus bottom","production":"2023","laser":"2017","footprints":"2023"},"geometry":{"type":"Polygon","coordinates":[[[13.897962051913126,51.00546172787351],[13.897988577803503,51.005508632919486],[13.89807939260095,51.005487915689244],[13.898052864499805,51.00544110057149],[13.897962051913126,51.00546172787351]]]}},{"type":"Feature","id":"DESNATGMvh0000ZH","properties":{"id":"DESNATGMvh0000ZH","height_m":2.782,"ground_m":305.45,"height_source":"LoD1 solid top minus bottom","production":"2023","laser":"2017","footprints":"2023"},"geometry":{"type":"Polygon","coordinates":[[[13.896374873878193,51.01356274883138],[13.896385356200076,51.01358779394253],[13.896418861349261,51.01358222911113],[13.896398586008681,51.01353372814199],[13.896390249500174,51.013513775254026],[13.89637124126794,51.01351699499424],[13.896389673696353,51.01356025372929],[13.896374873878193,51.01356274883138]]]}},{"type":"Feature","id":"DESNATGMvh0000Rh","properties":{"id":"DESNATGMvh0000Rh","height_m":9.345,"ground_m":128.099,"height_source":"LoD1 solid top minus bottom","production":"2023","laser":"2017","footprints":"2023"},"geometry":{"type":"Polygon","coordinates":[[[13.904236829466969,51.00111499613312],[13.904176380535759,51.001108592789556],[13.904152925794117,51.00119673641892],[13.904143200824091,51.00123324605124],[13.904203379393843,51.00123963788259],[13.904216505005127,51.00119066009605],[13.904236241622492,51.00111696005122],[13.904236829466969,51.00111499613312]]]}},{"type":"Feature","id":"DESNATP1Vq0000zq","properties":{"id":"DESNATP1Vq0000zq","height_m":6.686,"ground_m":128.118,"height_source":"LoD1 solid top minus bottom","production":"2023","laser":"2017","footprints":"2023"},"geometry":{"type":"Polygon","coordinates":[[[13.896164623978015,51.00432382889324],[13.8960864801866,51.00423411538919],[13.895991166407137,51.004267297594566],[13.896069438317303,51.004357012372914],[13.896164623978015,51.00432382889324]]]}},{"type":"Feature","id":"DESNATP110000o2p","properties":{"id":"DESNATP110000o2p","height_m":2.667,"ground_m":136.288,"height_source":"LoD1 solid top minus bottom","production":"2023","laser":"2017","footprints":"2023"},"geometry":{"type":"Polygon","coordinates":[[[13.909888336351694,51.00099365799157],[13.90985619240316,51.001213421728096],[13.909948818754124,51.0012188094111],[13.909980948020612,51.00099904551368],[13.909888336351694,51.00099365799157]]]}},{"type":"Feature","id":"DESNATPU1000FyfV","properties":{"id":"DESNATPU1000FyfV","height_m":6.479,"ground_m":123.699,"height_source":"LoD1 solid top minus bottom","production":"2023","laser":"2017","footprints":"2023"},"geometry":{"type":"Polygon","coordinates":[[[13.90058949030338,51.0010188045796],[13.90056230476056,51.001107128229904],[13.900688141962869,51.00112256605325],[13.900715596517927,51.001034307855775],[13.90058949030338,51.0010188045796]]]}},{"type":"Feature","id":"UUID_05319647-ec46-429d-9328-e013f830984e","properties":{"id":"UUID_05319647-ec46-429d-9328-e013f830984e","height_m":3.755,"ground_m":127.769,"height_source":"LoD1 solid top minus bottom","production":"2023","laser":"2017","footprints":"2023"},"geometry":{"type":"Polygon","coordinates":[[[13.900087603193782,50.99655394404201],[13.900105785031009,50.99651846757645],[13.90008768856107,50.99651477199828],[13.900069432497993,50.9965503736621],[13.900054971290823,50.99657856497521],[13.90007308203033,50.9965822606927],[13.900087603193782,50.99655394404201]]]}},{"type":"Feature","id":"UUID_e9f38098-21cc-4118-9dd8-203c62210af0","properties":{"id":"UUID_e9f38098-21cc-4118-9dd8-203c62210af0","height_m":3.257,"ground_m":127.769,"height_source":"LoD1 solid top minus bottom","production":"2023","laser":"2017","footprints":"2023"},"geometry":{"type":"Polygon","coordinates":[[[13.900163522411004,50.99659890362992],[13.90017855569731,50.996601967837094],[13.900188191922677,50.99658316458263],[13.900225241430864,50.99651092310431],[13.900120605133148,50.99648956020803],[13.900105785031009,50.99651846757645],[13.900083210994536,50.996562508844086],[13.90007308203033,50.9965822606927],[13.900102141472551,50.9965881907964],[13.900163522411004,50.99659890362992]]]}},{"type":"Feature","id":"DESNATPU1000Gtau","properties":{"id":"DESNATPU1000Gtau","height_m":7.581,"ground_m":312.746,"height_source":"LoD1 solid top minus bottom","production":"2023","laser":"2017","footprints":"2023"},"geometry":{"type":"Polygon","coordinates":[[[13.897064251924219,51.011316159816985],[13.897063437964745,51.01131441651727],[13.897093405189262,51.01130889004009],[13.897059232764802,51.011235087052704],[13.897003379194947,51.011245378146135],[13.897002117531201,51.01124267737955],[13.896989629606175,51.01123908825321],[13.896967408359197,51.01124318603089],[13.896960281051646,51.0112503849476],[13.896961528461167,51.011253085580066],[13.89690412838128,51.01126366778172],[13.896938300579132,51.01133747081272],[13.896969570738298,51.01133170486926],[13.896970384481246,51.0113334571604],[13.897064251924219,51.011316159816985]]]}},{"type":"Feature","id":"DESNATGMvh0000Yo","properties":{"id":"DESNATGMvh0000Yo","height_m":3.404,"ground_m":299.227,"height_source":"LoD1 solid top minus bottom","production":"2023","laser":"2017","footprints":"2023"},"geometry":{"type":"Polygon","coordinates":[[[13.894360537150545,51.012731607104676],[13.89436919019733,51.01275019622894],[13.894428297907822,51.01273924473463],[13.894419644839306,51.01272065561458],[13.894360537150545,51.012731607104676]]]}},{"type":"Feature","id":"DESNATP1Vq000108","properties":{"id":"DESNATP1Vq000108","height_m":7.252,"ground_m":135.489,"height_source":"LoD1 solid top minus bottom","production":"2023","laser":"2017","footprints":"2023"},"geometry":{"type":"Polygon","coordinates":[[[13.900839738866022,51.004712881369436],[13.900854112023643,51.004732531048106],[13.900881960596147,51.00477061691404],[13.900888864202303,51.00478005239678],[13.900935967429307,51.00476633180978],[13.90096207348936,51.00475873564477],[13.901001168226056,51.004747349773815],[13.900952042760649,51.00468017879255],[13.900839738866022,51.004712881369436]]]}},{"type":"Feature","id":"DESNATPU1000D4mt","properties":{"id":"DESNATPU1000D4mt","height_m":2.946,"ground_m":303.506,"height_source":"LoD1 solid top minus bottom","production":"2023","laser":"2017","footprints":"2023"},"geometry":{"type":"Polygon","coordinates":[[[13.892284232240845,51.01242822550961],[13.892318878091041,51.01249384192178],[13.892382920214876,51.012480420250476],[13.892348416806945,51.012414805207825],[13.892284232240845,51.01242822550961]]]}},{"type":"Feature","id":"DESNATP1Vq000102","properties":{"id":"DESNATP1Vq000102","height_m":20.818,"ground_m":185.554,"height_source":"LoD1 solid top minus bottom","production":"2023","laser":"2017","footprints":"2023"},"geometry":{"type":"Polygon","coordinates":[[[13.898819892016407,51.0067138493893],[13.898820466465992,51.00675399881448],[13.898856690278674,51.00675379166937],[13.898856130048419,51.006713642378486],[13.898819892016407,51.0067138493893]]]}},{"type":"Feature","id":"DESNATGMvh0000ZC","properties":{"id":"DESNATGMvh0000ZC","height_m":2.777,"ground_m":307.079,"height_source":"LoD1 solid top minus bottom","production":"2023","laser":"2017","footprints":"2023"},"geometry":{"type":"Polygon","coordinates":[[[13.897584298116913,51.012770450834],[13.897612067489781,51.012807754298684],[13.897764159697461,51.01276271431249],[13.897724854268068,51.01271171388982],[13.89766008995747,51.0127315975132],[13.897670278528649,51.01274500302291],[13.897584298116913,51.012770450834]]]}},{"type":"Feature","id":"DESNATP1Vq0000yf","properties":{"id":"DESNATP1Vq0000yf","height_m":3.382,"ground_m":316.183,"height_source":"LoD1 solid top minus bottom","production":"2023","laser":"2017","footprints":"2023"},"geometry":{"type":"Polygon","coordinates":[[[13.899841915164096,51.012341181343935],[13.899750343287682,51.012385525976214],[13.899803382963213,51.01242911905684],[13.899894955088921,51.01238476539271],[13.899841915164096,51.012341181343935]]]}},{"type":"Feature","id":"DESNATP1Vq0000yr","properties":{"id":"DESNATP1Vq0000yr","height_m":4.525,"ground_m":343.264,"height_source":"LoD1 solid top minus bottom","production":"2023","laser":"2017","footprints":"2023"},"geometry":{"type":"Polygon","coordinates":[[[13.904260266663966,51.01315784728902],[13.904399417053307,51.01313062698046],[13.904373336165683,51.01307769347449],[13.90423418592046,51.013104913753104],[13.904260266663966,51.01315784728902]]]}},{"type":"Feature","id":"DESNATP110000o5h","properties":{"id":"DESNATP110000o5h","height_m":3.243,"ground_m":129.841,"height_source":"LoD1 solid top minus bottom","production":"2023","laser":"2017","footprints":"2023"},"geometry":{"type":"Polygon","coordinates":[[[13.905332208802195,50.9996158079263],[13.905309102895131,50.99967956648561],[13.905389025441055,50.999691097774665],[13.905412131244786,50.999627339199044],[13.905332208802195,50.9996158079263]]]}},{"type":"Feature","id":"UUID_e378aa3b-3608-43b3-b585-650954a657bf","properties":{"id":"UUID_e378aa3b-3608-43b3-b585-650954a657bf","height_m":3.324,"ground_m":120.646,"height_source":"LoD1 solid top minus bottom","production":"2023","laser":"2017","footprints":"2023"},"geometry":{"type":"Polygon","coordinates":[[[13.894837618538826,51.00249392009372],[13.894917045995246,51.00248079547725],[13.894905330922686,51.00245258202887],[13.894905304346697,51.002452500841905],[13.894825836964928,51.002465508165656],[13.894837618538826,51.00249392009372]]]}},{"type":"Feature","id":"UUID_aadd208c-1827-45d7-a4fc-c648aa03367d","properties":{"id":"UUID_aadd208c-1827-45d7-a4fc-c648aa03367d","height_m":7.989,"ground_m":120.646,"height_source":"LoD1 solid top minus bottom","production":"2023","laser":"2017","footprints":"2023"},"geometry":{"type":"Polygon","coordinates":[[[13.894591771458579,51.00241500213014],[13.894609723274744,51.00245844554751],[13.894626152345971,51.00249819648136],[13.894683472834972,51.002488729776594],[13.894825729166053,51.002465246353445],[13.894825836964928,51.002465508165656],[13.894905304346697,51.002452500841905],[13.894905330922686,51.00245258202887],[13.894956570363833,51.00244410983091],[13.894946594102917,51.00242009450549],[13.894943129417243,51.00241175234671],[13.894965965241944,51.00240801149518],[13.894955412578945,51.00238246193505],[13.894935567038049,51.00238571847744],[13.894932190326976,51.00238627107201],[13.894921451165306,51.002360773701625],[13.894591771458579,51.00241500213014]]]}},{"type":"Feature","id":"DESNATP110000o2h","properties":{"id":"DESNATP110000o2h","height_m":2.937,"ground_m":129.802,"height_source":"LoD1 solid top minus bottom","production":"2023","laser":"2017","footprints":"2023"},"geometry":{"type":"Polygon","coordinates":[[[13.905368196306133,51.00115578217323],[13.905372137359775,51.00120391279818],[13.905507992966703,51.001199475191235],[13.905504037523777,51.00115134443648],[13.905368196306133,51.00115578217323]]]}},{"type":"Feature","id":"DESNATPU1000H3Tp","properties":{"id":"DESNATPU1000H3Tp","height_m":2.382,"ground_m":298.004,"height_source":"LoD1 solid top minus bottom","production":"2023","laser":"2017","footprints":"2023"},"geometry":{"type":"Polygon","coordinates":[[[13.895872078780696,51.01318113607336],[13.895781792107902,51.013154329517576],[13.895747174776336,51.01320072907129],[13.895840335363765,51.01322838116036],[13.895852321305878,51.013212307345086],[13.895849461713906,51.01321146197377],[13.895872078780696,51.01318113607336]]]}},{"type":"Feature","id":"UUID_5ddb9a3b-1bec-4aeb-b4d4-4cbcff4e6fed","properties":{"id":"UUID_5ddb9a3b-1bec-4aeb-b4d4-4cbcff4e6fed","height_m":6.065,"ground_m":136.798,"height_source":"LoD1 solid top minus bottom","production":"2023","laser":"2017","footprints":"2023"},"geometry":{"type":"Polygon","coordinates":[[[13.896246191848146,51.005152111551496],[13.896276420254702,51.00514022082909],[13.896267011437192,51.0051306804683],[13.8963258995728,51.00510753167021],[13.89629421001244,51.00507769082634],[13.896260359099205,51.00504583314435],[13.896218675866047,51.005062327887615],[13.896111798438325,51.0051046275926],[13.896143363938366,51.00513668854496],[13.896150933120074,51.00513365753242],[13.896151336770322,51.00513406602396],[13.896181174353508,51.00516446495046],[13.89623678324789,51.0051425621975],[13.896246191848146,51.005152111551496]]]}},{"type":"Feature","id":"UUID_e44f8d53-0370-43a6-945a-12247955a017","properties":{"id":"UUID_e44f8d53-0370-43a6-945a-12247955a017","height_m":5.172,"ground_m":136.798,"height_source":"LoD1 solid top minus bottom","production":"2023","laser":"2017","footprints":"2023"},"geometry":{"type":"Polygon","coordinates":[[[13.896111798438325,51.0051046275926],[13.896218675866047,51.005062327887615],[13.896203474968566,51.005047004361195],[13.896145376366931,51.005069917750966],[13.89615515223532,51.00507960547518],[13.896113842852058,51.005095959828026],[13.896119257884108,51.00510141568847],[13.89611164531512,51.00510447326754],[13.896111798438325,51.0051046275926]]]}},{"type":"Feature","id":"UUID_59aaaf68-575c-43d8-b5f0-8cf71ac10f8b","properties":{"id":"UUID_59aaaf68-575c-43d8-b5f0-8cf71ac10f8b","height_m":3.201,"ground_m":125.376,"height_source":"LoD1 solid top minus bottom","production":"2023","laser":"2017","footprints":"2023"},"geometry":{"type":"Polygon","coordinates":[[[13.895319307259658,51.00132147445199],[13.895244389935527,51.001312213833806],[13.89522508312416,51.001374414619974],[13.895222984249402,51.00138117537635],[13.895277225817402,51.00138786638673],[13.89529790210699,51.00139041802717],[13.895319307259658,51.00132147445199]]]}},{"type":"Feature","id":"UUID_b98f753d-7642-4fcb-bd66-7d6a2524665e","properties":{"id":"UUID_b98f753d-7642-4fcb-bd66-7d6a2524665e","height_m":3.137,"ground_m":125.376,"height_source":"LoD1 solid top minus bottom","production":"2023","laser":"2017","footprints":"2023"},"geometry":{"type":"Polygon","coordinates":[[[13.895212351161458,51.00141541849523],[13.895266592554165,51.00142211850155],[13.895277225817402,51.00138786638673],[13.895222984249402,51.00138117537635],[13.895212351161458,51.00141541849523]]]}},{"type":"Feature","id":"UUID_11a97139-c1f9-4ebf-8cdc-89d67ec38841","properties":{"id":"UUID_11a97139-c1f9-4ebf-8cdc-89d67ec38841","height_m":3.178,"ground_m":125.376,"height_source":"LoD1 solid top minus bottom","production":"2023","laser":"2017","footprints":"2023"},"geometry":{"type":"Polygon","coordinates":[[[13.895212351161458,51.00141541849523],[13.89522508312416,51.001374414619974],[13.895176469429378,51.00136839731428],[13.895163737212071,51.00140941017486],[13.895212351161458,51.00141541849523]]]}},{"type":"Feature","id":"DESNATPU1000D3fp","properties":{"id":"DESNATPU1000D3fp","height_m":3.022,"ground_m":134.184,"height_source":"LoD1 solid top minus bottom","production":"2023","laser":"2017","footprints":"2023"},"geometry":{"type":"Polygon","coordinates":[[[13.908385402017265,51.000151411063776],[13.908433083220048,51.0000568922175],[13.908388119778689,51.000047749037485],[13.908340719247173,51.000142450345244],[13.908385402017265,51.000151411063776]]]}},{"type":"Feature","id":"DESNATPU1000GTfZ","properties":{"id":"DESNATPU1000GTfZ","height_m":2.386,"ground_m":129.498,"height_source":"LoD1 solid top minus bottom","production":"2023","laser":"2017","footprints":"2023"},"geometry":{"type":"Polygon","coordinates":[[[13.905118444184435,50.99941862411001],[13.905183923992054,50.99942554174874],[13.905197499253063,50.999374346824354],[13.905161660110355,50.999370566701074],[13.905164600573526,50.999359470113625],[13.905134959773656,50.99935634159778],[13.905110834864743,50.999353795347375],[13.905094319244228,50.999416077856004],[13.905118444184435,50.99941862411001]]]}},{"type":"Feature","id":"DESNATPU1000HTp4","properties":{"id":"DESNATPU1000HTp4","height_m":7.124,"ground_m":135.703,"height_source":"LoD1 solid top minus bottom","production":"2023","laser":"2017","footprints":"2023"},"geometry":{"type":"Polygon","coordinates":[[[13.897369462432131,51.00485531612981],[13.897591467531614,51.00476404755035],[13.897530417851975,51.00470526082797],[13.897308428232792,51.00479648447372],[13.897369462432131,51.00485531612981]]]}},{"type":"Feature","id":"DESNATPU1000IxQo","properties":{"id":"DESNATPU1000IxQo","height_m":3.042,"ground_m":126.964,"height_source":"LoD1 solid top minus bottom","production":"2023","laser":"2017","footprints":"2023"},"geometry":{"type":"Polygon","coordinates":[[[13.8967976156284,51.001453447693784],[13.896781270783887,51.0015356677892],[13.896799905002498,51.00153719268107],[13.896839040742018,51.00153963058934],[13.896840881079113,51.00152813712814],[13.896846572153548,51.00152855058086],[13.896857807814035,51.00145743335829],[13.8967976156284,51.001453447693784]]]}},{"type":"Feature","id":"DESNATPU1000Bvow","properties":{"id":"DESNATPU1000Bvow","height_m":2.771,"ground_m":314.354,"height_source":"LoD1 solid top minus bottom","production":"2023","laser":"2017","footprints":"2023"},"geometry":{"type":"Polygon","coordinates":[[[13.898997085204382,51.01113137688208],[13.899067912261732,51.01113708028697],[13.899075559915275,51.01109705333347],[13.899079946312096,51.01107435180569],[13.899009251010535,51.01106910828353],[13.898997085204382,51.01113137688208]]]}},{"type":"Feature","id":"DESNATPU1000EWcC","properties":{"id":"DESNATPU1000EWcC","height_m":2.905,"ground_m":136.276,"height_source":"LoD1 solid top minus bottom","production":"2023","laser":"2017","footprints":"2023"},"geometry":{"type":"Polygon","coordinates":[[[13.910216074167975,51.001451780097824],[13.91023442882478,51.00153216739748],[13.91040410590863,51.001516753570236],[13.910385893454295,51.00143636762425],[13.910294059344904,51.001444593838166],[13.910216074167975,51.001451780097824]]]}},{"type":"Feature","id":"DESNATPU1000EFSp","properties":{"id":"DESNATPU1000EFSp","height_m":2.941,"ground_m":134.03,"height_source":"LoD1 solid top minus bottom","production":"2023","laser":"2017","footprints":"2023"},"geometry":{"type":"Polygon","coordinates":[[[13.90812862199544,51.000926981802635],[13.908211766906016,51.00093675169079],[13.90824897350126,51.00080886154193],[13.908165539612957,51.000799268835365],[13.90812862199544,51.000926981802635]]]}},{"type":"Feature","id":"DESNATPU1000B9KB","properties":{"id":"DESNATPU1000B9KB","height_m":5.19,"ground_m":132.297,"height_source":"LoD1 solid top minus bottom","production":"2023","laser":"2017","footprints":"2023"},"geometry":{"type":"Polygon","coordinates":[[[13.907213610669132,51.000281697534426],[13.907232637595516,51.00024647969863],[13.907183971270536,51.000236015443136],[13.907142310007698,51.00022705555117],[13.907131575736795,51.000224742897615],[13.907112562780716,51.00025996984082],[13.907107060913475,51.0002587852739],[13.907084353279558,51.000300830191904],[13.907063848762315,51.0002964207273],[13.907050929834263,51.000320364702176],[13.907071420112075,51.00032477403578],[13.907060975259649,51.00034410984536],[13.907118872999844,51.00035655799884],[13.90717194965892,51.00036796282055],[13.907217978139448,51.00028263767143],[13.907213610669132,51.000281697534426]]]}},{"type":"Feature","id":"UUID_c0052cd2-ec8b-4271-b9b3-f022eff49932","properties":{"id":"UUID_c0052cd2-ec8b-4271-b9b3-f022eff49932","height_m":2.822,"ground_m":314.653,"height_source":"LoD1 solid top minus bottom","production":"2023","laser":"2017","footprints":"2023"},"geometry":{"type":"Polygon","coordinates":[[[13.898653492113757,51.01122953263544],[13.898671586909373,51.011266034226914],[13.898769692241675,51.01124672509846],[13.898751483360199,51.01121022244697],[13.898653492113757,51.01122953263544]]]}},{"type":"Feature","id":"UUID_c44066bf-ac3e-4a85-87b0-cf0b9c7d1a67","properties":{"id":"UUID_c44066bf-ac3e-4a85-87b0-cf0b9c7d1a67","height_m":6.325,"ground_m":314.653,"height_source":"LoD1 solid top minus bottom","production":"2023","laser":"2017","footprints":"2023"},"geometry":{"type":"Polygon","coordinates":[[[13.898601826307615,51.01114669827557],[13.898601853320747,51.01114676148002],[13.898548291133464,51.0111572277896],[13.898590332022115,51.01124197683972],[13.898653492113757,51.01122953263544],[13.898751483360199,51.01121022244697],[13.898751442733671,51.01121013213575],[13.898709269051707,51.011125561748855],[13.898666732033432,51.011133973757026],[13.898666718846265,51.011133928668585],[13.898601826307615,51.01114669827557]]]}},{"type":"Feature","id":"UUID_54927649-9a6e-4fe2-aa3f-eaa0d31160f2","properties":{"id":"UUID_54927649-9a6e-4fe2-aa3f-eaa0d31160f2","height_m":3.169,"ground_m":314.653,"height_source":"LoD1 solid top minus bottom","production":"2023","laser":"2017","footprints":"2023"},"geometry":{"type":"Polygon","coordinates":[[[13.898597712075237,51.01113503176487],[13.898601826307615,51.01114669827557],[13.898666718846265,51.011133928668585],[13.898662852386243,51.01112323572118],[13.898597712075237,51.01113503176487]]]}},{"type":"Feature","id":"DESNATGMvh0000Q9","properties":{"id":"DESNATGMvh0000Q9","height_m":9.163,"ground_m":120.486,"height_source":"LoD1 solid top minus bottom","production":"2023","laser":"2017","footprints":"2023"},"geometry":{"type":"Polygon","coordinates":[[[13.895595777301166,51.002435819604024],[13.895604357719025,51.00247361669777],[13.89567517371942,51.00246720874896],[13.89566659303156,51.002429420650856],[13.895595777301166,51.002435819604024]]]}},{"type":"Feature","id":"DESNATPU1000I4pq","properties":{"id":"DESNATPU1000I4pq","height_m":4.023,"ground_m":124.714,"height_source":"LoD1 solid top minus bottom","production":"2023","laser":"2017","footprints":"2023"},"geometry":{"type":"Polygon","coordinates":[[[13.894979951731518,51.001013029965605],[13.894986916629396,51.00099881520641],[13.894991598241363,51.00099972280099],[13.895014807033803,51.001004249893505],[13.895054876724208,51.00092235334277],[13.895031667754902,51.000917835249204],[13.8949995073035,51.00091156880731],[13.894952472620066,51.00100768009619],[13.894979951731518,51.001013029965605]]]}},{"type":"Feature","id":"DESNATP110000o70","properties":{"id":"DESNATP110000o70","height_m":7.909,"ground_m":155.643,"height_source":"LoD1 solid top minus bottom","production":"2023","laser":"2017","footprints":"2023"},"geometry":{"type":"Polygon","coordinates":[[[13.898358228229416,51.00594176981063],[13.89839490134952,51.0060068100679],[13.898385587056755,51.00600889850846],[13.89839476804202,51.00602567577936],[13.898468655136828,51.006009573827164],[13.898423719340279,51.00592749519874],[13.898358228229416,51.00594176981063]]]}},{"type":"Feature","id":"UUID_8b60d5e9-52d5-490e-9542-e0959884f9c5","properties":{"id":"UUID_8b60d5e9-52d5-490e-9542-e0959884f9c5","height_m":8.529,"ground_m":128.656,"height_source":"LoD1 solid top minus bottom","production":"2023","laser":"2017","footprints":"2023"},"geometry":{"type":"Polygon","coordinates":[[[13.895536967113657,51.00442024442575],[13.895622023522828,51.00439408795679],[13.895545636151358,51.00429527195289],[13.895460608594927,51.00432141964617],[13.895536967113657,51.00442024442575]]]}},{"type":"Feature","id":"UUID_c89f15e7-b31f-4846-a429-4604a799b8aa","properties":{"id":"UUID_c89f15e7-b31f-4846-a429-4604a799b8aa","height_m":8.755,"ground_m":128.656,"height_source":"LoD1 solid top minus bottom","production":"2023","laser":"2017","footprints":"2023"},"geometry":{"type":"Polygon","coordinates":[[[13.895590149407186,51.00435285124307],[13.895622152975427,51.00434301884509],[13.895577654365862,51.00428542171987],[13.895545636151358,51.00429527195289],[13.895590149407186,51.00435285124307]]]}},{"type":"Feature","id":"UUID_c645b020-3cac-4ea1-a4cb-6cf1a6ea72e6","properties":{"id":"UUID_c645b020-3cac-4ea1-a4cb-6cf1a6ea72e6","height_m":8.209,"ground_m":321.66,"height_source":"LoD1 solid top minus bottom","production":"2023","laser":"2017","footprints":"2023"},"geometry":{"type":"Polygon","coordinates":[[[13.90694483398751,51.01302286713074],[13.906967406790624,51.01303655854224],[13.906999266574966,51.01301540871785],[13.90697768637993,51.01300194242608],[13.90694483398751,51.01302286713074]]]}},{"type":"Feature","id":"UUID_5a5f2088-bc05-4b5e-aa47-bafec67d6656","properties":{"id":"UUID_5a5f2088-bc05-4b5e-aa47-bafec67d6656","height_m":9.041,"ground_m":321.66,"height_source":"LoD1 solid top minus bottom","production":"2023","laser":"2017","footprints":"2023"},"geometry":{"type":"Polygon","coordinates":[[[13.907087471198707,51.01298913846675],[13.907134101166722,51.01295943970393],[13.90705285042661,51.012909426002146],[13.907006898570954,51.012938780356464],[13.907087471198707,51.01298913846675]]]}},{"type":"Feature","id":"UUID_b8e5f015-a528-4031-a3cd-f85d8b744ac1","properties":{"id":"UUID_b8e5f015-a528-4031-a3cd-f85d8b744ac1","height_m":9.76,"ground_m":321.66,"height_source":"LoD1 solid top minus bottom","production":"2023","laser":"2017","footprints":"2023"},"geometry":{"type":"Polygon","coordinates":[[[13.907006898570954,51.012938780356464],[13.906956180512971,51.01290709180811],[13.906926831811036,51.012888741671],[13.906909537207474,51.012877932370635],[13.906905528377997,51.01288048479725],[13.90684495942818,51.01291914479445],[13.906862297000806,51.01292994551349],[13.906891561878492,51.01294822293989],[13.90690201527828,51.012954723627416],[13.90697768637993,51.01300194242608],[13.906999266574966,51.01301540871785],[13.907022996569433,51.01303020806799],[13.907087471198707,51.01298913846675],[13.907006898570954,51.012938780356464]]]}},{"type":"Feature","id":"DESNATPU1000FvvW","properties":{"id":"DESNATPU1000FvvW","height_m":2.567,"ground_m":309.704,"height_source":"LoD1 solid top minus bottom","production":"2023","laser":"2017","footprints":"2023"},"geometry":{"type":"Polygon","coordinates":[[[13.893356582336825,51.01156374487239],[13.893386513012128,51.01159990975875],[13.893504764029752,51.01156083177025],[13.893474686486803,51.01152484537982],[13.893356582336825,51.01156374487239]]]}},{"type":"Feature","id":"DESNATPU1000FVGX","properties":{"id":"DESNATPU1000FVGX","height_m":2.731,"ground_m":324.461,"height_source":"LoD1 solid top minus bottom","production":"2023","laser":"2017","footprints":"2023"},"geometry":{"type":"Polygon","coordinates":[[[13.900922199947749,51.013267987078876],[13.900982426127579,51.01323501037734],[13.900921600583896,51.01319082301976],[13.900861234018512,51.01322370844122],[13.900922199947749,51.013267987078876]]]}},{"type":"Feature","id":"DESNATPU1000E0Gw","properties":{"id":"DESNATPU1000E0Gw","height_m":11.751,"ground_m":325.612,"height_source":"LoD1 solid top minus bottom","production":"2023","laser":"2017","footprints":"2023"},"geometry":{"type":"Polygon","coordinates":[[[13.901711794437565,51.012073314401334],[13.90165238676354,51.01207896998058],[13.901653399467264,51.012083170156835],[13.901593305965902,51.012088891201394],[13.90160404867695,51.012133794446115],[13.901614906934956,51.012179238345155],[13.901793744647845,51.012162214401144],[13.90178287196622,51.012116770383564],[13.901772129085892,51.01207186715411],[13.90171280714655,51.01207751457712],[13.901711794437565,51.012073314401334]]]}},{"type":"Feature","id":"UUID_6a0a0355-a7e4-426b-8c18-4a789b8f5320","properties":{"id":"UUID_6a0a0355-a7e4-426b-8c18-4a789b8f5320","height_m":4.347,"ground_m":125.823,"height_source":"LoD1 solid top minus bottom","production":"2023","laser":"2017","footprints":"2023"},"geometry":{"type":"Polygon","coordinates":[[[13.902480016404454,51.00090071651932],[13.90268467871291,51.000925939482514],[13.902705550710932,51.00085858130948],[13.902614985988656,51.00084742484655],[13.902500888474268,51.00083336737517],[13.902480016404454,51.00090071651932]]]}},{"type":"Feature","id":"UUID_f02b1e47-560e-4906-9a9f-d6cd328a8faf","properties":{"id":"UUID_f02b1e47-560e-4906-9a9f-d6cd328a8faf","height_m":4.257,"ground_m":125.823,"height_source":"LoD1 solid top minus bottom","production":"2023","laser":"2017","footprints":"2023"},"geometry":{"type":"Polygon","coordinates":[[[13.902614985988656,51.00084742484655],[13.902705550710932,51.00085858130948],[13.902723970653435,51.00079910480823],[13.902633420715143,51.00078793051229],[13.902614985988656,51.00084742484655]]]}},{"type":"Feature","id":"DESNATPU1000BWOJ","properties":{"id":"DESNATPU1000BWOJ","height_m":2.403,"ground_m":309.699,"height_source":"LoD1 solid top minus bottom","production":"2023","laser":"2017","footprints":"2023"},"geometry":{"type":"Polygon","coordinates":[[[13.893410077934123,51.01147828010402],[13.893243605428415,51.011536955226276],[13.893244577391352,51.0115380435731],[13.893191865694956,51.01155463061245],[13.893212861101803,51.01158288713532],[13.893267972134028,51.011567312025726],[13.893438386079579,51.01151074254966],[13.893410077934123,51.01147828010402]]]}},{"type":"Feature","id":"DESNATPU1000CJfw","properties":{"id":"DESNATPU1000CJfw","height_m":5.722,"ground_m":126.443,"height_source":"LoD1 solid top minus bottom","production":"2023","laser":"2017","footprints":"2023"},"geometry":{"type":"Polygon","coordinates":[[[13.896265061511464,51.00163753702253],[13.896265586390028,51.00169950267035],[13.896354096518742,51.00169934963398],[13.896354203546156,51.00171886511435],[13.896392120994756,51.001718593809926],[13.896391877860633,51.001698807258634],[13.89647910983987,51.0016984621966],[13.896478435787111,51.00163676492686],[13.896265061511464,51.00163753702253]]]}},{"type":"Feature","id":"DESNATPU1000Dxki","properties":{"id":"DESNATPU1000Dxki","height_m":2.4,"ground_m":134.535,"height_source":"LoD1 solid top minus bottom","production":"2023","laser":"2017","footprints":"2023"},"geometry":{"type":"Polygon","coordinates":[[[13.895809209340603,51.005002217408865],[13.895850224587608,51.005045680744416],[13.895927024389165,51.00501673018278],[13.895886151595683,51.004973268220425],[13.895809209340603,51.005002217408865]]]}},{"type":"Feature","id":"UUID_c47ced9c-32b1-4d6d-a6fa-7864a267d653","properties":{"id":"UUID_c47ced9c-32b1-4d6d-a6fa-7864a267d653","height_m":6.359,"ground_m":123.599,"height_source":"LoD1 solid top minus bottom","production":"2023","laser":"2017","footprints":"2023"},"geometry":{"type":"Polygon","coordinates":[[[13.901859773309031,50.9992132625329],[13.901825387213261,50.99923668940113],[13.901871053299638,50.99926427704862],[13.901912008864773,50.99924388854773],[13.901859773309031,50.9992132625329]]]}},{"type":"Feature","id":"UUID_5d1a2a50-7032-468e-af7e-11ce7d7eba68","properties":{"id":"UUID_5d1a2a50-7032-468e-af7e-11ce7d7eba68","height_m":6.896,"ground_m":123.599,"height_source":"LoD1 solid top minus bottom","production":"2023","laser":"2017","footprints":"2023"},"geometry":{"type":"Polygon","coordinates":[[[13.902041232603777,50.999070372163985],[13.902056268175478,50.99907941638758],[13.901859773309031,50.9992132625329],[13.901912008864773,50.99924388854773],[13.901930184492008,50.999254545042305],[13.901962051672369,50.999273225938275],[13.9021623570717,50.999137338084395],[13.902130235767128,50.999118555933215],[13.902128900215773,50.999117778990566],[13.902044274188944,50.999068305417346],[13.902041232603777,50.999070372163985]]]}},{"type":"Feature","id":"UUID_2163ae92-879d-4657-b65b-3b0ac97b7e93","properties":{"id":"UUID_2163ae92-879d-4657-b65b-3b0ac97b7e93","height_m":6.832,"ground_m":123.599,"height_source":"LoD1 solid top minus bottom","production":"2023","laser":"2017","footprints":"2023"},"geometry":{"type":"Polygon","coordinates":[[[13.902128900215773,50.999117778990566],[13.902227681921552,50.9990505415081],[13.902143340238405,50.99900109765648],[13.902044274188944,50.999068305417346],[13.902128900215773,50.999117778990566]]]}},{"type":"Feature","id":"DESNATPU1000F1ms","properties":{"id":"DESNATPU1000F1ms","height_m":2.579,"ground_m":134.019,"height_source":"LoD1 solid top minus bottom","production":"2023","laser":"2017","footprints":"2023"},"geometry":{"type":"Polygon","coordinates":[[[13.908209479811068,51.000627376724665],[13.908214019254794,51.0006100629718],[13.908214967036491,51.0006061149808],[13.908150295475995,51.00059867602578],[13.908143781260376,51.00062118716569],[13.908137671166315,51.000620410633644],[13.908131833502555,51.00064445687827],[13.908141305302397,51.00065380802457],[13.90813108644387,51.00068842487011],[13.908191923609568,51.00069528843048],[13.908201002520624,51.00066066092641],[13.908209479811068,51.000627376724665]]]}},{"type":"Feature","id":"DESNATPU1000BsaG","properties":{"id":"DESNATPU1000BsaG","height_m":3.0,"ground_m":303.378,"height_source":"LoD1 solid top minus bottom","production":"2023","laser":"2017","footprints":"2023"},"geometry":{"type":"Polygon","coordinates":[[[13.896960750885246,51.01259821636501],[13.89677056205339,51.01264468515791],[13.896800468426264,51.012693429886745],[13.896873606523945,51.012675721129845],[13.89694409354809,51.01279078436288],[13.897060941968016,51.01276215718968],[13.897037736231177,51.01272419523356],[13.897018428066247,51.012692601016774],[13.896960750885246,51.01259821636501]]]}},{"type":"Feature","id":"DESNATGMvh0000Xx","properties":{"id":"DESNATGMvh0000Xx","height_m":4.892,"ground_m":310.526,"height_source":"LoD1 solid top minus bottom","production":"2023","laser":"2017","footprints":"2023"},"geometry":{"type":"Polygon","coordinates":[[[13.896758289135139,51.01091978088534],[13.896737976962408,51.010923330097825],[13.89675227066989,51.01095594716949],[13.896772596894431,51.01095240708002],[13.896758289135139,51.01091978088534]]]}},{"type":"Feature","id":"DESNATP110000o6c","properties":{"id":"DESNATP110000o6c","height_m":10.474,"ground_m":299.992,"height_source":"LoD1 solid top minus bottom","production":"2023","laser":"2017","footprints":"2023"},"geometry":{"type":"Polygon","coordinates":[[[13.89496159650629,51.01235017921332],[13.89493984350572,51.012305755735426],[13.89485432841931,51.01232239297084],[13.89486312503424,51.0123403449266],[13.894854504897129,51.012350353342654],[13.894859848971528,51.01236122226395],[13.89487572040165,51.012366408372735],[13.894875978587397,51.0123669413917],[13.894896896205276,51.0124093246005],[13.894982316158304,51.01239249758455],[13.89496159650629,51.01235017921332]]]}},{"type":"Feature","id":"DESNATPU1000CZ9D","properties":{"id":"DESNATPU1000CZ9D","height_m":7.857,"ground_m":126.71,"height_source":"LoD1 solid top minus bottom","production":"2023","laser":"2017","footprints":"2023"},"geometry":{"type":"Polygon","coordinates":[[[13.903409784366735,51.00092023890146],[13.903415072287649,51.00090268954901],[13.903439914417719,51.000905674535055],[13.903448990667865,51.00087554378499],[13.903470464712075,51.000878119451826],[13.90348626735655,51.00082564167563],[13.903464793335603,51.000823066011826],[13.903495177106953,51.00072216375638],[13.90340704967728,51.00071160632472],[13.903388555512485,51.000773060659725],[13.903361254559863,51.00076979178933],[13.90335315289697,51.00079666728077],[13.903335729210799,51.00079457925557],[13.903335219148005,51.000796265121444],[13.903333657070112,51.00080146630516],[13.90332555622972,51.00080049996979],[13.903301960636565,51.00087883991977],[13.903316243348325,51.00089083555268],[13.903338115299665,51.00089345994332],[13.903332827350871,51.00091100929213],[13.903409784366735,51.00092023890146]]]}},{"type":"Feature","id":"DESNATGMvh0000RK","properties":{"id":"DESNATGMvh0000RK","height_m":3.085,"ground_m":128.993,"height_source":"LoD1 solid top minus bottom","production":"2023","laser":"2017","footprints":"2023"},"geometry":{"type":"Polygon","coordinates":[[[13.905060182514719,51.00019849474293],[13.90509052893151,51.00011354502241],[13.905027902557134,51.00010463968346],[13.90499755603228,51.00018958938714],[13.905060182514719,51.00019849474293]]]}},{"type":"Feature","id":"DESNATPU1000BSvu","properties":{"id":"DESNATPU1000BSvu","height_m":3.187,"ground_m":126.417,"height_source":"LoD1 solid top minus bottom","production":"2023","laser":"2017","footprints":"2023"},"geometry":{"type":"Polygon","coordinates":[[[13.897674824359605,51.00009486969],[13.897617594503432,51.00012050784472],[13.897678014839004,51.00017433358976],[13.89773518581716,51.00014877578565],[13.897674824359605,51.00009486969]]]}},{"type":"Feature","id":"DESNATPU1000ELHM","properties":{"id":"DESNATPU1000ELHM","height_m":3.266,"ground_m":126.533,"height_source":"LoD1 solid top minus bottom","production":"2023","laser":"2017","footprints":"2023"},"geometry":{"type":"Polygon","coordinates":[[[13.895359801848926,51.00403015968438],[13.895331847233157,51.003958941855025],[13.895206689952758,51.0039776325465],[13.89523364263162,51.00404902078838],[13.895359801848926,51.00403015968438]]]}},{"type":"Feature","id":"DESNATPU1000FAkC","properties":{"id":"DESNATPU1000FAkC","height_m":6.321,"ground_m":119.919,"height_source":"LoD1 solid top minus bottom","production":"2023","laser":"2017","footprints":"2023"},"geometry":{"type":"Polygon","coordinates":[[[13.894511601981616,51.002799344054544],[13.894627409077968,51.002775754475834],[13.894619087539308,51.00275947963141],[13.894676174644998,51.00274785243919],[13.894654409680404,51.002705326198566],[13.894484107615696,51.0027400278871],[13.894511601981616,51.002799344054544]]]}},{"type":"Feature","id":"DESNATPU1000IDlZ","properties":{"id":"DESNATPU1000IDlZ","height_m":6.083,"ground_m":304.336,"height_source":"LoD1 solid top minus bottom","production":"2023","laser":"2017","footprints":"2023"},"geometry":{"type":"Polygon","coordinates":[[[13.893171605650256,51.01250033147881],[13.893300814441536,51.012469343132786],[13.893252897943752,51.01238984228025],[13.893123688915052,51.01242084855648],[13.893171605650256,51.01250033147881]]]}},{"type":"Feature","id":"DESNATPU1000HXrr","properties":{"id":"DESNATPU1000HXrr","height_m":7.42,"ground_m":124.508,"height_source":"LoD1 solid top minus bottom","production":"2023","laser":"2017","footprints":"2023"},"geometry":{"type":"Polygon","coordinates":[[[13.895421670492388,50.999840709201685],[13.895411099757487,50.999877749710514],[13.895546131734644,50.9998928753516],[13.895568398456328,50.99981340923926],[13.895415594540545,50.99979649687777],[13.895403904720515,50.999838652727654],[13.895421670492388,50.999840709201685]]]}},{"type":"Feature","id":"DESNATGMvh0000RM","properties":{"id":"DESNATGMvh0000RM","height_m":3.0,"ground_m":129.239,"height_source":"LoD1 solid top minus bottom","production":"2023","laser":"2017","footprints":"2023"},"geometry":{"type":"Polygon","coordinates":[[[13.905110130829097,51.000056992905925],[13.905112076749882,51.00005727193546],[13.905135751286455,51.00006080317574],[13.905206789166764,51.000071397001456],[13.905219229379886,51.000038159136984],[13.905232792137927,51.00004018372307],[13.905241673432151,51.00001646290165],[13.90517215514688,51.00000609916582],[13.905163061218705,51.000030375545485],[13.90512235850602,51.00002431061568],[13.905110130829097,51.000056992905925]]]}},{"type":"Feature","id":"DESNATGMvh0000R7","properties":{"id":"DESNATGMvh0000R7","height_m":3.114,"ground_m":128.133,"height_source":"LoD1 solid top minus bottom","production":"2023","laser":"2017","footprints":"2023"},"geometry":{"type":"Polygon","coordinates":[[[13.898062292127449,51.0038515256014],[13.898088249195947,51.00388570940089],[13.898159224099269,51.00386424742863],[13.898105209144296,51.00379310823215],[13.898074559576754,51.00380237853767],[13.898103144452426,51.00383874540087],[13.898062292127449,51.0038515256014]]]}},{"type":"Feature","id":"DESNATGMvh0000Y5","properties":{"id":"DESNATGMvh0000Y5","height_m":4.287,"ground_m":314.256,"height_source":"LoD1 solid top minus bottom","production":"2023","laser":"2017","footprints":"2023"},"geometry":{"type":"Polygon","coordinates":[[[13.898585932185657,51.01102030712747],[13.89860652696065,51.0110168591792],[13.89859182039788,51.01098175642656],[13.89851395041477,51.01099054572168],[13.898503355008675,51.01099251418122],[13.898519682071933,51.01103141820315],[13.898585932185657,51.01102030712747]]]}},{"type":"Feature","id":"DESNATGMvh0000Z5","properties":{"id":"DESNATGMvh0000Z5","height_m":3.135,"ground_m":342.352,"height_source":"LoD1 solid top minus bottom","production":"2023","laser":"2017","footprints":"2023"},"geometry":{"type":"Polygon","coordinates":[[[13.905150544021307,51.01292515866619],[13.90518705640879,51.01292863930351],[13.905196793961343,51.0128880380343],[13.905160281816636,51.012884548409346],[13.905150544021307,51.01292515866619]]]}},{"type":"Feature","id":"DESNATGMvh0000Qz","properties":{"id":"DESNATGMvh0000Qz","height_m":3.102,"ground_m":127.181,"height_source":"LoD1 solid top minus bottom","production":"2023","laser":"2017","footprints":"2023"},"geometry":{"type":"Polygon","coordinates":[[[13.899681967946329,50.99933044253642],[13.899821909956774,50.999345843295686],[13.899859472732578,50.999209838531016],[13.899720400903355,50.9991914064292],[13.899681967946329,50.99933044253642]]]}},{"type":"Feature","id":"DESNATGMvh0000YV","properties":{"id":"DESNATGMvh0000YV","height_m":2.571,"ground_m":303.298,"height_source":"LoD1 solid top minus bottom","production":"2023","laser":"2017","footprints":"2023"},"geometry":{"type":"Polygon","coordinates":[[[13.895265767353393,51.01221335209053],[13.895304555500624,51.01220259471441],[13.895231789124312,51.01209487403821],[13.895192463738402,51.01210544645338],[13.895265767353393,51.01221335209053]]]}},{"type":"Feature","id":"UUID_a5ccb8ae-1cc8-44f9-a02e-f7605b7ebeff","properties":{"id":"UUID_a5ccb8ae-1cc8-44f9-a02e-f7605b7ebeff","height_m":15.07,"ground_m":145.553,"height_source":"LoD1 solid top minus bottom","production":"2023","laser":"2017","footprints":"2023"},"geometry":{"type":"Polygon","coordinates":[[[13.903858148875155,51.00545663816568],[13.903877836125131,51.00542505119862],[13.903733126542155,51.00538916093937],[13.903713387173179,51.00542416466993],[13.903858148875155,51.00545663816568]]]}},{"type":"Feature","id":"UUID_cb3b7349-c78f-46d0-8ffc-a9df4d25f524","properties":{"id":"UUID_cb3b7349-c78f-46d0-8ffc-a9df4d25f524","height_m":12.139,"ground_m":145.553,"height_source":"LoD1 solid top minus bottom","production":"2023","laser":"2017","footprints":"2023"},"geometry":{"type":"Polygon","coordinates":[[[13.903877836125131,51.00542505119862],[13.903885983986694,51.005411962135874],[13.903789939488577,51.00539041345201],[13.90378302099683,51.00540153562011],[13.903877836125131,51.00542505119862]]]}},{"type":"Feature","id":"DESNATGMvh0000ZM","properties":{"id":"DESNATGMvh0000ZM","height_m":2.691,"ground_m":301.883,"height_source":"LoD1 solid top minus bottom","production":"2023","laser":"2017","footprints":"2023"},"geometry":{"type":"Polygon","coordinates":[[[13.896475666241736,51.01314518374786],[13.89647328092245,51.013171204442116],[13.896552021591864,51.01316794631551],[13.896548846658707,51.01314194504937],[13.896475666241736,51.01314518374786]]]}},{"type":"Feature","id":"DESNATGMvh0000Sw","properties":{"id":"DESNATGMvh0000Sw","height_m":3.0,"ground_m":134.414,"height_source":"LoD1 solid top minus bottom","production":"2023","laser":"2017","footprints":"2023"},"geometry":{"type":"Polygon","coordinates":[[[13.9084367937235,51.000144130435494],[13.908497112824726,51.00015785952715],[13.908525780948935,51.00010772251436],[13.908465461903809,51.00009399343775],[13.9084367937235,51.000144130435494]]]}},{"type":"Feature","id":"DESNATGMvh0000Xd","properties":{"id":"DESNATGMvh0000Xd","height_m":3.0,"ground_m":137.812,"height_source":"LoD1 solid top minus bottom","production":"2023","laser":"2017","footprints":"2023"},"geometry":{"type":"Polygon","coordinates":[[[13.888265511911309,51.00662269731585],[13.888301335210377,51.006658919630674],[13.88835702145258,51.00663699437398],[13.888321198126489,51.00660077207595],[13.888314593518583,51.006603371111886],[13.888265511911309,51.00662269731585]]]}},{"type":"Feature","id":"DESNATGMvh0000QW","properties":{"id":"DESNATGMvh0000QW","height_m":3.0,"ground_m":123.566,"height_source":"LoD1 solid top minus bottom","production":"2023","laser":"2017","footprints":"2023"},"geometry":{"type":"Polygon","coordinates":[[[13.898564722051734,51.00131229687473],[13.89851861515554,51.00134545043722],[13.898542868242332,51.001358862607965],[13.898588946636918,51.001325708767276],[13.898564722051734,51.00131229687473]]]}},{"type":"Feature","id":"DESNATGMvh0000YY","properties":{"id":"DESNATGMvh0000YY","height_m":5.799,"ground_m":150.004,"height_source":"LoD1 solid top minus bottom","production":"2023","laser":"2017","footprints":"2023"},"geometry":{"type":"Polygon","coordinates":[[[13.896633814992676,51.00575029845483],[13.896618424086203,51.00573395700029],[13.896556534580238,51.00574600741598],[13.896574314931748,51.005794403930906],[13.896543877836471,51.00579885568321],[13.896547358711194,51.00580834003125],[13.896667777109673,51.005790718253145],[13.896633814992676,51.00575029845483]]]}},{"type":"Feature","id":"DESNATGMvh0000Qg","properties":{"id":"DESNATGMvh0000Qg","height_m":2.53,"ground_m":124.906,"height_source":"LoD1 solid top minus bottom","production":"2023","laser":"2017","footprints":"2023"},"geometry":{"type":"Polygon","coordinates":[[[13.896032481385314,51.00006357909724],[13.896047994458536,51.00001283517693],[13.895948372530137,51.000000922475095],[13.895933129221515,51.000051704903434],[13.896032481385314,51.00006357909724]]]}},{"type":"Feature","id":"DESNATGMvh0000Sy","properties":{"id":"DESNATGMvh0000Sy","height_m":2.806,"ground_m":132.29,"height_source":"LoD1 solid top minus bottom","production":"2023","laser":"2017","footprints":"2023"},"geometry":{"type":"Polygon","coordinates":[[[13.907161513421498,51.000192819596904],[13.907142310007698,51.00022705555117],[13.907232637595516,51.00024647969863],[13.907251202718797,51.00021211185973],[13.907161513421498,51.000192819596904]]]}},{"type":"Feature","id":"DESNATGMvh0000R8","properties":{"id":"DESNATGMvh0000R8","height_m":3.754,"ground_m":131.967,"height_source":"LoD1 solid top minus bottom","production":"2023","laser":"2017","footprints":"2023"},"geometry":{"type":"Polygon","coordinates":[[[13.896471141989649,51.004636536852594],[13.896517533534604,51.00468710112334],[13.896563064628292,51.0046712091652],[13.896515149839992,51.004619965055035],[13.896471141989649,51.004636536852594]]]}},{"type":"Feature","id":"DESNATGMvh0000Xs","properties":{"id":"DESNATGMvh0000Xs","height_m":3.69,"ground_m":291.72,"height_source":"LoD1 solid top minus bottom","production":"2023","laser":"2017","footprints":"2023"},"geometry":{"type":"Polygon","coordinates":[[[13.893210007433826,51.01331667752388],[13.893197769370424,51.01329000577254],[13.893152953907126,51.01329818736068],[13.893165191946824,51.01332485911655],[13.893210007433826,51.01331667752388]]]}},{"type":"Feature","id":"DESNATGMvh0000QA","properties":{"id":"DESNATGMvh0000QA","height_m":2.731,"ground_m":126.118,"height_source":"LoD1 solid top minus bottom","production":"2023","laser":"2017","footprints":"2023"},"geometry":{"type":"Polygon","coordinates":[[[13.89542855024581,51.00190540551837],[13.895426531428713,51.001986214105706],[13.895580178026515,51.00198774763524],[13.895582196576816,51.00190693904361],[13.89542855024581,51.00190540551837]]]}},{"type":"Feature","id":"DESNATGMvh0000PY","properties":{"id":"DESNATGMvh0000PY","height_m":4.595,"ground_m":135.665,"height_source":"LoD1 solid top minus bottom","production":"2023","laser":"2017","footprints":"2023"},"geometry":{"type":"Polygon","coordinates":[[[13.894771735522665,51.005220825443075],[13.894820020993299,51.00520483431921],[13.894797017665303,51.00517717956023],[13.894783201516901,51.00516058297157],[13.894734916080026,51.005176574080544],[13.894771735522665,51.005220825443075]]]}},{"type":"Feature","id":"DESNATGMvh0000QC","properties":{"id":"DESNATGMvh0000QC","height_m":2.428,"ground_m":121.7,"height_source":"LoD1 solid top minus bottom","production":"2023","laser":"2017","footprints":"2023"},"geometry":{"type":"Polygon","coordinates":[[[13.894383129826535,51.001863376205385],[13.8943518468471,51.0018597438026],[13.894336900318649,51.00191113134386],[13.894368169082238,51.00191476361598],[13.894383129826535,51.001863376205385]]]}},{"type":"Feature","id":"DESNATP110000o6X","properties":{"id":"DESNATP110000o6X","height_m":3.779,"ground_m":314.462,"height_source":"LoD1 solid top minus bottom","production":"2023","laser":"2017","footprints":"2023"},"geometry":{"type":"Polygon","coordinates":[[[13.900136422851203,51.01178000506828],[13.900047382918665,51.01184332165162],[13.900119219837382,51.01188352140759],[13.900208259963446,51.01182019577896],[13.900136422851203,51.01178000506828]]]}},{"type":"Feature","id":"DESNATPU1000Iy3t","properties":{"id":"DESNATPU1000Iy3t","height_m":8.716,"ground_m":120.788,"height_source":"LoD1 solid top minus bottom","production":"2023","laser":"2017","footprints":"2023"},"geometry":{"type":"Polygon","coordinates":[[[13.895739875725832,51.00307790371394],[13.895810378455911,51.00320599864561],[13.895961245433773,51.00317289194404],[13.89589074233552,51.00304479710043],[13.895739875725832,51.00307790371394]]]}},{"type":"Feature","id":"DESNATP110000o6L","properties":{"id":"DESNATP110000o6L","height_m":7.037,"ground_m":310.402,"height_source":"LoD1 solid top minus bottom","production":"2023","laser":"2017","footprints":"2023"},"geometry":{"type":"Polygon","coordinates":[[[13.89777382640125,51.01197971919495],[13.897730931254472,51.011903379085304],[13.897611106570247,51.01193018027693],[13.897654001543641,51.01200652042915],[13.89777382640125,51.01197971919495]]]}},{"type":"Feature","id":"DESNATGMvh0000Y9","properties":{"id":"DESNATGMvh0000Y9","height_m":3.0,"ground_m":314.861,"height_source":"LoD1 solid top minus bottom","production":"2023","laser":"2017","footprints":"2023"},"geometry":{"type":"Polygon","coordinates":[[[13.898095462854386,51.01122636637077],[13.89812242615822,51.011291647802636],[13.89817020998102,51.01128561461522],[13.898155433494894,51.0112498636654],[13.898142531526517,51.011218626805615],[13.898095462854386,51.01122636637077]]]}},{"type":"Feature","id":"DESNATGMvh0000Pi","properties":{"id":"DESNATGMvh0000Pi","height_m":2.197,"ground_m":132.104,"height_source":"LoD1 solid top minus bottom","production":"2023","laser":"2017","footprints":"2023"},"geometry":{"type":"Polygon","coordinates":[[[13.895452856020452,51.00469525961905],[13.895418986437337,51.004705631884505],[13.895440623290861,51.004734415693996],[13.895474251865439,51.004724589706896],[13.895452856020452,51.00469525961905]]]}},{"type":"Feature","id":"DESNATPU1000HYD3","properties":{"id":"DESNATPU1000HYD3","height_m":4.438,"ground_m":125.598,"height_source":"LoD1 solid top minus bottom","production":"2023","laser":"2017","footprints":"2023"},"geometry":{"type":"Polygon","coordinates":[[[13.895015715887874,51.00211125061381],[13.89503327228192,51.00211015766791],[13.895065962707237,51.00210794885784],[13.895081662434084,51.00210701820143],[13.895068110767966,51.00202352637568],[13.895052266441672,51.002024545591006],[13.895002164339141,51.0020277587812],[13.895015715887874,51.00211125061381]]]}},{"type":"Feature","id":"DESNATPU1000FENx","properties":{"id":"DESNATPU1000FENx","height_m":8.891,"ground_m":126.328,"height_source":"LoD1 solid top minus bottom","production":"2023","laser":"2017","footprints":"2023"},"geometry":{"type":"Polygon","coordinates":[[[13.899538942186469,51.000092380973584],[13.899595567669495,50.99992657372919],[13.89945613590007,50.99990760735338],[13.89939950973248,51.00007342351861],[13.899538942186469,51.000092380973584]]]}},{"type":"Feature","id":"UUID_7012df66-f037-4f01-9b88-1a34e33e8498","properties":{"id":"UUID_7012df66-f037-4f01-9b88-1a34e33e8498","height_m":4.827,"ground_m":298.593,"height_source":"LoD1 solid top minus bottom","production":"2023","laser":"2017","footprints":"2023"},"geometry":{"type":"Polygon","coordinates":[[[13.89210976012831,51.01281164417443],[13.892122101035342,51.01285730088161],[13.892148470303061,51.01285446637949],[13.892136157875687,51.01280880994518],[13.89210976012831,51.01281164417443]]]}},{"type":"Feature","id":"UUID_def75648-02ce-43d0-b1d6-069d2505a880","properties":{"id":"UUID_def75648-02ce-43d0-b1d6-069d2505a880","height_m":7.94,"ground_m":298.593,"height_source":"LoD1 solid top minus bottom","production":"2023","laser":"2017","footprints":"2023"},"geometry":{"type":"Polygon","coordinates":[[[13.892223025374248,51.01288566797506],[13.892297173456052,51.01287771088713],[13.892275796102064,51.012798470237136],[13.892274578371277,51.012793935298845],[13.892228400209136,51.01279889317223],[13.892136157875687,51.01280880994518],[13.892148470303061,51.01285446637949],[13.892158753145894,51.01289256757693],[13.892223025374248,51.01288566797506]]]}},{"type":"Feature","id":"UUID_3d8222bf-46fd-4624-9156-abb4b8853286","properties":{"id":"UUID_3d8222bf-46fd-4624-9156-abb4b8853286","height_m":7.832,"ground_m":298.593,"height_source":"LoD1 solid top minus bottom","production":"2023","laser":"2017","footprints":"2023"},"geometry":{"type":"Polygon","coordinates":[[[13.892158753145894,51.01289256757693],[13.892162355086608,51.01290592910289],[13.892226641585431,51.01289902963429],[13.892223025374248,51.01288566797506],[13.892158753145894,51.01289256757693]]]}},{"type":"Feature","id":"DESNATPU1000B2Zr","properties":{"id":"DESNATPU1000B2Zr","height_m":4.807,"ground_m":125.409,"height_source":"LoD1 solid top minus bottom","production":"2023","laser":"2017","footprints":"2023"},"geometry":{"type":"Polygon","coordinates":[[[13.901963989307065,51.00156381078482],[13.90204219139299,51.00157165011078],[13.902047224367388,51.001551643379],[13.90206485141524,51.00148112531882],[13.90198664735479,51.001473375917264],[13.901963989307065,51.00156381078482]]]}},{"type":"Feature","id":"DESNATPU1000C35m","properties":{"id":"DESNATPU1000C35m","height_m":4.249,"ground_m":298.299,"height_source":"LoD1 solid top minus bottom","production":"2023","laser":"2017","footprints":"2023"},"geometry":{"type":"Polygon","coordinates":[[[13.894179161000132,51.012707102749715],[13.894083149197373,51.01272508791937],[13.894114794379345,51.012792312078474],[13.894119147439394,51.0127914989625],[13.89418593348837,51.01277898357265],[13.894210806309498,51.012774326883786],[13.894179161000132,51.012707102749715]]]}},{"type":"Feature","id":"UUID_eb71add0-51d6-4652-8a9b-c422cbd2361f","properties":{"id":"UUID_eb71add0-51d6-4652-8a9b-c422cbd2361f","height_m":8.165,"ground_m":138.234,"height_source":"LoD1 solid top minus bottom","production":"2023","laser":"2017","footprints":"2023"},"geometry":{"type":"Polygon","coordinates":[[[13.902736362669021,51.00508031528785],[13.902763886108445,51.00507486333456],[13.902756672937773,51.00506040705574],[13.90286091009464,51.00503974023296],[13.902840402374062,51.004998540321886],[13.902817786041174,51.00495307598654],[13.902760247706153,51.00496446910414],[13.902686684998269,51.004979039035696],[13.902626740703214,51.00499091308859],[13.90264938515467,51.00503638671813],[13.902669906547523,51.00507760477707],[13.902729163756232,51.00506585914122],[13.902736362669021,51.00508031528785]]]}},{"type":"Feature","id":"UUID_dd68c5da-582c-4d1d-8c19-4788a6ac6d58","properties":{"id":"UUID_dd68c5da-582c-4d1d-8c19-4788a6ac6d58","height_m":5.651,"ground_m":138.234,"height_source":"LoD1 solid top minus bottom","production":"2023","laser":"2017","footprints":"2023"},"geometry":{"type":"Polygon","coordinates":[[[13.902752218578481,51.00494835047992],[13.902678655893736,51.004962920406605],[13.902686684998269,51.004979039035696],[13.902760247706153,51.00496446910414],[13.902752218578481,51.00494835047992]]]}},{"type":"Feature","id":"DESNATGMvh0000Xq","properties":{"id":"DESNATGMvh0000Xq","height_m":2.744,"ground_m":291.487,"height_source":"LoD1 solid top minus bottom","production":"2023","laser":"2017","footprints":"2023"},"geometry":{"type":"Polygon","coordinates":[[[13.892010748697702,51.013355652703254],[13.891958130714377,51.01336939834399],[13.891973689248971,51.01339309811227],[13.892026307040476,51.01337936145552],[13.892010748697702,51.013355652703254]]]}},{"type":"Feature","id":"DESNATGMvh0000Xr","properties":{"id":"DESNATGMvh0000Xr","height_m":2.782,"ground_m":302.797,"height_source":"LoD1 solid top minus bottom","production":"2023","laser":"2017","footprints":"2023"},"geometry":{"type":"Polygon","coordinates":[[[13.892467892825946,51.0125769724211],[13.892484630449113,51.012612814628],[13.892552403506809,51.012600165641906],[13.892535693055457,51.01256437765932],[13.892467892825946,51.0125769724211]]]}},{"type":"Feature","id":"UUID_80c1138c-ac24-4a54-86ff-9591d1be2d35","properties":{"id":"UUID_80c1138c-ac24-4a54-86ff-9591d1be2d35","height_m":3.885,"ground_m":297.122,"height_source":"LoD1 solid top minus bottom","production":"2023","laser":"2017","footprints":"2023"},"geometry":{"type":"Polygon","coordinates":[[[13.895409376162672,51.01271322728011],[13.8954241199153,51.012742485443326],[13.895492645320953,51.01272874474146],[13.895477887917624,51.012699459479435],[13.895409376162672,51.01271322728011]]]}},{"type":"Feature","id":"UUID_5f81ce94-0670-4075-8260-6f38b2f664e9","properties":{"id":"UUID_5f81ce94-0670-4075-8260-6f38b2f664e9","height_m":8.116,"ground_m":297.122,"height_source":"LoD1 solid top minus bottom","production":"2023","laser":"2017","footprints":"2023"},"geometry":{"type":"Polygon","coordinates":[[[13.895316596267392,51.012697206165896],[13.895332442708726,51.012728651031004],[13.895409362337443,51.01271320916374],[13.895477887917624,51.012699459479435],[13.895524469181371,51.01269011563382],[13.895508622408903,51.01265867978464],[13.895489467385577,51.012620683866025],[13.895297441386107,51.01265921021692],[13.895316596267392,51.012697206165896]]]}},{"type":"Feature","id":"DESNATGMvh0000RY","properties":{"id":"DESNATGMvh0000RY","height_m":2.324,"ground_m":123.995,"height_source":"LoD1 solid top minus bottom","production":"2023","laser":"2017","footprints":"2023"},"geometry":{"type":"Polygon","coordinates":[[[13.901854724423567,50.999937237835006],[13.901847550529967,50.99995919387148],[13.901934944422612,50.99997056394077],[13.9019447325533,50.99994834469971],[13.901895740610046,50.99994086979148],[13.901854724423567,50.999937237835006]]]}},{"type":"Feature","id":"DESNATGMvh0000QR","properties":{"id":"DESNATGMvh0000QR","height_m":2.483,"ground_m":124.509,"height_source":"LoD1 solid top minus bottom","production":"2023","laser":"2017","footprints":"2023"},"geometry":{"type":"Polygon","coordinates":[[[13.895161022827464,51.000561269310445],[13.895110653187967,51.00055481270379],[13.895095557605032,51.000601729495294],[13.895175310787247,51.000611953217025],[13.895200961852392,51.00053224940148],[13.895171564157563,51.00052848216513],[13.895161022827464,51.000561269310445]]]}},{"type":"Feature","id":"DESNATGMvh0000Py","properties":{"id":"DESNATGMvh0000Py","height_m":3.406,"ground_m":121.658,"height_source":"LoD1 solid top minus bottom","production":"2023","laser":"2017","footprints":"2023"},"geometry":{"type":"Polygon","coordinates":[[[13.894341644059384,51.00349703708198],[13.894368785475432,51.003539434399606],[13.89450231625491,51.00350541910513],[13.894475188985606,51.003463021952506],[13.894341644059384,51.00349703708198]]]}},{"type":"Feature","id":"DESNATGMvh0000Pw","properties":{"id":"DESNATGMvh0000Pw","height_m":4.726,"ground_m":124.377,"height_source":"LoD1 solid top minus bottom","production":"2023","laser":"2017","footprints":"2023"},"geometry":{"type":"Polygon","coordinates":[[[13.894295164714253,51.00378484473928],[13.89428206413136,51.003765152327716],[13.89420818219129,51.00378472291634],[13.894221282748152,51.00380441533597],[13.894295164714253,51.00378484473928]]]}},{"type":"Feature","id":"DESNATGMvh0000RP","properties":{"id":"DESNATGMvh0000RP","height_m":2.435,"ground_m":135.565,"height_source":"LoD1 solid top minus bottom","production":"2023","laser":"2017","footprints":"2023"},"geometry":{"type":"Polygon","coordinates":[[[13.900839738866022,51.004712881369436],[13.90079791728093,51.00472505987872],[13.900840138969723,51.00478279543806],[13.900881960596147,51.00477061691404],[13.900854112023643,51.004732531048106],[13.900839738866022,51.004712881369436]]]}},{"type":"Feature","id":"DESNATPU1000CoGt","properties":{"id":"DESNATPU1000CoGt","height_m":6.866,"ground_m":311.474,"height_source":"LoD1 solid top minus bottom","production":"2023","laser":"2017","footprints":"2023"},"geometry":{"type":"Polygon","coordinates":[[[13.897193039452478,51.011816558388915],[13.897316690633497,51.0117943081393],[13.897275782756616,51.01170333729686],[13.897152121172521,51.01172543452652],[13.897193039452478,51.011816558388915]]]}},{"type":"Feature","id":"DESNATPU1000Gm7d","properties":{"id":"DESNATPU1000Gm7d","height_m":4.668,"ground_m":125.51,"height_source":"LoD1 solid top minus bottom","production":"2023","laser":"2017","footprints":"2023"},"geometry":{"type":"Polygon","coordinates":[[[13.897865192313459,51.00124099613753],[13.897791191684156,51.001200252866404],[13.897763655320977,51.00122015502248],[13.897737438171163,51.00123911637758],[13.897770484914515,51.00125732392771],[13.8978471022584,51.00129951276687],[13.89787333364726,51.0012805515217],[13.897904640336213,51.001257915112326],[13.89787397071756,51.00124103398807],[13.897865192313459,51.00124099613753]]]}},{"type":"Feature","id":"DESNATPU1000Hyw0","properties":{"id":"DESNATPU1000Hyw0","height_m":7.621,"ground_m":121.698,"height_source":"LoD1 solid top minus bottom","production":"2023","laser":"2017","footprints":"2023"},"geometry":{"type":"Polygon","coordinates":[[[13.896264791556135,51.00318043637375],[13.896353196888063,51.00334098440174],[13.896430994412441,51.00332391348545],[13.896342601643415,51.003162826064894],[13.896264791556135,51.00318043637375]]]}},{"type":"Feature","id":"DESNATPU1000H32f","properties":{"id":"DESNATPU1000H32f","height_m":2.888,"ground_m":123.283,"height_source":"LoD1 solid top minus bottom","production":"2023","laser":"2017","footprints":"2023"},"geometry":{"type":"Polygon","coordinates":[[[13.898054617855399,51.00155739760676],[13.898073034572807,51.001634280260454],[13.89812433349088,51.001628648975604],[13.898212484383277,51.00161958822975],[13.89819264466816,51.00154260224971],[13.898104196158124,51.00155219974367],[13.898054617855399,51.00155739760676]]]}},{"type":"Feature","id":"DESNATPU1000GnWX","properties":{"id":"DESNATPU1000GnWX","height_m":2.466,"ground_m":127.978,"height_source":"LoD1 solid top minus bottom","production":"2023","laser":"2017","footprints":"2023"},"geometry":{"type":"Polygon","coordinates":[[[13.89537992630587,51.00407099760083],[13.895283610972465,51.004087533006405],[13.89530239097324,51.00413096614658],[13.895398563892448,51.00411442937888],[13.89537992630587,51.00407099760083]]]}},{"type":"Feature","id":"DESNATPU1000GlVO","properties":{"id":"DESNATPU1000GlVO","height_m":4.85,"ground_m":120.861,"height_source":"LoD1 solid top minus bottom","production":"2023","laser":"2017","footprints":"2023"},"geometry":{"type":"Polygon","coordinates":[[[13.895964897496027,51.002832907126816],[13.895929451861912,51.00276503591561],[13.895848235243303,51.0027820741828],[13.895883540411349,51.00284985416287],[13.895907945561268,51.00289648787096],[13.89598758425224,51.00287988429282],[13.895964897496027,51.002832907126816]]]}},{"type":"Feature","id":"DESNATGMvh0000ZE","properties":{"id":"DESNATGMvh0000ZE","height_m":2.644,"ground_m":307.146,"height_source":"LoD1 solid top minus bottom","production":"2023","laser":"2017","footprints":"2023"},"geometry":{"type":"Polygon","coordinates":[[[13.897764159697461,51.01276271431249],[13.89784594018754,51.01273763142745],[13.897806634688784,51.012686631031656],[13.897724854268068,51.01271171388982],[13.897764159697461,51.01276271431249]]]}},{"type":"Feature","id":"DESNATPU1000CMNt","properties":{"id":"DESNATPU1000CMNt","height_m":2.558,"ground_m":126.007,"height_source":"LoD1 solid top minus bottom","production":"2023","laser":"2017","footprints":"2023"},"geometry":{"type":"Polygon","coordinates":[[[13.898994874027633,51.00021310959096],[13.899031101599522,51.00021794742865],[13.899043936547404,51.00018146751181],[13.898924174077578,51.000165410695786],[13.89890393783508,51.00022556194904],[13.898946553876428,51.00023144923774],[13.89893766397372,51.000257804412165],[13.898978015164886,51.000263040844324],[13.898994874027633,51.00021310959096]]]}},{"type":"Feature","id":"DESNATPU1000FtoV","properties":{"id":"DESNATPU1000FtoV","height_m":1.995,"ground_m":130.446,"height_source":"LoD1 solid top minus bottom","production":"2023","laser":"2017","footprints":"2023"},"geometry":{"type":"Polygon","coordinates":[[[13.906062489920046,51.001418626282224],[13.906076496540196,51.00135634714442],[13.906006099323353,51.00134993253276],[13.905991950120958,51.001412210327295],[13.906062489920046,51.001418626282224]]]}},{"type":"Feature","id":"DESNATPU1000HFbb","properties":{"id":"DESNATPU1000HFbb","height_m":3.189,"ground_m":125.473,"height_source":"LoD1 solid top minus bottom","production":"2023","laser":"2017","footprints":"2023"},"geometry":{"type":"Polygon","coordinates":[[[13.896214177197121,51.004045968697305],[13.896233268375115,51.004064314603035],[13.896271042485393,51.00410019319242],[13.896295986338693,51.00412416994044],[13.896375017812447,51.004091193390934],[13.896292381345432,51.0040118153179],[13.896214177197121,51.004045968697305]]]}},{"type":"Feature","id":"DESNATPU1000DI2g","properties":{"id":"DESNATPU1000DI2g","height_m":7.897,"ground_m":121.406,"height_source":"LoD1 solid top minus bottom","production":"2023","laser":"2017","footprints":"2023"},"geometry":{"type":"Polygon","coordinates":[[[13.894593711718636,51.002254803995],[13.894605446507171,51.002304366672654],[13.894721721595518,51.00229341637532],[13.894693228198111,51.002172984430224],[13.894484518818178,51.002192655408756],[13.89450125148698,51.002263398573625],[13.894542089383522,51.00225960333046],[13.894593711718636,51.002254803995]]]}},{"type":"Feature","id":"DESNATPU1000GMt6","properties":{"id":"DESNATPU1000GMt6","height_m":8.145,"ground_m":132.933,"height_source":"LoD1 solid top minus bottom","production":"2023","laser":"2017","footprints":"2023"},"geometry":{"type":"Polygon","coordinates":[[[13.895666897447665,51.00491608780909],[13.895857009907342,51.004859539158645],[13.895802991594806,51.00478864167655],[13.89561300547715,51.00484528136172],[13.895666897447665,51.00491608780909]]]}},{"type":"Feature","id":"DESNATPU1000CJ0Q","properties":{"id":"DESNATPU1000CJ0Q","height_m":3.382,"ground_m":161.23,"height_source":"LoD1 solid top minus bottom","production":"2023","laser":"2017","footprints":"2023"},"geometry":{"type":"Polygon","coordinates":[[[13.894811335332951,51.00628586213861],[13.894826110658759,51.006329886953445],[13.894923632162168,51.006316780602624],[13.894908997115873,51.00627284705559],[13.894811335332951,51.00628586213861]]]}},{"type":"Feature","id":"DESNATPU1000E8C6","properties":{"id":"DESNATPU1000E8C6","height_m":7.863,"ground_m":300.063,"height_source":"LoD1 solid top minus bottom","production":"2023","laser":"2017","footprints":"2023"},"geometry":{"type":"Polygon","coordinates":[[[13.894116330527213,51.01256950232541],[13.894129646241737,51.01259043776553],[13.894156959607024,51.01259884378912],[13.894194177422865,51.01258940285605],[13.894210504115113,51.012615007083625],[13.894333488107904,51.0125837968119],[13.894292245052549,51.012519125770375],[13.894190100129922,51.012545056601795],[13.894144654199305,51.012483286383166],[13.894075653956415,51.01250560095856],[13.894116330527213,51.01256950232541]]]}},{"type":"Feature","id":"DESNATPU1000FJ3j","properties":{"id":"DESNATPU1000FJ3j","height_m":7.069,"ground_m":306.335,"height_source":"LoD1 solid top minus bottom","production":"2023","laser":"2017","footprints":"2023"},"geometry":{"type":"Polygon","coordinates":[[[13.895693783268255,51.01392651202769],[13.895626365822237,51.013943950381346],[13.8956581344405,51.013992901845],[13.895671477034783,51.01401335174234],[13.895758578957146,51.013989444713296],[13.895744821559303,51.01396845133601],[13.895725005323815,51.013974469096404],[13.895693783268255,51.01392651202769]]]}},{"type":"Feature","id":"DESNATPU1000CJCE","properties":{"id":"DESNATPU1000CJCE","height_m":3.136,"ground_m":134.165,"height_source":"LoD1 solid top minus bottom","production":"2023","laser":"2017","footprints":"2023"},"geometry":{"type":"Polygon","coordinates":[[[13.908266494824508,51.00101568066744],[13.908369750874098,51.00101871389345],[13.908374263501061,51.00096003283667],[13.90827115007022,51.000957000946954],[13.908266494824508,51.00101568066744]]]}},{"type":"Feature","id":"DESNATPU1000HlpP","properties":{"id":"DESNATPU1000HlpP","height_m":7.122,"ground_m":305.565,"height_source":"LoD1 solid top minus bottom","production":"2023","laser":"2017","footprints":"2023"},"geometry":{"type":"Polygon","coordinates":[[[13.896547310989321,51.013574251639],[13.896586756371873,51.01356767271487],[13.896567502824855,51.01352176236617],[13.896468130952183,51.0135383328678],[13.896451900263024,51.01349960933937],[13.896388724741026,51.013510145735786],[13.896390249500174,51.013513775254026],[13.896398586008681,51.01353372814199],[13.896418861349261,51.01358222911113],[13.896423893343485,51.013594255083724],[13.896479511749058,51.01358498722277],[13.896488079294183,51.01360541890579],[13.896555648642778,51.01359415956197],[13.896547310989321,51.013574251639]]]}},{"type":"Feature","id":"DESNATPU1000FILd","properties":{"id":"DESNATPU1000FILd","height_m":2.527,"ground_m":130.381,"height_source":"LoD1 solid top minus bottom","production":"2023","laser":"2017","footprints":"2023"},"geometry":{"type":"Polygon","coordinates":[[[13.89624538357884,51.004580797887996],[13.896141044938831,51.00445252745083],[13.896100047695224,51.00446356098725],[13.896202294470305,51.00459468940566],[13.89624538357884,51.004580797887996]]]}},{"type":"Feature","id":"DESNATPU1000GxJw","properties":{"id":"DESNATPU1000GxJw","height_m":4.102,"ground_m":144.127,"height_source":"LoD1 solid top minus bottom","production":"2023","laser":"2017","footprints":"2023"},"geometry":{"type":"Polygon","coordinates":[[[13.905193017330875,51.00514382104855],[13.904893376621951,51.005157469632564],[13.90490545174352,51.005262079530986],[13.905205097356871,51.005248251103396],[13.905193017330875,51.00514382104855]]]}},{"type":"Feature","id":"DESNATGMvh0000SS","properties":{"id":"DESNATGMvh0000SS","height_m":2.159,"ground_m":134.198,"height_source":"LoD1 solid top minus bottom","production":"2023","laser":"2017","footprints":"2023"},"geometry":{"type":"Polygon","coordinates":[[[13.908483766579547,51.00099808848272],[13.90841932118584,51.00099434784792],[13.908412057523131,51.00104393842206],[13.908476502773857,51.001047688052104],[13.908483766579547,51.00099808848272]]]}},{"type":"Feature","id":"DESNATPU1000DBjZ","properties":{"id":"DESNATPU1000DBjZ","height_m":6.13,"ground_m":306.921,"height_source":"LoD1 solid top minus bottom","production":"2023","laser":"2017","footprints":"2023"},"geometry":{"type":"Polygon","coordinates":[[[13.897809028670032,51.01258023251521],[13.89785371452157,51.01262556422849],[13.897834590622077,51.012633081685394],[13.89788040741935,51.01267761470216],[13.897986093559329,51.012635724807396],[13.89789775867864,51.01254521513089],[13.897809028670032,51.01258023251521]]]}},{"type":"Feature","id":"UUID_0559eef8-8279-4ea6-84af-a0ecaaf8bb8f","properties":{"id":"UUID_0559eef8-8279-4ea6-84af-a0ecaaf8bb8f","height_m":6.094,"ground_m":313.261,"height_source":"LoD1 solid top minus bottom","production":"2023","laser":"2017","footprints":"2023"},"geometry":{"type":"Polygon","coordinates":[[[13.897798154325272,51.01153437210415],[13.89779121116235,51.01153561056353],[13.897742392033349,51.01154441261298],[13.89775893555082,51.01158018028445],[13.897761777163288,51.011586591999986],[13.897761748445957,51.0115866007219],[13.89778011585444,51.01162661222561],[13.897779988651134,51.01162656606144],[13.897789970096364,51.01164809912567],[13.897832426753045,51.011643103951705],[13.89784687320343,51.01164045245491],[13.89790100765185,51.011630531433184],[13.897852340340206,51.011524676412314],[13.897798154325272,51.01153437210415]]]}},{"type":"Feature","id":"UUID_6447d944-6400-4749-b5e1-5fa94a2275ca","properties":{"id":"UUID_6447d944-6400-4749-b5e1-5fa94a2275ca","height_m":4.71,"ground_m":313.261,"height_source":"LoD1 solid top minus bottom","production":"2023","laser":"2017","footprints":"2023"},"geometry":{"type":"Polygon","coordinates":[[[13.89775377539722,51.01161745183635],[13.897773711014867,51.01162438453115],[13.897778578044926,51.01162353116388],[13.897779988651134,51.01162656606144],[13.89778011585444,51.01162661222561],[13.897780086460127,51.011626548193185],[13.897778691931292,51.01162351035852],[13.897761748445957,51.0115866007219],[13.89775661870074,51.01158771240196],[13.89774577801592,51.011600020230595],[13.89775377539722,51.01161745183635]]]}},{"type":"Feature","id":"UUID_f2e5a673-2ec9-4e26-abdd-f91035914923","properties":{"id":"UUID_f2e5a673-2ec9-4e26-abdd-f91035914923","height_m":7.593,"ground_m":307.643,"height_source":"LoD1 solid top minus bottom","production":"2023","laser":"2017","footprints":"2023"},"geometry":{"type":"Polygon","coordinates":[[[13.897395572215022,51.01299267224565],[13.897374182152035,51.013000159248506],[13.897436625911599,51.013070937536106],[13.897458043436508,51.0130634957451],[13.897395572215022,51.01299267224565]]]}},{"type":"Feature","id":"UUID_bc575b91-165b-4b73-9788-427b315da0e9","properties":{"id":"UUID_bc575b91-165b-4b73-9788-427b315da0e9","height_m":6.605,"ground_m":307.643,"height_source":"LoD1 solid top minus bottom","production":"2023","laser":"2017","footprints":"2023"},"geometry":{"type":"Polygon","coordinates":[[[13.8973151771689,51.01314864947344],[13.897273255846397,51.01310096055142],[13.897255146218438,51.01310717453417],[13.897297207707886,51.01315496370664],[13.8973151771689,51.01314864947344]]]}},{"type":"Feature","id":"UUID_a6859ccd-7c78-4a5d-a882-470ac83b4d95","properties":{"id":"UUID_a6859ccd-7c78-4a5d-a882-470ac83b4d95","height_m":6.824,"ground_m":307.643,"height_source":"LoD1 solid top minus bottom","production":"2023","laser":"2017","footprints":"2023"},"geometry":{"type":"Polygon","coordinates":[[[13.89722925238646,51.01305090483388],[13.897273255846397,51.01310096055142],[13.8973151771689,51.01314864947344],[13.897460226286137,51.01309768908005],[13.897436625911599,51.013070937536106],[13.897374182152035,51.013000159248506],[13.89722925238646,51.01305090483388]]]}},{"type":"Feature","id":"UUID_a45cd8ae-1825-4f6c-a9b4-eeb8cccb3b66","properties":{"id":"UUID_a45cd8ae-1825-4f6c-a9b4-eeb8cccb3b66","height_m":2.859,"ground_m":136.529,"height_source":"LoD1 solid top minus bottom","production":"2023","laser":"2017","footprints":"2023"},"geometry":{"type":"Polygon","coordinates":[[[13.90114849116114,51.00484921247641],[13.901056665996828,51.00487298913946],[13.901086979883678,51.00491955140958],[13.901126819162352,51.004909233654345],[13.901178790875106,51.004895774589336],[13.90114849116114,51.00484921247641]]]}},{"type":"Feature","id":"UUID_9376052b-2cc3-4ad2-a4c6-03c81ab2e0df","properties":{"id":"UUID_9376052b-2cc3-4ad2-a4c6-03c81ab2e0df","height_m":3.367,"ground_m":136.529,"height_source":"LoD1 solid top minus bottom","production":"2023","laser":"2017","footprints":"2023"},"geometry":{"type":"Polygon","coordinates":[[[13.901126819162352,51.004909233654345],[13.901140738461908,51.004930605652],[13.901192710194708,51.004917146580965],[13.901178790875106,51.004895774589336],[13.901126819162352,51.004909233654345]]]}},{"type":"Feature","id":"DESNATPU1000JGlN","properties":{"id":"DESNATPU1000JGlN","height_m":8.11,"ground_m":149.793,"height_source":"LoD1 solid top minus bottom","production":"2023","laser":"2017","footprints":"2023"},"geometry":{"type":"Polygon","coordinates":[[[13.898071191707036,51.00567822567344],[13.898104210503313,51.005751891660545],[13.898265742837724,51.005723118191526],[13.898254512737141,51.005698380911475],[13.898232440929009,51.005649359652246],[13.898071191707036,51.00567822567344]]]}},{"type":"Feature","id":"DESNATPU1000EEvC","properties":{"id":"DESNATPU1000EEvC","height_m":8.94,"ground_m":123.475,"height_source":"LoD1 solid top minus bottom","production":"2023","laser":"2017","footprints":"2023"},"geometry":{"type":"Polygon","coordinates":[[[13.895693294108728,51.003391412490785],[13.895626384305286,51.003470951189975],[13.895769640419985,51.00351892418321],[13.895757246640919,51.003533672205435],[13.895838668626007,51.00356087172305],[13.895850857342465,51.00354635556812],[13.895994455701958,51.003594340510965],[13.896061452905153,51.00351470350866],[13.895693294108728,51.003391412490785]]]}},{"type":"Feature","id":"DESNATPU1000EWK6","properties":{"id":"DESNATPU1000EWK6","height_m":3.103,"ground_m":312.128,"height_source":"LoD1 solid top minus bottom","production":"2023","laser":"2017","footprints":"2023"},"geometry":{"type":"Polygon","coordinates":[[[13.900059735015502,51.01038052986492],[13.900091788513016,51.0104518839601],[13.900170269045912,51.01043832417227],[13.900138072068641,51.01036700471942],[13.900059735015502,51.01038052986492]]]}},{"type":"Feature","id":"DESNATGMvh0000QE","properties":{"id":"DESNATGMvh0000QE","height_m":2.436,"ground_m":127.24,"height_source":"LoD1 solid top minus bottom","production":"2023","laser":"2017","footprints":"2023"},"geometry":{"type":"Polygon","coordinates":[[[13.899648769786394,50.99918190079637],[13.899602337982277,50.99932168887999],[13.899647639849633,50.9993266659587],[13.899681967946329,50.99933044253642],[13.899720400903355,50.9991914064292],[13.899672097447175,50.999184998223626],[13.899648769786394,50.99918190079637]]]}},{"type":"Feature","id":"DESNATPU1000GyV2","properties":{"id":"DESNATPU1000GyV2","height_m":4.945,"ground_m":313.14,"height_source":"LoD1 solid top minus bottom","production":"2023","laser":"2017","footprints":"2023"},"geometry":{"type":"Polygon","coordinates":[[[13.897789970096364,51.01164809912567],[13.897748878963213,51.011655625158525],[13.897771365230854,51.0117052978463],[13.897853683692757,51.01169051681983],[13.897832426753045,51.011643103951705],[13.897789970096364,51.01164809912567]]]}},{"type":"Feature","id":"DESNATPU1000C70H","properties":{"id":"DESNATPU1000C70H","height_m":3.855,"ground_m":133.888,"height_source":"LoD1 solid top minus bottom","production":"2023","laser":"2017","footprints":"2023"},"geometry":{"type":"Polygon","coordinates":[[[13.90829771263386,51.00001956601551],[13.908281683458712,51.000016358661306],[13.90825643848632,51.000065763214],[13.908357858222061,51.00008622540287],[13.908408951622931,50.99998598303337],[13.908323561241442,50.99996872824032],[13.90829771263386,51.00001956601551]]]}},{"type":"Feature","id":"DESNATPU1000D7T4","properties":{"id":"DESNATPU1000D7T4","height_m":2.901,"ground_m":294.838,"height_source":"LoD1 solid top minus bottom","production":"2023","laser":"2017","footprints":"2023"},"geometry":{"type":"Polygon","coordinates":[[[13.89227334737477,51.01313639752586],[13.892350710677718,51.01312633958607],[13.892339448786492,51.013094020507474],[13.892333630520527,51.01307734660056],[13.892200342819663,51.01309514769128],[13.892206329713838,51.01311192212492],[13.892215443484076,51.01313746723497],[13.89227193596839,51.013129819379515],[13.89227334737477,51.01313639752586]]]}},{"type":"Feature","id":"DESNATPU1000Ib5m","properties":{"id":"DESNATPU1000Ib5m","height_m":6.324,"ground_m":313.63,"height_source":"LoD1 solid top minus bottom","production":"2023","laser":"2017","footprints":"2023"},"geometry":{"type":"Polygon","coordinates":[[[13.89910447684231,51.01191795721467],[13.899109275758317,51.01191998085449],[13.899131919734032,51.01192091364226],[13.899160504633546,51.011941866475475],[13.899214574586342,51.01191239383394],[13.89926867340077,51.01188290345372],[13.899223268962166,51.01184983172284],[13.899224947571172,51.01183312088145],[13.899198457676519,51.01183206194795],[13.899171285271686,51.011811662001605],[13.899117133313423,51.01184038744603],[13.899063010218514,51.01186909515176],[13.899107827442448,51.01190288083816],[13.89910447684231,51.01191795721467]]]}},{"type":"Feature","id":"UUID_34bf61a4-73b1-4ddf-bf3a-8db1b0aa8369","properties":{"id":"UUID_34bf61a4-73b1-4ddf-bf3a-8db1b0aa8369","height_m":2.534,"ground_m":133.117,"height_source":"LoD1 solid top minus bottom","production":"2023","laser":"2017","footprints":"2023"},"geometry":{"type":"Polygon","coordinates":[[[13.907429352116772,51.0007896524337],[13.907438332295907,51.00076532086317],[13.907377174317775,51.00075634059308],[13.907368194319726,51.0007806631679],[13.907429352116772,51.0007896524337]]]}},{"type":"Feature","id":"UUID_c1a95aa6-4394-4a0c-96e1-826f06339f2e","properties":{"id":"UUID_c1a95aa6-4394-4a0c-96e1-826f06339f2e","height_m":3.091,"ground_m":133.117,"height_source":"LoD1 solid top minus bottom","production":"2023","laser":"2017","footprints":"2023"},"geometry":{"type":"Polygon","coordinates":[[[13.907457540009574,51.00071330606368],[13.907372905058676,51.000700859820846],[13.90735369683353,51.000752892587705],[13.907377174317775,51.00075634059308],[13.907438332295907,51.00076532086317],[13.907457540009574,51.00071330606368]]]}},{"type":"Feature","id":"DESNATPU1000GlgR","properties":{"id":"DESNATPU1000GlgR","height_m":2.832,"ground_m":289.202,"height_source":"LoD1 solid top minus bottom","production":"2023","laser":"2017","footprints":"2023"},"geometry":{"type":"Polygon","coordinates":[[[13.891402280483543,51.01344297464687],[13.891323737560917,51.013466599938134],[13.891373803546921,51.01353119387541],[13.891452197596575,51.01350783692282],[13.891402280483543,51.01344297464687]]]}},{"type":"Feature","id":"UUID_e9678fb9-1fbe-4ddb-addf-a2bf90013a1c","properties":{"id":"UUID_e9678fb9-1fbe-4ddb-addf-a2bf90013a1c","height_m":6.595,"ground_m":126.297,"height_source":"LoD1 solid top minus bottom","production":"2023","laser":"2017","footprints":"2023"},"geometry":{"type":"Polygon","coordinates":[[[13.898281072606727,51.00042311682067],[13.898254956774043,51.0004203795159],[13.898254940821708,51.00042045130822],[13.898163309146778,51.000411097879045],[13.898163262567213,51.00041125931094],[13.898138314926733,51.00040854199063],[13.898115928457882,51.000489626154184],[13.898178425172905,51.00049615087466],[13.898259787555814,51.00050464305416],[13.898281072606727,51.00042311682067]]]}},{"type":"Feature","id":"UUID_57532cda-35a6-462d-b7d0-672e9d2a0b32","properties":{"id":"UUID_57532cda-35a6-462d-b7d0-672e9d2a0b32","height_m":3.287,"ground_m":126.297,"height_source":"LoD1 solid top minus bottom","production":"2023","laser":"2017","footprints":"2023"},"geometry":{"type":"Polygon","coordinates":[[[13.898172450587493,51.000518540663975],[13.898172529072133,51.000518235647505],[13.898178425172905,51.00049615087466],[13.898115928457882,51.000489626154184],[13.898109630148502,51.00051244454358],[13.898172450587493,51.000518540663975]]]}},{"type":"Feature","id":"UUID_8d66e1ab-3247-4c09-9929-7f755d834a5f","properties":{"id":"UUID_8d66e1ab-3247-4c09-9929-7f755d834a5f","height_m":3.313,"ground_m":126.297,"height_source":"LoD1 solid top minus bottom","production":"2023","laser":"2017","footprints":"2023"},"geometry":{"type":"Polygon","coordinates":[[[13.898189598962121,51.00052020420037],[13.898172529072133,51.000518235647505],[13.898172450587493,51.000518540663975],[13.898109630148502,51.00051244454358],[13.898095411135905,51.00056219373389],[13.898173681817141,51.00057185286006],[13.898189598962121,51.00052020420037]]]}},{"type":"Feature","id":"UUID_e7ea2866-a0b6-419b-a1ec-ec3b572d976f","properties":{"id":"UUID_e7ea2866-a0b6-419b-a1ec-ec3b572d976f","height_m":3.357,"ground_m":126.297,"height_source":"LoD1 solid top minus bottom","production":"2023","laser":"2017","footprints":"2023"},"geometry":{"type":"Polygon","coordinates":[[[13.898254956774043,51.0004203795159],[13.898261259703457,51.000396760799084],[13.898169808854542,51.000386995409315],[13.898163309146778,51.000411097879045],[13.898254940821708,51.00042045130822],[13.898254956774043,51.0004203795159]]]}},{"type":"Feature","id":"DESNATGMvh0000ZO","properties":{"id":"DESNATGMvh0000ZO","height_m":2.76,"ground_m":302.449,"height_source":"LoD1 solid top minus bottom","production":"2023","laser":"2017","footprints":"2023"},"geometry":{"type":"Polygon","coordinates":[[[13.896816523276462,51.01297748499992],[13.896863622275955,51.0129625429787],[13.896827722122648,51.012917662547956],[13.89678069250002,51.01293268614521],[13.896816523276462,51.01297748499992]]]}},{"type":"Feature","id":"UUID_c6794500-9500-4ea1-ad4b-c2d125d5c83c","properties":{"id":"UUID_c6794500-9500-4ea1-ad4b-c2d125d5c83c","height_m":4.036,"ground_m":295.676,"height_source":"LoD1 solid top minus bottom","production":"2023","laser":"2017","footprints":"2023"},"geometry":{"type":"Polygon","coordinates":[[[13.893405005153843,51.01299715687136],[13.893390537839137,51.012960526949925],[13.8933542352347,51.01296623528003],[13.893369341103389,51.01300298816092],[13.893405005153843,51.01299715687136]]]}},{"type":"Feature","id":"UUID_550d6834-1cb5-4767-a672-402d4f9d66b9","properties":{"id":"UUID_550d6834-1cb5-4767-a672-402d4f9d66b9","height_m":1.801,"ground_m":295.676,"height_source":"LoD1 solid top minus bottom","production":"2023","laser":"2017","footprints":"2023"},"geometry":{"type":"Polygon","coordinates":[[[13.893369341103389,51.01300298816092],[13.89338821942762,51.01304894945471],[13.893484950443034,51.013033129944205],[13.893466057776603,51.01298716853039],[13.893405005153843,51.01299715687136],[13.893369341103389,51.01300298816092]]]}},{"type":"Feature","id":"DESNATPU1000HAUb","properties":{"id":"DESNATPU1000HAUb","height_m":3.118,"ground_m":128.162,"height_source":"LoD1 solid top minus bottom","production":"2023","laser":"2017","footprints":"2023"},"geometry":{"type":"Polygon","coordinates":[[[13.900240993396574,50.997020696085634],[13.900272807342095,50.99695291971887],[13.900175476751413,50.99693473717502],[13.900143803028078,50.99700260476452],[13.900240993396574,50.997020696085634]]]}},{"type":"Feature","id":"DESNATPU1000Byx5","properties":{"id":"DESNATPU1000Byx5","height_m":6.547,"ground_m":306.633,"height_source":"LoD1 solid top minus bottom","production":"2023","laser":"2017","footprints":"2023"},"geometry":{"type":"Polygon","coordinates":[[[13.89694253108245,51.013497174045845],[13.897123794209708,51.01343768903317],[13.897058726315043,51.01335914298843],[13.896877478733172,51.01341858308284],[13.89694253108245,51.013497174045845]]]}},{"type":"Feature","id":"DESNATPU1000GpYV","properties":{"id":"DESNATPU1000GpYV","height_m":8.447,"ground_m":143.452,"height_source":"LoD1 solid top minus bottom","production":"2023","laser":"2017","footprints":"2023"},"geometry":{"type":"Polygon","coordinates":[[[13.897609123576242,51.005373325993794],[13.897578171416345,51.00536645117314],[13.897565376730217,51.00535181600167],[13.897513308668765,51.00536867184609],[13.897459186379592,51.005386200729816],[13.897468858238849,51.00539848629076],[13.897492464277027,51.00542724333082],[13.897485649024615,51.005440560357165],[13.89750674189746,51.005444860140244],[13.897526198849333,51.00546886577286],[13.897580639403914,51.00545114201889],[13.897633025940506,51.00543408231424],[13.897600032065062,51.00539307840509],[13.897609123576242,51.005373325993794]]]}},{"type":"Feature","id":"DESNATPU1000CNfc","properties":{"id":"DESNATPU1000CNfc","height_m":2.729,"ground_m":313.086,"height_source":"LoD1 solid top minus bottom","production":"2023","laser":"2017","footprints":"2023"},"geometry":{"type":"Polygon","coordinates":[[[13.90045882130497,51.01170346209284],[13.900372902365772,51.01172585496747],[13.90040977559633,51.01178213737737],[13.900495696748717,51.01175965456812],[13.90045882130497,51.01170346209284]]]}},{"type":"Feature","id":"DESNATPU1000Doc0","properties":{"id":"DESNATPU1000Doc0","height_m":3.807,"ground_m":116.223,"height_source":"LoD1 solid top minus bottom","production":"2023","laser":"2017","footprints":"2023"},"geometry":{"type":"Polygon","coordinates":[[[13.894225219652634,51.00011140633814],[13.894188466836106,51.00016465582581],[13.894428748013514,51.000230779172654],[13.894466353387788,51.000177627607016],[13.894225219652634,51.00011140633814]]]}},{"type":"Feature","id":"DESNATPU1000G97t","properties":{"id":"DESNATPU1000G97t","height_m":2.66,"ground_m":123.182,"height_source":"LoD1 solid top minus bottom","production":"2023","laser":"2017","footprints":"2023"},"geometry":{"type":"Polygon","coordinates":[[[13.901581989633748,50.99982738922915],[13.901587860531077,50.99980810981711],[13.901604873530994,50.999751524938524],[13.901513780646233,50.9997405065316],[13.901495938108939,50.99979600445614],[13.901489622733783,50.99981599911171],[13.901469440812514,50.99981365105663],[13.901463099943575,50.99983472461215],[13.901575963507609,50.99984720675192],[13.901581989633748,50.99982738922915]]]}},{"type":"Feature","id":"UUID_ab0546b8-2fa7-446f-894b-4645c56a756b","properties":{"id":"UUID_ab0546b8-2fa7-446f-894b-4645c56a756b","height_m":2.804,"ground_m":125.44,"height_source":"LoD1 solid top minus bottom","production":"2023","laser":"2017","footprints":"2023"},"geometry":{"type":"Polygon","coordinates":[[[13.898392965394503,51.00065473948003],[13.898378689627398,51.000697869435044],[13.898426981919545,51.00070420612138],[13.89842699723294,51.00070416130155],[13.898455411724276,51.00070793643238],[13.898469689339876,51.000664725550116],[13.898392965394503,51.00065473948003]]]}},{"type":"Feature","id":"UUID_ebda58e2-fb12-43aa-9460-3dde3402c5a1","properties":{"id":"UUID_ebda58e2-fb12-43aa-9460-3dde3402c5a1","height_m":3.809,"ground_m":125.44,"height_source":"LoD1 solid top minus bottom","production":"2023","laser":"2017","footprints":"2023"},"geometry":{"type":"Polygon","coordinates":[[[13.898398586487337,51.00079049448741],[13.898426981919545,51.00070420612138],[13.898369028363419,51.00069660027035],[13.898340898232187,51.00078311594558],[13.898398586487337,51.00079049448741]]]}},{"type":"Feature","id":"DESNATPU1000EG0U","properties":{"id":"DESNATPU1000EG0U","height_m":7.519,"ground_m":123.551,"height_source":"LoD1 solid top minus bottom","production":"2023","laser":"2017","footprints":"2023"},"geometry":{"type":"Polygon","coordinates":[[[13.895711418765348,51.00366414781892],[13.895600221370316,51.00360518281004],[13.895572923918035,51.00362632771984],[13.895553038946364,51.00364142756639],[13.895665684816835,51.00369941709919],[13.895724399349639,51.003729738391804],[13.895769550489693,51.00369500315066],[13.895711418765348,51.00366414781892]]]}},{"type":"Feature","id":"DESNATGMvh0000Ys","properties":{"id":"DESNATGMvh0000Ys","height_m":2.526,"ground_m":298.047,"height_source":"LoD1 solid top minus bottom","production":"2023","laser":"2017","footprints":"2023"},"geometry":{"type":"Polygon","coordinates":[[[13.894119147653244,51.012791489971704],[13.894134454135392,51.01282402701552],[13.894168978475815,51.01281755520791],[13.894159669606822,51.01279777280827],[13.894191931345654,51.01279172922009],[13.89418593348837,51.01277898357265],[13.894119147653244,51.012791489971704]]]}},{"type":"Feature","id":"DESNATGMvh0000QJ","properties":{"id":"DESNATGMvh0000QJ","height_m":2.294,"ground_m":125.047,"height_source":"LoD1 solid top minus bottom","production":"2023","laser":"2017","footprints":"2023"},"geometry":{"type":"Polygon","coordinates":[[[13.894938560576698,51.001256119723855],[13.894924558354976,51.00128459351432],[13.894967400649817,51.001292975410315],[13.895017421094892,51.00130276511792],[13.895024911844102,51.0012730156955],[13.894938560576698,51.001256119723855]]]}},{"type":"Feature","id":"DESNATGMvh0000RR","properties":{"id":"DESNATGMvh0000RR","height_m":2.62,"ground_m":136.228,"height_source":"LoD1 solid top minus bottom","production":"2023","laser":"2017","footprints":"2023"},"geometry":{"type":"Polygon","coordinates":[[[13.900880058376346,51.0048384409695],[13.900922525756565,51.00482607965658],[13.90089672046614,51.00479079180977],[13.900854253111579,51.004803153113556],[13.900880058376346,51.0048384409695]]]}},{"type":"Feature","id":"DESNATPU1000Eim6","properties":{"id":"DESNATPU1000Eim6","height_m":4.002,"ground_m":125.676,"height_source":"LoD1 solid top minus bottom","production":"2023","laser":"2017","footprints":"2023"},"geometry":{"type":"Polygon","coordinates":[[[13.894651162838528,51.002026326834105],[13.89465122973938,51.00201751448037],[13.894693269003206,51.002017732366944],[13.894693421199342,51.00198733799555],[13.894651666945782,51.00198712280553],[13.894651992901583,51.001943420669306],[13.894580594095121,51.00194319475585],[13.894579623550095,51.00202600966289],[13.894651162838528,51.002026326834105]]]}},{"type":"Feature","id":"UUID_66c4e209-67ae-4cab-8f28-fa85ac0864b1","properties":{"id":"UUID_66c4e209-67ae-4cab-8f28-fa85ac0864b1","height_m":6.231,"ground_m":303.128,"height_source":"LoD1 solid top minus bottom","production":"2023","laser":"2017","footprints":"2023"},"geometry":{"type":"Polygon","coordinates":[[[13.89363180351663,51.01230145225154],[13.893541539214226,51.01232414968591],[13.893544286974702,51.01232849226556],[13.89357624077056,51.01237910974616],[13.893576369897241,51.01237907499766],[13.893592671012117,51.01240513770588],[13.893619967768963,51.01239805804759],[13.893620091547062,51.0123982480691],[13.893682963952667,51.01238244050306],[13.89363180351663,51.01230145225154]]]}},{"type":"Feature","id":"UUID_67ad3eba-bccb-482b-899b-ecbdccaf65ed","properties":{"id":"UUID_67ad3eba-bccb-482b-899b-ecbdccaf65ed","height_m":2.913,"ground_m":303.128,"height_source":"LoD1 solid top minus bottom","production":"2023","laser":"2017","footprints":"2023"},"geometry":{"type":"Polygon","coordinates":[[[13.893726632677737,51.012403240735296],[13.893707444552044,51.01237628739807],[13.893682963952667,51.01238244050306],[13.893620091547062,51.0123982480691],[13.893637618230333,51.012425527415424],[13.893726632677737,51.012403240735296]]]}},{"type":"Feature","id":"UUID_a921f704-beaf-459d-bea7-3dc4a22af1ce","properties":{"id":"UUID_a921f704-beaf-459d-bea7-3dc4a22af1ce","height_m":3.709,"ground_m":303.128,"height_source":"LoD1 solid top minus bottom","production":"2023","laser":"2017","footprints":"2023"},"geometry":{"type":"Polygon","coordinates":[[[13.893542449501275,51.01238713508715],[13.89357624077056,51.01237910974616],[13.893544286974702,51.01232849226556],[13.893510612667589,51.01233699532487],[13.893542449501275,51.01238713508715]]]}},{"type":"Feature","id":"UUID_d7aabc3f-60ee-4100-bf08-844f18bec558","properties":{"id":"UUID_d7aabc3f-60ee-4100-bf08-844f18bec558","height_m":7.318,"ground_m":303.128,"height_source":"LoD1 solid top minus bottom","production":"2023","laser":"2017","footprints":"2023"},"geometry":{"type":"Polygon","coordinates":[[[13.893668657586986,51.01247384303894],[13.893833134460856,51.01243265745419],[13.893802654222505,51.012384203282956],[13.893637618230333,51.012425527415424],[13.893668657586986,51.01247384303894]]]}},{"type":"Feature","id":"DESNATPU1000BNLD","properties":{"id":"DESNATPU1000BNLD","height_m":8.102,"ground_m":297.047,"height_source":"LoD1 solid top minus bottom","production":"2023","laser":"2017","footprints":"2023"},"geometry":{"type":"Polygon","coordinates":[[[13.894332190759782,51.01279481023379],[13.894354149840865,51.012841942613676],[13.894355777394003,51.01284543823981],[13.89441136287483,51.01283513687721],[13.894496717082296,51.01281931678897],[13.894488647325877,51.01280197420391],[13.894456949787667,51.01273393130525],[13.894428297907822,51.01273924473463],[13.89436919019733,51.01275019622894],[13.894315995871118,51.01276006156588],[13.894332190759782,51.01279481023379]]]}},{"type":"Feature","id":"DESNATPU1000HkXU","properties":{"id":"DESNATPU1000HkXU","height_m":2.286,"ground_m":128.22,"height_source":"LoD1 solid top minus bottom","production":"2023","laser":"2017","footprints":"2023"},"geometry":{"type":"Polygon","coordinates":[[[13.899926147417332,50.99778194388169],[13.899912137900667,50.9978259668362],[13.900009893391154,50.997838308241704],[13.900023760340574,50.997794283933466],[13.899926147417332,50.99778194388169]]]}},{"type":"Feature","id":"DESNATPU1000HgE3","properties":{"id":"DESNATPU1000HgE3","height_m":8.969,"ground_m":126.407,"height_source":"LoD1 solid top minus bottom","production":"2023","laser":"2017","footprints":"2023"},"geometry":{"type":"Polygon","coordinates":[[[13.899771103173496,50.99984113131718],[13.899991076256345,50.99987193489344],[13.900021955675246,50.99978411376478],[13.899801982772805,50.99975331923949],[13.899771103173496,50.99984113131718]]]}},{"type":"Feature","id":"UUID_bd0c345e-4d4d-4f81-8e5c-8a01b0fbc93e","properties":{"id":"UUID_bd0c345e-4d4d-4f81-8e5c-8a01b0fbc93e","height_m":2.661,"ground_m":298.364,"height_source":"LoD1 solid top minus bottom","production":"2023","laser":"2017","footprints":"2023"},"geometry":{"type":"Polygon","coordinates":[[[13.89166017750816,51.012605401233266],[13.891674713862198,51.01263548525089],[13.891731118988897,51.01260157776682],[13.891719610984547,51.01258797936072],[13.891719514218309,51.0125878525432],[13.89166017750816,51.012605401233266]]]}},{"type":"Feature","id":"UUID_a126be10-f405-4dfb-97e0-1185509303f0","properties":{"id":"UUID_a126be10-f405-4dfb-97e0-1185509303f0","height_m":2.876,"ground_m":298.364,"height_source":"LoD1 solid top minus bottom","production":"2023","laser":"2017","footprints":"2023"},"geometry":{"type":"Polygon","coordinates":[[[13.891632890132405,51.01256602356534],[13.89166017750816,51.012605401233266],[13.891719514218309,51.0125878525432],[13.891719610984547,51.01258797936072],[13.891778333941328,51.012570460790265],[13.891749759486872,51.01253125079798],[13.891632890132405,51.01256602356534]]]}},{"type":"Feature","id":"DESNATGMvh0000RS","properties":{"id":"DESNATGMvh0000RS","height_m":3.0,"ground_m":129.649,"height_source":"LoD1 solid top minus bottom","production":"2023","laser":"2017","footprints":"2023"},"geometry":{"type":"Polygon","coordinates":[[[13.905171722470756,51.00038294006056],[13.90517696373436,51.000383690620204],[13.905245284986833,51.00039346759179],[13.90525528874227,51.000365656554116],[13.905181726267719,51.000355129029394],[13.905171722470756,51.00038294006056]]]}},{"type":"Feature","id":"DESNATGMvh0000Z1","properties":{"id":"DESNATGMvh0000Z1","height_m":4.393,"ground_m":168.185,"height_source":"LoD1 solid top minus bottom","production":"2023","laser":"2017","footprints":"2023"},"geometry":{"type":"Polygon","coordinates":[[[13.904907617577617,51.00617733628239],[13.904910930224919,51.0062061443919],[13.904922632556728,51.006205534654065],[13.904966445046039,51.00620324745893],[13.904963166859464,51.00617479039449],[13.904907617577617,51.00617733628239]]]}},{"type":"Feature","id":"DESNATGMvh0000R9","properties":{"id":"DESNATGMvh0000R9","height_m":3.561,"ground_m":132.146,"height_source":"LoD1 solid top minus bottom","production":"2023","laser":"2017","footprints":"2023"},"geometry":{"type":"Polygon","coordinates":[[[13.896517533534604,51.00468710112334],[13.896471141989649,51.004636536852594],[13.89642209678605,51.00465396033442],[13.896469436686594,51.00470420084743],[13.896517533534604,51.00468710112334]]]}},{"type":"Feature","id":"DESNATGMvh0000Xv","properties":{"id":"DESNATGMvh0000Xv","height_m":4.13,"ground_m":300.776,"height_source":"LoD1 solid top minus bottom","production":"2023","laser":"2017","footprints":"2023"},"geometry":{"type":"Polygon","coordinates":[[[13.89344687753485,51.012656797202226],[13.893226758871991,51.01269802172041],[13.893264535428669,51.012778307825556],[13.893484668478823,51.01273709236468],[13.89344687753485,51.012656797202226]]]}},{"type":"Feature","id":"DESNATGMvh0000ZV","properties":{"id":"DESNATGMvh0000ZV","height_m":2.439,"ground_m":306.322,"height_source":"LoD1 solid top minus bottom","production":"2023","laser":"2017","footprints":"2023"},"geometry":{"type":"Polygon","coordinates":[[[13.895952403312638,51.01382377604303],[13.895968048365532,51.013861334031496],[13.896018099776317,51.01387820089159],[13.896075405615074,51.01387053190365],[13.896070849924131,51.013864265824736],[13.896099489051357,51.013834293545045],[13.89611015589243,51.01383415152045],[13.89609313713084,51.01379680539273],[13.896037429192509,51.01377921065571],[13.89598159524189,51.01379033778501],[13.895952403312638,51.01382377604303]]]}},{"type":"Feature","id":"DESNATGMvh0000Y2","properties":{"id":"DESNATGMvh0000Y2","height_m":3.135,"ground_m":142.601,"height_source":"LoD1 solid top minus bottom","production":"2023","laser":"2017","footprints":"2023"},"geometry":{"type":"Polygon","coordinates":[[[13.892055973442025,51.00572050901483],[13.892091308622529,51.00579466632666],[13.892136453980674,51.00578610159474],[13.892101118734262,51.00571194429604],[13.892055973442025,51.00572050901483]]]}},{"type":"Feature","id":"DESNATGMvh0000QT","properties":{"id":"DESNATGMvh0000QT","height_m":2.332,"ground_m":124.597,"height_source":"LoD1 solid top minus bottom","production":"2023","laser":"2017","footprints":"2023"},"geometry":{"type":"Polygon","coordinates":[[[13.895416425364703,51.00024223514978],[13.895406127559616,51.00026597781774],[13.895472596144423,51.00027746062927],[13.8954828941318,51.00025370896447],[13.895419817545065,51.00024282477921],[13.895416425364703,51.00024223514978]]]}},{"type":"Feature","id":"DESNATGMvh0000Ra","properties":{"id":"DESNATGMvh0000Ra","height_m":2.371,"ground_m":124.021,"height_source":"LoD1 solid top minus bottom","production":"2023","laser":"2017","footprints":"2023"},"geometry":{"type":"Polygon","coordinates":[[[13.901854724423567,50.999937237835006],[13.901895740610046,50.99994086979148],[13.901903206425079,50.999918017211755],[13.901862741836098,50.99991275374546],[13.901854724423567,50.999937237835006]]]}},{"type":"Feature","id":"UUID_6a611621-00e5-4acd-95f8-e225922093a6","properties":{"id":"UUID_6a611621-00e5-4acd-95f8-e225922093a6","height_m":4.018,"ground_m":306.703,"height_source":"LoD1 solid top minus bottom","production":"2023","laser":"2017","footprints":"2023"},"geometry":{"type":"Polygon","coordinates":[[[13.897079389454618,51.012887727298065],[13.89707010172493,51.012891038911064],[13.897125018847209,51.01295576608822],[13.897143336343241,51.01295881669826],[13.897079389454618,51.012887727298065]]]}},{"type":"Feature","id":"UUID_196b8537-84d2-4f6b-b7b4-feeecaaac598","properties":{"id":"UUID_196b8537-84d2-4f6b-b7b4-feeecaaac598","height_m":6.476,"ground_m":306.703,"height_source":"LoD1 solid top minus bottom","production":"2023","laser":"2017","footprints":"2023"},"geometry":{"type":"Polygon","coordinates":[[[13.897079389454618,51.012887727298065],[13.897166670635395,51.0129847564368],[13.897299511156701,51.01293762885434],[13.897212436142864,51.01284031399025],[13.897079389454618,51.012887727298065]]]}},{"type":"Feature","id":"DESNATPU1000Ej67","properties":{"id":"DESNATPU1000Ej67","height_m":3.032,"ground_m":136.064,"height_source":"LoD1 solid top minus bottom","production":"2023","laser":"2017","footprints":"2023"},"geometry":{"type":"Polygon","coordinates":[[[13.910449911214132,51.00136834935527],[13.910372619683077,51.00137635154324],[13.910385893454295,51.00143636762425],[13.910463874368753,51.0014293610683],[13.910449911214132,51.00136834935527]]]}},{"type":"Feature","id":"DESNATPU1000I8BV","properties":{"id":"DESNATPU1000I8BV","height_m":3.426,"ground_m":138.569,"height_source":"LoD1 solid top minus bottom","production":"2023","laser":"2017","footprints":"2023"},"geometry":{"type":"Polygon","coordinates":[[[13.900982147740859,51.00505886252187],[13.90103407758677,51.00513705810157],[13.901091965248865,51.00512176622796],[13.90104002107179,51.00504357053926],[13.901007391106202,51.00505219348607],[13.900982147740859,51.00505886252187]]]}},{"type":"Feature","id":"UUID_e3659beb-0d0f-4ee8-99b0-77b2c7e6364b","properties":{"id":"UUID_e3659beb-0d0f-4ee8-99b0-77b2c7e6364b","height_m":8.388,"ground_m":125.1,"height_source":"LoD1 solid top minus bottom","production":"2023","laser":"2017","footprints":"2023"},"geometry":{"type":"Polygon","coordinates":[[[13.89607915709501,51.00189207654664],[13.89607921409148,51.00189207708521],[13.896071547124544,51.00197851578624],[13.89613331967852,51.00197959408116],[13.896184521503743,51.0019804825401],[13.896202870038788,51.001771842090434],[13.896151817168313,51.00177009173324],[13.896130242400575,51.001769357302436],[13.896090228091623,51.00176790006833],[13.89607915709501,51.00189207654664]]]}},{"type":"Feature","id":"UUID_eb272aa4-1f0d-4c34-b842-482cff909996","properties":{"id":"UUID_eb272aa4-1f0d-4c34-b842-482cff909996","height_m":4.614,"ground_m":125.1,"height_source":"LoD1 solid top minus bottom","production":"2023","laser":"2017","footprints":"2023"},"geometry":{"type":"Polygon","coordinates":[[[13.896043983114295,51.00189084489105],[13.896034937494482,51.001977720204465],[13.896071547124544,51.00197851578624],[13.89607921409148,51.00189207708521],[13.89607915709501,51.00189207654664],[13.896043983114295,51.00189084489105]]]}},{"type":"Feature","id":"UUID_a5982a9c-f739-46f5-a691-6a21a5758504","properties":{"id":"UUID_a5982a9c-f739-46f5-a691-6a21a5758504","height_m":8.615,"ground_m":124.27,"height_source":"LoD1 solid top minus bottom","production":"2023","laser":"2017","footprints":"2023"},"geometry":{"type":"Polygon","coordinates":[[[13.898700181765383,51.001127188256646],[13.898736460397519,51.00115217063097],[13.89875187216617,51.00116278357746],[13.898751814531941,51.0011628100127],[13.8987778154357,51.00118065409627],[13.898870905279557,51.00112667519994],[13.89882947792264,51.001098236049934],[13.898788794099685,51.00107029849985],[13.89869584868025,51.001124197757065],[13.898700181765383,51.001127188256646]]]}},{"type":"Feature","id":"UUID_d34ecda4-7467-4ab5-8eea-1742d5261d51","properties":{"id":"UUID_d34ecda4-7467-4ab5-8eea-1742d5261d51","height_m":4.384,"ground_m":124.27,"height_source":"LoD1 solid top minus bottom","production":"2023","laser":"2017","footprints":"2023"},"geometry":{"type":"Polygon","coordinates":[[[13.898672841796419,51.00114302771252],[13.898724590040644,51.001178587619236],[13.898751814531941,51.0011628100127],[13.89875187216617,51.00116278357746],[13.898700181765383,51.001127188256646],[13.898672841796419,51.00114302771252]]]}},{"type":"Feature","id":"DESNATGMvh0000Z0","properties":{"id":"DESNATGMvh0000Z0","height_m":3.814,"ground_m":298.23,"height_source":"LoD1 solid top minus bottom","production":"2023","laser":"2017","footprints":"2023"},"geometry":{"type":"Polygon","coordinates":[[[13.895890424406183,51.013091156358094],[13.895913117730444,51.01309783665032],[13.895953974150634,51.01304262907693],[13.895931281060705,51.013035939801895],[13.895890424406183,51.013091156358094]]]}},{"type":"Feature","id":"DESNATGMvh0000Pk","properties":{"id":"DESNATGMvh0000Pk","height_m":2.312,"ground_m":132.553,"height_source":"LoD1 solid top minus bottom","production":"2023","laser":"2017","footprints":"2023"},"geometry":{"type":"Polygon","coordinates":[[[13.893099383822527,51.00484207770541],[13.893179229357251,51.00493674640539],[13.893213640629568,51.00492520185725],[13.893189825804106,51.004896954554575],[13.893195314246878,51.004895118054],[13.893139283908903,51.004828678700655],[13.893099383822527,51.00484207770541]]]}},{"type":"Feature","id":"UUID_c25ea373-674f-4406-aa4f-ee31a56e6e1b","properties":{"id":"UUID_c25ea373-674f-4406-aa4f-ee31a56e6e1b","height_m":3.453,"ground_m":297.383,"height_source":"LoD1 solid top minus bottom","production":"2023","laser":"2017","footprints":"2023"},"geometry":{"type":"Polygon","coordinates":[[[13.89196915964125,51.01277263090464],[13.892040730949043,51.01277169992074],[13.89202349132036,51.01271745356093],[13.891964603681435,51.012719745832676],[13.89196915964125,51.01277263090464]]]}},{"type":"Feature","id":"UUID_aac9ca6f-937f-407a-b15d-3889fc55bc57","properties":{"id":"UUID_aac9ca6f-937f-407a-b15d-3889fc55bc57","height_m":8.02,"ground_m":297.383,"height_source":"LoD1 solid top minus bottom","production":"2023","laser":"2017","footprints":"2023"},"geometry":{"type":"Polygon","coordinates":[[[13.89196915964125,51.01277263090464],[13.89182827018909,51.012774460154816],[13.891831143250672,51.012862059576655],[13.891933744546877,51.01286073051871],[13.891992196658075,51.01285997190547],[13.891991043151181,51.012824628140635],[13.891989351797912,51.01277237275599],[13.89196915964125,51.01277263090464]]]}},{"type":"Feature","id":"UUID_e1d49a88-fb10-47b8-a8f9-db836be13602","properties":{"id":"UUID_e1d49a88-fb10-47b8-a8f9-db836be13602","height_m":3.208,"ground_m":297.383,"height_source":"LoD1 solid top minus bottom","production":"2023","laser":"2017","footprints":"2023"},"geometry":{"type":"Polygon","coordinates":[[[13.891991043151181,51.012824628140635],[13.8920571756742,51.01282341175445],[13.892040730949043,51.01277169992074],[13.891989351797912,51.01277237275599],[13.891991043151181,51.012824628140635]]]}},{"type":"Feature","id":"UUID_d07a19b9-887a-479b-80ee-75ca4a127fb0","properties":{"id":"UUID_d07a19b9-887a-479b-80ee-75ca4a127fb0","height_m":8.141,"ground_m":297.383,"height_source":"LoD1 solid top minus bottom","production":"2023","laser":"2017","footprints":"2023"},"geometry":{"type":"Polygon","coordinates":[[[13.891992679306654,51.01287501249287],[13.891992196658075,51.01285997190547],[13.891933744546877,51.01286073051871],[13.891934227176549,51.012875771106216],[13.891992679306654,51.01287501249287]]]}},{"type":"Feature","id":"UUID_5a6b93d4-abf5-4499-8e7e-b7ca6689cd83","properties":{"id":"UUID_5a6b93d4-abf5-4499-8e7e-b7ca6689cd83","height_m":5.957,"ground_m":163.428,"height_source":"LoD1 solid top minus bottom","production":"2023","laser":"2017","footprints":"2023"},"geometry":{"type":"Polygon","coordinates":[[[13.897484072901213,51.006369811201004],[13.897568127594514,51.00638902170922],[13.897582414052593,51.00631909333748],[13.897555525615422,51.00631694212643],[13.897495560234868,51.00631214063751],[13.897484072901213,51.006369811201004]]]}},{"type":"Feature","id":"UUID_bd8286c4-4519-476a-9b5d-1faa361f46e2","properties":{"id":"UUID_bd8286c4-4519-476a-9b5d-1faa361f46e2","height_m":5.527,"ground_m":163.428,"height_source":"LoD1 solid top minus bottom","production":"2023","laser":"2017","footprints":"2023"},"geometry":{"type":"Polygon","coordinates":[[[13.897495560234868,51.00631214063751],[13.897555525615422,51.00631694212643],[13.89756980430063,51.006244936337076],[13.897509829206543,51.006240548433915],[13.897495560234868,51.00631214063751]]]}},{"type":"Feature","id":"UUID_56fa5666-fb82-465e-b895-aad1e180cc51","properties":{"id":"UUID_56fa5666-fb82-465e-b895-aad1e180cc51","height_m":3.14,"ground_m":136.946,"height_source":"LoD1 solid top minus bottom","production":"2023","laser":"2017","footprints":"2023"},"geometry":{"type":"Polygon","coordinates":[[[13.905327151580556,51.004353124110146],[13.90523624839721,51.00437056374911],[13.90527965248889,51.00446063800616],[13.90537054137151,51.00444320719199],[13.905352196119187,51.00440512151997],[13.905327151580556,51.004353124110146]]]}},{"type":"Feature","id":"UUID_50da03de-b7a1-4ed5-bfdc-a704535b68e3","properties":{"id":"UUID_50da03de-b7a1-4ed5-bfdc-a704535b68e3","height_m":3.134,"ground_m":136.946,"height_source":"LoD1 solid top minus bottom","production":"2023","laser":"2017","footprints":"2023"},"geometry":{"type":"Polygon","coordinates":[[[13.905352196119187,51.00440512151997],[13.90537054137151,51.00444320719199],[13.905424848504106,51.00443278971599],[13.905406488961226,51.00439470391867],[13.905352196119187,51.00440512151997]]]}},{"type":"Feature","id":"UUID_cff79515-325f-41a1-9630-0e623f2d24be","properties":{"id":"UUID_cff79515-325f-41a1-9630-0e623f2d24be","height_m":2.433,"ground_m":120.717,"height_source":"LoD1 solid top minus bottom","production":"2023","laser":"2017","footprints":"2023"},"geometry":{"type":"Polygon","coordinates":[[[13.89503387977885,51.002463141492406],[13.895056047400493,51.00245933135342],[13.89504365746776,51.002430724844075],[13.895043543046352,51.00243074174755],[13.895021547283118,51.002434517538255],[13.89503387977885,51.002463141492406]]]}},{"type":"Feature","id":"UUID_87e0b452-c22c-4740-9835-cea1fc46e960","properties":{"id":"UUID_87e0b452-c22c-4740-9835-cea1fc46e960","height_m":7.449,"ground_m":120.717,"height_source":"LoD1 solid top minus bottom","production":"2023","laser":"2017","footprints":"2023"},"geometry":{"type":"Polygon","coordinates":[[[13.89504365746776,51.002430724844075],[13.895056047400493,51.00245933135342],[13.89505614757268,51.00245931431516],[13.895087312425552,51.002531533820815],[13.895160341026331,51.00251898701253],[13.895231766619181,51.0025067217638],[13.89516924713894,51.002361858362505],[13.8951610024656,51.00236274262686],[13.895157426793956,51.002349471347024],[13.895129792064546,51.00235243843104],[13.895133367728507,51.002365709711654],[13.895095802414481,51.00236973395496],[13.895020728764528,51.002377782944244],[13.895043543046352,51.00243074174755],[13.89504365746776,51.002430724844075]]]}},{"type":"Feature","id":"UUID_0b22a6de-ae64-4f6e-85f6-06f5cad571f4","properties":{"id":"UUID_0b22a6de-ae64-4f6e-85f6-06f5cad571f4","height_m":4.065,"ground_m":134.324,"height_source":"LoD1 solid top minus bottom","production":"2023","laser":"2017","footprints":"2023"},"geometry":{"type":"Polygon","coordinates":[[[13.901605405856149,51.00459938959695],[13.90163559621216,51.00464274911484],[13.901733299567058,51.004615672929276],[13.901703250999441,51.00457234174812],[13.901605405856149,51.00459938959695]]]}},{"type":"Feature","id":"UUID_b6a2fde1-9bae-4b44-b670-fee328815f1d","properties":{"id":"UUID_b6a2fde1-9bae-4b44-b670-fee328815f1d","height_m":4.284,"ground_m":134.324,"height_source":"LoD1 solid top minus bottom","production":"2023","laser":"2017","footprints":"2023"},"geometry":{"type":"Polygon","coordinates":[[[13.901598062512276,51.00472926702697],[13.901777825345706,51.004679697813216],[13.901738399446813,51.004623032046176],[13.901733299567058,51.004615672929276],[13.90163559621216,51.00464274911484],[13.901553674551618,51.00466545020539],[13.901598062512276,51.00472926702697]]]}},{"type":"Feature","id":"DESNATP1Vq0000xT","properties":{"id":"DESNATP1Vq0000xT","height_m":3.571,"ground_m":122.446,"height_source":"LoD1 solid top minus bottom","production":"2023","laser":"2017","footprints":"2023"},"geometry":{"type":"Polygon","coordinates":[[[13.89832698188914,51.001926073889905],[13.898319126536649,51.00185938084432],[13.898239139282326,51.00186313194878],[13.898246994520587,51.001929824998975],[13.89832698188914,51.001926073889905]]]}},{"type":"Feature","id":"UUID_886faa45-e5d0-4cfa-871e-27d90603aaf2","properties":{"id":"UUID_886faa45-e5d0-4cfa-871e-27d90603aaf2","height_m":5.569,"ground_m":124.21,"height_source":"LoD1 solid top minus bottom","production":"2023","laser":"2017","footprints":"2023"},"geometry":{"type":"Polygon","coordinates":[[[13.895164801802547,51.00023716691893],[13.895203502755328,51.000245860288416],[13.895216232875843,51.00024872349211],[13.895241466636021,51.00020397990248],[13.895266076428888,51.00020950940845],[13.895278693066766,51.00018714659949],[13.89525408328415,51.00018161709621],[13.895279153403337,51.00013715972179],[13.895236440679536,51.000127565126334],[13.895227750720505,51.00012561243707],[13.895171896649284,51.00011306979082],[13.895108919331644,51.000224614981754],[13.895164801802547,51.00023716691893]]]}},{"type":"Feature","id":"UUID_cbd19e07-e7b1-4107-b134-65399b0da03f","properties":{"id":"UUID_cbd19e07-e7b1-4107-b134-65399b0da03f","height_m":3.692,"ground_m":124.21,"height_source":"LoD1 solid top minus bottom","production":"2023","laser":"2017","footprints":"2023"},"geometry":{"type":"Polygon","coordinates":[[[13.895236440679536,51.000127565126334],[13.895250679160844,51.00010232196068],[13.8951861494095,51.00008782676793],[13.895171896649284,51.00011306979082],[13.895236440679536,51.000127565126334]]]}},{"type":"Feature","id":"UUID_0f075929-89b7-4093-9585-cc84b56c9c3e","properties":{"id":"UUID_0f075929-89b7-4093-9585-cc84b56c9c3e","height_m":4.183,"ground_m":124.21,"height_source":"LoD1 solid top minus bottom","production":"2023","laser":"2017","footprints":"2023"},"geometry":{"type":"Polygon","coordinates":[[[13.895203502755328,51.000245860288416],[13.895147520736606,51.00023329843555],[13.895140423890114,51.00024587525974],[13.8951964057084,51.00025844610689],[13.895203502755328,51.000245860288416]]]}},{"type":"Feature","id":"DESNATGMvh0000Yw","properties":{"id":"DESNATGMvh0000Yw","height_m":6.146,"ground_m":300.572,"height_source":"LoD1 solid top minus bottom","production":"2023","laser":"2017","footprints":"2023"},"geometry":{"type":"Polygon","coordinates":[[[13.896183084397588,51.01265205910597],[13.896325763962707,51.01269009772306],[13.896366707262201,51.01268344309614],[13.896365083284687,51.01258189874269],[13.8961724704198,51.01259654503054],[13.896183084397588,51.01265205910597]]]}},{"type":"Feature","id":"DESNATP110000o5p","properties":{"id":"DESNATP110000o5p","height_m":4.289,"ground_m":304.732,"height_source":"LoD1 solid top minus bottom","production":"2023","laser":"2017","footprints":"2023"},"geometry":{"type":"Polygon","coordinates":[[[13.896302623695167,51.01215816923852],[13.896344294344475,51.01213646749819],[13.896563956313416,51.01210644686191],[13.896542354904714,51.01204356284214],[13.896315127535326,51.01207461808904],[13.896248312787371,51.01202355513003],[13.896175854570936,51.01206129694534],[13.896302623695167,51.01215816923852]]]}},{"type":"Feature","id":"DESNATPU1000CYcQ","properties":{"id":"DESNATPU1000CYcQ","height_m":3.211,"ground_m":124.893,"height_source":"LoD1 solid top minus bottom","production":"2023","laser":"2017","footprints":"2023"},"geometry":{"type":"Polygon","coordinates":[[[13.895929718851683,50.99994380348799],[13.896051782906337,50.99995889591604],[13.896072010381708,50.99989325942388],[13.89595008470911,50.99987834818096],[13.895929718851683,50.99994380348799]]]}},{"type":"Feature","id":"DESNATP1Vq00010V","properties":{"id":"DESNATP1Vq00010V","height_m":7.555,"ground_m":129.748,"height_source":"LoD1 solid top minus bottom","production":"2023","laser":"2017","footprints":"2023"},"geometry":{"type":"Polygon","coordinates":[[[13.905218696031781,51.00050346164568],[13.905254478846347,51.00050906676646],[13.905279079611889,51.000446608208826],[13.905222509091464,51.00043773274416],[13.905055765059725,51.00041158364033],[13.905031134670253,51.000474077845915],[13.9051018625039,51.00048515444014],[13.905091402955577,51.00051173816659],[13.905208236545793,51.000530045382895],[13.905218696031781,51.00050346164568]]]}},{"type":"Feature","id":"DESNATP1Vq0000zE","properties":{"id":"DESNATP1Vq0000zE","height_m":3.0,"ground_m":307.121,"height_source":"LoD1 solid top minus bottom","production":"2023","laser":"2017","footprints":"2023"},"geometry":{"type":"Polygon","coordinates":[[[13.897005553049546,51.01219693875538],[13.89686755733084,51.01221568093183],[13.89689416488143,51.012293504274794],[13.896907608339333,51.012291679756764],[13.896921712691167,51.012332901146024],[13.897060110788429,51.01231403680379],[13.897033209446441,51.012235365400635],[13.89701933737437,51.01223723085091],[13.897005553049546,51.01219693875538]]]}},{"type":"Feature","id":"DESNATPU1000Bgpe","properties":{"id":"DESNATPU1000Bgpe","height_m":5.854,"ground_m":121.587,"height_source":"LoD1 solid top minus bottom","production":"2023","laser":"2017","footprints":"2023"},"geometry":{"type":"Polygon","coordinates":[[[13.8943518468471,51.0018597438026],[13.894366031661969,51.001811019925015],[13.894319995145601,51.00180569212496],[13.894270732434457,51.001799983050915],[13.894262956488882,51.001826717122114],[13.894256247804426,51.0018259431912],[13.894249896046098,51.00184792453372],[13.894256448634776,51.00184867000907],[13.894240478131564,51.001904157576426],[13.894289543598678,51.00190977486752],[13.894335382436383,51.001915028865554],[13.894336900318649,51.00191113134386],[13.8943518468471,51.0018597438026]]]}},{"type":"Feature","id":"DESNATPU1000BOfa","properties":{"id":"DESNATPU1000BOfa","height_m":5.849,"ground_m":164.786,"height_source":"LoD1 solid top minus bottom","production":"2023","laser":"2017","footprints":"2023"},"geometry":{"type":"Polygon","coordinates":[[[13.90452420265182,51.00613103483024],[13.904529320931587,51.00615034546676],[13.904533309614688,51.00616557175875],[13.904544137756014,51.006206914412374],[13.904552953598358,51.00620600786166],[13.904653563345594,51.00619539538204],[13.904642606855175,51.006154051535454],[13.904633443023078,51.006119505089615],[13.904534105115175,51.00612998559165],[13.90452420265182,51.00613103483024]]]}},{"type":"Feature","id":"UUID_e56fceb4-3ed0-4b03-b7d4-447ab6695f69","properties":{"id":"UUID_e56fceb4-3ed0-4b03-b7d4-447ab6695f69","height_m":5.298,"ground_m":128.365,"height_source":"LoD1 solid top minus bottom","production":"2023","laser":"2017","footprints":"2023"},"geometry":{"type":"Polygon","coordinates":[[[13.896706510798676,51.004090718244086],[13.896690555015445,51.00407237504801],[13.896673780476428,51.00405309785493],[13.896656764547636,51.004059016315374],[13.896673395943884,51.004078319137584],[13.896689236870795,51.00409669722268],[13.896706223243381,51.004090823442574],[13.896706510798676,51.004090718244086]]]}},{"type":"Feature","id":"UUID_39416ca3-738b-4ee2-9e3c-6e83b11178e1","properties":{"id":"UUID_39416ca3-738b-4ee2-9e3c-6e83b11178e1","height_m":6.224,"ground_m":128.365,"height_source":"LoD1 solid top minus bottom","production":"2023","laser":"2017","footprints":"2023"},"geometry":{"type":"Polygon","coordinates":[[[13.89669174009772,51.00399297946858],[13.89663772005979,51.00401166002059],[13.896673995929488,51.00405302794694],[13.896673780476428,51.00405309785493],[13.896706510798676,51.004090718244086],[13.896706223243381,51.004090823442574],[13.896732109791264,51.00412013276007],[13.896786073132715,51.004101442636255],[13.896838656721776,51.00408323406538],[13.896744394848554,51.003974771612135],[13.89669174009772,51.00399297946858]]]}},{"type":"Feature","id":"DESNATPU1000C50Y","properties":{"id":"DESNATPU1000C50Y","height_m":2.478,"ground_m":117.791,"height_source":"LoD1 solid top minus bottom","production":"2023","laser":"2017","footprints":"2023"},"geometry":{"type":"Polygon","coordinates":[[[13.889861144456676,51.003514386244646],[13.889910979853184,51.00356423050125],[13.889977469624416,51.003537344157536],[13.889925334939154,51.003488287437925],[13.889861144456676,51.003514386244646]]]}},{"type":"Feature","id":"DESNATPU1000IwYJ","properties":{"id":"DESNATPU1000IwYJ","height_m":5.454,"ground_m":135.14,"height_source":"LoD1 solid top minus bottom","production":"2023","laser":"2017","footprints":"2023"},"geometry":{"type":"Polygon","coordinates":[[[13.909448024066274,50.9997862440785],[13.909406843092235,50.99986499662298],[13.909475200761992,50.99987930385096],[13.909575893462737,50.99990038769446],[13.909617078398867,50.999821455271885],[13.909516524119118,50.99980055261195],[13.909448024066274,50.9997862440785]]]}},{"type":"Feature","id":"DESNATP1Vq0000zw","properties":{"id":"DESNATP1Vq0000zw","height_m":6.289,"ground_m":136.622,"height_source":"LoD1 solid top minus bottom","production":"2023","laser":"2017","footprints":"2023"},"geometry":{"type":"Polygon","coordinates":[[[13.895307682249019,51.005236128203684],[13.895328285207498,51.005264641462496],[13.895374252599357,51.005251424964456],[13.895382960633468,51.005263458780675],[13.895422355104902,51.00525213156303],[13.89541366152631,51.0052400888936],[13.895448779534748,51.005229980231896],[13.895428162480497,51.005201457868246],[13.895406441317096,51.005171414264865],[13.89528598943465,51.00520609383876],[13.895307682249019,51.005236128203684]]]}},{"type":"Feature","id":"DESNATPU1000E1HP","properties":{"id":"DESNATPU1000E1HP","height_m":3.891,"ground_m":299.729,"height_source":"LoD1 solid top minus bottom","production":"2023","laser":"2017","footprints":"2023"},"geometry":{"type":"Polygon","coordinates":[[[13.892221431000944,51.012773089617426],[13.892228400209136,51.01279889317223],[13.892274578371277,51.012793935298845],[13.892275810354505,51.01279847037227],[13.892296962873413,51.01279619788906],[13.892288775896004,51.01276585939995],[13.892221431000944,51.012773089617426]]]}},{"type":"Feature","id":"DESNATPU1000HRoC","properties":{"id":"DESNATPU1000HRoC","height_m":7.182,"ground_m":314.937,"height_source":"LoD1 solid top minus bottom","production":"2023","laser":"2017","footprints":"2023"},"geometry":{"type":"Polygon","coordinates":[[[13.897915655301304,51.01128921194311],[13.89778212568974,51.011311513516375],[13.897797913930983,51.011349072624185],[13.897781755305978,51.011363218781696],[13.897793221616375,51.01139066514984],[13.897947646785463,51.01136487360399],[13.897915655301304,51.01128921194311]]]}},{"type":"Feature","id":"UUID_890e3459-c7ff-40d4-aa6b-4151668ad609","properties":{"id":"UUID_890e3459-c7ff-40d4-aa6b-4151668ad609","height_m":6.833,"ground_m":311.5,"height_source":"LoD1 solid top minus bottom","production":"2023","laser":"2017","footprints":"2023"},"geometry":{"type":"Polygon","coordinates":[[[13.898710818265581,51.01215552479423],[13.898752731963398,51.012185506259854],[13.89879673597374,51.01216093894457],[13.898841288763593,51.012136071028834],[13.898771047579164,51.01208630816718],[13.898772190039901,51.012080203813674],[13.898754387808095,51.01206744606237],[13.898738863505159,51.0120668500946],[13.898718927078866,51.012077993138845],[13.898717839821767,51.01208778507088],[13.898704433566804,51.012095266635136],[13.898660632084162,51.0121197099254],[13.898710789335116,51.01215554250719],[13.898710818265581,51.01215552479423]]]}},{"type":"Feature","id":"UUID_ecb79850-a1d2-4ef2-afbc-1505d2c2e844","properties":{"id":"UUID_ecb79850-a1d2-4ef2-afbc-1505d2c2e844","height_m":5.336,"ground_m":311.5,"height_source":"LoD1 solid top minus bottom","production":"2023","laser":"2017","footprints":"2023"},"geometry":{"type":"Polygon","coordinates":[[[13.898683695354006,51.01217035010128],[13.898655509621776,51.01212532711945],[13.898610912678947,51.012136408546155],[13.898565885591099,51.01214759381474],[13.898597881530065,51.01219906462169],[13.89864305011844,51.012187925638706],[13.898687788561407,51.01217689049763],[13.898683810862984,51.012170288240306],[13.898683695354006,51.01217035010128]]]}},{"type":"Feature","id":"UUID_3332df4f-7283-4d59-ad91-1431e6126167","properties":{"id":"UUID_3332df4f-7283-4d59-ad91-1431e6126167","height_m":6.07,"ground_m":311.5,"height_source":"LoD1 solid top minus bottom","production":"2023","laser":"2017","footprints":"2023"},"geometry":{"type":"Polygon","coordinates":[[[13.898655509621776,51.01212532711945],[13.898670042049014,51.01214853969873],[13.898683695354006,51.01217035010128],[13.898683810862984,51.012170288240306],[13.898710789335116,51.01215554250719],[13.89868767322152,51.01213902961317],[13.898660632084162,51.0121197099254],[13.898662725200678,51.012121618149344],[13.898655509621776,51.01212532711945]]]}},{"type":"Feature","id":"DESNATPU1000JBxD","properties":{"id":"DESNATPU1000JBxD","height_m":5.865,"ground_m":124.656,"height_source":"LoD1 solid top minus bottom","production":"2023","laser":"2017","footprints":"2023"},"geometry":{"type":"Polygon","coordinates":[[[13.901345766833474,51.00127860001959],[13.901497461770676,51.0012492260049],[13.901455512740815,51.00116314777193],[13.901303830821861,51.00119258480405],[13.901345766833474,51.00127860001959]]]}},{"type":"Feature","id":"UUID_33198691-a02c-40f7-b29b-6821a418111f","properties":{"id":"UUID_33198691-a02c-40f7-b29b-6821a418111f","height_m":6.855,"ground_m":123.279,"height_source":"LoD1 solid top minus bottom","production":"2023","laser":"2017","footprints":"2023"},"geometry":{"type":"Polygon","coordinates":[[[13.898379606697622,51.00161594838491],[13.898375394757169,51.001600620837046],[13.89835797223711,51.00153710197755],[13.898287370844153,51.00154475458406],[13.898229357958803,51.00155104204959],[13.898250443948019,51.00162956855937],[13.898379606697622,51.00161594838491]]]}},{"type":"Feature","id":"UUID_d15e8f43-5bf0-4a2d-bf99-c06fda457b9a","properties":{"id":"UUID_d15e8f43-5bf0-4a2d-bf99-c06fda457b9a","height_m":4.249,"ground_m":123.279,"height_source":"LoD1 solid top minus bottom","production":"2023","laser":"2017","footprints":"2023"},"geometry":{"type":"Polygon","coordinates":[[[13.8984019846184,51.00159781399853],[13.89839098643042,51.00155670293331],[13.898364266221417,51.001559598468575],[13.898364151803316,51.00155961537534],[13.898375394757169,51.001600620837046],[13.8984019846184,51.00159781399853]]]}},{"type":"Feature","id":"UUID_1f986257-d608-479a-90fc-da7d45031142","properties":{"id":"UUID_1f986257-d608-479a-90fc-da7d45031142","height_m":4.051,"ground_m":123.279,"height_source":"LoD1 solid top minus bottom","production":"2023","laser":"2017","footprints":"2023"},"geometry":{"type":"Polygon","coordinates":[[[13.898278458816717,51.00151184666698],[13.898287370844153,51.00154475458406],[13.89835797223711,51.00153710197755],[13.898364151803316,51.00155961537534],[13.898364266221417,51.001559598468575],[13.89835810942165,51.00153708703975],[13.898358101543014,51.00153705823266],[13.898348906616118,51.00150405772498],[13.898278458816717,51.00151184666698]]]}},{"type":"Feature","id":"UUID_e9e044d0-d98a-42bf-acd0-8140936a347d","properties":{"id":"UUID_e9e044d0-d98a-42bf-acd0-8140936a347d","height_m":7.25,"ground_m":137.909,"height_source":"LoD1 solid top minus bottom","production":"2023","laser":"2017","footprints":"2023"},"geometry":{"type":"Polygon","coordinates":[[[13.893249463032848,51.00530176566424],[13.893282651761528,51.005340407544544],[13.893305744128154,51.00536728107006],[13.893355077438294,51.005350410184775],[13.893354910929098,51.00535021975793],[13.893394318829955,51.005336555211514],[13.893394235682269,51.005336455502714],[13.893418938148908,51.00532801139041],[13.89339604031729,51.00530134656517],[13.8933630316385,51.00526292225067],[13.893325093993607,51.00527589927209],[13.893249463032848,51.00530176566424]]]}},{"type":"Feature","id":"UUID_40b74be9-afca-4e0b-b567-5c4e53c1810c","properties":{"id":"UUID_40b74be9-afca-4e0b-b567-5c4e53c1810c","height_m":4.97,"ground_m":137.909,"height_source":"LoD1 solid top minus bottom","production":"2023","laser":"2017","footprints":"2023"},"geometry":{"type":"Polygon","coordinates":[[[13.893394318829955,51.005336555211514],[13.893354910929098,51.00535021975793],[13.893355077438294,51.005350410184775],[13.893366464043623,51.00536366557253],[13.893405996781171,51.0053501460901],[13.893394318829955,51.005336555211514]]]}},{"type":"Feature","id":"UUID_92eff40d-9476-4710-9093-0fe73e2be049","properties":{"id":"UUID_92eff40d-9476-4710-9093-0fe73e2be049","height_m":5.007,"ground_m":137.909,"height_source":"LoD1 solid top minus bottom","production":"2023","laser":"2017","footprints":"2023"},"geometry":{"type":"Polygon","coordinates":[[[13.89322666206707,51.00527522762273],[13.893249463032848,51.00530176566424],[13.893325093993607,51.00527589927209],[13.893302307247023,51.00524936138001],[13.89322666206707,51.00527522762273]]]}},{"type":"Feature","id":"DESNATPU1000DB6z","properties":{"id":"DESNATPU1000DB6z","height_m":2.805,"ground_m":135.805,"height_source":"LoD1 solid top minus bottom","production":"2023","laser":"2017","footprints":"2023"},"geometry":{"type":"Polygon","coordinates":[[[13.910047011486284,51.00004210468035],[13.910061014125517,51.000131803975805],[13.910132232835279,51.00012743240864],[13.910118879292225,51.000040437028666],[13.910152849985293,51.00003823594628],[13.910145568204294,50.999990146266285],[13.910087334894992,50.99999382963238],[13.910094392737024,51.00003930930425],[13.910047011486284,51.00004210468035]]]}},{"type":"Feature","id":"DESNATPU1000DjSC","properties":{"id":"DESNATPU1000DjSC","height_m":6.495,"ground_m":323.268,"height_source":"LoD1 solid top minus bottom","production":"2023","laser":"2017","footprints":"2023"},"geometry":{"type":"Polygon","coordinates":[[[13.90690201527828,51.012954723627416],[13.906891561878492,51.01294822293989],[13.906862297000806,51.01292994551349],[13.906765585961613,51.012991199005285],[13.906731419584831,51.01301283078096],[13.906846132415673,51.01308571178101],[13.90694483398751,51.01302286713074],[13.90697770084387,51.01300193356858],[13.90690201527828,51.012954723627416]]]}},{"type":"Feature","id":"DESNATPU1000Hw0M","properties":{"id":"DESNATPU1000Hw0M","height_m":6.562,"ground_m":144.479,"height_source":"LoD1 solid top minus bottom","production":"2023","laser":"2017","footprints":"2023"},"geometry":{"type":"Polygon","coordinates":[[[13.891557716380891,51.005875900309135],[13.891710985389427,51.00583938659852],[13.891666654570349,51.005765323688536],[13.891513385772924,51.005801837342744],[13.891557716380891,51.005875900309135]]]}},{"type":"Feature","id":"DESNATP110000o1E","properties":{"id":"DESNATP110000o1E","height_m":2.634,"ground_m":137.482,"height_source":"LoD1 solid top minus bottom","production":"2023","laser":"2017","footprints":"2023"},"geometry":{"type":"Polygon","coordinates":[[[13.905297185110504,51.00451023589429],[13.905092612047616,51.00449744651096],[13.905080036281221,51.00457755371822],[13.905284609903974,51.00459033413471],[13.905297185110504,51.00451023589429]]]}},{"type":"Feature","id":"DESNATGMvh0000RO","properties":{"id":"DESNATGMvh0000RO","height_m":2.254,"ground_m":129.608,"height_source":"LoD1 solid top minus bottom","production":"2023","laser":"2017","footprints":"2023"},"geometry":{"type":"Polygon","coordinates":[[[13.905181726267719,51.000355129029394],[13.90514709715915,51.0003501641967],[13.905125411685942,51.00041046478969],[13.905165282315574,51.000416171198346],[13.90516618182011,51.000413679618696],[13.90517696373436,51.000383690620204],[13.905171722470756,51.00038294006056],[13.905181726267719,51.000355129029394]]]}},{"type":"Feature","id":"DESNATPU1000C2Ln","properties":{"id":"DESNATPU1000C2Ln","height_m":7.306,"ground_m":124.985,"height_source":"LoD1 solid top minus bottom","production":"2023","laser":"2017","footprints":"2023"},"geometry":{"type":"Polygon","coordinates":[[[13.896417688307109,51.001921677891346],[13.896282880991567,51.00195628582553],[13.896316161244668,51.00200789540857],[13.896450968472912,51.001973296427906],[13.896417688307109,51.001921677891346]]]}},{"type":"Feature","id":"DESNATPU1000DobQ","properties":{"id":"DESNATPU1000DobQ","height_m":3.503,"ground_m":125.409,"height_source":"LoD1 solid top minus bottom","production":"2023","laser":"2017","footprints":"2023"},"geometry":{"type":"Polygon","coordinates":[[[13.902103733734391,51.00167967492647],[13.902159712532072,51.00162429249851],[13.90204219139299,51.00157165011078],[13.901963989307065,51.00156381078482],[13.90195520328964,51.00159790099689],[13.901929770764061,51.001618705200855],[13.902046571154905,51.00167591828292],[13.90206468335838,51.00166152909513],[13.902103733734391,51.00167967492647]]]}},{"type":"Feature","id":"DESNATPU1000JRYY","properties":{"id":"DESNATPU1000JRYY","height_m":9.138,"ground_m":301.977,"height_source":"LoD1 solid top minus bottom","production":"2023","laser":"2017","footprints":"2023"},"geometry":{"type":"Polygon","coordinates":[[[13.895911895978484,51.01231184304351],[13.895661971695569,51.01236091999292],[13.89569266579047,51.01242505918534],[13.895943862422753,51.01237644383436],[13.895911895978484,51.01231184304351]]]}},{"type":"Feature","id":"DESNATPU1000DYsW","properties":{"id":"DESNATPU1000DYsW","height_m":2.973,"ground_m":125.818,"height_source":"LoD1 solid top minus bottom","production":"2023","laser":"2017","footprints":"2023"},"geometry":{"type":"Polygon","coordinates":[[[13.895170686257222,51.00143726378071],[13.895155317610598,51.00149026614688],[13.895239462357155,51.00149987487225],[13.895254828775963,51.00144696240276],[13.895170686257222,51.00143726378071]]]}},{"type":"Feature","id":"DESNATPU1000JOH3","properties":{"id":"DESNATPU1000JOH3","height_m":6.129,"ground_m":120.765,"height_source":"LoD1 solid top minus bottom","production":"2023","laser":"2017","footprints":"2023"},"geometry":{"type":"Polygon","coordinates":[[[13.894458158656139,51.0023278831491],[13.894556078901273,51.00231863882639],[13.894542089383522,51.00225960333046],[13.89450125148698,51.002263398573625],[13.894444158430359,51.0022687036543],[13.894458158656139,51.0023278831491]]]}},{"type":"Feature","id":"DESNATPU1000HW1v","properties":{"id":"DESNATPU1000HW1v","height_m":7.394,"ground_m":301.58,"height_source":"LoD1 solid top minus bottom","production":"2023","laser":"2017","footprints":"2023"},"geometry":{"type":"Polygon","coordinates":[[[13.896630418332736,51.01306564689725],[13.896598251064246,51.013067114702004],[13.896542093685662,51.01306968686539],[13.896467183915929,51.01307311606045],[13.896473045438109,51.01312286577896],[13.896475666241736,51.01314518374786],[13.896548846658707,51.01314194504937],[13.896638252717382,51.01313799622361],[13.896630418332736,51.01306564689725]]]}},{"type":"Feature","id":"UUID_ebfbea06-e1df-4ade-a276-a362d7faf3a1","properties":{"id":"UUID_ebfbea06-e1df-4ade-a276-a362d7faf3a1","height_m":3.807,"ground_m":309.527,"height_source":"LoD1 solid top minus bottom","production":"2023","laser":"2017","footprints":"2023"},"geometry":{"type":"Polygon","coordinates":[[[13.901576317023157,51.01156436887087],[13.901426406608016,51.01159763573308],[13.901455822979003,51.01164980092391],[13.901607674298065,51.01162006846511],[13.901576317023157,51.01156436887087]]]}},{"type":"Feature","id":"UUID_43ed9db2-155f-4032-94c4-7b4a5d3b2efb","properties":{"id":"UUID_43ed9db2-155f-4032-94c4-7b4a5d3b2efb","height_m":4.207,"ground_m":309.527,"height_source":"LoD1 solid top minus bottom","production":"2023","laser":"2017","footprints":"2023"},"geometry":{"type":"Polygon","coordinates":[[[13.901684108490821,51.011605094532015],[13.901655496044427,51.01155509523455],[13.901582049495735,51.01157454868525],[13.901607674298065,51.01162006846511],[13.901684108490821,51.011605094532015]]]}},{"type":"Feature","id":"UUID_5b6ac24c-a114-4bcd-a3d9-70b10382bfeb","properties":{"id":"UUID_5b6ac24c-a114-4bcd-a3d9-70b10382bfeb","height_m":3.867,"ground_m":309.527,"height_source":"LoD1 solid top minus bottom","production":"2023","laser":"2017","footprints":"2023"},"geometry":{"type":"Polygon","coordinates":[[[13.901576317023157,51.01156436887087],[13.901565358597852,51.011544895300126],[13.901499576100706,51.011559744483684],[13.90151038282643,51.01157900080656],[13.901576317023157,51.01156436887087]]]}},{"type":"Feature","id":"DESNATP110000o6V","properties":{"id":"DESNATP110000o6V","height_m":3.615,"ground_m":315.587,"height_source":"LoD1 solid top minus bottom","production":"2023","laser":"2017","footprints":"2023"},"geometry":{"type":"Polygon","coordinates":[[[13.900072110272442,51.0119954162883],[13.900002765786317,51.01204267721154],[13.900061190090454,51.01207678847891],[13.900130534569147,51.0120295275212],[13.900072110272442,51.0119954162883]]]}},{"type":"Feature","id":"DESNATPU1000Dx4r","properties":{"id":"DESNATPU1000Dx4r","height_m":7.731,"ground_m":123.621,"height_source":"LoD1 solid top minus bottom","production":"2023","laser":"2017","footprints":"2023"},"geometry":{"type":"Polygon","coordinates":[[[13.901339309324177,51.00040133260034],[13.901359458036461,51.00033389591175],[13.901191197735464,51.000313518413606],[13.901170930339278,51.000381142807534],[13.901339309324177,51.00040133260034]]]}},{"type":"Feature","id":"DESNATPU1000Hwtl","properties":{"id":"DESNATPU1000Hwtl","height_m":9.641,"ground_m":308.291,"height_source":"LoD1 solid top minus bottom","production":"2023","laser":"2017","footprints":"2023"},"geometry":{"type":"Polygon","coordinates":[[[13.897223174675759,51.0132710817622],[13.89730626829527,51.013367999319826],[13.897429581513133,51.01332590758166],[13.897346487709061,51.01322899010994],[13.897223174675759,51.0132710817622]]]}},{"type":"Feature","id":"UUID_fd0a4a36-c817-4c89-a916-1c0b04247805","properties":{"id":"UUID_fd0a4a36-c817-4c89-a916-1c0b04247805","height_m":5.626,"ground_m":164.602,"height_source":"LoD1 solid top minus bottom","production":"2023","laser":"2017","footprints":"2023"},"geometry":{"type":"Polygon","coordinates":[[[13.904402867984578,51.00616344032193],[13.904402868620014,51.0061634133494],[13.904392365932644,51.00616452889081],[13.904406975886088,51.00622140167049],[13.904544137756014,51.006206914412374],[13.904529320931587,51.00615034546676],[13.904487725372025,51.006154730629866],[13.904487698565465,51.00615465843586],[13.904402867984578,51.00616344032193]]]}},{"type":"Feature","id":"UUID_9c3628e8-d82f-4eb9-8fbc-d5f818b079ce","properties":{"id":"UUID_9c3628e8-d82f-4eb9-8fbc-d5f818b079ce","height_m":5.072,"ground_m":164.602,"height_source":"LoD1 solid top minus bottom","production":"2023","laser":"2017","footprints":"2023"},"geometry":{"type":"Polygon","coordinates":[[[13.90439785804078,51.006144373502124],[13.904398090826014,51.006145382882224],[13.904402897120947,51.00616341361667],[13.904402868620014,51.0061634133494],[13.904402867984578,51.00616344032193],[13.90440289648551,51.0061634405892],[13.904487698565465,51.00615465843586],[13.904482607109104,51.006135419991644],[13.90439785804078,51.006144373502124]]]}},{"type":"Feature","id":"DESNATPU1000HpkM","properties":{"id":"DESNATPU1000HpkM","height_m":6.151,"ground_m":124.539,"height_source":"LoD1 solid top minus bottom","production":"2023","laser":"2017","footprints":"2023"},"geometry":{"type":"Polygon","coordinates":[[[13.894528297893974,51.0017466918898],[13.894578472775214,51.001561698239925],[13.89447287838452,51.00155029432941],[13.89442271734607,51.00173528806661],[13.894528297893974,51.0017466918898]]]}},{"type":"Feature","id":"DESNATPU1000FXjL","properties":{"id":"DESNATPU1000FXjL","height_m":3.9,"ground_m":121.521,"height_source":"LoD1 solid top minus bottom","production":"2023","laser":"2017","footprints":"2023"},"geometry":{"type":"Polygon","coordinates":[[[13.89581452472963,51.00235955962795],[13.895800552287648,51.00230333920942],[13.895674678384072,51.00231579157934],[13.895688650677172,51.00237201201189],[13.89581452472963,51.00235955962795]]]}},{"type":"Feature","id":"DESNATPU1000HTvv","properties":{"id":"DESNATPU1000HTvv","height_m":6.296,"ground_m":140.487,"height_source":"LoD1 solid top minus bottom","production":"2023","laser":"2017","footprints":"2023"},"geometry":{"type":"Polygon","coordinates":[[[13.902962170174575,51.005183344436105],[13.90293810384715,51.005187255153416],[13.90294750857874,51.00521032015576],[13.902971760805771,51.00520638420358],[13.902985679781034,51.00524049881946],[13.90302268067258,51.00523448831241],[13.903056032916007,51.005229073034066],[13.903007417676838,51.00510991115983],[13.90297434271018,51.005116264282464],[13.902959380267784,51.005119136384415],[13.902937417439649,51.00512269814732],[13.902962170174575,51.005183344436105]]]}},{"type":"Feature","id":"DESNATPU1000DabY","properties":{"id":"DESNATPU1000DabY","height_m":4.231,"ground_m":173.68,"height_source":"LoD1 solid top minus bottom","production":"2023","laser":"2017","footprints":"2023"},"geometry":{"type":"Polygon","coordinates":[[[13.897061459607597,51.006500472022644],[13.897070142880919,51.0064468667689],[13.896985182445697,51.00644120854701],[13.896976211932554,51.00649490101127],[13.897061459607597,51.006500472022644]]]}},{"type":"Feature","id":"DESNATPU1000ElM9","properties":{"id":"DESNATPU1000ElM9","height_m":8.637,"ground_m":120.732,"height_source":"LoD1 solid top minus bottom","production":"2023","laser":"2017","footprints":"2023"},"geometry":{"type":"Polygon","coordinates":[[[13.89513485932862,51.00299349615359],[13.89515823062905,51.003035623821226],[13.895187058291956,51.003088054922856],[13.895388352502342,51.003044094847084],[13.895336442435855,51.00294935904309],[13.89513485932862,51.00299349615359]]]}},{"type":"Feature","id":"DESNATPU1000HvDk","properties":{"id":"DESNATPU1000HvDk","height_m":2.57,"ground_m":135.878,"height_source":"LoD1 solid top minus bottom","production":"2023","laser":"2017","footprints":"2023"},"geometry":{"type":"Polygon","coordinates":[[[13.901936624914475,51.004805651290965],[13.901902877496669,51.004749938236124],[13.901828333683758,51.004768032590036],[13.901861798146786,51.00482365307852],[13.901936624914475,51.004805651290965]]]}},{"type":"Feature","id":"DESNATP110000o6i","properties":{"id":"DESNATP110000o6i","height_m":3.287,"ground_m":303.654,"height_source":"LoD1 solid top minus bottom","production":"2023","laser":"2017","footprints":"2023"},"geometry":{"type":"Polygon","coordinates":[[[13.893472465586328,51.01241184107684],[13.89343410932586,51.012354112551726],[13.893358348976264,51.01237415044265],[13.893396705158418,51.01243187899196],[13.893472465586328,51.01241184107684]]]}},{"type":"Feature","id":"DESNATPU1000FwGY","properties":{"id":"DESNATPU1000FwGY","height_m":2.657,"ground_m":311.661,"height_source":"LoD1 solid top minus bottom","production":"2023","laser":"2017","footprints":"2023"},"geometry":{"type":"Polygon","coordinates":[[[13.900570598650528,51.01155811077661],[13.900542763897494,51.01151144586591],[13.900395391314282,51.01154647989708],[13.900423085544405,51.011593053592264],[13.900570598650528,51.01155811077661]]]}},{"type":"Feature","id":"DESNATPU1000CGKW","properties":{"id":"DESNATPU1000CGKW","height_m":3.733,"ground_m":170.868,"height_source":"LoD1 solid top minus bottom","production":"2023","laser":"2017","footprints":"2023"},"geometry":{"type":"Polygon","coordinates":[[[13.896442185497135,51.00639624252252],[13.896455889755284,51.006449429700794],[13.896540334305442,51.00644078482638],[13.89652648744798,51.00638759631138],[13.896442185497135,51.00639624252252]]]}},{"type":"Feature","id":"UUID_84805eb0-f956-4bdd-94ca-0e69771ca72e","properties":{"id":"UUID_84805eb0-f956-4bdd-94ca-0e69771ca72e","height_m":3.401,"ground_m":314.473,"height_source":"LoD1 solid top minus bottom","production":"2023","laser":"2017","footprints":"2023"},"geometry":{"type":"Polygon","coordinates":[[[13.898326669696903,51.011438052616874],[13.898314659835876,51.01143353288658],[13.898268598424798,51.011482379240206],[13.898279971211478,51.01148671311123],[13.898326669696903,51.011438052616874]]]}},{"type":"Feature","id":"UUID_91e1731d-bfd8-4630-8bae-ebc79d46b35d","properties":{"id":"UUID_91e1731d-bfd8-4630-8bae-ebc79d46b35d","height_m":6.758,"ground_m":314.473,"height_source":"LoD1 solid top minus bottom","production":"2023","laser":"2017","footprints":"2023"},"geometry":{"type":"Polygon","coordinates":[[[13.89850876945124,51.01140541694456],[13.898398434456961,51.01136327946409],[13.898326669696903,51.011438052616874],[13.898323980428536,51.011440851006746],[13.898398499056388,51.01146885586492],[13.898435800734346,51.01148287666107],[13.89850876945124,51.01140541694456]]]}},{"type":"Feature","id":"UUID_6e06eefb-8e67-4f6c-990d-4b1fa0dc7de6","properties":{"id":"UUID_6e06eefb-8e67-4f6c-990d-4b1fa0dc7de6","height_m":5.233,"ground_m":314.473,"height_source":"LoD1 solid top minus bottom","production":"2023","laser":"2017","footprints":"2023"},"geometry":{"type":"Polygon","coordinates":[[[13.89835421185325,51.01151502113208],[13.898398499056388,51.01146885586492],[13.898323980428536,51.011440851006746],[13.898279971211478,51.01148671311123],[13.89835421185325,51.01151502113208]]]}},{"type":"Feature","id":"DESNATPU1000Gl4B","properties":{"id":"DESNATPU1000Gl4B","height_m":7.346,"ground_m":308.302,"height_source":"LoD1 solid top minus bottom","production":"2023","laser":"2017","footprints":"2023"},"geometry":{"type":"Polygon","coordinates":[[[13.896972312251233,51.01202675942879],[13.896799163107666,51.012052112103255],[13.896830433232568,51.01213709281515],[13.896872018352836,51.01213100162771],[13.896999720278256,51.012112306152716],[13.897003582677005,51.012111740096564],[13.896972312251233,51.01202675942879]]]}},{"type":"Feature","id":"DESNATPU1000EAUo","properties":{"id":"DESNATPU1000EAUo","height_m":7.338,"ground_m":305.278,"height_source":"LoD1 solid top minus bottom","production":"2023","laser":"2017","footprints":"2023"},"geometry":{"type":"Polygon","coordinates":[[[13.897119284405576,51.01329486737851],[13.897012250124396,51.01316454015191],[13.896911349626535,51.01319811102361],[13.897018081232762,51.01332796785833],[13.897119284405576,51.01329486737851]]]}},{"type":"Feature","id":"UUID_177419d3-0fbb-495a-8743-9f419edc6708","properties":{"id":"UUID_177419d3-0fbb-495a-8743-9f419edc6708","height_m":7.963,"ground_m":141.919,"height_source":"LoD1 solid top minus bottom","production":"2023","laser":"2017","footprints":"2023"},"geometry":{"type":"Polygon","coordinates":[[[13.889472644613747,51.00639608342717],[13.889661920571317,51.00635424916454],[13.889619802371152,51.00628434320993],[13.88943512794255,51.0063286761906],[13.889472644613747,51.00639608342717]]]}},{"type":"Feature","id":"UUID_cd7948ec-8334-48d4-aa83-4413f4926ae9","properties":{"id":"UUID_cd7948ec-8334-48d4-aa83-4413f4926ae9","height_m":5.957,"ground_m":141.919,"height_source":"LoD1 solid top minus bottom","production":"2023","laser":"2017","footprints":"2023"},"geometry":{"type":"Polygon","coordinates":[[[13.88956042872708,51.00629419260567],[13.889431765757664,51.00632263701299],[13.88943512794255,51.0063286761906],[13.889562573732155,51.006298079914664],[13.88956042872708,51.00629419260567]]]}},{"type":"Feature","id":"DESNATPU1000Fzo6","properties":{"id":"DESNATPU1000Fzo6","height_m":2.431,"ground_m":296.087,"height_source":"LoD1 solid top minus bottom","production":"2023","laser":"2017","footprints":"2023"},"geometry":{"type":"Polygon","coordinates":[[[13.891632368154392,51.01267761963],[13.891568355583859,51.01267782171179],[13.89157100441712,51.01275806288124],[13.89163330680707,51.012757844574054],[13.891632368154392,51.01267761963]]]}},{"type":"Feature","id":"DESNATPU1000BGNt","properties":{"id":"DESNATPU1000BGNt","height_m":4.08,"ground_m":307.921,"height_source":"LoD1 solid top minus bottom","production":"2023","laser":"2017","footprints":"2023"},"geometry":{"type":"Polygon","coordinates":[[[13.896888223058854,51.012175021636786],[13.897015384503742,51.012157481116155],[13.896999720491545,51.01211229716191],[13.896872018352836,51.01213100162771],[13.896888223058854,51.012175021636786]]]}},{"type":"Feature","id":"UUID_4116a09e-c8ef-47d8-8136-7bad41eebd66","properties":{"id":"UUID_4116a09e-c8ef-47d8-8136-7bad41eebd66","height_m":7.279,"ground_m":145.821,"height_source":"LoD1 solid top minus bottom","production":"2023","laser":"2017","footprints":"2023"},"geometry":{"type":"Polygon","coordinates":[[[13.897293373729424,51.00546928538881],[13.897258948023206,51.005483268058335],[13.897257436826568,51.00548388329295],[13.897211410928376,51.005502585608745],[13.897246096453172,51.005536555211194],[13.897240224580353,51.00553893684549],[13.89723831550843,51.00554971922264],[13.897247662525825,51.005558872228285],[13.897263529492514,51.00556175581682],[13.897269387116811,51.00555937404689],[13.897281241414275,51.00557098777411],[13.897306729733256,51.005560634785],[13.897350769506435,51.00554274102761],[13.897375193044942,51.00553280963032],[13.897305362476434,51.00546440752017],[13.897293373729424,51.00546928538881]]]}},{"type":"Feature","id":"UUID_67bff0fd-b5a3-4ea7-9cea-ca3a2023ce2f","properties":{"id":"UUID_67bff0fd-b5a3-4ea7-9cea-ca3a2023ce2f","height_m":4.192,"ground_m":145.821,"height_source":"LoD1 solid top minus bottom","production":"2023","laser":"2017","footprints":"2023"},"geometry":{"type":"Polygon","coordinates":[[[13.897276198239888,51.00545245954921],[13.897240275168645,51.00546707556431],[13.897257436826568,51.00548388329295],[13.897293373729424,51.00546928538881],[13.897276198239888,51.00545245954921]]]}},{"type":"Feature","id":"DESNATGMvh0000Qc","properties":{"id":"DESNATGMvh0000Qc","height_m":2.414,"ground_m":124.96,"height_source":"LoD1 solid top minus bottom","production":"2023","laser":"2017","footprints":"2023"},"geometry":{"type":"Polygon","coordinates":[[[13.89571755055964,50.999386229113824],[13.895690496811902,50.99943683692746],[13.895726684471047,50.99944451715601],[13.895770727748141,50.999453872351694],[13.895797736966621,50.99940333604176],[13.89576501013125,50.99939635401776],[13.89571755055964,50.999386229113824]]]}},{"type":"Feature","id":"DESNATPU1000C3sJ","properties":{"id":"DESNATPU1000C3sJ","height_m":2.328,"ground_m":137.259,"height_source":"LoD1 solid top minus bottom","production":"2023","laser":"2017","footprints":"2023"},"geometry":{"type":"Polygon","coordinates":[[[13.910541812292717,51.00127997950058],[13.910565624034808,51.00138174864214],[13.910646468325066,51.0013741841319],[13.910622769980279,51.00127243405032],[13.910541812292717,51.00127997950058]]]}},{"type":"Feature","id":"DESNATPU1000DFhO","properties":{"id":"DESNATPU1000DFhO","height_m":5.074,"ground_m":147.885,"height_source":"LoD1 solid top minus bottom","production":"2023","laser":"2017","footprints":"2023"},"geometry":{"type":"Polygon","coordinates":[[[13.891184740955396,51.00605298225096],[13.891213916663627,51.006100867241734],[13.891549600703552,51.006019052268],[13.891540285585892,51.00600381994683],[13.891521216073068,51.00597264969277],[13.891519981331072,51.00597063257436],[13.891184740955396,51.00605298225096]]]}},{"type":"Feature","id":"UUID_f246282d-ea56-4be2-a695-7661347f684f","properties":{"id":"UUID_f246282d-ea56-4be2-a695-7661347f684f","height_m":5.77,"ground_m":135.362,"height_source":"LoD1 solid top minus bottom","production":"2023","laser":"2017","footprints":"2023"},"geometry":{"type":"Polygon","coordinates":[[[13.909477319326175,51.00016097029957],[13.909456008406769,51.00015751596144],[13.909445756931015,51.000181413155055],[13.909441520131786,51.00019131068998],[13.909489210141423,51.00019966955905],[13.909493553627785,51.000189476254675],[13.90950384074475,51.00016527363321],[13.909477439428183,51.0001607106284],[13.909477319326175,51.00016097029957]]]}},{"type":"Feature","id":"UUID_16c38edb-49d0-4f53-870f-2e6cbc6a59da","properties":{"id":"UUID_16c38edb-49d0-4f53-870f-2e6cbc6a59da","height_m":6.472,"ground_m":135.362,"height_source":"LoD1 solid top minus bottom","production":"2023","laser":"2017","footprints":"2023"},"geometry":{"type":"Polygon","coordinates":[[[13.90943579155718,51.00020465654137],[13.909441520131786,51.00019131068998],[13.909456008406769,51.00015751596144],[13.909360741687536,51.00014204923832],[13.909360726595656,51.00014208506879],[13.90935859773127,51.000141705481035],[13.909334318746215,51.00019858333516],[13.9094312682193,51.00021522586384],[13.90943579155718,51.00020465654137]]]}},{"type":"Feature","id":"UUID_dd9331c0-be9f-447c-b27b-a8b94f5e5e2b","properties":{"id":"UUID_dd9331c0-be9f-447c-b27b-a8b94f5e5e2b","height_m":5.155,"ground_m":135.362,"height_source":"LoD1 solid top minus bottom","production":"2023","laser":"2017","footprints":"2023"},"geometry":{"type":"Polygon","coordinates":[[[13.909477439428183,51.0001607106284],[13.909510416631196,51.00008538869252],[13.909393884403988,51.00006514614035],[13.909360741687536,51.00014204923832],[13.909477319326175,51.00016097029957],[13.909477439428183,51.0001607106284]]]}},{"type":"Feature","id":"DESNATPU1000GHnv","properties":{"id":"DESNATPU1000GHnv","height_m":8.847,"ground_m":310.491,"height_source":"LoD1 solid top minus bottom","production":"2023","laser":"2017","footprints":"2023"},"geometry":{"type":"Polygon","coordinates":[[[13.896868873109755,51.01086299216592],[13.896789657898097,51.01087680359508],[13.896743007739333,51.01088493325879],[13.896758274883252,51.01091978075077],[13.896772596894431,51.01095240708002],[13.896784779757763,51.010980264994714],[13.896910659833138,51.010958315002405],[13.896868873109755,51.01086299216592]]]}},{"type":"Feature","id":"DESNATPU1000Dr5t","properties":{"id":"DESNATPU1000Dr5t","height_m":2.418,"ground_m":127.822,"height_source":"LoD1 solid top minus bottom","production":"2023","laser":"2017","footprints":"2023"},"geometry":{"type":"Polygon","coordinates":[[[13.8995365288195,50.99853475259697],[13.899438884701137,50.99852367084865],[13.899422118344,50.99858178653768],[13.899453670466938,50.99858541113299],[13.899444821558937,50.998616083303396],[13.899510911586924,50.99862363038467],[13.8995365288195,50.99853475259697]]]}},{"type":"Feature","id":"UUID_59b684b9-8f18-40e3-83a1-5041e288c429","properties":{"id":"UUID_59b684b9-8f18-40e3-83a1-5041e288c429","height_m":6.191,"ground_m":134.822,"height_source":"LoD1 solid top minus bottom","production":"2023","laser":"2017","footprints":"2023"},"geometry":{"type":"Polygon","coordinates":[[[13.895135719830877,51.00500317029297],[13.895158965467655,51.00503142979735],[13.895142992509822,51.00503662048854],[13.895149045715444,51.00504400689711],[13.895154212548766,51.00505030578236],[13.8951769421943,51.005053488368794],[13.895193279777127,51.005073148334446],[13.895319628993297,51.0050320048105],[13.89529156817728,51.004997638634215],[13.895262454938793,51.00496197652322],[13.895199137715078,51.004982555915504],[13.895135719830877,51.00500317029297]]]}},{"type":"Feature","id":"UUID_25b2e714-acd6-4b27-b7d4-45aad231d57c","properties":{"id":"UUID_25b2e714-acd6-4b27-b7d4-45aad231d57c","height_m":4.836,"ground_m":134.822,"height_source":"LoD1 solid top minus bottom","production":"2023","laser":"2017","footprints":"2023"},"geometry":{"type":"Polygon","coordinates":[[[13.895158965467655,51.00503142979735],[13.895135719830877,51.00500317029297],[13.895199137715078,51.004982555915504],[13.895184314117243,51.00496456494986],[13.895120993865705,51.004985270171005],[13.895151867001701,51.00502304429208],[13.895142992509822,51.00503662048854],[13.895158965467655,51.00503142979735]]]}},{"type":"Feature","id":"DESNATPU1000Eqib","properties":{"id":"DESNATPU1000Eqib","height_m":7.047,"ground_m":119.409,"height_source":"LoD1 solid top minus bottom","production":"2023","laser":"2017","footprints":"2023"},"geometry":{"type":"Polygon","coordinates":[[[13.894225663322057,51.00268857100197],[13.894222764617655,51.002611465909],[13.894003325784407,51.00261474843926],[13.894006085501905,51.002688093214665],[13.894006224125048,51.00269185353538],[13.894225663322057,51.00268857100197]]]}},{"type":"Feature","id":"UUID_de06f82c-bfb3-4239-8231-9ce1ede7b472","properties":{"id":"UUID_de06f82c-bfb3-4239-8231-9ce1ede7b472","height_m":2.801,"ground_m":126.252,"height_source":"LoD1 solid top minus bottom","production":"2023","laser":"2017","footprints":"2023"},"geometry":{"type":"Polygon","coordinates":[[[13.903360583118856,51.000557680358284],[13.903394942469225,51.00056199570391],[13.903406204668036,51.00052619300638],[13.903371891268698,51.00052174320266],[13.903360583118856,51.000557680358284]]]}},{"type":"Feature","id":"UUID_449f52a9-271e-4d89-8573-d1da7f33fc37","properties":{"id":"UUID_449f52a9-271e-4d89-8573-d1da7f33fc37","height_m":4.965,"ground_m":126.252,"height_source":"LoD1 solid top minus bottom","production":"2023","laser":"2017","footprints":"2023"},"geometry":{"type":"Polygon","coordinates":[[[13.903360583118856,51.000557680358284],[13.903371891268698,51.00052174320266],[13.903371791739536,51.00052173327557],[13.903374648460936,51.00051300106465],[13.90339167187977,51.000458916046036],[13.903273516898363,51.00044410181264],[13.903221828476006,51.00060837439559],[13.903339955571074,51.00062317942497],[13.903360583118856,51.000557680358284]]]}},{"type":"Feature","id":"DESNATPU1000DNgw","properties":{"id":"DESNATPU1000DNgw","height_m":6.738,"ground_m":134.401,"height_source":"LoD1 solid top minus bottom","production":"2023","laser":"2017","footprints":"2023"},"geometry":{"type":"Polygon","coordinates":[[[13.901952951730825,51.00467798058682],[13.90195587447547,51.0046827742594],[13.90208616999094,51.00465106703183],[13.902028162517512,51.004556160068894],[13.901897853192713,51.0045878581089],[13.901952951730825,51.00467798058682]]]}},{"type":"Feature","id":"DESNATPU1000EiHx","properties":{"id":"DESNATPU1000EiHx","height_m":9.296,"ground_m":302.41,"height_source":"LoD1 solid top minus bottom","production":"2023","laser":"2017","footprints":"2023"},"geometry":{"type":"Polygon","coordinates":[[[13.895866192846594,51.01211734592473],[13.896026383306953,51.01235321274661],[13.896153784945248,51.012318984743885],[13.895994999961632,51.01208394073221],[13.895866192846594,51.01211734592473]]]}},{"type":"Feature","id":"DESNATPU1000B7zF","properties":{"id":"DESNATPU1000B7zF","height_m":3.353,"ground_m":316.228,"height_source":"LoD1 solid top minus bottom","production":"2023","laser":"2017","footprints":"2023"},"geometry":{"type":"Polygon","coordinates":[[[13.899699234706414,51.012236240397606],[13.899652036024618,51.01226088587818],[13.89964881969833,51.012258247667866],[13.899621102042094,51.01227291471227],[13.899664647988994,51.012306238565884],[13.899699285490078,51.01228830933354],[13.899709787496565,51.01229632192146],[13.899750340760916,51.012275390824335],[13.899699234706414,51.012236240397606]]]}},{"type":"Feature","id":"DESNATPU1000FXFu","properties":{"id":"DESNATPU1000FXFu","height_m":8.756,"ground_m":135.798,"height_source":"LoD1 solid top minus bottom","production":"2023","laser":"2017","footprints":"2023"},"geometry":{"type":"Polygon","coordinates":[[[13.90959574687353,51.00028762471134],[13.909746025498523,51.00029703087809],[13.909760057471676,51.00020912195542],[13.909609779127312,51.00019971580829],[13.90959574687353,51.00028762471134]]]}},{"type":"Feature","id":"DESNATP110000o6T","properties":{"id":"DESNATP110000o6T","height_m":2.935,"ground_m":315.106,"height_source":"LoD1 solid top minus bottom","production":"2023","laser":"2017","footprints":"2023"},"geometry":{"type":"Polygon","coordinates":[[[13.89987893768989,51.011780827290785],[13.899793875058645,51.01183930702052],[13.89985098392573,51.01187236284066],[13.899936046759631,51.011813874078776],[13.89987893768989,51.011780827290785]]]}},{"type":"Feature","id":"DESNATGMvh0000QI","properties":{"id":"DESNATGMvh0000QI","height_m":3.0,"ground_m":126.243,"height_source":"LoD1 solid top minus bottom","production":"2023","laser":"2017","footprints":"2023"},"geometry":{"type":"Polygon","coordinates":[[[13.897255085316505,51.00031473132897],[13.897322643740502,51.0003746498403],[13.897364519408828,51.00035585435322],[13.897371981412679,51.00035249850794],[13.897367067975429,51.00034814456117],[13.897304422956408,51.00029258002473],[13.897255085316505,51.00031473132897]]]}},{"type":"Feature","id":"DESNATPU1000JBHw","properties":{"id":"DESNATPU1000JBHw","height_m":6.038,"ground_m":316.254,"height_source":"LoD1 solid top minus bottom","production":"2023","laser":"2017","footprints":"2023"},"geometry":{"type":"Polygon","coordinates":[[[13.89993440809019,51.01327433832775],[13.900010795851962,51.01334160441609],[13.90008904064333,51.013306279821556],[13.900012514552957,51.01323883262537],[13.89993440809019,51.01327433832775]]]}},{"type":"Feature","id":"DESNATPU1000CJbt","properties":{"id":"DESNATPU1000CJbt","height_m":8.405,"ground_m":300.167,"height_source":"LoD1 solid top minus bottom","production":"2023","laser":"2017","footprints":"2023"},"geometry":{"type":"Polygon","coordinates":[[[13.895363580022464,51.012383512937035],[13.895331276716565,51.01230252386761],[13.895198699730495,51.012323554522894],[13.895210269876944,51.012352575871134],[13.895230988352951,51.012404552483396],[13.895363580022464,51.012383512937035]]]}},{"type":"Feature","id":"UUID_f85c2d5f-d159-4e56-9ab4-ebe2c39315be","properties":{"id":"UUID_f85c2d5f-d159-4e56-9ab4-ebe2c39315be","height_m":5.163,"ground_m":301.387,"height_source":"LoD1 solid top minus bottom","production":"2023","laser":"2017","footprints":"2023"},"geometry":{"type":"Polygon","coordinates":[[[13.892485194345282,51.01269387234199],[13.89249343093644,51.012711360534986],[13.892547343983308,51.01270126003297],[13.892539053790394,51.01268362745048],[13.892485194345282,51.01269387234199]]]}},{"type":"Feature","id":"UUID_1528a771-204a-4f14-bd25-31fb81e8c790","properties":{"id":"UUID_1528a771-204a-4f14-bd25-31fb81e8c790","height_m":8.195,"ground_m":301.387,"height_source":"LoD1 solid top minus bottom","production":"2023","laser":"2017","footprints":"2023"},"geometry":{"type":"Polygon","coordinates":[[[13.892484630449113,51.012612814628],[13.892477943316875,51.01261406419215],[13.892399631199043,51.01262868157672],[13.892417365734424,51.01266635878803],[13.892434829171263,51.01270344889252],[13.892485262609013,51.01269399888868],[13.892485194345282,51.01269387234199],[13.892539053790394,51.01268362745048],[13.892538972130746,51.01268346480551],[13.892597696214441,51.012672474628594],[13.892580383224601,51.0126356467667],[13.892562784881513,51.01259823166326],[13.892552403506809,51.012600165641906],[13.892484630449113,51.012612814628]]]}},{"type":"Feature","id":"UUID_3f118213-453a-4133-8417-7ad3ebd6edd6","properties":{"id":"UUID_3f118213-453a-4133-8417-7ad3ebd6edd6","height_m":5.244,"ground_m":301.387,"height_source":"LoD1 solid top minus bottom","production":"2023","laser":"2017","footprints":"2023"},"geometry":{"type":"Polygon","coordinates":[[[13.892399631199043,51.01262868157672],[13.892477943316875,51.01261406419215],[13.892467073928406,51.01259100246488],[13.892391653250149,51.01260512566891],[13.892401490826217,51.01262601934275],[13.892398626854964,51.012626558740735],[13.892399631199043,51.01262868157672]]]}},{"type":"Feature","id":"DESNATPU1000BHqT","properties":{"id":"DESNATPU1000BHqT","height_m":3.322,"ground_m":315.781,"height_source":"LoD1 solid top minus bottom","production":"2023","laser":"2017","footprints":"2023"},"geometry":{"type":"Polygon","coordinates":[[[13.899398252019234,51.01219617521672],[13.89932174220009,51.01223655167763],[13.899367398075887,51.012271064587345],[13.899444050436124,51.01223068943941],[13.899398252019234,51.01219617521672]]]}},{"type":"Feature","id":"DESNATP110000o0E","properties":{"id":"DESNATP110000o0E","height_m":5.421,"ground_m":126.242,"height_source":"LoD1 solid top minus bottom","production":"2023","laser":"2017","footprints":"2023"},"geometry":{"type":"Polygon","coordinates":[[[13.8972012591576,51.00062598716456],[13.897225507129791,51.000524165260025],[13.897104879254357,51.00051273871908],[13.897080645273565,51.00061456073167],[13.8972012591576,51.00062598716456]]]}},{"type":"Feature","id":"DESNATPU1000D9hV","properties":{"id":"DESNATPU1000D9hV","height_m":3.718,"ground_m":136.064,"height_source":"LoD1 solid top minus bottom","production":"2023","laser":"2017","footprints":"2023"},"geometry":{"type":"Polygon","coordinates":[[[13.910385893454295,51.00143636762425],[13.910372619683077,51.00137635154324],[13.91028078147736,51.001384757564935],[13.910294059344904,51.001444593838166],[13.910385893454295,51.00143636762425]]]}},{"type":"Feature","id":"UUID_d3ece34a-69b0-4572-96ab-ed6f177d46cd","properties":{"id":"UUID_d3ece34a-69b0-4572-96ab-ed6f177d46cd","height_m":2.359,"ground_m":128.204,"height_source":"LoD1 solid top minus bottom","production":"2023","laser":"2017","footprints":"2023"},"geometry":{"type":"Polygon","coordinates":[[[13.898136976469464,51.00391052158638],[13.89812149176481,51.0038903215122],[13.898088329898828,51.00390035050338],[13.898103939644828,51.00392068665389],[13.898136976469464,51.00391052158638]]]}},{"type":"Feature","id":"UUID_6ccfdd99-493c-43ee-8d30-c9616ed0b43d","properties":{"id":"UUID_6ccfdd99-493c-43ee-8d30-c9616ed0b43d","height_m":4.227,"ground_m":128.204,"height_source":"LoD1 solid top minus bottom","production":"2023","laser":"2017","footprints":"2023"},"geometry":{"type":"Polygon","coordinates":[[[13.898094255849092,51.00399914776329],[13.898067697919297,51.00394700859288],[13.898062817001502,51.003948482345535],[13.898049568721238,51.00392713428696],[13.89803728150772,51.00390733306727],[13.89796131876165,51.00393116698933],[13.89791910065944,51.003944437855644],[13.897934045342442,51.00396336487233],[13.897963519394786,51.00400070239025],[13.897985841356896,51.00403310731126],[13.898094255849092,51.00399914776329]]]}},{"type":"Feature","id":"UUID_3c7e1bbb-7db1-4495-a0f2-d768086e79fe","properties":{"id":"UUID_3c7e1bbb-7db1-4495-a0f2-d768086e79fe","height_m":3.378,"ground_m":128.204,"height_source":"LoD1 solid top minus bottom","production":"2023","laser":"2017","footprints":"2023"},"geometry":{"type":"Polygon","coordinates":[[[13.898062817001502,51.003948482345535],[13.898067697919297,51.00394700859288],[13.89811349333126,51.003933141914246],[13.898103810332026,51.003920730398455],[13.898103939644828,51.00392068665389],[13.898088329898828,51.00390035050338],[13.898042677009421,51.00391421851645],[13.89803728150772,51.00390733306727],[13.898062817001502,51.003948482345535]]]}},{"type":"Feature","id":"DESNATPU1000BJ3Q","properties":{"id":"DESNATPU1000BJ3Q","height_m":8.635,"ground_m":120.807,"height_source":"LoD1 solid top minus bottom","production":"2023","laser":"2017","footprints":"2023"},"geometry":{"type":"Polygon","coordinates":[[[13.8956705981904,51.002952248384275],[13.895739875725832,51.00307790371394],[13.89589074233552,51.00304479710043],[13.895820900865163,51.00291886674554],[13.8956705981904,51.002952248384275]]]}},{"type":"Feature","id":"DESNATPU1000DqjK","properties":{"id":"DESNATPU1000DqjK","height_m":12.111,"ground_m":348.686,"height_source":"LoD1 solid top minus bottom","production":"2023","laser":"2017","footprints":"2023"},"geometry":{"type":"Polygon","coordinates":[[[13.903774075124558,51.012920183673366],[13.903983477757237,51.012877211084565],[13.903932683369142,51.0127787038351],[13.90372328113601,51.01282167633602],[13.903774075124558,51.012920183673366]]]}},{"type":"Feature","id":"DESNATPU1000FRCp","properties":{"id":"DESNATPU1000FRCp","height_m":7.634,"ground_m":309.479,"height_source":"LoD1 solid top minus bottom","production":"2023","laser":"2017","footprints":"2023"},"geometry":{"type":"Polygon","coordinates":[[[13.893408734193992,51.01144190037122],[13.89353107750711,51.01140096362886],[13.893506554203773,51.01137179245426],[13.893477996785446,51.011337825860764],[13.89345325150753,51.011308400772926],[13.893330922624003,51.011349337570515],[13.893408734193992,51.01144190037122]]]}},{"type":"Feature","id":"UUID_d3a5c6d9-220e-4034-9ba4-ed37cc306f48","properties":{"id":"UUID_d3a5c6d9-220e-4034-9ba4-ed37cc306f48","height_m":12.844,"ground_m":132.217,"height_source":"LoD1 solid top minus bottom","production":"2023","laser":"2017","footprints":"2023"},"geometry":{"type":"Polygon","coordinates":[[[13.8926709046279,51.00483963600367],[13.892590401212724,51.004737928313304],[13.89242000889894,51.00479160104873],[13.892501160799533,51.004894196302324],[13.892544803596245,51.00488045528014],[13.892544623698402,51.004880228753834],[13.89261259019336,51.004858381911],[13.892612355221962,51.004858073927196],[13.8926709046279,51.00483963600367]]]}},{"type":"Feature","id":"UUID_a150a4cf-a97d-449c-9135-e6d8dba8edee","properties":{"id":"UUID_a150a4cf-a97d-449c-9135-e6d8dba8edee","height_m":11.274,"ground_m":132.217,"height_source":"LoD1 solid top minus bottom","production":"2023","laser":"2017","footprints":"2023"},"geometry":{"type":"Polygon","coordinates":[[[13.89261259019336,51.004858381911],[13.892544623698402,51.004880228753834],[13.892544803596245,51.00488045528014],[13.892551639073329,51.00488909025224],[13.892619882443281,51.00486758775766],[13.89261259019336,51.004858381911]]]}},{"type":"Feature","id":"DESNATGMvh0000QS","properties":{"id":"DESNATGMvh0000QS","height_m":2.864,"ground_m":123.221,"height_source":"LoD1 solid top minus bottom","production":"2023","laser":"2017","footprints":"2023"},"geometry":{"type":"Polygon","coordinates":[[[13.900797163236742,51.00054691691527],[13.900788215105344,51.00057879328303],[13.900880111187195,51.00058905541459],[13.900888949744035,51.00055759167988],[13.900862653113933,51.000554655415485],[13.900797163236742,51.00054691691527]]]}},{"type":"Feature","id":"DESNATGMvh0000RE","properties":{"id":"DESNATGMvh0000RE","height_m":2.886,"ground_m":126.146,"height_source":"LoD1 solid top minus bottom","production":"2023","laser":"2017","footprints":"2023"},"geometry":{"type":"Polygon","coordinates":[[[13.903103547054753,51.0006496741287],[13.902982501011481,51.000633546481836],[13.902968501838261,51.00067540259814],[13.90308953373637,51.000691530126254],[13.903103547054753,51.0006496741287]]]}},{"type":"Feature","id":"DESNATGMvh0000QZ","properties":{"id":"DESNATGMvh0000QZ","height_m":2.501,"ground_m":125.583,"height_source":"LoD1 solid top minus bottom","production":"2023","laser":"2017","footprints":"2023"},"geometry":{"type":"Polygon","coordinates":[[[13.897737438171163,51.00123911637758],[13.897698866774341,51.00126699896752],[13.897731927984072,51.00128519767209],[13.897770484914515,51.00125732392771],[13.897737438171163,51.00123911637758]]]}},{"type":"Feature","id":"DESNATGMvh0000RD","properties":{"id":"DESNATGMvh0000RD","height_m":6.097,"ground_m":135.592,"height_source":"LoD1 solid top minus bottom","production":"2023","laser":"2017","footprints":"2023"},"geometry":{"type":"Polygon","coordinates":[[[13.896873756320971,51.00491272318517],[13.89693873793048,51.00488743736226],[13.896898897573926,51.0048466833553],[13.896833915787125,51.004871978147264],[13.896873756320971,51.00491272318517]]]}},{"type":"Feature","id":"DESNATGMvh0000Qa","properties":{"id":"DESNATGMvh0000Qa","height_m":3.69,"ground_m":125.565,"height_source":"LoD1 solid top minus bottom","production":"2023","laser":"2017","footprints":"2023"},"geometry":{"type":"Polygon","coordinates":[[[13.896041524142225,50.999430352354295],[13.896091191601084,50.99947415821358],[13.896161169546762,50.99944281389255],[13.896110936174287,50.99939883185143],[13.896041524142225,50.999430352354295]]]}},{"type":"Feature","id":"DESNATGMvh0000QV","properties":{"id":"DESNATGMvh0000QV","height_m":2.367,"ground_m":124.597,"height_source":"LoD1 solid top minus bottom","production":"2023","laser":"2017","footprints":"2023"},"geometry":{"type":"Polygon","coordinates":[[[13.895406127559616,51.00026597781774],[13.895395166507925,51.000291242997385],[13.895461635125935,51.000302725815324],[13.895472596144423,51.00027746062927],[13.895406127559616,51.00026597781774]]]}},{"type":"Feature","id":"DESNATGMvh0000YQ","properties":{"id":"DESNATGMvh0000YQ","height_m":3.697,"ground_m":160.766,"height_source":"LoD1 solid top minus bottom","production":"2023","laser":"2017","footprints":"2023"},"geometry":{"type":"Polygon","coordinates":[[[13.8970038136309,51.0060583256106],[13.896952015404505,51.006063762851745],[13.896977867893169,51.00616186697503],[13.897029694727028,51.00615642999227],[13.897026294332706,51.006143547127344],[13.8970038136309,51.0060583256106]]]}},{"type":"Feature","id":"DESNATGMvh0000SU","properties":{"id":"DESNATGMvh0000SU","height_m":2.439,"ground_m":134.161,"height_source":"LoD1 solid top minus bottom","production":"2023","laser":"2017","footprints":"2023"},"geometry":{"type":"Polygon","coordinates":[[[13.908417932883527,51.000952086529956],[13.908393055689452,51.000951188614216],[13.908386922819954,51.001019395931934],[13.90838091302739,51.00104835066753],[13.908411157163352,51.00105011708087],[13.908412057523131,51.00104393842206],[13.90841932118584,51.00099434784792],[13.908422364487665,51.000970338431195],[13.908416276200905,51.000970452408495],[13.908417932883527,51.000952086529956]]]}},{"type":"Feature","id":"DESNATGMvh0000Xw","properties":{"id":"DESNATGMvh0000Xw","height_m":6.548,"ground_m":310.405,"height_source":"LoD1 solid top minus bottom","production":"2023","laser":"2017","footprints":"2023"},"geometry":{"type":"Polygon","coordinates":[[[13.896734949241523,51.01086649380612],[13.896743007739333,51.01088493325879],[13.896789657898097,51.01087680359508],[13.89678157087936,51.01085836387635],[13.896734949241523,51.01086649380612]]]}},{"type":"Feature","id":"DESNATGMvh0000Pc","properties":{"id":"DESNATGMvh0000Pc","height_m":2.619,"ground_m":137.766,"height_source":"LoD1 solid top minus bottom","production":"2023","laser":"2017","footprints":"2023"},"geometry":{"type":"Polygon","coordinates":[[[13.895359362587115,51.005307633303204],[13.895386423701481,51.00534509253777],[13.895432391157055,51.00533187601744],[13.89540533001302,51.00529441679325],[13.895359362587115,51.005307633303204]]]}},{"type":"Feature","id":"DESNATGMvh0000YC","properties":{"id":"DESNATGMvh0000YC","height_m":3.221,"ground_m":158.375,"height_source":"LoD1 solid top minus bottom","production":"2023","laser":"2017","footprints":"2023"},"geometry":{"type":"Polygon","coordinates":[[[13.896273291913257,51.00616869306731],[13.896263173943039,51.00612656496259],[13.896208458491433,51.006131794457716],[13.89621857619968,51.00617393155767],[13.896273291913257,51.00616869306731]]]}},{"type":"Feature","id":"DESNATGMvh0000RN","properties":{"id":"DESNATGMvh0000RN","height_m":3.0,"ground_m":136.03,"height_source":"LoD1 solid top minus bottom","production":"2023","laser":"2017","footprints":"2023"},"geometry":{"type":"Polygon","coordinates":[[[13.900888864202303,51.00478005239678],[13.90089672046614,51.00479079180977],[13.900922525756565,51.00482607965658],[13.900972398824345,51.00481155777132],[13.900965522421856,51.004802176506566],[13.90098887315756,51.00479537276379],[13.90096207348936,51.00475873564477],[13.900935967429307,51.00476633180978],[13.900888864202303,51.00478005239678]]]}},{"type":"Feature","id":"DESNATP1Vq0000xE","properties":{"id":"DESNATP1Vq0000xE","height_m":3.307,"ground_m":120.504,"height_source":"LoD1 solid top minus bottom","production":"2023","laser":"2017","footprints":"2023"},"geometry":{"type":"Polygon","coordinates":[[[13.894394236879988,51.00298800038298],[13.894185363140013,51.00303240859058],[13.894218889729604,51.00309517222309],[13.89432721623846,51.00307213264207],[13.894421217521103,51.00305214086376],[13.89441420253883,51.00303546469901],[13.894394236879988,51.00298800038298]]]}},{"type":"Feature","id":"DESNATGMvh0000RJ","properties":{"id":"DESNATGMvh0000RJ","height_m":2.619,"ground_m":137.997,"height_source":"LoD1 solid top minus bottom","production":"2023","laser":"2017","footprints":"2023"},"geometry":{"type":"Polygon","coordinates":[[[13.900958847086377,51.004979101703235],[13.900922028928532,51.00498883630987],[13.90097055886253,51.005061918982705],[13.900982147740859,51.00505886252187],[13.901007391106202,51.00505219348607],[13.900958847086377,51.004979101703235]]]}},{"type":"Feature","id":"DESNATGMvh0000Rx","properties":{"id":"DESNATGMvh0000Rx","height_m":2.722,"ground_m":128.602,"height_source":"LoD1 solid top minus bottom","production":"2023","laser":"2017","footprints":"2023"},"geometry":{"type":"Polygon","coordinates":[[[13.904497313630738,51.00036649198099],[13.904509072334378,51.00038037028238],[13.904451841933351,51.00039891641757],[13.904475228105113,51.00042861425093],[13.904579361675468,51.00039432079095],[13.904544557649759,51.000350792842056],[13.904497313630738,51.00036649198099]]]}},{"type":"Feature","id":"DESNATGMvh0000RC","properties":{"id":"DESNATGMvh0000RC","height_m":2.773,"ground_m":124.665,"height_source":"LoD1 solid top minus bottom","production":"2023","laser":"2017","footprints":"2023"},"geometry":{"type":"Polygon","coordinates":[[[13.902048483723537,51.000415122045034],[13.902101663882178,51.000419677602],[13.902118967912141,51.00033927335369],[13.90206578784349,51.0003347178051],[13.902048483723537,51.000415122045034]]]}},{"type":"Feature","id":"DESNATGMvh0000Pm","properties":{"id":"DESNATGMvh0000Pm","height_m":2.731,"ground_m":130.877,"height_source":"LoD1 solid top minus bottom","production":"2023","laser":"2017","footprints":"2023"},"geometry":{"type":"Polygon","coordinates":[[[13.89550042628319,51.004558109923735],[13.895484306497051,51.004538883714574],[13.895427312391194,51.004557913290796],[13.895443432160123,51.004577139507646],[13.89550042628319,51.004558109923735]]]}},{"type":"Feature","id":"DESNATGMvh0000R1","properties":{"id":"DESNATGMvh0000R1","height_m":2.991,"ground_m":121.445,"height_source":"LoD1 solid top minus bottom","production":"2023","laser":"2017","footprints":"2023"},"geometry":{"type":"Polygon","coordinates":[[[13.896342601643415,51.003162826064894],[13.896325431315436,51.00313261877674],[13.896247621272549,51.003150229074514],[13.896264791556135,51.00318043637375],[13.896342601643415,51.003162826064894]]]}},{"type":"Feature","id":"DESNATGMvh0000Ps","properties":{"id":"DESNATGMvh0000Ps","height_m":2.237,"ground_m":124.261,"height_source":"LoD1 solid top minus bottom","production":"2023","laser":"2017","footprints":"2023"},"geometry":{"type":"Polygon","coordinates":[[[13.895472281194111,51.00378311068292],[13.895368190017933,51.00371899679057],[13.895331220627996,51.0037428919316],[13.89541181050433,51.00379253000729],[13.895472281194111,51.00378311068292]]]}},{"type":"Feature","id":"DESNATGMvh0000Q4","properties":{"id":"DESNATGMvh0000Q4","height_m":12.511,"ground_m":121.159,"height_source":"LoD1 solid top minus bottom","production":"2023","laser":"2017","footprints":"2023"},"geometry":{"type":"Polygon","coordinates":[[[13.89598755594257,51.00294772602098],[13.896037672825809,51.00304420718358],[13.8961476731627,51.00302146051226],[13.896097570323743,51.00292497952982],[13.89598755594257,51.00294772602098]]]}},{"type":"Feature","id":"DESNATGMvh0000Qh","properties":{"id":"DESNATGMvh0000Qh","height_m":2.88,"ground_m":126.757,"height_source":"LoD1 solid top minus bottom","production":"2023","laser":"2017","footprints":"2023"},"geometry":{"type":"Polygon","coordinates":[[[13.896550751666126,51.001657789796575],[13.89654853243755,51.001685250963504],[13.896630762129544,51.00168789812148],[13.896661722945945,51.001688891968314],[13.896663927858885,51.00166143066427],[13.896550751666126,51.001657789796575]]]}},{"type":"Feature","id":"DESNATGMvh0000Pa","properties":{"id":"DESNATGMvh0000Pa","height_m":3.0,"ground_m":137.157,"height_source":"LoD1 solid top minus bottom","production":"2023","laser":"2017","footprints":"2023"},"geometry":{"type":"Polygon","coordinates":[[[13.895328285207498,51.005264641462496],[13.895359362587115,51.005307633303204],[13.89540533001302,51.00529441679325],[13.89538294638332,51.00526345864594],[13.895374252599357,51.005251424964456],[13.895328285207498,51.005264641462496]]]}},{"type":"Feature","id":"DESNATGMvh0000SO","properties":{"id":"DESNATGMvh0000SO","height_m":5.631,"ground_m":132.733,"height_source":"LoD1 solid top minus bottom","production":"2023","laser":"2017","footprints":"2023"},"geometry":{"type":"Polygon","coordinates":[[[13.907737815143621,51.00131855481061],[13.907743299100648,51.00126406452883],[13.907653097052952,51.00126044237435],[13.907556573119859,51.0012565631921],[13.907551074062738,51.00131108030317],[13.907737815143621,51.00131855481061]]]}},{"type":"Feature","id":"DESNATGMvh0000SA","properties":{"id":"DESNATGMvh0000SA","height_m":2.645,"ground_m":135.706,"height_source":"LoD1 solid top minus bottom","production":"2023","laser":"2017","footprints":"2023"},"geometry":{"type":"Polygon","coordinates":[[[13.90971564275226,51.0001157485047],[13.90979137780569,51.00012299307557],[13.90980399540811,51.00007049373198],[13.909830557896445,51.00007304377161],[13.909833810031104,51.000059548892224],[13.909731497931416,51.00004977214214],[13.90971564275226,51.0001157485047]]]}},{"type":"Feature","id":"DESNATGMvh0000RB","properties":{"id":"DESNATGMvh0000RB","height_m":16.721,"ground_m":134.907,"height_source":"LoD1 solid top minus bottom","production":"2023","laser":"2017","footprints":"2023"},"geometry":{"type":"Polygon","coordinates":[[[13.896397720590583,51.00492559256933],[13.89644534894366,51.004972697313356],[13.896522958123986,51.00494145183986],[13.896475329509979,51.00489435611779],[13.896397720590583,51.00492559256933]]]}},{"type":"Feature","id":"DESNATGMvh0000YZ","properties":{"id":"DESNATGMvh0000YZ","height_m":3.34,"ground_m":301.958,"height_source":"LoD1 solid top minus bottom","production":"2023","laser":"2017","footprints":"2023"},"geometry":{"type":"Polygon","coordinates":[[[13.894064226767883,51.012401077062215],[13.893983123229102,51.01242460795482],[13.894006384950831,51.012456509891805],[13.894087488320137,51.012432987974265],[13.8940666424395,51.01240440029627],[13.894064226767883,51.012401077062215]]]}},{"type":"Feature","id":"DESNATGMvh0000Rl","properties":{"id":"DESNATGMvh0000Rl","height_m":2.717,"ground_m":127.356,"height_source":"LoD1 solid top minus bottom","production":"2023","laser":"2017","footprints":"2023"},"geometry":{"type":"Polygon","coordinates":[[[13.904070365937566,51.00138232955928],[13.904077756115521,51.00135539339041],[13.904048799345782,51.00135221706352],[13.904041408939772,51.001379162221305],[13.904070365937566,51.00138232955928]]]}},{"type":"Feature","id":"DESNATGMvh0000QO","properties":{"id":"DESNATGMvh0000QO","height_m":3.457,"ground_m":126.194,"height_source":"LoD1 solid top minus bottom","production":"2023","laser":"2017","footprints":"2023"},"geometry":{"type":"Polygon","coordinates":[[[13.897462299064424,51.00072151794777],[13.897413913696617,51.00071610624672],[13.897397648442755,51.0007739835573],[13.89744603386867,51.000779395265404],[13.897462299064424,51.00072151794777]]]}},{"type":"Feature","id":"DESNATGMvh0000RW","properties":{"id":"DESNATGMvh0000RW","height_m":3.0,"ground_m":123.595,"height_source":"LoD1 solid top minus bottom","production":"2023","laser":"2017","footprints":"2023"},"geometry":{"type":"Polygon","coordinates":[[[13.901447856087756,50.99947845569906],[13.901545541233828,50.9994903185213],[13.901552569690626,50.999467281992814],[13.901558286178977,50.999448504728576],[13.901460615577857,50.99943663306057],[13.901447856087756,50.99947845569906]]]}},{"type":"Feature","id":"DESNATGMvh0000Rn","properties":{"id":"DESNATGMvh0000Rn","height_m":2.702,"ground_m":127.689,"height_source":"LoD1 solid top minus bottom","production":"2023","laser":"2017","footprints":"2023"},"geometry":{"type":"Polygon","coordinates":[[[13.904197043078264,51.001264191849465],[13.90407553919858,51.001251685162984],[13.904061175007154,51.001307252058375],[13.904182475362736,51.00132053922717],[13.904197043078264,51.001264191849465]]]}},{"type":"Feature","id":"DESNATGMvh0000Rp","properties":{"id":"DESNATGMvh0000Rp","height_m":2.97,"ground_m":125.686,"height_source":"LoD1 solid top minus bottom","production":"2023","laser":"2017","footprints":"2023"},"geometry":{"type":"Polygon","coordinates":[[[13.902339313948762,51.00172294988969],[13.902418737130667,51.0017273741635],[13.902428270773498,51.00165917211005],[13.902348833245698,51.001654756700354],[13.902339313948762,51.00172294988969]]]}},{"type":"Feature","id":"DESNATGMvh0000Q7","properties":{"id":"DESNATGMvh0000Q7","height_m":14.487,"ground_m":120.506,"height_source":"LoD1 solid top minus bottom","production":"2023","laser":"2017","footprints":"2023"},"geometry":{"type":"Polygon","coordinates":[[[13.894683472834972,51.002488729776594],[13.894626152345971,51.00249819648136],[13.894635776351059,51.002521435116975],[13.894693110902528,51.002511977533324],[13.894683472834972,51.002488729776594]]]}},{"type":"Feature","id":"DESNATGMvh0000ZR","properties":{"id":"DESNATGMvh0000ZR","height_m":2.068,"ground_m":303.384,"height_source":"LoD1 solid top minus bottom","production":"2023","laser":"2017","footprints":"2023"},"geometry":{"type":"Polygon","coordinates":[[[13.896726577081346,51.01263654498293],[13.896725817314284,51.01258625891557],[13.896616547043253,51.01258690869455],[13.89661730669212,51.012637194761886],[13.896726577081346,51.01263654498293]]]}},{"type":"Feature","id":"DESNATGMvh0000Ye","properties":{"id":"DESNATGMvh0000Ye","height_m":1.246,"ground_m":144.825,"height_source":"LoD1 solid top minus bottom","production":"2023","laser":"2017","footprints":"2023"},"geometry":{"type":"Polygon","coordinates":[[[13.898206893652747,51.00540410890542],[13.898178338002397,51.00535443295816],[13.898071987039309,51.00537877172889],[13.898100542590191,51.00542844770133],[13.898206893652747,51.00540410890542]]]}},{"type":"Feature","id":"DESNATGMvh0000Yx","properties":{"id":"DESNATGMvh0000Yx","height_m":2.976,"ground_m":313.109,"height_source":"LoD1 solid top minus bottom","production":"2023","laser":"2017","footprints":"2023"},"geometry":{"type":"Polygon","coordinates":[[[13.898694471490534,51.01181470446724],[13.898727640113263,51.01183170779923],[13.89876359693607,51.011803818234085],[13.898730428532723,51.01178680592144],[13.898694471490534,51.01181470446724]]]}},{"type":"Feature","id":"DESNATGMvh0000Yb","properties":{"id":"DESNATGMvh0000Yb","height_m":2.607,"ground_m":303.328,"height_source":"LoD1 solid top minus bottom","production":"2023","laser":"2017","footprints":"2023"},"geometry":{"type":"Polygon","coordinates":[[[13.89404994606661,51.01229246139339],[13.894093076108918,51.01227897572689],[13.894080484404588,51.01226296621164],[13.894037354373625,51.012276451873596],[13.89404994606661,51.01229246139339]]]}},{"type":"Feature","id":"DESNATGMvh0000QB","properties":{"id":"DESNATGMvh0000QB","height_m":3.239,"ground_m":120.337,"height_source":"LoD1 solid top minus bottom","production":"2023","laser":"2017","footprints":"2023"},"geometry":{"type":"Polygon","coordinates":[[[13.8942178456721,51.00218291036765],[13.89419102112456,51.00218537230589],[13.894201826564792,51.00223264204724],[13.894228879553998,51.00223016428297],[13.8942178456721,51.00218291036765]]]}},{"type":"Feature","id":"DESNATGMvh0000ZA","properties":{"id":"DESNATGMvh0000ZA","height_m":3.898,"ground_m":301.58,"height_source":"LoD1 solid top minus bottom","production":"2023","laser":"2017","footprints":"2023"},"geometry":{"type":"Polygon","coordinates":[[[13.896537710933673,51.0130405177094],[13.896534808706706,51.01304086799803],[13.896464768294202,51.013049361176876],[13.896467183915929,51.01307311606045],[13.896542093685662,51.01306968686539],[13.896537710933673,51.0130405177094]]]}},{"type":"Feature","id":"DESNATGMvh0000Q5","properties":{"id":"DESNATGMvh0000Q5","height_m":3.64,"ground_m":120.641,"height_source":"LoD1 solid top minus bottom","production":"2023","laser":"2017","footprints":"2023"},"geometry":{"type":"Polygon","coordinates":[[[13.894421217521103,51.00305214086376],[13.894448389165744,51.00304648969706],[13.894441805793814,51.00303084280236],[13.89441420253883,51.00303546469901],[13.894421217521103,51.00305214086376]]]}},{"type":"Feature","id":"DESNATGMvh0000QL","properties":{"id":"DESNATGMvh0000QL","height_m":5.41,"ground_m":124.847,"height_source":"LoD1 solid top minus bottom","production":"2023","laser":"2017","footprints":"2023"},"geometry":{"type":"Polygon","coordinates":[[[13.895364580115665,51.00052657533993],[13.895317882047978,51.00052154742978],[13.895300241849505,51.00058680357602],[13.895346939980579,51.00059183149355],[13.895364580115665,51.00052657533993]]]}},{"type":"Feature","id":"DESNATGMvh0000Yf","properties":{"id":"DESNATGMvh0000Yf","height_m":2.956,"ground_m":303.136,"height_source":"LoD1 solid top minus bottom","production":"2023","laser":"2017","footprints":"2023"},"geometry":{"type":"Polygon","coordinates":[[[13.893880124425669,51.01234981075194],[13.89389689379578,51.01237177712057],[13.893963291001102,51.012351614273356],[13.893946521606592,51.012329647914044],[13.893916998991678,51.01233861305602],[13.893880124425669,51.01234981075194]]]}},{"type":"Feature","id":"DESNATPU1000Iw9n","properties":{"id":"DESNATPU1000Iw9n","height_m":6.516,"ground_m":123.369,"height_source":"LoD1 solid top minus bottom","production":"2023","laser":"2017","footprints":"2023"},"geometry":{"type":"Polygon","coordinates":[[[13.900857184904037,51.00019138307356],[13.900821536309799,51.000309798154916],[13.900934882141257,51.00032362538101],[13.900970775659262,51.00020508667053],[13.900857184904037,51.00019138307356]]]}}]}