{"type":"FeatureCollection","features":[{"type":"Feature","id":"DESNATPU1000Hyi3","properties":{"id":"DESNATPU1000Hyi3","height_m":3.279,"ground_m":245.071,"height_source":"LoD1 solid top minus bottom","production":"2023","laser":"2017","footprints":"2020"},"geometry":{"type":"Polygon","coordinates":[[[13.951043460240305,51.03527415131662],[13.950962465067475,51.035292398969816],[13.950993856824892,51.03534861573381],[13.951075137276606,51.035330370619455],[13.951043460240305,51.03527415131662]]]}},{"type":"Feature","id":"DESNATPU1000GMdg","properties":{"id":"DESNATPU1000GMdg","height_m":5.428,"ground_m":253.749,"height_source":"LoD1 solid top minus bottom","production":"2023","laser":"2017","footprints":"2020"},"geometry":{"type":"Polygon","coordinates":[[[13.9477539907655,51.03549934249721],[13.94775899933107,51.035410449189676],[13.947611287827911,51.03540830968629],[13.94760784957973,51.03549712720267],[13.9477539907655,51.03549934249721]]]}},{"type":"Feature","id":"DESNATP1Zw0000Ax","properties":{"id":"DESNATP1Zw0000Ax","height_m":1.217,"ground_m":255.083,"height_source":"LoD1 solid top minus bottom","production":"2023","laser":"2017","footprints":"2020"},"geometry":{"type":"Polygon","coordinates":[[[13.945554405061017,51.03642293727227],[13.945492490297564,51.03646502225561],[13.9456093357278,51.036533342435675],[13.945671236014283,51.0364912662531],[13.945554405061017,51.03642293727227]]]}},{"type":"Feature","id":"DESNATPU1000B5pe","properties":{"id":"DESNATPU1000B5pe","height_m":5.689,"ground_m":255.055,"height_source":"LoD1 solid top minus bottom","production":"2023","laser":"2017","footprints":"2020"},"geometry":{"type":"Polygon","coordinates":[[[13.946217501382236,51.03664103990953],[13.946213662206235,51.036609080990566],[13.946148269831987,51.03661208839414],[13.946035758257914,51.03661736862496],[13.94604900574383,51.036701102790154],[13.946226910010989,51.0366928151376],[13.946217501382236,51.03664103990953]]]}},{"type":"Feature","id":"DESNATPU1000GDxT","properties":{"id":"DESNATPU1000GDxT","height_m":8.148,"ground_m":252.12,"height_source":"LoD1 solid top minus bottom","production":"2023","laser":"2017","footprints":"2020"},"geometry":{"type":"Polygon","coordinates":[[[13.94734055015293,51.035510546926936],[13.947261618603651,51.0355761125329],[13.947437143145946,51.03566006733999],[13.947516072556748,51.03559459152503],[13.947477410434907,51.03557616785772],[13.94734055015293,51.035510546926936]]]}},{"type":"Feature","id":"DESNATPU1000BZNp","properties":{"id":"DESNATPU1000BZNp","height_m":5.838,"ground_m":240.931,"height_source":"LoD1 solid top minus bottom","production":"2023","laser":"2017","footprints":"2020"},"geometry":{"type":"Polygon","coordinates":[[[13.950896559129479,51.0366003435939],[13.95103607958627,51.03655483371939],[13.950991655580173,51.03650092803924],[13.950852422473856,51.03654635051297],[13.950896559129479,51.0366003435939]]]}},{"type":"Feature","id":"DESNATPU1000JfZX","properties":{"id":"DESNATPU1000JfZX","height_m":2.596,"ground_m":242.527,"height_source":"LoD1 solid top minus bottom","production":"2023","laser":"2017","footprints":"2020"},"geometry":{"type":"Polygon","coordinates":[[[13.949922635150783,51.03652064325258],[13.949965021519752,51.03651320042325],[13.94994956585151,51.03647763007803],[13.949906896345505,51.03648498042987],[13.949922635150783,51.03652064325258]]]}},{"type":"Feature","id":"DESNATP14u0001br","properties":{"id":"DESNATP14u0001br","height_m":5.344,"ground_m":241.126,"height_source":"LoD1 solid top minus bottom","production":"2023","laser":"2017","footprints":"2020"},"geometry":{"type":"Polygon","coordinates":[[[13.950858378999943,51.03664763546117],[13.950864354446523,51.036657140495684],[13.950891889944277,51.0367009935808],[13.950954818748958,51.03668580319963],[13.950916740973883,51.03663382495586],[13.950858378999943,51.03664763546117]]]}},{"type":"Feature","id":"DESNATPU1000D6pM","properties":{"id":"DESNATPU1000D6pM","height_m":6.163,"ground_m":240.744,"height_source":"LoD1 solid top minus bottom","production":"2023","laser":"2017","footprints":"2020"},"geometry":{"type":"Polygon","coordinates":[[[13.953053589441604,51.03500196335009],[13.952961860560832,51.03504088949303],[13.953089375790872,51.03516073636409],[13.953180968286425,51.03512153911693],[13.953129234748177,51.03507296441564],[13.953123145220633,51.03506724442456],[13.953104566988971,51.03504990182013],[13.953086133392677,51.035032470580845],[13.953053589441604,51.03500196335009]]]}},{"type":"Feature","id":"DESNATPU1000IhdT","properties":{"id":"DESNATPU1000IhdT","height_m":4.037,"ground_m":241.23,"height_source":"LoD1 solid top minus bottom","production":"2023","laser":"2017","footprints":"2020"},"geometry":{"type":"Polygon","coordinates":[[[13.953047214886352,51.034900036269136],[13.952993195166854,51.03491115294059],[13.953025170411566,51.03497321967658],[13.953079188169916,51.03496219290027],[13.953047214886352,51.034900036269136]]]}},{"type":"Feature","id":"UUID_c72445d0-2a29-4f22-9dd3-22ecb232dd4d","properties":{"id":"UUID_c72445d0-2a29-4f22-9dd3-22ecb232dd4d","height_m":5.13,"ground_m":247.606,"height_source":"LoD1 solid top minus bottom","production":"2023","laser":"2017","footprints":"2020"},"geometry":{"type":"Polygon","coordinates":[[[13.947568408916435,51.03599784863253],[13.94766977187249,51.036018725395834],[13.947718552709825,51.03592480363164],[13.947648265505892,51.03591034881789],[13.947617175064714,51.035903953755756],[13.947568408916435,51.03599784863253]]]}},{"type":"Feature","id":"UUID_78c327ac-2fc4-473b-8c61-5a79c6e12e7c","properties":{"id":"UUID_78c327ac-2fc4-473b-8c61-5a79c6e12e7c","height_m":4.654,"ground_m":247.606,"height_source":"LoD1 solid top minus bottom","production":"2023","laser":"2017","footprints":"2020"},"geometry":{"type":"Polygon","coordinates":[[[13.947633842666423,51.03589223341306],[13.9476554218153,51.03589665433935],[13.947648265505892,51.03591034881789],[13.94769042930779,51.03591901983596],[13.947718552709825,51.03592480363164],[13.947738073503963,51.035887236794736],[13.947709950325759,51.0358814440129],[13.947667801221218,51.03587275514857],[13.947646364679967,51.03586833550874],[13.947633842666423,51.03589223341306]]]}},{"type":"Feature","id":"UUID_4a0e48ce-85ba-42f0-970d-ac991e286f37","properties":{"id":"UUID_4a0e48ce-85ba-42f0-970d-ac991e286f37","height_m":3.833,"ground_m":241.013,"height_source":"LoD1 solid top minus bottom","production":"2023","laser":"2017","footprints":"2020"},"geometry":{"type":"Polygon","coordinates":[[[13.951528406495628,51.03654344270218],[13.951682400423667,51.03656441047665],[13.951714309799414,51.0364713519059],[13.951560173970305,51.03645036491364],[13.951528406495628,51.03654344270218]]]}},{"type":"Feature","id":"UUID_a036ca5c-05e0-4c0b-8e93-628b9ee21069","properties":{"id":"UUID_a036ca5c-05e0-4c0b-8e93-628b9ee21069","height_m":3.462,"ground_m":241.013,"height_source":"LoD1 solid top minus bottom","production":"2023","laser":"2017","footprints":"2020"},"geometry":{"type":"Polygon","coordinates":[[[13.951528406495628,51.03654344270218],[13.95154352672307,51.03649913615548],[13.951489633564552,51.036491908046344],[13.95147451572345,51.03653610669462],[13.951528406495628,51.03654344270218]]]}},{"type":"Feature","id":"DESNATPU1000FE8A","properties":{"id":"DESNATPU1000FE8A","height_m":7.925,"ground_m":245.242,"height_source":"LoD1 solid top minus bottom","production":"2023","laser":"2017","footprints":"2020"},"geometry":{"type":"Polygon","coordinates":[[[13.95093405126636,51.03542011085954],[13.950866939110133,51.03528905039578],[13.950728246622715,51.03531890211402],[13.95080331892945,51.0354492427647],[13.95093405126636,51.03542011085954]]]}},{"type":"Feature","id":"DESNATPU1000BQJA","properties":{"id":"DESNATPU1000BQJA","height_m":3.625,"ground_m":247.778,"height_source":"LoD1 solid top minus bottom","production":"2023","laser":"2017","footprints":"2020"},"geometry":{"type":"Polygon","coordinates":[[[13.94537588327758,51.03525281579543],[13.945279847789017,51.03523612178615],[13.945260750165545,51.035279474387714],[13.94535707092822,51.03529617098692],[13.94537588327758,51.03525281579543]]]}},{"type":"Feature","id":"DESNATPU1000J8qQ","properties":{"id":"DESNATPU1000J8qQ","height_m":3.703,"ground_m":248.986,"height_source":"LoD1 solid top minus bottom","production":"2023","laser":"2017","footprints":"2020"},"geometry":{"type":"Polygon","coordinates":[[[13.947859313657053,51.03582394028646],[13.947816127729562,51.035917076159414],[13.94788217309324,51.035929271469406],[13.947925501498068,51.035836136855345],[13.947859313657053,51.03582394028646]]]}},{"type":"Feature","id":"DESNATPU1000JW7Y","properties":{"id":"DESNATPU1000JW7Y","height_m":3.553,"ground_m":247.689,"height_source":"LoD1 solid top minus bottom","production":"2023","laser":"2017","footprints":"2020"},"geometry":{"type":"Polygon","coordinates":[[[13.947732272418431,51.03597963013476],[13.947829080414069,51.03600010603351],[13.947846358945759,51.03596770781291],[13.947859469589766,51.03594300583773],[13.947762376503093,51.035922527396565],[13.94774926785005,51.0359471394514],[13.947732272418431,51.03597963013476]]]}},{"type":"Feature","id":"DESNATPU1000JUkv","properties":{"id":"DESNATPU1000JUkv","height_m":11.212,"ground_m":242.262,"height_source":"LoD1 solid top minus bottom","production":"2023","laser":"2017","footprints":"2020"},"geometry":{"type":"Polygon","coordinates":[[[13.957922882598137,51.03714701235281],[13.958050970600187,51.03715121202283],[13.958053378198613,51.03712208797899],[13.958083878712312,51.037123088337424],[13.958087348942962,51.037080925283384],[13.958056848456849,51.03707992492601],[13.958060040820992,51.037041248582895],[13.957931938860858,51.03703704879736],[13.957922882598137,51.03714701235281]]]}},{"type":"Feature","id":"DESNATPU1000F8ye","properties":{"id":"DESNATPU1000F8ye","height_m":6.202,"ground_m":254.947,"height_source":"LoD1 solid top minus bottom","production":"2023","laser":"2017","footprints":"2020"},"geometry":{"type":"Polygon","coordinates":[[[13.946512706410587,51.03679552633285],[13.946661968012375,51.036823850114004],[13.946707642480721,51.03672803927413],[13.946626833146633,51.03671274261131],[13.946623141848239,51.03671198991689],[13.946626853643682,51.03670554858817],[13.946561524598419,51.036693179174684],[13.946548651355416,51.03671995147882],[13.946535623263573,51.036747261951106],[13.946512706410587,51.03679552633285]]]}},{"type":"Feature","id":"DESNATPU1000Fd6G","properties":{"id":"DESNATPU1000Fd6G","height_m":6.222,"ground_m":241.985,"height_source":"LoD1 solid top minus bottom","production":"2023","laser":"2017","footprints":"2020"},"geometry":{"type":"Polygon","coordinates":[[[13.95038629886153,51.036142886309406],[13.950385049606204,51.03613505138882],[13.950337480943794,51.03613831115183],[13.950341062104973,51.03616918848055],[13.950390484583322,51.03616594536676],[13.950426625053362,51.03616348221541],[13.950422718417292,51.036140695448765],[13.95038629886153,51.036142886309406]]]}},{"type":"Feature","id":"DESNATP14u0001cE","properties":{"id":"DESNATP14u0001cE","height_m":2.256,"ground_m":247.338,"height_source":"LoD1 solid top minus bottom","production":"2023","laser":"2017","footprints":"2020"},"geometry":{"type":"Polygon","coordinates":[[[13.951469133965197,51.03481684981105],[13.95146080910584,51.03476799838456],[13.951325614929521,51.03477564310281],[13.951333844499295,51.03482428685071],[13.951469133965197,51.03481684981105]]]}},{"type":"Feature","id":"DESNATPU1000GjOx","properties":{"id":"DESNATPU1000GjOx","height_m":6.149,"ground_m":244.022,"height_source":"LoD1 solid top minus bottom","production":"2023","laser":"2017","footprints":"2020"},"geometry":{"type":"Polygon","coordinates":[[[13.958175131065808,51.03711176168888],[13.958181689951404,51.03718499418793],[13.958290275987675,51.0371811240947],[13.958283702671054,51.03710789147357],[13.958175131065808,51.03711176168888]]]}},{"type":"Feature","id":"DESNATPU1000DxJy","properties":{"id":"DESNATPU1000DxJy","height_m":3.096,"ground_m":246.416,"height_source":"LoD1 solid top minus bottom","production":"2023","laser":"2017","footprints":"2020"},"geometry":{"type":"Polygon","coordinates":[[[13.951301504230445,51.036730191640444],[13.95130033140692,51.036651359599475],[13.951125729728018,51.03665240048291],[13.951126902255218,51.03673123252388],[13.951301504230445,51.036730191640444]]]}},{"type":"Feature","id":"UUID_48f39c26-12dc-4179-a0b4-30a0d158f319","properties":{"id":"UUID_48f39c26-12dc-4179-a0b4-30a0d158f319","height_m":4.535,"ground_m":259.655,"height_source":"LoD1 solid top minus bottom","production":"2023","laser":"2017","footprints":"2020"},"geometry":{"type":"Polygon","coordinates":[[[13.946558908116431,51.03476438812646],[13.946424144376802,51.03475741781627],[13.946419325175164,51.03479194254719],[13.946554120375565,51.034799416740896],[13.946558908116431,51.03476438812646]]]}},{"type":"Feature","id":"UUID_725996d5-8d86-440d-bd5f-1987dbdc3dda","properties":{"id":"UUID_725996d5-8d86-440d-bd5f-1987dbdc3dda","height_m":5.975,"ground_m":259.655,"height_source":"LoD1 solid top minus bottom","production":"2023","laser":"2017","footprints":"2020"},"geometry":{"type":"Polygon","coordinates":[[[13.946536622535083,51.03487920466055],[13.946533560410941,51.03490102946886],[13.946626864161159,51.034906097161276],[13.946629937035762,51.03488442532455],[13.946536622535083,51.03487920466055]]]}},{"type":"Feature","id":"UUID_ba145203-c2d8-439f-a3b7-13c94927da37","properties":{"id":"UUID_ba145203-c2d8-439f-a3b7-13c94927da37","height_m":8.022,"ground_m":259.655,"height_source":"LoD1 solid top minus bottom","production":"2023","laser":"2017","footprints":"2020"},"geometry":{"type":"Polygon","coordinates":[[[13.946554120375565,51.034799416740896],[13.946419325175164,51.03479194254719],[13.946408138748264,51.0348720211635],[13.94646839308293,51.03487535216072],[13.946536622535083,51.03487920466055],[13.946629937035762,51.03488442532455],[13.946641296439717,51.03480424932719],[13.946554120375565,51.034799416740896]]]}},{"type":"Feature","id":"DESNATPU1000HFeS","properties":{"id":"DESNATPU1000HFeS","height_m":5.689,"ground_m":248.302,"height_source":"LoD1 solid top minus bottom","production":"2023","laser":"2017","footprints":"2020"},"geometry":{"type":"Polygon","coordinates":[[[13.944756004991856,51.03542995277939],[13.944832648633522,51.03542758731896],[13.944831394968931,51.03536975253344],[13.944751388341148,51.03536947972311],[13.944756004991856,51.03542995277939]]]}},{"type":"Feature","id":"DESNATPU1000JWPX","properties":{"id":"DESNATPU1000JWPX","height_m":4.255,"ground_m":242.131,"height_source":"LoD1 solid top minus bottom","production":"2023","laser":"2017","footprints":"2020"},"geometry":{"type":"Polygon","coordinates":[[[13.950210720613061,51.03609886332764],[13.950218513214885,51.036176900548476],[13.950277899342636,51.036174556337066],[13.950269966074357,51.03609642792929],[13.950210720613061,51.03609886332764]]]}},{"type":"Feature","id":"DESNATP14u0001bp","properties":{"id":"DESNATP14u0001bp","height_m":2.849,"ground_m":241.806,"height_source":"LoD1 solid top minus bottom","production":"2023","laser":"2017","footprints":"2020"},"geometry":{"type":"Polygon","coordinates":[[[13.95064339888013,51.03600652694267],[13.950639680849553,51.03599054040209],[13.950530682375655,51.03600455249988],[13.950557569446909,51.03606760837954],[13.950660190182157,51.036055598328815],[13.95065460743949,51.03604071014658],[13.95064339888013,51.03600652694267]]]}},{"type":"Feature","id":"DESNATPU1000E6ic","properties":{"id":"DESNATPU1000E6ic","height_m":6.078,"ground_m":239.846,"height_source":"LoD1 solid top minus bottom","production":"2023","laser":"2017","footprints":"2020"},"geometry":{"type":"Polygon","coordinates":[[[13.955549396128871,51.03638500893337],[13.95539905559943,51.03638546368793],[13.955399458269957,51.036427814171056],[13.955399725886112,51.03645714193741],[13.955550209247479,51.03645668845788],[13.955549396128871,51.03638500893337]]]}},{"type":"Feature","id":"DESNATPU1000CoCp","properties":{"id":"DESNATPU1000CoCp","height_m":2.204,"ground_m":245.211,"height_source":"LoD1 solid top minus bottom","production":"2023","laser":"2017","footprints":"2020"},"geometry":{"type":"Polygon","coordinates":[[[13.949585945153366,51.03608920229355],[13.94956044742793,51.0359761139705],[13.949492373394982,51.03598233653044],[13.949518793143865,51.03609501049745],[13.949585945153366,51.03608920229355]]]}},{"type":"Feature","id":"DESNATP14u0001bf","properties":{"id":"DESNATP14u0001bf","height_m":6.531,"ground_m":242.854,"height_source":"LoD1 solid top minus bottom","production":"2023","laser":"2017","footprints":"2020"},"geometry":{"type":"Polygon","coordinates":[[[13.95005192386219,51.036195205953625],[13.950048986210627,51.036124505469246],[13.94991589383195,51.03612794984789],[13.94992032860157,51.03620686518505],[13.950023384088569,51.036205300191824],[13.950023593802001,51.03619602154923],[13.95005192386219,51.036195205953625]]]}},{"type":"Feature","id":"DESNATP14u0001bg","properties":{"id":"DESNATP14u0001bg","height_m":4.756,"ground_m":253.249,"height_source":"LoD1 solid top minus bottom","production":"2023","laser":"2017","footprints":"2020"},"geometry":{"type":"Polygon","coordinates":[[[13.947034516851282,51.03741661099256],[13.946982304807571,51.03737295729632],[13.946860462602027,51.037428603623944],[13.946913212595165,51.037473692070755],[13.947034516851282,51.03741661099256]]]}},{"type":"Feature","id":"UUID_85e215d8-64b4-4e73-bbb1-4882c45ff5b3","properties":{"id":"UUID_85e215d8-64b4-4e73-bbb1-4882c45ff5b3","height_m":7.47,"ground_m":256.089,"height_source":"LoD1 solid top minus bottom","production":"2023","laser":"2017","footprints":"2020"},"geometry":{"type":"Polygon","coordinates":[[[13.94608656438432,51.03519079251142],[13.94628044722518,51.035207199140686],[13.946300859024339,51.035112149840906],[13.94610699266713,51.03509566245784],[13.94608656438432,51.03519079251142]]]}},{"type":"Feature","id":"UUID_76d7a76a-ce8d-4756-8ad7-985eea01e55d","properties":{"id":"UUID_76d7a76a-ce8d-4756-8ad7-985eea01e55d","height_m":7.654,"ground_m":256.089,"height_source":"LoD1 solid top minus bottom","production":"2023","laser":"2017","footprints":"2020"},"geometry":{"type":"Polygon","coordinates":[[[13.946148089167249,51.035099153572766],[13.946216872544431,51.03510500764696],[13.9462239033502,51.03507170789925],[13.94618774737737,51.03506859409653],[13.946155177467308,51.03506583636199],[13.94611415208971,51.03506235488361],[13.94610699266713,51.03509566245784],[13.946148089167249,51.035099153572766]]]}},{"type":"Feature","id":"DESNATPU1000De5L","properties":{"id":"DESNATPU1000De5L","height_m":6.144,"ground_m":246.918,"height_source":"LoD1 solid top minus bottom","production":"2023","laser":"2017","footprints":"2020"},"geometry":{"type":"Polygon","coordinates":[[[13.94488105914834,51.03555680079426],[13.944906140170461,51.03555145173723],[13.944832648633522,51.03542758731896],[13.944756004991856,51.03542995277939],[13.944846006561765,51.03556161017119],[13.94488105914834,51.03555680079426]]]}},{"type":"Feature","id":"UUID_56dd17c9-21bd-4d8f-acbb-9f0c1be65b0d","properties":{"id":"UUID_56dd17c9-21bd-4d8f-acbb-9f0c1be65b0d","height_m":3.066,"ground_m":236.322,"height_source":"LoD1 solid top minus bottom","production":"2023","laser":"2017","footprints":"2020"},"geometry":{"type":"Polygon","coordinates":[[[13.958313169940435,51.03455024614872],[13.958153458828964,51.03449819312885],[13.958102870586432,51.03455988204195],[13.958160071375193,51.034578557396266],[13.958262381614293,51.03461196032456],[13.958313169940435,51.03455024614872]]]}},{"type":"Feature","id":"UUID_3db621bf-71e0-4ed0-9cf9-1a3dede9f8cc","properties":{"id":"UUID_3db621bf-71e0-4ed0-9cf9-1a3dede9f8cc","height_m":3.581,"ground_m":236.322,"height_source":"LoD1 solid top minus bottom","production":"2023","laser":"2017","footprints":"2020"},"geometry":{"type":"Polygon","coordinates":[[[13.958160071375193,51.034578557396266],[13.958144968810862,51.034596947826316],[13.958247192111287,51.034630412941894],[13.958262381614293,51.03461196032456],[13.958160071375193,51.034578557396266]]]}},{"type":"Feature","id":"DESNATPU1000BfGS","properties":{"id":"DESNATPU1000BfGS","height_m":3.162,"ground_m":244.889,"height_source":"LoD1 solid top minus bottom","production":"2023","laser":"2017","footprints":"2020"},"geometry":{"type":"Polygon","coordinates":[[[13.945817243381546,51.035739619577356],[13.945767677347522,51.03577433412778],[13.945846566895165,51.03581758156403],[13.945915221450674,51.03576944210879],[13.945884995489596,51.03575073429875],[13.945863690941547,51.035765649959494],[13.945817243381546,51.035739619577356]]]}},{"type":"Feature","id":"UUID_1bc9769c-5a30-435b-afea-ae1300d91e20","properties":{"id":"UUID_1bc9769c-5a30-435b-afea-ae1300d91e20","height_m":9.663,"ground_m":239.618,"height_source":"LoD1 solid top minus bottom","production":"2023","laser":"2017","footprints":"2020"},"geometry":{"type":"Polygon","coordinates":[[[13.95364652280678,51.0349524811566],[13.95361500628787,51.034923835790714],[13.953601650130569,51.034929192783906],[13.953588407843831,51.03493455978799],[13.953619762435975,51.03496342853005],[13.95365114518102,51.034992315501015],[13.953678053218963,51.03498114462363],[13.95364652280678,51.0349524811566]]]}},{"type":"Feature","id":"UUID_43e08d7d-603a-4d8e-9a05-6b9140b4556e","properties":{"id":"UUID_43e08d7d-603a-4d8e-9a05-6b9140b4556e","height_m":8.787,"ground_m":239.618,"height_source":"LoD1 solid top minus bottom","production":"2023","laser":"2017","footprints":"2020"},"geometry":{"type":"Polygon","coordinates":[[[13.953696665837247,51.03485828134962],[13.953650414067484,51.03487849660523],[13.953605343282625,51.034898200837674],[13.953592811955492,51.0349036641361],[13.953615035009404,51.034923827055145],[13.95361500628787,51.034923835790714],[13.95367806768099,51.03498113576036],[13.953718319111948,51.035017736972996],[13.953775851013914,51.034992523788134],[13.953830530716925,51.03496856201237],[13.953705163984276,51.034854580480385],[13.953696665837247,51.03485828134962]]]}},{"type":"Feature","id":"DESNATPU1000FGo5","properties":{"id":"DESNATPU1000FGo5","height_m":4.315,"ground_m":246.251,"height_source":"LoD1 solid top minus bottom","production":"2023","laser":"2017","footprints":"2020"},"geometry":{"type":"Polygon","coordinates":[[[13.958384711504175,51.03800679902841],[13.958384643243738,51.038054370072096],[13.958314644367272,51.03805284685312],[13.958314528190554,51.038096190876615],[13.958382558885821,51.03809643756729],[13.958384899192046,51.03816381413012],[13.958473316498864,51.038164512260735],[13.958473654952805,51.03805399437112],[13.958473859679255,51.03800669432644],[13.958384711504175,51.03800679902841]]]}},{"type":"Feature","id":"DESNATP14u0001bd","properties":{"id":"DESNATP14u0001bd","height_m":3.106,"ground_m":242.658,"height_source":"LoD1 solid top minus bottom","production":"2023","laser":"2017","footprints":"2020"},"geometry":{"type":"Polygon","coordinates":[[[13.9501495304074,51.03613433860531],[13.95014567556651,51.03605435834886],[13.950067518107423,51.03605614715167],[13.950070280386068,51.036133977318265],[13.9501495304074,51.03613433860531]]]}},{"type":"Feature","id":"UUID_92362fb3-b469-46fc-b2c1-ff0cbe6527ff","properties":{"id":"UUID_92362fb3-b469-46fc-b2c1-ff0cbe6527ff","height_m":3.535,"ground_m":243.805,"height_source":"LoD1 solid top minus bottom","production":"2023","laser":"2017","footprints":"2020"},"geometry":{"type":"Polygon","coordinates":[[[13.951597162340015,51.03512674691776],[13.951597175787988,51.035126783009446],[13.951606508216038,51.03515564356565],[13.9516439859824,51.03515076399256],[13.951678029270399,51.03514639316263],[13.951668415665997,51.0351173502346],[13.951597162340015,51.03512674691776]]]}},{"type":"Feature","id":"UUID_fb18b938-991a-40da-92da-33c91894f590","properties":{"id":"UUID_fb18b938-991a-40da-92da-33c91894f590","height_m":3.832,"ground_m":243.805,"height_source":"LoD1 solid top minus bottom","production":"2023","laser":"2017","footprints":"2020"},"geometry":{"type":"Polygon","coordinates":[[[13.951414358133674,51.03515086198737],[13.951346080034602,51.03515987154795],[13.95138230459931,51.03526927878301],[13.951450682670039,51.03526027009798],[13.951414358133674,51.03515086198737]]]}},{"type":"Feature","id":"UUID_39f497d5-45b0-4f07-ae22-8005354bde9b","properties":{"id":"UUID_39f497d5-45b0-4f07-ae22-8005354bde9b","height_m":8.835,"ground_m":243.805,"height_source":"LoD1 solid top minus bottom","production":"2023","laser":"2017","footprints":"2020"},"geometry":{"type":"Polygon","coordinates":[[[13.951597175787988,51.035126783009446],[13.951597162340015,51.03512674691776],[13.951668415665997,51.0351173502346],[13.951653137246808,51.03507135909116],[13.951640369628855,51.03503292640271],[13.951318081397536,51.03507526820771],[13.951330832470404,51.03511379071102],[13.951346080034602,51.03515987154795],[13.951414358133674,51.03515086198737],[13.951597175787988,51.035126783009446]]]}},{"type":"Feature","id":"DESNATP14u0001cL","properties":{"id":"DESNATP14u0001cL","height_m":4.735,"ground_m":241.736,"height_source":"LoD1 solid top minus bottom","production":"2023","laser":"2017","footprints":"2020"},"geometry":{"type":"Polygon","coordinates":[[[13.953644904964824,51.03452911457283],[13.953608227459418,51.034529523557985],[13.95361651920185,51.034583743207065],[13.953654288918555,51.03458106883091],[13.953644904964824,51.03452911457283]]]}},{"type":"Feature","id":"DESNATPU1000CsVN","properties":{"id":"DESNATPU1000CsVN","height_m":2.604,"ground_m":242.574,"height_source":"LoD1 solid top minus bottom","production":"2023","laser":"2017","footprints":"2020"},"geometry":{"type":"Polygon","coordinates":[[[13.950210805484453,51.03601936810318],[13.950210782088787,51.036070896400474],[13.950267312047936,51.036068706391795],[13.950299549468117,51.03606854633621],[13.950292461132065,51.03601614480837],[13.950210805484453,51.03601936810318]]]}},{"type":"Feature","id":"DESNATPU1000IsHL","properties":{"id":"DESNATPU1000IsHL","height_m":2.243,"ground_m":241.528,"height_source":"LoD1 solid top minus bottom","production":"2023","laser":"2017","footprints":"2020"},"geometry":{"type":"Polygon","coordinates":[[[13.9499867498228,51.03677607412075],[13.95000845734738,51.03680639490559],[13.950137938676658,51.03676969872754],[13.950101026605802,51.036717928529384],[13.950022789110987,51.03674024705255],[13.950037852991562,51.03676160530868],[13.9499867498228,51.03677607412075]]]}},{"type":"Feature","id":"UUID_7c88e230-c097-4b07-9698-b404b1774f6a","properties":{"id":"UUID_7c88e230-c097-4b07-9698-b404b1774f6a","height_m":4.23,"ground_m":242.852,"height_source":"LoD1 solid top minus bottom","production":"2023","laser":"2017","footprints":"2020"},"geometry":{"type":"Polygon","coordinates":[[[13.95164677676516,51.035385455075954],[13.951606159251952,51.035390414395145],[13.951606331844774,51.03539098248738],[13.951612300283392,51.035410910030265],[13.951652929030239,51.03540608570106],[13.95169467326782,51.03540112748043],[13.951688509768388,51.035380361865386],[13.95164677676516,51.035385455075954]]]}},{"type":"Feature","id":"UUID_8dc086e7-e5b3-4b24-be9a-d55c328e27f5","properties":{"id":"UUID_8dc086e7-e5b3-4b24-be9a-d55c328e27f5","height_m":9.321,"ground_m":242.852,"height_source":"LoD1 solid top minus bottom","production":"2023","laser":"2017","footprints":"2020"},"geometry":{"type":"Polygon","coordinates":[[[13.951606159251952,51.035390414395145],[13.951688509768388,51.035380361865386],[13.951688443947988,51.035380118470435],[13.951759661881978,51.03537167464584],[13.951744493654356,51.03532079244442],[13.95173473438924,51.035288088163426],[13.951407824022183,51.035326611797935],[13.951417724700356,51.03535999183256],[13.95143300569858,51.035411549545934],[13.951606331844774,51.03539098248738],[13.951606159251952,51.035390414395145]]]}},{"type":"Feature","id":"UUID_6f44d40a-c559-4476-a2e7-870f17febcff","properties":{"id":"UUID_6f44d40a-c559-4476-a2e7-870f17febcff","height_m":2.667,"ground_m":239.195,"height_source":"LoD1 solid top minus bottom","production":"2023","laser":"2017","footprints":"2020"},"geometry":{"type":"Polygon","coordinates":[[[13.955818333782242,51.036368617452325],[13.955729321268976,51.03636917096862],[13.955729887411305,51.03641378009208],[13.955783779203765,51.03641347929571],[13.955783612942735,51.03640310916373],[13.955819132414303,51.03640288698445],[13.955818333782242,51.036368617452325]]]}},{"type":"Feature","id":"UUID_e40545c5-6b94-445d-9a96-2bcdbcdab2e6","properties":{"id":"UUID_e40545c5-6b94-445d-9a96-2bcdbcdab2e6","height_m":3.009,"ground_m":239.195,"height_source":"LoD1 solid top minus bottom","production":"2023","laser":"2017","footprints":"2020"},"geometry":{"type":"Polygon","coordinates":[[[13.955729887411305,51.03641378009208],[13.95567889140527,51.03641406177833],[13.955612175846703,51.03641442777396],[13.955612835984496,51.03646246397767],[13.955784580906398,51.03646157071942],[13.955783779203765,51.03641347929571],[13.955729887411305,51.03641378009208]]]}},{"type":"Feature","id":"UUID_ca76f23f-2efa-43fc-b6ac-71c67c7c3b7e","properties":{"id":"UUID_ca76f23f-2efa-43fc-b6ac-71c67c7c3b7e","height_m":2.61,"ground_m":239.195,"height_source":"LoD1 solid top minus bottom","production":"2023","laser":"2017","footprints":"2020"},"geometry":{"type":"Polygon","coordinates":[[[13.95567889140527,51.03641406177833],[13.955677251714018,51.036384218156975],[13.95561177701799,51.0363845862486],[13.955612175846703,51.03641442777396],[13.95567889140527,51.03641406177833]]]}},{"type":"Feature","id":"DESNATPU1000E4kZ","properties":{"id":"DESNATPU1000E4kZ","height_m":5.442,"ground_m":241.902,"height_source":"LoD1 solid top minus bottom","production":"2023","laser":"2017","footprints":"2020"},"geometry":{"type":"Polygon","coordinates":[[[13.958203556171545,51.03645546320799],[13.958070059769266,51.036461647071],[13.958082715208171,51.036571471498306],[13.958216354525192,51.03656528889404],[13.958203556171545,51.03645546320799]]]}},{"type":"Feature","id":"DESNATPU1000Fqa5","properties":{"id":"DESNATPU1000Fqa5","height_m":3.958,"ground_m":243.547,"height_source":"LoD1 solid top minus bottom","production":"2023","laser":"2017","footprints":"2020"},"geometry":{"type":"Polygon","coordinates":[[[13.9581445932032,51.03734836752024],[13.958231169229583,51.037348419930495],[13.958241827471932,51.03724204076058],[13.958158875182017,51.03723941276627],[13.9581445932032,51.03734836752024]]]}},{"type":"Feature","id":"DESNATPU1000HrTM","properties":{"id":"DESNATPU1000HrTM","height_m":4.226,"ground_m":242.765,"height_source":"LoD1 solid top minus bottom","production":"2023","laser":"2017","footprints":"2020"},"geometry":{"type":"Polygon","coordinates":[[[13.95810789742589,51.036726910939116],[13.958108744398611,51.036738114468],[13.958111963762773,51.0367809037113],[13.95821387769572,51.03677749578437],[13.958209393519462,51.03672304965341],[13.95810789742589,51.036726910939116]]]}},{"type":"Feature","id":"DESNATPU1000JXdI","properties":{"id":"DESNATPU1000JXdI","height_m":2.686,"ground_m":241.761,"height_source":"LoD1 solid top minus bottom","production":"2023","laser":"2017","footprints":"2020"},"geometry":{"type":"Polygon","coordinates":[[[13.952705846870384,51.035168828474085],[13.952796001015571,51.035142837992055],[13.952756567129843,51.03508897769059],[13.952666415094926,51.0351148782335],[13.952705846870384,51.035168828474085]]]}},{"type":"Feature","id":"DESNATP14u0001cO","properties":{"id":"DESNATP14u0001cO","height_m":2.663,"ground_m":240.625,"height_source":"LoD1 solid top minus bottom","production":"2023","laser":"2017","footprints":"2020"},"geometry":{"type":"Polygon","coordinates":[[[13.955399458269957,51.036427814171056],[13.955285956206632,51.03642964123292],[13.955288843525022,51.03646868660968],[13.955399857556811,51.036465875079514],[13.955399725886112,51.03645714193741],[13.955399458269957,51.036427814171056]]]}},{"type":"Feature","id":"DESNATPU1000HNt7","properties":{"id":"DESNATPU1000HNt7","height_m":5.1,"ground_m":249.665,"height_source":"LoD1 solid top minus bottom","production":"2023","laser":"2017","footprints":"2020"},"geometry":{"type":"Polygon","coordinates":[[[13.947713976617882,51.03726587961164],[13.94775563046666,51.03723415053771],[13.947522241764636,51.03709760704705],[13.947469485325339,51.037128336764276],[13.947713976617882,51.03726587961164]]]}},{"type":"Feature","id":"UUID_9d8b0804-5fa8-4009-96a8-68cea5d6753e","properties":{"id":"UUID_9d8b0804-5fa8-4009-96a8-68cea5d6753e","height_m":6.982,"ground_m":243.879,"height_source":"LoD1 solid top minus bottom","production":"2023","laser":"2017","footprints":"2020"},"geometry":{"type":"Polygon","coordinates":[[[13.958316911412323,51.036799205516104],[13.958318477538416,51.03681904849631],[13.958344268956896,51.03681823523828],[13.958348535821756,51.03687220280974],[13.95840726949401,51.03687035224361],[13.958462777348174,51.0368686077884],[13.958457949338461,51.036807854684625],[13.95845596000138,51.036782711203095],[13.958453623750504,51.03675332005014],[13.958398130092386,51.03675507361989],[13.958339396565652,51.03675692418231],[13.958342688559695,51.036798392131224],[13.958316911412323,51.036799205516104]]]}},{"type":"Feature","id":"UUID_55c224e5-3b1c-4ba7-9fb5-9d905fc7235d","properties":{"id":"UUID_55c224e5-3b1c-4ba7-9fb5-9d905fc7235d","height_m":3.342,"ground_m":243.879,"height_source":"LoD1 solid top minus bottom","production":"2023","laser":"2017","footprints":"2020"},"geometry":{"type":"Polygon","coordinates":[[[13.958457949338461,51.036807854684625],[13.958507462627457,51.036806290591564],[13.958505473062043,51.03678115610168],[13.95845596000138,51.036782711203095],[13.958457949338461,51.036807854684625]]]}},{"type":"Feature","id":"DESNATPU1000IXEX","properties":{"id":"DESNATPU1000IXEX","height_m":6.412,"ground_m":239.354,"height_source":"LoD1 solid top minus bottom","production":"2023","laser":"2017","footprints":"2020"},"geometry":{"type":"Polygon","coordinates":[[[13.95712367593666,51.03643180240402],[13.957235028322629,51.036433605433125],[13.957237475562854,51.03636905929684],[13.957126263912798,51.036367347453066],[13.95712367593666,51.03643180240402]]]}},{"type":"Feature","id":"DESNATPU1000EABo","properties":{"id":"DESNATPU1000EABo","height_m":5.167,"ground_m":256.672,"height_source":"LoD1 solid top minus bottom","production":"2023","laser":"2017","footprints":"2020"},"geometry":{"type":"Polygon","coordinates":[[[13.946179722722311,51.03493821659903],[13.946187453219789,51.034867783051766],[13.94609131402431,51.034861970014795],[13.94608441537441,51.03490201551997],[13.94603923528158,51.03490061883609],[13.946000012869426,51.03505781827932],[13.94611415208971,51.03506235488361],[13.94618774737737,51.03506859409653],[13.94619843363401,51.034999895829735],[13.946320930784744,51.03500693564853],[13.946333122012508,51.03494733362969],[13.946179722722311,51.03493821659903]]]}},{"type":"Feature","id":"DESNATP14u0001cR","properties":{"id":"DESNATP14u0001cR","height_m":2.499,"ground_m":245.648,"height_source":"LoD1 solid top minus bottom","production":"2023","laser":"2017","footprints":"2020"},"geometry":{"type":"Polygon","coordinates":[[[13.958599280089688,51.03732134141433],[13.958536648972348,51.03732078325783],[13.958534355487451,51.037423082347715],[13.958596262994648,51.03742220420901],[13.958599280089688,51.03732134141433]]]}},{"type":"Feature","id":"DESNATP14u0001cK","properties":{"id":"DESNATP14u0001cK","height_m":7.33,"ground_m":238.787,"height_source":"LoD1 solid top minus bottom","production":"2023","laser":"2017","footprints":"2020"},"geometry":{"type":"Polygon","coordinates":[[[13.954403090683323,51.03484961338078],[13.954338724991395,51.03479193342923],[13.953846183707139,51.034997380050655],[13.953917240044936,51.03505940971144],[13.954403090683323,51.03484961338078]]]}},{"type":"Feature","id":"UUID_778806b2-8a45-413e-ae9e-d39f06800e13","properties":{"id":"UUID_778806b2-8a45-413e-ae9e-d39f06800e13","height_m":5.168,"ground_m":240.525,"height_source":"LoD1 solid top minus bottom","production":"2023","laser":"2017","footprints":"2020"},"geometry":{"type":"Polygon","coordinates":[[[13.951685388774857,51.036229097364355],[13.95168540100587,51.03622918740166],[13.9516208813023,51.03623148627346],[13.9516228746942,51.03625249325305],[13.951627334950201,51.036299439490634],[13.951830466733995,51.03629181927163],[13.951826005258901,51.03624491799523],[13.951824010761058,51.03622395597325],[13.951739647079311,51.0362270841051],[13.951685388774857,51.036229097364355]]]}},{"type":"Feature","id":"UUID_76f6ba03-3d37-47e5-931c-566f1c4bb0b0","properties":{"id":"UUID_76f6ba03-3d37-47e5-931c-566f1c4bb0b0","height_m":2.377,"ground_m":240.525,"height_source":"LoD1 solid top minus bottom","production":"2023","laser":"2017","footprints":"2020"},"geometry":{"type":"Polygon","coordinates":[[[13.951739647079311,51.0362270841051],[13.951739647485072,51.03622706612322],[13.951738034539686,51.036210055342806],[13.9516839347371,51.036211998081086],[13.951685388774857,51.036229097364355],[13.951739647079311,51.0362270841051]]]}},{"type":"Feature","id":"DESNATPU1000Jf2K","properties":{"id":"DESNATPU1000Jf2K","height_m":2.531,"ground_m":242.53,"height_source":"LoD1 solid top minus bottom","production":"2023","laser":"2017","footprints":"2020"},"geometry":{"type":"Polygon","coordinates":[[[13.950210782088787,51.036070896400474],[13.950207926055128,51.03607105059865],[13.950210720613061,51.03609886332764],[13.950269966074357,51.03609642792929],[13.950267312047936,51.036068706391795],[13.950210782088787,51.036070896400474]]]}},{"type":"Feature","id":"DESNATP1Zw0000Ec","properties":{"id":"DESNATP1Zw0000Ec","height_m":3.0,"ground_m":242.667,"height_source":"LoD1 solid top minus bottom","production":"2023","laser":"2017","footprints":"2020"},"geometry":{"type":"Polygon","coordinates":[[[13.956094135462248,51.037872187928166],[13.955560429842631,51.037839910315455],[13.95547141629966,51.03792284624327],[13.95608081517592,51.037959703310314],[13.956094135462248,51.037872187928166]]]}},{"type":"Feature","id":"DESNATPU1000Gu9Z","properties":{"id":"DESNATPU1000Gu9Z","height_m":8.522,"ground_m":241.627,"height_source":"LoD1 solid top minus bottom","production":"2023","laser":"2017","footprints":"2020"},"geometry":{"type":"Polygon","coordinates":[[[13.950390484583322,51.03616594536676],[13.950341062104973,51.03616918848055],[13.950298353954228,51.036171952320686],[13.95030160031903,51.03619176555027],[13.950303317246435,51.036202257536374],[13.950309507364434,51.03624012768878],[13.950445063387573,51.03623118343435],[13.950439384688657,51.03619655527572],[13.950433907748879,51.0361630979873],[13.950426625053362,51.03616348221541],[13.950390484583322,51.03616594536676]]]}},{"type":"Feature","id":"DESNATP14u0001bs","properties":{"id":"DESNATP14u0001bs","height_m":5.892,"ground_m":243.556,"height_source":"LoD1 solid top minus bottom","production":"2023","laser":"2017","footprints":"2020"},"geometry":{"type":"Polygon","coordinates":[[[13.95547141629966,51.03792284624327],[13.955459386705282,51.03799667713174],[13.955457899676157,51.03800571954205],[13.955456410220355,51.03801486984366],[13.955441204243948,51.03810816862495],[13.955529612227618,51.03811371599382],[13.956051714438946,51.038146456623565],[13.956066331578617,51.038052648912846],[13.956068248550856,51.03804033697417],[13.956069165424786,51.03803444591928],[13.95608081517592,51.037959703310314],[13.95547141629966,51.03792284624327]]]}},{"type":"Feature","id":"DESNATPU1000EnXR","properties":{"id":"DESNATPU1000EnXR","height_m":7.149,"ground_m":240.005,"height_source":"LoD1 solid top minus bottom","production":"2023","laser":"2017","footprints":"2020"},"geometry":{"type":"Polygon","coordinates":[[[13.952335728477527,51.03587117257776],[13.952236288143322,51.03592306851591],[13.952273168942257,51.035951006952885],[13.952323228959733,51.035989045495874],[13.952324909725412,51.03599040947814],[13.952424066938024,51.03593842099939],[13.952335728477527,51.03587117257776]]]}},{"type":"Feature","id":"UUID_c69f2d54-9a88-4248-86c0-a22387c67ecd","properties":{"id":"UUID_c69f2d54-9a88-4248-86c0-a22387c67ecd","height_m":8.9,"ground_m":245.718,"height_source":"LoD1 solid top minus bottom","production":"2023","laser":"2017","footprints":"2020"},"geometry":{"type":"Polygon","coordinates":[[[13.949372101168205,51.035864169544396],[13.948771113328473,51.03588754157889],[13.948780889898527,51.03598746714475],[13.949381824428308,51.03596398666398],[13.949372101168205,51.035864169544396]]]}},{"type":"Feature","id":"UUID_cd76751d-6476-43ed-b3d6-4d8fcdd7baf2","properties":{"id":"UUID_cd76751d-6476-43ed-b3d6-4d8fcdd7baf2","height_m":3.768,"ground_m":245.718,"height_source":"LoD1 solid top minus bottom","production":"2023","laser":"2017","footprints":"2020"},"geometry":{"type":"Polygon","coordinates":[[[13.948889550193135,51.0360552427841],[13.948882330432328,51.0359835055504],[13.948780889898527,51.03598746714475],[13.948787908237758,51.03605927451531],[13.948889550193135,51.0360552427841]]]}},{"type":"Feature","id":"DESNATPU1000AzeJ","properties":{"id":"DESNATPU1000AzeJ","height_m":3.547,"ground_m":240.452,"height_source":"LoD1 solid top minus bottom","production":"2023","laser":"2017","footprints":"2020"},"geometry":{"type":"Polygon","coordinates":[[[13.95379026258214,51.03469203389391],[13.953809453533761,51.034764507485264],[13.953890696588099,51.03474149392024],[13.953875962114257,51.0346801213305],[13.953872961558055,51.034680364251805],[13.95379026258214,51.03469203389391]]]}},{"type":"Feature","id":"UUID_1f53338d-2746-46b7-9a6a-b80c3d5941a8","properties":{"id":"UUID_1f53338d-2746-46b7-9a6a-b80c3d5941a8","height_m":3.988,"ground_m":250.155,"height_source":"LoD1 solid top minus bottom","production":"2023","laser":"2017","footprints":"2020"},"geometry":{"type":"Polygon","coordinates":[[[13.947570742636202,51.03573743930404],[13.947544472114886,51.035732346616804],[13.947526678287646,51.03576859804782],[13.947553148056487,51.03577371051895],[13.947570742636202,51.03573743930404]]]}},{"type":"Feature","id":"UUID_0895cac4-f56b-48f3-bc40-23bb6f144a4a","properties":{"id":"UUID_0895cac4-f56b-48f3-bc40-23bb6f144a4a","height_m":6.813,"ground_m":250.155,"height_source":"LoD1 solid top minus bottom","production":"2023","laser":"2017","footprints":"2020"},"geometry":{"type":"Polygon","coordinates":[[[13.94774152679938,51.03564662161613],[13.94762565027364,51.035624265295],[13.947570742636202,51.03573743930404],[13.94756570062909,51.03574783449064],[13.947634104862155,51.03576103139723],[13.94768153485686,51.035770181496225],[13.94774152679938,51.03564662161613]]]}},{"type":"Feature","id":"UUID_fb2ad991-35af-4f61-b0f9-973bc8c9c718","properties":{"id":"UUID_fb2ad991-35af-4f61-b0f9-973bc8c9c718","height_m":5.73,"ground_m":250.155,"height_source":"LoD1 solid top minus bottom","production":"2023","laser":"2017","footprints":"2020"},"geometry":{"type":"Polygon","coordinates":[[[13.947582943299015,51.035866235588145],[13.94762153806412,51.03578690730461],[13.947526678287646,51.03576859804782],[13.947470017992783,51.035757665118005],[13.947463584823375,51.03577091646085],[13.947431523831629,51.035836949294946],[13.947582943299015,51.035866235588145]]]}},{"type":"Feature","id":"UUID_e47c8351-4fdc-49ed-b702-09db099e1e94","properties":{"id":"UUID_e47c8351-4fdc-49ed-b702-09db099e1e94","height_m":4.256,"ground_m":250.155,"height_source":"LoD1 solid top minus bottom","production":"2023","laser":"2017","footprints":"2020"},"geometry":{"type":"Polygon","coordinates":[[[13.947463584823375,51.03577091646085],[13.947428226763627,51.03576403327155],[13.947415653739036,51.03579017888387],[13.947447322614176,51.03579621949966],[13.947427874349946,51.03583624196612],[13.947431523831629,51.035836949294946],[13.947463584823375,51.03577091646085]]]}},{"type":"Feature","id":"UUID_f28170d8-e8f2-44fe-ace7-f6959d2aa942","properties":{"id":"UUID_f28170d8-e8f2-44fe-ace7-f6959d2aa942","height_m":3.977,"ground_m":250.155,"height_source":"LoD1 solid top minus bottom","production":"2023","laser":"2017","footprints":"2020"},"geometry":{"type":"Polygon","coordinates":[[[13.94762153806412,51.03578690730461],[13.947634104862155,51.03576103139723],[13.94756570062909,51.03574783449064],[13.947553148056487,51.03577371051895],[13.94762153806412,51.03578690730461]]]}},{"type":"Feature","id":"DESNATPU1000Ee1e","properties":{"id":"DESNATPU1000Ee1e","height_m":4.406,"ground_m":253.08,"height_source":"LoD1 solid top minus bottom","production":"2023","laser":"2017","footprints":"2020"},"geometry":{"type":"Polygon","coordinates":[[[13.946727827671882,51.03678766335074],[13.946798768236077,51.036873374235455],[13.946806763617705,51.03705545974414],[13.946995301593061,51.0369934001265],[13.946804278218918,51.0367624532409],[13.946727827671882,51.03678766335074]]]}},{"type":"Feature","id":"UUID_1d773d02-d4d5-40c3-a5b3-c84b3c445cb0","properties":{"id":"UUID_1d773d02-d4d5-40c3-a5b3-c84b3c445cb0","height_m":4.084,"ground_m":254.149,"height_source":"LoD1 solid top minus bottom","production":"2023","laser":"2017","footprints":"2020"},"geometry":{"type":"Polygon","coordinates":[[[13.945452092308784,51.034873739163295],[13.945470885499935,51.03484378299879],[13.94537833359421,51.03482696762591],[13.94536231338466,51.03486670595026],[13.945452092308784,51.034873739163295]]]}},{"type":"Feature","id":"UUID_5ac3f933-5f15-46c1-aefb-cd28d68ea8d9","properties":{"id":"UUID_5ac3f933-5f15-46c1-aefb-cd28d68ea8d9","height_m":2.99,"ground_m":254.149,"height_source":"LoD1 solid top minus bottom","production":"2023","laser":"2017","footprints":"2020"},"geometry":{"type":"Polygon","coordinates":[[[13.94536231338466,51.03486670595026],[13.945346383398503,51.03490623825296],[13.945649149809675,51.03493244148146],[13.945651838334358,51.034889390403265],[13.945452092308784,51.034873739163295],[13.94536231338466,51.03486670595026]]]}},{"type":"Feature","id":"UUID_a49729b7-c376-442b-ab49-6e8bd7e0dbcc","properties":{"id":"UUID_a49729b7-c376-442b-ab49-6e8bd7e0dbcc","height_m":6.744,"ground_m":254.149,"height_source":"LoD1 solid top minus bottom","production":"2023","laser":"2017","footprints":"2020"},"geometry":{"type":"Polygon","coordinates":[[[13.945424012988726,51.03483526652115],[13.945463423518852,51.03475153983585],[13.945412580914038,51.03474199832242],[13.94537833359421,51.03482696762591],[13.945424012988726,51.03483526652115]]]}},{"type":"Feature","id":"DESNATPU1000E1fy","properties":{"id":"DESNATPU1000E1fy","height_m":2.36,"ground_m":243.361,"height_source":"LoD1 solid top minus bottom","production":"2023","laser":"2017","footprints":"2020"},"geometry":{"type":"Polygon","coordinates":[[[13.958383050562157,51.036554859450554],[13.958382878866317,51.036491908648266],[13.958311592180568,51.03649194767281],[13.958311652118825,51.036554789566274],[13.958383050562157,51.036554859450554]]]}},{"type":"Feature","id":"DESNATPU1000Hcn7","properties":{"id":"DESNATPU1000Hcn7","height_m":4.099,"ground_m":241.857,"height_source":"LoD1 solid top minus bottom","production":"2023","laser":"2017","footprints":"2020"},"geometry":{"type":"Polygon","coordinates":[[[13.953608227459418,51.034529523557985],[13.953480264820309,51.03453719055685],[13.953490173629836,51.03460382571154],[13.953618421639451,51.03459616125665],[13.953608227459418,51.034529523557985]]]}},{"type":"Feature","id":"DESNATP14u0001cQ","properties":{"id":"DESNATP14u0001cQ","height_m":5.066,"ground_m":242.34,"height_source":"LoD1 solid top minus bottom","production":"2023","laser":"2017","footprints":"2020"},"geometry":{"type":"Polygon","coordinates":[[[13.958117609147774,51.03661885967075],[13.958086591138109,51.03662059749577],[13.958091357418903,51.03666309477921],[13.95812355158154,51.036661700170924],[13.958117609147774,51.03661885967075]]]}},{"type":"Feature","id":"DESNATP14u0001fJ","properties":{"id":"DESNATP14u0001fJ","height_m":4.563,"ground_m":240.757,"height_source":"LoD1 solid top minus bottom","production":"2023","laser":"2017","footprints":"2020"},"geometry":{"type":"Polygon","coordinates":[[[13.953231929746952,51.03508285014495],[13.953185184348682,51.035047098859735],[13.953129234748177,51.03507296441564],[13.953180968286425,51.03512153911693],[13.953231929746952,51.03508285014495]]]}},{"type":"Feature","id":"DESNATP1Zw0000B1","properties":{"id":"DESNATP1Zw0000B1","height_m":4.645,"ground_m":256.097,"height_source":"LoD1 solid top minus bottom","production":"2023","laser":"2017","footprints":"2020"},"geometry":{"type":"Polygon","coordinates":[[[13.946572684931926,51.037073412723416],[13.94648391329988,51.03699409667526],[13.946369553705741,51.03704497184602],[13.946458325237165,51.0371242879798],[13.946572684931926,51.037073412723416]]]}},{"type":"Feature","id":"DESNATP1Zw0000CS","properties":{"id":"DESNATP1Zw0000CS","height_m":4.95,"ground_m":242.732,"height_source":"LoD1 solid top minus bottom","production":"2023","laser":"2017","footprints":"2020"},"geometry":{"type":"Polygon","coordinates":[[[13.957968577691535,51.03729787756182],[13.957895140566684,51.03729707882028],[13.957893557248166,51.03735494205419],[13.957966993657708,51.03735577676109],[13.957968577691535,51.03729787756182]]]}},{"type":"Feature","id":"DESNATPU1000GjaN","properties":{"id":"DESNATPU1000GjaN","height_m":6.871,"ground_m":241.228,"height_source":"LoD1 solid top minus bottom","production":"2023","laser":"2017","footprints":"2020"},"geometry":{"type":"Polygon","coordinates":[[[13.950357621065777,51.03690080814446],[13.950514300943874,51.03684079482299],[13.950459393888906,51.03678373725807],[13.950302716166116,51.036843660597874],[13.950357621065777,51.03690080814446]]]}},{"type":"Feature","id":"DESNATPU1000CVwC","properties":{"id":"DESNATPU1000CVwC","height_m":3.139,"ground_m":242.133,"height_source":"LoD1 solid top minus bottom","production":"2023","laser":"2017","footprints":"2020"},"geometry":{"type":"Polygon","coordinates":[[[13.950090536066076,51.03658887813054],[13.950078932866957,51.03655954741844],[13.949992155536721,51.036574774843],[13.950005471918388,51.03660403102941],[13.950090536066076,51.03658887813054]]]}},{"type":"Feature","id":"UUID_5cb37870-30d5-4909-a25a-02a31197119a","properties":{"id":"UUID_5cb37870-30d5-4909-a25a-02a31197119a","height_m":5.961,"ground_m":240.926,"height_source":"LoD1 solid top minus bottom","production":"2023","laser":"2017","footprints":"2020"},"geometry":{"type":"Polygon","coordinates":[[[13.951447023361455,51.03652760466293],[13.951359589844802,51.036553600536955],[13.951383964950473,51.0365858334816],[13.951471268551161,51.03655990836569],[13.951447023361455,51.03652760466293]]]}},{"type":"Feature","id":"UUID_134980f3-fccb-443f-86f8-ab7312e42592","properties":{"id":"UUID_134980f3-fccb-443f-86f8-ab7312e42592","height_m":7.267,"ground_m":240.926,"height_source":"LoD1 solid top minus bottom","production":"2023","laser":"2017","footprints":"2020"},"geometry":{"type":"Polygon","coordinates":[[[13.951352457531305,51.03647781751777],[13.95132587600316,51.0364422374454],[13.951225074795383,51.036472177984784],[13.95108056418407,51.03651509834265],[13.951154969923506,51.03661444370776],[13.951359589844802,51.036553600536955],[13.951400082921014,51.03654156288465],[13.951352457531305,51.03647781751777]]]}},{"type":"Feature","id":"UUID_93c77038-d3fe-42dd-97d2-9fd3e7ff6f3d","properties":{"id":"UUID_93c77038-d3fe-42dd-97d2-9fd3e7ff6f3d","height_m":2.631,"ground_m":240.926,"height_source":"LoD1 solid top minus bottom","production":"2023","laser":"2017","footprints":"2020"},"geometry":{"type":"Polygon","coordinates":[[[13.951141411371886,51.03644426897167],[13.951077511949022,51.03646329964076],[13.951088450489033,51.03647787616402],[13.95105929768784,51.036486697173345],[13.951066704887525,51.036496592745124],[13.951159684422052,51.0364688033517],[13.951141411371886,51.03644426897167]]]}},{"type":"Feature","id":"UUID_320c8f32-1280-4dce-b4e7-5f316525284f","properties":{"id":"UUID_320c8f32-1280-4dce-b4e7-5f316525284f","height_m":3.0,"ground_m":240.926,"height_source":"LoD1 solid top minus bottom","production":"2023","laser":"2017","footprints":"2020"},"geometry":{"type":"Polygon","coordinates":[[[13.951211092391366,51.03645343748785],[13.951159684422052,51.0364688033517],[13.951066704887525,51.036496592745124],[13.95108056418407,51.03651509834265],[13.951225074795383,51.036472177984784],[13.951211092391366,51.03645343748785]]]}},{"type":"Feature","id":"UUID_d3f7bbcb-c728-4fac-8f5d-edf498a79151","properties":{"id":"UUID_d3f7bbcb-c728-4fac-8f5d-edf498a79151","height_m":4.519,"ground_m":240.926,"height_source":"LoD1 solid top minus bottom","production":"2023","laser":"2017","footprints":"2020"},"geometry":{"type":"Polygon","coordinates":[[[13.951399183209638,51.0364638933591],[13.951352457531305,51.03647781751777],[13.951400082921014,51.03654156288465],[13.951447023361455,51.03652760466293],[13.951399183209638,51.0364638933591]]]}},{"type":"Feature","id":"UUID_44dd1f58-5c64-4776-9d7f-dbb5291b2788","properties":{"id":"UUID_44dd1f58-5c64-4776-9d7f-dbb5291b2788","height_m":2.886,"ground_m":240.926,"height_source":"LoD1 solid top minus bottom","production":"2023","laser":"2017","footprints":"2020"},"geometry":{"type":"Polygon","coordinates":[[[13.951426544086223,51.0365003347195],[13.951467039331058,51.036488198143196],[13.951439762974722,51.036451802514485],[13.951399183209638,51.0364638933591],[13.951426544086223,51.0365003347195]]]}},{"type":"Feature","id":"DESNATPU1000Cr6H","properties":{"id":"DESNATPU1000Cr6H","height_m":2.808,"ground_m":247.292,"height_source":"LoD1 solid top minus bottom","production":"2023","laser":"2017","footprints":"2020"},"geometry":{"type":"Polygon","coordinates":[[[13.94975732887763,51.03573831646431],[13.949758484518316,51.03575028722048],[13.949762196118593,51.03575014072256],[13.949816731372607,51.0357478430783],[13.949815594009236,51.03573506313866],[13.94975732887763,51.03573831646431]]]}},{"type":"Feature","id":"UUID_17154d57-d254-49c2-bf15-29af1b861c90","properties":{"id":"UUID_17154d57-d254-49c2-bf15-29af1b861c90","height_m":1.995,"ground_m":240.282,"height_source":"LoD1 solid top minus bottom","production":"2023","laser":"2017","footprints":"2020"},"geometry":{"type":"Polygon","coordinates":[[[13.951904122362398,51.036225330986504],[13.95190567303014,51.036257116306246],[13.951976645240798,51.03625772584938],[13.95197838795438,51.03622599704502],[13.951904122362398,51.036225330986504]]]}},{"type":"Feature","id":"UUID_5717d2e1-0d72-413e-9672-93b6a79022cd","properties":{"id":"UUID_5717d2e1-0d72-413e-9672-93b6a79022cd","height_m":4.419,"ground_m":240.282,"height_source":"LoD1 solid top minus bottom","production":"2023","laser":"2017","footprints":"2020"},"geometry":{"type":"Polygon","coordinates":[[[13.95197838795438,51.03622599704502],[13.951976645240798,51.03625772584938],[13.951972936539647,51.036325390065514],[13.952019897617458,51.03632630581986],[13.952020040216834,51.03632630709869],[13.952059271801925,51.036327180497764],[13.952063462259447,51.036248270660074],[13.952024198164574,51.036247576825794],[13.95202414112492,51.03624757631427],[13.951999922253833,51.036246972431016],[13.951998637021811,51.03622617864266],[13.95197838795438,51.03622599704502]]]}},{"type":"Feature","id":"DESNATPU1000I8bX","properties":{"id":"DESNATPU1000I8bX","height_m":2.974,"ground_m":239.881,"height_source":"LoD1 solid top minus bottom","production":"2023","laser":"2017","footprints":"2020"},"geometry":{"type":"Polygon","coordinates":[[[13.952139599093504,51.03604899943544],[13.952198403997318,51.03614197226591],[13.952307703019327,51.0361146250486],[13.952248901985339,51.03602147245283],[13.952139599093504,51.03604899943544]]]}},{"type":"Feature","id":"UUID_2aa45b6b-ece0-483e-b573-a2342acf007c","properties":{"id":"UUID_2aa45b6b-ece0-483e-b573-a2342acf007c","height_m":8.94,"ground_m":247.382,"height_source":"LoD1 solid top minus bottom","production":"2023","laser":"2017","footprints":"2020"},"geometry":{"type":"Polygon","coordinates":[[[13.944832568187033,51.03542359380585],[13.945026865167273,51.03541801894758],[13.945022569727941,51.035367251993954],[13.944831394968931,51.03536975253344],[13.944832568187033,51.03542359380585]]]}},{"type":"Feature","id":"UUID_a3d6bb24-afc9-4fd5-bf54-6885943581ea","properties":{"id":"UUID_a3d6bb24-afc9-4fd5-bf54-6885943581ea","height_m":7.18,"ground_m":247.382,"height_source":"LoD1 solid top minus bottom","production":"2023","laser":"2017","footprints":"2020"},"geometry":{"type":"Polygon","coordinates":[[[13.945026865167273,51.03541801894758],[13.94494120558546,51.0354204739971],[13.944942754761005,51.03544018213446],[13.94498771140028,51.0354388793945],[13.945028530702059,51.03543762921379],[13.945026865167273,51.03541801894758]]]}},{"type":"Feature","id":"UUID_b1462e45-6360-4bf4-9f31-73f43f38df65","properties":{"id":"UUID_b1462e45-6360-4bf4-9f31-73f43f38df65","height_m":6.337,"ground_m":247.382,"height_source":"LoD1 solid top minus bottom","production":"2023","laser":"2017","footprints":"2020"},"geometry":{"type":"Polygon","coordinates":[[[13.944832568187033,51.03542359380585],[13.944832648633522,51.03542758731896],[13.944906140170461,51.03555145173723],[13.944971352434749,51.035537472236214],[13.944956371582133,51.03550001701849],[13.944883975473502,51.03542211553995],[13.944832568187033,51.03542359380585]]]}},{"type":"Feature","id":"UUID_35ac8fca-0ed1-4ca7-84d4-12700a77e544","properties":{"id":"UUID_35ac8fca-0ed1-4ca7-84d4-12700a77e544","height_m":8.131,"ground_m":243.087,"height_source":"LoD1 solid top minus bottom","production":"2023","laser":"2017","footprints":"2020"},"geometry":{"type":"Polygon","coordinates":[[[13.948450308731548,51.036714597022126],[13.948418299208022,51.036636620537976],[13.94834998398035,51.03664777728934],[13.94814785852618,51.036680778087515],[13.948176734697393,51.03675916708908],[13.948450308731548,51.036714597022126]]]}},{"type":"Feature","id":"UUID_29dba390-c1f0-4477-ab35-76e1936ea8b7","properties":{"id":"UUID_29dba390-c1f0-4477-ab35-76e1936ea8b7","height_m":3.911,"ground_m":243.087,"height_source":"LoD1 solid top minus bottom","production":"2023","laser":"2017","footprints":"2020"},"geometry":{"type":"Polygon","coordinates":[[[13.948418299208022,51.036636620537976],[13.948397319837438,51.03658552373998],[13.948329035032113,51.036596599817905],[13.94834998398035,51.03664777728934],[13.948418299208022,51.036636620537976]]]}},{"type":"Feature","id":"DESNATPU1000FqLJ","properties":{"id":"DESNATPU1000FqLJ","height_m":8.812,"ground_m":248.969,"height_source":"LoD1 solid top minus bottom","production":"2023","laser":"2017","footprints":"2020"},"geometry":{"type":"Polygon","coordinates":[[[13.949126297804533,51.03733578255941],[13.949253072466355,51.03705311109794],[13.949113014539412,51.03702766115683],[13.948985391622568,51.03730996513058],[13.949126297804533,51.03733578255941]]]}},{"type":"Feature","id":"DESNATP1Zw0000CV","properties":{"id":"DESNATP1Zw0000CV","height_m":5.073,"ground_m":243.068,"height_source":"LoD1 solid top minus bottom","production":"2023","laser":"2017","footprints":"2020"},"geometry":{"type":"Polygon","coordinates":[[[13.958111963762773,51.0367809037113],[13.958118122780569,51.03681408792498],[13.958131197951277,51.036813628962264],[13.958217323936548,51.036810808685324],[13.95821387769572,51.03677749578437],[13.958111963762773,51.0367809037113]]]}},{"type":"Feature","id":"DESNATP1Zw0000CB","properties":{"id":"DESNATP1Zw0000CB","height_m":2.638,"ground_m":241.474,"height_source":"LoD1 solid top minus bottom","production":"2023","laser":"2017","footprints":"2020"},"geometry":{"type":"Polygon","coordinates":[[[13.950537692443852,51.03689697581579],[13.950509077534228,51.03687250133874],[13.950415167860243,51.036916154078746],[13.950443782746598,51.036940628578485],[13.950537692443852,51.03689697581579]]]}},{"type":"Feature","id":"DESNATP1Zw0000Ee","properties":{"id":"DESNATP1Zw0000Ee","height_m":2.421,"ground_m":243.449,"height_source":"LoD1 solid top minus bottom","production":"2023","laser":"2017","footprints":"2020"},"geometry":{"type":"Polygon","coordinates":[[[13.955529612227618,51.03811371599382],[13.955521378928077,51.03816588130504],[13.95603404795138,51.03822933787468],[13.956051714438946,51.038146456623565],[13.955529612227618,51.03811371599382]]]}},{"type":"Feature","id":"DESNATPU1000IbqR","properties":{"id":"DESNATPU1000IbqR","height_m":6.274,"ground_m":241.136,"height_source":"LoD1 solid top minus bottom","production":"2023","laser":"2017","footprints":"2020"},"geometry":{"type":"Polygon","coordinates":[[[13.951189767207559,51.03589443611742],[13.951104020111195,51.03590832469711],[13.951058212118214,51.03591573722504],[13.951068758229678,51.035941371322174],[13.951021375528255,51.03594903948377],[13.951039360535598,51.03599263594745],[13.951218137685766,51.03596447454493],[13.951189767207559,51.03589443611742]]]}},{"type":"Feature","id":"DESNATPU1000Idgm","properties":{"id":"DESNATPU1000Idgm","height_m":8.219,"ground_m":241.202,"height_source":"LoD1 solid top minus bottom","production":"2023","laser":"2017","footprints":"2020"},"geometry":{"type":"Polygon","coordinates":[[[13.95306567623671,51.03487825933575],[13.953038879274402,51.034883864550025],[13.953047200626846,51.03490003614138],[13.953079188169916,51.03496219290027],[13.953282366644668,51.03492057796519],[13.953241914845744,51.03484224840538],[13.953134881875082,51.03486413120903],[13.95306567623671,51.03487825933575]]]}},{"type":"Feature","id":"UUID_0abc8c39-b991-4bdd-86c6-4f3abbfd2ca4","properties":{"id":"UUID_0abc8c39-b991-4bdd-86c6-4f3abbfd2ca4","height_m":3.252,"ground_m":244.784,"height_source":"LoD1 solid top minus bottom","production":"2023","laser":"2017","footprints":"2020"},"geometry":{"type":"Polygon","coordinates":[[[13.94968008356788,51.03615209848082],[13.949733747443872,51.03615051246277],[13.949730614186667,51.036106150001274],[13.949676851559227,51.036107690166375],[13.94968008356788,51.03615209848082]]]}},{"type":"Feature","id":"UUID_901dfa6a-1104-43d5-8c92-aeae8075ec86","properties":{"id":"UUID_901dfa6a-1104-43d5-8c92-aeae8075ec86","height_m":2.667,"ground_m":244.784,"height_source":"LoD1 solid top minus bottom","production":"2023","laser":"2017","footprints":"2020"},"geometry":{"type":"Polygon","coordinates":[[[13.949676851559227,51.036107690166375],[13.949601310086125,51.03610984389491],[13.94961078878724,51.036239424823094],[13.949686284641958,51.03623740556919],[13.949676851559227,51.036107690166375]]]}},{"type":"Feature","id":"UUID_256ad9af-7ce2-49a0-b24a-bef307066e8c","properties":{"id":"UUID_256ad9af-7ce2-49a0-b24a-bef307066e8c","height_m":6.416,"ground_m":247.166,"height_source":"LoD1 solid top minus bottom","production":"2023","laser":"2017","footprints":"2020"},"geometry":{"type":"Polygon","coordinates":[[[13.945169994125866,51.03544484145831],[13.945170512956974,51.03541570959056],[13.945073683968896,51.035415105295826],[13.945073289943029,51.035444391166976],[13.945169994125866,51.03544484145831]]]}},{"type":"Feature","id":"UUID_e8a3d392-9a97-4ea5-9673-a9f932485d9c","properties":{"id":"UUID_e8a3d392-9a97-4ea5-9673-a9f932485d9c","height_m":6.405,"ground_m":247.166,"height_source":"LoD1 solid top minus bottom","production":"2023","laser":"2017","footprints":"2020"},"geometry":{"type":"Polygon","coordinates":[[[13.945179820336199,51.035502034197776],[13.945180404680654,51.03544489046607],[13.945169994125866,51.03544484145831],[13.945073289943029,51.035444391166976],[13.945071579945045,51.03557057116776],[13.945179104012949,51.03557127200312],[13.945179820336199,51.035502034197776]]]}},{"type":"Feature","id":"UUID_bbc690a7-c7b1-4679-8d90-07756c509800","properties":{"id":"UUID_bbc690a7-c7b1-4679-8d90-07756c509800","height_m":6.117,"ground_m":247.166,"height_source":"LoD1 solid top minus bottom","production":"2023","laser":"2017","footprints":"2020"},"geometry":{"type":"Polygon","coordinates":[[[13.945179820336199,51.035502034197776],[13.945251978265736,51.035502505655536],[13.94525270817974,51.03544522834621],[13.945180404680654,51.03544489046607],[13.945179820336199,51.035502034197776]]]}},{"type":"Feature","id":"UUID_7952908e-aada-41b0-a88a-e8331b48dd8e","properties":{"id":"UUID_7952908e-aada-41b0-a88a-e8331b48dd8e","height_m":4.064,"ground_m":263.896,"height_source":"LoD1 solid top minus bottom","production":"2023","laser":"2017","footprints":"2020"},"geometry":{"type":"Polygon","coordinates":[[[13.944982683932418,51.03648298359958],[13.94496123033631,51.03645419293072],[13.944942276524303,51.036459777175125],[13.944963844394971,51.03648855988642],[13.944982683932418,51.03648298359958]]]}},{"type":"Feature","id":"UUID_5eb143f0-f1a3-42fe-bb30-267de1d91ccf","properties":{"id":"UUID_5eb143f0-f1a3-42fe-bb30-267de1d91ccf","height_m":5.563,"ground_m":263.896,"height_source":"LoD1 solid top minus bottom","production":"2023","laser":"2017","footprints":"2020"},"geometry":{"type":"Polygon","coordinates":[[[13.944789578157083,51.03646229230502],[13.94479735595976,51.03647276716163],[13.944822954707258,51.03650744058437],[13.944827939213544,51.03651405030763],[13.944927880788198,51.03648446722351],[13.944937020979701,51.036496501126074],[13.944963844394971,51.03648855988642],[13.944942276524303,51.036459777175125],[13.944916085126025,51.03642481965196],[13.944898116666842,51.03640083559358],[13.944771753165602,51.03643827355164],[13.944789578157083,51.03646229230502]]]}},{"type":"Feature","id":"DESNATPU1000Iyjw","properties":{"id":"DESNATPU1000Iyjw","height_m":2.764,"ground_m":240.522,"height_source":"LoD1 solid top minus bottom","production":"2023","laser":"2017","footprints":"2020"},"geometry":{"type":"Polygon","coordinates":[[[13.951706096104822,51.03565338690262],[13.95177984155675,51.035678328871775],[13.951804762758414,51.035649056165454],[13.95182496652681,51.03562531665041],[13.951730594684527,51.035591646562644],[13.951711121490991,51.03561650771738],[13.951680223099753,51.0356559425571],[13.951698916098945,51.03566186561355],[13.951706096104822,51.03565338690262]]]}},{"type":"Feature","id":"DESNATPU1000IYad","properties":{"id":"DESNATPU1000IYad","height_m":2.709,"ground_m":242.06,"height_source":"LoD1 solid top minus bottom","production":"2023","laser":"2017","footprints":"2020"},"geometry":{"type":"Polygon","coordinates":[[[13.953055726737794,51.03485775663464],[13.95306567623671,51.03487825933575],[13.953134881875082,51.03486413120903],[13.953124781649565,51.03484398687391],[13.953055726737794,51.03485775663464]]]}},{"type":"Feature","id":"DESNATPU1000EZLq","properties":{"id":"DESNATPU1000EZLq","height_m":4.209,"ground_m":246.984,"height_source":"LoD1 solid top minus bottom","production":"2023","laser":"2017","footprints":"2020"},"geometry":{"type":"Polygon","coordinates":[[[13.944906140170461,51.03555145173723],[13.94488105914834,51.03555680079426],[13.944930011021784,51.035624508638286],[13.945041087131294,51.03560069142883],[13.945011527607353,51.03554574857414],[13.944971352434749,51.035537472236214],[13.944906140170461,51.03555145173723]]]}},{"type":"Feature","id":"DESNATP14u0001cH","properties":{"id":"DESNATP14u0001cH","height_m":5.256,"ground_m":235.02,"height_source":"LoD1 solid top minus bottom","production":"2023","laser":"2017","footprints":"2020"},"geometry":{"type":"Polygon","coordinates":[[[13.958966758826197,51.0338714789727],[13.958786046776538,51.033954095096725],[13.95886931674751,51.034026931946464],[13.959049996906018,51.033945745258436],[13.958966758826197,51.0338714789727]]]}},{"type":"Feature","id":"DESNATPU1000Fwbz","properties":{"id":"DESNATPU1000Fwbz","height_m":7.814,"ground_m":241.589,"height_source":"LoD1 solid top minus bottom","production":"2023","laser":"2017","footprints":"2020"},"geometry":{"type":"Polygon","coordinates":[[[13.950321794983507,51.036529535092015],[13.950156040771738,51.0365638462664],[13.95019070684191,51.03663295229428],[13.950355997721468,51.03660021963412],[13.950321794983507,51.036529535092015]]]}},{"type":"Feature","id":"DESNATPU1000F6Bw","properties":{"id":"DESNATPU1000F6Bw","height_m":7.462,"ground_m":247.565,"height_source":"LoD1 solid top minus bottom","production":"2023","laser":"2017","footprints":"2020"},"geometry":{"type":"Polygon","coordinates":[[[13.94559400912683,51.03528256279155],[13.945576065357256,51.03530588098686],[13.945649719409154,51.035328397967895],[13.94564428419596,51.03533536328326],[13.945669637488315,51.0353431459526],[13.945675072698654,51.03533618063606],[13.945734277939465,51.03535434060271],[13.945752221649066,51.03533102238294],[13.945768225538005,51.0353102226193],[13.945610013069267,51.03526176304975],[13.94559400912683,51.03528256279155]]]}},{"type":"Feature","id":"DESNATPU1000J2OW","properties":{"id":"DESNATPU1000J2OW","height_m":3.571,"ground_m":247.829,"height_source":"LoD1 solid top minus bottom","production":"2023","laser":"2017","footprints":"2020"},"geometry":{"type":"Polygon","coordinates":[[[13.944956371582133,51.03550001701849],[13.944961663988058,51.0354993453795],[13.94498771140028,51.0354388793945],[13.944942754761005,51.03544018213446],[13.94494120558546,51.0354204739971],[13.944883975473502,51.03542211553995],[13.944956371582133,51.03550001701849]]]}},{"type":"Feature","id":"DESNATPU1000DJF0","properties":{"id":"DESNATPU1000DJF0","height_m":6.362,"ground_m":241.189,"height_source":"LoD1 solid top minus bottom","production":"2023","laser":"2017","footprints":"2020"},"geometry":{"type":"Polygon","coordinates":[[[13.950671181318269,51.036740315684234],[13.950792729786848,51.03668223471437],[13.950736735464725,51.036635419260406],[13.950614901849487,51.03669349761172],[13.950671181318269,51.036740315684234]]]}},{"type":"Feature","id":"UUID_09642061-8fe5-4ece-805d-6a5881f165e0","properties":{"id":"UUID_09642061-8fe5-4ece-805d-6a5881f165e0","height_m":8.23,"ground_m":252.078,"height_source":"LoD1 solid top minus bottom","production":"2023","laser":"2017","footprints":"2020"},"geometry":{"type":"Polygon","coordinates":[[[13.946824548571835,51.035327283397336],[13.946778245554016,51.03529990578404],[13.946648828543552,51.035431328576465],[13.946702235053976,51.035452385406984],[13.946755047803613,51.03547321204224],[13.946870767105638,51.03535461526678],[13.946824548571835,51.035327283397336]]]}},{"type":"Feature","id":"UUID_de5ff65c-c35a-419a-8363-997f692b2350","properties":{"id":"UUID_de5ff65c-c35a-419a-8363-997f692b2350","height_m":13.311,"ground_m":252.078,"height_source":"LoD1 solid top minus bottom","production":"2023","laser":"2017","footprints":"2020"},"geometry":{"type":"Polygon","coordinates":[[[13.946805756148336,51.03513263655926],[13.946826163441516,51.035096876410634],[13.946866113434218,51.035108792150886],[13.946866158250977,51.03510870262713],[13.946686380898639,51.03505519407593],[13.946666233562956,51.035096469107145],[13.946643902368454,51.0351422208305],[13.946782838877356,51.03517278952843],[13.946805756148336,51.03513263655926]]]}},{"type":"Feature","id":"UUID_fb0f564d-686c-4238-a077-b0286ef780c3","properties":{"id":"UUID_fb0f564d-686c-4238-a077-b0286ef780c3","height_m":10.753,"ground_m":252.078,"height_source":"LoD1 solid top minus bottom","production":"2023","laser":"2017","footprints":"2020"},"geometry":{"type":"Polygon","coordinates":[[[13.946934689791464,51.03528800640127],[13.946952540716994,51.03529329313808],[13.947023911625656,51.035198217308725],[13.947049898129972,51.03516359551884],[13.946866158250977,51.03510870262713],[13.946866113434218,51.035108792150886],[13.946826163441516,51.035096876410634],[13.94680538518803,51.03513327170205],[13.946782838877356,51.03517278952843],[13.946748544584844,51.035232875824875],[13.946934689791464,51.03528800640127]]]}},{"type":"Feature","id":"UUID_ce60d290-ae24-408b-a72c-975d1a24cce8","properties":{"id":"UUID_ce60d290-ae24-408b-a72c-975d1a24cce8","height_m":6.335,"ground_m":252.078,"height_source":"LoD1 solid top minus bottom","production":"2023","laser":"2017","footprints":"2020"},"geometry":{"type":"Polygon","coordinates":[[[13.946934689791464,51.03528800640127],[13.946875342572358,51.03527043029393],[13.946748544584844,51.035232875824875],[13.946727439043828,51.0352698616744],[13.946778245554016,51.03529990578404],[13.946827081670351,51.03532879003244],[13.946870767105638,51.03535461526678],[13.94688485760639,51.03534018296911],[13.946934689791464,51.03528800640127]]]}},{"type":"Feature","id":"DESNATPU1000BiQz","properties":{"id":"DESNATPU1000BiQz","height_m":4.522,"ground_m":244.504,"height_source":"LoD1 solid top minus bottom","production":"2023","laser":"2017","footprints":"2020"},"geometry":{"type":"Polygon","coordinates":[[[13.956049199502157,51.03911008840064],[13.955844908050839,51.03906725629272],[13.955793348495783,51.039165446073035],[13.955997784957912,51.03920818963721],[13.956049199502157,51.03911008840064]]]}},{"type":"Feature","id":"DESNATPU1000CCjZ","properties":{"id":"DESNATPU1000CCjZ","height_m":2.653,"ground_m":268.513,"height_source":"LoD1 solid top minus bottom","production":"2023","laser":"2017","footprints":"2020"},"geometry":{"type":"Polygon","coordinates":[[[13.945231490159022,51.0336973830936],[13.945131741481944,51.03369989994976],[13.945134430195965,51.033744798119464],[13.9452343215605,51.03374228254864],[13.945231490159022,51.0336973830936]]]}},{"type":"Feature","id":"UUID_6fbc9706-fca3-4cd8-af39-1b3d4650f158","properties":{"id":"UUID_6fbc9706-fca3-4cd8-af39-1b3d4650f158","height_m":6.927,"ground_m":240.658,"height_source":"LoD1 solid top minus bottom","production":"2023","laser":"2017","footprints":"2020"},"geometry":{"type":"Polygon","coordinates":[[[13.953349152828055,51.03620399303068],[13.953353434010342,51.036229211093676],[13.953362538464873,51.03628280853153],[13.95349661943088,51.03627410831693],[13.953483703942931,51.03619530603516],[13.953349152828055,51.03620399303068]]]}},{"type":"Feature","id":"UUID_ade9e521-d77a-4dd4-99ff-7283ff336db4","properties":{"id":"UUID_ade9e521-d77a-4dd4-99ff-7283ff336db4","height_m":7.08,"ground_m":240.658,"height_source":"LoD1 solid top minus bottom","production":"2023","laser":"2017","footprints":"2020"},"geometry":{"type":"Polygon","coordinates":[[[13.953310008920111,51.0362321494681],[13.953318787574911,51.036285645071025],[13.953362538464873,51.03628280853153],[13.953353434010342,51.036229211093676],[13.953310008920111,51.0362321494681]]]}},{"type":"Feature","id":"DESNATP14u0001cI","properties":{"id":"DESNATP14u0001cI","height_m":5.85,"ground_m":239.295,"height_source":"LoD1 solid top minus bottom","production":"2023","laser":"2017","footprints":"2020"},"geometry":{"type":"Polygon","coordinates":[[[13.953692143338978,51.03517624277121],[13.953658013049512,51.03513382408864],[13.953560558294853,51.035162924302504],[13.953598602545785,51.03520823775816],[13.953692143338978,51.03517624277121]]]}},{"type":"Feature","id":"DESNATPU1000Fv0r","properties":{"id":"DESNATPU1000Fv0r","height_m":2.083,"ground_m":258.825,"height_source":"LoD1 solid top minus bottom","production":"2023","laser":"2017","footprints":"2020"},"geometry":{"type":"Polygon","coordinates":[[[13.946049037408022,51.03483946652723],[13.946210794360693,51.03485108714426],[13.946216835125808,51.0348174187572],[13.94605508032829,51.03480570823993],[13.946049037408022,51.03483946652723]]]}},{"type":"Feature","id":"DESNATP14u0001cC","properties":{"id":"DESNATP14u0001cC","height_m":3.385,"ground_m":270.871,"height_source":"LoD1 solid top minus bottom","production":"2023","laser":"2017","footprints":"2020"},"geometry":{"type":"Polygon","coordinates":[[[13.945366207480546,51.03348384277406],[13.945369210924671,51.03343509312028],[13.945262611283038,51.03343472452766],[13.945261531121515,51.033482304493496],[13.945366207480546,51.03348384277406]]]}},{"type":"Feature","id":"DESNATPU1000HguX","properties":{"id":"DESNATPU1000HguX","height_m":2.355,"ground_m":245.298,"height_source":"LoD1 solid top minus bottom","production":"2023","laser":"2017","footprints":"2020"},"geometry":{"type":"Polygon","coordinates":[[[13.949377415534322,51.036095870803685],[13.949465445327276,51.03608829894128],[13.949447500786777,51.03600513445485],[13.949359471148892,51.03601270630475],[13.949377415534322,51.036095870803685]]]}},{"type":"Feature","id":"DESNATPU1000EiI4","properties":{"id":"DESNATPU1000EiI4","height_m":7.002,"ground_m":255.835,"height_source":"LoD1 solid top minus bottom","production":"2023","laser":"2017","footprints":"2020"},"geometry":{"type":"Polygon","coordinates":[[[13.946504730898264,51.03511510306916],[13.946456166604065,51.03523148122372],[13.94653673297245,51.035244797418514],[13.946585297079737,51.035128419229636],[13.946504730898264,51.03511510306916]]]}},{"type":"Feature","id":"UUID_d7a571dd-653c-47ef-affb-5abd10120848","properties":{"id":"UUID_d7a571dd-653c-47ef-affb-5abd10120848","height_m":13.55,"ground_m":241.418,"height_source":"LoD1 solid top minus bottom","production":"2023","laser":"2017","footprints":"2020"},"geometry":{"type":"Polygon","coordinates":[[[13.950443782746598,51.036940628578485],[13.95042839075921,51.036927468823826],[13.950415167860243,51.036916154078746],[13.950345399122291,51.03694934918208],[13.950272508707108,51.036968568435874],[13.950281804108963,51.036982635672125],[13.950291099516392,51.036996702907665],[13.95036387385583,51.03697757252723],[13.950443782746598,51.036940628578485]]]}},{"type":"Feature","id":"UUID_d7643b10-5193-47ea-98cf-6c5c544f3c64","properties":{"id":"UUID_d7643b10-5193-47ea-98cf-6c5c544f3c64","height_m":18.837,"ground_m":241.418,"height_source":"LoD1 solid top minus bottom","production":"2023","laser":"2017","footprints":"2020"},"geometry":{"type":"Polygon","coordinates":[[[13.950262165096277,51.0369529180503],[13.950190998048127,51.03697161316878],[13.950219960932568,51.037015398299495],[13.950291099516392,51.036996702907665],[13.950262165096277,51.0369529180503]]]}},{"type":"Feature","id":"DESNATPU1000HNtm","properties":{"id":"DESNATPU1000HNtm","height_m":6.709,"ground_m":240.76,"height_source":"LoD1 solid top minus bottom","production":"2023","laser":"2017","footprints":"2020"},"geometry":{"type":"Polygon","coordinates":[[[13.951877434357968,51.03567039133733],[13.95193405201115,51.035695899005724],[13.951953077092584,51.03568078194546],[13.951989744733456,51.035699186238766],[13.952062504337473,51.035641385812305],[13.951910478206246,51.03556493287097],[13.95183743739832,51.035622550826275],[13.951898924170159,51.03565349784072],[13.951877434357968,51.03567039133733]]]}},{"type":"Feature","id":"UUID_a0e41b6f-0efe-4628-9888-f752a86228b3","properties":{"id":"UUID_a0e41b6f-0efe-4628-9888-f752a86228b3","height_m":6.977,"ground_m":239.645,"height_source":"LoD1 solid top minus bottom","production":"2023","laser":"2017","footprints":"2020"},"geometry":{"type":"Polygon","coordinates":[[[13.956897341315797,51.036539673777256],[13.956895591723557,51.03657122272652],[13.956895620243627,51.0365712229811],[13.956891568849684,51.03664366841393],[13.956946028137374,51.036644784008644],[13.956959870616007,51.036645087417206],[13.957027856647217,51.03664659349012],[13.957033632392344,51.0365589566963],[13.95703438797217,51.03655897243259],[13.957038670550501,51.03648257224604],[13.956969830167706,51.03648101358931],[13.956900676069978,51.036479452091754],[13.956897184455519,51.0365396723771],[13.956897341315797,51.036539673777256]]]}},{"type":"Feature","id":"UUID_7898bf41-276e-4c13-b220-b089ee897f96","properties":{"id":"UUID_7898bf41-276e-4c13-b220-b089ee897f96","height_m":3.062,"ground_m":239.645,"height_source":"LoD1 solid top minus bottom","production":"2023","laser":"2017","footprints":"2020"},"geometry":{"type":"Polygon","coordinates":[[[13.956857985865337,51.036570347478836],[13.956895591723557,51.03657122272652],[13.956897341315797,51.036539673777256],[13.956897184455519,51.0365396723771],[13.956859835303241,51.03653879942132],[13.956858444691994,51.03656261780614],[13.956857985865337,51.036570347478836]]]}},{"type":"Feature","id":"UUID_a2fc6a36-2e4c-4944-aaea-a171d85bc0ad","properties":{"id":"UUID_a2fc6a36-2e4c-4944-aaea-a171d85bc0ad","height_m":5.626,"ground_m":239.645,"height_source":"LoD1 solid top minus bottom","production":"2023","laser":"2017","footprints":"2020"},"geometry":{"type":"Polygon","coordinates":[[[13.957057786748116,51.03662851539587],[13.957061614540445,51.03655966506384],[13.95703438797217,51.03655897243259],[13.957033632392344,51.0365589566963],[13.957027856647217,51.03664659349012],[13.957057786748116,51.03662851539587]]]}},{"type":"Feature","id":"UUID_51a71e48-a3dd-495e-b6bf-be8cb48b27e7","properties":{"id":"UUID_51a71e48-a3dd-495e-b6bf-be8cb48b27e7","height_m":5.793,"ground_m":259.609,"height_source":"LoD1 solid top minus bottom","production":"2023","laser":"2017","footprints":"2020"},"geometry":{"type":"Polygon","coordinates":[[[13.9448494241531,51.0361759905725],[13.944815099183634,51.03618767698098],[13.944854431496728,51.03623308586544],[13.944889882100044,51.03622333405973],[13.9448494241531,51.0361759905725]]]}},{"type":"Feature","id":"UUID_930f9474-4ee7-442b-a177-c203134834f3","properties":{"id":"UUID_930f9474-4ee7-442b-a177-c203134834f3","height_m":7.373,"ground_m":259.609,"height_source":"LoD1 solid top minus bottom","production":"2023","laser":"2017","footprints":"2020"},"geometry":{"type":"Polygon","coordinates":[[[13.944889882100044,51.03622333405973],[13.944999135127734,51.03618565157454],[13.944984203772357,51.03617112835431],[13.944939112988267,51.03611550570205],[13.944829167507521,51.0361522826025],[13.944849596496674,51.03617593817207],[13.9448494241531,51.0361759905725],[13.944889882100044,51.03622333405973]]]}},{"type":"Feature","id":"UUID_2856705b-435d-4d2b-8586-250bd52c7c2c","properties":{"id":"UUID_2856705b-435d-4d2b-8586-250bd52c7c2c","height_m":3.488,"ground_m":241.87,"height_source":"LoD1 solid top minus bottom","production":"2023","laser":"2017","footprints":"2020"},"geometry":{"type":"Polygon","coordinates":[[[13.952277950062728,51.03509395002906],[13.952246688928604,51.03517100747016],[13.952287707773461,51.03521148294438],[13.952358681707516,51.035281516372535],[13.952471626196877,51.035233455392415],[13.952369721455355,51.03514171499768],[13.952309780996533,51.03508775163523],[13.952277950062728,51.03509395002906]]]}},{"type":"Feature","id":"UUID_15e74fa1-2436-4d5d-801f-1e1850732ba0","properties":{"id":"UUID_15e74fa1-2436-4d5d-801f-1e1850732ba0","height_m":10.063,"ground_m":241.87,"height_source":"LoD1 solid top minus bottom","production":"2023","laser":"2017","footprints":"2020"},"geometry":{"type":"Polygon","coordinates":[[[13.952306781512277,51.035042410231],[13.95233095374463,51.03508363392661],[13.95273472655655,51.03500504139083],[13.952698457491424,51.03494619147125],[13.952627709291574,51.03496356988585],[13.952306781512277,51.035042410231]]]}},{"type":"Feature","id":"UUID_0cf98b8e-c04b-4d5c-9247-130da38bf869","properties":{"id":"UUID_0cf98b8e-c04b-4d5c-9247-130da38bf869","height_m":2.87,"ground_m":241.87,"height_source":"LoD1 solid top minus bottom","production":"2023","laser":"2017","footprints":"2020"},"geometry":{"type":"Polygon","coordinates":[[[13.952287707773461,51.03521148294438],[13.9522360311891,51.03523251230932],[13.952286577564907,51.03531219170814],[13.952358681707516,51.035281516372535],[13.952287707773461,51.03521148294438]]]}},{"type":"Feature","id":"UUID_37c67892-3384-4d29-9e18-de5c35ad8611","properties":{"id":"UUID_37c67892-3384-4d29-9e18-de5c35ad8611","height_m":9.22,"ground_m":241.87,"height_source":"LoD1 solid top minus bottom","production":"2023","laser":"2017","footprints":"2020"},"geometry":{"type":"Polygon","coordinates":[[[13.952755420573972,51.03503860796697],[13.95273472655655,51.03500504139083],[13.95233095374463,51.03508363392661],[13.952309780996533,51.03508775163523],[13.952369721455355,51.03514171499768],[13.952755420573972,51.03503860796697]]]}},{"type":"Feature","id":"UUID_bef060d2-15b5-4225-a947-965dbda6b58e","properties":{"id":"UUID_bef060d2-15b5-4225-a947-965dbda6b58e","height_m":3.733,"ground_m":246.729,"height_source":"LoD1 solid top minus bottom","production":"2023","laser":"2017","footprints":"2020"},"geometry":{"type":"Polygon","coordinates":[[[13.959016656111428,51.03686714021264],[13.959083106546968,51.03686462963461],[13.959078686882247,51.036818079752095],[13.95907596315433,51.03678941357447],[13.959009527287707,51.03679191528517],[13.959016656111428,51.03686714021264]]]}},{"type":"Feature","id":"UUID_f26c5597-6ca3-4d5f-b86e-17cc44463ee5","properties":{"id":"UUID_f26c5597-6ca3-4d5f-b86e-17cc44463ee5","height_m":9.648,"ground_m":246.729,"height_source":"LoD1 solid top minus bottom","production":"2023","laser":"2017","footprints":"2020"},"geometry":{"type":"Polygon","coordinates":[[[13.959078686882247,51.036818079752095],[13.959192059008664,51.03681381081043],[13.959185932633682,51.03674921526269],[13.959072574723162,51.03675349331737],[13.959078686882247,51.036818079752095]]]}},{"type":"Feature","id":"DESNATPU1000Fv0y","properties":{"id":"DESNATPU1000Fv0y","height_m":4.278,"ground_m":245.174,"height_source":"LoD1 solid top minus bottom","production":"2023","laser":"2017","footprints":"2020"},"geometry":{"type":"Polygon","coordinates":[[[13.948020930915217,51.03607494440143],[13.948085259269117,51.03608739392143],[13.948108155810381,51.03603993839729],[13.948043821407907,51.036027758617976],[13.948020930915217,51.03607494440143]]]}},{"type":"Feature","id":"UUID_42ce198a-0f78-4bf7-ad79-5cd0c0413a73","properties":{"id":"UUID_42ce198a-0f78-4bf7-ad79-5cd0c0413a73","height_m":6.016,"ground_m":244.718,"height_source":"LoD1 solid top minus bottom","production":"2023","laser":"2017","footprints":"2020"},"geometry":{"type":"Polygon","coordinates":[[[13.945698250131349,51.03566420290947],[13.945661242409578,51.03564015510365],[13.945661184554584,51.03564019055272],[13.94565387765936,51.0356353584629],[13.945635215338028,51.035646970599714],[13.94562881095456,51.0356507617174],[13.945604421810163,51.035665217847324],[13.945735591579655,51.03575524979024],[13.945761861224321,51.03573963254634],[13.945789229688343,51.03572335974495],[13.945698293522595,51.03566417632267],[13.945698250131349,51.03566420290947]]]}},{"type":"Feature","id":"UUID_83388d18-ba05-4b21-9341-e3866491305c","properties":{"id":"UUID_83388d18-ba05-4b21-9341-e3866491305c","height_m":4.141,"ground_m":244.718,"height_source":"LoD1 solid top minus bottom","production":"2023","laser":"2017","footprints":"2020"},"geometry":{"type":"Polygon","coordinates":[[[13.945744933647676,51.03558869819258],[13.945661242409578,51.03564015510365],[13.945698250131349,51.03566420290947],[13.945782042618587,51.03561268393617],[13.945744933647676,51.03558869819258]]]}},{"type":"Feature","id":"DESNATPU1000Ikpr","properties":{"id":"DESNATPU1000Ikpr","height_m":3.843,"ground_m":246.232,"height_source":"LoD1 solid top minus bottom","production":"2023","laser":"2017","footprints":"2020"},"geometry":{"type":"Polygon","coordinates":[[[13.950403270417016,51.03548009255519],[13.95046434201893,51.03547254758966],[13.950445083303556,51.0354096051587],[13.950383869185048,51.03541714883391],[13.950403270417016,51.03548009255519]]]}},{"type":"Feature","id":"DESNATPU1000BGl5","properties":{"id":"DESNATPU1000BGl5","height_m":2.71,"ground_m":241.195,"height_source":"LoD1 solid top minus bottom","production":"2023","laser":"2017","footprints":"2020"},"geometry":{"type":"Polygon","coordinates":[[[13.9507937892401,51.03614906361562],[13.950811242751593,51.03619724164805],[13.95090812739273,51.03618282377615],[13.950883291764708,51.03611416592335],[13.950842081211304,51.0361200908723],[13.950849738260017,51.03614102281622],[13.9507937892401,51.03614906361562]]]}},{"type":"Feature","id":"DESNATPU1000FZvm","properties":{"id":"DESNATPU1000FZvm","height_m":3.131,"ground_m":241.006,"height_source":"LoD1 solid top minus bottom","production":"2023","laser":"2017","footprints":"2020"},"geometry":{"type":"Polygon","coordinates":[[[13.951293419050362,51.036282153867184],[13.951307283267335,51.03630802455109],[13.951316097166101,51.03630615221847],[13.951326250186332,51.036322673098915],[13.951407408603087,51.036304849315975],[13.951398001186345,51.03628878477099],[13.95138405826501,51.0362626076379],[13.951374330032648,51.03624432799363],[13.951283469592047,51.03626356647622],[13.951293419050362,51.036282153867184]]]}},{"type":"Feature","id":"DESNATPU1000GBwv","properties":{"id":"DESNATPU1000GBwv","height_m":8.911,"ground_m":244.794,"height_source":"LoD1 solid top minus bottom","production":"2023","laser":"2017","footprints":"2020"},"geometry":{"type":"Polygon","coordinates":[[[13.95805208701532,51.038089624607956],[13.95805204722796,51.03812955206743],[13.95805227826049,51.03815104680203],[13.958052184021213,51.03819340181831],[13.958219639040038,51.03819327605953],[13.958219635223738,51.03816800639592],[13.958219509271197,51.03804642328153],[13.958118094981359,51.03804650835792],[13.958118125259567,51.038089673832566],[13.95805208701532,51.038089624607956]]]}},{"type":"Feature","id":"DESNATPU1000DIM2","properties":{"id":"DESNATPU1000DIM2","height_m":6.475,"ground_m":250.73,"height_source":"LoD1 solid top minus bottom","production":"2023","laser":"2017","footprints":"2020"},"geometry":{"type":"Polygon","coordinates":[[[13.949269446966104,51.03751467671278],[13.949308524514812,51.03742024440726],[13.94917368276468,51.03739744934238],[13.949130402133115,51.03748851648732],[13.949269446966104,51.03751467671278]]]}},{"type":"Feature","id":"UUID_f18f2a17-b9a4-4f64-876c-85b47f4bfddf","properties":{"id":"UUID_f18f2a17-b9a4-4f64-876c-85b47f4bfddf","height_m":3.95,"ground_m":246.366,"height_source":"LoD1 solid top minus bottom","production":"2023","laser":"2017","footprints":"2020"},"geometry":{"type":"Polygon","coordinates":[[[13.95107963230837,51.0348836596628],[13.951211571961029,51.034870464464554],[13.951206555443687,51.03485260478415],[13.951206330488096,51.034851829387826],[13.951134528824383,51.034852677745015],[13.951082742548689,51.034853292051835],[13.95107963230837,51.0348836596628]]]}},{"type":"Feature","id":"UUID_69868a93-114d-426f-8d0e-544a640c2fdd","properties":{"id":"UUID_69868a93-114d-426f-8d0e-544a640c2fdd","height_m":7.207,"ground_m":246.366,"height_source":"LoD1 solid top minus bottom","production":"2023","laser":"2017","footprints":"2020"},"geometry":{"type":"Polygon","coordinates":[[[13.951180075281028,51.03475824889601],[13.951206555443687,51.03485260478415],[13.951336360314261,51.03483920143768],[13.951333844499295,51.03482428685071],[13.951325614929521,51.03477564310281],[13.951320885154239,51.03474760619606],[13.951180075281028,51.03475824889601]]]}},{"type":"Feature","id":"UUID_14c9f2e9-fecd-48d0-9a58-a84b768f8413","properties":{"id":"UUID_14c9f2e9-fecd-48d0-9a58-a84b768f8413","height_m":5.071,"ground_m":246.366,"height_source":"LoD1 solid top minus bottom","production":"2023","laser":"2017","footprints":"2020"},"geometry":{"type":"Polygon","coordinates":[[[13.951151684344724,51.034920367351624],[13.951222923992015,51.034910934846714],[13.951211571961029,51.034870464464554],[13.951140856321905,51.034877536569816],[13.951151684344724,51.034920367351624]]]}},{"type":"Feature","id":"UUID_5c6f1067-f175-43ae-aedb-e8c78201f283","properties":{"id":"UUID_5c6f1067-f175-43ae-aedb-e8c78201f283","height_m":7.215,"ground_m":246.366,"height_source":"LoD1 solid top minus bottom","production":"2023","laser":"2017","footprints":"2020"},"geometry":{"type":"Polygon","coordinates":[[[13.951180075281028,51.03475824889601],[13.951123014227452,51.03476255686619],[13.951134528824383,51.034852677745015],[13.951206330488096,51.034851829387826],[13.951180075281028,51.03475824889601]]]}},{"type":"Feature","id":"UUID_574d9ba5-480b-4407-9811-a53cea5195db","properties":{"id":"UUID_574d9ba5-480b-4407-9811-a53cea5195db","height_m":7.742,"ground_m":246.366,"height_source":"LoD1 solid top minus bottom","production":"2023","laser":"2017","footprints":"2020"},"geometry":{"type":"Polygon","coordinates":[[[13.951140856321905,51.034877536569816],[13.951084306732529,51.03488318903335],[13.95107963230837,51.0348836596628],[13.951011160851795,51.034890509029076],[13.95102148584958,51.03495750784629],[13.951031217741933,51.03499392595451],[13.951038813240226,51.03503652988874],[13.951117299565983,51.03503209952179],[13.951179048938958,51.035028616002414],[13.951151684344724,51.034920367351624],[13.951140856321905,51.034877536569816]]]}},{"type":"Feature","id":"UUID_280ae54e-db2e-4f02-829d-e88d8d86c76f","properties":{"id":"UUID_280ae54e-db2e-4f02-829d-e88d8d86c76f","height_m":4.046,"ground_m":245.739,"height_source":"LoD1 solid top minus bottom","production":"2023","laser":"2017","footprints":"2020"},"geometry":{"type":"Polygon","coordinates":[[[13.958274976166242,51.03816805009496],[13.958219635223738,51.03816800639592],[13.958219630391223,51.038191117722256],[13.958275028403413,51.03819116192995],[13.958274976166242,51.03816805009496]]]}},{"type":"Feature","id":"UUID_e8cdd801-584d-43b7-b90c-ff3a19126560","properties":{"id":"UUID_e8cdd801-584d-43b7-b90c-ff3a19126560","height_m":5.901,"ground_m":245.739,"height_source":"LoD1 solid top minus bottom","production":"2023","laser":"2017","footprints":"2020"},"geometry":{"type":"Polygon","coordinates":[[[13.958275028403413,51.03819116192995],[13.958219630391223,51.038191117722256],[13.958219639040038,51.03819327605953],[13.958219676855643,51.03822020968502],[13.958219751307471,51.03826458957321],[13.958385063469652,51.038264624328576],[13.958385002112395,51.03822028952145],[13.958384978102341,51.03820482177642],[13.958384854712625,51.03819124162315],[13.958275028403413,51.03819116192995]]]}},{"type":"Feature","id":"DESNATP14u0001bm","properties":{"id":"DESNATP14u0001bm","height_m":4.333,"ground_m":246.467,"height_source":"LoD1 solid top minus bottom","production":"2023","laser":"2017","footprints":"2020"},"geometry":{"type":"Polygon","coordinates":[[[13.945327437045036,51.03565348275222],[13.945317713285121,51.035582972670895],[13.945251244693974,51.035585700072545],[13.945259434983363,51.03565715854439],[13.945327437045036,51.03565348275222]]]}},{"type":"Feature","id":"DESNATPU1000HlMA","properties":{"id":"DESNATPU1000HlMA","height_m":7.667,"ground_m":239.638,"height_source":"LoD1 solid top minus bottom","production":"2023","laser":"2017","footprints":"2020"},"geometry":{"type":"Polygon","coordinates":[[[13.95361851709963,51.03514283189706],[13.9537232501973,51.03510276268721],[13.953645761155807,51.03502239303208],[13.953541170770105,51.03506246345065],[13.95361851709963,51.03514283189706]]]}},{"type":"Feature","id":"DESNATP14u0001cJ","properties":{"id":"DESNATP14u0001cJ","height_m":2.437,"ground_m":235.121,"height_source":"LoD1 solid top minus bottom","production":"2023","laser":"2017","footprints":"2020"},"geometry":{"type":"Polygon","coordinates":[[[13.958673873822024,51.03385744860079],[13.958608249700559,51.03380547019054],[13.958523531423237,51.03384753868511],[13.958584669041079,51.03389733688338],[13.958673873822024,51.03385744860079]]]}},{"type":"Feature","id":"UUID_e809ac2c-5dba-4718-bbdf-ed7124eeb46a","properties":{"id":"UUID_e809ac2c-5dba-4718-bbdf-ed7124eeb46a","height_m":8.501,"ground_m":249.081,"height_source":"LoD1 solid top minus bottom","production":"2023","laser":"2017","footprints":"2020"},"geometry":{"type":"Polygon","coordinates":[[[13.944818154750768,51.035827094814714],[13.944910172694062,51.035756972769086],[13.94481911266979,51.03570956806014],[13.944734565043845,51.03566555840345],[13.944642803899923,51.03573567363853],[13.944818154750768,51.035827094814714]]]}},{"type":"Feature","id":"UUID_869b4fb0-abd1-4558-9f21-08d9e627dfe7","properties":{"id":"UUID_869b4fb0-abd1-4558-9f21-08d9e627dfe7","height_m":7.643,"ground_m":249.081,"height_source":"LoD1 solid top minus bottom","production":"2023","laser":"2017","footprints":"2020"},"geometry":{"type":"Polygon","coordinates":[[[13.94481911266979,51.03570956806014],[13.944859752553239,51.03567855027388],[13.944775176629205,51.03563453139803],[13.944734565043845,51.03566555840345],[13.94481911266979,51.03570956806014]]]}},{"type":"Feature","id":"DESNATPU1000By6Z","properties":{"id":"DESNATPU1000By6Z","height_m":2.435,"ground_m":246.283,"height_source":"LoD1 solid top minus bottom","production":"2023","laser":"2017","footprints":"2020"},"geometry":{"type":"Polygon","coordinates":[[[13.952189806802489,51.036693870602946],[13.952203988603548,51.03680496837726],[13.95226638831751,51.03680184082589],[13.952252208395779,51.03669065314883],[13.952189806802489,51.036693870602946]]]}},{"type":"Feature","id":"UUID_8aaa2e13-8259-499f-b686-92412a4537df","properties":{"id":"UUID_8aaa2e13-8259-499f-b686-92412a4537df","height_m":4.08,"ground_m":242.227,"height_source":"LoD1 solid top minus bottom","production":"2023","laser":"2017","footprints":"2020"},"geometry":{"type":"Polygon","coordinates":[[[13.95821168452019,51.03668449116728],[13.958208712293926,51.036658025976294],[13.95812355158154,51.036661700170924],[13.958091357418903,51.03666309477921],[13.958094340612186,51.0366897039552],[13.95821168452019,51.03668449116728]]]}},{"type":"Feature","id":"UUID_427b1097-3f2f-4328-ad38-909fe855f091","properties":{"id":"UUID_427b1097-3f2f-4328-ad38-909fe855f091","height_m":7.23,"ground_m":242.227,"height_source":"LoD1 solid top minus bottom","production":"2023","laser":"2017","footprints":"2020"},"geometry":{"type":"Polygon","coordinates":[[[13.957984106668599,51.03669460232842],[13.958094340612186,51.0366897039552],[13.958091357418903,51.03666309477921],[13.958086591138109,51.03662059749577],[13.958082324573535,51.03658252910187],[13.95797239316773,51.03658730426222],[13.957984106668599,51.03669460232842]]]}},{"type":"Feature","id":"DESNATPU1000C5DC","properties":{"id":"DESNATPU1000C5DC","height_m":3.068,"ground_m":245.049,"height_source":"LoD1 solid top minus bottom","production":"2023","laser":"2017","footprints":"2020"},"geometry":{"type":"Polygon","coordinates":[[[13.950470536854011,51.03565920298222],[13.950587695679788,51.03564379840455],[13.95055912357049,51.03555748111172],[13.95044211161327,51.03557270712423],[13.950470536854011,51.03565920298222]]]}},{"type":"Feature","id":"DESNATPU1000Dpdy","properties":{"id":"DESNATPU1000Dpdy","height_m":4.697,"ground_m":244.27,"height_source":"LoD1 solid top minus bottom","production":"2023","laser":"2017","footprints":"2020"},"geometry":{"type":"Polygon","coordinates":[[[13.948910370509065,51.036212983199526],[13.948896609908328,51.03608992840809],[13.948791527202827,51.03609473854255],[13.948805574758515,51.036217706000826],[13.948763402216155,51.03621948489483],[13.948776450596984,51.036331139467535],[13.948885103538085,51.03632741361141],[13.94887239241613,51.03621470993234],[13.948910370509065,51.036212983199526]]]}},{"type":"Feature","id":"UUID_0f63025b-6d68-48d0-af96-1394371d98a4","properties":{"id":"UUID_0f63025b-6d68-48d0-af96-1394371d98a4","height_m":5.845,"ground_m":249.971,"height_source":"LoD1 solid top minus bottom","production":"2023","laser":"2017","footprints":"2020"},"geometry":{"type":"Polygon","coordinates":[[[13.94778703076162,51.03714504525391],[13.947944714916812,51.037078659551824],[13.947855761401307,51.0369946756741],[13.947697947233348,51.037061141020665],[13.94778703076162,51.03714504525391]]]}},{"type":"Feature","id":"UUID_957bea4f-ec8a-4235-9c94-8cb63757e307","properties":{"id":"UUID_957bea4f-ec8a-4235-9c94-8cb63757e307","height_m":6.91,"ground_m":249.971,"height_source":"LoD1 solid top minus bottom","production":"2023","laser":"2017","footprints":"2020"},"geometry":{"type":"Polygon","coordinates":[[[13.947697947233348,51.037061141020665],[13.947643355228553,51.03708412950734],[13.947695724877104,51.03713343178096],[13.947750302450832,51.03711045213273],[13.947697947233348,51.037061141020665]]]}},{"type":"Feature","id":"DESNATPU1000JOZr","properties":{"id":"DESNATPU1000JOZr","height_m":5.503,"ground_m":257.79,"height_source":"LoD1 solid top minus bottom","production":"2023","laser":"2017","footprints":"2020"},"geometry":{"type":"Polygon","coordinates":[[[13.944939112988267,51.03611550570205],[13.944984203772357,51.03617112835431],[13.945075751614288,51.03614057008822],[13.945026657787517,51.03608536097076],[13.944939112988267,51.03611550570205]]]}},{"type":"Feature","id":"DESNATPU1000GVKF","properties":{"id":"DESNATPU1000GVKF","height_m":6.029,"ground_m":241.15,"height_source":"LoD1 solid top minus bottom","production":"2023","laser":"2017","footprints":"2020"},"geometry":{"type":"Polygon","coordinates":[[[13.95113216321565,51.03662393320074],[13.951077139782047,51.03654926706199],[13.95101510820075,51.036567684969825],[13.951047799525686,51.036610604089205],[13.950968881210487,51.03663530920658],[13.950994833468354,51.03666779919502],[13.95107361328537,51.03664291296182],[13.95113216321565,51.03662393320074]]]}},{"type":"Feature","id":"UUID_0baedb3c-06b3-4550-88fd-a4edd07cd59d","properties":{"id":"UUID_0baedb3c-06b3-4550-88fd-a4edd07cd59d","height_m":5.578,"ground_m":241.77,"height_source":"LoD1 solid top minus bottom","production":"2023","laser":"2017","footprints":"2020"},"geometry":{"type":"Polygon","coordinates":[[[13.949868718941651,51.03669111108787],[13.949777498325973,51.03670728762822],[13.949785655993951,51.03672561624028],[13.94980539191267,51.03676995703979],[13.949805463416247,51.03676994868962],[13.949820254845132,51.03680335482099],[13.949847177603836,51.03679856082073],[13.949904529625941,51.03678843776734],[13.949911618236252,51.036787179529966],[13.949868718941651,51.03669111108787]]]}},{"type":"Feature","id":"UUID_5178ae71-426e-4350-a1e4-f035d7e5ea26","properties":{"id":"UUID_5178ae71-426e-4350-a1e4-f035d7e5ea26","height_m":5.516,"ground_m":241.77,"height_source":"LoD1 solid top minus bottom","production":"2023","laser":"2017","footprints":"2020"},"geometry":{"type":"Polygon","coordinates":[[[13.949785655993951,51.03672561624028],[13.949686975302056,51.03674307457978],[13.949706652263746,51.03678749580103],[13.94980539191267,51.03676995703979],[13.949785655993951,51.03672561624028]]]}},{"type":"Feature","id":"UUID_f04687bd-48ba-4079-a192-0fe8af87ccf2","properties":{"id":"UUID_f04687bd-48ba-4079-a192-0fe8af87ccf2","height_m":6.493,"ground_m":244.132,"height_source":"LoD1 solid top minus bottom","production":"2023","laser":"2017","footprints":"2020"},"geometry":{"type":"Polygon","coordinates":[[[13.950368264052972,51.03588625983632],[13.950357686465296,51.0358494114214],[13.950272456861953,51.03585364581653],[13.95027717913068,51.03589082833058],[13.950368264052972,51.03588625983632]]]}},{"type":"Feature","id":"UUID_ee08b186-3097-4fa0-9d5d-c3cb1372a1a3","properties":{"id":"UUID_ee08b186-3097-4fa0-9d5d-c3cb1372a1a3","height_m":2.821,"ground_m":244.132,"height_source":"LoD1 solid top minus bottom","production":"2023","laser":"2017","footprints":"2020"},"geometry":{"type":"Polygon","coordinates":[[[13.950197772930606,51.03575159954035],[13.95020492455283,51.03581886667597],[13.95020963051057,51.03585676846732],[13.950272456861953,51.03585364581653],[13.950357686465296,51.0358494114214],[13.950346988681838,51.035812202215254],[13.950327035136542,51.035742769747856],[13.950197772930606,51.03575159954035]]]}},{"type":"Feature","id":"UUID_7c5231f0-2b75-40ac-84bd-622db3cc3522","properties":{"id":"UUID_7c5231f0-2b75-40ac-84bd-622db3cc3522","height_m":6.109,"ground_m":244.132,"height_source":"LoD1 solid top minus bottom","production":"2023","laser":"2017","footprints":"2020"},"geometry":{"type":"Polygon","coordinates":[[[13.950394191007936,51.03580999131164],[13.950346988681838,51.035812202215254],[13.950368264052972,51.03588625983632],[13.950404832343624,51.035884421035334],[13.950394191007936,51.03580999131164]]]}},{"type":"Feature","id":"UUID_4603c5f2-100e-4081-9d22-733fdb7b2ab2","properties":{"id":"UUID_4603c5f2-100e-4081-9d22-733fdb7b2ab2","height_m":3.102,"ground_m":241.203,"height_source":"LoD1 solid top minus bottom","production":"2023","laser":"2017","footprints":"2020"},"geometry":{"type":"Polygon","coordinates":[[[13.950841584070522,51.0359526412484],[13.950863590327462,51.036020266521824],[13.950960349851208,51.036005056121375],[13.950969359940128,51.03600396794614],[13.951039360535598,51.03599263594745],[13.951021375528255,51.03594903948377],[13.951009063361148,51.03595108722504],[13.950992857537955,51.035917128979094],[13.950841584070522,51.0359526412484]]]}},{"type":"Feature","id":"UUID_05fe1e85-0950-4019-95c0-33e68914ea18","properties":{"id":"UUID_05fe1e85-0950-4019-95c0-33e68914ea18","height_m":2.837,"ground_m":241.203,"height_source":"LoD1 solid top minus bottom","production":"2023","laser":"2017","footprints":"2020"},"geometry":{"type":"Polygon","coordinates":[[[13.95087559332375,51.036057172649286],[13.950973716373406,51.036044744248535],[13.950960349851208,51.036005056121375],[13.950863590327462,51.036020266521824],[13.95087559332375,51.036057172649286]]]}},{"type":"Feature","id":"DESNATPU1000BaZc","properties":{"id":"DESNATPU1000BaZc","height_m":5.756,"ground_m":240.706,"height_source":"LoD1 solid top minus bottom","production":"2023","laser":"2017","footprints":"2020"},"geometry":{"type":"Polygon","coordinates":[[[13.952201877054344,51.03554533392469],[13.95210702535501,51.035602486697236],[13.952175884014059,51.035648067938915],[13.952265101437247,51.03559410198773],[13.9522707357234,51.03559091511095],[13.952201877054344,51.03554533392469]]]}},{"type":"Feature","id":"DESNATP1Zw0000AR","properties":{"id":"DESNATP1Zw0000AR","height_m":2.671,"ground_m":248.861,"height_source":"LoD1 solid top minus bottom","production":"2023","laser":"2017","footprints":"2020"},"geometry":{"type":"Polygon","coordinates":[[[13.949912653438018,51.035509075010175],[13.94989496051932,51.03546838565187],[13.949722207877365,51.035498235857276],[13.949739900452089,51.03553893423163],[13.949912653438018,51.035509075010175]]]}},{"type":"Feature","id":"DESNATP14u0001bZ","properties":{"id":"DESNATP14u0001bZ","height_m":4.321,"ground_m":246.803,"height_source":"LoD1 solid top minus bottom","production":"2023","laser":"2017","footprints":"2020"},"geometry":{"type":"Polygon","coordinates":[[[13.945785767955678,51.036146797656514],[13.94580895528899,51.03622302264399],[13.945866262706224,51.03621675906344],[13.945841948753355,51.03614052392454],[13.945785767955678,51.036146797656514]]]}},{"type":"Feature","id":"UUID_b016d4fd-aeb1-4c29-8175-0b74df624166","properties":{"id":"UUID_b016d4fd-aeb1-4c29-8175-0b74df624166","height_m":2.777,"ground_m":242.814,"height_source":"LoD1 solid top minus bottom","production":"2023","laser":"2017","footprints":"2020"},"geometry":{"type":"Polygon","coordinates":[[[13.952798093802695,51.034883586519726],[13.952776415029001,51.03484055973554],[13.95258243580505,51.03488343429822],[13.952606889955,51.03492671081328],[13.952680888736753,51.034910018015644],[13.952798093802695,51.034883586519726]]]}},{"type":"Feature","id":"UUID_67c5d15f-90ee-43dc-9b2f-ae5d524a9b9b","properties":{"id":"UUID_67c5d15f-90ee-43dc-9b2f-ae5d524a9b9b","height_m":2.546,"ground_m":242.814,"height_source":"LoD1 solid top minus bottom","production":"2023","laser":"2017","footprints":"2020"},"geometry":{"type":"Polygon","coordinates":[[[13.952606889955,51.03492671081328],[13.952627709291574,51.03496356988585],[13.952698457491424,51.03494619147125],[13.952680888736753,51.034910018015644],[13.952606889955,51.03492671081328]]]}},{"type":"Feature","id":"DESNATPU1000IQBQ","properties":{"id":"DESNATPU1000IQBQ","height_m":5.982,"ground_m":244.341,"height_source":"LoD1 solid top minus bottom","production":"2023","laser":"2017","footprints":"2020"},"geometry":{"type":"Polygon","coordinates":[[[13.958396584268078,51.037161793042905],[13.958596765711475,51.037147830836936],[13.958576625241628,51.03704417175288],[13.958432444326894,51.037054802156064],[13.958435809310007,51.03707457123933],[13.958443711672354,51.03712098132474],[13.958391487035048,51.0371244996301],[13.958389415675612,51.03712464303691],[13.958396584268078,51.037161793042905]]]}},{"type":"Feature","id":"DESNATPU1000H1Jb","properties":{"id":"DESNATPU1000H1Jb","height_m":5.187,"ground_m":245.806,"height_source":"LoD1 solid top minus bottom","production":"2023","laser":"2017","footprints":"2020"},"geometry":{"type":"Polygon","coordinates":[[[13.94987640408014,51.03585899027002],[13.949879809962708,51.035898238298984],[13.949883305947166,51.035938548282815],[13.950012045256917,51.03593457922104],[13.95004701633192,51.035933364666576],[13.950037816624882,51.035822940854544],[13.949895655147373,51.035827598679475],[13.94987325737565,51.03582846754622],[13.94987640408014,51.03585899027002]]]}},{"type":"Feature","id":"DESNATPU1000CwmH","properties":{"id":"DESNATPU1000CwmH","height_m":7.031,"ground_m":240.452,"height_source":"LoD1 solid top minus bottom","production":"2023","laser":"2017","footprints":"2020"},"geometry":{"type":"Polygon","coordinates":[[[13.951837666289144,51.0356945848735],[13.951744733112788,51.035755171809186],[13.951828442686317,51.03580628212613],[13.951921377886116,51.035745605214956],[13.951837666289144,51.0356945848735]]]}},{"type":"Feature","id":"DESNATPU1000CrgK","properties":{"id":"DESNATPU1000CrgK","height_m":9.831,"ground_m":245.142,"height_source":"LoD1 solid top minus bottom","production":"2023","laser":"2017","footprints":"2020"},"geometry":{"type":"Polygon","coordinates":[[[13.94887239241613,51.03621470993234],[13.948885103538085,51.03632741361141],[13.949319136001083,51.03630784571944],[13.949316867881922,51.036288311039904],[13.94930628123122,51.036195140798895],[13.948910370509065,51.036212983199526],[13.94887239241613,51.03621470993234]]]}},{"type":"Feature","id":"DESNATP14u0001bX","properties":{"id":"DESNATP14u0001bX","height_m":6.787,"ground_m":245.883,"height_source":"LoD1 solid top minus bottom","production":"2023","laser":"2017","footprints":"2020"},"geometry":{"type":"Polygon","coordinates":[[[13.945178002687255,51.03564867176063],[13.945070176684037,51.035661259501936],[13.945091164972407,51.035709272480894],[13.945196143365866,51.03569772915515],[13.945178002687255,51.03564867176063]]]}},{"type":"Feature","id":"DESNATPU1000JZ0z","properties":{"id":"DESNATPU1000JZ0z","height_m":5.334,"ground_m":246.472,"height_source":"LoD1 solid top minus bottom","production":"2023","laser":"2017","footprints":"2020"},"geometry":{"type":"Polygon","coordinates":[[[13.949727789467492,51.03575163004699],[13.949734501718186,51.035833254701295],[13.949780758271137,51.03583124237868],[13.949847713850795,51.035828426848845],[13.949843938976583,51.035787206088116],[13.94984057360916,51.03574679835541],[13.949816731372607,51.0357478430783],[13.949762196118593,51.03575014072256],[13.949758484518316,51.03575028722048],[13.949727789467492,51.03575163004699]]]}},{"type":"Feature","id":"DESNATPU1000G5rp","properties":{"id":"DESNATPU1000G5rp","height_m":8.157,"ground_m":243.347,"height_source":"LoD1 solid top minus bottom","production":"2023","laser":"2017","footprints":"2020"},"geometry":{"type":"Polygon","coordinates":[[[13.952359981297397,51.03666778857643],[13.95255412943085,51.03666647141354],[13.952551898190332,51.036550354928075],[13.952357893142297,51.03655167336853],[13.952359981297397,51.03666778857643]]]}},{"type":"Feature","id":"UUID_e9e339f0-bff2-40fa-af15-11169b2ebf77","properties":{"id":"UUID_e9e339f0-bff2-40fa-af15-11169b2ebf77","height_m":4.774,"ground_m":242.879,"height_source":"LoD1 solid top minus bottom","production":"2023","laser":"2017","footprints":"2020"},"geometry":{"type":"Polygon","coordinates":[[[13.957891581826031,51.037430283700964],[13.957964934406245,51.03743104571918],[13.957966993657708,51.03735577676109],[13.957893557248166,51.03735494205419],[13.957891581826031,51.037430283700964]]]}},{"type":"Feature","id":"UUID_4430470c-c47c-4878-8365-6531f5e3b5e1","properties":{"id":"UUID_4430470c-c47c-4878-8365-6531f5e3b5e1","height_m":6.978,"ground_m":242.879,"height_source":"LoD1 solid top minus bottom","production":"2023","laser":"2017","footprints":"2020"},"geometry":{"type":"Polygon","coordinates":[[[13.957968577691535,51.03729787756182],[13.957964934406245,51.03743104571918],[13.958072396427541,51.03743216577407],[13.95807610007589,51.03729883628297],[13.957968577691535,51.03729787756182]]]}},{"type":"Feature","id":"UUID_382b2991-fb8f-436e-a1a0-196a57b72f00","properties":{"id":"UUID_382b2991-fb8f-436e-a1a0-196a57b72f00","height_m":4.29,"ground_m":241.748,"height_source":"LoD1 solid top minus bottom","production":"2023","laser":"2017","footprints":"2020"},"geometry":{"type":"Polygon","coordinates":[[[13.953330526609612,51.03640652293322],[13.95336043981102,51.03640571172214],[13.9533585123247,51.036370982419285],[13.953328401531959,51.036371701932474],[13.953330526609612,51.03640652293322]]]}},{"type":"Feature","id":"UUID_4a360299-1974-4a3f-8e7e-34e3bc8f1ad9","properties":{"id":"UUID_4a360299-1974-4a3f-8e7e-34e3bc8f1ad9","height_m":3.07,"ground_m":241.748,"height_source":"LoD1 solid top minus bottom","production":"2023","laser":"2017","footprints":"2020"},"geometry":{"type":"Polygon","coordinates":[[[13.953255971761516,51.03640855297105],[13.953330526609612,51.03640652293322],[13.953328401531959,51.036371701932474],[13.953326102992548,51.0363344513336],[13.953326006984778,51.0363323821397],[13.953251659998282,51.03633405432594],[13.953255971761516,51.03640855297105]]]}},{"type":"Feature","id":"DESNATPU1000HEPV","properties":{"id":"DESNATPU1000HEPV","height_m":7.242,"ground_m":241.217,"height_source":"LoD1 solid top minus bottom","production":"2023","laser":"2017","footprints":"2020"},"geometry":{"type":"Polygon","coordinates":[[[13.953513892952731,51.03463353437557],[13.953539794061612,51.03475633762532],[13.953705407494434,51.03474244296224],[13.953679791142866,51.03461964229991],[13.953513892952731,51.03463353437557]]]}},{"type":"Feature","id":"DESNATPU1000C8aC","properties":{"id":"DESNATPU1000C8aC","height_m":7.899,"ground_m":246.531,"height_source":"LoD1 solid top minus bottom","production":"2023","laser":"2017","footprints":"2020"},"geometry":{"type":"Polygon","coordinates":[[[13.947965735835782,51.03588844126188],[13.947947511469094,51.03592860072993],[13.947943311042469,51.03593773552968],[13.948075324481929,51.035959247589],[13.94840602677454,51.03601186404146],[13.94842352331309,51.03596162606296],[13.948440959110588,51.03591154940464],[13.947988042837798,51.0358393077988],[13.947965735835782,51.03588844126188]]]}},{"type":"Feature","id":"DESNATPU1000Eh2p","properties":{"id":"DESNATPU1000Eh2p","height_m":8.259,"ground_m":244.599,"height_source":"LoD1 solid top minus bottom","production":"2023","laser":"2017","footprints":"2020"},"geometry":{"type":"Polygon","coordinates":[[[13.947801689227708,51.03623969631576],[13.94792965367098,51.036263690051506],[13.948020930915217,51.03607494440143],[13.948043821407907,51.036027758617976],[13.9480480687334,51.03602285083418],[13.947935281448938,51.03600259096886],[13.947882865474027,51.036112819937856],[13.947863834649562,51.03610923134639],[13.947801689227708,51.03623969631576]]]}},{"type":"Feature","id":"UUID_79f62672-4e3b-4787-9cd6-ac77f71a3e9e","properties":{"id":"UUID_79f62672-4e3b-4787-9cd6-ac77f71a3e9e","height_m":5.63,"ground_m":241.156,"height_source":"LoD1 solid top minus bottom","production":"2023","laser":"2017","footprints":"2020"},"geometry":{"type":"Polygon","coordinates":[[[13.952052213362713,51.036595820779404],[13.952055586076217,51.036546840499874],[13.952005736669967,51.036547499568734],[13.951996483254657,51.036594142948154],[13.952052213362713,51.036595820779404]]]}},{"type":"Feature","id":"UUID_7ecf0eb4-8cbe-410d-a30a-d6961cab6d30","properties":{"id":"UUID_7ecf0eb4-8cbe-410d-a30a-d6961cab6d30","height_m":5.008,"ground_m":241.156,"height_source":"LoD1 solid top minus bottom","production":"2023","laser":"2017","footprints":"2020"},"geometry":{"type":"Polygon","coordinates":[[[13.951881277500274,51.036500772085596],[13.951848916271427,51.03649818867709],[13.951836383588013,51.03656057592741],[13.951875265598304,51.03656367645584],[13.951881277500274,51.036500772085596]]]}},{"type":"Feature","id":"UUID_f13241a9-849b-433e-8f8b-fa93a3e00a1c","properties":{"id":"UUID_f13241a9-849b-433e-8f8b-fa93a3e00a1c","height_m":5.779,"ground_m":241.156,"height_source":"LoD1 solid top minus bottom","production":"2023","laser":"2017","footprints":"2020"},"geometry":{"type":"Polygon","coordinates":[[[13.951881277500274,51.036500772085596],[13.951875265598304,51.03656367645584],[13.951872708481867,51.03659040697253],[13.951996483254657,51.036594142948154],[13.952005736669967,51.036547499568734],[13.952012929709639,51.03651126031622],[13.951881277500274,51.036500772085596]]]}},{"type":"Feature","id":"DESNATPU1000IngZ","properties":{"id":"DESNATPU1000IngZ","height_m":10.55,"ground_m":248.868,"height_source":"LoD1 solid top minus bottom","production":"2023","laser":"2017","footprints":"2020"},"geometry":{"type":"Polygon","coordinates":[[[13.944956090064895,51.03577618221269],[13.94484969634409,51.035845005432364],[13.944919603533402,51.03588808246369],[13.945026001334698,51.03581907936245],[13.944956090064895,51.03577618221269]]]}},{"type":"Feature","id":"DESNATP14u0001cM","properties":{"id":"DESNATP14u0001cM","height_m":3.757,"ground_m":239.859,"height_source":"LoD1 solid top minus bottom","production":"2023","laser":"2017","footprints":"2020"},"geometry":{"type":"Polygon","coordinates":[[[13.952301448715115,51.0360725727986],[13.952339060485494,51.03615348510777],[13.952457619115053,51.03612536645242],[13.95240616969531,51.03604709990223],[13.952301448715115,51.0360725727986]]]}},{"type":"Feature","id":"DESNATPU1000Ccyp","properties":{"id":"DESNATPU1000Ccyp","height_m":5.496,"ground_m":249.171,"height_source":"LoD1 solid top minus bottom","production":"2023","laser":"2017","footprints":"2020"},"geometry":{"type":"Polygon","coordinates":[[[13.948751224578746,51.03723915416856],[13.948903730402918,51.037275507813945],[13.948937832873561,51.03721817096786],[13.948785626655335,51.03718119056822],[13.948751224578746,51.03723915416856]]]}},{"type":"Feature","id":"DESNATPU1000JUC6","properties":{"id":"DESNATPU1000JUC6","height_m":3.464,"ground_m":244.894,"height_source":"LoD1 solid top minus bottom","production":"2023","laser":"2017","footprints":"2020"},"geometry":{"type":"Polygon","coordinates":[[[13.9586630774062,51.03701027510143],[13.958651720087348,51.03695064187552],[13.958548136400053,51.03695853168067],[13.958559353001418,51.03701807373539],[13.958587839595504,51.03703892100431],[13.958649570575325,51.037033805679435],[13.9586630774062,51.03701027510143]]]}},{"type":"Feature","id":"DESNATP14u0001bo","properties":{"id":"DESNATP14u0001bo","height_m":2.789,"ground_m":241.659,"height_source":"LoD1 solid top minus bottom","production":"2023","laser":"2017","footprints":"2020"},"geometry":{"type":"Polygon","coordinates":[[[13.949911618236252,51.036787179529966],[13.949904529829178,51.036788428776426],[13.949930407915154,51.03685193435733],[13.949993479703036,51.03684179970728],[13.949970508897927,51.03678091917071],[13.949911618236252,51.036787179529966]]]}},{"type":"Feature","id":"UUID_47b5bd11-cbbc-4ad0-a1dd-ce82a84f8b24","properties":{"id":"UUID_47b5bd11-cbbc-4ad0-a1dd-ce82a84f8b24","height_m":2.627,"ground_m":241.312,"height_source":"LoD1 solid top minus bottom","production":"2023","laser":"2017","footprints":"2020"},"geometry":{"type":"Polygon","coordinates":[[[13.950429511142495,51.036597588569826],[13.950403768399436,51.03654385044913],[13.95039084285396,51.0365168550012],[13.95033869490909,51.036526449500556],[13.950321794983507,51.036529535092015],[13.950355997721468,51.03660021963412],[13.950361039493554,51.03661064256242],[13.950429511142495,51.036597588569826]]]}},{"type":"Feature","id":"UUID_da22284c-d416-4f2e-80e1-e77d53a2c9b7","properties":{"id":"UUID_da22284c-d416-4f2e-80e1-e77d53a2c9b7","height_m":7.673,"ground_m":241.312,"height_source":"LoD1 solid top minus bottom","production":"2023","laser":"2017","footprints":"2020"},"geometry":{"type":"Polygon","coordinates":[[[13.950501969738204,51.03649644131717],[13.95048802961369,51.03646574074458],[13.950474252501886,51.03643540134444],[13.950404373390585,51.03644763337315],[13.950374016310223,51.03645293621973],[13.950310578513378,51.03646414691722],[13.950324555408304,51.03649510863162],[13.950338681055403,51.036526431390605],[13.950463156589057,51.036503556722636],[13.950501969738204,51.03649644131717]]]}},{"type":"Feature","id":"UUID_98f3287c-944c-4866-9661-e8a9b1df0bde","properties":{"id":"UUID_98f3287c-944c-4866-9661-e8a9b1df0bde","height_m":2.889,"ground_m":241.312,"height_source":"LoD1 solid top minus bottom","production":"2023","laser":"2017","footprints":"2020"},"geometry":{"type":"Polygon","coordinates":[[[13.95039084285396,51.0365168550012],[13.950403768399436,51.03654385044913],[13.950475531923997,51.036530286431024],[13.95046315638593,51.03650356571358],[13.95039084285396,51.0365168550012]]]}},{"type":"Feature","id":"DESNATPU1000J0eM","properties":{"id":"DESNATPU1000J0eM","height_m":3.171,"ground_m":242.502,"height_source":"LoD1 solid top minus bottom","production":"2023","laser":"2017","footprints":"2020"},"geometry":{"type":"Polygon","coordinates":[[[13.9500834982152,51.036490074415866],[13.950050847282311,51.03649589613503],[13.950066584169914,51.03653164884829],[13.950099231062124,51.03652600694354],[13.9500834982152,51.036490074415866]]]}},{"type":"Feature","id":"UUID_4b707213-2c32-47b9-a7c5-67a3e1c1ad9f","properties":{"id":"UUID_4b707213-2c32-47b9-a7c5-67a3e1c1ad9f","height_m":4.332,"ground_m":246.848,"height_source":"LoD1 solid top minus bottom","production":"2023","laser":"2017","footprints":"2020"},"geometry":{"type":"Polygon","coordinates":[[[13.946279523810151,51.03539882657637],[13.946233997174334,51.03538753480632],[13.946200563056712,51.03541783567845],[13.946239767045062,51.03543497869203],[13.946279523810151,51.03539882657637]]]}},{"type":"Feature","id":"UUID_4f2ddc63-67ba-4dff-beee-ad0e9d9b921c","properties":{"id":"UUID_4f2ddc63-67ba-4dff-beee-ad0e9d9b921c","height_m":4.896,"ground_m":246.848,"height_source":"LoD1 solid top minus bottom","production":"2023","laser":"2017","footprints":"2020"},"geometry":{"type":"Polygon","coordinates":[[[13.945863458406018,51.03533716073489],[13.945876349470327,51.035319660198866],[13.945888474953378,51.03530321390147],[13.945849283719822,51.03529557623387],[13.945824292925014,51.03529067455755],[13.945803751171269,51.03528455402487],[13.945792508374034,51.03529981223916],[13.945782413726441,51.03531349808408],[13.945833136664346,51.03532834408381],[13.945863458406018,51.03533716073489]]]}},{"type":"Feature","id":"UUID_6cd59fb5-9924-4c22-9047-9f684489fe52","properties":{"id":"UUID_6cd59fb5-9924-4c22-9047-9f684489fe52","height_m":6.506,"ground_m":246.848,"height_source":"LoD1 solid top minus bottom","production":"2023","laser":"2017","footprints":"2020"},"geometry":{"type":"Polygon","coordinates":[[[13.946162934827058,51.03545194762026],[13.94606667546078,51.035411142646176],[13.946044195977644,51.03543133548747],[13.94601577594865,51.03545687939463],[13.946157307406867,51.03551768791814],[13.946185665887489,51.03549171176932],[13.946208140256962,51.035471114180694],[13.94616337159023,51.0354515558775],[13.946162934827058,51.03545194762026]]]}},{"type":"Feature","id":"UUID_284b5d52-6d34-457d-9505-e9ca9b9ee23d","properties":{"id":"UUID_284b5d52-6d34-457d-9505-e9ca9b9ee23d","height_m":6.505,"ground_m":246.848,"height_source":"LoD1 solid top minus bottom","production":"2023","laser":"2017","footprints":"2020"},"geometry":{"type":"Polygon","coordinates":[[[13.945863458406018,51.03533716073489],[13.945853540190578,51.03535061436554],[13.945921011323684,51.03536528766776],[13.94599779274986,51.03538198734234],[13.946007812717953,51.03538416403816],[13.9460317584778,51.03533706009822],[13.94603653572664,51.03532766078488],[13.945888474953378,51.03530321390147],[13.945863458406018,51.03533716073489]]]}},{"type":"Feature","id":"UUID_84fdca3d-b13f-450b-9846-3924bf0cdee8","properties":{"id":"UUID_84fdca3d-b13f-450b-9846-3924bf0cdee8","height_m":6.5,"ground_m":246.848,"height_source":"LoD1 solid top minus bottom","production":"2023","laser":"2017","footprints":"2020"},"geometry":{"type":"Polygon","coordinates":[[[13.945890781351633,51.03535871105737],[13.945853540190578,51.03535061436554],[13.945829759346893,51.035382899684826],[13.945826577346839,51.03538484938776],[13.9458642602905,51.03539547703947],[13.945893751780083,51.03540380058384],[13.945921011323684,51.03536528766776],[13.945890781351633,51.03535871105737]]]}},{"type":"Feature","id":"UUID_018a37ea-18e9-445c-9cb2-2f2e1a5c3b05","properties":{"id":"UUID_018a37ea-18e9-445c-9cb2-2f2e1a5c3b05","height_m":6.625,"ground_m":246.848,"height_source":"LoD1 solid top minus bottom","production":"2023","laser":"2017","footprints":"2020"},"geometry":{"type":"Polygon","coordinates":[[[13.94599895183954,51.03538244743489],[13.94606818966971,51.03540978041012],[13.94606667546078,51.035411142646176],[13.946162934827058,51.03545194762026],[13.94616337159023,51.0354515558775],[13.946200506630017,51.035417808191326],[13.946200563056712,51.03541783567845],[13.946204844104185,51.035413962432465],[13.946233997174334,51.03538753480632],[13.9460317584778,51.03533706009822],[13.946022786208403,51.035354712902],[13.946007812717953,51.03538416403816],[13.945997948789747,51.0353820247208],[13.94599895183954,51.03538244743489]]]}},{"type":"Feature","id":"DESNATPU1000GQLR","properties":{"id":"DESNATPU1000GQLR","height_m":3.087,"ground_m":260.098,"height_source":"LoD1 solid top minus bottom","production":"2023","laser":"2017","footprints":"2020"},"geometry":{"type":"Polygon","coordinates":[[[13.944999135127734,51.03618565157454],[13.944889882100044,51.03622333405973],[13.944866762379181,51.036230229592185],[13.944877898684606,51.03624229051604],[13.94490850910026,51.036232135291776],[13.94491887681291,51.03624412632289],[13.944939917599699,51.03626847984244],[13.945040396624831,51.03623404542386],[13.944999135127734,51.03618565157454]]]}},{"type":"Feature","id":"DESNATPU1000JGUi","properties":{"id":"DESNATPU1000JGUi","height_m":6.661,"ground_m":253.414,"height_source":"LoD1 solid top minus bottom","production":"2023","laser":"2017","footprints":"2020"},"geometry":{"type":"Polygon","coordinates":[[[13.945314288918034,51.03500693732311],[13.945280858136734,51.035059692894755],[13.945344106563407,51.035075641363214],[13.945378126034283,51.03502208173796],[13.945549859754655,51.03506544783247],[13.945591420687794,51.03500008574788],[13.945316019795165,51.034930694312465],[13.945274012383694,51.03499686161975],[13.945314288918034,51.03500693732311]]]}},{"type":"Feature","id":"DESNATPU1000HZTi","properties":{"id":"DESNATPU1000HZTi","height_m":3.0,"ground_m":246.688,"height_source":"LoD1 solid top minus bottom","production":"2023","laser":"2017","footprints":"2020"},"geometry":{"type":"Polygon","coordinates":[[[13.945679672812961,51.036032171989135],[13.945830770291948,51.03608002770062],[13.945866889955086,51.036034490444706],[13.945715645906711,51.035986813312114],[13.945679672812961,51.036032171989135]]]}},{"type":"Feature","id":"DESNATPU1000C0JV","properties":{"id":"DESNATPU1000C0JV","height_m":4.728,"ground_m":245.825,"height_source":"LoD1 solid top minus bottom","production":"2023","laser":"2017","footprints":"2020"},"geometry":{"type":"Polygon","coordinates":[[[13.947917318082325,51.03599595445768],[13.947936774623203,51.03599963680091],[13.947935281448938,51.03600259096886],[13.947995212133268,51.036013355272],[13.9480480687334,51.03602285083418],[13.948075324481929,51.035959247589],[13.948022632762465,51.035950661791894],[13.947943311042469,51.03593773552968],[13.947921958530868,51.035986284054836],[13.947917318082325,51.03599595445768]]]}},{"type":"Feature","id":"DESNATPU1000FRU6","properties":{"id":"DESNATPU1000FRU6","height_m":4.618,"ground_m":241.102,"height_source":"LoD1 solid top minus bottom","production":"2023","laser":"2017","footprints":"2020"},"geometry":{"type":"Polygon","coordinates":[[[13.950800961792483,51.036638558859366],[13.9508462508097,51.03662763459608],[13.950774140171184,51.03652016220092],[13.950729513383902,51.03653208158565],[13.950800961792483,51.036638558859366]]]}},{"type":"Feature","id":"UUID_1dfcf801-7a79-46f6-8273-fd21bbcc30d8","properties":{"id":"UUID_1dfcf801-7a79-46f6-8273-fd21bbcc30d8","height_m":5.953,"ground_m":247.27,"height_source":"LoD1 solid top minus bottom","production":"2023","laser":"2017","footprints":"2020"},"geometry":{"type":"Polygon","coordinates":[[[13.948230815212996,51.035828903231966],[13.948352039164433,51.035841891653284],[13.948356386510092,51.03576829805604],[13.948301775430258,51.03576197027946],[13.94825284036614,51.03575629607766],[13.948230815212996,51.035828903231966]]]}},{"type":"Feature","id":"UUID_eea34aa3-2852-44c4-9bc5-b814fad648a0","properties":{"id":"UUID_eea34aa3-2852-44c4-9bc5-b814fad648a0","height_m":3.752,"ground_m":247.27,"height_source":"LoD1 solid top minus bottom","production":"2023","laser":"2017","footprints":"2020"},"geometry":{"type":"Polygon","coordinates":[[[13.948305818219339,51.035716323441186],[13.948301775430258,51.03576197027946],[13.948356386510092,51.03576829805604],[13.94835937046425,51.03571775861849],[13.948305818219339,51.035716323441186]]]}},{"type":"Feature","id":"DESNATPU1000CQGC","properties":{"id":"DESNATPU1000CQGC","height_m":7.364,"ground_m":242.65,"height_source":"LoD1 solid top minus bottom","production":"2023","laser":"2017","footprints":"2020"},"geometry":{"type":"Polygon","coordinates":[[[13.958141425677468,51.03694267622224],[13.958131197951277,51.036813628962264],[13.958118122780569,51.03681408792498],[13.958008339942667,51.03681793819168],[13.95800963242611,51.036841708569405],[13.957967033086021,51.036842794538266],[13.95797785735145,51.03693187434677],[13.958014425132816,51.03693071660754],[13.958015269660631,51.036946479440616],[13.958141540048707,51.03694393622729],[13.958141425677468,51.03694267622224]]]}},{"type":"Feature","id":"DESNATPU1000Dfz1","properties":{"id":"DESNATPU1000Dfz1","height_m":2.54,"ground_m":241.926,"height_source":"LoD1 solid top minus bottom","production":"2023","laser":"2017","footprints":"2020"},"geometry":{"type":"Polygon","coordinates":[[[13.950404373390585,51.03644763337315],[13.9503970467861,51.0364310208925],[13.950366139631868,51.036435419520565],[13.950374016310223,51.03645293621973],[13.950404373390585,51.03644763337315]]]}},{"type":"Feature","id":"DESNATPU1000DXgX","properties":{"id":"DESNATPU1000DXgX","height_m":2.5,"ground_m":269.344,"height_source":"LoD1 solid top minus bottom","production":"2023","laser":"2017","footprints":"2020"},"geometry":{"type":"Polygon","coordinates":[[[13.945011621411968,51.03360717927744],[13.945001047565357,51.03360177808363],[13.945047373072692,51.033565236043465],[13.944990829204118,51.03353675806261],[13.94492678706862,51.03358725876361],[13.944984056162179,51.033615203756796],[13.944994772600573,51.03362060623945],[13.945011621411968,51.03360717927744]]]}},{"type":"Feature","id":"DESNATP14u0001cP","properties":{"id":"DESNATP14u0001cP","height_m":3.874,"ground_m":239.488,"height_source":"LoD1 solid top minus bottom","production":"2023","laser":"2017","footprints":"2020"},"geometry":{"type":"Polygon","coordinates":[[[13.954407486506893,51.03456050855793],[13.954329998452236,51.034587171170934],[13.954367672761778,51.03463182459795],[13.954444656922472,51.034606641256666],[13.954407486506893,51.03456050855793]]]}},{"type":"Feature","id":"DESNATPU1000Ek3m","properties":{"id":"DESNATPU1000Ek3m","height_m":7.391,"ground_m":242.43,"height_source":"LoD1 solid top minus bottom","production":"2023","laser":"2017","footprints":"2020"},"geometry":{"type":"Polygon","coordinates":[[[13.949939939180247,51.0364555113182],[13.949965021519752,51.03651320042325],[13.949992155536721,51.036574774843],[13.950078932866957,51.03655954741844],[13.950066584169914,51.03653164884829],[13.950050847282311,51.03649589613503],[13.950026425008035,51.036440551096355],[13.949939939180247,51.0364555113182]]]}},{"type":"Feature","id":"DESNATPU1000DJpZ","properties":{"id":"DESNATPU1000DJpZ","height_m":6.057,"ground_m":255.016,"height_source":"LoD1 solid top minus bottom","production":"2023","laser":"2017","footprints":"2020"},"geometry":{"type":"Polygon","coordinates":[[[13.945958552879333,51.03667143818542],[13.945947427376957,51.03656459376912],[13.945866624067296,51.03656791164716],[13.94587062375074,51.03660535761026],[13.945727351151312,51.03661485643946],[13.945737453733344,51.03665991138471],[13.945776991831755,51.03668373918252],[13.945958552879333,51.03667143818542]]]}},{"type":"Feature","id":"DESNATPU1000DhXg","properties":{"id":"DESNATPU1000DhXg","height_m":5.279,"ground_m":235.211,"height_source":"LoD1 solid top minus bottom","production":"2023","laser":"2017","footprints":"2020"},"geometry":{"type":"Polygon","coordinates":[[[13.959013877541897,51.034301905359094],[13.958797515593936,51.03409909757266],[13.95870555265916,51.03413794519021],[13.95884559228388,51.03425697110742],[13.958726089182294,51.034307254955195],[13.958811008821458,51.034387327723266],[13.959013877541897,51.034301905359094]]]}},{"type":"Feature","id":"DESNATPU1000ENj1","properties":{"id":"DESNATPU1000ENj1","height_m":2.876,"ground_m":244.742,"height_source":"LoD1 solid top minus bottom","production":"2023","laser":"2017","footprints":"2020"},"geometry":{"type":"Polygon","coordinates":[[[13.954879784602157,51.03776579487696],[13.954840106132389,51.0378810868193],[13.954922577930008,51.03789243584006],[13.95496225822827,51.03777705395936],[13.954879784602157,51.03776579487696]]]}},{"type":"Feature","id":"DESNATPU1000Cbpr","properties":{"id":"DESNATPU1000Cbpr","height_m":6.097,"ground_m":246.349,"height_source":"LoD1 solid top minus bottom","production":"2023","laser":"2017","footprints":"2020"},"geometry":{"type":"Polygon","coordinates":[[[13.958473316498864,51.038164512260735],[13.958384899192046,51.03816381413012],[13.958384854712625,51.03819124162315],[13.958384978102341,51.03820482177642],[13.958473266993067,51.03820488926966],[13.958473316498864,51.038164512260735]]]}},{"type":"Feature","id":"DESNATPU1000IAiw","properties":{"id":"DESNATPU1000IAiw","height_m":6.103,"ground_m":242.865,"height_source":"LoD1 solid top minus bottom","production":"2023","laser":"2017","footprints":"2020"},"geometry":{"type":"Polygon","coordinates":[[[13.955618278290292,51.037800094826025],[13.956065974590997,51.03782037192228],[13.956084490799812,51.03765650952076],[13.955636938671757,51.03763623377854],[13.955618278290292,51.037800094826025]]]}},{"type":"Feature","id":"DESNATP1Zw0000CM","properties":{"id":"DESNATP1Zw0000CM","height_m":3.507,"ground_m":254.021,"height_source":"LoD1 solid top minus bottom","production":"2023","laser":"2017","footprints":"2020"},"geometry":{"type":"Polygon","coordinates":[[[13.945244797534828,51.035992789184235],[13.945188728905705,51.035952040489754],[13.945124100528538,51.03598739218569],[13.945180169142716,51.03602814091085],[13.945244797534828,51.035992789184235]]]}},{"type":"Feature","id":"DESNATP1Zw0000CY","properties":{"id":"DESNATP1Zw0000CY","height_m":2.07,"ground_m":242.736,"height_source":"LoD1 solid top minus bottom","production":"2023","laser":"2017","footprints":"2020"},"geometry":{"type":"Polygon","coordinates":[[[13.958111963762773,51.0367809037113],[13.958108744398611,51.036738114468],[13.957994414533717,51.03673803031868],[13.957997192015439,51.036782074610706],[13.958111963762773,51.0367809037113]]]}},{"type":"Feature","id":"DESNATP1Zw0000CD","properties":{"id":"DESNATP1Zw0000CD","height_m":2.572,"ground_m":241.126,"height_source":"LoD1 solid top minus bottom","production":"2023","laser":"2017","footprints":"2020"},"geometry":{"type":"Polygon","coordinates":[[[13.9508462508097,51.03662763459608],[13.950800961792483,51.036638558859366],[13.950818893065787,51.036668117175026],[13.950864354446523,51.036657140495684],[13.950858378999943,51.03664763546117],[13.9508462508097,51.03662763459608]]]}},{"type":"Feature","id":"UUID_c29fe1b4-0345-4e7e-89e4-8a4a82233910","properties":{"id":"UUID_c29fe1b4-0345-4e7e-89e4-8a4a82233910","height_m":2.523,"ground_m":247.969,"height_source":"LoD1 solid top minus bottom","production":"2023","laser":"2017","footprints":"2020"},"geometry":{"type":"Polygon","coordinates":[[[13.945706523386317,51.03620967055573],[13.945639478139737,51.03622519867005],[13.945673795165286,51.036284240014695],[13.945740711739093,51.03626872870528],[13.94573564735089,51.0362599780232],[13.945720920873654,51.03623453054166],[13.945706523386317,51.03620967055573]]]}},{"type":"Feature","id":"UUID_53f160ff-3d57-48b3-be37-bb7865f07949","properties":{"id":"UUID_53f160ff-3d57-48b3-be37-bb7865f07949","height_m":2.25,"ground_m":247.969,"height_source":"LoD1 solid top minus bottom","production":"2023","laser":"2017","footprints":"2020"},"geometry":{"type":"Polygon","coordinates":[[[13.945783346923962,51.036253483919396],[13.945770411158707,51.03622517491514],[13.945720920873654,51.03623453054166],[13.94573564735089,51.0362599780232],[13.945783346923962,51.036253483919396]]]}},{"type":"Feature","id":"DESNATPU1000GjP2","properties":{"id":"DESNATPU1000GjP2","height_m":7.915,"ground_m":244.248,"height_source":"LoD1 solid top minus bottom","production":"2023","laser":"2017","footprints":"2020"},"geometry":{"type":"Polygon","coordinates":[[[13.94828415924501,51.03606508357691],[13.948205013086424,51.03631023329188],[13.94830414009035,51.0363228160372],[13.948383285749243,51.036077666252645],[13.94828415924501,51.03606508357691]]]}},{"type":"Feature","id":"DESNATPU1000GoSR","properties":{"id":"DESNATPU1000GoSR","height_m":5.714,"ground_m":241.774,"height_source":"LoD1 solid top minus bottom","production":"2023","laser":"2017","footprints":"2020"},"geometry":{"type":"Polygon","coordinates":[[[13.950835927315637,51.03609575517509],[13.950794091007403,51.0359841391371],[13.95073312482806,51.03599330391936],[13.95064339888013,51.03600652694267],[13.95065460743949,51.03604071014658],[13.950683666259435,51.03611812894727],[13.950835927315637,51.03609575517509]]]}},{"type":"Feature","id":"DESNATPU1000EbMH","properties":{"id":"DESNATPU1000EbMH","height_m":7.504,"ground_m":252.852,"height_source":"LoD1 solid top minus bottom","production":"2023","laser":"2017","footprints":"2020"},"geometry":{"type":"Polygon","coordinates":[[[13.947034458638537,51.035467231890436],[13.947261618603651,51.0355761125329],[13.94734055015293,51.035510546926936],[13.947176594961318,51.035432181788764],[13.947126225985183,51.03540798709137],[13.947112819933606,51.035401661298344],[13.947034458638537,51.035467231890436]]]}},{"type":"Feature","id":"UUID_f6bf14fe-0cbb-479e-abed-8caad687deb6","properties":{"id":"UUID_f6bf14fe-0cbb-479e-abed-8caad687deb6","height_m":2.609,"ground_m":241.809,"height_source":"LoD1 solid top minus bottom","production":"2023","laser":"2017","footprints":"2020"},"geometry":{"type":"Polygon","coordinates":[[[13.953786536538734,51.03443949286083],[13.953786537146144,51.034439465887985],[13.953740346738572,51.034446210575595],[13.953750407734255,51.034482037878654],[13.953750865046779,51.034481997009294],[13.953756414669073,51.034503458455205],[13.953800964462527,51.034502436453224],[13.953786536538734,51.03443949286083]]]}},{"type":"Feature","id":"UUID_a96e5ea0-8e3b-4256-b693-09edaef3c477","properties":{"id":"UUID_a96e5ea0-8e3b-4256-b693-09edaef3c477","height_m":2.57,"ground_m":241.809,"height_source":"LoD1 solid top minus bottom","production":"2023","laser":"2017","footprints":"2020"},"geometry":{"type":"Polygon","coordinates":[[[13.953692777336967,51.03444769112658],[13.953697185443334,51.03448627356056],[13.953750407734255,51.034482037878654],[13.953740346738572,51.034446210575595],[13.953692777336967,51.03444769112658]]]}},{"type":"Feature","id":"UUID_4cc1dab2-f40c-407b-b33a-cb898c715d68","properties":{"id":"UUID_4cc1dab2-f40c-407b-b33a-cb898c715d68","height_m":2.983,"ground_m":241.809,"height_source":"LoD1 solid top minus bottom","production":"2023","laser":"2017","footprints":"2020"},"geometry":{"type":"Polygon","coordinates":[[[13.953740346738572,51.034446210575595],[13.953786537146144,51.034439465887985],[13.953786536538734,51.03443949286083],[13.953856953271686,51.03442917908794],[13.95384988159162,51.03440817164408],[13.95373860805518,51.03442335340069],[13.953740346738572,51.034446210575595]]]}},{"type":"Feature","id":"DESNATP14u0001bt","properties":{"id":"DESNATP14u0001bt","height_m":3.999,"ground_m":240.216,"height_source":"LoD1 solid top minus bottom","production":"2023","laser":"2017","footprints":"2020"},"geometry":{"type":"Polygon","coordinates":[[[13.956708660932978,51.037870661487275],[13.956691638780866,51.037755348332894],[13.956591901668705,51.03776016825123],[13.956605914623049,51.037875454553046],[13.956708660932978,51.037870661487275]]]}},{"type":"Feature","id":"UUID_f9dc94b5-fcb9-463c-a3dd-dfd1043b0917","properties":{"id":"UUID_f9dc94b5-fcb9-463c-a3dd-dfd1043b0917","height_m":8.733,"ground_m":241.073,"height_source":"LoD1 solid top minus bottom","production":"2023","laser":"2017","footprints":"2020"},"geometry":{"type":"Polygon","coordinates":[[[13.952586802119546,51.035341348735955],[13.952722225907607,51.03528372286171],[13.95264343943957,51.035210355263956],[13.952508360636505,51.035267867233756],[13.952586802119546,51.035341348735955]]]}},{"type":"Feature","id":"UUID_6e4592e0-5005-46a7-a4c5-3f276d99c5fe","properties":{"id":"UUID_6e4592e0-5005-46a7-a4c5-3f276d99c5fe","height_m":7.244,"ground_m":241.073,"height_source":"LoD1 solid top minus bottom","production":"2023","laser":"2017","footprints":"2020"},"geometry":{"type":"Polygon","coordinates":[[[13.952471626196877,51.035233455392415],[13.952286577564907,51.03531219170814],[13.952401810894488,51.03542005876977],[13.952586802119546,51.035341348735955],[13.952471626196877,51.035233455392415]]]}},{"type":"Feature","id":"DESNATPU1000EzWK","properties":{"id":"DESNATPU1000EzWK","height_m":7.359,"ground_m":240.46,"height_source":"LoD1 solid top minus bottom","production":"2023","laser":"2017","footprints":"2020"},"geometry":{"type":"Polygon","coordinates":[[[13.952560867177562,51.03634234292959],[13.952086121218588,51.03633952552023],[13.952084846649148,51.0364276431102],[13.95255959756285,51.036430280711194],[13.952560867177562,51.03634234292959]]]}},{"type":"Feature","id":"UUID_0cb3f439-c6bc-4c16-96b0-ee03a8fc0577","properties":{"id":"UUID_0cb3f439-c6bc-4c16-96b0-ee03a8fc0577","height_m":2.46,"ground_m":246.259,"height_source":"LoD1 solid top minus bottom","production":"2023","laser":"2017","footprints":"2020"},"geometry":{"type":"Polygon","coordinates":[[[13.950383869185048,51.03541714883391],[13.950445083303556,51.0354096051587],[13.950452123343306,51.035407330270864],[13.950452992451607,51.03540863303406],[13.950453164176757,51.03540860759811],[13.950425793361735,51.035366986080014],[13.950374834848926,51.035387751291026],[13.950383869185048,51.03541714883391]]]}},{"type":"Feature","id":"UUID_2f344558-f624-4eb6-80f9-2db8eee3d850","properties":{"id":"UUID_2f344558-f624-4eb6-80f9-2db8eee3d850","height_m":2.477,"ground_m":246.259,"height_source":"LoD1 solid top minus bottom","production":"2023","laser":"2017","footprints":"2020"},"geometry":{"type":"Polygon","coordinates":[[[13.950491804071413,51.035349143788096],[13.950425793361735,51.035366986080014],[13.950453164176757,51.03540860759811],[13.950452992451607,51.03540863303406],[13.95046136856497,51.03542108230003],[13.950528381575923,51.035403069134205],[13.950491804071413,51.035349143788096]]]}},{"type":"Feature","id":"DESNATPU1000CMzX","properties":{"id":"DESNATPU1000CMzX","height_m":4.36,"ground_m":252.938,"height_source":"LoD1 solid top minus bottom","production":"2023","laser":"2017","footprints":"2020"},"geometry":{"type":"Polygon","coordinates":[[[13.946806763617705,51.03705545974414],[13.946811978203877,51.03709597415693],[13.946918756583907,51.03706051576786],[13.946941908623893,51.037089950868165],[13.94704438847176,51.03705535290493],[13.946995301593061,51.0369934001265],[13.946806763617705,51.03705545974414]]]}},{"type":"Feature","id":"UUID_9caf1d56-6772-4b12-9185-838141f3bef9","properties":{"id":"UUID_9caf1d56-6772-4b12-9185-838141f3bef9","height_m":5.088,"ground_m":247.813,"height_source":"LoD1 solid top minus bottom","production":"2023","laser":"2017","footprints":"2020"},"geometry":{"type":"Polygon","coordinates":[[[13.948677421929197,51.037008725261074],[13.948619727248493,51.0369993033669],[13.948599678699704,51.03704696446255],[13.948657511967085,51.03705656746838],[13.948657682478396,51.03705659598068],[13.948677478766246,51.03700873476518],[13.948677421929197,51.037008725261074]]]}},{"type":"Feature","id":"UUID_4ed66675-201d-4ae8-bbf9-27e0673ec619","properties":{"id":"UUID_4ed66675-201d-4ae8-bbf9-27e0673ec619","height_m":6.024,"ground_m":247.813,"height_source":"LoD1 solid top minus bottom","production":"2023","laser":"2017","footprints":"2020"},"geometry":{"type":"Polygon","coordinates":[[[13.948642657312314,51.03722765593797],[13.948648953856821,51.03721413352191],[13.948648983598115,51.03721407983294],[13.948596241854867,51.03720511615518],[13.948590674585734,51.03721792570926],[13.948642657312314,51.03722765593797]]]}},{"type":"Feature","id":"UUID_cd8a1c74-bc9e-4254-874a-33abd31db37c","properties":{"id":"UUID_cd8a1c74-bc9e-4254-874a-33abd31db37c","height_m":8.74,"ground_m":247.813,"height_source":"LoD1 solid top minus bottom","production":"2023","laser":"2017","footprints":"2020"},"geometry":{"type":"Polygon","coordinates":[[[13.94881953736189,51.03697475210201],[13.948761337246209,51.03696434552048],[13.94870035275501,51.03695344623739],[13.948693111126314,51.036970916967974],[13.948677421929197,51.037008725261074],[13.948677478766246,51.03700873476518],[13.948657682478396,51.03705659598068],[13.948657511967085,51.03705656746838],[13.948596241854867,51.03720511615518],[13.948648983598115,51.03721407983294],[13.948648953856821,51.03721413352191],[13.948657948002893,51.03721565328059],[13.948716871388681,51.037225625773786],[13.948816522577594,51.03698191918969],[13.94881953736189,51.03697475210201]]]}},{"type":"Feature","id":"UUID_42c7d887-05fd-4d3d-9d35-b273fa13de94","properties":{"id":"UUID_42c7d887-05fd-4d3d-9d35-b273fa13de94","height_m":8.05,"ground_m":245.835,"height_source":"LoD1 solid top minus bottom","production":"2023","laser":"2017","footprints":"2020"},"geometry":{"type":"Polygon","coordinates":[[[13.945889528136865,51.0355937165992],[13.94585320824866,51.03562546615407],[13.945899374358936,51.03564629616753],[13.945899345227518,51.035646322883046],[13.945940795352334,51.035665050997515],[13.945940737089524,51.03566510442857],[13.946018669422287,51.03570024962982],[13.9460550554751,51.03566809594656],[13.946089694823149,51.035637491239434],[13.94592407279902,51.035563515760835],[13.945889528136865,51.0355937165992]]]}},{"type":"Feature","id":"UUID_1b3f52bf-17f2-492d-8193-e1867aa229d6","properties":{"id":"UUID_1b3f52bf-17f2-492d-8193-e1867aa229d6","height_m":5.389,"ground_m":245.835,"height_source":"LoD1 solid top minus bottom","production":"2023","laser":"2017","footprints":"2020"},"geometry":{"type":"Polygon","coordinates":[[[13.945899345227518,51.035646322883046],[13.945880891203661,51.03566258619572],[13.94592225802109,51.03568121464485],[13.945940737089524,51.03566510442857],[13.945940795352334,51.035665050997515],[13.945899345227518,51.035646322883046]]]}},{"type":"Feature","id":"DESNATPU1000EV4F","properties":{"id":"DESNATPU1000EV4F","height_m":3.486,"ground_m":240.041,"height_source":"LoD1 solid top minus bottom","production":"2023","laser":"2017","footprints":"2020"},"geometry":{"type":"Polygon","coordinates":[[[13.95213303620202,51.03615658389342],[13.952140635212599,51.03626231693174],[13.952367544328222,51.036256527682376],[13.952368627051673,51.036208516065756],[13.952339060485494,51.03615348510777],[13.95213303620202,51.03615658389342]]]}},{"type":"Feature","id":"DESNATPU1000CLHw","properties":{"id":"DESNATPU1000CLHw","height_m":4.92,"ground_m":252.594,"height_source":"LoD1 solid top minus bottom","production":"2023","laser":"2017","footprints":"2020"},"geometry":{"type":"Polygon","coordinates":[[[13.947593433531216,51.035623525522034],[13.94762565027364,51.035624265295],[13.94774152679938,51.03564662161613],[13.9477539907655,51.03549934249721],[13.947622677592504,51.03549735066659],[13.94760784957973,51.03549712720267],[13.947593433531216,51.035623525522034]]]}},{"type":"Feature","id":"DESNATP14u0001eB","properties":{"id":"DESNATP14u0001eB","height_m":6.377,"ground_m":235.052,"height_source":"LoD1 solid top minus bottom","production":"2023","laser":"2017","footprints":"2020"},"geometry":{"type":"Polygon","coordinates":[[[13.958895802886072,51.033807295018505],[13.95888875111312,51.03379739411631],[13.958879082813812,51.0337884231343],[13.958867091790538,51.033780636486625],[13.958853128881634,51.033774289095625],[13.958837646350757,51.03376956484527],[13.958821083007582,51.033766611528826],[13.958803964626735,51.033765514765356],[13.95878680393229,51.0337663061013],[13.958770114857252,51.03376896313772],[13.958754426803054,51.033773409657215],[13.958740185027038,51.03377950574355],[13.95872784985246,51.03378707564393],[13.95871778340115,51.03379587078851],[13.958710290759011,51.03380564209927],[13.958705607127312,51.03381607692604],[13.958703867692012,51.03382687072005],[13.958705122688738,51.03383769119704],[13.958709336596426,51.03384821430116],[13.958716388540049,51.03385810622293],[13.958726056620536,51.03386708620918],[13.958738047843566,51.033874863880236],[13.95875201076657,51.03388121128497],[13.958767493325613,51.033885935546735],[13.958784056707701,51.03388888887093],[13.95880117513345,51.03388998563758],[13.958818335873397,51.033889194299796],[13.958835024989067,51.03388653725678],[13.958850713074073,51.033882090726735],[13.958864954867426,51.03387599462714],[13.958877289842219,51.03386843370337],[13.958887356480938,51.0338596295541],[13.958894848893399,51.03384986722287],[13.958899532687697,51.03383942339738],[13.958901272078094,51.03382862960023],[13.958900017035868,51.033817809125054],[13.958895802886072,51.033807295018505]]]}},{"type":"Feature","id":"DESNATPU1000HHXb","properties":{"id":"DESNATPU1000HHXb","height_m":7.662,"ground_m":242.539,"height_source":"LoD1 solid top minus bottom","production":"2023","laser":"2017","footprints":"2020"},"geometry":{"type":"Polygon","coordinates":[[[13.957947607408613,51.03694832213496],[13.957947258260193,51.036944811847974],[13.957945512564747,51.03697431049582],[13.957943814345427,51.03700296424811],[13.958145831716001,51.03699424397655],[13.958141540048707,51.03694393622729],[13.958015269660631,51.036946479440616],[13.957988140535072,51.036947154799655],[13.957947607408613,51.03694832213496]]]}},{"type":"Feature","id":"UUID_350d1157-10e6-4e4f-97cc-ae0f1e2d5e93","properties":{"id":"UUID_350d1157-10e6-4e4f-97cc-ae0f1e2d5e93","height_m":6.964,"ground_m":241.447,"height_source":"LoD1 solid top minus bottom","production":"2023","laser":"2017","footprints":"2020"},"geometry":{"type":"Polygon","coordinates":[[[13.948570646113662,51.03684752264372],[13.948582722988965,51.0368067322379],[13.948490965947197,51.03679616747785],[13.948465714978745,51.03679326042245],[13.948448107770645,51.03685404591109],[13.948434693896578,51.03690033683297],[13.948551033569798,51.036913730722965],[13.948570646113662,51.03684752264372]]]}},{"type":"Feature","id":"UUID_623827c7-e9b7-43d9-8d68-c88c936acf28","properties":{"id":"UUID_623827c7-e9b7-43d9-8d68-c88c936acf28","height_m":6.81,"ground_m":241.447,"height_source":"LoD1 solid top minus bottom","production":"2023","laser":"2017","footprints":"2020"},"geometry":{"type":"Polygon","coordinates":[[[13.948615784030194,51.03681053686944],[13.948627047470378,51.03677165459803],[13.94850221522796,51.036757285090665],[13.948490965947197,51.03679616747785],[13.948615784030194,51.03681053686944]]]}},{"type":"Feature","id":"UUID_5d7c4885-4ecb-49ee-83b7-abeb3eb56608","properties":{"id":"UUID_5d7c4885-4ecb-49ee-83b7-abeb3eb56608","height_m":4.303,"ground_m":241.447,"height_source":"LoD1 solid top minus bottom","production":"2023","laser":"2017","footprints":"2020"},"geometry":{"type":"Polygon","coordinates":[[[13.948434693896578,51.03690033683297],[13.948448107770645,51.03685404591109],[13.948409740524644,51.036849626939116],[13.948396326613752,51.036895917856405],[13.948434693896578,51.03690033683297]]]}},{"type":"Feature","id":"UUID_cbec898a-42f4-4917-bfbc-ad06146c7770","properties":{"id":"UUID_cbec898a-42f4-4917-bfbc-ad06146c7770","height_m":5.213,"ground_m":241.447,"height_source":"LoD1 solid top minus bottom","production":"2023","laser":"2017","footprints":"2020"},"geometry":{"type":"Polygon","coordinates":[[[13.948615784030194,51.03681053686944],[13.948582722988965,51.0368067322379],[13.948570646113662,51.03684752264372],[13.948604365353484,51.036849975293926],[13.948615784030194,51.03681053686944]]]}}]}